site,longitude,latitude,h5,h6,h7,h8,h9,h10,h11,h12,h13,h14,h15,h16,h17,h18,h19,h20,h21
Hoan Kiem lake,105.8421707,21.0222977,61.32,61.32,61.32,61.32,61.32,61.32,61.32,61.32,61.32,61.32,61.32,61.32,61.32,61.32,61.32,61.32,61.32
Hoan Kiem lake,105.8425556,21.0222958,60.07,60.07,60.07,60.07,60.07,60.07,60.07,60.07,60.07,60.07,60.07,60.07,60.07,60.07,60.07,60.07,60.07
Hoan Kiem lake,105.8429405,21.0222939,61.02,61.02,61.02,61.02,61.02,61.02,61.02,61.02,61.02,61.02,61.02,61.02,61.02,61.02,61.02,61.02,61.02
Hoan Kiem lake,105.8433254,21.022292,68.96,68.96,68.96,68.96,68.96,68.96,68.96,68.96,68.96,68.96,68.96,68.96,68.96,68.96,68.96,68.96,68.96
Hoan Kiem lake,105.8437103,21.0222901,61.06,61.06,61.06,61.06,61.06,61.06,61.06,61.06,61.06,61.06,61.06,61.06,61.06,61.06,61.06,61.06,61.06
Hoan Kiem lake,105.8440952,21.0222882,59.09,59.09,59.09,59.09,59.09,59.09,59.09,59.09,59.09,59.09,59.09,59.09,59.09,59.09,59.09,59.09,59.09
Hoan Kiem lake,105.8444801,21.0222863,59.74,59.74,59.74,59.74,59.74,59.74,59.74,59.74,59.74,59.74,59.74,59.74,59.74,59.74,59.74,59.74,59.74
Hoan Kiem lake,105.844865,21.0222843,62.43,62.43,62.43,62.43,62.43,62.43,62.43,62.43,62.43,62.43,62.43,62.43,62.43,62.43,62.43,62.43,62.43
Hoan Kiem lake,105.8452499,21.0222824,67.48,67.48,67.48,67.48,67.48,67.48,67.48,67.48,67.48,67.48,67.48,67.48,67.48,67.48,67.48,67.48,67.48
Hoan Kiem lake,105.8456348,21.0222805,61.9,61.9,61.9,61.9,61.9,61.9,61.9,61.9,61.9,61.9,61.9,61.9,61.9,61.9,61.9,61.9,61.9
Hoan Kiem lake,105.8460197,21.0222786,61.83,61.83,61.83,61.83,61.83,61.83,61.83,61.83,61.83,61.83,61.83,61.83,61.83,61.83,61.83,61.83,61.83
Hoan Kiem lake,105.8464046,21.0222767,62.73,62.73,62.73,62.73,62.73,62.73,62.73,62.73,62.73,62.73,62.73,62.73,62.73,62.73,62.73,62.73,62.73
Hoan Kiem lake,105.8467894,21.0222748,63.15,63.15,63.15,63.15,63.15,63.15,63.15,63.15,63.15,63.15,63.15,63.15,63.15,63.15,63.15,63.15,63.15
Hoan Kiem lake,105.8471743,21.0222729,64.49,64.49,64.49,64.49,64.49,64.49,64.49,64.49,64.49,64.49,64.49,64.49,64.49,64.49,64.49,64.49,64.49
Hoan Kiem lake,105.8475592,21.0222709,67.9,67.9,67.9,67.9,67.9,67.9,67.9,67.9,67.9,67.9,67.9,67.9,67.9,67.9,67.9,67.9,67.9
Hoan Kiem lake,105.8479441,21.022269,70.02,70.02,70.02,70.02,70.02,70.02,70.02,70.02,70.02,70.02,70.02,70.02,70.02,70.02,70.02,70.02,70.02
Hoan Kiem lake,105.848329,21.0222671,66.21,66.21,66.21,66.21,66.21,66.21,66.21,66.21,66.21,66.21,66.21,66.21,66.21,66.21,66.21,66.21,66.21
Hoan Kiem lake,105.8487139,21.0222652,69.73,69.73,69.73,69.73,69.73,69.73,69.73,69.73,69.73,69.73,69.73,69.73,69.73,69.73,69.73,69.73,69.73
Hoan Kiem lake,105.8490988,21.0222633,65.26,65.26,65.26,65.26,65.26,65.26,65.26,65.26,65.26,65.26,65.26,65.26,65.26,65.26,65.26,65.26,65.26
Hoan Kiem lake,105.8494837,21.0222613,67.64,67.64,67.64,67.64,67.64,67.64,67.64,67.64,67.64,67.64,67.64,67.64,67.64,67.64,67.64,67.64,67.64
Hoan Kiem lake,105.8498686,21.0222594,62.82,62.82,62.82,62.82,62.82,62.82,62.82,62.82,62.82,62.82,62.82,62.82,62.82,62.82,62.82,62.82,62.82
Hoan Kiem lake,105.8502535,21.0222575,63.99,63.99,63.99,63.99,63.99,63.99,63.99,63.99,63.99,63.99,63.99,63.99,63.99,63.99,63.99,63.99,63.99
Hoan Kiem lake,105.8506384,21.0222556,66.13,66.13,66.13,66.13,66.13,66.13,66.13,66.13,66.13,66.13,66.13,66.13,66.13,66.13,66.13,66.13,66.13
Hoan Kiem lake,105.8510233,21.0222536,61.93,61.93,61.93,61.93,61.93,61.93,61.93,61.93,61.93,61.93,61.93,61.93,61.93,61.93,61.93,61.93,61.93
Hoan Kiem lake,105.8514082,21.0222517,62.42,62.42,62.42,62.42,62.42,62.42,62.42,62.42,62.42,62.42,62.42,62.42,62.42,62.42,62.42,62.42,62.42
Hoan Kiem lake,105.8517931,21.0222498,63.88,63.88,63.88,63.88,63.88,63.88,63.88,63.88,63.88,63.88,63.88,63.88,63.88,63.88,63.88,63.88,63.88
Hoan Kiem lake,105.852178,21.0222479,64.02,64.02,64.02,64.02,64.02,64.02,64.02,64.02,64.02,64.02,64.02,64.02,64.02,64.02,64.02,64.02,64.02
Hoan Kiem lake,105.8525628,21.0222459,71.84,71.84,71.84,71.84,71.84,71.84,71.84,71.84,71.84,71.84,71.84,71.84,71.84,71.84,71.84,71.84,71.84
Hoan Kiem lake,105.8529477,21.022244,65.26,65.26,65.26,65.26,65.26,65.26,65.26,65.26,65.26,65.26,65.26,65.26,65.26,65.26,65.26,65.26,65.26
Hoan Kiem lake,105.8533326,21.0222421,62.94,62.94,62.94,62.94,62.94,62.94,62.94,62.94,62.94,62.94,62.94,62.94,62.94,62.94,62.94,62.94,62.94
Hoan Kiem lake,105.8537175,21.0222401,64.51,64.51,64.51,64.51,64.51,64.51,64.51,64.51,64.51,64.51,64.51,64.51,64.51,64.51,64.51,64.51,64.51
Hoan Kiem lake,105.8541024,21.0222382,68.97,68.97,68.97,68.97,68.97,68.97,68.97,68.97,68.97,68.97,68.97,68.97,68.97,68.97,68.97,68.97,68.97
Hoan Kiem lake,105.8544873,21.0222363,67.14,67.14,67.14,67.14,67.14,67.14,67.14,67.14,67.14,67.14,67.14,67.14,67.14,67.14,67.14,67.14,67.14
Hoan Kiem lake,105.8548722,21.0222343,64.61,64.61,64.61,64.61,64.61,64.61,64.61,64.61,64.61,64.61,64.61,64.61,64.61,64.61,64.61,64.61,64.61
Hoan Kiem lake,105.8552571,21.0222324,62.92,62.92,62.92,62.92,62.92,62.92,62.92,62.92,62.92,62.92,62.92,62.92,62.92,62.92,62.92,62.92,62.92
Hoan Kiem lake,105.855642,21.0222305,61.02,61.02,61.02,61.02,61.02,61.02,61.02,61.02,61.02,61.02,61.02,61.02,61.02,61.02,61.02,61.02,61.02
Hoan Kiem lake,105.8560269,21.0222285,62.57,62.57,62.57,62.57,62.57,62.57,62.57,62.57,62.57,62.57,62.57,62.57,62.57,62.57,62.57,62.57,62.57
Hoan Kiem lake,105.8564118,21.0222266,65.78,65.78,65.78,65.78,65.78,65.78,65.78,65.78,65.78,65.78,65.78,65.78,65.78,65.78,65.78,65.78,65.78
Hoan Kiem lake,105.8567967,21.0222247,61.96,61.96,61.96,61.96,61.96,61.96,61.96,61.96,61.96,61.96,61.96,61.96,61.96,61.96,61.96,61.96,61.96
Hoan Kiem lake,105.8571816,21.0222227,62.85,62.85,62.85,62.85,62.85,62.85,62.85,62.85,62.85,62.85,62.85,62.85,62.85,62.85,62.85,62.85,62.85
Hoan Kiem lake,105.8575665,21.0222208,65.24,65.24,65.24,65.24,65.24,65.24,65.24,65.24,65.24,65.24,65.24,65.24,65.24,65.24,65.24,65.24,65.24
Hoan Kiem lake,105.8421727,21.0226591,60.21,60.21,60.21,60.21,60.21,60.21,60.21,60.21,60.21,60.21,60.21,60.21,60.21,60.21,60.21,60.21,60.21
Hoan Kiem lake,105.8425576,21.0226572,59.23,59.23,59.23,59.23,59.23,59.23,59.23,59.23,59.23,59.23,59.23,59.23,59.23,59.23,59.23,59.23,59.23
Hoan Kiem lake,105.8429425,21.0226553,60.43,60.43,60.43,60.43,60.43,60.43,60.43,60.43,60.43,60.43,60.43,60.43,60.43,60.43,60.43,60.43,60.43
Hoan Kiem lake,105.8433274,21.0226534,65.16,65.16,65.16,65.16,65.16,65.16,65.16,65.16,65.16,65.16,65.16,65.16,65.16,65.16,65.16,65.16,65.16
Hoan Kiem lake,105.8437123,21.0226515,62.52,62.52,62.52,62.52,62.52,62.52,62.52,62.52,62.52,62.52,62.52,62.52,62.52,62.52,62.52,62.52,62.52
Hoan Kiem lake,105.8440972,21.0226496,59.71,59.71,59.71,59.71,59.71,59.71,59.71,59.71,59.71,59.71,59.71,59.71,59.71,59.71,59.71,59.71,59.71
Hoan Kiem lake,105.8444821,21.0226476,60.27,60.27,60.27,60.27,60.27,60.27,60.27,60.27,60.27,60.27,60.27,60.27,60.27,60.27,60.27,60.27,60.27
Hoan Kiem lake,105.844867,21.0226457,62.04,62.04,62.04,62.04,62.04,62.04,62.04,62.04,62.04,62.04,62.04,62.04,62.04,62.04,62.04,62.04,62.04
Hoan Kiem lake,105.8452519,21.0226438,69.44,69.44,69.44,69.44,69.44,69.44,69.44,69.44,69.44,69.44,69.44,69.44,69.44,69.44,69.44,69.44,69.44
Hoan Kiem lake,105.8456368,21.0226419,64.5,64.5,64.5,64.5,64.5,64.5,64.5,64.5,64.5,64.5,64.5,64.5,64.5,64.5,64.5,64.5,64.5
Hoan Kiem lake,105.8460217,21.02264,66.0,66.0,66.0,66.0,66.0,66.0,66.0,66.0,66.0,66.0,66.0,66.0,66.0,66.0,66.0,66.0,66.0
Hoan Kiem lake,105.8464066,21.0226381,70.88,70.88,70.88,70.88,70.88,70.88,70.88,70.88,70.88,70.88,70.88,70.88,70.88,70.88,70.88,70.88,70.88
Hoan Kiem lake,105.8467915,21.0226362,69.07,69.07,69.07,69.07,69.07,69.07,69.07,69.07,69.07,69.07,69.07,69.07,69.07,69.07,69.07,69.07,69.07
Hoan Kiem lake,105.8471764,21.0226342,64.84,64.84,64.84,64.84,64.84,64.84,64.84,64.84,64.84,64.84,64.84,64.84,64.84,64.84,64.84,64.84,64.84
Hoan Kiem lake,105.8475613,21.0226323,63.02,63.02,63.02,63.02,63.02,63.02,63.02,63.02,63.02,63.02,63.02,63.02,63.02,63.02,63.02,63.02,63.02
Hoan Kiem lake,105.8479462,21.0226304,62.36,62.36,62.36,62.36,62.36,62.36,62.36,62.36,62.36,62.36,62.36,62.36,62.36,62.36,62.36,62.36,62.36
Hoan Kiem lake,105.8483311,21.0226285,62.65,62.65,62.65,62.65,62.65,62.65,62.65,62.65,62.65,62.65,62.65,62.65,62.65,62.65,62.65,62.65,62.65
Hoan Kiem lake,105.848716,21.0226266,66.8,66.8,66.8,66.8,66.8,66.8,66.8,66.8,66.8,66.8,66.8,66.8,66.8,66.8,66.8,66.8,66.8
Hoan Kiem lake,105.8491009,21.0226246,65.7,65.7,65.7,65.7,65.7,65.7,65.7,65.7,65.7,65.7,65.7,65.7,65.7,65.7,65.7,65.7,65.7
Hoan Kiem lake,105.8494857,21.0226227,61.87,61.87,61.87,61.87,61.87,61.87,61.87,61.87,61.87,61.87,61.87,61.87,61.87,61.87,61.87,61.87,61.87
Hoan Kiem lake,105.8498706,21.0226208,60.88,60.88,60.88,60.88,60.88,60.88,60.88,60.88,60.88,60.88,60.88,60.88,60.88,60.88,60.88,60.88,60.88
Hoan Kiem lake,105.8502555,21.0226189,62.45,62.45,62.45,62.45,62.45,62.45,62.45,62.45,62.45,62.45,62.45,62.45,62.45,62.45,62.45,62.45,62.45
Hoan Kiem lake,105.8506404,21.022617,70.04,70.04,70.04,70.04,70.04,70.04,70.04,70.04,70.04,70.04,70.04,70.04,70.04,70.04,70.04,70.04,70.04
Hoan Kiem lake,105.8510253,21.022615,62.78,62.78,62.78,62.78,62.78,62.78,62.78,62.78,62.78,62.78,62.78,62.78,62.78,62.78,62.78,62.78,62.78
Hoan Kiem lake,105.8514102,21.0226131,64.77,64.77,64.77,64.77,64.77,64.77,64.77,64.77,64.77,64.77,64.77,64.77,64.77,64.77,64.77,64.77,64.77
Hoan Kiem lake,105.8517951,21.0226112,64.07,64.07,64.07,64.07,64.07,64.07,64.07,64.07,64.07,64.07,64.07,64.07,64.07,64.07,64.07,64.07,64.07
Hoan Kiem lake,105.85218,21.0226092,64.33,64.33,64.33,64.33,64.33,64.33,64.33,64.33,64.33,64.33,64.33,64.33,64.33,64.33,64.33,64.33,64.33
Hoan Kiem lake,105.8525649,21.0226073,71.02,71.02,71.02,71.02,71.02,71.02,71.02,71.02,71.02,71.02,71.02,71.02,71.02,71.02,71.02,71.02,71.02
Hoan Kiem lake,105.8529498,21.0226054,69.47,69.47,69.47,69.47,69.47,69.47,69.47,69.47,69.47,69.47,69.47,69.47,69.47,69.47,69.47,69.47,69.47
Hoan Kiem lake,105.8533347,21.0226035,66.07,66.07,66.07,66.07,66.07,66.07,66.07,66.07,66.07,66.07,66.07,66.07,66.07,66.07,66.07,66.07,66.07
Hoan Kiem lake,105.8537196,21.0226015,63.18,63.18,63.18,63.18,63.18,63.18,63.18,63.18,63.18,63.18,63.18,63.18,63.18,63.18,63.18,63.18,63.18
Hoan Kiem lake,105.8541045,21.0225996,62.11,62.11,62.11,62.11,62.11,62.11,62.11,62.11,62.11,62.11,62.11,62.11,62.11,62.11,62.11,62.11,62.11
Hoan Kiem lake,105.8544894,21.0225977,66.68,66.68,66.68,66.68,66.68,66.68,66.68,66.68,66.68,66.68,66.68,66.68,66.68,66.68,66.68,66.68,66.68
Hoan Kiem lake,105.8548743,21.0225957,62.66,62.66,62.66,62.66,62.66,62.66,62.66,62.66,62.66,62.66,62.66,62.66,62.66,62.66,62.66,62.66,62.66
Hoan Kiem lake,105.8552592,21.0225938,65.72,65.72,65.72,65.72,65.72,65.72,65.72,65.72,65.72,65.72,65.72,65.72,65.72,65.72,65.72,65.72,65.72
Hoan Kiem lake,105.8556441,21.0225919,69.1,69.1,69.1,69.1,69.1,69.1,69.1,69.1,69.1,69.1,69.1,69.1,69.1,69.1,69.1,69.1,69.1
Hoan Kiem lake,105.8560289,21.0225899,67.52,67.52,67.52,67.52,67.52,67.52,67.52,67.52,67.52,67.52,67.52,67.52,67.52,67.52,67.52,67.52,67.52
Hoan Kiem lake,105.8564138,21.022588,69.2,69.2,69.2,69.2,69.2,69.2,69.2,69.2,69.2,69.2,69.2,69.2,69.2,69.2,69.2,69.2,69.2
Hoan Kiem lake,105.8567987,21.022586,62.36,62.36,62.36,62.36,62.36,62.36,62.36,62.36,62.36,62.36,62.36,62.36,62.36,62.36,62.36,62.36,62.36
Hoan Kiem lake,105.8571836,21.0225841,61.85,61.85,61.85,61.85,61.85,61.85,61.85,61.85,61.85,61.85,61.85,61.85,61.85,61.85,61.85,61.85,61.85
Hoan Kiem lake,105.8575685,21.0225822,69.03,69.03,69.03,69.03,69.03,69.03,69.03,69.03,69.03,69.03,69.03,69.03,69.03,69.03,69.03,69.03,69.03
Hoan Kiem lake,105.8421748,21.0230205,59.93,59.93,59.93,59.93,59.93,59.93,59.93,59.93,59.93,59.93,59.93,59.93,59.93,59.93,59.93,59.93,59.93
Hoan Kiem lake,105.8425597,21.0230186,59.69,59.69,59.69,59.69,59.69,59.69,59.69,59.69,59.69,59.69,59.69,59.69,59.69,59.69,59.69,59.69,59.69
Hoan Kiem lake,105.8429446,21.0230167,60.5,60.5,60.5,60.5,60.5,60.5,60.5,60.5,60.5,60.5,60.5,60.5,60.5,60.5,60.5,60.5,60.5
Hoan Kiem lake,105.8433295,21.0230148,62.98,62.98,62.98,62.98,62.98,62.98,62.98,62.98,62.98,62.98,62.98,62.98,62.98,62.98,62.98,62.98,62.98
Hoan Kiem lake,105.8437144,21.0230128,64.98,64.98,64.98,64.98,64.98,64.98,64.98,64.98,64.98,64.98,64.98,64.98,64.98,64.98,64.98,64.98,64.98
Hoan Kiem lake,105.8440993,21.0230109,60.35,60.35,60.35,60.35,60.35,60.35,60.35,60.35,60.35,60.35,60.35,60.35,60.35,60.35,60.35,60.35,60.35
Hoan Kiem lake,105.8444842,21.023009,63.04,63.04,63.04,63.04,63.04,63.04,63.04,63.04,63.04,63.04,63.04,63.04,63.04,63.04,63.04,63.04,63.04
Hoan Kiem lake,105.844869,21.0230071,65.68,65.68,65.68,65.68,65.68,65.68,65.68,65.68,65.68,65.68,65.68,65.68,65.68,65.68,65.68,65.68,65.68
Hoan Kiem lake,105.8452539,21.0230052,70.19,70.19,70.19,70.19,70.19,70.19,70.19,70.19,70.19,70.19,70.19,70.19,70.19,70.19,70.19,70.19,70.19
Hoan Kiem lake,105.8456388,21.0230033,68.07,68.07,68.07,68.07,68.07,68.07,68.07,68.07,68.07,68.07,68.07,68.07,68.07,68.07,68.07,68.07,68.07
Hoan Kiem lake,105.8460237,21.0230014,65.04,65.04,65.04,65.04,65.04,65.04,65.04,65.04,65.04,65.04,65.04,65.04,65.04,65.04,65.04,65.04,65.04
Hoan Kiem lake,105.8464086,21.0229995,69.57,69.57,69.57,69.57,69.57,69.57,69.57,69.57,69.57,69.57,69.57,69.57,69.57,69.57,69.57,69.57,69.57
Hoan Kiem lake,105.8467935,21.0229975,63.23,63.23,63.23,63.23,63.23,63.23,63.23,63.23,63.23,63.23,63.23,63.23,63.23,63.23,63.23,63.23,63.23
Hoan Kiem lake,105.8471784,21.0229956,61.31,61.31,61.31,61.31,61.31,61.31,61.31,61.31,61.31,61.31,61.31,61.31,61.31,61.31,61.31,61.31,61.31
Hoan Kiem lake,105.8475633,21.0229937,61.21,61.21,61.21,61.21,61.21,61.21,61.21,61.21,61.21,61.21,61.21,61.21,61.21,61.21,61.21,61.21,61.21
Hoan Kiem lake,105.8479482,21.0229918,62.23,62.23,62.23,62.23,62.23,62.23,62.23,62.23,62.23,62.23,62.23,62.23,62.23,62.23,62.23,62.23,62.23
Hoan Kiem lake,105.8483331,21.0229899,66.52,66.52,66.52,66.52,66.52,66.52,66.52,66.52,66.52,66.52,66.52,66.52,66.52,66.52,66.52,66.52,66.52
Hoan Kiem lake,105.848718,21.022988,64.47,64.47,64.47,64.47,64.47,64.47,64.47,64.47,64.47,64.47,64.47,64.47,64.47,64.47,64.47,64.47,64.47
Hoan Kiem lake,105.8491029,21.022986,64.51,64.51,64.51,64.51,64.51,64.51,64.51,64.51,64.51,64.51,64.51,64.51,64.51,64.51,64.51,64.51,64.51
Hoan Kiem lake,105.8494878,21.0229841,60.37,60.37,60.37,60.37,60.37,60.37,60.37,60.37,60.37,60.37,60.37,60.37,60.37,60.37,60.37,60.37,60.37
Hoan Kiem lake,105.8498727,21.0229822,60.9,60.9,60.9,60.9,60.9,60.9,60.9,60.9,60.9,60.9,60.9,60.9,60.9,60.9,60.9,60.9,60.9
Hoan Kiem lake,105.8502576,21.0229803,62.69,62.69,62.69,62.69,62.69,62.69,62.69,62.69,62.69,62.69,62.69,62.69,62.69,62.69,62.69,62.69,62.69
Hoan Kiem lake,105.8506425,21.0229783,67.82,67.82,67.82,67.82,67.82,67.82,67.82,67.82,67.82,67.82,67.82,67.82,67.82,67.82,67.82,67.82,67.82
Hoan Kiem lake,105.8510274,21.0229764,65.47,65.47,65.47,65.47,65.47,65.47,65.47,65.47,65.47,65.47,65.47,65.47,65.47,65.47,65.47,65.47,65.47
Hoan Kiem lake,105.8514123,21.0229745,66.54,66.54,66.54,66.54,66.54,66.54,66.54,66.54,66.54,66.54,66.54,66.54,66.54,66.54,66.54,66.54,66.54
Hoan Kiem lake,105.8517972,21.0229726,69.11,69.11,69.11,69.11,69.11,69.11,69.11,69.11,69.11,69.11,69.11,69.11,69.11,69.11,69.11,69.11,69.11
Hoan Kiem lake,105.8521821,21.0229706,65.76,65.76,65.76,65.76,65.76,65.76,65.76,65.76,65.76,65.76,65.76,65.76,65.76,65.76,65.76,65.76,65.76
Hoan Kiem lake,105.852567,21.0229687,68.58,68.58,68.58,68.58,68.58,68.58,68.58,68.58,68.58,68.58,68.58,68.58,68.58,68.58,68.58,68.58,68.58
Hoan Kiem lake,105.8529519,21.0229668,64.08,64.08,64.08,64.08,64.08,64.08,64.08,64.08,64.08,64.08,64.08,64.08,64.08,64.08,64.08,64.08,64.08
Hoan Kiem lake,105.8533367,21.0229648,61.62,61.62,61.62,61.62,61.62,61.62,61.62,61.62,61.62,61.62,61.62,61.62,61.62,61.62,61.62,61.62,61.62
Hoan Kiem lake,105.8537216,21.0229629,60.25,60.25,60.25,60.25,60.25,60.25,60.25,60.25,60.25,60.25,60.25,60.25,60.25,60.25,60.25,60.25,60.25
Hoan Kiem lake,105.8541065,21.022961,61.54,61.54,61.54,61.54,61.54,61.54,61.54,61.54,61.54,61.54,61.54,61.54,61.54,61.54,61.54,61.54,61.54
Hoan Kiem lake,105.8544914,21.022959,69.11,69.11,69.11,69.11,69.11,69.11,69.11,69.11,69.11,69.11,69.11,69.11,69.11,69.11,69.11,69.11,69.11
Hoan Kiem lake,105.8548763,21.0229571,66.24,66.24,66.24,66.24,66.24,66.24,66.24,66.24,66.24,66.24,66.24,66.24,66.24,66.24,66.24,66.24,66.24
Hoan Kiem lake,105.8552612,21.0229552,69.21,69.21,69.21,69.21,69.21,69.21,69.21,69.21,69.21,69.21,69.21,69.21,69.21,69.21,69.21,69.21,69.21
Hoan Kiem lake,105.8556461,21.0229532,63.07,63.07,63.07,63.07,63.07,63.07,63.07,63.07,63.07,63.07,63.07,63.07,63.07,63.07,63.07,63.07,63.07
Hoan Kiem lake,105.856031,21.0229513,63.03,63.03,63.03,63.03,63.03,63.03,63.03,63.03,63.03,63.03,63.03,63.03,63.03,63.03,63.03,63.03,63.03
Hoan Kiem lake,105.8564159,21.0229494,66.78,66.78,66.78,66.78,66.78,66.78,66.78,66.78,66.78,66.78,66.78,66.78,66.78,66.78,66.78,66.78,66.78
Hoan Kiem lake,105.8568008,21.0229474,66.02,66.02,66.02,66.02,66.02,66.02,66.02,66.02,66.02,66.02,66.02,66.02,66.02,66.02,66.02,66.02,66.02
Hoan Kiem lake,105.8571857,21.0229455,69.22,69.22,69.22,69.22,69.22,69.22,69.22,69.22,69.22,69.22,69.22,69.22,69.22,69.22,69.22,69.22,69.22
Hoan Kiem lake,105.8575706,21.0229436,66.09,66.09,66.09,66.09,66.09,66.09,66.09,66.09,66.09,66.09,66.09,66.09,66.09,66.09,66.09,66.09,66.09
Hoan Kiem lake,105.8421768,21.0233819,60.99,60.99,60.99,60.99,60.99,60.99,60.99,60.99,60.99,60.99,60.99,60.99,60.99,60.99,60.99,60.99,60.99
Hoan Kiem lake,105.8425617,21.02338,62.03,62.03,62.03,62.03,62.03,62.03,62.03,62.03,62.03,62.03,62.03,62.03,62.03,62.03,62.03,62.03,62.03
Hoan Kiem lake,105.8429466,21.0233781,62.51,62.51,62.51,62.51,62.51,62.51,62.51,62.51,62.51,62.51,62.51,62.51,62.51,62.51,62.51,62.51,62.51
Hoan Kiem lake,105.8433315,21.0233761,62.64,62.64,62.64,62.64,62.64,62.64,62.64,62.64,62.64,62.64,62.64,62.64,62.64,62.64,62.64,62.64,62.64
Hoan Kiem lake,105.8437164,21.0233742,69.05,69.05,69.05,69.05,69.05,69.05,69.05,69.05,69.05,69.05,69.05,69.05,69.05,69.05,69.05,69.05,69.05
Hoan Kiem lake,105.8441013,21.0233723,61.09,61.09,61.09,61.09,61.09,61.09,61.09,61.09,61.09,61.09,61.09,61.09,61.09,61.09,61.09,61.09,61.09
Hoan Kiem lake,105.8444862,21.0233704,65.59,65.59,65.59,65.59,65.59,65.59,65.59,65.59,65.59,65.59,65.59,65.59,65.59,65.59,65.59,65.59,65.59
Hoan Kiem lake,105.8448711,21.0233685,63.41,63.41,63.41,63.41,63.41,63.41,63.41,63.41,63.41,63.41,63.41,63.41,63.41,63.41,63.41,63.41,63.41
Hoan Kiem lake,105.845256,21.0233666,63.16,63.16,63.16,63.16,63.16,63.16,63.16,63.16,63.16,63.16,63.16,63.16,63.16,63.16,63.16,63.16,63.16
Hoan Kiem lake,105.8456409,21.0233647,62.46,62.46,62.46,62.46,62.46,62.46,62.46,62.46,62.46,62.46,62.46,62.46,62.46,62.46,62.46,62.46,62.46
Hoan Kiem lake,105.8460258,21.0233628,61.86,61.86,61.86,61.86,61.86,61.86,61.86,61.86,61.86,61.86,61.86,61.86,61.86,61.86,61.86,61.86,61.86
Hoan Kiem lake,105.8464107,21.0233608,65.39,65.39,65.39,65.39,65.39,65.39,65.39,65.39,65.39,65.39,65.39,65.39,65.39,65.39,65.39,65.39,65.39
Hoan Kiem lake,105.8467956,21.0233589,63.28,63.28,63.28,63.28,63.28,63.28,63.28,63.28,63.28,63.28,63.28,63.28,63.28,63.28,63.28,63.28,63.28
Hoan Kiem lake,105.8471805,21.023357,60.72,60.72,60.72,60.72,60.72,60.72,60.72,60.72,60.72,60.72,60.72,60.72,60.72,60.72,60.72,60.72,60.72
Hoan Kiem lake,105.8475654,21.0233551,62.28,62.28,62.28,62.28,62.28,62.28,62.28,62.28,62.28,62.28,62.28,62.28,62.28,62.28,62.28,62.28,62.28
Hoan Kiem lake,105.8479503,21.0233532,69.03,69.03,69.03,69.03,69.03,69.03,69.03,69.03,69.03,69.03,69.03,69.03,69.03,69.03,69.03,69.03,69.03
Hoan Kiem lake,105.8483352,21.0233513,63.39,63.39,63.39,63.39,63.39,63.39,63.39,63.39,63.39,63.39,63.39,63.39,63.39,63.39,63.39,63.39,63.39
Hoan Kiem lake,105.84872,21.0233493,61.55,61.55,61.55,61.55,61.55,61.55,61.55,61.55,61.55,61.55,61.55,61.55,61.55,61.55,61.55,61.55,61.55
Hoan Kiem lake,105.8491049,21.0233474,68.98,68.98,68.98,68.98,68.98,68.98,68.98,68.98,68.98,68.98,68.98,68.98,68.98,68.98,68.98,68.98,68.98
Hoan Kiem lake,105.8494898,21.0233455,62.07,62.07,62.07,62.07,62.07,62.07,62.07,62.07,62.07,62.07,62.07,62.07,62.07,62.07,62.07,62.07,62.07
Hoan Kiem lake,105.8498747,21.0233436,64.17,64.17,64.17,64.17,64.17,64.17,64.17,64.17,64.17,64.17,64.17,64.17,64.17,64.17,64.17,64.17,64.17
Hoan Kiem lake,105.8502596,21.0233417,68.82,68.82,68.82,68.82,68.82,68.82,68.82,68.82,68.82,68.82,68.82,68.82,68.82,68.82,68.82,68.82,68.82
Hoan Kiem lake,105.8506445,21.0233397,68.98,68.98,68.98,68.98,68.98,68.98,68.98,68.98,68.98,68.98,68.98,68.98,68.98,68.98,68.98,68.98,68.98
Hoan Kiem lake,105.8510294,21.0233378,66.93,66.93,66.93,66.93,66.93,66.93,66.93,66.93,66.93,66.93,66.93,66.93,66.93,66.93,66.93,66.93,66.93
Hoan Kiem lake,105.8514143,21.0233359,63.42,63.42,63.42,63.42,63.42,63.42,63.42,63.42,63.42,63.42,63.42,63.42,63.42,63.42,63.42,63.42,63.42
Hoan Kiem lake,105.8517992,21.0233339,61.67,61.67,61.67,61.67,61.67,61.67,61.67,61.67,61.67,61.67,61.67,61.67,61.67,61.67,61.67,61.67,61.67
Hoan Kiem lake,105.8521841,21.023332,62.03,62.03,62.03,62.03,62.03,62.03,62.03,62.03,62.03,62.03,62.03,62.03,62.03,62.03,62.03,62.03,62.03
Hoan Kiem lake,105.852569,21.0233301,65.49,65.49,65.49,65.49,65.49,65.49,65.49,65.49,65.49,65.49,65.49,65.49,65.49,65.49,65.49,65.49,65.49
Hoan Kiem lake,105.8529539,21.0233282,64.11,64.11,64.11,64.11,64.11,64.11,64.11,64.11,64.11,64.11,64.11,64.11,64.11,64.11,64.11,64.11,64.11
Hoan Kiem lake,105.8533388,21.0233262,60.79,60.79,60.79,60.79,60.79,60.79,60.79,60.79,60.79,60.79,60.79,60.79,60.79,60.79,60.79,60.79,60.79
Hoan Kiem lake,105.8537237,21.0233243,60.32,60.32,60.32,60.32,60.32,60.32,60.32,60.32,60.32,60.32,60.32,60.32,60.32,60.32,60.32,60.32,60.32
Hoan Kiem lake,105.8541086,21.0233224,61.81,61.81,61.81,61.81,61.81,61.81,61.81,61.81,61.81,61.81,61.81,61.81,61.81,61.81,61.81,61.81,61.81
Hoan Kiem lake,105.8544935,21.0233204,65.91,65.91,65.91,65.91,65.91,65.91,65.91,65.91,65.91,65.91,65.91,65.91,65.91,65.91,65.91,65.91,65.91
Hoan Kiem lake,105.8548784,21.0233185,64.4,64.4,64.4,64.4,64.4,64.4,64.4,64.4,64.4,64.4,64.4,64.4,64.4,64.4,64.4,64.4,64.4
Hoan Kiem lake,105.8552633,21.0233166,66.97,66.97,66.97,66.97,66.97,66.97,66.97,66.97,66.97,66.97,66.97,66.97,66.97,66.97,66.97,66.97,66.97
Hoan Kiem lake,105.8556482,21.0233146,66.78,66.78,66.78,66.78,66.78,66.78,66.78,66.78,66.78,66.78,66.78,66.78,66.78,66.78,66.78,66.78,66.78
Hoan Kiem lake,105.8560331,21.0233127,70.07,70.07,70.07,70.07,70.07,70.07,70.07,70.07,70.07,70.07,70.07,70.07,70.07,70.07,70.07,70.07,70.07
Hoan Kiem lake,105.856418,21.0233108,68.0,68.0,68.0,68.0,68.0,68.0,68.0,68.0,68.0,68.0,68.0,68.0,68.0,68.0,68.0,68.0,68.0
Hoan Kiem lake,105.8568029,21.0233088,67.28,67.28,67.28,67.28,67.28,67.28,67.28,67.28,67.28,67.28,67.28,67.28,67.28,67.28,67.28,67.28,67.28
Hoan Kiem lake,105.8571878,21.0233069,65.39,65.39,65.39,65.39,65.39,65.39,65.39,65.39,65.39,65.39,65.39,65.39,65.39,65.39,65.39,65.39,65.39
Hoan Kiem lake,105.8575727,21.0233049,63.37,63.37,63.37,63.37,63.37,63.37,63.37,63.37,63.37,63.37,63.37,63.37,63.37,63.37,63.37,63.37,63.37
Hoan Kiem lake,105.8421788,21.0237432,64.28,64.28,64.28,64.28,64.28,64.28,64.28,64.28,64.28,64.28,64.28,64.28,64.28,64.28,64.28,64.28,64.28
Hoan Kiem lake,105.8425637,21.0237413,66.84,66.84,66.84,66.84,66.84,66.84,66.84,66.84,66.84,66.84,66.84,66.84,66.84,66.84,66.84,66.84,66.84
Hoan Kiem lake,105.8429486,21.0237394,69.87,69.87,69.87,69.87,69.87,69.87,69.87,69.87,69.87,69.87,69.87,69.87,69.87,69.87,69.87,69.87,69.87
Hoan Kiem lake,105.8433335,21.0237375,67.72,67.72,67.72,67.72,67.72,67.72,67.72,67.72,67.72,67.72,67.72,67.72,67.72,67.72,67.72,67.72,67.72
Hoan Kiem lake,105.8437184,21.0237356,63.99,63.99,63.99,63.99,63.99,63.99,63.99,63.99,63.99,63.99,63.99,63.99,63.99,63.99,63.99,63.99,63.99
Hoan Kiem lake,105.8441033,21.0237337,60.73,60.73,60.73,60.73,60.73,60.73,60.73,60.73,60.73,60.73,60.73,60.73,60.73,60.73,60.73,60.73,60.73
Hoan Kiem lake,105.8444882,21.0237318,62.89,62.89,62.89,62.89,62.89,62.89,62.89,62.89,62.89,62.89,62.89,62.89,62.89,62.89,62.89,62.89,62.89
Hoan Kiem lake,105.8448731,21.0237299,65.08,65.08,65.08,65.08,65.08,65.08,65.08,65.08,65.08,65.08,65.08,65.08,65.08,65.08,65.08,65.08,65.08
Hoan Kiem lake,105.845258,21.023728,61.12,61.12,61.12,61.12,61.12,61.12,61.12,61.12,61.12,61.12,61.12,61.12,61.12,61.12,61.12,61.12,61.12
Hoan Kiem lake,105.8456429,21.0237261,59.96,59.96,59.96,59.96,59.96,59.96,59.96,59.96,59.96,59.96,59.96,59.96,59.96,59.96,59.96,59.96,59.96
Hoan Kiem lake,105.8460278,21.0237241,60.34,60.34,60.34,60.34,60.34,60.34,60.34,60.34,60.34,60.34,60.34,60.34,60.34,60.34,60.34,60.34,60.34
Hoan Kiem lake,105.8464127,21.0237222,62.82,62.82,62.82,62.82,62.82,62.82,62.82,62.82,62.82,62.82,62.82,62.82,62.82,62.82,62.82,62.82,62.82
Hoan Kiem lake,105.8467976,21.0237203,65.37,65.37,65.37,65.37,65.37,65.37,65.37,65.37,65.37,65.37,65.37,65.37,65.37,65.37,65.37,65.37,65.37
Hoan Kiem lake,105.8471825,21.0237184,62.65,62.65,62.65,62.65,62.65,62.65,62.65,62.65,62.65,62.65,62.65,62.65,62.65,62.65,62.65,62.65,62.65
Hoan Kiem lake,105.8475674,21.0237165,68.99,68.99,68.99,68.99,68.99,68.99,68.99,68.99,68.99,68.99,68.99,68.99,68.99,68.99,68.99,68.99,68.99
Hoan Kiem lake,105.8479523,21.0237146,62.5,62.5,62.5,62.5,62.5,62.5,62.5,62.5,62.5,62.5,62.5,62.5,62.5,62.5,62.5,62.5,62.5
Hoan Kiem lake,105.8483372,21.0237126,62.51,62.51,62.51,62.51,62.51,62.51,62.51,62.51,62.51,62.51,62.51,62.51,62.51,62.51,62.51,62.51,62.51
Hoan Kiem lake,105.8487221,21.0237107,65.05,65.05,65.05,65.05,65.05,65.05,65.05,65.05,65.05,65.05,65.05,65.05,65.05,65.05,65.05,65.05,65.05
Hoan Kiem lake,105.849107,21.0237088,68.96,68.96,68.96,68.96,68.96,68.96,68.96,68.96,68.96,68.96,68.96,68.96,68.96,68.96,68.96,68.96,68.96
Hoan Kiem lake,105.8494919,21.0237069,67.11,67.11,67.11,67.11,67.11,67.11,67.11,67.11,67.11,67.11,67.11,67.11,67.11,67.11,67.11,67.11,67.11
Hoan Kiem lake,105.8498768,21.023705,63.65,63.65,63.65,63.65,63.65,63.65,63.65,63.65,63.65,63.65,63.65,63.65,63.65,63.65,63.65,63.65,63.65
Hoan Kiem lake,105.8502617,21.023703,62.64,62.64,62.64,62.64,62.64,62.64,62.64,62.64,62.64,62.64,62.64,62.64,62.64,62.64,62.64,62.64,62.64
Hoan Kiem lake,105.8506466,21.0237011,63.55,63.55,63.55,63.55,63.55,63.55,63.55,63.55,63.55,63.55,63.55,63.55,63.55,63.55,63.55,63.55,63.55
Hoan Kiem lake,105.8510315,21.0236992,70.09,70.09,70.09,70.09,70.09,70.09,70.09,70.09,70.09,70.09,70.09,70.09,70.09,70.09,70.09,70.09,70.09
Hoan Kiem lake,105.8514164,21.0236973,62.27,62.27,62.27,62.27,62.27,62.27,62.27,62.27,62.27,62.27,62.27,62.27,62.27,62.27,62.27,62.27,62.27
Hoan Kiem lake,105.8518013,21.0236953,60.33,60.33,60.33,60.33,60.33,60.33,60.33,60.33,60.33,60.33,60.33,60.33,60.33,60.33,60.33,60.33,60.33
Hoan Kiem lake,105.8521862,21.0236934,60.71,60.71,60.71,60.71,60.71,60.71,60.71,60.71,60.71,60.71,60.71,60.71,60.71,60.71,60.71,60.71,60.71
Hoan Kiem lake,105.8525711,21.0236915,63.72,63.72,63.72,63.72,63.72,63.72,63.72,63.72,63.72,63.72,63.72,63.72,63.72,63.72,63.72,63.72,63.72
Hoan Kiem lake,105.852956,21.0236895,65.42,65.42,65.42,65.42,65.42,65.42,65.42,65.42,65.42,65.42,65.42,65.42,65.42,65.42,65.42,65.42,65.42
Hoan Kiem lake,105.8533409,21.0236876,61.23,61.23,61.23,61.23,61.23,61.23,61.23,61.23,61.23,61.23,61.23,61.23,61.23,61.23,61.23,61.23,61.23
Hoan Kiem lake,105.8537258,21.0236857,62.41,62.41,62.41,62.41,62.41,62.41,62.41,62.41,62.41,62.41,62.41,62.41,62.41,62.41,62.41,62.41,62.41
Hoan Kiem lake,105.8541107,21.0236838,64.25,64.25,64.25,64.25,64.25,64.25,64.25,64.25,64.25,64.25,64.25,64.25,64.25,64.25,64.25,64.25,64.25
Hoan Kiem lake,105.8544955,21.0236818,67.57,67.57,67.57,67.57,67.57,67.57,67.57,67.57,67.57,67.57,67.57,67.57,67.57,67.57,67.57,67.57,67.57
Hoan Kiem lake,105.8548804,21.0236799,70.91,70.91,70.91,70.91,70.91,70.91,70.91,70.91,70.91,70.91,70.91,70.91,70.91,70.91,70.91,70.91,70.91
Hoan Kiem lake,105.8552653,21.0236779,67.48,67.48,67.48,67.48,67.48,67.48,67.48,67.48,67.48,67.48,67.48,67.48,67.48,67.48,67.48,67.48,67.48
Hoan Kiem lake,105.8556502,21.023676,66.68,66.68,66.68,66.68,66.68,66.68,66.68,66.68,66.68,66.68,66.68,66.68,66.68,66.68,66.68,66.68,66.68
Hoan Kiem lake,105.8560351,21.0236741,63.29,63.29,63.29,63.29,63.29,63.29,63.29,63.29,63.29,63.29,63.29,63.29,63.29,63.29,63.29,63.29,63.29
Hoan Kiem lake,105.85642,21.0236721,63.7,63.7,63.7,63.7,63.7,63.7,63.7,63.7,63.7,63.7,63.7,63.7,63.7,63.7,63.7,63.7,63.7
Hoan Kiem lake,105.8568049,21.0236702,70.45,70.45,70.45,70.45,70.45,70.45,70.45,70.45,70.45,70.45,70.45,70.45,70.45,70.45,70.45,70.45,70.45
Hoan Kiem lake,105.8571898,21.0236683,69.45,69.45,69.45,69.45,69.45,69.45,69.45,69.45,69.45,69.45,69.45,69.45,69.45,69.45,69.45,69.45,69.45
Hoan Kiem lake,105.8575747,21.0236663,62.41,62.41,62.41,62.41,62.41,62.41,62.41,62.41,62.41,62.41,62.41,62.41,62.41,62.41,62.41,62.41,62.41
Hoan Kiem lake,105.8421809,21.0241046,67.2,67.2,67.2,67.2,67.2,67.2,67.2,67.2,67.2,67.2,67.2,67.2,67.2,67.2,67.2,67.2,67.2
Hoan Kiem lake,105.8425658,21.0241027,69.86,69.86,69.86,69.86,69.86,69.86,69.86,69.86,69.86,69.86,69.86,69.86,69.86,69.86,69.86,69.86,69.86
Hoan Kiem lake,105.8429507,21.0241008,66.62,66.62,66.62,66.62,66.62,66.62,66.62,66.62,66.62,66.62,66.62,66.62,66.62,66.62,66.62,66.62,66.62
Hoan Kiem lake,105.8433356,21.0240989,61.87,61.87,61.87,61.87,61.87,61.87,61.87,61.87,61.87,61.87,61.87,61.87,61.87,61.87,61.87,61.87,61.87
Hoan Kiem lake,105.8437205,21.024097,60.5,60.5,60.5,60.5,60.5,60.5,60.5,60.5,60.5,60.5,60.5,60.5,60.5,60.5,60.5,60.5,60.5
Hoan Kiem lake,105.8441054,21.0240951,59.33,59.33,59.33,59.33,59.33,59.33,59.33,59.33,59.33,59.33,59.33,59.33,59.33,59.33,59.33,59.33,59.33
Hoan Kiem lake,105.8444903,21.0240932,61.29,61.29,61.29,61.29,61.29,61.29,61.29,61.29,61.29,61.29,61.29,61.29,61.29,61.29,61.29,61.29,61.29
Hoan Kiem lake,105.8448752,21.0240913,69.0,69.0,69.0,69.0,69.0,69.0,69.0,69.0,69.0,69.0,69.0,69.0,69.0,69.0,69.0,69.0,69.0
Hoan Kiem lake,105.8452601,21.0240894,61.29,61.29,61.29,61.29,61.29,61.29,61.29,61.29,61.29,61.29,61.29,61.29,61.29,61.29,61.29,61.29,61.29
Hoan Kiem lake,105.845645,21.0240874,59.61,59.61,59.61,59.61,59.61,59.61,59.61,59.61,59.61,59.61,59.61,59.61,59.61,59.61,59.61,59.61,59.61
Hoan Kiem lake,105.8460299,21.0240855,59.93,59.93,59.93,59.93,59.93,59.93,59.93,59.93,59.93,59.93,59.93,59.93,59.93,59.93,59.93,59.93,59.93
Hoan Kiem lake,105.8464148,21.0240836,61.24,61.24,61.24,61.24,61.24,61.24,61.24,61.24,61.24,61.24,61.24,61.24,61.24,61.24,61.24,61.24,61.24
Hoan Kiem lake,105.8467996,21.0240817,68.98,68.98,68.98,68.98,68.98,68.98,68.98,68.98,68.98,68.98,68.98,68.98,68.98,68.98,68.98,68.98,68.98
Hoan Kiem lake,105.8471845,21.0240798,68.95,68.95,68.95,68.95,68.95,68.95,68.95,68.95,68.95,68.95,68.95,68.95,68.95,68.95,68.95,68.95,68.95
Hoan Kiem lake,105.8475694,21.0240779,65.47,65.47,65.47,65.47,65.47,65.47,65.47,65.47,65.47,65.47,65.47,65.47,65.47,65.47,65.47,65.47,65.47
Hoan Kiem lake,105.8479543,21.0240759,68.96,68.96,68.96,68.96,68.96,68.96,68.96,68.96,68.96,68.96,68.96,68.96,68.96,68.96,68.96,68.96,68.96
Hoan Kiem lake,105.8483392,21.024074,65.17,65.17,65.17,65.17,65.17,65.17,65.17,65.17,65.17,65.17,65.17,65.17,65.17,65.17,65.17,65.17,65.17
Hoan Kiem lake,105.8487241,21.0240721,62.65,62.65,62.65,62.65,62.65,62.65,62.65,62.65,62.65,62.65,62.65,62.65,62.65,62.65,62.65,62.65,62.65
Hoan Kiem lake,105.849109,21.0240702,63.32,63.32,63.32,63.32,63.32,63.32,63.32,63.32,63.32,63.32,63.32,63.32,63.32,63.32,63.32,63.32,63.32
Hoan Kiem lake,105.8494939,21.0240683,64.17,64.17,64.17,64.17,64.17,64.17,64.17,64.17,64.17,64.17,64.17,64.17,64.17,64.17,64.17,64.17,64.17
Hoan Kiem lake,105.8498788,21.0240663,60.45,60.45,60.45,60.45,60.45,60.45,60.45,60.45,60.45,60.45,60.45,60.45,60.45,60.45,60.45,60.45,60.45
Hoan Kiem lake,105.8502637,21.0240644,60.44,60.44,60.44,60.44,60.44,60.44,60.44,60.44,60.44,60.44,60.44,60.44,60.44,60.44,60.44,60.44,60.44
Hoan Kiem lake,105.8506486,21.0240625,61.78,61.78,61.78,61.78,61.78,61.78,61.78,61.78,61.78,61.78,61.78,61.78,61.78,61.78,61.78,61.78,61.78
Hoan Kiem lake,105.8510335,21.0240606,68.39,68.39,68.39,68.39,68.39,68.39,68.39,68.39,68.39,68.39,68.39,68.39,68.39,68.39,68.39,68.39,68.39
Hoan Kiem lake,105.8514184,21.0240586,62.8,62.8,62.8,62.8,62.8,62.8,62.8,62.8,62.8,62.8,62.8,62.8,62.8,62.8,62.8,62.8,62.8
Hoan Kiem lake,105.8518033,21.0240567,60.76,60.76,60.76,60.76,60.76,60.76,60.76,60.76,60.76,60.76,60.76,60.76,60.76,60.76,60.76,60.76,60.76
Hoan Kiem lake,105.8521882,21.0240548,61.44,61.44,61.44,61.44,61.44,61.44,61.44,61.44,61.44,61.44,61.44,61.44,61.44,61.44,61.44,61.44,61.44
Hoan Kiem lake,105.8525731,21.0240529,62.46,62.46,62.46,62.46,62.46,62.46,62.46,62.46,62.46,62.46,62.46,62.46,62.46,62.46,62.46,62.46,62.46
Hoan Kiem lake,105.852958,21.0240509,68.42,68.42,68.42,68.42,68.42,68.42,68.42,68.42,68.42,68.42,68.42,68.42,68.42,68.42,68.42,68.42,68.42
Hoan Kiem lake,105.8533429,21.024049,67.75,67.75,67.75,67.75,67.75,67.75,67.75,67.75,67.75,67.75,67.75,67.75,67.75,67.75,67.75,67.75,67.75
Hoan Kiem lake,105.8537278,21.0240471,69.95,69.95,69.95,69.95,69.95,69.95,69.95,69.95,69.95,69.95,69.95,69.95,69.95,69.95,69.95,69.95,69.95
Hoan Kiem lake,105.8541127,21.0240451,65.66,65.66,65.66,65.66,65.66,65.66,65.66,65.66,65.66,65.66,65.66,65.66,65.66,65.66,65.66,65.66,65.66
Hoan Kiem lake,105.8544976,21.0240432,64.49,64.49,64.49,64.49,64.49,64.49,64.49,64.49,64.49,64.49,64.49,64.49,64.49,64.49,64.49,64.49,64.49
Hoan Kiem lake,105.8548825,21.0240413,69.47,69.47,69.47,69.47,69.47,69.47,69.47,69.47,69.47,69.47,69.47,69.47,69.47,69.47,69.47,69.47,69.47
Hoan Kiem lake,105.8552674,21.0240393,63.05,63.05,63.05,63.05,63.05,63.05,63.05,63.05,63.05,63.05,63.05,63.05,63.05,63.05,63.05,63.05,63.05
Hoan Kiem lake,105.8556523,21.0240374,69.23,69.23,69.23,69.23,69.23,69.23,69.23,69.23,69.23,69.23,69.23,69.23,69.23,69.23,69.23,69.23,69.23
Hoan Kiem lake,105.8560372,21.0240355,66.79,66.79,66.79,66.79,66.79,66.79,66.79,66.79,66.79,66.79,66.79,66.79,66.79,66.79,66.79,66.79,66.79
Hoan Kiem lake,105.8564221,21.0240335,69.33,69.33,69.33,69.33,69.33,69.33,69.33,69.33,69.33,69.33,69.33,69.33,69.33,69.33,69.33,69.33,69.33
Hoan Kiem lake,105.856807,21.0240316,68.34,68.34,68.34,68.34,68.34,68.34,68.34,68.34,68.34,68.34,68.34,68.34,68.34,68.34,68.34,68.34,68.34
Hoan Kiem lake,105.8571919,21.0240296,69.98,69.98,69.98,69.98,69.98,69.98,69.98,69.98,69.98,69.98,69.98,69.98,69.98,69.98,69.98,69.98,69.98
Hoan Kiem lake,105.8575768,21.0240277,63.11,63.11,63.11,63.11,63.11,63.11,63.11,63.11,63.11,63.11,63.11,63.11,63.11,63.11,63.11,63.11,63.11
Hoan Kiem lake,105.8421829,21.024466,62.28,62.28,62.28,62.28,62.28,62.28,62.28,62.28,62.28,62.28,62.28,62.28,62.28,62.28,62.28,62.28,62.28
Hoan Kiem lake,105.8425678,21.0244641,62.7,62.7,62.7,62.7,62.7,62.7,62.7,62.7,62.7,62.7,62.7,62.7,62.7,62.7,62.7,62.7,62.7
Hoan Kiem lake,105.8429527,21.0244622,69.17,69.17,69.17,69.17,69.17,69.17,69.17,69.17,69.17,69.17,69.17,69.17,69.17,69.17,69.17,69.17,69.17
Hoan Kiem lake,105.8433376,21.0244603,61.73,61.73,61.73,61.73,61.73,61.73,61.73,61.73,61.73,61.73,61.73,61.73,61.73,61.73,61.73,61.73,61.73
Hoan Kiem lake,105.8437225,21.0244584,59.45,59.45,59.45,59.45,59.45,59.45,59.45,59.45,59.45,59.45,59.45,59.45,59.45,59.45,59.45,59.45,59.45
Hoan Kiem lake,105.8441074,21.0244565,58.98,58.98,58.98,58.98,58.98,58.98,58.98,58.98,58.98,58.98,58.98,58.98,58.98,58.98,58.98,58.98,58.98
Hoan Kiem lake,105.8444923,21.0244546,60.13,60.13,60.13,60.13,60.13,60.13,60.13,60.13,60.13,60.13,60.13,60.13,60.13,60.13,60.13,60.13,60.13
Hoan Kiem lake,105.8448772,21.0244527,65.85,65.85,65.85,65.85,65.85,65.85,65.85,65.85,65.85,65.85,65.85,65.85,65.85,65.85,65.85,65.85,65.85
Hoan Kiem lake,105.8452621,21.0244507,62.24,62.24,62.24,62.24,62.24,62.24,62.24,62.24,62.24,62.24,62.24,62.24,62.24,62.24,62.24,62.24,62.24
Hoan Kiem lake,105.845647,21.0244488,61.59,61.59,61.59,61.59,61.59,61.59,61.59,61.59,61.59,61.59,61.59,61.59,61.59,61.59,61.59,61.59,61.59
Hoan Kiem lake,105.8460319,21.0244469,63.15,63.15,63.15,63.15,63.15,63.15,63.15,63.15,63.15,63.15,63.15,63.15,63.15,63.15,63.15,63.15,63.15
Hoan Kiem lake,105.8464168,21.024445,65.94,65.94,65.94,65.94,65.94,65.94,65.94,65.94,65.94,65.94,65.94,65.94,65.94,65.94,65.94,65.94,65.94
Hoan Kiem lake,105.8468017,21.0244431,68.97,68.97,68.97,68.97,68.97,68.97,68.97,68.97,68.97,68.97,68.97,68.97,68.97,68.97,68.97,68.97,68.97
Hoan Kiem lake,105.8471866,21.0244412,64.78,64.78,64.78,64.78,64.78,64.78,64.78,64.78,64.78,64.78,64.78,64.78,64.78,64.78,64.78,64.78,64.78
Hoan Kiem lake,105.8475715,21.0244393,62.48,62.48,62.48,62.48,62.48,62.48,62.48,62.48,62.48,62.48,62.48,62.48,62.48,62.48,62.48,62.48,62.48
Hoan Kiem lake,105.8479564,21.0244373,61.29,61.29,61.29,61.29,61.29,61.29,61.29,61.29,61.29,61.29,61.29,61.29,61.29,61.29,61.29,61.29,61.29
Hoan Kiem lake,105.8483413,21.0244354,60.57,60.57,60.57,60.57,60.57,60.57,60.57,60.57,60.57,60.57,60.57,60.57,60.57,60.57,60.57,60.57,60.57
Hoan Kiem lake,105.8487262,21.0244335,60.17,60.17,60.17,60.17,60.17,60.17,60.17,60.17,60.17,60.17,60.17,60.17,60.17,60.17,60.17,60.17,60.17
Hoan Kiem lake,105.8491111,21.0244316,62.15,62.15,62.15,62.15,62.15,62.15,62.15,62.15,62.15,62.15,62.15,62.15,62.15,62.15,62.15,62.15,62.15
Hoan Kiem lake,105.849496,21.0244297,68.98,68.98,68.98,68.98,68.98,68.98,68.98,68.98,68.98,68.98,68.98,68.98,68.98,68.98,68.98,68.98,68.98
Hoan Kiem lake,105.8498809,21.0244277,61.8,61.8,61.8,61.8,61.8,61.8,61.8,61.8,61.8,61.8,61.8,61.8,61.8,61.8,61.8,61.8,61.8
Hoan Kiem lake,105.8502658,21.0244258,60.85,60.85,60.85,60.85,60.85,60.85,60.85,60.85,60.85,60.85,60.85,60.85,60.85,60.85,60.85,60.85,60.85
Hoan Kiem lake,105.8506507,21.0244239,60.92,60.92,60.92,60.92,60.92,60.92,60.92,60.92,60.92,60.92,60.92,60.92,60.92,60.92,60.92,60.92,60.92
Hoan Kiem lake,105.8510356,21.024422,64.47,64.47,64.47,64.47,64.47,64.47,64.47,64.47,64.47,64.47,64.47,64.47,64.47,64.47,64.47,64.47,64.47
Hoan Kiem lake,105.8514205,21.02442,64.38,64.38,64.38,64.38,64.38,64.38,64.38,64.38,64.38,64.38,64.38,64.38,64.38,64.38,64.38,64.38,64.38
Hoan Kiem lake,105.8518054,21.0244181,64.87,64.87,64.87,64.87,64.87,64.87,64.87,64.87,64.87,64.87,64.87,64.87,64.87,64.87,64.87,64.87,64.87
Hoan Kiem lake,105.8521903,21.0244162,69.68,69.68,69.68,69.68,69.68,69.68,69.68,69.68,69.68,69.68,69.68,69.68,69.68,69.68,69.68,69.68,69.68
Hoan Kiem lake,105.8525752,21.0244142,68.96,68.96,68.96,68.96,68.96,68.96,68.96,68.96,68.96,68.96,68.96,68.96,68.96,68.96,68.96,68.96,68.96
Hoan Kiem lake,105.8529601,21.0244123,69.94,69.94,69.94,69.94,69.94,69.94,69.94,69.94,69.94,69.94,69.94,69.94,69.94,69.94,69.94,69.94,69.94
Hoan Kiem lake,105.853345,21.0244104,62.91,62.91,62.91,62.91,62.91,62.91,62.91,62.91,62.91,62.91,62.91,62.91,62.91,62.91,62.91,62.91,62.91
Hoan Kiem lake,105.8537299,21.0244085,61.89,61.89,61.89,61.89,61.89,61.89,61.89,61.89,61.89,61.89,61.89,61.89,61.89,61.89,61.89,61.89,61.89
Hoan Kiem lake,105.8541148,21.0244065,61.3,61.3,61.3,61.3,61.3,61.3,61.3,61.3,61.3,61.3,61.3,61.3,61.3,61.3,61.3,61.3,61.3
Hoan Kiem lake,105.8544997,21.0244046,61.8,61.8,61.8,61.8,61.8,61.8,61.8,61.8,61.8,61.8,61.8,61.8,61.8,61.8,61.8,61.8,61.8
Hoan Kiem lake,105.8548846,21.0244027,66.29,66.29,66.29,66.29,66.29,66.29,66.29,66.29,66.29,66.29,66.29,66.29,66.29,66.29,66.29,66.29,66.29
Hoan Kiem lake,105.8552695,21.0244007,62.78,62.78,62.78,62.78,62.78,62.78,62.78,62.78,62.78,62.78,62.78,62.78,62.78,62.78,62.78,62.78,62.78
Hoan Kiem lake,105.8556544,21.0243988,66.6,66.6,66.6,66.6,66.6,66.6,66.6,66.6,66.6,66.6,66.6,66.6,66.6,66.6,66.6,66.6,66.6
Hoan Kiem lake,105.8560393,21.0243968,62.6,62.6,62.6,62.6,62.6,62.6,62.6,62.6,62.6,62.6,62.6,62.6,62.6,62.6,62.6,62.6,62.6
Hoan Kiem lake,105.8564242,21.0243949,64.85,64.85,64.85,64.85,64.85,64.85,64.85,64.85,64.85,64.85,64.85,64.85,64.85,64.85,64.85,64.85,64.85
Hoan Kiem lake,105.8568091,21.024393,69.14,69.14,69.14,69.14,69.14,69.14,69.14,69.14,69.14,69.14,69.14,69.14,69.14,69.14,69.14,69.14,69.14
Hoan Kiem lake,105.857194,21.024391,68.84,68.84,68.84,68.84,68.84,68.84,68.84,68.84,68.84,68.84,68.84,68.84,68.84,68.84,68.84,68.84,68.84
Hoan Kiem lake,105.8575789,21.0243891,65.86,65.86,65.86,65.86,65.86,65.86,65.86,65.86,65.86,65.86,65.86,65.86,65.86,65.86,65.86,65.86,65.86
Hoan Kiem lake,105.8421849,21.0248274,60.4,60.4,60.4,60.4,60.4,60.4,60.4,60.4,60.4,60.4,60.4,60.4,60.4,60.4,60.4,60.4,60.4
Hoan Kiem lake,105.8425698,21.0248255,60.99,60.99,60.99,60.99,60.99,60.99,60.99,60.99,60.99,60.99,60.99,60.99,60.99,60.99,60.99,60.99,60.99
Hoan Kiem lake,105.8429547,21.0248236,65.97,65.97,65.97,65.97,65.97,65.97,65.97,65.97,65.97,65.97,65.97,65.97,65.97,65.97,65.97,65.97,65.97
Hoan Kiem lake,105.8433396,21.0248217,62.47,62.47,62.47,62.47,62.47,62.47,62.47,62.47,62.47,62.47,62.47,62.47,62.47,62.47,62.47,62.47,62.47
Hoan Kiem lake,105.8437245,21.0248198,60.22,60.22,60.22,60.22,60.22,60.22,60.22,60.22,60.22,60.22,60.22,60.22,60.22,60.22,60.22,60.22,60.22
Hoan Kiem lake,105.8441094,21.0248179,60.84,60.84,60.84,60.84,60.84,60.84,60.84,60.84,60.84,60.84,60.84,60.84,60.84,60.84,60.84,60.84,60.84
Hoan Kiem lake,105.8444943,21.024816,61.95,61.95,61.95,61.95,61.95,61.95,61.95,61.95,61.95,61.95,61.95,61.95,61.95,61.95,61.95,61.95,61.95
Hoan Kiem lake,105.8448792,21.024814,63.98,63.98,63.98,63.98,63.98,63.98,63.98,63.98,63.98,63.98,63.98,63.98,63.98,63.98,63.98,63.98,63.98
Hoan Kiem lake,105.8452641,21.0248121,67.66,67.66,67.66,67.66,67.66,67.66,67.66,67.66,67.66,67.66,67.66,67.66,67.66,67.66,67.66,67.66,67.66
Hoan Kiem lake,105.845649,21.0248102,68.79,68.79,68.79,68.79,68.79,68.79,68.79,68.79,68.79,68.79,68.79,68.79,68.79,68.79,68.79,68.79,68.79
Hoan Kiem lake,105.8460339,21.0248083,64.03,64.03,64.03,64.03,64.03,64.03,64.03,64.03,64.03,64.03,64.03,64.03,64.03,64.03,64.03,64.03,64.03
Hoan Kiem lake,105.8464188,21.0248064,69.0,69.0,69.0,69.0,69.0,69.0,69.0,69.0,69.0,69.0,69.0,69.0,69.0,69.0,69.0,69.0,69.0
Hoan Kiem lake,105.8468037,21.0248045,61.77,61.77,61.77,61.77,61.77,61.77,61.77,61.77,61.77,61.77,61.77,61.77,61.77,61.77,61.77,61.77,61.77
Hoan Kiem lake,105.8471886,21.0248026,60.52,60.52,60.52,60.52,60.52,60.52,60.52,60.52,60.52,60.52,60.52,60.52,60.52,60.52,60.52,60.52,60.52
Hoan Kiem lake,105.8475735,21.0248006,60.15,60.15,60.15,60.15,60.15,60.15,60.15,60.15,60.15,60.15,60.15,60.15,60.15,60.15,60.15,60.15,60.15
Hoan Kiem lake,105.8479584,21.0247987,59.98,59.98,59.98,59.98,59.98,59.98,59.98,59.98,59.98,59.98,59.98,59.98,59.98,59.98,59.98,59.98,59.98
Hoan Kiem lake,105.8483433,21.0247968,60.0,60.0,60.0,60.0,60.0,60.0,60.0,60.0,60.0,60.0,60.0,60.0,60.0,60.0,60.0,60.0,60.0
Hoan Kiem lake,105.8487282,21.0247949,60.52,60.52,60.52,60.52,60.52,60.52,60.52,60.52,60.52,60.52,60.52,60.52,60.52,60.52,60.52,60.52,60.52
Hoan Kiem lake,105.8491131,21.024793,62.19,62.19,62.19,62.19,62.19,62.19,62.19,62.19,62.19,62.19,62.19,62.19,62.19,62.19,62.19,62.19,62.19
Hoan Kiem lake,105.849498,21.024791,68.3,68.3,68.3,68.3,68.3,68.3,68.3,68.3,68.3,68.3,68.3,68.3,68.3,68.3,68.3,68.3,68.3
Hoan Kiem lake,105.8498829,21.0247891,64.0,64.0,64.0,64.0,64.0,64.0,64.0,64.0,64.0,64.0,64.0,64.0,64.0,64.0,64.0,64.0,64.0
Hoan Kiem lake,105.8502678,21.0247872,63.86,63.86,63.86,63.86,63.86,63.86,63.86,63.86,63.86,63.86,63.86,63.86,63.86,63.86,63.86,63.86,63.86
Hoan Kiem lake,105.8506527,21.0247853,65.8,65.8,65.8,65.8,65.8,65.8,65.8,65.8,65.8,65.8,65.8,65.8,65.8,65.8,65.8,65.8,65.8
Hoan Kiem lake,105.8510376,21.0247833,69.92,69.92,69.92,69.92,69.92,69.92,69.92,69.92,69.92,69.92,69.92,69.92,69.92,69.92,69.92,69.92,69.92
Hoan Kiem lake,105.8514225,21.0247814,68.06,68.06,68.06,68.06,68.06,68.06,68.06,68.06,68.06,68.06,68.06,68.06,68.06,68.06,68.06,68.06,68.06
Hoan Kiem lake,105.8518074,21.0247795,64.03,64.03,64.03,64.03,64.03,64.03,64.03,64.03,64.03,64.03,64.03,64.03,64.03,64.03,64.03,64.03,64.03
Hoan Kiem lake,105.8521923,21.0247776,62.39,62.39,62.39,62.39,62.39,62.39,62.39,62.39,62.39,62.39,62.39,62.39,62.39,62.39,62.39,62.39,62.39
Hoan Kiem lake,105.8525772,21.0247756,61.59,61.59,61.59,61.59,61.59,61.59,61.59,61.59,61.59,61.59,61.59,61.59,61.59,61.59,61.59,61.59,61.59
Hoan Kiem lake,105.8529621,21.0247737,67.34,67.34,67.34,67.34,67.34,67.34,67.34,67.34,67.34,67.34,67.34,67.34,67.34,67.34,67.34,67.34,67.34
Hoan Kiem lake,105.853347,21.0247718,63.37,63.37,63.37,63.37,63.37,63.37,63.37,63.37,63.37,63.37,63.37,63.37,63.37,63.37,63.37,63.37,63.37
Hoan Kiem lake,105.8537319,21.0247698,61.33,61.33,61.33,61.33,61.33,61.33,61.33,61.33,61.33,61.33,61.33,61.33,61.33,61.33,61.33,61.33,61.33
Hoan Kiem lake,105.8541168,21.0247679,61.31,61.31,61.31,61.31,61.31,61.31,61.31,61.31,61.31,61.31,61.31,61.31,61.31,61.31,61.31,61.31,61.31
Hoan Kiem lake,105.8545017,21.024766,61.94,61.94,61.94,61.94,61.94,61.94,61.94,61.94,61.94,61.94,61.94,61.94,61.94,61.94,61.94,61.94,61.94
Hoan Kiem lake,105.8548866,21.024764,63.38,63.38,63.38,63.38,63.38,63.38,63.38,63.38,63.38,63.38,63.38,63.38,63.38,63.38,63.38,63.38,63.38
Hoan Kiem lake,105.8552715,21.0247621,65.13,65.13,65.13,65.13,65.13,65.13,65.13,65.13,65.13,65.13,65.13,65.13,65.13,65.13,65.13,65.13,65.13
Hoan Kiem lake,105.8556564,21.0247602,69.0,69.0,69.0,69.0,69.0,69.0,69.0,69.0,69.0,69.0,69.0,69.0,69.0,69.0,69.0,69.0,69.0
Hoan Kiem lake,105.8560413,21.0247582,66.54,66.54,66.54,66.54,66.54,66.54,66.54,66.54,66.54,66.54,66.54,66.54,66.54,66.54,66.54,66.54,66.54
Hoan Kiem lake,105.8564262,21.0247563,64.06,64.06,64.06,64.06,64.06,64.06,64.06,64.06,64.06,64.06,64.06,64.06,64.06,64.06,64.06,64.06,64.06
Hoan Kiem lake,105.8568111,21.0247544,69.51,69.51,69.51,69.51,69.51,69.51,69.51,69.51,69.51,69.51,69.51,69.51,69.51,69.51,69.51,69.51,69.51
Hoan Kiem lake,105.857196,21.0247524,66.72,66.72,66.72,66.72,66.72,66.72,66.72,66.72,66.72,66.72,66.72,66.72,66.72,66.72,66.72,66.72,66.72
Hoan Kiem lake,105.8575809,21.0247505,66.97,66.97,66.97,66.97,66.97,66.97,66.97,66.97,66.97,66.97,66.97,66.97,66.97,66.97,66.97,66.97,66.97
Hoan Kiem lake,105.842187,21.0251888,61.13,61.13,61.13,61.13,61.13,61.13,61.13,61.13,61.13,61.13,61.13,61.13,61.13,61.13,61.13,61.13,61.13
Hoan Kiem lake,105.8425719,21.0251869,60.83,60.83,60.83,60.83,60.83,60.83,60.83,60.83,60.83,60.83,60.83,60.83,60.83,60.83,60.83,60.83,60.83
Hoan Kiem lake,105.8429568,21.025185,63.01,63.01,63.01,63.01,63.01,63.01,63.01,63.01,63.01,63.01,63.01,63.01,63.01,63.01,63.01,63.01,63.01
Hoan Kiem lake,105.8433417,21.0251831,64.36,64.36,64.36,64.36,64.36,64.36,64.36,64.36,64.36,64.36,64.36,64.36,64.36,64.36,64.36,64.36,64.36
Hoan Kiem lake,105.8437266,21.0251812,64.81,64.81,64.81,64.81,64.81,64.81,64.81,64.81,64.81,64.81,64.81,64.81,64.81,64.81,64.81,64.81,64.81
Hoan Kiem lake,105.8441115,21.0251793,68.96,68.96,68.96,68.96,68.96,68.96,68.96,68.96,68.96,68.96,68.96,68.96,68.96,68.96,68.96,68.96,68.96
Hoan Kiem lake,105.8444964,21.0251773,66.22,66.22,66.22,66.22,66.22,66.22,66.22,66.22,66.22,66.22,66.22,66.22,66.22,66.22,66.22,66.22,66.22
Hoan Kiem lake,105.8448813,21.0251754,63.22,63.22,63.22,63.22,63.22,63.22,63.22,63.22,63.22,63.22,63.22,63.22,63.22,63.22,63.22,63.22,63.22
Hoan Kiem lake,105.8452662,21.0251735,68.81,68.81,68.81,68.81,68.81,68.81,68.81,68.81,68.81,68.81,68.81,68.81,68.81,68.81,68.81,68.81,68.81
Hoan Kiem lake,105.8456511,21.0251716,63.38,63.38,63.38,63.38,63.38,63.38,63.38,63.38,63.38,63.38,63.38,63.38,63.38,63.38,63.38,63.38,63.38
Hoan Kiem lake,105.846036,21.0251697,66.83,66.83,66.83,66.83,66.83,66.83,66.83,66.83,66.83,66.83,66.83,66.83,66.83,66.83,66.83,66.83,66.83
Hoan Kiem lake,105.8464209,21.0251678,64.4,64.4,64.4,64.4,64.4,64.4,64.4,64.4,64.4,64.4,64.4,64.4,64.4,64.4,64.4,64.4,64.4
Hoan Kiem lake,105.8468058,21.0251659,63.59,63.59,63.59,63.59,63.59,63.59,63.59,63.59,63.59,63.59,63.59,63.59,63.59,63.59,63.59,63.59,63.59
Hoan Kiem lake,105.8471907,21.0251639,60.87,60.87,60.87,60.87,60.87,60.87,60.87,60.87,60.87,60.87,60.87,60.87,60.87,60.87,60.87,60.87,60.87
Hoan Kiem lake,105.8475756,21.025162,60.65,60.65,60.65,60.65,60.65,60.65,60.65,60.65,60.65,60.65,60.65,60.65,60.65,60.65,60.65,60.65,60.65
Hoan Kiem lake,105.8479605,21.0251601,60.87,60.87,60.87,60.87,60.87,60.87,60.87,60.87,60.87,60.87,60.87,60.87,60.87,60.87,60.87,60.87,60.87
Hoan Kiem lake,105.8483454,21.0251582,61.33,61.33,61.33,61.33,61.33,61.33,61.33,61.33,61.33,61.33,61.33,61.33,61.33,61.33,61.33,61.33,61.33
Hoan Kiem lake,105.8487303,21.0251563,62.65,62.65,62.65,62.65,62.65,62.65,62.65,62.65,62.65,62.65,62.65,62.65,62.65,62.65,62.65,62.65,62.65
Hoan Kiem lake,105.8491152,21.0251543,64.69,64.69,64.69,64.69,64.69,64.69,64.69,64.69,64.69,64.69,64.69,64.69,64.69,64.69,64.69,64.69,64.69
Hoan Kiem lake,105.8495001,21.0251524,68.57,68.57,68.57,68.57,68.57,68.57,68.57,68.57,68.57,68.57,68.57,68.57,68.57,68.57,68.57,68.57,68.57
Hoan Kiem lake,105.849885,21.0251505,70.6,70.6,70.6,70.6,70.6,70.6,70.6,70.6,70.6,70.6,70.6,70.6,70.6,70.6,70.6,70.6,70.6
Hoan Kiem lake,105.8502699,21.0251486,66.34,66.34,66.34,66.34,66.34,66.34,66.34,66.34,66.34,66.34,66.34,66.34,66.34,66.34,66.34,66.34,66.34
Hoan Kiem lake,105.8506548,21.0251467,63.71,63.71,63.71,63.71,63.71,63.71,63.71,63.71,63.71,63.71,63.71,63.71,63.71,63.71,63.71,63.71,63.71
Hoan Kiem lake,105.8510397,21.0251447,62.2,62.2,62.2,62.2,62.2,62.2,62.2,62.2,62.2,62.2,62.2,62.2,62.2,62.2,62.2,62.2,62.2
Hoan Kiem lake,105.8514246,21.0251428,69.98,69.98,69.98,69.98,69.98,69.98,69.98,69.98,69.98,69.98,69.98,69.98,69.98,69.98,69.98,69.98,69.98
Hoan Kiem lake,105.8518095,21.0251409,62.48,62.48,62.48,62.48,62.48,62.48,62.48,62.48,62.48,62.48,62.48,62.48,62.48,62.48,62.48,62.48,62.48
Hoan Kiem lake,105.8521944,21.0251389,60.26,60.26,60.26,60.26,60.26,60.26,60.26,60.26,60.26,60.26,60.26,60.26,60.26,60.26,60.26,60.26,60.26
Hoan Kiem lake,105.8525793,21.025137,61.29,61.29,61.29,61.29,61.29,61.29,61.29,61.29,61.29,61.29,61.29,61.29,61.29,61.29,61.29,61.29,61.29
Hoan Kiem lake,105.8529642,21.0251351,65.4,65.4,65.4,65.4,65.4,65.4,65.4,65.4,65.4,65.4,65.4,65.4,65.4,65.4,65.4,65.4,65.4
Hoan Kiem lake,105.8533491,21.0251332,65.46,65.46,65.46,65.46,65.46,65.46,65.46,65.46,65.46,65.46,65.46,65.46,65.46,65.46,65.46,65.46,65.46
Hoan Kiem lake,105.853734,21.0251312,64.45,64.45,64.45,64.45,64.45,64.45,64.45,64.45,64.45,64.45,64.45,64.45,64.45,64.45,64.45,64.45,64.45
Hoan Kiem lake,105.8541189,21.0251293,67.47,67.47,67.47,67.47,67.47,67.47,67.47,67.47,67.47,67.47,67.47,67.47,67.47,67.47,67.47,67.47,67.47
Hoan Kiem lake,105.8545038,21.0251274,69.0,69.0,69.0,69.0,69.0,69.0,69.0,69.0,69.0,69.0,69.0,69.0,69.0,69.0,69.0,69.0,69.0
Hoan Kiem lake,105.8548887,21.0251254,64.56,64.56,64.56,64.56,64.56,64.56,64.56,64.56,64.56,64.56,64.56,64.56,64.56,64.56,64.56,64.56,64.56
Hoan Kiem lake,105.8552736,21.0251235,68.5,68.5,68.5,68.5,68.5,68.5,68.5,68.5,68.5,68.5,68.5,68.5,68.5,68.5,68.5,68.5,68.5
Hoan Kiem lake,105.8556585,21.0251215,61.3,61.3,61.3,61.3,61.3,61.3,61.3,61.3,61.3,61.3,61.3,61.3,61.3,61.3,61.3,61.3,61.3
Hoan Kiem lake,105.8560434,21.0251196,60.75,60.75,60.75,60.75,60.75,60.75,60.75,60.75,60.75,60.75,60.75,60.75,60.75,60.75,60.75,60.75,60.75
Hoan Kiem lake,105.8564283,21.0251177,62.76,62.76,62.76,62.76,62.76,62.76,62.76,62.76,62.76,62.76,62.76,62.76,62.76,62.76,62.76,62.76,62.76
Hoan Kiem lake,105.8568132,21.0251157,67.07,67.07,67.07,67.07,67.07,67.07,67.07,67.07,67.07,67.07,67.07,67.07,67.07,67.07,67.07,67.07,67.07
Hoan Kiem lake,105.8571981,21.0251138,64.31,64.31,64.31,64.31,64.31,64.31,64.31,64.31,64.31,64.31,64.31,64.31,64.31,64.31,64.31,64.31,64.31
Hoan Kiem lake,105.857583,21.0251119,67.15,67.15,67.15,67.15,67.15,67.15,67.15,67.15,67.15,67.15,67.15,67.15,67.15,67.15,67.15,67.15,67.15
Hoan Kiem lake,105.842189,21.0255502,63.96,63.96,63.96,63.96,63.96,63.96,63.96,63.96,63.96,63.96,63.96,63.96,63.96,63.96,63.96,63.96,63.96
Hoan Kiem lake,105.8425739,21.0255483,66.41,66.41,66.41,66.41,66.41,66.41,66.41,66.41,66.41,66.41,66.41,66.41,66.41,66.41,66.41,66.41,66.41
Hoan Kiem lake,105.8429588,21.0255464,68.98,68.98,68.98,68.98,68.98,68.98,68.98,68.98,68.98,68.98,68.98,68.98,68.98,68.98,68.98,68.98,68.98
Hoan Kiem lake,105.8433437,21.0255445,68.98,68.98,68.98,68.98,68.98,68.98,68.98,68.98,68.98,68.98,68.98,68.98,68.98,68.98,68.98,68.98,68.98
Hoan Kiem lake,105.8437286,21.0255425,62.73,62.73,62.73,62.73,62.73,62.73,62.73,62.73,62.73,62.73,62.73,62.73,62.73,62.73,62.73,62.73,62.73
Hoan Kiem lake,105.8441135,21.0255406,61.48,61.48,61.48,61.48,61.48,61.48,61.48,61.48,61.48,61.48,61.48,61.48,61.48,61.48,61.48,61.48,61.48
Hoan Kiem lake,105.8444984,21.0255387,60.71,60.71,60.71,60.71,60.71,60.71,60.71,60.71,60.71,60.71,60.71,60.71,60.71,60.71,60.71,60.71,60.71
Hoan Kiem lake,105.8448833,21.0255368,61.01,61.01,61.01,61.01,61.01,61.01,61.01,61.01,61.01,61.01,61.01,61.01,61.01,61.01,61.01,61.01,61.01
Hoan Kiem lake,105.8452682,21.0255349,67.37,67.37,67.37,67.37,67.37,67.37,67.37,67.37,67.37,67.37,67.37,67.37,67.37,67.37,67.37,67.37,67.37
Hoan Kiem lake,105.8456531,21.025533,68.67,68.67,68.67,68.67,68.67,68.67,68.67,68.67,68.67,68.67,68.67,68.67,68.67,68.67,68.67,68.67,68.67
Hoan Kiem lake,105.846038,21.0255311,62.31,62.31,62.31,62.31,62.31,62.31,62.31,62.31,62.31,62.31,62.31,62.31,62.31,62.31,62.31,62.31,62.31
Hoan Kiem lake,105.8464229,21.0255292,63.19,63.19,63.19,63.19,63.19,63.19,63.19,63.19,63.19,63.19,63.19,63.19,63.19,63.19,63.19,63.19,63.19
Hoan Kiem lake,105.8468078,21.0255272,66.83,66.83,66.83,66.83,66.83,66.83,66.83,66.83,66.83,66.83,66.83,66.83,66.83,66.83,66.83,66.83,66.83
Hoan Kiem lake,105.8471927,21.0255253,62.95,62.95,62.95,62.95,62.95,62.95,62.95,62.95,62.95,62.95,62.95,62.95,62.95,62.95,62.95,62.95,62.95
Hoan Kiem lake,105.8475776,21.0255234,63.86,63.86,63.86,63.86,63.86,63.86,63.86,63.86,63.86,63.86,63.86,63.86,63.86,63.86,63.86,63.86,63.86
Hoan Kiem lake,105.8479625,21.0255215,64.82,64.82,64.82,64.82,64.82,64.82,64.82,64.82,64.82,64.82,64.82,64.82,64.82,64.82,64.82,64.82,64.82
Hoan Kiem lake,105.8483474,21.0255196,68.49,68.49,68.49,68.49,68.49,68.49,68.49,68.49,68.49,68.49,68.49,68.49,68.49,68.49,68.49,68.49,68.49
Hoan Kiem lake,105.8487323,21.0255176,69.95,69.95,69.95,69.95,69.95,69.95,69.95,69.95,69.95,69.95,69.95,69.95,69.95,69.95,69.95,69.95,69.95
Hoan Kiem lake,105.8491172,21.0255157,65.23,65.23,65.23,65.23,65.23,65.23,65.23,65.23,65.23,65.23,65.23,65.23,65.23,65.23,65.23,65.23,65.23
Hoan Kiem lake,105.8495021,21.0255138,64.62,64.62,64.62,64.62,64.62,64.62,64.62,64.62,64.62,64.62,64.62,64.62,64.62,64.62,64.62,64.62,64.62
Hoan Kiem lake,105.849887,21.0255119,67.74,67.74,67.74,67.74,67.74,67.74,67.74,67.74,67.74,67.74,67.74,67.74,67.74,67.74,67.74,67.74,67.74
Hoan Kiem lake,105.8502719,21.02551,62.43,62.43,62.43,62.43,62.43,62.43,62.43,62.43,62.43,62.43,62.43,62.43,62.43,62.43,62.43,62.43,62.43
Hoan Kiem lake,105.8506568,21.025508,60.84,60.84,60.84,60.84,60.84,60.84,60.84,60.84,60.84,60.84,60.84,60.84,60.84,60.84,60.84,60.84,60.84
Hoan Kiem lake,105.8510417,21.0255061,61.37,61.37,61.37,61.37,61.37,61.37,61.37,61.37,61.37,61.37,61.37,61.37,61.37,61.37,61.37,61.37,61.37
Hoan Kiem lake,105.8514266,21.0255042,66.08,66.08,66.08,66.08,66.08,66.08,66.08,66.08,66.08,66.08,66.08,66.08,66.08,66.08,66.08,66.08,66.08
Hoan Kiem lake,105.8518115,21.0255023,64.35,64.35,64.35,64.35,64.35,64.35,64.35,64.35,64.35,64.35,64.35,64.35,64.35,64.35,64.35,64.35,64.35
Hoan Kiem lake,105.8521964,21.0255003,63.22,63.22,63.22,63.22,63.22,63.22,63.22,63.22,63.22,63.22,63.22,63.22,63.22,63.22,63.22,63.22,63.22
Hoan Kiem lake,105.8525813,21.0254984,65.03,65.03,65.03,65.03,65.03,65.03,65.03,65.03,65.03,65.03,65.03,65.03,65.03,65.03,65.03,65.03,65.03
Hoan Kiem lake,105.8529662,21.0254965,69.57,69.57,69.57,69.57,69.57,69.57,69.57,69.57,69.57,69.57,69.57,69.57,69.57,69.57,69.57,69.57,69.57
Hoan Kiem lake,105.8533511,21.0254945,69.57,69.57,69.57,69.57,69.57,69.57,69.57,69.57,69.57,69.57,69.57,69.57,69.57,69.57,69.57,69.57,69.57
Hoan Kiem lake,105.853736,21.0254926,64.62,64.62,64.62,64.62,64.62,64.62,64.62,64.62,64.62,64.62,64.62,64.62,64.62,64.62,64.62,64.62,64.62
Hoan Kiem lake,105.8541209,21.0254907,62.45,62.45,62.45,62.45,62.45,62.45,62.45,62.45,62.45,62.45,62.45,62.45,62.45,62.45,62.45,62.45,62.45
Hoan Kiem lake,105.8545058,21.0254887,69.01,69.01,69.01,69.01,69.01,69.01,69.01,69.01,69.01,69.01,69.01,69.01,69.01,69.01,69.01,69.01,69.01
Hoan Kiem lake,105.8548907,21.0254868,67.5,67.5,67.5,67.5,67.5,67.5,67.5,67.5,67.5,67.5,67.5,67.5,67.5,67.5,67.5,67.5,67.5
Hoan Kiem lake,105.8552756,21.0254849,68.14,68.14,68.14,68.14,68.14,68.14,68.14,68.14,68.14,68.14,68.14,68.14,68.14,68.14,68.14,68.14,68.14
Hoan Kiem lake,105.8556605,21.0254829,61.6,61.6,61.6,61.6,61.6,61.6,61.6,61.6,61.6,61.6,61.6,61.6,61.6,61.6,61.6,61.6,61.6
Hoan Kiem lake,105.8560455,21.025481,60.09,60.09,60.09,60.09,60.09,60.09,60.09,60.09,60.09,60.09,60.09,60.09,60.09,60.09,60.09,60.09,60.09
Hoan Kiem lake,105.8564304,21.0254791,64.38,64.38,64.38,64.38,64.38,64.38,64.38,64.38,64.38,64.38,64.38,64.38,64.38,64.38,64.38,64.38,64.38
Hoan Kiem lake,105.8568153,21.0254771,63.33,63.33,63.33,63.33,63.33,63.33,63.33,63.33,63.33,63.33,63.33,63.33,63.33,63.33,63.33,63.33,63.33
Hoan Kiem lake,105.8572002,21.0254752,63.85,63.85,63.85,63.85,63.85,63.85,63.85,63.85,63.85,63.85,63.85,63.85,63.85,63.85,63.85,63.85,63.85
Hoan Kiem lake,105.8575851,21.0254732,66.96,66.96,66.96,66.96,66.96,66.96,66.96,66.96,66.96,66.96,66.96,66.96,66.96,66.96,66.96,66.96,66.96
Hoan Kiem lake,105.842191,21.0259116,64.53,64.53,64.53,64.53,64.53,64.53,64.53,64.53,64.53,64.53,64.53,64.53,64.53,64.53,64.53,64.53,64.53
Hoan Kiem lake,105.8425759,21.0259097,62.41,62.41,62.41,62.41,62.41,62.41,62.41,62.41,62.41,62.41,62.41,62.41,62.41,62.41,62.41,62.41,62.41
Hoan Kiem lake,105.8429608,21.0259077,61.2,61.2,61.2,61.2,61.2,61.2,61.2,61.2,61.2,61.2,61.2,61.2,61.2,61.2,61.2,61.2,61.2
Hoan Kiem lake,105.8433457,21.0259058,67.48,67.48,67.48,67.48,67.48,67.48,67.48,67.48,67.48,67.48,67.48,67.48,67.48,67.48,67.48,67.48,67.48
Hoan Kiem lake,105.8437306,21.0259039,62.22,62.22,62.22,62.22,62.22,62.22,62.22,62.22,62.22,62.22,62.22,62.22,62.22,62.22,62.22,62.22,62.22
Hoan Kiem lake,105.8441155,21.025902,60.19,60.19,60.19,60.19,60.19,60.19,60.19,60.19,60.19,60.19,60.19,60.19,60.19,60.19,60.19,60.19,60.19
Hoan Kiem lake,105.8445004,21.0259001,60.14,60.14,60.14,60.14,60.14,60.14,60.14,60.14,60.14,60.14,60.14,60.14,60.14,60.14,60.14,60.14,60.14
Hoan Kiem lake,105.8448853,21.0258982,61.72,61.72,61.72,61.72,61.72,61.72,61.72,61.72,61.72,61.72,61.72,61.72,61.72,61.72,61.72,61.72,61.72
Hoan Kiem lake,105.8452702,21.0258963,66.71,66.71,66.71,66.71,66.71,66.71,66.71,66.71,66.71,66.71,66.71,66.71,66.71,66.71,66.71,66.71,66.71
Hoan Kiem lake,105.8456551,21.0258944,64.71,64.71,64.71,64.71,64.71,64.71,64.71,64.71,64.71,64.71,64.71,64.71,64.71,64.71,64.71,64.71,64.71
Hoan Kiem lake,105.84604,21.0258925,62.84,62.84,62.84,62.84,62.84,62.84,62.84,62.84,62.84,62.84,62.84,62.84,62.84,62.84,62.84,62.84,62.84
Hoan Kiem lake,105.846425,21.0258905,64.47,64.47,64.47,64.47,64.47,64.47,64.47,64.47,64.47,64.47,64.47,64.47,64.47,64.47,64.47,64.47,64.47
Hoan Kiem lake,105.8468099,21.0258886,70.45,70.45,70.45,70.45,70.45,70.45,70.45,70.45,70.45,70.45,70.45,70.45,70.45,70.45,70.45,70.45,70.45
Hoan Kiem lake,105.8471948,21.0258867,70.51,70.51,70.51,70.51,70.51,70.51,70.51,70.51,70.51,70.51,70.51,70.51,70.51,70.51,70.51,70.51,70.51
Hoan Kiem lake,105.8475797,21.0258848,69.62,69.62,69.62,69.62,69.62,69.62,69.62,69.62,69.62,69.62,69.62,69.62,69.62,69.62,69.62,69.62,69.62
Hoan Kiem lake,105.8479646,21.0258829,65.05,65.05,65.05,65.05,65.05,65.05,65.05,65.05,65.05,65.05,65.05,65.05,65.05,65.05,65.05,65.05,65.05
Hoan Kiem lake,105.8483495,21.025881,62.9,62.9,62.9,62.9,62.9,62.9,62.9,62.9,62.9,62.9,62.9,62.9,62.9,62.9,62.9,62.9,62.9
Hoan Kiem lake,105.8487344,21.025879,61.55,61.55,61.55,61.55,61.55,61.55,61.55,61.55,61.55,61.55,61.55,61.55,61.55,61.55,61.55,61.55,61.55
Hoan Kiem lake,105.8491193,21.0258771,61.26,61.26,61.26,61.26,61.26,61.26,61.26,61.26,61.26,61.26,61.26,61.26,61.26,61.26,61.26,61.26,61.26
Hoan Kiem lake,105.8495042,21.0258752,62.08,62.08,62.08,62.08,62.08,62.08,62.08,62.08,62.08,62.08,62.08,62.08,62.08,62.08,62.08,62.08,62.08
Hoan Kiem lake,105.8498891,21.0258733,69.23,69.23,69.23,69.23,69.23,69.23,69.23,69.23,69.23,69.23,69.23,69.23,69.23,69.23,69.23,69.23,69.23
Hoan Kiem lake,105.850274,21.0258713,63.11,63.11,63.11,63.11,63.11,63.11,63.11,63.11,63.11,63.11,63.11,63.11,63.11,63.11,63.11,63.11,63.11
Hoan Kiem lake,105.8506589,21.0258694,63.19,63.19,63.19,63.19,63.19,63.19,63.19,63.19,63.19,63.19,63.19,63.19,63.19,63.19,63.19,63.19,63.19
Hoan Kiem lake,105.8510438,21.0258675,63.65,63.65,63.65,63.65,63.65,63.65,63.65,63.65,63.65,63.65,63.65,63.65,63.65,63.65,63.65,63.65,63.65
Hoan Kiem lake,105.8514287,21.0258656,66.39,66.39,66.39,66.39,66.39,66.39,66.39,66.39,66.39,66.39,66.39,66.39,66.39,66.39,66.39,66.39,66.39
Hoan Kiem lake,105.8518136,21.0258636,70.73,70.73,70.73,70.73,70.73,70.73,70.73,70.73,70.73,70.73,70.73,70.73,70.73,70.73,70.73,70.73,70.73
Hoan Kiem lake,105.8521985,21.0258617,68.3,68.3,68.3,68.3,68.3,68.3,68.3,68.3,68.3,68.3,68.3,68.3,68.3,68.3,68.3,68.3,68.3
Hoan Kiem lake,105.8525834,21.0258598,64.6,64.6,64.6,64.6,64.6,64.6,64.6,64.6,64.6,64.6,64.6,64.6,64.6,64.6,64.6,64.6,64.6
Hoan Kiem lake,105.8529683,21.0258579,63.63,63.63,63.63,63.63,63.63,63.63,63.63,63.63,63.63,63.63,63.63,63.63,63.63,63.63,63.63,63.63,63.63
Hoan Kiem lake,105.8533532,21.0258559,70.44,70.44,70.44,70.44,70.44,70.44,70.44,70.44,70.44,70.44,70.44,70.44,70.44,70.44,70.44,70.44,70.44
Hoan Kiem lake,105.8537381,21.025854,66.8,66.8,66.8,66.8,66.8,66.8,66.8,66.8,66.8,66.8,66.8,66.8,66.8,66.8,66.8,66.8,66.8
Hoan Kiem lake,105.854123,21.0258521,69.12,69.12,69.12,69.12,69.12,69.12,69.12,69.12,69.12,69.12,69.12,69.12,69.12,69.12,69.12,69.12,69.12
Hoan Kiem lake,105.8545079,21.0258501,64.24,64.24,64.24,64.24,64.24,64.24,64.24,64.24,64.24,64.24,64.24,64.24,64.24,64.24,64.24,64.24,64.24
Hoan Kiem lake,105.8548928,21.0258482,61.88,61.88,61.88,61.88,61.88,61.88,61.88,61.88,61.88,61.88,61.88,61.88,61.88,61.88,61.88,61.88,61.88
Hoan Kiem lake,105.8552777,21.0258463,63.84,63.84,63.84,63.84,63.84,63.84,63.84,63.84,63.84,63.84,63.84,63.84,63.84,63.84,63.84,63.84,63.84
Hoan Kiem lake,105.8556626,21.0258443,63.11,63.11,63.11,63.11,63.11,63.11,63.11,63.11,63.11,63.11,63.11,63.11,63.11,63.11,63.11,63.11,63.11
Hoan Kiem lake,105.8560475,21.0258424,63.69,63.69,63.69,63.69,63.69,63.69,63.69,63.69,63.69,63.69,63.69,63.69,63.69,63.69,63.69,63.69,63.69
Hoan Kiem lake,105.8564324,21.0258404,68.97,68.97,68.97,68.97,68.97,68.97,68.97,68.97,68.97,68.97,68.97,68.97,68.97,68.97,68.97,68.97,68.97
Hoan Kiem lake,105.8568173,21.0258385,65.21,65.21,65.21,65.21,65.21,65.21,65.21,65.21,65.21,65.21,65.21,65.21,65.21,65.21,65.21,65.21,65.21
Hoan Kiem lake,105.8572022,21.0258366,63.1,63.1,63.1,63.1,63.1,63.1,63.1,63.1,63.1,63.1,63.1,63.1,63.1,63.1,63.1,63.1,63.1
Hoan Kiem lake,105.8575871,21.0258346,61.93,61.93,61.93,61.93,61.93,61.93,61.93,61.93,61.93,61.93,61.93,61.93,61.93,61.93,61.93,61.93,61.93
Hoan Kiem lake,105.842193,21.0262729,63.56,63.56,63.56,63.56,63.56,63.56,63.56,63.56,63.56,63.56,63.56,63.56,63.56,63.56,63.56,63.56,63.56
Hoan Kiem lake,105.842578,21.026271,63.1,63.1,63.1,63.1,63.1,63.1,63.1,63.1,63.1,63.1,63.1,63.1,63.1,63.1,63.1,63.1,63.1
Hoan Kiem lake,105.8429629,21.0262691,63.2,63.2,63.2,63.2,63.2,63.2,63.2,63.2,63.2,63.2,63.2,63.2,63.2,63.2,63.2,63.2,63.2
Hoan Kiem lake,105.8433478,21.0262672,64.2,64.2,64.2,64.2,64.2,64.2,64.2,64.2,64.2,64.2,64.2,64.2,64.2,64.2,64.2,64.2,64.2
Hoan Kiem lake,105.8437327,21.0262653,64.16,64.16,64.16,64.16,64.16,64.16,64.16,64.16,64.16,64.16,64.16,64.16,64.16,64.16,64.16,64.16,64.16
Hoan Kiem lake,105.8441176,21.0262634,61.71,61.71,61.71,61.71,61.71,61.71,61.71,61.71,61.71,61.71,61.71,61.71,61.71,61.71,61.71,61.71,61.71
Hoan Kiem lake,105.8445025,21.0262615,62.14,62.14,62.14,62.14,62.14,62.14,62.14,62.14,62.14,62.14,62.14,62.14,62.14,62.14,62.14,62.14,62.14
Hoan Kiem lake,105.8448874,21.0262596,64.41,64.41,64.41,64.41,64.41,64.41,64.41,64.41,64.41,64.41,64.41,64.41,64.41,64.41,64.41,64.41,64.41
Hoan Kiem lake,105.8452723,21.0262577,68.21,68.21,68.21,68.21,68.21,68.21,68.21,68.21,68.21,68.21,68.21,68.21,68.21,68.21,68.21,68.21,68.21
Hoan Kiem lake,105.8456572,21.0262558,69.5,69.5,69.5,69.5,69.5,69.5,69.5,69.5,69.5,69.5,69.5,69.5,69.5,69.5,69.5,69.5,69.5
Hoan Kiem lake,105.8460421,21.0262538,70.16,70.16,70.16,70.16,70.16,70.16,70.16,70.16,70.16,70.16,70.16,70.16,70.16,70.16,70.16,70.16,70.16
Hoan Kiem lake,105.846427,21.0262519,66.59,66.59,66.59,66.59,66.59,66.59,66.59,66.59,66.59,66.59,66.59,66.59,66.59,66.59,66.59,66.59,66.59
Hoan Kiem lake,105.8468119,21.02625,65.17,65.17,65.17,65.17,65.17,65.17,65.17,65.17,65.17,65.17,65.17,65.17,65.17,65.17,65.17,65.17,65.17
Hoan Kiem lake,105.8471968,21.0262481,63.96,63.96,63.96,63.96,63.96,63.96,63.96,63.96,63.96,63.96,63.96,63.96,63.96,63.96,63.96,63.96,63.96
Hoan Kiem lake,105.8475817,21.0262462,69.38,69.38,69.38,69.38,69.38,69.38,69.38,69.38,69.38,69.38,69.38,69.38,69.38,69.38,69.38,69.38,69.38
Hoan Kiem lake,105.8479666,21.0262443,62.35,62.35,62.35,62.35,62.35,62.35,62.35,62.35,62.35,62.35,62.35,62.35,62.35,62.35,62.35,62.35,62.35
Hoan Kiem lake,105.8483515,21.0262423,60.68,60.68,60.68,60.68,60.68,60.68,60.68,60.68,60.68,60.68,60.68,60.68,60.68,60.68,60.68,60.68,60.68
Hoan Kiem lake,105.8487364,21.0262404,60.62,60.62,60.62,60.62,60.62,60.62,60.62,60.62,60.62,60.62,60.62,60.62,60.62,60.62,60.62,60.62,60.62
Hoan Kiem lake,105.8491213,21.0262385,61.63,61.63,61.63,61.63,61.63,61.63,61.63,61.63,61.63,61.63,61.63,61.63,61.63,61.63,61.63,61.63,61.63
Hoan Kiem lake,105.8495062,21.0262366,63.2,63.2,63.2,63.2,63.2,63.2,63.2,63.2,63.2,63.2,63.2,63.2,63.2,63.2,63.2,63.2,63.2
Hoan Kiem lake,105.8498911,21.0262347,66.55,66.55,66.55,66.55,66.55,66.55,66.55,66.55,66.55,66.55,66.55,66.55,66.55,66.55,66.55,66.55,66.55
Hoan Kiem lake,105.850276,21.0262327,67.5,67.5,67.5,67.5,67.5,67.5,67.5,67.5,67.5,67.5,67.5,67.5,67.5,67.5,67.5,67.5,67.5
Hoan Kiem lake,105.8506609,21.0262308,71.29,71.29,71.29,71.29,71.29,71.29,71.29,71.29,71.29,71.29,71.29,71.29,71.29,71.29,71.29,71.29,71.29
Hoan Kiem lake,105.8510458,21.0262289,67.14,67.14,67.14,67.14,67.14,67.14,67.14,67.14,67.14,67.14,67.14,67.14,67.14,67.14,67.14,67.14,67.14
Hoan Kiem lake,105.8514307,21.026227,66.86,66.86,66.86,66.86,66.86,66.86,66.86,66.86,66.86,66.86,66.86,66.86,66.86,66.86,66.86,66.86,66.86
Hoan Kiem lake,105.8518156,21.026225,66.54,66.54,66.54,66.54,66.54,66.54,66.54,66.54,66.54,66.54,66.54,66.54,66.54,66.54,66.54,66.54,66.54
Hoan Kiem lake,105.8522005,21.0262231,62.41,62.41,62.41,62.41,62.41,62.41,62.41,62.41,62.41,62.41,62.41,62.41,62.41,62.41,62.41,62.41,62.41
Hoan Kiem lake,105.8525855,21.0262212,61.11,61.11,61.11,61.11,61.11,61.11,61.11,61.11,61.11,61.11,61.11,61.11,61.11,61.11,61.11,61.11,61.11
Hoan Kiem lake,105.8529704,21.0262192,63.11,63.11,63.11,63.11,63.11,63.11,63.11,63.11,63.11,63.11,63.11,63.11,63.11,63.11,63.11,63.11,63.11
Hoan Kiem lake,105.8533553,21.0262173,70.81,70.81,70.81,70.81,70.81,70.81,70.81,70.81,70.81,70.81,70.81,70.81,70.81,70.81,70.81,70.81,70.81
Hoan Kiem lake,105.8537402,21.0262154,64.25,64.25,64.25,64.25,64.25,64.25,64.25,64.25,64.25,64.25,64.25,64.25,64.25,64.25,64.25,64.25,64.25
Hoan Kiem lake,105.8541251,21.0262134,61.9,61.9,61.9,61.9,61.9,61.9,61.9,61.9,61.9,61.9,61.9,61.9,61.9,61.9,61.9,61.9,61.9
Hoan Kiem lake,105.85451,21.0262115,60.45,60.45,60.45,60.45,60.45,60.45,60.45,60.45,60.45,60.45,60.45,60.45,60.45,60.45,60.45,60.45,60.45
Hoan Kiem lake,105.8548949,21.0262096,59.41,59.41,59.41,59.41,59.41,59.41,59.41,59.41,59.41,59.41,59.41,59.41,59.41,59.41,59.41,59.41,59.41
Hoan Kiem lake,105.8552798,21.0262076,61.95,61.95,61.95,61.95,61.95,61.95,61.95,61.95,61.95,61.95,61.95,61.95,61.95,61.95,61.95,61.95,61.95
Hoan Kiem lake,105.8556647,21.0262057,66.42,66.42,66.42,66.42,66.42,66.42,66.42,66.42,66.42,66.42,66.42,66.42,66.42,66.42,66.42,66.42,66.42
Hoan Kiem lake,105.8560496,21.0262038,63.24,63.24,63.24,63.24,63.24,63.24,63.24,63.24,63.24,63.24,63.24,63.24,63.24,63.24,63.24,63.24,63.24
Hoan Kiem lake,105.8564345,21.0262018,67.73,67.73,67.73,67.73,67.73,67.73,67.73,67.73,67.73,67.73,67.73,67.73,67.73,67.73,67.73,67.73,67.73
Hoan Kiem lake,105.8568194,21.0261999,62.33,62.33,62.33,62.33,62.33,62.33,62.33,62.33,62.33,62.33,62.33,62.33,62.33,62.33,62.33,62.33,62.33
Hoan Kiem lake,105.8572043,21.0261979,64.09,64.09,64.09,64.09,64.09,64.09,64.09,64.09,64.09,64.09,64.09,64.09,64.09,64.09,64.09,64.09,64.09
Hoan Kiem lake,105.8575892,21.026196,67.47,67.47,67.47,67.47,67.47,67.47,67.47,67.47,67.47,67.47,67.47,67.47,67.47,67.47,67.47,67.47,67.47
Hoan Kiem lake,105.8421951,21.0266343,64.82,64.82,64.82,64.82,64.82,64.82,64.82,64.82,64.82,64.82,64.82,64.82,64.82,64.82,64.82,64.82,64.82
Hoan Kiem lake,105.84258,21.0266324,64.87,64.87,64.87,64.87,64.87,64.87,64.87,64.87,64.87,64.87,64.87,64.87,64.87,64.87,64.87,64.87,64.87
Hoan Kiem lake,105.8429649,21.0266305,65.1,65.1,65.1,65.1,65.1,65.1,65.1,65.1,65.1,65.1,65.1,65.1,65.1,65.1,65.1,65.1,65.1
Hoan Kiem lake,105.8433498,21.0266286,65.42,65.42,65.42,65.42,65.42,65.42,65.42,65.42,65.42,65.42,65.42,65.42,65.42,65.42,65.42,65.42,65.42
Hoan Kiem lake,105.8437347,21.0266267,68.05,68.05,68.05,68.05,68.05,68.05,68.05,68.05,68.05,68.05,68.05,68.05,68.05,68.05,68.05,68.05,68.05
Hoan Kiem lake,105.8441196,21.0266248,65.16,65.16,65.16,65.16,65.16,65.16,65.16,65.16,65.16,65.16,65.16,65.16,65.16,65.16,65.16,65.16,65.16
Hoan Kiem lake,105.8445045,21.0266229,68.39,68.39,68.39,68.39,68.39,68.39,68.39,68.39,68.39,68.39,68.39,68.39,68.39,68.39,68.39,68.39,68.39
Hoan Kiem lake,105.8448894,21.026621,71.52,71.52,71.52,71.52,71.52,71.52,71.52,71.52,71.52,71.52,71.52,71.52,71.52,71.52,71.52,71.52,71.52
Hoan Kiem lake,105.8452743,21.0266191,66.65,66.65,66.65,66.65,66.65,66.65,66.65,66.65,66.65,66.65,66.65,66.65,66.65,66.65,66.65,66.65,66.65
Hoan Kiem lake,105.8456592,21.0266171,69.73,69.73,69.73,69.73,69.73,69.73,69.73,69.73,69.73,69.73,69.73,69.73,69.73,69.73,69.73,69.73,69.73
Hoan Kiem lake,105.8460441,21.0266152,63.69,63.69,63.69,63.69,63.69,63.69,63.69,63.69,63.69,63.69,63.69,63.69,63.69,63.69,63.69,63.69,63.69
Hoan Kiem lake,105.846429,21.0266133,61.66,61.66,61.66,61.66,61.66,61.66,61.66,61.66,61.66,61.66,61.66,61.66,61.66,61.66,61.66,61.66,61.66
Hoan Kiem lake,105.8468139,21.0266114,61.21,61.21,61.21,61.21,61.21,61.21,61.21,61.21,61.21,61.21,61.21,61.21,61.21,61.21,61.21,61.21,61.21
Hoan Kiem lake,105.8471988,21.0266095,62.02,62.02,62.02,62.02,62.02,62.02,62.02,62.02,62.02,62.02,62.02,62.02,62.02,62.02,62.02,62.02,62.02
Hoan Kiem lake,105.8475837,21.0266076,68.22,68.22,68.22,68.22,68.22,68.22,68.22,68.22,68.22,68.22,68.22,68.22,68.22,68.22,68.22,68.22,68.22
Hoan Kiem lake,105.8479687,21.0266056,63.75,63.75,63.75,63.75,63.75,63.75,63.75,63.75,63.75,63.75,63.75,63.75,63.75,63.75,63.75,63.75,63.75
Hoan Kiem lake,105.8483536,21.0266037,63.38,63.38,63.38,63.38,63.38,63.38,63.38,63.38,63.38,63.38,63.38,63.38,63.38,63.38,63.38,63.38,63.38
Hoan Kiem lake,105.8487385,21.0266018,64.64,64.64,64.64,64.64,64.64,64.64,64.64,64.64,64.64,64.64,64.64,64.64,64.64,64.64,64.64,64.64,64.64
Hoan Kiem lake,105.8491234,21.0265999,68.34,68.34,68.34,68.34,68.34,68.34,68.34,68.34,68.34,68.34,68.34,68.34,68.34,68.34,68.34,68.34,68.34
Hoan Kiem lake,105.8495083,21.026598,70.06,70.06,70.06,70.06,70.06,70.06,70.06,70.06,70.06,70.06,70.06,70.06,70.06,70.06,70.06,70.06,70.06
Hoan Kiem lake,105.8498932,21.026596,66.59,66.59,66.59,66.59,66.59,66.59,66.59,66.59,66.59,66.59,66.59,66.59,66.59,66.59,66.59,66.59,66.59
Hoan Kiem lake,105.8502781,21.0265941,67.25,67.25,67.25,67.25,67.25,67.25,67.25,67.25,67.25,67.25,67.25,67.25,67.25,67.25,67.25,67.25,67.25
Hoan Kiem lake,105.850663,21.0265922,64.85,64.85,64.85,64.85,64.85,64.85,64.85,64.85,64.85,64.85,64.85,64.85,64.85,64.85,64.85,64.85,64.85
Hoan Kiem lake,105.8510479,21.0265903,62.55,62.55,62.55,62.55,62.55,62.55,62.55,62.55,62.55,62.55,62.55,62.55,62.55,62.55,62.55,62.55,62.55
Hoan Kiem lake,105.8514328,21.0265883,70.75,70.75,70.75,70.75,70.75,70.75,70.75,70.75,70.75,70.75,70.75,70.75,70.75,70.75,70.75,70.75,70.75
Hoan Kiem lake,105.8518177,21.0265864,64.71,64.71,64.71,64.71,64.71,64.71,64.71,64.71,64.71,64.71,64.71,64.71,64.71,64.71,64.71,64.71,64.71
Hoan Kiem lake,105.8522026,21.0265845,60.99,60.99,60.99,60.99,60.99,60.99,60.99,60.99,60.99,60.99,60.99,60.99,60.99,60.99,60.99,60.99,60.99
Hoan Kiem lake,105.8525875,21.0265826,59.73,59.73,59.73,59.73,59.73,59.73,59.73,59.73,59.73,59.73,59.73,59.73,59.73,59.73,59.73,59.73,59.73
Hoan Kiem lake,105.8529724,21.0265806,61.93,61.93,61.93,61.93,61.93,61.93,61.93,61.93,61.93,61.93,61.93,61.93,61.93,61.93,61.93,61.93,61.93
Hoan Kiem lake,105.8533573,21.0265787,68.13,68.13,68.13,68.13,68.13,68.13,68.13,68.13,68.13,68.13,68.13,68.13,68.13,68.13,68.13,68.13,68.13
Hoan Kiem lake,105.8537422,21.0265768,63.24,63.24,63.24,63.24,63.24,63.24,63.24,63.24,63.24,63.24,63.24,63.24,63.24,63.24,63.24,63.24,63.24
Hoan Kiem lake,105.8541271,21.0265748,60.74,60.74,60.74,60.74,60.74,60.74,60.74,60.74,60.74,60.74,60.74,60.74,60.74,60.74,60.74,60.74,60.74
Hoan Kiem lake,105.854512,21.0265729,59.95,59.95,59.95,59.95,59.95,59.95,59.95,59.95,59.95,59.95,59.95,59.95,59.95,59.95,59.95,59.95,59.95
Hoan Kiem lake,105.8548969,21.026571,59.66,59.66,59.66,59.66,59.66,59.66,59.66,59.66,59.66,59.66,59.66,59.66,59.66,59.66,59.66,59.66,59.66
Hoan Kiem lake,105.8552818,21.026569,60.78,60.78,60.78,60.78,60.78,60.78,60.78,60.78,60.78,60.78,60.78,60.78,60.78,60.78,60.78,60.78,60.78
Hoan Kiem lake,105.8556667,21.0265671,68.93,68.93,68.93,68.93,68.93,68.93,68.93,68.93,68.93,68.93,68.93,68.93,68.93,68.93,68.93,68.93,68.93
Hoan Kiem lake,105.8560516,21.0265652,63.36,63.36,63.36,63.36,63.36,63.36,63.36,63.36,63.36,63.36,63.36,63.36,63.36,63.36,63.36,63.36,63.36
Hoan Kiem lake,105.8564365,21.0265632,63.48,63.48,63.48,63.48,63.48,63.48,63.48,63.48,63.48,63.48,63.48,63.48,63.48,63.48,63.48,63.48,63.48
Hoan Kiem lake,105.8568214,21.0265613,59.65,59.65,59.65,59.65,59.65,59.65,59.65,59.65,59.65,59.65,59.65,59.65,59.65,59.65,59.65,59.65,59.65
Hoan Kiem lake,105.8572064,21.0265593,60.35,60.35,60.35,60.35,60.35,60.35,60.35,60.35,60.35,60.35,60.35,60.35,60.35,60.35,60.35,60.35,60.35
Hoan Kiem lake,105.8575913,21.0265574,65.82,65.82,65.82,65.82,65.82,65.82,65.82,65.82,65.82,65.82,65.82,65.82,65.82,65.82,65.82,65.82,65.82
Hoan Kiem lake,105.8421971,21.0269957,62.6,62.6,62.6,62.6,62.6,62.6,62.6,62.6,62.6,62.6,62.6,62.6,62.6,62.6,62.6,62.6,62.6
Hoan Kiem lake,105.842582,21.0269938,63.59,63.59,63.59,63.59,63.59,63.59,63.59,63.59,63.59,63.59,63.59,63.59,63.59,63.59,63.59,63.59,63.59
Hoan Kiem lake,105.8429669,21.0269919,65.31,65.31,65.31,65.31,65.31,65.31,65.31,65.31,65.31,65.31,65.31,65.31,65.31,65.31,65.31,65.31,65.31
Hoan Kiem lake,105.8433518,21.02699,69.81,69.81,69.81,69.81,69.81,69.81,69.81,69.81,69.81,69.81,69.81,69.81,69.81,69.81,69.81,69.81,69.81
Hoan Kiem lake,105.8437367,21.0269881,71.56,71.56,71.56,71.56,71.56,71.56,71.56,71.56,71.56,71.56,71.56,71.56,71.56,71.56,71.56,71.56,71.56
Hoan Kiem lake,105.8441216,21.0269862,65.5,65.5,65.5,65.5,65.5,65.5,65.5,65.5,65.5,65.5,65.5,65.5,65.5,65.5,65.5,65.5,65.5
Hoan Kiem lake,105.8445065,21.0269843,64.82,64.82,64.82,64.82,64.82,64.82,64.82,64.82,64.82,64.82,64.82,64.82,64.82,64.82,64.82,64.82,64.82
Hoan Kiem lake,105.8448914,21.0269824,66.91,66.91,66.91,66.91,66.91,66.91,66.91,66.91,66.91,66.91,66.91,66.91,66.91,66.91,66.91,66.91,66.91
Hoan Kiem lake,105.8452764,21.0269804,62.36,62.36,62.36,62.36,62.36,62.36,62.36,62.36,62.36,62.36,62.36,62.36,62.36,62.36,62.36,62.36,62.36
Hoan Kiem lake,105.8456613,21.0269785,65.14,65.14,65.14,65.14,65.14,65.14,65.14,65.14,65.14,65.14,65.14,65.14,65.14,65.14,65.14,65.14,65.14
Hoan Kiem lake,105.8460462,21.0269766,63.87,63.87,63.87,63.87,63.87,63.87,63.87,63.87,63.87,63.87,63.87,63.87,63.87,63.87,63.87,63.87,63.87
Hoan Kiem lake,105.8464311,21.0269747,62.07,62.07,62.07,62.07,62.07,62.07,62.07,62.07,62.07,62.07,62.07,62.07,62.07,62.07,62.07,62.07,62.07
Hoan Kiem lake,105.846816,21.0269728,62.27,62.27,62.27,62.27,62.27,62.27,62.27,62.27,62.27,62.27,62.27,62.27,62.27,62.27,62.27,62.27,62.27
Hoan Kiem lake,105.8472009,21.0269709,64.03,64.03,64.03,64.03,64.03,64.03,64.03,64.03,64.03,64.03,64.03,64.03,64.03,64.03,64.03,64.03,64.03
Hoan Kiem lake,105.8475858,21.0269689,67.38,67.38,67.38,67.38,67.38,67.38,67.38,67.38,67.38,67.38,67.38,67.38,67.38,67.38,67.38,67.38,67.38
Hoan Kiem lake,105.8479707,21.026967,70.57,70.57,70.57,70.57,70.57,70.57,70.57,70.57,70.57,70.57,70.57,70.57,70.57,70.57,70.57,70.57,70.57
Hoan Kiem lake,105.8483556,21.0269651,67.64,67.64,67.64,67.64,67.64,67.64,67.64,67.64,67.64,67.64,67.64,67.64,67.64,67.64,67.64,67.64,67.64
Hoan Kiem lake,105.8487405,21.0269632,64.48,64.48,64.48,64.48,64.48,64.48,64.48,64.48,64.48,64.48,64.48,64.48,64.48,64.48,64.48,64.48,64.48
Hoan Kiem lake,105.8491254,21.0269613,62.72,62.72,62.72,62.72,62.72,62.72,62.72,62.72,62.72,62.72,62.72,62.72,62.72,62.72,62.72,62.72,62.72
Hoan Kiem lake,105.8495103,21.0269593,62.1,62.1,62.1,62.1,62.1,62.1,62.1,62.1,62.1,62.1,62.1,62.1,62.1,62.1,62.1,62.1,62.1
Hoan Kiem lake,105.8498952,21.0269574,62.69,62.69,62.69,62.69,62.69,62.69,62.69,62.69,62.69,62.69,62.69,62.69,62.69,62.69,62.69,62.69,62.69
Hoan Kiem lake,105.8502801,21.0269555,69.21,69.21,69.21,69.21,69.21,69.21,69.21,69.21,69.21,69.21,69.21,69.21,69.21,69.21,69.21,69.21,69.21
Hoan Kiem lake,105.850665,21.0269536,62.38,62.38,62.38,62.38,62.38,62.38,62.38,62.38,62.38,62.38,62.38,62.38,62.38,62.38,62.38,62.38,62.38
Hoan Kiem lake,105.8510499,21.0269516,63.53,63.53,63.53,63.53,63.53,63.53,63.53,63.53,63.53,63.53,63.53,63.53,63.53,63.53,63.53,63.53,63.53
Hoan Kiem lake,105.8514348,21.0269497,72.34,72.34,72.34,72.34,72.34,72.34,72.34,72.34,72.34,72.34,72.34,72.34,72.34,72.34,72.34,72.34,72.34
Hoan Kiem lake,105.8518198,21.0269478,63.45,63.45,63.45,63.45,63.45,63.45,63.45,63.45,63.45,63.45,63.45,63.45,63.45,63.45,63.45,63.45,63.45
Hoan Kiem lake,105.8522047,21.0269459,60.42,60.42,60.42,60.42,60.42,60.42,60.42,60.42,60.42,60.42,60.42,60.42,60.42,60.42,60.42,60.42,60.42
Hoan Kiem lake,105.8525896,21.0269439,59.33,59.33,59.33,59.33,59.33,59.33,59.33,59.33,59.33,59.33,59.33,59.33,59.33,59.33,59.33,59.33,59.33
Hoan Kiem lake,105.8529745,21.026942,61.45,61.45,61.45,61.45,61.45,61.45,61.45,61.45,61.45,61.45,61.45,61.45,61.45,61.45,61.45,61.45,61.45
Hoan Kiem lake,105.8533594,21.0269401,66.17,66.17,66.17,66.17,66.17,66.17,66.17,66.17,66.17,66.17,66.17,66.17,66.17,66.17,66.17,66.17,66.17
Hoan Kiem lake,105.8537443,21.0269381,64.52,64.52,64.52,64.52,64.52,64.52,64.52,64.52,64.52,64.52,64.52,64.52,64.52,64.52,64.52,64.52,64.52
Hoan Kiem lake,105.8541292,21.0269362,62.64,62.64,62.64,62.64,62.64,62.64,62.64,62.64,62.64,62.64,62.64,62.64,62.64,62.64,62.64,62.64,62.64
Hoan Kiem lake,105.8545141,21.0269343,62.5,62.5,62.5,62.5,62.5,62.5,62.5,62.5,62.5,62.5,62.5,62.5,62.5,62.5,62.5,62.5,62.5
Hoan Kiem lake,105.854899,21.0269323,62.98,62.98,62.98,62.98,62.98,62.98,62.98,62.98,62.98,62.98,62.98,62.98,62.98,62.98,62.98,62.98,62.98
Hoan Kiem lake,105.8552839,21.0269304,63.9,63.9,63.9,63.9,63.9,63.9,63.9,63.9,63.9,63.9,63.9,63.9,63.9,63.9,63.9,63.9,63.9
Hoan Kiem lake,105.8556688,21.0269285,65.37,65.37,65.37,65.37,65.37,65.37,65.37,65.37,65.37,65.37,65.37,65.37,65.37,65.37,65.37,65.37,65.37
Hoan Kiem lake,105.8560537,21.0269265,67.19,67.19,67.19,67.19,67.19,67.19,67.19,67.19,67.19,67.19,67.19,67.19,67.19,67.19,67.19,67.19,67.19
Hoan Kiem lake,105.8564386,21.0269246,61.67,61.67,61.67,61.67,61.67,61.67,61.67,61.67,61.67,61.67,61.67,61.67,61.67,61.67,61.67,61.67,61.67
Hoan Kiem lake,105.8568235,21.0269227,59.19,59.19,59.19,59.19,59.19,59.19,59.19,59.19,59.19,59.19,59.19,59.19,59.19,59.19,59.19,59.19,59.19
Hoan Kiem lake,105.8572084,21.0269207,61.32,61.32,61.32,61.32,61.32,61.32,61.32,61.32,61.32,61.32,61.32,61.32,61.32,61.32,61.32,61.32,61.32
Hoan Kiem lake,105.8575933,21.0269188,69.08,69.08,69.08,69.08,69.08,69.08,69.08,69.08,69.08,69.08,69.08,69.08,69.08,69.08,69.08,69.08,69.08
Hoan Kiem lake,105.8421991,21.0273571,70.19,70.19,70.19,70.19,70.19,70.19,70.19,70.19,70.19,70.19,70.19,70.19,70.19,70.19,70.19,70.19,70.19
Hoan Kiem lake,105.842584,21.0273552,68.04,68.04,68.04,68.04,68.04,68.04,68.04,68.04,68.04,68.04,68.04,68.04,68.04,68.04,68.04,68.04,68.04
Hoan Kiem lake,105.842969,21.0273533,64.71,64.71,64.71,64.71,64.71,64.71,64.71,64.71,64.71,64.71,64.71,64.71,64.71,64.71,64.71,64.71,64.71
Hoan Kiem lake,105.8433539,21.0273514,63.14,63.14,63.14,63.14,63.14,63.14,63.14,63.14,63.14,63.14,63.14,63.14,63.14,63.14,63.14,63.14,63.14
Hoan Kiem lake,105.8437388,21.0273495,65.51,65.51,65.51,65.51,65.51,65.51,65.51,65.51,65.51,65.51,65.51,65.51,65.51,65.51,65.51,65.51,65.51
Hoan Kiem lake,105.8441237,21.0273476,65.0,65.0,65.0,65.0,65.0,65.0,65.0,65.0,65.0,65.0,65.0,65.0,65.0,65.0,65.0,65.0,65.0
Hoan Kiem lake,105.8445086,21.0273457,67.26,67.26,67.26,67.26,67.26,67.26,67.26,67.26,67.26,67.26,67.26,67.26,67.26,67.26,67.26,67.26,67.26
Hoan Kiem lake,105.8448935,21.0273437,63.56,63.56,63.56,63.56,63.56,63.56,63.56,63.56,63.56,63.56,63.56,63.56,63.56,63.56,63.56,63.56,63.56
Hoan Kiem lake,105.8452784,21.0273418,62.37,62.37,62.37,62.37,62.37,62.37,62.37,62.37,62.37,62.37,62.37,62.37,62.37,62.37,62.37,62.37,62.37
Hoan Kiem lake,105.8456633,21.0273399,64.77,64.77,64.77,64.77,64.77,64.77,64.77,64.77,64.77,64.77,64.77,64.77,64.77,64.77,64.77,64.77,64.77
Hoan Kiem lake,105.8460482,21.027338,67.38,67.38,67.38,67.38,67.38,67.38,67.38,67.38,67.38,67.38,67.38,67.38,67.38,67.38,67.38,67.38,67.38
Hoan Kiem lake,105.8464331,21.0273361,67.66,67.66,67.66,67.66,67.66,67.66,67.66,67.66,67.66,67.66,67.66,67.66,67.66,67.66,67.66,67.66,67.66
Hoan Kiem lake,105.846818,21.0273342,69.99,69.99,69.99,69.99,69.99,69.99,69.99,69.99,69.99,69.99,69.99,69.99,69.99,69.99,69.99,69.99,69.99
Hoan Kiem lake,105.8472029,21.0273323,66.45,66.45,66.45,66.45,66.45,66.45,66.45,66.45,66.45,66.45,66.45,66.45,66.45,66.45,66.45,66.45,66.45
Hoan Kiem lake,105.8475878,21.0273303,65.62,65.62,65.62,65.62,65.62,65.62,65.62,65.62,65.62,65.62,65.62,65.62,65.62,65.62,65.62,65.62,65.62
Hoan Kiem lake,105.8479727,21.0273284,65.5,65.5,65.5,65.5,65.5,65.5,65.5,65.5,65.5,65.5,65.5,65.5,65.5,65.5,65.5,65.5,65.5
Hoan Kiem lake,105.8483576,21.0273265,62.23,62.23,62.23,62.23,62.23,62.23,62.23,62.23,62.23,62.23,62.23,62.23,62.23,62.23,62.23,62.23,62.23
Hoan Kiem lake,105.8487426,21.0273246,60.83,60.83,60.83,60.83,60.83,60.83,60.83,60.83,60.83,60.83,60.83,60.83,60.83,60.83,60.83,60.83,60.83
Hoan Kiem lake,105.8491275,21.0273227,60.26,60.26,60.26,60.26,60.26,60.26,60.26,60.26,60.26,60.26,60.26,60.26,60.26,60.26,60.26,60.26,60.26
Hoan Kiem lake,105.8495124,21.0273207,60.73,60.73,60.73,60.73,60.73,60.73,60.73,60.73,60.73,60.73,60.73,60.73,60.73,60.73,60.73,60.73,60.73
Hoan Kiem lake,105.8498973,21.0273188,62.9,62.9,62.9,62.9,62.9,62.9,62.9,62.9,62.9,62.9,62.9,62.9,62.9,62.9,62.9,62.9,62.9
Hoan Kiem lake,105.8502822,21.0273169,65.89,65.89,65.89,65.89,65.89,65.89,65.89,65.89,65.89,65.89,65.89,65.89,65.89,65.89,65.89,65.89,65.89
Hoan Kiem lake,105.8506671,21.027315,61.83,61.83,61.83,61.83,61.83,61.83,61.83,61.83,61.83,61.83,61.83,61.83,61.83,61.83,61.83,61.83,61.83
Hoan Kiem lake,105.851052,21.027313,64.81,64.81,64.81,64.81,64.81,64.81,64.81,64.81,64.81,64.81,64.81,64.81,64.81,64.81,64.81,64.81,64.81
Hoan Kiem lake,105.8514369,21.0273111,70.38,70.38,70.38,70.38,70.38,70.38,70.38,70.38,70.38,70.38,70.38,70.38,70.38,70.38,70.38,70.38,70.38
Hoan Kiem lake,105.8518218,21.0273092,62.49,62.49,62.49,62.49,62.49,62.49,62.49,62.49,62.49,62.49,62.49,62.49,62.49,62.49,62.49,62.49,62.49
Hoan Kiem lake,105.8522067,21.0273073,59.92,59.92,59.92,59.92,59.92,59.92,59.92,59.92,59.92,59.92,59.92,59.92,59.92,59.92,59.92,59.92,59.92
Hoan Kiem lake,105.8525916,21.0273053,59.33,59.33,59.33,59.33,59.33,59.33,59.33,59.33,59.33,59.33,59.33,59.33,59.33,59.33,59.33,59.33,59.33
Hoan Kiem lake,105.8529765,21.0273034,61.53,61.53,61.53,61.53,61.53,61.53,61.53,61.53,61.53,61.53,61.53,61.53,61.53,61.53,61.53,61.53,61.53
Hoan Kiem lake,105.8533614,21.0273015,66.19,66.19,66.19,66.19,66.19,66.19,66.19,66.19,66.19,66.19,66.19,66.19,66.19,66.19,66.19,66.19,66.19
Hoan Kiem lake,105.8537463,21.0272995,70.03,70.03,70.03,70.03,70.03,70.03,70.03,70.03,70.03,70.03,70.03,70.03,70.03,70.03,70.03,70.03,70.03
Hoan Kiem lake,105.8541312,21.0272976,69.22,69.22,69.22,69.22,69.22,69.22,69.22,69.22,69.22,69.22,69.22,69.22,69.22,69.22,69.22,69.22,69.22
Hoan Kiem lake,105.8545161,21.0272957,66.01,66.01,66.01,66.01,66.01,66.01,66.01,66.01,66.01,66.01,66.01,66.01,66.01,66.01,66.01,66.01,66.01
Hoan Kiem lake,105.8549011,21.0272937,64.2,64.2,64.2,64.2,64.2,64.2,64.2,64.2,64.2,64.2,64.2,64.2,64.2,64.2,64.2,64.2,64.2
Hoan Kiem lake,105.855286,21.0272918,62.95,62.95,62.95,62.95,62.95,62.95,62.95,62.95,62.95,62.95,62.95,62.95,62.95,62.95,62.95,62.95,62.95
Hoan Kiem lake,105.8556709,21.0272899,62.54,62.54,62.54,62.54,62.54,62.54,62.54,62.54,62.54,62.54,62.54,62.54,62.54,62.54,62.54,62.54,62.54
Hoan Kiem lake,105.8560558,21.0272879,68.93,68.93,68.93,68.93,68.93,68.93,68.93,68.93,68.93,68.93,68.93,68.93,68.93,68.93,68.93,68.93,68.93
Hoan Kiem lake,105.8564407,21.027286,61.14,61.14,61.14,61.14,61.14,61.14,61.14,61.14,61.14,61.14,61.14,61.14,61.14,61.14,61.14,61.14,61.14
Hoan Kiem lake,105.8568256,21.027284,60.64,60.64,60.64,60.64,60.64,60.64,60.64,60.64,60.64,60.64,60.64,60.64,60.64,60.64,60.64,60.64,60.64
Hoan Kiem lake,105.8572105,21.0272821,62.69,62.69,62.69,62.69,62.69,62.69,62.69,62.69,62.69,62.69,62.69,62.69,62.69,62.69,62.69,62.69,62.69
Hoan Kiem lake,105.8575954,21.0272802,65.73,65.73,65.73,65.73,65.73,65.73,65.73,65.73,65.73,65.73,65.73,65.73,65.73,65.73,65.73,65.73,65.73
Hoan Kiem lake,105.8422012,21.0277185,69.54,69.54,69.54,69.54,69.54,69.54,69.54,69.54,69.54,69.54,69.54,69.54,69.54,69.54,69.54,69.54,69.54
Hoan Kiem lake,105.8425861,21.0277166,66.19,66.19,66.19,66.19,66.19,66.19,66.19,66.19,66.19,66.19,66.19,66.19,66.19,66.19,66.19,66.19,66.19
Hoan Kiem lake,105.842971,21.0277147,64.22,64.22,64.22,64.22,64.22,64.22,64.22,64.22,64.22,64.22,64.22,64.22,64.22,64.22,64.22,64.22,64.22
Hoan Kiem lake,105.8433559,21.0277128,63.26,63.26,63.26,63.26,63.26,63.26,63.26,63.26,63.26,63.26,63.26,63.26,63.26,63.26,63.26,63.26,63.26
Hoan Kiem lake,105.8437408,21.0277109,64.17,64.17,64.17,64.17,64.17,64.17,64.17,64.17,64.17,64.17,64.17,64.17,64.17,64.17,64.17,64.17,64.17
Hoan Kiem lake,105.8441257,21.0277089,68.53,68.53,68.53,68.53,68.53,68.53,68.53,68.53,68.53,68.53,68.53,68.53,68.53,68.53,68.53,68.53,68.53
Hoan Kiem lake,105.8445106,21.027707,67.76,67.76,67.76,67.76,67.76,67.76,67.76,67.76,67.76,67.76,67.76,67.76,67.76,67.76,67.76,67.76,67.76
Hoan Kiem lake,105.8448955,21.0277051,66.52,66.52,66.52,66.52,66.52,66.52,66.52,66.52,66.52,66.52,66.52,66.52,66.52,66.52,66.52,66.52,66.52
Hoan Kiem lake,105.8452804,21.0277032,70.07,70.07,70.07,70.07,70.07,70.07,70.07,70.07,70.07,70.07,70.07,70.07,70.07,70.07,70.07,70.07,70.07
Hoan Kiem lake,105.8456653,21.0277013,68.73,68.73,68.73,68.73,68.73,68.73,68.73,68.73,68.73,68.73,68.73,68.73,68.73,68.73,68.73,68.73,68.73
Hoan Kiem lake,105.8460502,21.0276994,70.09,70.09,70.09,70.09,70.09,70.09,70.09,70.09,70.09,70.09,70.09,70.09,70.09,70.09,70.09,70.09,70.09
Hoan Kiem lake,105.8464352,21.0276975,64.13,64.13,64.13,64.13,64.13,64.13,64.13,64.13,64.13,64.13,64.13,64.13,64.13,64.13,64.13,64.13,64.13
Hoan Kiem lake,105.8468201,21.0276956,62.25,62.25,62.25,62.25,62.25,62.25,62.25,62.25,62.25,62.25,62.25,62.25,62.25,62.25,62.25,62.25,62.25
Hoan Kiem lake,105.847205,21.0276936,61.89,61.89,61.89,61.89,61.89,61.89,61.89,61.89,61.89,61.89,61.89,61.89,61.89,61.89,61.89,61.89,61.89
Hoan Kiem lake,105.8475899,21.0276917,63.86,63.86,63.86,63.86,63.86,63.86,63.86,63.86,63.86,63.86,63.86,63.86,63.86,63.86,63.86,63.86,63.86
Hoan Kiem lake,105.8479748,21.0276898,64.55,64.55,64.55,64.55,64.55,64.55,64.55,64.55,64.55,64.55,64.55,64.55,64.55,64.55,64.55,64.55,64.55
Hoan Kiem lake,105.8483597,21.0276879,60.87,60.87,60.87,60.87,60.87,60.87,60.87,60.87,60.87,60.87,60.87,60.87,60.87,60.87,60.87,60.87,60.87
Hoan Kiem lake,105.8487446,21.027686,59.53,59.53,59.53,59.53,59.53,59.53,59.53,59.53,59.53,59.53,59.53,59.53,59.53,59.53,59.53,59.53,59.53
Hoan Kiem lake,105.8491295,21.027684,59.41,59.41,59.41,59.41,59.41,59.41,59.41,59.41,59.41,59.41,59.41,59.41,59.41,59.41,59.41,59.41,59.41
Hoan Kiem lake,105.8495144,21.0276821,60.61,60.61,60.61,60.61,60.61,60.61,60.61,60.61,60.61,60.61,60.61,60.61,60.61,60.61,60.61,60.61,60.61
Hoan Kiem lake,105.8498993,21.0276802,65.15,65.15,65.15,65.15,65.15,65.15,65.15,65.15,65.15,65.15,65.15,65.15,65.15,65.15,65.15,65.15,65.15
Hoan Kiem lake,105.8502842,21.0276783,63.13,63.13,63.13,63.13,63.13,63.13,63.13,63.13,63.13,63.13,63.13,63.13,63.13,63.13,63.13,63.13,63.13
Hoan Kiem lake,105.8506691,21.0276763,61.92,61.92,61.92,61.92,61.92,61.92,61.92,61.92,61.92,61.92,61.92,61.92,61.92,61.92,61.92,61.92,61.92
Hoan Kiem lake,105.851054,21.0276744,66.72,66.72,66.72,66.72,66.72,66.72,66.72,66.72,66.72,66.72,66.72,66.72,66.72,66.72,66.72,66.72,66.72
Hoan Kiem lake,105.8514389,21.0276725,66.64,66.64,66.64,66.64,66.64,66.64,66.64,66.64,66.64,66.64,66.64,66.64,66.64,66.64,66.64,66.64,66.64
Hoan Kiem lake,105.8518239,21.0276706,61.7,61.7,61.7,61.7,61.7,61.7,61.7,61.7,61.7,61.7,61.7,61.7,61.7,61.7,61.7,61.7,61.7
Hoan Kiem lake,105.8522088,21.0276686,59.47,59.47,59.47,59.47,59.47,59.47,59.47,59.47,59.47,59.47,59.47,59.47,59.47,59.47,59.47,59.47,59.47
Hoan Kiem lake,105.8525937,21.0276667,59.07,59.07,59.07,59.07,59.07,59.07,59.07,59.07,59.07,59.07,59.07,59.07,59.07,59.07,59.07,59.07,59.07
Hoan Kiem lake,105.8529786,21.0276648,61.01,61.01,61.01,61.01,61.01,61.01,61.01,61.01,61.01,61.01,61.01,61.01,61.01,61.01,61.01,61.01,61.01
Hoan Kiem lake,105.8533635,21.0276628,64.5,64.5,64.5,64.5,64.5,64.5,64.5,64.5,64.5,64.5,64.5,64.5,64.5,64.5,64.5,64.5,64.5
Hoan Kiem lake,105.8537484,21.0276609,67.07,67.07,67.07,67.07,67.07,67.07,67.07,67.07,67.07,67.07,67.07,67.07,67.07,67.07,67.07,67.07,67.07
Hoan Kiem lake,105.8541333,21.027659,64.75,64.75,64.75,64.75,64.75,64.75,64.75,64.75,64.75,64.75,64.75,64.75,64.75,64.75,64.75,64.75,64.75
Hoan Kiem lake,105.8545182,21.027657,65.44,65.44,65.44,65.44,65.44,65.44,65.44,65.44,65.44,65.44,65.44,65.44,65.44,65.44,65.44,65.44,65.44
Hoan Kiem lake,105.8549031,21.0276551,67.43,67.43,67.43,67.43,67.43,67.43,67.43,67.43,67.43,67.43,67.43,67.43,67.43,67.43,67.43,67.43,67.43
Hoan Kiem lake,105.855288,21.0276532,68.96,68.96,68.96,68.96,68.96,68.96,68.96,68.96,68.96,68.96,68.96,68.96,68.96,68.96,68.96,68.96,68.96
Hoan Kiem lake,105.8556729,21.0276512,68.93,68.93,68.93,68.93,68.93,68.93,68.93,68.93,68.93,68.93,68.93,68.93,68.93,68.93,68.93,68.93,68.93
Hoan Kiem lake,105.8560578,21.0276493,68.94,68.94,68.94,68.94,68.94,68.94,68.94,68.94,68.94,68.94,68.94,68.94,68.94,68.94,68.94,68.94,68.94
Hoan Kiem lake,105.8564427,21.0276474,68.96,68.96,68.96,68.96,68.96,68.96,68.96,68.96,68.96,68.96,68.96,68.96,68.96,68.96,68.96,68.96,68.96
Hoan Kiem lake,105.8568276,21.0276454,68.87,68.87,68.87,68.87,68.87,68.87,68.87,68.87,68.87,68.87,68.87,68.87,68.87,68.87,68.87,68.87,68.87
Hoan Kiem lake,105.8572126,21.0276435,66.3,66.3,66.3,66.3,66.3,66.3,66.3,66.3,66.3,66.3,66.3,66.3,66.3,66.3,66.3,66.3,66.3
Hoan Kiem lake,105.8575975,21.0276415,65.36,65.36,65.36,65.36,65.36,65.36,65.36,65.36,65.36,65.36,65.36,65.36,65.36,65.36,65.36,65.36,65.36
Hoan Kiem lake,105.8422032,21.0280799,63.25,63.25,63.25,63.25,63.25,63.25,63.25,63.25,63.25,63.25,63.25,63.25,63.25,63.25,63.25,63.25,63.25
Hoan Kiem lake,105.8425881,21.028078,67.6,67.6,67.6,67.6,67.6,67.6,67.6,67.6,67.6,67.6,67.6,67.6,67.6,67.6,67.6,67.6,67.6
Hoan Kiem lake,105.842973,21.0280761,69.5,69.5,69.5,69.5,69.5,69.5,69.5,69.5,69.5,69.5,69.5,69.5,69.5,69.5,69.5,69.5,69.5
Hoan Kiem lake,105.8433579,21.0280742,68.65,68.65,68.65,68.65,68.65,68.65,68.65,68.65,68.65,68.65,68.65,68.65,68.65,68.65,68.65,68.65,68.65
Hoan Kiem lake,105.8437428,21.0280722,71.43,71.43,71.43,71.43,71.43,71.43,71.43,71.43,71.43,71.43,71.43,71.43,71.43,71.43,71.43,71.43,71.43
Hoan Kiem lake,105.8441277,21.0280703,71.74,71.74,71.74,71.74,71.74,71.74,71.74,71.74,71.74,71.74,71.74,71.74,71.74,71.74,71.74,71.74,71.74
Hoan Kiem lake,105.8445127,21.0280684,67.56,67.56,67.56,67.56,67.56,67.56,67.56,67.56,67.56,67.56,67.56,67.56,67.56,67.56,67.56,67.56,67.56
Hoan Kiem lake,105.8448976,21.0280665,69.82,69.82,69.82,69.82,69.82,69.82,69.82,69.82,69.82,69.82,69.82,69.82,69.82,69.82,69.82,69.82,69.82
Hoan Kiem lake,105.8452825,21.0280646,63.81,63.81,63.81,63.81,63.81,63.81,63.81,63.81,63.81,63.81,63.81,63.81,63.81,63.81,63.81,63.81,63.81
Hoan Kiem lake,105.8456674,21.0280627,62.65,62.65,62.65,62.65,62.65,62.65,62.65,62.65,62.65,62.65,62.65,62.65,62.65,62.65,62.65,62.65,62.65
Hoan Kiem lake,105.8460523,21.0280608,67.12,67.12,67.12,67.12,67.12,67.12,67.12,67.12,67.12,67.12,67.12,67.12,67.12,67.12,67.12,67.12,67.12
Hoan Kiem lake,105.8464372,21.0280589,62.96,62.96,62.96,62.96,62.96,62.96,62.96,62.96,62.96,62.96,62.96,62.96,62.96,62.96,62.96,62.96,62.96
Hoan Kiem lake,105.8468221,21.0280569,60.65,60.65,60.65,60.65,60.65,60.65,60.65,60.65,60.65,60.65,60.65,60.65,60.65,60.65,60.65,60.65,60.65
Hoan Kiem lake,105.847207,21.028055,60.64,60.64,60.64,60.64,60.64,60.64,60.64,60.64,60.64,60.64,60.64,60.64,60.64,60.64,60.64,60.64,60.64
Hoan Kiem lake,105.8475919,21.0280531,63.57,63.57,63.57,63.57,63.57,63.57,63.57,63.57,63.57,63.57,63.57,63.57,63.57,63.57,63.57,63.57,63.57
Hoan Kiem lake,105.8479768,21.0280512,65.37,65.37,65.37,65.37,65.37,65.37,65.37,65.37,65.37,65.37,65.37,65.37,65.37,65.37,65.37,65.37,65.37
Hoan Kiem lake,105.8483617,21.0280493,61.46,61.46,61.46,61.46,61.46,61.46,61.46,61.46,61.46,61.46,61.46,61.46,61.46,61.46,61.46,61.46,61.46
Hoan Kiem lake,105.8487466,21.0280473,59.66,59.66,59.66,59.66,59.66,59.66,59.66,59.66,59.66,59.66,59.66,59.66,59.66,59.66,59.66,59.66,59.66
Hoan Kiem lake,105.8491316,21.0280454,59.23,59.23,59.23,59.23,59.23,59.23,59.23,59.23,59.23,59.23,59.23,59.23,59.23,59.23,59.23,59.23,59.23
Hoan Kiem lake,105.8495165,21.0280435,61.24,61.24,61.24,61.24,61.24,61.24,61.24,61.24,61.24,61.24,61.24,61.24,61.24,61.24,61.24,61.24,61.24
Hoan Kiem lake,105.8499014,21.0280416,69.01,69.01,69.01,69.01,69.01,69.01,69.01,69.01,69.01,69.01,69.01,69.01,69.01,69.01,69.01,69.01,69.01
Hoan Kiem lake,105.8502863,21.0280397,61.79,61.79,61.79,61.79,61.79,61.79,61.79,61.79,61.79,61.79,61.79,61.79,61.79,61.79,61.79,61.79,61.79
Hoan Kiem lake,105.8506712,21.0280377,62.57,62.57,62.57,62.57,62.57,62.57,62.57,62.57,62.57,62.57,62.57,62.57,62.57,62.57,62.57,62.57,62.57
Hoan Kiem lake,105.8510561,21.0280358,70.44,70.44,70.44,70.44,70.44,70.44,70.44,70.44,70.44,70.44,70.44,70.44,70.44,70.44,70.44,70.44,70.44
Hoan Kiem lake,105.851441,21.0280339,64.86,64.86,64.86,64.86,64.86,64.86,64.86,64.86,64.86,64.86,64.86,64.86,64.86,64.86,64.86,64.86,64.86
Hoan Kiem lake,105.8518259,21.0280319,61.28,61.28,61.28,61.28,61.28,61.28,61.28,61.28,61.28,61.28,61.28,61.28,61.28,61.28,61.28,61.28,61.28
Hoan Kiem lake,105.8522108,21.02803,59.27,59.27,59.27,59.27,59.27,59.27,59.27,59.27,59.27,59.27,59.27,59.27,59.27,59.27,59.27,59.27,59.27
Hoan Kiem lake,105.8525957,21.0280281,58.9,58.9,58.9,58.9,58.9,58.9,58.9,58.9,58.9,58.9,58.9,58.9,58.9,58.9,58.9,58.9,58.9
Hoan Kiem lake,105.8529806,21.0280262,60.83,60.83,60.83,60.83,60.83,60.83,60.83,60.83,60.83,60.83,60.83,60.83,60.83,60.83,60.83,60.83,60.83
Hoan Kiem lake,105.8533655,21.0280242,64.29,64.29,64.29,64.29,64.29,64.29,64.29,64.29,64.29,64.29,64.29,64.29,64.29,64.29,64.29,64.29,64.29
Hoan Kiem lake,105.8537504,21.0280223,69.01,69.01,69.01,69.01,69.01,69.01,69.01,69.01,69.01,69.01,69.01,69.01,69.01,69.01,69.01,69.01,69.01
Hoan Kiem lake,105.8541354,21.0280204,64.41,64.41,64.41,64.41,64.41,64.41,64.41,64.41,64.41,64.41,64.41,64.41,64.41,64.41,64.41,64.41,64.41
Hoan Kiem lake,105.8545203,21.0280184,62.91,62.91,62.91,62.91,62.91,62.91,62.91,62.91,62.91,62.91,62.91,62.91,62.91,62.91,62.91,62.91,62.91
Hoan Kiem lake,105.8549052,21.0280165,61.91,61.91,61.91,61.91,61.91,61.91,61.91,61.91,61.91,61.91,61.91,61.91,61.91,61.91,61.91,61.91,61.91
Hoan Kiem lake,105.8552901,21.0280146,61.12,61.12,61.12,61.12,61.12,61.12,61.12,61.12,61.12,61.12,61.12,61.12,61.12,61.12,61.12,61.12,61.12
Hoan Kiem lake,105.855675,21.0280126,67.78,67.78,67.78,67.78,67.78,67.78,67.78,67.78,67.78,67.78,67.78,67.78,67.78,67.78,67.78,67.78,67.78
Hoan Kiem lake,105.8560599,21.0280107,65.04,65.04,65.04,65.04,65.04,65.04,65.04,65.04,65.04,65.04,65.04,65.04,65.04,65.04,65.04,65.04,65.04
Hoan Kiem lake,105.8564448,21.0280087,62.57,62.57,62.57,62.57,62.57,62.57,62.57,62.57,62.57,62.57,62.57,62.57,62.57,62.57,62.57,62.57,62.57
Hoan Kiem lake,105.8568297,21.0280068,61.75,61.75,61.75,61.75,61.75,61.75,61.75,61.75,61.75,61.75,61.75,61.75,61.75,61.75,61.75,61.75,61.75
Hoan Kiem lake,105.8572146,21.0280049,69.12,69.12,69.12,69.12,69.12,69.12,69.12,69.12,69.12,69.12,69.12,69.12,69.12,69.12,69.12,69.12,69.12
Hoan Kiem lake,105.8575995,21.0280029,64.07,64.07,64.07,64.07,64.07,64.07,64.07,64.07,64.07,64.07,64.07,64.07,64.07,64.07,64.07,64.07,64.07
Hoan Kiem lake,105.8422052,21.0284413,67.54,67.54,67.54,67.54,67.54,67.54,67.54,67.54,67.54,67.54,67.54,67.54,67.54,67.54,67.54,67.54,67.54
Hoan Kiem lake,105.8425901,21.0284394,66.95,66.95,66.95,66.95,66.95,66.95,66.95,66.95,66.95,66.95,66.95,66.95,66.95,66.95,66.95,66.95,66.95
Hoan Kiem lake,105.842975,21.0284374,70.36,70.36,70.36,70.36,70.36,70.36,70.36,70.36,70.36,70.36,70.36,70.36,70.36,70.36,70.36,70.36,70.36
Hoan Kiem lake,105.84336,21.0284355,70.81,70.81,70.81,70.81,70.81,70.81,70.81,70.81,70.81,70.81,70.81,70.81,70.81,70.81,70.81,70.81,70.81
Hoan Kiem lake,105.8437449,21.0284336,70.02,70.02,70.02,70.02,70.02,70.02,70.02,70.02,70.02,70.02,70.02,70.02,70.02,70.02,70.02,70.02,70.02
Hoan Kiem lake,105.8441298,21.0284317,67.75,67.75,67.75,67.75,67.75,67.75,67.75,67.75,67.75,67.75,67.75,67.75,67.75,67.75,67.75,67.75,67.75
Hoan Kiem lake,105.8445147,21.0284298,62.63,62.63,62.63,62.63,62.63,62.63,62.63,62.63,62.63,62.63,62.63,62.63,62.63,62.63,62.63,62.63,62.63
Hoan Kiem lake,105.8448996,21.0284279,64.53,64.53,64.53,64.53,64.53,64.53,64.53,64.53,64.53,64.53,64.53,64.53,64.53,64.53,64.53,64.53,64.53
Hoan Kiem lake,105.8452845,21.028426,65.33,65.33,65.33,65.33,65.33,65.33,65.33,65.33,65.33,65.33,65.33,65.33,65.33,65.33,65.33,65.33,65.33
Hoan Kiem lake,105.8456694,21.0284241,61.62,61.62,61.62,61.62,61.62,61.62,61.62,61.62,61.62,61.62,61.62,61.62,61.62,61.62,61.62,61.62,61.62
Hoan Kiem lake,105.8460543,21.0284222,64.18,64.18,64.18,64.18,64.18,64.18,64.18,64.18,64.18,64.18,64.18,64.18,64.18,64.18,64.18,64.18,64.18
Hoan Kiem lake,105.8464392,21.0284202,63.52,63.52,63.52,63.52,63.52,63.52,63.52,63.52,63.52,63.52,63.52,63.52,63.52,63.52,63.52,63.52,63.52
Hoan Kiem lake,105.8468241,21.0284183,60.17,60.17,60.17,60.17,60.17,60.17,60.17,60.17,60.17,60.17,60.17,60.17,60.17,60.17,60.17,60.17,60.17
Hoan Kiem lake,105.8472091,21.0284164,60.01,60.01,60.01,60.01,60.01,60.01,60.01,60.01,60.01,60.01,60.01,60.01,60.01,60.01,60.01,60.01,60.01
Hoan Kiem lake,105.847594,21.0284145,63.41,63.41,63.41,63.41,63.41,63.41,63.41,63.41,63.41,63.41,63.41,63.41,63.41,63.41,63.41,63.41,63.41
Hoan Kiem lake,105.8479789,21.0284126,63.62,63.62,63.62,63.62,63.62,63.62,63.62,63.62,63.62,63.62,63.62,63.62,63.62,63.62,63.62,63.62,63.62
Hoan Kiem lake,105.8483638,21.0284106,66.16,66.16,66.16,66.16,66.16,66.16,66.16,66.16,66.16,66.16,66.16,66.16,66.16,66.16,66.16,66.16,66.16
Hoan Kiem lake,105.8487487,21.0284087,60.87,60.87,60.87,60.87,60.87,60.87,60.87,60.87,60.87,60.87,60.87,60.87,60.87,60.87,60.87,60.87,60.87
Hoan Kiem lake,105.8491336,21.0284068,59.48,59.48,59.48,59.48,59.48,59.48,59.48,59.48,59.48,59.48,59.48,59.48,59.48,59.48,59.48,59.48,59.48
Hoan Kiem lake,105.8495185,21.0284049,62.83,62.83,62.83,62.83,62.83,62.83,62.83,62.83,62.83,62.83,62.83,62.83,62.83,62.83,62.83,62.83,62.83
Hoan Kiem lake,105.8499034,21.028403,64.73,64.73,64.73,64.73,64.73,64.73,64.73,64.73,64.73,64.73,64.73,64.73,64.73,64.73,64.73,64.73,64.73
Hoan Kiem lake,105.8502883,21.028401,60.8,60.8,60.8,60.8,60.8,60.8,60.8,60.8,60.8,60.8,60.8,60.8,60.8,60.8,60.8,60.8,60.8
Hoan Kiem lake,105.8506732,21.0283991,63.4,63.4,63.4,63.4,63.4,63.4,63.4,63.4,63.4,63.4,63.4,63.4,63.4,63.4,63.4,63.4,63.4
Hoan Kiem lake,105.8510581,21.0283972,67.42,67.42,67.42,67.42,67.42,67.42,67.42,67.42,67.42,67.42,67.42,67.42,67.42,67.42,67.42,67.42,67.42
Hoan Kiem lake,105.8514431,21.0283953,66.43,66.43,66.43,66.43,66.43,66.43,66.43,66.43,66.43,66.43,66.43,66.43,66.43,66.43,66.43,66.43,66.43
Hoan Kiem lake,105.851828,21.0283933,61.34,61.34,61.34,61.34,61.34,61.34,61.34,61.34,61.34,61.34,61.34,61.34,61.34,61.34,61.34,61.34,61.34
Hoan Kiem lake,105.8522129,21.0283914,59.23,59.23,59.23,59.23,59.23,59.23,59.23,59.23,59.23,59.23,59.23,59.23,59.23,59.23,59.23,59.23,59.23
Hoan Kiem lake,105.8525978,21.0283895,58.59,58.59,58.59,58.59,58.59,58.59,58.59,58.59,58.59,58.59,58.59,58.59,58.59,58.59,58.59,58.59,58.59
Hoan Kiem lake,105.8529827,21.0283875,60.24,60.24,60.24,60.24,60.24,60.24,60.24,60.24,60.24,60.24,60.24,60.24,60.24,60.24,60.24,60.24,60.24
Hoan Kiem lake,105.8533676,21.0283856,62.84,62.84,62.84,62.84,62.84,62.84,62.84,62.84,62.84,62.84,62.84,62.84,62.84,62.84,62.84,62.84,62.84
Hoan Kiem lake,105.8537525,21.0283837,70.16,70.16,70.16,70.16,70.16,70.16,70.16,70.16,70.16,70.16,70.16,70.16,70.16,70.16,70.16,70.16,70.16
Hoan Kiem lake,105.8541374,21.0283817,62.75,62.75,62.75,62.75,62.75,62.75,62.75,62.75,62.75,62.75,62.75,62.75,62.75,62.75,62.75,62.75,62.75
Hoan Kiem lake,105.8545223,21.0283798,61.1,61.1,61.1,61.1,61.1,61.1,61.1,61.1,61.1,61.1,61.1,61.1,61.1,61.1,61.1,61.1,61.1
Hoan Kiem lake,105.8549072,21.0283779,60.21,60.21,60.21,60.21,60.21,60.21,60.21,60.21,60.21,60.21,60.21,60.21,60.21,60.21,60.21,60.21,60.21
Hoan Kiem lake,105.8552921,21.0283759,61.56,61.56,61.56,61.56,61.56,61.56,61.56,61.56,61.56,61.56,61.56,61.56,61.56,61.56,61.56,61.56,61.56
Hoan Kiem lake,105.8556771,21.028374,68.94,68.94,68.94,68.94,68.94,68.94,68.94,68.94,68.94,68.94,68.94,68.94,68.94,68.94,68.94,68.94,68.94
Hoan Kiem lake,105.856062,21.0283721,62.54,62.54,62.54,62.54,62.54,62.54,62.54,62.54,62.54,62.54,62.54,62.54,62.54,62.54,62.54,62.54,62.54
Hoan Kiem lake,105.8564469,21.0283701,65.1,65.1,65.1,65.1,65.1,65.1,65.1,65.1,65.1,65.1,65.1,65.1,65.1,65.1,65.1,65.1,65.1
Hoan Kiem lake,105.8568318,21.0283682,62.27,62.27,62.27,62.27,62.27,62.27,62.27,62.27,62.27,62.27,62.27,62.27,62.27,62.27,62.27,62.27,62.27
Hoan Kiem lake,105.8572167,21.0283663,67.62,67.62,67.62,67.62,67.62,67.62,67.62,67.62,67.62,67.62,67.62,67.62,67.62,67.62,67.62,67.62,67.62
Hoan Kiem lake,105.8576016,21.0283643,63.68,63.68,63.68,63.68,63.68,63.68,63.68,63.68,63.68,63.68,63.68,63.68,63.68,63.68,63.68,63.68,63.68
Hoan Kiem lake,105.8422073,21.0288026,67.96,67.96,67.96,67.96,67.96,67.96,67.96,67.96,67.96,67.96,67.96,67.96,67.96,67.96,67.96,67.96,67.96
Hoan Kiem lake,105.8425922,21.0288007,65.18,65.18,65.18,65.18,65.18,65.18,65.18,65.18,65.18,65.18,65.18,65.18,65.18,65.18,65.18,65.18,65.18
Hoan Kiem lake,105.8429771,21.0287988,70.09,70.09,70.09,70.09,70.09,70.09,70.09,70.09,70.09,70.09,70.09,70.09,70.09,70.09,70.09,70.09,70.09
Hoan Kiem lake,105.843362,21.0287969,63.73,63.73,63.73,63.73,63.73,63.73,63.73,63.73,63.73,63.73,63.73,63.73,63.73,63.73,63.73,63.73,63.73
Hoan Kiem lake,105.8437469,21.028795,63.09,63.09,63.09,63.09,63.09,63.09,63.09,63.09,63.09,63.09,63.09,63.09,63.09,63.09,63.09,63.09,63.09
Hoan Kiem lake,105.8441318,21.0287931,66.21,66.21,66.21,66.21,66.21,66.21,66.21,66.21,66.21,66.21,66.21,66.21,66.21,66.21,66.21,66.21,66.21
Hoan Kiem lake,105.8445167,21.0287912,66.21,66.21,66.21,66.21,66.21,66.21,66.21,66.21,66.21,66.21,66.21,66.21,66.21,66.21,66.21,66.21,66.21
Hoan Kiem lake,105.8449016,21.0287893,62.38,62.38,62.38,62.38,62.38,62.38,62.38,62.38,62.38,62.38,62.38,62.38,62.38,62.38,62.38,62.38,62.38
Hoan Kiem lake,105.8452865,21.0287874,69.05,69.05,69.05,69.05,69.05,69.05,69.05,69.05,69.05,69.05,69.05,69.05,69.05,69.05,69.05,69.05,69.05
Hoan Kiem lake,105.8456715,21.0287855,67.51,67.51,67.51,67.51,67.51,67.51,67.51,67.51,67.51,67.51,67.51,67.51,67.51,67.51,67.51,67.51,67.51
Hoan Kiem lake,105.8460564,21.0287835,62.69,62.69,62.69,62.69,62.69,62.69,62.69,62.69,62.69,62.69,62.69,62.69,62.69,62.69,62.69,62.69,62.69
Hoan Kiem lake,105.8464413,21.0287816,65.31,65.31,65.31,65.31,65.31,65.31,65.31,65.31,65.31,65.31,65.31,65.31,65.31,65.31,65.31,65.31,65.31
Hoan Kiem lake,105.8468262,21.0287797,60.2,60.2,60.2,60.2,60.2,60.2,60.2,60.2,60.2,60.2,60.2,60.2,60.2,60.2,60.2,60.2,60.2
Hoan Kiem lake,105.8472111,21.0287778,59.62,59.62,59.62,59.62,59.62,59.62,59.62,59.62,59.62,59.62,59.62,59.62,59.62,59.62,59.62,59.62,59.62
Hoan Kiem lake,105.847596,21.0287759,63.27,63.27,63.27,63.27,63.27,63.27,63.27,63.27,63.27,63.27,63.27,63.27,63.27,63.27,63.27,63.27,63.27
Hoan Kiem lake,105.8479809,21.028774,63.42,63.42,63.42,63.42,63.42,63.42,63.42,63.42,63.42,63.42,63.42,63.42,63.42,63.42,63.42,63.42,63.42
Hoan Kiem lake,105.8483658,21.028772,64.09,64.09,64.09,64.09,64.09,64.09,64.09,64.09,64.09,64.09,64.09,64.09,64.09,64.09,64.09,64.09,64.09
Hoan Kiem lake,105.8487507,21.0287701,66.79,66.79,66.79,66.79,66.79,66.79,66.79,66.79,66.79,66.79,66.79,66.79,66.79,66.79,66.79,66.79,66.79
Hoan Kiem lake,105.8491356,21.0287682,62.23,62.23,62.23,62.23,62.23,62.23,62.23,62.23,62.23,62.23,62.23,62.23,62.23,62.23,62.23,62.23,62.23
Hoan Kiem lake,105.8495206,21.0287663,66.48,66.48,66.48,66.48,66.48,66.48,66.48,66.48,66.48,66.48,66.48,66.48,66.48,66.48,66.48,66.48,66.48
Hoan Kiem lake,105.8499055,21.0287643,62.81,62.81,62.81,62.81,62.81,62.81,62.81,62.81,62.81,62.81,62.81,62.81,62.81,62.81,62.81,62.81,62.81
Hoan Kiem lake,105.8502904,21.0287624,61.69,61.69,61.69,61.69,61.69,61.69,61.69,61.69,61.69,61.69,61.69,61.69,61.69,61.69,61.69,61.69,61.69
Hoan Kiem lake,105.8506753,21.0287605,66.12,66.12,66.12,66.12,66.12,66.12,66.12,66.12,66.12,66.12,66.12,66.12,66.12,66.12,66.12,66.12,66.12
Hoan Kiem lake,105.8510602,21.0287586,64.61,64.61,64.61,64.61,64.61,64.61,64.61,64.61,64.61,64.61,64.61,64.61,64.61,64.61,64.61,64.61,64.61
Hoan Kiem lake,105.8514451,21.0287566,69.54,69.54,69.54,69.54,69.54,69.54,69.54,69.54,69.54,69.54,69.54,69.54,69.54,69.54,69.54,69.54,69.54
Hoan Kiem lake,105.85183,21.0287547,61.57,61.57,61.57,61.57,61.57,61.57,61.57,61.57,61.57,61.57,61.57,61.57,61.57,61.57,61.57,61.57,61.57
Hoan Kiem lake,105.8522149,21.0287528,59.23,59.23,59.23,59.23,59.23,59.23,59.23,59.23,59.23,59.23,59.23,59.23,59.23,59.23,59.23,59.23,59.23
Hoan Kiem lake,105.8525998,21.0287509,58.45,58.45,58.45,58.45,58.45,58.45,58.45,58.45,58.45,58.45,58.45,58.45,58.45,58.45,58.45,58.45,58.45
Hoan Kiem lake,105.8529847,21.0287489,60.16,60.16,60.16,60.16,60.16,60.16,60.16,60.16,60.16,60.16,60.16,60.16,60.16,60.16,60.16,60.16,60.16
Hoan Kiem lake,105.8533697,21.028747,62.99,62.99,62.99,62.99,62.99,62.99,62.99,62.99,62.99,62.99,62.99,62.99,62.99,62.99,62.99,62.99,62.99
Hoan Kiem lake,105.8537546,21.0287451,71.75,71.75,71.75,71.75,71.75,71.75,71.75,71.75,71.75,71.75,71.75,71.75,71.75,71.75,71.75,71.75,71.75
Hoan Kiem lake,105.8541395,21.0287431,67.2,67.2,67.2,67.2,67.2,67.2,67.2,67.2,67.2,67.2,67.2,67.2,67.2,67.2,67.2,67.2,67.2
Hoan Kiem lake,105.8545244,21.0287412,65.3,65.3,65.3,65.3,65.3,65.3,65.3,65.3,65.3,65.3,65.3,65.3,65.3,65.3,65.3,65.3,65.3
Hoan Kiem lake,105.8549093,21.0287393,64.04,64.04,64.04,64.04,64.04,64.04,64.04,64.04,64.04,64.04,64.04,64.04,64.04,64.04,64.04,64.04,64.04
Hoan Kiem lake,105.8552942,21.0287373,63.08,63.08,63.08,63.08,63.08,63.08,63.08,63.08,63.08,63.08,63.08,63.08,63.08,63.08,63.08,63.08,63.08
Hoan Kiem lake,105.8556791,21.0287354,64.11,64.11,64.11,64.11,64.11,64.11,64.11,64.11,64.11,64.11,64.11,64.11,64.11,64.11,64.11,64.11,64.11
Hoan Kiem lake,105.856064,21.0287335,62.1,62.1,62.1,62.1,62.1,62.1,62.1,62.1,62.1,62.1,62.1,62.1,62.1,62.1,62.1,62.1,62.1
Hoan Kiem lake,105.8564489,21.0287315,69.03,69.03,69.03,69.03,69.03,69.03,69.03,69.03,69.03,69.03,69.03,69.03,69.03,69.03,69.03,69.03,69.03
Hoan Kiem lake,105.8568338,21.0287296,63.94,63.94,63.94,63.94,63.94,63.94,63.94,63.94,63.94,63.94,63.94,63.94,63.94,63.94,63.94,63.94,63.94
Hoan Kiem lake,105.8572188,21.0287276,64.77,64.77,64.77,64.77,64.77,64.77,64.77,64.77,64.77,64.77,64.77,64.77,64.77,64.77,64.77,64.77,64.77
Hoan Kiem lake,105.8576037,21.0287257,66.16,66.16,66.16,66.16,66.16,66.16,66.16,66.16,66.16,66.16,66.16,66.16,66.16,66.16,66.16,66.16,66.16
Hoan Kiem lake,105.8422093,21.029164,64.91,64.91,64.91,64.91,64.91,64.91,64.91,64.91,64.91,64.91,64.91,64.91,64.91,64.91,64.91,64.91,64.91
Hoan Kiem lake,105.8425942,21.0291621,72.34,72.34,72.34,72.34,72.34,72.34,72.34,72.34,72.34,72.34,72.34,72.34,72.34,72.34,72.34,72.34,72.34
Hoan Kiem lake,105.8429791,21.0291602,64.13,64.13,64.13,64.13,64.13,64.13,64.13,64.13,64.13,64.13,64.13,64.13,64.13,64.13,64.13,64.13,64.13
Hoan Kiem lake,105.843364,21.0291583,61.12,61.12,61.12,61.12,61.12,61.12,61.12,61.12,61.12,61.12,61.12,61.12,61.12,61.12,61.12,61.12,61.12
Hoan Kiem lake,105.8437489,21.0291564,60.51,60.51,60.51,60.51,60.51,60.51,60.51,60.51,60.51,60.51,60.51,60.51,60.51,60.51,60.51,60.51,60.51
Hoan Kiem lake,105.8441338,21.0291545,61.5,61.5,61.5,61.5,61.5,61.5,61.5,61.5,61.5,61.5,61.5,61.5,61.5,61.5,61.5,61.5,61.5
Hoan Kiem lake,105.8445188,21.0291526,69.02,69.02,69.02,69.02,69.02,69.02,69.02,69.02,69.02,69.02,69.02,69.02,69.02,69.02,69.02,69.02,69.02
Hoan Kiem lake,105.8449037,21.0291507,69.0,69.0,69.0,69.0,69.0,69.0,69.0,69.0,69.0,69.0,69.0,69.0,69.0,69.0,69.0,69.0,69.0
Hoan Kiem lake,105.8452886,21.0291488,64.55,64.55,64.55,64.55,64.55,64.55,64.55,64.55,64.55,64.55,64.55,64.55,64.55,64.55,64.55,64.55,64.55
Hoan Kiem lake,105.8456735,21.0291468,62.13,62.13,62.13,62.13,62.13,62.13,62.13,62.13,62.13,62.13,62.13,62.13,62.13,62.13,62.13,62.13,62.13
Hoan Kiem lake,105.8460584,21.0291449,65.97,65.97,65.97,65.97,65.97,65.97,65.97,65.97,65.97,65.97,65.97,65.97,65.97,65.97,65.97,65.97,65.97
Hoan Kiem lake,105.8464433,21.029143,68.95,68.95,68.95,68.95,68.95,68.95,68.95,68.95,68.95,68.95,68.95,68.95,68.95,68.95,68.95,68.95,68.95
Hoan Kiem lake,105.8468282,21.0291411,60.54,60.54,60.54,60.54,60.54,60.54,60.54,60.54,60.54,60.54,60.54,60.54,60.54,60.54,60.54,60.54,60.54
Hoan Kiem lake,105.8472131,21.0291392,59.35,59.35,59.35,59.35,59.35,59.35,59.35,59.35,59.35,59.35,59.35,59.35,59.35,59.35,59.35,59.35,59.35
Hoan Kiem lake,105.8475981,21.0291373,63.18,63.18,63.18,63.18,63.18,63.18,63.18,63.18,63.18,63.18,63.18,63.18,63.18,63.18,63.18,63.18,63.18
Hoan Kiem lake,105.847983,21.0291353,65.98,65.98,65.98,65.98,65.98,65.98,65.98,65.98,65.98,65.98,65.98,65.98,65.98,65.98,65.98,65.98,65.98
Hoan Kiem lake,105.8483679,21.0291334,62.04,62.04,62.04,62.04,62.04,62.04,62.04,62.04,62.04,62.04,62.04,62.04,62.04,62.04,62.04,62.04,62.04
Hoan Kiem lake,105.8487528,21.0291315,61.98,61.98,61.98,61.98,61.98,61.98,61.98,61.98,61.98,61.98,61.98,61.98,61.98,61.98,61.98,61.98,61.98
Hoan Kiem lake,105.8491377,21.0291296,66.22,66.22,66.22,66.22,66.22,66.22,66.22,66.22,66.22,66.22,66.22,66.22,66.22,66.22,66.22,66.22,66.22
Hoan Kiem lake,105.8495226,21.0291277,68.5,68.5,68.5,68.5,68.5,68.5,68.5,68.5,68.5,68.5,68.5,68.5,68.5,68.5,68.5,68.5,68.5
Hoan Kiem lake,105.8499075,21.0291257,64.75,64.75,64.75,64.75,64.75,64.75,64.75,64.75,64.75,64.75,64.75,64.75,64.75,64.75,64.75,64.75,64.75
Hoan Kiem lake,105.8502924,21.0291238,69.05,69.05,69.05,69.05,69.05,69.05,69.05,69.05,69.05,69.05,69.05,69.05,69.05,69.05,69.05,69.05,69.05
Hoan Kiem lake,105.8506773,21.0291219,69.17,69.17,69.17,69.17,69.17,69.17,69.17,69.17,69.17,69.17,69.17,69.17,69.17,69.17,69.17,69.17,69.17
Hoan Kiem lake,105.8510622,21.02912,63.69,63.69,63.69,63.69,63.69,63.69,63.69,63.69,63.69,63.69,63.69,63.69,63.69,63.69,63.69,63.69,63.69
Hoan Kiem lake,105.8514472,21.029118,69.28,69.28,69.28,69.28,69.28,69.28,69.28,69.28,69.28,69.28,69.28,69.28,69.28,69.28,69.28,69.28,69.28
Hoan Kiem lake,105.8518321,21.0291161,61.38,61.38,61.38,61.38,61.38,61.38,61.38,61.38,61.38,61.38,61.38,61.38,61.38,61.38,61.38,61.38,61.38
Hoan Kiem lake,105.852217,21.0291142,59.08,59.08,59.08,59.08,59.08,59.08,59.08,59.08,59.08,59.08,59.08,59.08,59.08,59.08,59.08,59.08,59.08
Hoan Kiem lake,105.8526019,21.0291122,58.31,58.31,58.31,58.31,58.31,58.31,58.31,58.31,58.31,58.31,58.31,58.31,58.31,58.31,58.31,58.31,58.31
Hoan Kiem lake,105.8529868,21.0291103,59.86,59.86,59.86,59.86,59.86,59.86,59.86,59.86,59.86,59.86,59.86,59.86,59.86,59.86,59.86,59.86,59.86
Hoan Kiem lake,105.8533717,21.0291084,62.29,62.29,62.29,62.29,62.29,62.29,62.29,62.29,62.29,62.29,62.29,62.29,62.29,62.29,62.29,62.29,62.29
Hoan Kiem lake,105.8537566,21.0291065,68.82,68.82,68.82,68.82,68.82,68.82,68.82,68.82,68.82,68.82,68.82,68.82,68.82,68.82,68.82,68.82,68.82
Hoan Kiem lake,105.8541415,21.0291045,64.35,64.35,64.35,64.35,64.35,64.35,64.35,64.35,64.35,64.35,64.35,64.35,64.35,64.35,64.35,64.35,64.35
Hoan Kiem lake,105.8545264,21.0291026,63.26,63.26,63.26,63.26,63.26,63.26,63.26,63.26,63.26,63.26,63.26,63.26,63.26,63.26,63.26,63.26,63.26
Hoan Kiem lake,105.8549114,21.0291006,63.35,63.35,63.35,63.35,63.35,63.35,63.35,63.35,63.35,63.35,63.35,63.35,63.35,63.35,63.35,63.35,63.35
Hoan Kiem lake,105.8552963,21.0290987,66.8,66.8,66.8,66.8,66.8,66.8,66.8,66.8,66.8,66.8,66.8,66.8,66.8,66.8,66.8,66.8,66.8
Hoan Kiem lake,105.8556812,21.0290968,64.74,64.74,64.74,64.74,64.74,64.74,64.74,64.74,64.74,64.74,64.74,64.74,64.74,64.74,64.74,64.74,64.74
Hoan Kiem lake,105.8560661,21.0290948,65.74,65.74,65.74,65.74,65.74,65.74,65.74,65.74,65.74,65.74,65.74,65.74,65.74,65.74,65.74,65.74,65.74
Hoan Kiem lake,105.856451,21.0290929,67.03,67.03,67.03,67.03,67.03,67.03,67.03,67.03,67.03,67.03,67.03,67.03,67.03,67.03,67.03,67.03,67.03
Hoan Kiem lake,105.8568359,21.029091,69.19,69.19,69.19,69.19,69.19,69.19,69.19,69.19,69.19,69.19,69.19,69.19,69.19,69.19,69.19,69.19,69.19
Hoan Kiem lake,105.8572208,21.029089,69.58,69.58,69.58,69.58,69.58,69.58,69.58,69.58,69.58,69.58,69.58,69.58,69.58,69.58,69.58,69.58,69.58
Hoan Kiem lake,105.8576057,21.0290871,71.45,71.45,71.45,71.45,71.45,71.45,71.45,71.45,71.45,71.45,71.45,71.45,71.45,71.45,71.45,71.45,71.45
Hoan Kiem lake,105.8422113,21.0295254,70.18,70.18,70.18,70.18,70.18,70.18,70.18,70.18,70.18,70.18,70.18,70.18,70.18,70.18,70.18,70.18,70.18
Hoan Kiem lake,105.8425962,21.0295235,69.74,69.74,69.74,69.74,69.74,69.74,69.74,69.74,69.74,69.74,69.74,69.74,69.74,69.74,69.74,69.74,69.74
Hoan Kiem lake,105.8429811,21.0295216,62.9,62.9,62.9,62.9,62.9,62.9,62.9,62.9,62.9,62.9,62.9,62.9,62.9,62.9,62.9,62.9,62.9
Hoan Kiem lake,105.8433661,21.0295197,60.32,60.32,60.32,60.32,60.32,60.32,60.32,60.32,60.32,60.32,60.32,60.32,60.32,60.32,60.32,60.32,60.32
Hoan Kiem lake,105.843751,21.0295178,59.75,59.75,59.75,59.75,59.75,59.75,59.75,59.75,59.75,59.75,59.75,59.75,59.75,59.75,59.75,59.75,59.75
Hoan Kiem lake,105.8441359,21.0295159,60.6,60.6,60.6,60.6,60.6,60.6,60.6,60.6,60.6,60.6,60.6,60.6,60.6,60.6,60.6,60.6,60.6
Hoan Kiem lake,105.8445208,21.029514,67.42,67.42,67.42,67.42,67.42,67.42,67.42,67.42,67.42,67.42,67.42,67.42,67.42,67.42,67.42,67.42,67.42
Hoan Kiem lake,105.8449057,21.0295121,62.99,62.99,62.99,62.99,62.99,62.99,62.99,62.99,62.99,62.99,62.99,62.99,62.99,62.99,62.99,62.99,62.99
Hoan Kiem lake,105.8452906,21.0295101,63.32,63.32,63.32,63.32,63.32,63.32,63.32,63.32,63.32,63.32,63.32,63.32,63.32,63.32,63.32,63.32,63.32
Hoan Kiem lake,105.8456755,21.0295082,68.94,68.94,68.94,68.94,68.94,68.94,68.94,68.94,68.94,68.94,68.94,68.94,68.94,68.94,68.94,68.94,68.94
Hoan Kiem lake,105.8460604,21.0295063,63.57,63.57,63.57,63.57,63.57,63.57,63.57,63.57,63.57,63.57,63.57,63.57,63.57,63.57,63.57,63.57,63.57
Hoan Kiem lake,105.8464454,21.0295044,68.93,68.93,68.93,68.93,68.93,68.93,68.93,68.93,68.93,68.93,68.93,68.93,68.93,68.93,68.93,68.93,68.93
Hoan Kiem lake,105.8468303,21.0295025,61.16,61.16,61.16,61.16,61.16,61.16,61.16,61.16,61.16,61.16,61.16,61.16,61.16,61.16,61.16,61.16,61.16
Hoan Kiem lake,105.8472152,21.0295006,59.21,59.21,59.21,59.21,59.21,59.21,59.21,59.21,59.21,59.21,59.21,59.21,59.21,59.21,59.21,59.21,59.21
Hoan Kiem lake,105.8476001,21.0294986,63.26,63.26,63.26,63.26,63.26,63.26,63.26,63.26,63.26,63.26,63.26,63.26,63.26,63.26,63.26,63.26,63.26
Hoan Kiem lake,105.847985,21.0294967,63.12,63.12,63.12,63.12,63.12,63.12,63.12,63.12,63.12,63.12,63.12,63.12,63.12,63.12,63.12,63.12,63.12
Hoan Kiem lake,105.8483699,21.0294948,66.66,66.66,66.66,66.66,66.66,66.66,66.66,66.66,66.66,66.66,66.66,66.66,66.66,66.66,66.66,66.66,66.66
Hoan Kiem lake,105.8487548,21.0294929,66.27,66.27,66.27,66.27,66.27,66.27,66.27,66.27,66.27,66.27,66.27,66.27,66.27,66.27,66.27,66.27,66.27
Hoan Kiem lake,105.8491397,21.029491,64.21,64.21,64.21,64.21,64.21,64.21,64.21,64.21,64.21,64.21,64.21,64.21,64.21,64.21,64.21,64.21,64.21
Hoan Kiem lake,105.8495247,21.029489,63.15,63.15,63.15,63.15,63.15,63.15,63.15,63.15,63.15,63.15,63.15,63.15,63.15,63.15,63.15,63.15,63.15
Hoan Kiem lake,105.8499096,21.0294871,60.42,60.42,60.42,60.42,60.42,60.42,60.42,60.42,60.42,60.42,60.42,60.42,60.42,60.42,60.42,60.42,60.42
Hoan Kiem lake,105.8502945,21.0294852,64.72,64.72,64.72,64.72,64.72,64.72,64.72,64.72,64.72,64.72,64.72,64.72,64.72,64.72,64.72,64.72,64.72
Hoan Kiem lake,105.8506794,21.0294833,64.04,64.04,64.04,64.04,64.04,64.04,64.04,64.04,64.04,64.04,64.04,64.04,64.04,64.04,64.04,64.04,64.04
Hoan Kiem lake,105.8510643,21.0294813,64.11,64.11,64.11,64.11,64.11,64.11,64.11,64.11,64.11,64.11,64.11,64.11,64.11,64.11,64.11,64.11,64.11
Hoan Kiem lake,105.8514492,21.0294794,65.8,65.8,65.8,65.8,65.8,65.8,65.8,65.8,65.8,65.8,65.8,65.8,65.8,65.8,65.8,65.8,65.8
Hoan Kiem lake,105.8518341,21.0294775,60.76,60.76,60.76,60.76,60.76,60.76,60.76,60.76,60.76,60.76,60.76,60.76,60.76,60.76,60.76,60.76,60.76
Hoan Kiem lake,105.852219,21.0294756,58.75,58.75,58.75,58.75,58.75,58.75,58.75,58.75,58.75,58.75,58.75,58.75,58.75,58.75,58.75,58.75,58.75
Hoan Kiem lake,105.8526039,21.0294736,58.02,58.02,58.02,58.02,58.02,58.02,58.02,58.02,58.02,58.02,58.02,58.02,58.02,58.02,58.02,58.02,58.02
Hoan Kiem lake,105.8529889,21.0294717,59.43,59.43,59.43,59.43,59.43,59.43,59.43,59.43,59.43,59.43,59.43,59.43,59.43,59.43,59.43,59.43,59.43
Hoan Kiem lake,105.8533738,21.0294698,61.52,61.52,61.52,61.52,61.52,61.52,61.52,61.52,61.52,61.52,61.52,61.52,61.52,61.52,61.52,61.52,61.52
Hoan Kiem lake,105.8537587,21.0294678,67.73,67.73,67.73,67.73,67.73,67.73,67.73,67.73,67.73,67.73,67.73,67.73,67.73,67.73,67.73,67.73,67.73
Hoan Kiem lake,105.8541436,21.0294659,63.17,63.17,63.17,63.17,63.17,63.17,63.17,63.17,63.17,63.17,63.17,63.17,63.17,63.17,63.17,63.17,63.17
Hoan Kiem lake,105.8545285,21.029464,60.96,60.96,60.96,60.96,60.96,60.96,60.96,60.96,60.96,60.96,60.96,60.96,60.96,60.96,60.96,60.96,60.96
Hoan Kiem lake,105.8549134,21.029462,61.97,61.97,61.97,61.97,61.97,61.97,61.97,61.97,61.97,61.97,61.97,61.97,61.97,61.97,61.97,61.97,61.97
Hoan Kiem lake,105.8552983,21.0294601,68.99,68.99,68.99,68.99,68.99,68.99,68.99,68.99,68.99,68.99,68.99,68.99,68.99,68.99,68.99,68.99,68.99
Hoan Kiem lake,105.8556832,21.0294582,60.75,60.75,60.75,60.75,60.75,60.75,60.75,60.75,60.75,60.75,60.75,60.75,60.75,60.75,60.75,60.75,60.75
Hoan Kiem lake,105.8560682,21.0294562,60.5,60.5,60.5,60.5,60.5,60.5,60.5,60.5,60.5,60.5,60.5,60.5,60.5,60.5,60.5,60.5,60.5
Hoan Kiem lake,105.8564531,21.0294543,63.4,63.4,63.4,63.4,63.4,63.4,63.4,63.4,63.4,63.4,63.4,63.4,63.4,63.4,63.4,63.4,63.4
Hoan Kiem lake,105.856838,21.0294523,69.29,69.29,69.29,69.29,69.29,69.29,69.29,69.29,69.29,69.29,69.29,69.29,69.29,69.29,69.29,69.29,69.29
Hoan Kiem lake,105.8572229,21.0294504,65.78,65.78,65.78,65.78,65.78,65.78,65.78,65.78,65.78,65.78,65.78,65.78,65.78,65.78,65.78,65.78,65.78
Hoan Kiem lake,105.8576078,21.0294485,70.12,70.12,70.12,70.12,70.12,70.12,70.12,70.12,70.12,70.12,70.12,70.12,70.12,70.12,70.12,70.12,70.12
Hoan Kiem lake,105.8422133,21.0298868,64.34,64.34,64.34,64.34,64.34,64.34,64.34,64.34,64.34,64.34,64.34,64.34,64.34,64.34,64.34,64.34,64.34
Hoan Kiem lake,105.8425983,21.0298849,66.05,66.05,66.05,66.05,66.05,66.05,66.05,66.05,66.05,66.05,66.05,66.05,66.05,66.05,66.05,66.05,66.05
Hoan Kiem lake,105.8429832,21.029883,62.96,62.96,62.96,62.96,62.96,62.96,62.96,62.96,62.96,62.96,62.96,62.96,62.96,62.96,62.96,62.96,62.96
Hoan Kiem lake,105.8433681,21.0298811,61.32,61.32,61.32,61.32,61.32,61.32,61.32,61.32,61.32,61.32,61.32,61.32,61.32,61.32,61.32,61.32,61.32
Hoan Kiem lake,105.843753,21.0298792,61.72,61.72,61.72,61.72,61.72,61.72,61.72,61.72,61.72,61.72,61.72,61.72,61.72,61.72,61.72,61.72,61.72
Hoan Kiem lake,105.8441379,21.0298773,62.62,62.62,62.62,62.62,62.62,62.62,62.62,62.62,62.62,62.62,62.62,62.62,62.62,62.62,62.62,62.62,62.62
Hoan Kiem lake,105.8445228,21.0298753,64.51,64.51,64.51,64.51,64.51,64.51,64.51,64.51,64.51,64.51,64.51,64.51,64.51,64.51,64.51,64.51,64.51
Hoan Kiem lake,105.8449077,21.0298734,64.4,64.4,64.4,64.4,64.4,64.4,64.4,64.4,64.4,64.4,64.4,64.4,64.4,64.4,64.4,64.4,64.4
Hoan Kiem lake,105.8452927,21.0298715,61.6,61.6,61.6,61.6,61.6,61.6,61.6,61.6,61.6,61.6,61.6,61.6,61.6,61.6,61.6,61.6,61.6
Hoan Kiem lake,105.8456776,21.0298696,61.01,61.01,61.01,61.01,61.01,61.01,61.01,61.01,61.01,61.01,61.01,61.01,61.01,61.01,61.01,61.01,61.01
Hoan Kiem lake,105.8460625,21.0298677,63.97,63.97,63.97,63.97,63.97,63.97,63.97,63.97,63.97,63.97,63.97,63.97,63.97,63.97,63.97,63.97,63.97
Hoan Kiem lake,105.8464474,21.0298658,68.91,68.91,68.91,68.91,68.91,68.91,68.91,68.91,68.91,68.91,68.91,68.91,68.91,68.91,68.91,68.91,68.91
Hoan Kiem lake,105.8468323,21.0298639,62.56,62.56,62.56,62.56,62.56,62.56,62.56,62.56,62.56,62.56,62.56,62.56,62.56,62.56,62.56,62.56,62.56
Hoan Kiem lake,105.8472172,21.0298619,60.18,60.18,60.18,60.18,60.18,60.18,60.18,60.18,60.18,60.18,60.18,60.18,60.18,60.18,60.18,60.18,60.18
Hoan Kiem lake,105.8476021,21.02986,63.91,63.91,63.91,63.91,63.91,63.91,63.91,63.91,63.91,63.91,63.91,63.91,63.91,63.91,63.91,63.91,63.91
Hoan Kiem lake,105.8479871,21.0298581,62.71,62.71,62.71,62.71,62.71,62.71,62.71,62.71,62.71,62.71,62.71,62.71,62.71,62.71,62.71,62.71,62.71
Hoan Kiem lake,105.848372,21.0298562,60.11,60.11,60.11,60.11,60.11,60.11,60.11,60.11,60.11,60.11,60.11,60.11,60.11,60.11,60.11,60.11,60.11
Hoan Kiem lake,105.8487569,21.0298543,62.1,62.1,62.1,62.1,62.1,62.1,62.1,62.1,62.1,62.1,62.1,62.1,62.1,62.1,62.1,62.1,62.1
Hoan Kiem lake,105.8491418,21.0298523,68.94,68.94,68.94,68.94,68.94,68.94,68.94,68.94,68.94,68.94,68.94,68.94,68.94,68.94,68.94,68.94,68.94
Hoan Kiem lake,105.8495267,21.0298504,61.18,61.18,61.18,61.18,61.18,61.18,61.18,61.18,61.18,61.18,61.18,61.18,61.18,61.18,61.18,61.18,61.18
Hoan Kiem lake,105.8499116,21.0298485,62.45,62.45,62.45,62.45,62.45,62.45,62.45,62.45,62.45,62.45,62.45,62.45,62.45,62.45,62.45,62.45,62.45
Hoan Kiem lake,105.8502965,21.0298466,69.0,69.0,69.0,69.0,69.0,69.0,69.0,69.0,69.0,69.0,69.0,69.0,69.0,69.0,69.0,69.0,69.0
Hoan Kiem lake,105.8506814,21.0298447,62.96,62.96,62.96,62.96,62.96,62.96,62.96,62.96,62.96,62.96,62.96,62.96,62.96,62.96,62.96,62.96,62.96
Hoan Kiem lake,105.8510664,21.0298427,65.65,65.65,65.65,65.65,65.65,65.65,65.65,65.65,65.65,65.65,65.65,65.65,65.65,65.65,65.65,65.65,65.65
Hoan Kiem lake,105.8514513,21.0298408,64.03,64.03,64.03,64.03,64.03,64.03,64.03,64.03,64.03,64.03,64.03,64.03,64.03,64.03,64.03,64.03,64.03
Hoan Kiem lake,105.8518362,21.0298389,60.49,60.49,60.49,60.49,60.49,60.49,60.49,60.49,60.49,60.49,60.49,60.49,60.49,60.49,60.49,60.49,60.49
Hoan Kiem lake,105.8522211,21.0298369,58.71,58.71,58.71,58.71,58.71,58.71,58.71,58.71,58.71,58.71,58.71,58.71,58.71,58.71,58.71,58.71,58.71
Hoan Kiem lake,105.852606,21.029835,58.03,58.03,58.03,58.03,58.03,58.03,58.03,58.03,58.03,58.03,58.03,58.03,58.03,58.03,58.03,58.03,58.03
Hoan Kiem lake,105.8529909,21.0298331,59.5,59.5,59.5,59.5,59.5,59.5,59.5,59.5,59.5,59.5,59.5,59.5,59.5,59.5,59.5,59.5,59.5
Hoan Kiem lake,105.8533758,21.0298312,61.68,61.68,61.68,61.68,61.68,61.68,61.68,61.68,61.68,61.68,61.68,61.68,61.68,61.68,61.68,61.68,61.68
Hoan Kiem lake,105.8537607,21.0298292,67.31,67.31,67.31,67.31,67.31,67.31,67.31,67.31,67.31,67.31,67.31,67.31,67.31,67.31,67.31,67.31,67.31
Hoan Kiem lake,105.8541457,21.0298273,63.54,63.54,63.54,63.54,63.54,63.54,63.54,63.54,63.54,63.54,63.54,63.54,63.54,63.54,63.54,63.54,63.54
Hoan Kiem lake,105.8545306,21.0298254,61.28,61.28,61.28,61.28,61.28,61.28,61.28,61.28,61.28,61.28,61.28,61.28,61.28,61.28,61.28,61.28,61.28
Hoan Kiem lake,105.8549155,21.0298234,63.67,63.67,63.67,63.67,63.67,63.67,63.67,63.67,63.67,63.67,63.67,63.67,63.67,63.67,63.67,63.67,63.67
Hoan Kiem lake,105.8553004,21.0298215,63.92,63.92,63.92,63.92,63.92,63.92,63.92,63.92,63.92,63.92,63.92,63.92,63.92,63.92,63.92,63.92,63.92
Hoan Kiem lake,105.8556853,21.0298195,60.04,60.04,60.04,60.04,60.04,60.04,60.04,60.04,60.04,60.04,60.04,60.04,60.04,60.04,60.04,60.04,60.04
Hoan Kiem lake,105.8560702,21.0298176,60.42,60.42,60.42,60.42,60.42,60.42,60.42,60.42,60.42,60.42,60.42,60.42,60.42,60.42,60.42,60.42,60.42
Hoan Kiem lake,105.8564551,21.0298157,63.89,63.89,63.89,63.89,63.89,63.89,63.89,63.89,63.89,63.89,63.89,63.89,63.89,63.89,63.89,63.89,63.89
Hoan Kiem lake,105.85684,21.0298137,69.49,69.49,69.49,69.49,69.49,69.49,69.49,69.49,69.49,69.49,69.49,69.49,69.49,69.49,69.49,69.49,69.49
Hoan Kiem lake,105.857225,21.0298118,71.59,71.59,71.59,71.59,71.59,71.59,71.59,71.59,71.59,71.59,71.59,71.59,71.59,71.59,71.59,71.59,71.59
Hoan Kiem lake,105.8576099,21.0298098,70.82,70.82,70.82,70.82,70.82,70.82,70.82,70.82,70.82,70.82,70.82,70.82,70.82,70.82,70.82,70.82,70.82
Hoan Kiem lake,105.8422154,21.0302482,63.84,63.84,63.84,63.84,63.84,63.84,63.84,63.84,63.84,63.84,63.84,63.84,63.84,63.84,63.84,63.84,63.84
Hoan Kiem lake,105.8426003,21.0302463,64.41,64.41,64.41,64.41,64.41,64.41,64.41,64.41,64.41,64.41,64.41,64.41,64.41,64.41,64.41,64.41,64.41
Hoan Kiem lake,105.8429852,21.0302444,66.45,66.45,66.45,66.45,66.45,66.45,66.45,66.45,66.45,66.45,66.45,66.45,66.45,66.45,66.45,66.45,66.45
Hoan Kiem lake,105.8433701,21.0302425,69.0,69.0,69.0,69.0,69.0,69.0,69.0,69.0,69.0,69.0,69.0,69.0,69.0,69.0,69.0,69.0,69.0
Hoan Kiem lake,105.843755,21.0302406,68.12,68.12,68.12,68.12,68.12,68.12,68.12,68.12,68.12,68.12,68.12,68.12,68.12,68.12,68.12,68.12,68.12
Hoan Kiem lake,105.84414,21.0302386,64.64,64.64,64.64,64.64,64.64,64.64,64.64,64.64,64.64,64.64,64.64,64.64,64.64,64.64,64.64,64.64,64.64
Hoan Kiem lake,105.8445249,21.0302367,62.64,62.64,62.64,62.64,62.64,62.64,62.64,62.64,62.64,62.64,62.64,62.64,62.64,62.64,62.64,62.64,62.64
Hoan Kiem lake,105.8449098,21.0302348,66.03,66.03,66.03,66.03,66.03,66.03,66.03,66.03,66.03,66.03,66.03,66.03,66.03,66.03,66.03,66.03,66.03
Hoan Kiem lake,105.8452947,21.0302329,67.77,67.77,67.77,67.77,67.77,67.77,67.77,67.77,67.77,67.77,67.77,67.77,67.77,67.77,67.77,67.77,67.77
Hoan Kiem lake,105.8456796,21.030231,67.01,67.01,67.01,67.01,67.01,67.01,67.01,67.01,67.01,67.01,67.01,67.01,67.01,67.01,67.01,67.01,67.01
Hoan Kiem lake,105.8460645,21.0302291,62.73,62.73,62.73,62.73,62.73,62.73,62.73,62.73,62.73,62.73,62.73,62.73,62.73,62.73,62.73,62.73,62.73
Hoan Kiem lake,105.8464494,21.0302272,64.15,64.15,64.15,64.15,64.15,64.15,64.15,64.15,64.15,64.15,64.15,64.15,64.15,64.15,64.15,64.15,64.15
Hoan Kiem lake,105.8468344,21.0302252,65.52,65.52,65.52,65.52,65.52,65.52,65.52,65.52,65.52,65.52,65.52,65.52,65.52,65.52,65.52,65.52,65.52
Hoan Kiem lake,105.8472193,21.0302233,66.39,66.39,66.39,66.39,66.39,66.39,66.39,66.39,66.39,66.39,66.39,66.39,66.39,66.39,66.39,66.39,66.39
Hoan Kiem lake,105.8476042,21.0302214,68.89,68.89,68.89,68.89,68.89,68.89,68.89,68.89,68.89,68.89,68.89,68.89,68.89,68.89,68.89,68.89,68.89
Hoan Kiem lake,105.8479891,21.0302195,66.0,66.0,66.0,66.0,66.0,66.0,66.0,66.0,66.0,66.0,66.0,66.0,66.0,66.0,66.0,66.0,66.0
Hoan Kiem lake,105.848374,21.0302176,66.13,66.13,66.13,66.13,66.13,66.13,66.13,66.13,66.13,66.13,66.13,66.13,66.13,66.13,66.13,66.13,66.13
Hoan Kiem lake,105.8487589,21.0302157,62.63,62.63,62.63,62.63,62.63,62.63,62.63,62.63,62.63,62.63,62.63,62.63,62.63,62.63,62.63,62.63,62.63
Hoan Kiem lake,105.8491438,21.0302137,64.68,64.68,64.68,64.68,64.68,64.68,64.68,64.68,64.68,64.68,64.68,64.68,64.68,64.68,64.68,64.68,64.68
Hoan Kiem lake,105.8495288,21.0302118,61.33,61.33,61.33,61.33,61.33,61.33,61.33,61.33,61.33,61.33,61.33,61.33,61.33,61.33,61.33,61.33,61.33
Hoan Kiem lake,105.8499137,21.0302099,69.02,69.02,69.02,69.02,69.02,69.02,69.02,69.02,69.02,69.02,69.02,69.02,69.02,69.02,69.02,69.02,69.02
Hoan Kiem lake,105.8502986,21.030208,63.67,63.67,63.67,63.67,63.67,63.67,63.67,63.67,63.67,63.67,63.67,63.67,63.67,63.67,63.67,63.67,63.67
Hoan Kiem lake,105.8506835,21.030206,69.37,69.37,69.37,69.37,69.37,69.37,69.37,69.37,69.37,69.37,69.37,69.37,69.37,69.37,69.37,69.37,69.37
Hoan Kiem lake,105.8510684,21.0302041,69.29,69.29,69.29,69.29,69.29,69.29,69.29,69.29,69.29,69.29,69.29,69.29,69.29,69.29,69.29,69.29,69.29
Hoan Kiem lake,105.8514533,21.0302022,63.45,63.45,63.45,63.45,63.45,63.45,63.45,63.45,63.45,63.45,63.45,63.45,63.45,63.45,63.45,63.45,63.45
Hoan Kiem lake,105.8518382,21.0302003,60.44,60.44,60.44,60.44,60.44,60.44,60.44,60.44,60.44,60.44,60.44,60.44,60.44,60.44,60.44,60.44,60.44
Hoan Kiem lake,105.8522231,21.0301983,58.68,58.68,58.68,58.68,58.68,58.68,58.68,58.68,58.68,58.68,58.68,58.68,58.68,58.68,58.68,58.68,58.68
Hoan Kiem lake,105.8526081,21.0301964,58.4,58.4,58.4,58.4,58.4,58.4,58.4,58.4,58.4,58.4,58.4,58.4,58.4,58.4,58.4,58.4,58.4
Hoan Kiem lake,105.852993,21.0301945,59.77,59.77,59.77,59.77,59.77,59.77,59.77,59.77,59.77,59.77,59.77,59.77,59.77,59.77,59.77,59.77,59.77
Hoan Kiem lake,105.8533779,21.0301925,62.14,62.14,62.14,62.14,62.14,62.14,62.14,62.14,62.14,62.14,62.14,62.14,62.14,62.14,62.14,62.14,62.14
Hoan Kiem lake,105.8537628,21.0301906,68.08,68.08,68.08,68.08,68.08,68.08,68.08,68.08,68.08,68.08,68.08,68.08,68.08,68.08,68.08,68.08,68.08
Hoan Kiem lake,105.8541477,21.0301887,64.71,64.71,64.71,64.71,64.71,64.71,64.71,64.71,64.71,64.71,64.71,64.71,64.71,64.71,64.71,64.71,64.71
Hoan Kiem lake,105.8545326,21.0301867,61.89,61.89,61.89,61.89,61.89,61.89,61.89,61.89,61.89,61.89,61.89,61.89,61.89,61.89,61.89,61.89,61.89
Hoan Kiem lake,105.8549175,21.0301848,67.7,67.7,67.7,67.7,67.7,67.7,67.7,67.7,67.7,67.7,67.7,67.7,67.7,67.7,67.7,67.7,67.7
Hoan Kiem lake,105.8553025,21.0301829,61.92,61.92,61.92,61.92,61.92,61.92,61.92,61.92,61.92,61.92,61.92,61.92,61.92,61.92,61.92,61.92,61.92
Hoan Kiem lake,105.8556874,21.0301809,59.63,59.63,59.63,59.63,59.63,59.63,59.63,59.63,59.63,59.63,59.63,59.63,59.63,59.63,59.63,59.63,59.63
Hoan Kiem lake,105.8560723,21.030179,61.71,61.71,61.71,61.71,61.71,61.71,61.71,61.71,61.71,61.71,61.71,61.71,61.71,61.71,61.71,61.71,61.71
Hoan Kiem lake,105.8564572,21.0301771,69.26,69.26,69.26,69.26,69.26,69.26,69.26,69.26,69.26,69.26,69.26,69.26,69.26,69.26,69.26,69.26,69.26
Hoan Kiem lake,105.8568421,21.0301751,65.35,65.35,65.35,65.35,65.35,65.35,65.35,65.35,65.35,65.35,65.35,65.35,65.35,65.35,65.35,65.35,65.35
Hoan Kiem lake,105.857227,21.0301732,68.49,68.49,68.49,68.49,68.49,68.49,68.49,68.49,68.49,68.49,68.49,68.49,68.49,68.49,68.49,68.49,68.49
Hoan Kiem lake,105.8576119,21.0301712,66.14,66.14,66.14,66.14,66.14,66.14,66.14,66.14,66.14,66.14,66.14,66.14,66.14,66.14,66.14,66.14,66.14
Hoan Kiem lake,105.8422174,21.0306096,65.23,65.23,65.23,65.23,65.23,65.23,65.23,65.23,65.23,65.23,65.23,65.23,65.23,65.23,65.23,65.23,65.23
Hoan Kiem lake,105.8426023,21.0306077,63.41,63.41,63.41,63.41,63.41,63.41,63.41,63.41,63.41,63.41,63.41,63.41,63.41,63.41,63.41,63.41,63.41
Hoan Kiem lake,105.8429872,21.0306058,65.81,65.81,65.81,65.81,65.81,65.81,65.81,65.81,65.81,65.81,65.81,65.81,65.81,65.81,65.81,65.81,65.81
Hoan Kiem lake,105.8433722,21.0306039,61.14,61.14,61.14,61.14,61.14,61.14,61.14,61.14,61.14,61.14,61.14,61.14,61.14,61.14,61.14,61.14,61.14
Hoan Kiem lake,105.8437571,21.0306019,62.0,62.0,62.0,62.0,62.0,62.0,62.0,62.0,62.0,62.0,62.0,62.0,62.0,62.0,62.0,62.0,62.0
Hoan Kiem lake,105.844142,21.0306,65.67,65.67,65.67,65.67,65.67,65.67,65.67,65.67,65.67,65.67,65.67,65.67,65.67,65.67,65.67,65.67,65.67
Hoan Kiem lake,105.8445269,21.0305981,60.77,60.77,60.77,60.77,60.77,60.77,60.77,60.77,60.77,60.77,60.77,60.77,60.77,60.77,60.77,60.77,60.77
Hoan Kiem lake,105.8449118,21.0305962,68.9,68.9,68.9,68.9,68.9,68.9,68.9,68.9,68.9,68.9,68.9,68.9,68.9,68.9,68.9,68.9,68.9
Hoan Kiem lake,105.8452967,21.0305943,60.38,60.38,60.38,60.38,60.38,60.38,60.38,60.38,60.38,60.38,60.38,60.38,60.38,60.38,60.38,60.38,60.38
Hoan Kiem lake,105.8456816,21.0305924,61.59,61.59,61.59,61.59,61.59,61.59,61.59,61.59,61.59,61.59,61.59,61.59,61.59,61.59,61.59,61.59,61.59
Hoan Kiem lake,105.8460666,21.0305905,64.26,64.26,64.26,64.26,64.26,64.26,64.26,64.26,64.26,64.26,64.26,64.26,64.26,64.26,64.26,64.26,64.26
Hoan Kiem lake,105.8464515,21.0305886,63.12,63.12,63.12,63.12,63.12,63.12,63.12,63.12,63.12,63.12,63.12,63.12,63.12,63.12,63.12,63.12,63.12
Hoan Kiem lake,105.8468364,21.0305866,63.12,63.12,63.12,63.12,63.12,63.12,63.12,63.12,63.12,63.12,63.12,63.12,63.12,63.12,63.12,63.12,63.12
Hoan Kiem lake,105.8472213,21.0305847,63.67,63.67,63.67,63.67,63.67,63.67,63.67,63.67,63.67,63.67,63.67,63.67,63.67,63.67,63.67,63.67,63.67
Hoan Kiem lake,105.8476062,21.0305828,68.42,68.42,68.42,68.42,68.42,68.42,68.42,68.42,68.42,68.42,68.42,68.42,68.42,68.42,68.42,68.42,68.42
Hoan Kiem lake,105.8479911,21.0305809,64.54,64.54,64.54,64.54,64.54,64.54,64.54,64.54,64.54,64.54,64.54,64.54,64.54,64.54,64.54,64.54,64.54
Hoan Kiem lake,105.8483761,21.030579,62.26,62.26,62.26,62.26,62.26,62.26,62.26,62.26,62.26,62.26,62.26,62.26,62.26,62.26,62.26,62.26,62.26
Hoan Kiem lake,105.848761,21.030577,68.42,68.42,68.42,68.42,68.42,68.42,68.42,68.42,68.42,68.42,68.42,68.42,68.42,68.42,68.42,68.42,68.42
Hoan Kiem lake,105.8491459,21.0305751,62.0,62.0,62.0,62.0,62.0,62.0,62.0,62.0,62.0,62.0,62.0,62.0,62.0,62.0,62.0,62.0,62.0
Hoan Kiem lake,105.8495308,21.0305732,65.26,65.26,65.26,65.26,65.26,65.26,65.26,65.26,65.26,65.26,65.26,65.26,65.26,65.26,65.26,65.26,65.26
Hoan Kiem lake,105.8499157,21.0305713,63.62,63.62,63.62,63.62,63.62,63.62,63.62,63.62,63.62,63.62,63.62,63.62,63.62,63.62,63.62,63.62,63.62
Hoan Kiem lake,105.8503006,21.0305693,66.92,66.92,66.92,66.92,66.92,66.92,66.92,66.92,66.92,66.92,66.92,66.92,66.92,66.92,66.92,66.92,66.92
Hoan Kiem lake,105.8506855,21.0305674,64.82,64.82,64.82,64.82,64.82,64.82,64.82,64.82,64.82,64.82,64.82,64.82,64.82,64.82,64.82,64.82,64.82
Hoan Kiem lake,105.8510705,21.0305655,71.56,71.56,71.56,71.56,71.56,71.56,71.56,71.56,71.56,71.56,71.56,71.56,71.56,71.56,71.56,71.56,71.56
Hoan Kiem lake,105.8514554,21.0305636,63.14,63.14,63.14,63.14,63.14,63.14,63.14,63.14,63.14,63.14,63.14,63.14,63.14,63.14,63.14,63.14,63.14
Hoan Kiem lake,105.8518403,21.0305616,60.26,60.26,60.26,60.26,60.26,60.26,60.26,60.26,60.26,60.26,60.26,60.26,60.26,60.26,60.26,60.26,60.26
Hoan Kiem lake,105.8522252,21.0305597,58.54,58.54,58.54,58.54,58.54,58.54,58.54,58.54,58.54,58.54,58.54,58.54,58.54,58.54,58.54,58.54,58.54
Hoan Kiem lake,105.8526101,21.0305578,59.07,59.07,59.07,59.07,59.07,59.07,59.07,59.07,59.07,59.07,59.07,59.07,59.07,59.07,59.07,59.07,59.07
Hoan Kiem lake,105.852995,21.0305559,60.86,60.86,60.86,60.86,60.86,60.86,60.86,60.86,60.86,60.86,60.86,60.86,60.86,60.86,60.86,60.86,60.86
Hoan Kiem lake,105.8533799,21.0305539,63.92,63.92,63.92,63.92,63.92,63.92,63.92,63.92,63.92,63.92,63.92,63.92,63.92,63.92,63.92,63.92,63.92
Hoan Kiem lake,105.8537649,21.030552,70.89,70.89,70.89,70.89,70.89,70.89,70.89,70.89,70.89,70.89,70.89,70.89,70.89,70.89,70.89,70.89,70.89
Hoan Kiem lake,105.8541498,21.0305501,64.51,64.51,64.51,64.51,64.51,64.51,64.51,64.51,64.51,64.51,64.51,64.51,64.51,64.51,64.51,64.51,64.51
Hoan Kiem lake,105.8545347,21.0305481,62.58,62.58,62.58,62.58,62.58,62.58,62.58,62.58,62.58,62.58,62.58,62.58,62.58,62.58,62.58,62.58,62.58
Hoan Kiem lake,105.8549196,21.0305462,68.75,68.75,68.75,68.75,68.75,68.75,68.75,68.75,68.75,68.75,68.75,68.75,68.75,68.75,68.75,68.75,68.75
Hoan Kiem lake,105.8553045,21.0305443,60.76,60.76,60.76,60.76,60.76,60.76,60.76,60.76,60.76,60.76,60.76,60.76,60.76,60.76,60.76,60.76,60.76
Hoan Kiem lake,105.8556894,21.0305423,60.4,60.4,60.4,60.4,60.4,60.4,60.4,60.4,60.4,60.4,60.4,60.4,60.4,60.4,60.4,60.4,60.4
Hoan Kiem lake,105.8560743,21.0305404,63.86,63.86,63.86,63.86,63.86,63.86,63.86,63.86,63.86,63.86,63.86,63.86,63.86,63.86,63.86,63.86,63.86
Hoan Kiem lake,105.8564593,21.0305384,65.68,65.68,65.68,65.68,65.68,65.68,65.68,65.68,65.68,65.68,65.68,65.68,65.68,65.68,65.68,65.68,65.68
Hoan Kiem lake,105.8568442,21.0305365,70.12,70.12,70.12,70.12,70.12,70.12,70.12,70.12,70.12,70.12,70.12,70.12,70.12,70.12,70.12,70.12,70.12
Hoan Kiem lake,105.8572291,21.0305346,71.48,71.48,71.48,71.48,71.48,71.48,71.48,71.48,71.48,71.48,71.48,71.48,71.48,71.48,71.48,71.48,71.48
Hoan Kiem lake,105.857614,21.0305326,65.69,65.69,65.69,65.69,65.69,65.69,65.69,65.69,65.69,65.69,65.69,65.69,65.69,65.69,65.69,65.69,65.69
Hoan Kiem lake,105.8422194,21.030971,60.96,60.96,60.96,60.96,60.96,60.96,60.96,60.96,60.96,60.96,60.96,60.96,60.96,60.96,60.96,60.96,60.96
Hoan Kiem lake,105.8426044,21.0309691,61.54,61.54,61.54,61.54,61.54,61.54,61.54,61.54,61.54,61.54,61.54,61.54,61.54,61.54,61.54,61.54,61.54
Hoan Kiem lake,105.8429893,21.0309671,68.97,68.97,68.97,68.97,68.97,68.97,68.97,68.97,68.97,68.97,68.97,68.97,68.97,68.97,68.97,68.97,68.97
Hoan Kiem lake,105.8433742,21.0309652,60.6,60.6,60.6,60.6,60.6,60.6,60.6,60.6,60.6,60.6,60.6,60.6,60.6,60.6,60.6,60.6,60.6
Hoan Kiem lake,105.8437591,21.0309633,61.04,61.04,61.04,61.04,61.04,61.04,61.04,61.04,61.04,61.04,61.04,61.04,61.04,61.04,61.04,61.04,61.04
Hoan Kiem lake,105.844144,21.0309614,68.91,68.91,68.91,68.91,68.91,68.91,68.91,68.91,68.91,68.91,68.91,68.91,68.91,68.91,68.91,68.91,68.91
Hoan Kiem lake,105.8445289,21.0309595,60.26,60.26,60.26,60.26,60.26,60.26,60.26,60.26,60.26,60.26,60.26,60.26,60.26,60.26,60.26,60.26,60.26
Hoan Kiem lake,105.8449139,21.0309576,67.81,67.81,67.81,67.81,67.81,67.81,67.81,67.81,67.81,67.81,67.81,67.81,67.81,67.81,67.81,67.81,67.81
Hoan Kiem lake,105.8452988,21.0309557,61.14,61.14,61.14,61.14,61.14,61.14,61.14,61.14,61.14,61.14,61.14,61.14,61.14,61.14,61.14,61.14,61.14
Hoan Kiem lake,105.8456837,21.0309538,58.91,58.91,58.91,58.91,58.91,58.91,58.91,58.91,58.91,58.91,58.91,58.91,58.91,58.91,58.91,58.91,58.91
Hoan Kiem lake,105.8460686,21.0309519,62.8,62.8,62.8,62.8,62.8,62.8,62.8,62.8,62.8,62.8,62.8,62.8,62.8,62.8,62.8,62.8,62.8
Hoan Kiem lake,105.8464535,21.0309499,64.09,64.09,64.09,64.09,64.09,64.09,64.09,64.09,64.09,64.09,64.09,64.09,64.09,64.09,64.09,64.09,64.09
Hoan Kiem lake,105.8468384,21.030948,64.11,64.11,64.11,64.11,64.11,64.11,64.11,64.11,64.11,64.11,64.11,64.11,64.11,64.11,64.11,64.11,64.11
Hoan Kiem lake,105.8472234,21.0309461,68.88,68.88,68.88,68.88,68.88,68.88,68.88,68.88,68.88,68.88,68.88,68.88,68.88,68.88,68.88,68.88,68.88
Hoan Kiem lake,105.8476083,21.0309442,60.75,60.75,60.75,60.75,60.75,60.75,60.75,60.75,60.75,60.75,60.75,60.75,60.75,60.75,60.75,60.75,60.75
Hoan Kiem lake,105.8479932,21.0309423,63.0,63.0,63.0,63.0,63.0,63.0,63.0,63.0,63.0,63.0,63.0,63.0,63.0,63.0,63.0,63.0,63.0
Hoan Kiem lake,105.8483781,21.0309403,68.91,68.91,68.91,68.91,68.91,68.91,68.91,68.91,68.91,68.91,68.91,68.91,68.91,68.91,68.91,68.91,68.91
Hoan Kiem lake,105.848763,21.0309384,68.37,68.37,68.37,68.37,68.37,68.37,68.37,68.37,68.37,68.37,68.37,68.37,68.37,68.37,68.37,68.37,68.37
Hoan Kiem lake,105.8491479,21.0309365,62.93,62.93,62.93,62.93,62.93,62.93,62.93,62.93,62.93,62.93,62.93,62.93,62.93,62.93,62.93,62.93,62.93
Hoan Kiem lake,105.8495328,21.0309346,65.97,65.97,65.97,65.97,65.97,65.97,65.97,65.97,65.97,65.97,65.97,65.97,65.97,65.97,65.97,65.97,65.97
Hoan Kiem lake,105.8499178,21.0309327,63.4,63.4,63.4,63.4,63.4,63.4,63.4,63.4,63.4,63.4,63.4,63.4,63.4,63.4,63.4,63.4,63.4
Hoan Kiem lake,105.8503027,21.0309307,64.79,64.79,64.79,64.79,64.79,64.79,64.79,64.79,64.79,64.79,64.79,64.79,64.79,64.79,64.79,64.79,64.79
Hoan Kiem lake,105.8506876,21.0309288,64.0,64.0,64.0,64.0,64.0,64.0,64.0,64.0,64.0,64.0,64.0,64.0,64.0,64.0,64.0,64.0,64.0
Hoan Kiem lake,105.8510725,21.0309269,67.0,67.0,67.0,67.0,67.0,67.0,67.0,67.0,67.0,67.0,67.0,67.0,67.0,67.0,67.0,67.0,67.0
Hoan Kiem lake,105.8514574,21.030925,61.9,61.9,61.9,61.9,61.9,61.9,61.9,61.9,61.9,61.9,61.9,61.9,61.9,61.9,61.9,61.9,61.9
Hoan Kiem lake,105.8518423,21.030923,59.72,59.72,59.72,59.72,59.72,59.72,59.72,59.72,59.72,59.72,59.72,59.72,59.72,59.72,59.72,59.72,59.72
Hoan Kiem lake,105.8522273,21.0309211,59.27,59.27,59.27,59.27,59.27,59.27,59.27,59.27,59.27,59.27,59.27,59.27,59.27,59.27,59.27,59.27,59.27
Hoan Kiem lake,105.8526122,21.0309192,60.11,60.11,60.11,60.11,60.11,60.11,60.11,60.11,60.11,60.11,60.11,60.11,60.11,60.11,60.11,60.11,60.11
Hoan Kiem lake,105.8529971,21.0309172,62.27,62.27,62.27,62.27,62.27,62.27,62.27,62.27,62.27,62.27,62.27,62.27,62.27,62.27,62.27,62.27,62.27
Hoan Kiem lake,105.853382,21.0309153,66.38,66.38,66.38,66.38,66.38,66.38,66.38,66.38,66.38,66.38,66.38,66.38,66.38,66.38,66.38,66.38,66.38
Hoan Kiem lake,105.8537669,21.0309134,66.73,66.73,66.73,66.73,66.73,66.73,66.73,66.73,66.73,66.73,66.73,66.73,66.73,66.73,66.73,66.73,66.73
Hoan Kiem lake,105.8541518,21.0309114,63.93,63.93,63.93,63.93,63.93,63.93,63.93,63.93,63.93,63.93,63.93,63.93,63.93,63.93,63.93,63.93,63.93
Hoan Kiem lake,105.8545367,21.0309095,63.79,63.79,63.79,63.79,63.79,63.79,63.79,63.79,63.79,63.79,63.79,63.79,63.79,63.79,63.79,63.79,63.79
Hoan Kiem lake,105.8549217,21.0309076,64.06,64.06,64.06,64.06,64.06,64.06,64.06,64.06,64.06,64.06,64.06,64.06,64.06,64.06,64.06,64.06,64.06
Hoan Kiem lake,105.8553066,21.0309056,60.53,60.53,60.53,60.53,60.53,60.53,60.53,60.53,60.53,60.53,60.53,60.53,60.53,60.53,60.53,60.53,60.53
Hoan Kiem lake,105.8556915,21.0309037,61.99,61.99,61.99,61.99,61.99,61.99,61.99,61.99,61.99,61.99,61.99,61.99,61.99,61.99,61.99,61.99,61.99
Hoan Kiem lake,105.8560764,21.0309018,69.23,69.23,69.23,69.23,69.23,69.23,69.23,69.23,69.23,69.23,69.23,69.23,69.23,69.23,69.23,69.23,69.23
Hoan Kiem lake,105.8564613,21.0308998,64.81,64.81,64.81,64.81,64.81,64.81,64.81,64.81,64.81,64.81,64.81,64.81,64.81,64.81,64.81,64.81,64.81
Hoan Kiem lake,105.8568462,21.0308979,68.71,68.71,68.71,68.71,68.71,68.71,68.71,68.71,68.71,68.71,68.71,68.71,68.71,68.71,68.71,68.71,68.71
Hoan Kiem lake,105.8572312,21.0308959,66.97,66.97,66.97,66.97,66.97,66.97,66.97,66.97,66.97,66.97,66.97,66.97,66.97,66.97,66.97,66.97,66.97
Hoan Kiem lake,105.8576161,21.030894,69.24,69.24,69.24,69.24,69.24,69.24,69.24,69.24,69.24,69.24,69.24,69.24,69.24,69.24,69.24,69.24,69.24
Hoan Kiem lake,105.8422215,21.0313323,59.44,59.44,59.44,59.44,59.44,59.44,59.44,59.44,59.44,59.44,59.44,59.44,59.44,59.44,59.44,59.44,59.44
Hoan Kiem lake,105.8426064,21.0313304,60.76,60.76,60.76,60.76,60.76,60.76,60.76,60.76,60.76,60.76,60.76,60.76,60.76,60.76,60.76,60.76,60.76
Hoan Kiem lake,105.8429913,21.0313285,68.96,68.96,68.96,68.96,68.96,68.96,68.96,68.96,68.96,68.96,68.96,68.96,68.96,68.96,68.96,68.96,68.96
Hoan Kiem lake,105.8433762,21.0313266,61.24,61.24,61.24,61.24,61.24,61.24,61.24,61.24,61.24,61.24,61.24,61.24,61.24,61.24,61.24,61.24,61.24
Hoan Kiem lake,105.8437611,21.0313247,60.27,60.27,60.27,60.27,60.27,60.27,60.27,60.27,60.27,60.27,60.27,60.27,60.27,60.27,60.27,60.27,60.27
Hoan Kiem lake,105.8441461,21.0313228,68.9,68.9,68.9,68.9,68.9,68.9,68.9,68.9,68.9,68.9,68.9,68.9,68.9,68.9,68.9,68.9,68.9
Hoan Kiem lake,105.844531,21.0313209,60.93,60.93,60.93,60.93,60.93,60.93,60.93,60.93,60.93,60.93,60.93,60.93,60.93,60.93,60.93,60.93,60.93
Hoan Kiem lake,105.8449159,21.031319,64.44,64.44,64.44,64.44,64.44,64.44,64.44,64.44,64.44,64.44,64.44,64.44,64.44,64.44,64.44,64.44,64.44
Hoan Kiem lake,105.8453008,21.0313171,64.95,64.95,64.95,64.95,64.95,64.95,64.95,64.95,64.95,64.95,64.95,64.95,64.95,64.95,64.95,64.95,64.95
Hoan Kiem lake,105.8456857,21.0313152,61.66,61.66,61.66,61.66,61.66,61.66,61.66,61.66,61.66,61.66,61.66,61.66,61.66,61.66,61.66,61.66,61.66
Hoan Kiem lake,105.8460706,21.0313132,67.46,67.46,67.46,67.46,67.46,67.46,67.46,67.46,67.46,67.46,67.46,67.46,67.46,67.46,67.46,67.46,67.46
Hoan Kiem lake,105.8464556,21.0313113,62.92,62.92,62.92,62.92,62.92,62.92,62.92,62.92,62.92,62.92,62.92,62.92,62.92,62.92,62.92,62.92,62.92
Hoan Kiem lake,105.8468405,21.0313094,68.74,68.74,68.74,68.74,68.74,68.74,68.74,68.74,68.74,68.74,68.74,68.74,68.74,68.74,68.74,68.74,68.74
Hoan Kiem lake,105.8472254,21.0313075,63.55,63.55,63.55,63.55,63.55,63.55,63.55,63.55,63.55,63.55,63.55,63.55,63.55,63.55,63.55,63.55,63.55
Hoan Kiem lake,105.8476103,21.0313056,59.27,59.27,59.27,59.27,59.27,59.27,59.27,59.27,59.27,59.27,59.27,59.27,59.27,59.27,59.27,59.27,59.27
Hoan Kiem lake,105.8479952,21.0313036,59.43,59.43,59.43,59.43,59.43,59.43,59.43,59.43,59.43,59.43,59.43,59.43,59.43,59.43,59.43,59.43,59.43
Hoan Kiem lake,105.8483801,21.0313017,64.1,64.1,64.1,64.1,64.1,64.1,64.1,64.1,64.1,64.1,64.1,64.1,64.1,64.1,64.1,64.1,64.1
Hoan Kiem lake,105.8487651,21.0312998,63.73,63.73,63.73,63.73,63.73,63.73,63.73,63.73,63.73,63.73,63.73,63.73,63.73,63.73,63.73,63.73,63.73
Hoan Kiem lake,105.84915,21.0312979,68.95,68.95,68.95,68.95,68.95,68.95,68.95,68.95,68.95,68.95,68.95,68.95,68.95,68.95,68.95,68.95,68.95
Hoan Kiem lake,105.8495349,21.031296,62.68,62.68,62.68,62.68,62.68,62.68,62.68,62.68,62.68,62.68,62.68,62.68,62.68,62.68,62.68,62.68,62.68
Hoan Kiem lake,105.8499198,21.031294,64.54,64.54,64.54,64.54,64.54,64.54,64.54,64.54,64.54,64.54,64.54,64.54,64.54,64.54,64.54,64.54,64.54
Hoan Kiem lake,105.8503047,21.0312921,65.92,65.92,65.92,65.92,65.92,65.92,65.92,65.92,65.92,65.92,65.92,65.92,65.92,65.92,65.92,65.92,65.92
Hoan Kiem lake,105.8506896,21.0312902,64.6,64.6,64.6,64.6,64.6,64.6,64.6,64.6,64.6,64.6,64.6,64.6,64.6,64.6,64.6,64.6,64.6
Hoan Kiem lake,105.8510746,21.0312883,68.31,68.31,68.31,68.31,68.31,68.31,68.31,68.31,68.31,68.31,68.31,68.31,68.31,68.31,68.31,68.31,68.31
Hoan Kiem lake,105.8514595,21.0312863,62.61,62.61,62.61,62.61,62.61,62.61,62.61,62.61,62.61,62.61,62.61,62.61,62.61,62.61,62.61,62.61,62.61
Hoan Kiem lake,105.8518444,21.0312844,61.25,61.25,61.25,61.25,61.25,61.25,61.25,61.25,61.25,61.25,61.25,61.25,61.25,61.25,61.25,61.25,61.25
Hoan Kiem lake,105.8522293,21.0312825,61.19,61.19,61.19,61.19,61.19,61.19,61.19,61.19,61.19,61.19,61.19,61.19,61.19,61.19,61.19,61.19,61.19
Hoan Kiem lake,105.8526142,21.0312806,62.14,62.14,62.14,62.14,62.14,62.14,62.14,62.14,62.14,62.14,62.14,62.14,62.14,62.14,62.14,62.14,62.14
Hoan Kiem lake,105.8529991,21.0312786,64.55,64.55,64.55,64.55,64.55,64.55,64.55,64.55,64.55,64.55,64.55,64.55,64.55,64.55,64.55,64.55,64.55
Hoan Kiem lake,105.8533841,21.0312767,72.07,72.07,72.07,72.07,72.07,72.07,72.07,72.07,72.07,72.07,72.07,72.07,72.07,72.07,72.07,72.07,72.07
Hoan Kiem lake,105.853769,21.0312748,66.64,66.64,66.64,66.64,66.64,66.64,66.64,66.64,66.64,66.64,66.64,66.64,66.64,66.64,66.64,66.64,66.64
Hoan Kiem lake,105.8541539,21.0312728,64.99,64.99,64.99,64.99,64.99,64.99,64.99,64.99,64.99,64.99,64.99,64.99,64.99,64.99,64.99,64.99,64.99
Hoan Kiem lake,105.8545388,21.0312709,66.94,66.94,66.94,66.94,66.94,66.94,66.94,66.94,66.94,66.94,66.94,66.94,66.94,66.94,66.94,66.94,66.94
Hoan Kiem lake,105.8549237,21.031269,64.8,64.8,64.8,64.8,64.8,64.8,64.8,64.8,64.8,64.8,64.8,64.8,64.8,64.8,64.8,64.8,64.8
Hoan Kiem lake,105.8553086,21.031267,66.5,66.5,66.5,66.5,66.5,66.5,66.5,66.5,66.5,66.5,66.5,66.5,66.5,66.5,66.5,66.5,66.5
Hoan Kiem lake,105.8556936,21.0312651,69.13,69.13,69.13,69.13,69.13,69.13,69.13,69.13,69.13,69.13,69.13,69.13,69.13,69.13,69.13,69.13,69.13
Hoan Kiem lake,105.8560785,21.0312631,69.37,69.37,69.37,69.37,69.37,69.37,69.37,69.37,69.37,69.37,69.37,69.37,69.37,69.37,69.37,69.37,69.37
Hoan Kiem lake,105.8564634,21.0312612,70.69,70.69,70.69,70.69,70.69,70.69,70.69,70.69,70.69,70.69,70.69,70.69,70.69,70.69,70.69,70.69,70.69
Hoan Kiem lake,105.8568483,21.0312593,71.66,71.66,71.66,71.66,71.66,71.66,71.66,71.66,71.66,71.66,71.66,71.66,71.66,71.66,71.66,71.66,71.66
Hoan Kiem lake,105.8572332,21.0312573,65.18,65.18,65.18,65.18,65.18,65.18,65.18,65.18,65.18,65.18,65.18,65.18,65.18,65.18,65.18,65.18,65.18
Hoan Kiem lake,105.8576181,21.0312554,64.27,64.27,64.27,64.27,64.27,64.27,64.27,64.27,64.27,64.27,64.27,64.27,64.27,64.27,64.27,64.27,64.27
Hoan Kiem lake,105.8422235,21.0316937,58.75,58.75,58.75,58.75,58.75,58.75,58.75,58.75,58.75,58.75,58.75,58.75,58.75,58.75,58.75,58.75,58.75
Hoan Kiem lake,105.8426084,21.0316918,60.04,60.04,60.04,60.04,60.04,60.04,60.04,60.04,60.04,60.04,60.04,60.04,60.04,60.04,60.04,60.04,60.04
Hoan Kiem lake,105.8429933,21.0316899,65.0,65.0,65.0,65.0,65.0,65.0,65.0,65.0,65.0,65.0,65.0,65.0,65.0,65.0,65.0,65.0,65.0
Hoan Kiem lake,105.8433783,21.031688,62.19,62.19,62.19,62.19,62.19,62.19,62.19,62.19,62.19,62.19,62.19,62.19,62.19,62.19,62.19,62.19,62.19
Hoan Kiem lake,105.8437632,21.0316861,62.1,62.1,62.1,62.1,62.1,62.1,62.1,62.1,62.1,62.1,62.1,62.1,62.1,62.1,62.1,62.1,62.1
Hoan Kiem lake,105.8441481,21.0316842,65.25,65.25,65.25,65.25,65.25,65.25,65.25,65.25,65.25,65.25,65.25,65.25,65.25,65.25,65.25,65.25,65.25
Hoan Kiem lake,105.844533,21.0316823,61.84,61.84,61.84,61.84,61.84,61.84,61.84,61.84,61.84,61.84,61.84,61.84,61.84,61.84,61.84,61.84,61.84
Hoan Kiem lake,105.8449179,21.0316804,62.76,62.76,62.76,62.76,62.76,62.76,62.76,62.76,62.76,62.76,62.76,62.76,62.76,62.76,62.76,62.76,62.76
Hoan Kiem lake,105.8453028,21.0316785,63.54,63.54,63.54,63.54,63.54,63.54,63.54,63.54,63.54,63.54,63.54,63.54,63.54,63.54,63.54,63.54,63.54
Hoan Kiem lake,105.8456878,21.0316765,66.59,66.59,66.59,66.59,66.59,66.59,66.59,66.59,66.59,66.59,66.59,66.59,66.59,66.59,66.59,66.59,66.59
Hoan Kiem lake,105.8460727,21.0316746,67.45,67.45,67.45,67.45,67.45,67.45,67.45,67.45,67.45,67.45,67.45,67.45,67.45,67.45,67.45,67.45,67.45
Hoan Kiem lake,105.8464576,21.0316727,62.6,62.6,62.6,62.6,62.6,62.6,62.6,62.6,62.6,62.6,62.6,62.6,62.6,62.6,62.6,62.6,62.6
Hoan Kiem lake,105.8468425,21.0316708,68.87,68.87,68.87,68.87,68.87,68.87,68.87,68.87,68.87,68.87,68.87,68.87,68.87,68.87,68.87,68.87,68.87
Hoan Kiem lake,105.8472274,21.0316689,60.85,60.85,60.85,60.85,60.85,60.85,60.85,60.85,60.85,60.85,60.85,60.85,60.85,60.85,60.85,60.85,60.85
Hoan Kiem lake,105.8476124,21.031667,58.26,58.26,58.26,58.26,58.26,58.26,58.26,58.26,58.26,58.26,58.26,58.26,58.26,58.26,58.26,58.26,58.26
Hoan Kiem lake,105.8479973,21.031665,60.73,60.73,60.73,60.73,60.73,60.73,60.73,60.73,60.73,60.73,60.73,60.73,60.73,60.73,60.73,60.73,60.73
Hoan Kiem lake,105.8483822,21.0316631,68.91,68.91,68.91,68.91,68.91,68.91,68.91,68.91,68.91,68.91,68.91,68.91,68.91,68.91,68.91,68.91,68.91
Hoan Kiem lake,105.8487671,21.0316612,64.38,64.38,64.38,64.38,64.38,64.38,64.38,64.38,64.38,64.38,64.38,64.38,64.38,64.38,64.38,64.38,64.38
Hoan Kiem lake,105.849152,21.0316593,63.4,63.4,63.4,63.4,63.4,63.4,63.4,63.4,63.4,63.4,63.4,63.4,63.4,63.4,63.4,63.4,63.4
Hoan Kiem lake,105.8495369,21.0316573,67.04,67.04,67.04,67.04,67.04,67.04,67.04,67.04,67.04,67.04,67.04,67.04,67.04,67.04,67.04,67.04,67.04
Hoan Kiem lake,105.8499219,21.0316554,64.67,64.67,64.67,64.67,64.67,64.67,64.67,64.67,64.67,64.67,64.67,64.67,64.67,64.67,64.67,64.67,64.67
Hoan Kiem lake,105.8503068,21.0316535,63.73,63.73,63.73,63.73,63.73,63.73,63.73,63.73,63.73,63.73,63.73,63.73,63.73,63.73,63.73,63.73,63.73
Hoan Kiem lake,105.8506917,21.0316516,69.41,69.41,69.41,69.41,69.41,69.41,69.41,69.41,69.41,69.41,69.41,69.41,69.41,69.41,69.41,69.41,69.41
Hoan Kiem lake,105.8510766,21.0316496,68.3,68.3,68.3,68.3,68.3,68.3,68.3,68.3,68.3,68.3,68.3,68.3,68.3,68.3,68.3,68.3,68.3
Hoan Kiem lake,105.8514615,21.0316477,66.76,66.76,66.76,66.76,66.76,66.76,66.76,66.76,66.76,66.76,66.76,66.76,66.76,66.76,66.76,66.76,66.76
Hoan Kiem lake,105.8518464,21.0316458,64.88,64.88,64.88,64.88,64.88,64.88,64.88,64.88,64.88,64.88,64.88,64.88,64.88,64.88,64.88,64.88,64.88
Hoan Kiem lake,105.8522314,21.0316439,66.72,66.72,66.72,66.72,66.72,66.72,66.72,66.72,66.72,66.72,66.72,66.72,66.72,66.72,66.72,66.72,66.72
Hoan Kiem lake,105.8526163,21.0316419,69.05,69.05,69.05,69.05,69.05,69.05,69.05,69.05,69.05,69.05,69.05,69.05,69.05,69.05,69.05,69.05,69.05
Hoan Kiem lake,105.8530012,21.03164,70.88,70.88,70.88,70.88,70.88,70.88,70.88,70.88,70.88,70.88,70.88,70.88,70.88,70.88,70.88,70.88,70.88
Hoan Kiem lake,105.8533861,21.0316381,65.17,65.17,65.17,65.17,65.17,65.17,65.17,65.17,65.17,65.17,65.17,65.17,65.17,65.17,65.17,65.17,65.17
Hoan Kiem lake,105.853771,21.0316361,66.08,66.08,66.08,66.08,66.08,66.08,66.08,66.08,66.08,66.08,66.08,66.08,66.08,66.08,66.08,66.08,66.08
Hoan Kiem lake,105.854156,21.0316342,63.08,63.08,63.08,63.08,63.08,63.08,63.08,63.08,63.08,63.08,63.08,63.08,63.08,63.08,63.08,63.08,63.08
Hoan Kiem lake,105.8545409,21.0316323,69.01,69.01,69.01,69.01,69.01,69.01,69.01,69.01,69.01,69.01,69.01,69.01,69.01,69.01,69.01,69.01,69.01
Hoan Kiem lake,105.8549258,21.0316303,62.62,62.62,62.62,62.62,62.62,62.62,62.62,62.62,62.62,62.62,62.62,62.62,62.62,62.62,62.62,62.62,62.62
Hoan Kiem lake,105.8553107,21.0316284,62.34,62.34,62.34,62.34,62.34,62.34,62.34,62.34,62.34,62.34,62.34,62.34,62.34,62.34,62.34,62.34,62.34
Hoan Kiem lake,105.8556956,21.0316265,69.2,69.2,69.2,69.2,69.2,69.2,69.2,69.2,69.2,69.2,69.2,69.2,69.2,69.2,69.2,69.2,69.2
Hoan Kiem lake,105.8560805,21.0316245,64.28,64.28,64.28,64.28,64.28,64.28,64.28,64.28,64.28,64.28,64.28,64.28,64.28,64.28,64.28,64.28,64.28
Hoan Kiem lake,105.8564655,21.0316226,69.07,69.07,69.07,69.07,69.07,69.07,69.07,69.07,69.07,69.07,69.07,69.07,69.07,69.07,69.07,69.07,69.07
Hoan Kiem lake,105.8568504,21.0316207,67.98,67.98,67.98,67.98,67.98,67.98,67.98,67.98,67.98,67.98,67.98,67.98,67.98,67.98,67.98,67.98,67.98
Hoan Kiem lake,105.8572353,21.0316187,69.26,69.26,69.26,69.26,69.26,69.26,69.26,69.26,69.26,69.26,69.26,69.26,69.26,69.26,69.26,69.26,69.26
Hoan Kiem lake,105.8576202,21.0316168,65.32,65.32,65.32,65.32,65.32,65.32,65.32,65.32,65.32,65.32,65.32,65.32,65.32,65.32,65.32,65.32,65.32
Hoan Kiem lake,105.8422255,21.0320551,59.82,59.82,59.82,59.82,59.82,59.82,59.82,59.82,59.82,59.82,59.82,59.82,59.82,59.82,59.82,59.82,59.82
Hoan Kiem lake,105.8426105,21.0320532,60.19,60.19,60.19,60.19,60.19,60.19,60.19,60.19,60.19,60.19,60.19,60.19,60.19,60.19,60.19,60.19,60.19
Hoan Kiem lake,105.8429954,21.0320513,63.02,63.02,63.02,63.02,63.02,63.02,63.02,63.02,63.02,63.02,63.02,63.02,63.02,63.02,63.02,63.02,63.02
Hoan Kiem lake,105.8433803,21.0320494,63.62,63.62,63.62,63.62,63.62,63.62,63.62,63.62,63.62,63.62,63.62,63.62,63.62,63.62,63.62,63.62,63.62
Hoan Kiem lake,105.8437652,21.0320475,68.9,68.9,68.9,68.9,68.9,68.9,68.9,68.9,68.9,68.9,68.9,68.9,68.9,68.9,68.9,68.9,68.9
Hoan Kiem lake,105.8441501,21.0320456,63.21,63.21,63.21,63.21,63.21,63.21,63.21,63.21,63.21,63.21,63.21,63.21,63.21,63.21,63.21,63.21,63.21
Hoan Kiem lake,105.844535,21.0320437,63.13,63.13,63.13,63.13,63.13,63.13,63.13,63.13,63.13,63.13,63.13,63.13,63.13,63.13,63.13,63.13,63.13
Hoan Kiem lake,105.84492,21.0320417,61.6,61.6,61.6,61.6,61.6,61.6,61.6,61.6,61.6,61.6,61.6,61.6,61.6,61.6,61.6,61.6,61.6
Hoan Kiem lake,105.8453049,21.0320398,65.64,65.64,65.64,65.64,65.64,65.64,65.64,65.64,65.64,65.64,65.64,65.64,65.64,65.64,65.64,65.64,65.64
Hoan Kiem lake,105.8456898,21.0320379,64.55,64.55,64.55,64.55,64.55,64.55,64.55,64.55,64.55,64.55,64.55,64.55,64.55,64.55,64.55,64.55,64.55
Hoan Kiem lake,105.8460747,21.032036,62.38,62.38,62.38,62.38,62.38,62.38,62.38,62.38,62.38,62.38,62.38,62.38,62.38,62.38,62.38,62.38,62.38
Hoan Kiem lake,105.8464596,21.0320341,64.26,64.26,64.26,64.26,64.26,64.26,64.26,64.26,64.26,64.26,64.26,64.26,64.26,64.26,64.26,64.26,64.26
Hoan Kiem lake,105.8468446,21.0320322,68.79,68.79,68.79,68.79,68.79,68.79,68.79,68.79,68.79,68.79,68.79,68.79,68.79,68.79,68.79,68.79,68.79
Hoan Kiem lake,105.8472295,21.0320303,59.97,59.97,59.97,59.97,59.97,59.97,59.97,59.97,59.97,59.97,59.97,59.97,59.97,59.97,59.97,59.97,59.97
Hoan Kiem lake,105.8476144,21.0320283,59.41,59.41,59.41,59.41,59.41,59.41,59.41,59.41,59.41,59.41,59.41,59.41,59.41,59.41,59.41,59.41,59.41
Hoan Kiem lake,105.8479993,21.0320264,62.87,62.87,62.87,62.87,62.87,62.87,62.87,62.87,62.87,62.87,62.87,62.87,62.87,62.87,62.87,62.87,62.87
Hoan Kiem lake,105.8483842,21.0320245,64.17,64.17,64.17,64.17,64.17,64.17,64.17,64.17,64.17,64.17,64.17,64.17,64.17,64.17,64.17,64.17,64.17
Hoan Kiem lake,105.8487692,21.0320226,68.92,68.92,68.92,68.92,68.92,68.92,68.92,68.92,68.92,68.92,68.92,68.92,68.92,68.92,68.92,68.92,68.92
Hoan Kiem lake,105.8491541,21.0320207,60.78,60.78,60.78,60.78,60.78,60.78,60.78,60.78,60.78,60.78,60.78,60.78,60.78,60.78,60.78,60.78,60.78
Hoan Kiem lake,105.849539,21.0320187,60.86,60.86,60.86,60.86,60.86,60.86,60.86,60.86,60.86,60.86,60.86,60.86,60.86,60.86,60.86,60.86,60.86
Hoan Kiem lake,105.8499239,21.0320168,64.06,64.06,64.06,64.06,64.06,64.06,64.06,64.06,64.06,64.06,64.06,64.06,64.06,64.06,64.06,64.06,64.06
Hoan Kiem lake,105.8503088,21.0320149,68.42,68.42,68.42,68.42,68.42,68.42,68.42,68.42,68.42,68.42,68.42,68.42,68.42,68.42,68.42,68.42,68.42
Hoan Kiem lake,105.8506937,21.032013,66.5,66.5,66.5,66.5,66.5,66.5,66.5,66.5,66.5,66.5,66.5,66.5,66.5,66.5,66.5,66.5,66.5
Hoan Kiem lake,105.8510787,21.032011,64.31,64.31,64.31,64.31,64.31,64.31,64.31,64.31,64.31,64.31,64.31,64.31,64.31,64.31,64.31,64.31,64.31
Hoan Kiem lake,105.8514636,21.0320091,67.27,67.27,67.27,67.27,67.27,67.27,67.27,67.27,67.27,67.27,67.27,67.27,67.27,67.27,67.27,67.27,67.27
Hoan Kiem lake,105.8518485,21.0320072,66.29,66.29,66.29,66.29,66.29,66.29,66.29,66.29,66.29,66.29,66.29,66.29,66.29,66.29,66.29,66.29,66.29
Hoan Kiem lake,105.8522334,21.0320052,64.87,64.87,64.87,64.87,64.87,64.87,64.87,64.87,64.87,64.87,64.87,64.87,64.87,64.87,64.87,64.87,64.87
Hoan Kiem lake,105.8526183,21.0320033,64.61,64.61,64.61,64.61,64.61,64.61,64.61,64.61,64.61,64.61,64.61,64.61,64.61,64.61,64.61,64.61,64.61
Hoan Kiem lake,105.8530033,21.0320014,65.64,65.64,65.64,65.64,65.64,65.64,65.64,65.64,65.64,65.64,65.64,65.64,65.64,65.64,65.64,65.64,65.64
Hoan Kiem lake,105.8533882,21.0319995,64.07,64.07,64.07,64.07,64.07,64.07,64.07,64.07,64.07,64.07,64.07,64.07,64.07,64.07,64.07,64.07,64.07
Hoan Kiem lake,105.8537731,21.0319975,67.56,67.56,67.56,67.56,67.56,67.56,67.56,67.56,67.56,67.56,67.56,67.56,67.56,67.56,67.56,67.56,67.56
Hoan Kiem lake,105.854158,21.0319956,63.59,63.59,63.59,63.59,63.59,63.59,63.59,63.59,63.59,63.59,63.59,63.59,63.59,63.59,63.59,63.59,63.59
Hoan Kiem lake,105.8545429,21.0319937,68.99,68.99,68.99,68.99,68.99,68.99,68.99,68.99,68.99,68.99,68.99,68.99,68.99,68.99,68.99,68.99,68.99
Hoan Kiem lake,105.8549278,21.0319917,61.91,61.91,61.91,61.91,61.91,61.91,61.91,61.91,61.91,61.91,61.91,61.91,61.91,61.91,61.91,61.91,61.91
Hoan Kiem lake,105.8553128,21.0319898,62.3,62.3,62.3,62.3,62.3,62.3,62.3,62.3,62.3,62.3,62.3,62.3,62.3,62.3,62.3,62.3,62.3
Hoan Kiem lake,105.8556977,21.0319879,68.7,68.7,68.7,68.7,68.7,68.7,68.7,68.7,68.7,68.7,68.7,68.7,68.7,68.7,68.7,68.7,68.7
Hoan Kiem lake,105.8560826,21.0319859,66.39,66.39,66.39,66.39,66.39,66.39,66.39,66.39,66.39,66.39,66.39,66.39,66.39,66.39,66.39,66.39,66.39
Hoan Kiem lake,105.8564675,21.031984,71.4,71.4,71.4,71.4,71.4,71.4,71.4,71.4,71.4,71.4,71.4,71.4,71.4,71.4,71.4,71.4,71.4
Hoan Kiem lake,105.8568524,21.031982,64.7,64.7,64.7,64.7,64.7,64.7,64.7,64.7,64.7,64.7,64.7,64.7,64.7,64.7,64.7,64.7,64.7
Hoan Kiem lake,105.8572374,21.0319801,65.21,65.21,65.21,65.21,65.21,65.21,65.21,65.21,65.21,65.21,65.21,65.21,65.21,65.21,65.21,65.21,65.21
Hoan Kiem lake,105.8576223,21.0319782,63.18,63.18,63.18,63.18,63.18,63.18,63.18,63.18,63.18,63.18,63.18,63.18,63.18,63.18,63.18,63.18,63.18
Hoan Kiem lake,105.8422276,21.0324165,64.22,64.22,64.22,64.22,64.22,64.22,64.22,64.22,64.22,64.22,64.22,64.22,64.22,64.22,64.22,64.22,64.22
Hoan Kiem lake,105.8426125,21.0324146,66.95,66.95,66.95,66.95,66.95,66.95,66.95,66.95,66.95,66.95,66.95,66.95,66.95,66.95,66.95,66.95,66.95
Hoan Kiem lake,105.8429974,21.0324127,68.91,68.91,68.91,68.91,68.91,68.91,68.91,68.91,68.91,68.91,68.91,68.91,68.91,68.91,68.91,68.91,68.91
Hoan Kiem lake,105.8433823,21.0324108,67.39,67.39,67.39,67.39,67.39,67.39,67.39,67.39,67.39,67.39,67.39,67.39,67.39,67.39,67.39,67.39,67.39
Hoan Kiem lake,105.8437672,21.0324089,64.31,64.31,64.31,64.31,64.31,64.31,64.31,64.31,64.31,64.31,64.31,64.31,64.31,64.31,64.31,64.31,64.31
Hoan Kiem lake,105.8441522,21.032407,61.87,61.87,61.87,61.87,61.87,61.87,61.87,61.87,61.87,61.87,61.87,61.87,61.87,61.87,61.87,61.87,61.87
Hoan Kiem lake,105.8445371,21.032405,65.12,65.12,65.12,65.12,65.12,65.12,65.12,65.12,65.12,65.12,65.12,65.12,65.12,65.12,65.12,65.12,65.12
Hoan Kiem lake,105.844922,21.0324031,60.72,60.72,60.72,60.72,60.72,60.72,60.72,60.72,60.72,60.72,60.72,60.72,60.72,60.72,60.72,60.72,60.72
Hoan Kiem lake,105.8453069,21.0324012,68.87,68.87,68.87,68.87,68.87,68.87,68.87,68.87,68.87,68.87,68.87,68.87,68.87,68.87,68.87,68.87,68.87
Hoan Kiem lake,105.8456918,21.0323993,68.86,68.86,68.86,68.86,68.86,68.86,68.86,68.86,68.86,68.86,68.86,68.86,68.86,68.86,68.86,68.86,68.86
Hoan Kiem lake,105.8460768,21.0323974,60.39,60.39,60.39,60.39,60.39,60.39,60.39,60.39,60.39,60.39,60.39,60.39,60.39,60.39,60.39,60.39,60.39
Hoan Kiem lake,105.8464617,21.0323955,68.6,68.6,68.6,68.6,68.6,68.6,68.6,68.6,68.6,68.6,68.6,68.6,68.6,68.6,68.6,68.6,68.6
Hoan Kiem lake,105.8468466,21.0323936,68.87,68.87,68.87,68.87,68.87,68.87,68.87,68.87,68.87,68.87,68.87,68.87,68.87,68.87,68.87,68.87,68.87
Hoan Kiem lake,105.8472315,21.0323916,63.15,63.15,63.15,63.15,63.15,63.15,63.15,63.15,63.15,63.15,63.15,63.15,63.15,63.15,63.15,63.15,63.15
Hoan Kiem lake,105.8476164,21.0323897,65.13,65.13,65.13,65.13,65.13,65.13,65.13,65.13,65.13,65.13,65.13,65.13,65.13,65.13,65.13,65.13,65.13
Hoan Kiem lake,105.8480014,21.0323878,68.89,68.89,68.89,68.89,68.89,68.89,68.89,68.89,68.89,68.89,68.89,68.89,68.89,68.89,68.89,68.89,68.89
Hoan Kiem lake,105.8483863,21.0323859,68.9,68.9,68.9,68.9,68.9,68.9,68.9,68.9,68.9,68.9,68.9,68.9,68.9,68.9,68.9,68.9,68.9
Hoan Kiem lake,105.8487712,21.032384,66.85,66.85,66.85,66.85,66.85,66.85,66.85,66.85,66.85,66.85,66.85,66.85,66.85,66.85,66.85,66.85,66.85
Hoan Kiem lake,105.8491561,21.032382,62.4,62.4,62.4,62.4,62.4,62.4,62.4,62.4,62.4,62.4,62.4,62.4,62.4,62.4,62.4,62.4,62.4
Hoan Kiem lake,105.849541,21.0323801,60.66,60.66,60.66,60.66,60.66,60.66,60.66,60.66,60.66,60.66,60.66,60.66,60.66,60.66,60.66,60.66,60.66
Hoan Kiem lake,105.849926,21.0323782,61.16,61.16,61.16,61.16,61.16,61.16,61.16,61.16,61.16,61.16,61.16,61.16,61.16,61.16,61.16,61.16,61.16
Hoan Kiem lake,105.8503109,21.0323763,69.02,69.02,69.02,69.02,69.02,69.02,69.02,69.02,69.02,69.02,69.02,69.02,69.02,69.02,69.02,69.02,69.02
Hoan Kiem lake,105.8506958,21.0323743,69.09,69.09,69.09,69.09,69.09,69.09,69.09,69.09,69.09,69.09,69.09,69.09,69.09,69.09,69.09,69.09,69.09
Hoan Kiem lake,105.8510807,21.0323724,68.67,68.67,68.67,68.67,68.67,68.67,68.67,68.67,68.67,68.67,68.67,68.67,68.67,68.67,68.67,68.67,68.67
Hoan Kiem lake,105.8514656,21.0323705,67.25,67.25,67.25,67.25,67.25,67.25,67.25,67.25,67.25,67.25,67.25,67.25,67.25,67.25,67.25,67.25,67.25
Hoan Kiem lake,105.8518506,21.0323686,68.28,68.28,68.28,68.28,68.28,68.28,68.28,68.28,68.28,68.28,68.28,68.28,68.28,68.28,68.28,68.28,68.28
Hoan Kiem lake,105.8522355,21.0323666,65.83,65.83,65.83,65.83,65.83,65.83,65.83,65.83,65.83,65.83,65.83,65.83,65.83,65.83,65.83,65.83,65.83
Hoan Kiem lake,105.8526204,21.0323647,65.33,65.33,65.33,65.33,65.33,65.33,65.33,65.33,65.33,65.33,65.33,65.33,65.33,65.33,65.33,65.33,65.33
Hoan Kiem lake,105.8530053,21.0323628,68.59,68.59,68.59,68.59,68.59,68.59,68.59,68.59,68.59,68.59,68.59,68.59,68.59,68.59,68.59,68.59,68.59
Hoan Kiem lake,105.8533902,21.0323608,64.45,64.45,64.45,64.45,64.45,64.45,64.45,64.45,64.45,64.45,64.45,64.45,64.45,64.45,64.45,64.45,64.45
Hoan Kiem lake,105.8537752,21.0323589,69.05,69.05,69.05,69.05,69.05,69.05,69.05,69.05,69.05,69.05,69.05,69.05,69.05,69.05,69.05,69.05,69.05
Hoan Kiem lake,105.8541601,21.032357,63.58,63.58,63.58,63.58,63.58,63.58,63.58,63.58,63.58,63.58,63.58,63.58,63.58,63.58,63.58,63.58,63.58
Hoan Kiem lake,105.854545,21.032355,68.99,68.99,68.99,68.99,68.99,68.99,68.99,68.99,68.99,68.99,68.99,68.99,68.99,68.99,68.99,68.99,68.99
Hoan Kiem lake,105.8549299,21.0323531,69.05,69.05,69.05,69.05,69.05,69.05,69.05,69.05,69.05,69.05,69.05,69.05,69.05,69.05,69.05,69.05,69.05
Hoan Kiem lake,105.8553148,21.0323512,66.42,66.42,66.42,66.42,66.42,66.42,66.42,66.42,66.42,66.42,66.42,66.42,66.42,66.42,66.42,66.42,66.42
Hoan Kiem lake,105.8556997,21.0323492,65.96,65.96,65.96,65.96,65.96,65.96,65.96,65.96,65.96,65.96,65.96,65.96,65.96,65.96,65.96,65.96,65.96
Hoan Kiem lake,105.8560847,21.0323473,70.34,70.34,70.34,70.34,70.34,70.34,70.34,70.34,70.34,70.34,70.34,70.34,70.34,70.34,70.34,70.34,70.34
Hoan Kiem lake,105.8564696,21.0323454,69.28,69.28,69.28,69.28,69.28,69.28,69.28,69.28,69.28,69.28,69.28,69.28,69.28,69.28,69.28,69.28,69.28
Hoan Kiem lake,105.8568545,21.0323434,69.13,69.13,69.13,69.13,69.13,69.13,69.13,69.13,69.13,69.13,69.13,69.13,69.13,69.13,69.13,69.13,69.13
Hoan Kiem lake,105.8572394,21.0323415,65.89,65.89,65.89,65.89,65.89,65.89,65.89,65.89,65.89,65.89,65.89,65.89,65.89,65.89,65.89,65.89,65.89
Hoan Kiem lake,105.8576243,21.0323395,62.51,62.51,62.51,62.51,62.51,62.51,62.51,62.51,62.51,62.51,62.51,62.51,62.51,62.51,62.51,62.51,62.51
Hoan Kiem lake,105.8422296,21.0327779,62.57,62.57,62.57,62.57,62.57,62.57,62.57,62.57,62.57,62.57,62.57,62.57,62.57,62.57,62.57,62.57,62.57
Hoan Kiem lake,105.8426145,21.032776,61.44,61.44,61.44,61.44,61.44,61.44,61.44,61.44,61.44,61.44,61.44,61.44,61.44,61.44,61.44,61.44,61.44
Hoan Kiem lake,105.8429994,21.0327741,60.58,60.58,60.58,60.58,60.58,60.58,60.58,60.58,60.58,60.58,60.58,60.58,60.58,60.58,60.58,60.58,60.58
Hoan Kiem lake,105.8433844,21.0327722,68.89,68.89,68.89,68.89,68.89,68.89,68.89,68.89,68.89,68.89,68.89,68.89,68.89,68.89,68.89,68.89,68.89
Hoan Kiem lake,105.8437693,21.0327703,60.7,60.7,60.7,60.7,60.7,60.7,60.7,60.7,60.7,60.7,60.7,60.7,60.7,60.7,60.7,60.7,60.7
Hoan Kiem lake,105.8441542,21.0327683,60.88,60.88,60.88,60.88,60.88,60.88,60.88,60.88,60.88,60.88,60.88,60.88,60.88,60.88,60.88,60.88,60.88
Hoan Kiem lake,105.8445391,21.0327664,68.88,68.88,68.88,68.88,68.88,68.88,68.88,68.88,68.88,68.88,68.88,68.88,68.88,68.88,68.88,68.88,68.88
Hoan Kiem lake,105.844924,21.0327645,59.99,59.99,59.99,59.99,59.99,59.99,59.99,59.99,59.99,59.99,59.99,59.99,59.99,59.99,59.99,59.99,59.99
Hoan Kiem lake,105.845309,21.0327626,68.87,68.87,68.87,68.87,68.87,68.87,68.87,68.87,68.87,68.87,68.87,68.87,68.87,68.87,68.87,68.87,68.87
Hoan Kiem lake,105.8456939,21.0327607,60.62,60.62,60.62,60.62,60.62,60.62,60.62,60.62,60.62,60.62,60.62,60.62,60.62,60.62,60.62,60.62,60.62
Hoan Kiem lake,105.8460788,21.0327588,62.15,62.15,62.15,62.15,62.15,62.15,62.15,62.15,62.15,62.15,62.15,62.15,62.15,62.15,62.15,62.15,62.15
Hoan Kiem lake,105.8464637,21.0327569,68.25,68.25,68.25,68.25,68.25,68.25,68.25,68.25,68.25,68.25,68.25,68.25,68.25,68.25,68.25,68.25,68.25
Hoan Kiem lake,105.8468486,21.0327549,67.46,67.46,67.46,67.46,67.46,67.46,67.46,67.46,67.46,67.46,67.46,67.46,67.46,67.46,67.46,67.46,67.46
Hoan Kiem lake,105.8472336,21.032753,63.08,63.08,63.08,63.08,63.08,63.08,63.08,63.08,63.08,63.08,63.08,63.08,63.08,63.08,63.08,63.08,63.08
Hoan Kiem lake,105.8476185,21.0327511,64.91,64.91,64.91,64.91,64.91,64.91,64.91,64.91,64.91,64.91,64.91,64.91,64.91,64.91,64.91,64.91,64.91
Hoan Kiem lake,105.8480034,21.0327492,61.95,61.95,61.95,61.95,61.95,61.95,61.95,61.95,61.95,61.95,61.95,61.95,61.95,61.95,61.95,61.95,61.95
Hoan Kiem lake,105.8483883,21.0327473,60.44,60.44,60.44,60.44,60.44,60.44,60.44,60.44,60.44,60.44,60.44,60.44,60.44,60.44,60.44,60.44,60.44
Hoan Kiem lake,105.8487732,21.0327453,61.83,61.83,61.83,61.83,61.83,61.83,61.83,61.83,61.83,61.83,61.83,61.83,61.83,61.83,61.83,61.83,61.83
Hoan Kiem lake,105.8491582,21.0327434,65.51,65.51,65.51,65.51,65.51,65.51,65.51,65.51,65.51,65.51,65.51,65.51,65.51,65.51,65.51,65.51,65.51
Hoan Kiem lake,105.8495431,21.0327415,68.5,68.5,68.5,68.5,68.5,68.5,68.5,68.5,68.5,68.5,68.5,68.5,68.5,68.5,68.5,68.5,68.5
Hoan Kiem lake,105.849928,21.0327396,63.85,63.85,63.85,63.85,63.85,63.85,63.85,63.85,63.85,63.85,63.85,63.85,63.85,63.85,63.85,63.85,63.85
Hoan Kiem lake,105.8503129,21.0327377,64.76,64.76,64.76,64.76,64.76,64.76,64.76,64.76,64.76,64.76,64.76,64.76,64.76,64.76,64.76,64.76,64.76
Hoan Kiem lake,105.8506978,21.0327357,63.38,63.38,63.38,63.38,63.38,63.38,63.38,63.38,63.38,63.38,63.38,63.38,63.38,63.38,63.38,63.38,63.38
Hoan Kiem lake,105.8510828,21.0327338,64.45,64.45,64.45,64.45,64.45,64.45,64.45,64.45,64.45,64.45,64.45,64.45,64.45,64.45,64.45,64.45,64.45
Hoan Kiem lake,105.8514677,21.0327319,63.41,63.41,63.41,63.41,63.41,63.41,63.41,63.41,63.41,63.41,63.41,63.41,63.41,63.41,63.41,63.41,63.41
Hoan Kiem lake,105.8518526,21.0327299,68.79,68.79,68.79,68.79,68.79,68.79,68.79,68.79,68.79,68.79,68.79,68.79,68.79,68.79,68.79,68.79,68.79
Hoan Kiem lake,105.8522375,21.032728,61.91,61.91,61.91,61.91,61.91,61.91,61.91,61.91,61.91,61.91,61.91,61.91,61.91,61.91,61.91,61.91,61.91
Hoan Kiem lake,105.8526225,21.0327261,61.67,61.67,61.67,61.67,61.67,61.67,61.67,61.67,61.67,61.67,61.67,61.67,61.67,61.67,61.67,61.67,61.67
Hoan Kiem lake,105.8530074,21.0327242,69.03,69.03,69.03,69.03,69.03,69.03,69.03,69.03,69.03,69.03,69.03,69.03,69.03,69.03,69.03,69.03,69.03
Hoan Kiem lake,105.8533923,21.0327222,61.68,61.68,61.68,61.68,61.68,61.68,61.68,61.68,61.68,61.68,61.68,61.68,61.68,61.68,61.68,61.68,61.68
Hoan Kiem lake,105.8537772,21.0327203,69.0,69.0,69.0,69.0,69.0,69.0,69.0,69.0,69.0,69.0,69.0,69.0,69.0,69.0,69.0,69.0,69.0
Hoan Kiem lake,105.8541621,21.0327184,61.53,61.53,61.53,61.53,61.53,61.53,61.53,61.53,61.53,61.53,61.53,61.53,61.53,61.53,61.53,61.53,61.53
Hoan Kiem lake,105.854547,21.0327164,68.1,68.1,68.1,68.1,68.1,68.1,68.1,68.1,68.1,68.1,68.1,68.1,68.1,68.1,68.1,68.1,68.1
Hoan Kiem lake,105.854932,21.0327145,61.57,61.57,61.57,61.57,61.57,61.57,61.57,61.57,61.57,61.57,61.57,61.57,61.57,61.57,61.57,61.57,61.57
Hoan Kiem lake,105.8553169,21.0327126,67.36,67.36,67.36,67.36,67.36,67.36,67.36,67.36,67.36,67.36,67.36,67.36,67.36,67.36,67.36,67.36,67.36
Hoan Kiem lake,105.8557018,21.0327106,67.33,67.33,67.33,67.33,67.33,67.33,67.33,67.33,67.33,67.33,67.33,67.33,67.33,67.33,67.33,67.33,67.33
Hoan Kiem lake,105.8560867,21.0327087,70.96,70.96,70.96,70.96,70.96,70.96,70.96,70.96,70.96,70.96,70.96,70.96,70.96,70.96,70.96,70.96,70.96
Hoan Kiem lake,105.8564716,21.0327067,64.81,64.81,64.81,64.81,64.81,64.81,64.81,64.81,64.81,64.81,64.81,64.81,64.81,64.81,64.81,64.81,64.81
Hoan Kiem lake,105.8568566,21.0327048,66.14,66.14,66.14,66.14,66.14,66.14,66.14,66.14,66.14,66.14,66.14,66.14,66.14,66.14,66.14,66.14,66.14
Hoan Kiem lake,105.8572415,21.0327029,62.94,62.94,62.94,62.94,62.94,62.94,62.94,62.94,62.94,62.94,62.94,62.94,62.94,62.94,62.94,62.94,62.94
Hoan Kiem lake,105.8576264,21.0327009,67.06,67.06,67.06,67.06,67.06,67.06,67.06,67.06,67.06,67.06,67.06,67.06,67.06,67.06,67.06,67.06,67.06
Hoan Kiem lake,105.8422316,21.0331393,58.92,58.92,58.92,58.92,58.92,58.92,58.92,58.92,58.92,58.92,58.92,58.92,58.92,58.92,58.92,58.92,58.92
Hoan Kiem lake,105.8426165,21.0331374,58.44,58.44,58.44,58.44,58.44,58.44,58.44,58.44,58.44,58.44,58.44,58.44,58.44,58.44,58.44,58.44,58.44
Hoan Kiem lake,105.8430015,21.0331355,59.63,59.63,59.63,59.63,59.63,59.63,59.63,59.63,59.63,59.63,59.63,59.63,59.63,59.63,59.63,59.63,59.63
Hoan Kiem lake,105.8433864,21.0331335,65.91,65.91,65.91,65.91,65.91,65.91,65.91,65.91,65.91,65.91,65.91,65.91,65.91,65.91,65.91,65.91,65.91
Hoan Kiem lake,105.8437713,21.0331316,61.56,61.56,61.56,61.56,61.56,61.56,61.56,61.56,61.56,61.56,61.56,61.56,61.56,61.56,61.56,61.56,61.56
Hoan Kiem lake,105.8441562,21.0331297,60.09,60.09,60.09,60.09,60.09,60.09,60.09,60.09,60.09,60.09,60.09,60.09,60.09,60.09,60.09,60.09,60.09
Hoan Kiem lake,105.8445412,21.0331278,68.87,68.87,68.87,68.87,68.87,68.87,68.87,68.87,68.87,68.87,68.87,68.87,68.87,68.87,68.87,68.87,68.87
Hoan Kiem lake,105.8449261,21.0331259,60.62,60.62,60.62,60.62,60.62,60.62,60.62,60.62,60.62,60.62,60.62,60.62,60.62,60.62,60.62,60.62,60.62
Hoan Kiem lake,105.845311,21.033124,65.7,65.7,65.7,65.7,65.7,65.7,65.7,65.7,65.7,65.7,65.7,65.7,65.7,65.7,65.7,65.7,65.7
Hoan Kiem lake,105.8456959,21.0331221,61.48,61.48,61.48,61.48,61.48,61.48,61.48,61.48,61.48,61.48,61.48,61.48,61.48,61.48,61.48,61.48,61.48
Hoan Kiem lake,105.8460808,21.0331202,66.93,66.93,66.93,66.93,66.93,66.93,66.93,66.93,66.93,66.93,66.93,66.93,66.93,66.93,66.93,66.93,66.93
Hoan Kiem lake,105.8464658,21.0331182,61.52,61.52,61.52,61.52,61.52,61.52,61.52,61.52,61.52,61.52,61.52,61.52,61.52,61.52,61.52,61.52,61.52
Hoan Kiem lake,105.8468507,21.0331163,65.46,65.46,65.46,65.46,65.46,65.46,65.46,65.46,65.46,65.46,65.46,65.46,65.46,65.46,65.46,65.46,65.46
Hoan Kiem lake,105.8472356,21.0331144,61.57,61.57,61.57,61.57,61.57,61.57,61.57,61.57,61.57,61.57,61.57,61.57,61.57,61.57,61.57,61.57,61.57
Hoan Kiem lake,105.8476205,21.0331125,63.12,63.12,63.12,63.12,63.12,63.12,63.12,63.12,63.12,63.12,63.12,63.12,63.12,63.12,63.12,63.12,63.12
Hoan Kiem lake,105.8480055,21.0331106,63.14,63.14,63.14,63.14,63.14,63.14,63.14,63.14,63.14,63.14,63.14,63.14,63.14,63.14,63.14,63.14,63.14
Hoan Kiem lake,105.8483904,21.0331087,58.96,58.96,58.96,58.96,58.96,58.96,58.96,58.96,58.96,58.96,58.96,58.96,58.96,58.96,58.96,58.96,58.96
Hoan Kiem lake,105.8487753,21.0331067,58.75,58.75,58.75,58.75,58.75,58.75,58.75,58.75,58.75,58.75,58.75,58.75,58.75,58.75,58.75,58.75,58.75
Hoan Kiem lake,105.8491602,21.0331048,59.9,59.9,59.9,59.9,59.9,59.9,59.9,59.9,59.9,59.9,59.9,59.9,59.9,59.9,59.9,59.9,59.9
Hoan Kiem lake,105.8495451,21.0331029,61.58,61.58,61.58,61.58,61.58,61.58,61.58,61.58,61.58,61.58,61.58,61.58,61.58,61.58,61.58,61.58,61.58
Hoan Kiem lake,105.8499301,21.033101,64.7,64.7,64.7,64.7,64.7,64.7,64.7,64.7,64.7,64.7,64.7,64.7,64.7,64.7,64.7,64.7,64.7
Hoan Kiem lake,105.850315,21.033099,68.96,68.96,68.96,68.96,68.96,68.96,68.96,68.96,68.96,68.96,68.96,68.96,68.96,68.96,68.96,68.96,68.96
Hoan Kiem lake,105.8506999,21.0330971,60.96,60.96,60.96,60.96,60.96,60.96,60.96,60.96,60.96,60.96,60.96,60.96,60.96,60.96,60.96,60.96,60.96
Hoan Kiem lake,105.8510848,21.0330952,68.99,68.99,68.99,68.99,68.99,68.99,68.99,68.99,68.99,68.99,68.99,68.99,68.99,68.99,68.99,68.99,68.99
Hoan Kiem lake,105.8514697,21.0330933,61.79,61.79,61.79,61.79,61.79,61.79,61.79,61.79,61.79,61.79,61.79,61.79,61.79,61.79,61.79,61.79,61.79
Hoan Kiem lake,105.8518547,21.0330913,69.01,69.01,69.01,69.01,69.01,69.01,69.01,69.01,69.01,69.01,69.01,69.01,69.01,69.01,69.01,69.01,69.01
Hoan Kiem lake,105.8522396,21.0330894,69.0,69.0,69.0,69.0,69.0,69.0,69.0,69.0,69.0,69.0,69.0,69.0,69.0,69.0,69.0,69.0,69.0
Hoan Kiem lake,105.8526245,21.0330875,68.98,68.98,68.98,68.98,68.98,68.98,68.98,68.98,68.98,68.98,68.98,68.98,68.98,68.98,68.98,68.98,68.98
Hoan Kiem lake,105.8530094,21.0330855,68.98,68.98,68.98,68.98,68.98,68.98,68.98,68.98,68.98,68.98,68.98,68.98,68.98,68.98,68.98,68.98,68.98
Hoan Kiem lake,105.8533943,21.0330836,68.78,68.78,68.78,68.78,68.78,68.78,68.78,68.78,68.78,68.78,68.78,68.78,68.78,68.78,68.78,68.78,68.78
Hoan Kiem lake,105.8537793,21.0330817,68.96,68.96,68.96,68.96,68.96,68.96,68.96,68.96,68.96,68.96,68.96,68.96,68.96,68.96,68.96,68.96,68.96
Hoan Kiem lake,105.8541642,21.0330797,61.97,61.97,61.97,61.97,61.97,61.97,61.97,61.97,61.97,61.97,61.97,61.97,61.97,61.97,61.97,61.97,61.97
Hoan Kiem lake,105.8545491,21.0330778,69.05,69.05,69.05,69.05,69.05,69.05,69.05,69.05,69.05,69.05,69.05,69.05,69.05,69.05,69.05,69.05,69.05
Hoan Kiem lake,105.854934,21.0330759,68.64,68.64,68.64,68.64,68.64,68.64,68.64,68.64,68.64,68.64,68.64,68.64,68.64,68.64,68.64,68.64,68.64
Hoan Kiem lake,105.855319,21.0330739,66.77,66.77,66.77,66.77,66.77,66.77,66.77,66.77,66.77,66.77,66.77,66.77,66.77,66.77,66.77,66.77,66.77
Hoan Kiem lake,105.8557039,21.033072,70.31,70.31,70.31,70.31,70.31,70.31,70.31,70.31,70.31,70.31,70.31,70.31,70.31,70.31,70.31,70.31,70.31
Hoan Kiem lake,105.8560888,21.0330701,70.35,70.35,70.35,70.35,70.35,70.35,70.35,70.35,70.35,70.35,70.35,70.35,70.35,70.35,70.35,70.35,70.35
Hoan Kiem lake,105.8564737,21.0330681,68.02,68.02,68.02,68.02,68.02,68.02,68.02,68.02,68.02,68.02,68.02,68.02,68.02,68.02,68.02,68.02,68.02
Hoan Kiem lake,105.8568586,21.0330662,63.49,63.49,63.49,63.49,63.49,63.49,63.49,63.49,63.49,63.49,63.49,63.49,63.49,63.49,63.49,63.49,63.49
Hoan Kiem lake,105.8572436,21.0330642,69.02,69.02,69.02,69.02,69.02,69.02,69.02,69.02,69.02,69.02,69.02,69.02,69.02,69.02,69.02,69.02,69.02
Hoan Kiem lake,105.8576285,21.0330623,62.73,62.73,62.73,62.73,62.73,62.73,62.73,62.73,62.73,62.73,62.73,62.73,62.73,62.73,62.73,62.73,62.73
Hoan Kiem lake,105.8422337,21.0335007,57.25,57.25,57.25,57.25,57.25,57.25,57.25,57.25,57.25,57.25,57.25,57.25,57.25,57.25,57.25,57.25,57.25
Hoan Kiem lake,105.8426186,21.0334988,57.33,57.33,57.33,57.33,57.33,57.33,57.33,57.33,57.33,57.33,57.33,57.33,57.33,57.33,57.33,57.33,57.33
Hoan Kiem lake,105.8430035,21.0334968,59.04,59.04,59.04,59.04,59.04,59.04,59.04,59.04,59.04,59.04,59.04,59.04,59.04,59.04,59.04,59.04,59.04
Hoan Kiem lake,105.8433884,21.0334949,63.57,63.57,63.57,63.57,63.57,63.57,63.57,63.57,63.57,63.57,63.57,63.57,63.57,63.57,63.57,63.57,63.57
Hoan Kiem lake,105.8437733,21.033493,62.74,62.74,62.74,62.74,62.74,62.74,62.74,62.74,62.74,62.74,62.74,62.74,62.74,62.74,62.74,62.74,62.74
Hoan Kiem lake,105.8441583,21.0334911,59.41,59.41,59.41,59.41,59.41,59.41,59.41,59.41,59.41,59.41,59.41,59.41,59.41,59.41,59.41,59.41,59.41
Hoan Kiem lake,105.8445432,21.0334892,65.64,65.64,65.64,65.64,65.64,65.64,65.64,65.64,65.64,65.64,65.64,65.64,65.64,65.64,65.64,65.64,65.64
Hoan Kiem lake,105.8449281,21.0334873,61.55,61.55,61.55,61.55,61.55,61.55,61.55,61.55,61.55,61.55,61.55,61.55,61.55,61.55,61.55,61.55,61.55
Hoan Kiem lake,105.845313,21.0334854,63.54,63.54,63.54,63.54,63.54,63.54,63.54,63.54,63.54,63.54,63.54,63.54,63.54,63.54,63.54,63.54,63.54
Hoan Kiem lake,105.845698,21.0334835,64.79,64.79,64.79,64.79,64.79,64.79,64.79,64.79,64.79,64.79,64.79,64.79,64.79,64.79,64.79,64.79,64.79
Hoan Kiem lake,105.8460829,21.0334815,66.64,66.64,66.64,66.64,66.64,66.64,66.64,66.64,66.64,66.64,66.64,66.64,66.64,66.64,66.64,66.64,66.64
Hoan Kiem lake,105.8464678,21.0334796,62.72,62.72,62.72,62.72,62.72,62.72,62.72,62.72,62.72,62.72,62.72,62.72,62.72,62.72,62.72,62.72,62.72
Hoan Kiem lake,105.8468527,21.0334777,64.61,64.61,64.61,64.61,64.61,64.61,64.61,64.61,64.61,64.61,64.61,64.61,64.61,64.61,64.61,64.61,64.61
Hoan Kiem lake,105.8472377,21.0334758,61.9,61.9,61.9,61.9,61.9,61.9,61.9,61.9,61.9,61.9,61.9,61.9,61.9,61.9,61.9,61.9,61.9
Hoan Kiem lake,105.8476226,21.0334739,61.87,61.87,61.87,61.87,61.87,61.87,61.87,61.87,61.87,61.87,61.87,61.87,61.87,61.87,61.87,61.87,61.87
Hoan Kiem lake,105.8480075,21.033472,64.93,64.93,64.93,64.93,64.93,64.93,64.93,64.93,64.93,64.93,64.93,64.93,64.93,64.93,64.93,64.93,64.93
Hoan Kiem lake,105.8483924,21.03347,60.28,60.28,60.28,60.28,60.28,60.28,60.28,60.28,60.28,60.28,60.28,60.28,60.28,60.28,60.28,60.28,60.28
Hoan Kiem lake,105.8487773,21.0334681,59.95,59.95,59.95,59.95,59.95,59.95,59.95,59.95,59.95,59.95,59.95,59.95,59.95,59.95,59.95,59.95,59.95
Hoan Kiem lake,105.8491623,21.0334662,59.68,59.68,59.68,59.68,59.68,59.68,59.68,59.68,59.68,59.68,59.68,59.68,59.68,59.68,59.68,59.68,59.68
Hoan Kiem lake,105.8495472,21.0334643,59.46,59.46,59.46,59.46,59.46,59.46,59.46,59.46,59.46,59.46,59.46,59.46,59.46,59.46,59.46,59.46,59.46
Hoan Kiem lake,105.8499321,21.0334623,63.32,63.32,63.32,63.32,63.32,63.32,63.32,63.32,63.32,63.32,63.32,63.32,63.32,63.32,63.32,63.32,63.32
Hoan Kiem lake,105.850317,21.0334604,63.62,63.62,63.62,63.62,63.62,63.62,63.62,63.62,63.62,63.62,63.62,63.62,63.62,63.62,63.62,63.62,63.62
Hoan Kiem lake,105.850702,21.0334585,62.52,62.52,62.52,62.52,62.52,62.52,62.52,62.52,62.52,62.52,62.52,62.52,62.52,62.52,62.52,62.52,62.52
Hoan Kiem lake,105.8510869,21.0334566,65.33,65.33,65.33,65.33,65.33,65.33,65.33,65.33,65.33,65.33,65.33,65.33,65.33,65.33,65.33,65.33,65.33
Hoan Kiem lake,105.8514718,21.0334546,60.22,60.22,60.22,60.22,60.22,60.22,60.22,60.22,60.22,60.22,60.22,60.22,60.22,60.22,60.22,60.22,60.22
Hoan Kiem lake,105.8518567,21.0334527,65.58,65.58,65.58,65.58,65.58,65.58,65.58,65.58,65.58,65.58,65.58,65.58,65.58,65.58,65.58,65.58,65.58
Hoan Kiem lake,105.8522416,21.0334508,62.09,62.09,62.09,62.09,62.09,62.09,62.09,62.09,62.09,62.09,62.09,62.09,62.09,62.09,62.09,62.09,62.09
Hoan Kiem lake,105.8526266,21.0334489,60.5,60.5,60.5,60.5,60.5,60.5,60.5,60.5,60.5,60.5,60.5,60.5,60.5,60.5,60.5,60.5,60.5
Hoan Kiem lake,105.8530115,21.0334469,60.38,60.38,60.38,60.38,60.38,60.38,60.38,60.38,60.38,60.38,60.38,60.38,60.38,60.38,60.38,60.38,60.38
Hoan Kiem lake,105.8533964,21.033445,60.66,60.66,60.66,60.66,60.66,60.66,60.66,60.66,60.66,60.66,60.66,60.66,60.66,60.66,60.66,60.66,60.66
Hoan Kiem lake,105.8537813,21.0334431,68.97,68.97,68.97,68.97,68.97,68.97,68.97,68.97,68.97,68.97,68.97,68.97,68.97,68.97,68.97,68.97,68.97
Hoan Kiem lake,105.8541662,21.0334411,62.38,62.38,62.38,62.38,62.38,62.38,62.38,62.38,62.38,62.38,62.38,62.38,62.38,62.38,62.38,62.38,62.38
Hoan Kiem lake,105.8545512,21.0334392,65.66,65.66,65.66,65.66,65.66,65.66,65.66,65.66,65.66,65.66,65.66,65.66,65.66,65.66,65.66,65.66,65.66
Hoan Kiem lake,105.8549361,21.0334373,69.15,69.15,69.15,69.15,69.15,69.15,69.15,69.15,69.15,69.15,69.15,69.15,69.15,69.15,69.15,69.15,69.15
Hoan Kiem lake,105.855321,21.0334353,65.45,65.45,65.45,65.45,65.45,65.45,65.45,65.45,65.45,65.45,65.45,65.45,65.45,65.45,65.45,65.45,65.45
Hoan Kiem lake,105.8557059,21.0334334,70.7,70.7,70.7,70.7,70.7,70.7,70.7,70.7,70.7,70.7,70.7,70.7,70.7,70.7,70.7,70.7,70.7
Hoan Kiem lake,105.8560909,21.0334314,65.4,65.4,65.4,65.4,65.4,65.4,65.4,65.4,65.4,65.4,65.4,65.4,65.4,65.4,65.4,65.4,65.4
Hoan Kiem lake,105.8564758,21.0334295,65.52,65.52,65.52,65.52,65.52,65.52,65.52,65.52,65.52,65.52,65.52,65.52,65.52,65.52,65.52,65.52,65.52
Hoan Kiem lake,105.8568607,21.0334276,66.29,66.29,66.29,66.29,66.29,66.29,66.29,66.29,66.29,66.29,66.29,66.29,66.29,66.29,66.29,66.29,66.29
Hoan Kiem lake,105.8572456,21.0334256,61.7,61.7,61.7,61.7,61.7,61.7,61.7,61.7,61.7,61.7,61.7,61.7,61.7,61.7,61.7,61.7,61.7
Hoan Kiem lake,105.8576305,21.0334237,61.81,61.81,61.81,61.81,61.81,61.81,61.81,61.81,61.81,61.81,61.81,61.81,61.81,61.81,61.81,61.81,61.81
Hoan Kiem lake,105.8422357,21.033862,56.15,56.15,56.15,56.15,56.15,56.15,56.15,56.15,56.15,56.15,56.15,56.15,56.15,56.15,56.15,56.15,56.15
Hoan Kiem lake,105.8426206,21.0338601,56.99,56.99,56.99,56.99,56.99,56.99,56.99,56.99,56.99,56.99,56.99,56.99,56.99,56.99,56.99,56.99,56.99
Hoan Kiem lake,105.8430055,21.0338582,58.53,58.53,58.53,58.53,58.53,58.53,58.53,58.53,58.53,58.53,58.53,58.53,58.53,58.53,58.53,58.53,58.53
Hoan Kiem lake,105.8433905,21.0338563,62.09,62.09,62.09,62.09,62.09,62.09,62.09,62.09,62.09,62.09,62.09,62.09,62.09,62.09,62.09,62.09,62.09
Hoan Kiem lake,105.8437754,21.0338544,64.54,64.54,64.54,64.54,64.54,64.54,64.54,64.54,64.54,64.54,64.54,64.54,64.54,64.54,64.54,64.54,64.54
Hoan Kiem lake,105.8441603,21.0338525,60.31,60.31,60.31,60.31,60.31,60.31,60.31,60.31,60.31,60.31,60.31,60.31,60.31,60.31,60.31,60.31,60.31
Hoan Kiem lake,105.8445452,21.0338506,63.38,63.38,63.38,63.38,63.38,63.38,63.38,63.38,63.38,63.38,63.38,63.38,63.38,63.38,63.38,63.38,63.38
Hoan Kiem lake,105.8449302,21.0338487,62.8,62.8,62.8,62.8,62.8,62.8,62.8,62.8,62.8,62.8,62.8,62.8,62.8,62.8,62.8,62.8,62.8
Hoan Kiem lake,105.8453151,21.0338468,62.13,62.13,62.13,62.13,62.13,62.13,62.13,62.13,62.13,62.13,62.13,62.13,62.13,62.13,62.13,62.13,62.13
Hoan Kiem lake,105.8457,21.0338448,64.25,64.25,64.25,64.25,64.25,64.25,64.25,64.25,64.25,64.25,64.25,64.25,64.25,64.25,64.25,64.25,64.25
Hoan Kiem lake,105.8460849,21.0338429,68.86,68.86,68.86,68.86,68.86,68.86,68.86,68.86,68.86,68.86,68.86,68.86,68.86,68.86,68.86,68.86,68.86
Hoan Kiem lake,105.8464698,21.033841,63.31,63.31,63.31,63.31,63.31,63.31,63.31,63.31,63.31,63.31,63.31,63.31,63.31,63.31,63.31,63.31,63.31
Hoan Kiem lake,105.8468548,21.0338391,64.35,64.35,64.35,64.35,64.35,64.35,64.35,64.35,64.35,64.35,64.35,64.35,64.35,64.35,64.35,64.35,64.35
Hoan Kiem lake,105.8472397,21.0338372,68.87,68.87,68.87,68.87,68.87,68.87,68.87,68.87,68.87,68.87,68.87,68.87,68.87,68.87,68.87,68.87,68.87
Hoan Kiem lake,105.8476246,21.0338353,67.59,67.59,67.59,67.59,67.59,67.59,67.59,67.59,67.59,67.59,67.59,67.59,67.59,67.59,67.59,67.59,67.59
Hoan Kiem lake,105.8480095,21.0338333,68.87,68.87,68.87,68.87,68.87,68.87,68.87,68.87,68.87,68.87,68.87,68.87,68.87,68.87,68.87,68.87,68.87
Hoan Kiem lake,105.8483945,21.0338314,68.88,68.88,68.88,68.88,68.88,68.88,68.88,68.88,68.88,68.88,68.88,68.88,68.88,68.88,68.88,68.88,68.88
Hoan Kiem lake,105.8487794,21.0338295,68.5,68.5,68.5,68.5,68.5,68.5,68.5,68.5,68.5,68.5,68.5,68.5,68.5,68.5,68.5,68.5,68.5
Hoan Kiem lake,105.8491643,21.0338276,66.01,66.01,66.01,66.01,66.01,66.01,66.01,66.01,66.01,66.01,66.01,66.01,66.01,66.01,66.01,66.01,66.01
Hoan Kiem lake,105.8495492,21.0338257,64.5,64.5,64.5,64.5,64.5,64.5,64.5,64.5,64.5,64.5,64.5,64.5,64.5,64.5,64.5,64.5,64.5
Hoan Kiem lake,105.8499342,21.0338237,67.94,67.94,67.94,67.94,67.94,67.94,67.94,67.94,67.94,67.94,67.94,67.94,67.94,67.94,67.94,67.94,67.94
Hoan Kiem lake,105.8503191,21.0338218,62.53,62.53,62.53,62.53,62.53,62.53,62.53,62.53,62.53,62.53,62.53,62.53,62.53,62.53,62.53,62.53,62.53
Hoan Kiem lake,105.850704,21.0338199,66.65,66.65,66.65,66.65,66.65,66.65,66.65,66.65,66.65,66.65,66.65,66.65,66.65,66.65,66.65,66.65,66.65
Hoan Kiem lake,105.8510889,21.033818,61.96,61.96,61.96,61.96,61.96,61.96,61.96,61.96,61.96,61.96,61.96,61.96,61.96,61.96,61.96,61.96,61.96
Hoan Kiem lake,105.8514738,21.033816,62.93,62.93,62.93,62.93,62.93,62.93,62.93,62.93,62.93,62.93,62.93,62.93,62.93,62.93,62.93,62.93,62.93
Hoan Kiem lake,105.8518588,21.0338141,64.35,64.35,64.35,64.35,64.35,64.35,64.35,64.35,64.35,64.35,64.35,64.35,64.35,64.35,64.35,64.35,64.35
Hoan Kiem lake,105.8522437,21.0338122,65.73,65.73,65.73,65.73,65.73,65.73,65.73,65.73,65.73,65.73,65.73,65.73,65.73,65.73,65.73,65.73,65.73
Hoan Kiem lake,105.8526286,21.0338102,66.99,66.99,66.99,66.99,66.99,66.99,66.99,66.99,66.99,66.99,66.99,66.99,66.99,66.99,66.99,66.99,66.99
Hoan Kiem lake,105.8530135,21.0338083,68.94,68.94,68.94,68.94,68.94,68.94,68.94,68.94,68.94,68.94,68.94,68.94,68.94,68.94,68.94,68.94,68.94
Hoan Kiem lake,105.8533985,21.0338064,68.96,68.96,68.96,68.96,68.96,68.96,68.96,68.96,68.96,68.96,68.96,68.96,68.96,68.96,68.96,68.96,68.96
Hoan Kiem lake,105.8537834,21.0338044,68.99,68.99,68.99,68.99,68.99,68.99,68.99,68.99,68.99,68.99,68.99,68.99,68.99,68.99,68.99,68.99,68.99
Hoan Kiem lake,105.8541683,21.0338025,69.05,69.05,69.05,69.05,69.05,69.05,69.05,69.05,69.05,69.05,69.05,69.05,69.05,69.05,69.05,69.05,69.05
Hoan Kiem lake,105.8545532,21.0338006,69.16,69.16,69.16,69.16,69.16,69.16,69.16,69.16,69.16,69.16,69.16,69.16,69.16,69.16,69.16,69.16,69.16
Hoan Kiem lake,105.8549382,21.0337986,69.36,69.36,69.36,69.36,69.36,69.36,69.36,69.36,69.36,69.36,69.36,69.36,69.36,69.36,69.36,69.36,69.36
Hoan Kiem lake,105.8553231,21.0337967,71.29,71.29,71.29,71.29,71.29,71.29,71.29,71.29,71.29,71.29,71.29,71.29,71.29,71.29,71.29,71.29,71.29
Hoan Kiem lake,105.855708,21.0337948,70.68,70.68,70.68,70.68,70.68,70.68,70.68,70.68,70.68,70.68,70.68,70.68,70.68,70.68,70.68,70.68,70.68
Hoan Kiem lake,105.8560929,21.0337928,64.08,64.08,64.08,64.08,64.08,64.08,64.08,64.08,64.08,64.08,64.08,64.08,64.08,64.08,64.08,64.08,64.08
Hoan Kiem lake,105.8564778,21.0337909,66.06,66.06,66.06,66.06,66.06,66.06,66.06,66.06,66.06,66.06,66.06,66.06,66.06,66.06,66.06,66.06,66.06
Hoan Kiem lake,105.8568628,21.033789,64.83,64.83,64.83,64.83,64.83,64.83,64.83,64.83,64.83,64.83,64.83,64.83,64.83,64.83,64.83,64.83,64.83
Hoan Kiem lake,105.8572477,21.033787,61.67,61.67,61.67,61.67,61.67,61.67,61.67,61.67,61.67,61.67,61.67,61.67,61.67,61.67,61.67,61.67,61.67
Hoan Kiem lake,105.8576326,21.0337851,68.95,68.95,68.95,68.95,68.95,68.95,68.95,68.95,68.95,68.95,68.95,68.95,68.95,68.95,68.95,68.95,68.95
Hoan Kiem lake,105.8422377,21.0342234,56.07,56.07,56.07,56.07,56.07,56.07,56.07,56.07,56.07,56.07,56.07,56.07,56.07,56.07,56.07,56.07,56.07
Hoan Kiem lake,105.8426226,21.0342215,56.66,56.66,56.66,56.66,56.66,56.66,56.66,56.66,56.66,56.66,56.66,56.66,56.66,56.66,56.66,56.66,56.66
Hoan Kiem lake,105.8430076,21.0342196,58.07,58.07,58.07,58.07,58.07,58.07,58.07,58.07,58.07,58.07,58.07,58.07,58.07,58.07,58.07,58.07,58.07
Hoan Kiem lake,105.8433925,21.0342177,60.99,60.99,60.99,60.99,60.99,60.99,60.99,60.99,60.99,60.99,60.99,60.99,60.99,60.99,60.99,60.99,60.99
Hoan Kiem lake,105.8437774,21.0342158,68.87,68.87,68.87,68.87,68.87,68.87,68.87,68.87,68.87,68.87,68.87,68.87,68.87,68.87,68.87,68.87,68.87
Hoan Kiem lake,105.8441623,21.0342139,68.86,68.86,68.86,68.86,68.86,68.86,68.86,68.86,68.86,68.86,68.86,68.86,68.86,68.86,68.86,68.86,68.86
Hoan Kiem lake,105.8445473,21.034212,66.82,66.82,66.82,66.82,66.82,66.82,66.82,66.82,66.82,66.82,66.82,66.82,66.82,66.82,66.82,66.82,66.82
Hoan Kiem lake,105.8449322,21.0342101,64.67,64.67,64.67,64.67,64.67,64.67,64.67,64.67,64.67,64.67,64.67,64.67,64.67,64.67,64.67,64.67,64.67
Hoan Kiem lake,105.8453171,21.0342081,61.08,61.08,61.08,61.08,61.08,61.08,61.08,61.08,61.08,61.08,61.08,61.08,61.08,61.08,61.08,61.08,61.08
Hoan Kiem lake,105.845702,21.0342062,67.02,67.02,67.02,67.02,67.02,67.02,67.02,67.02,67.02,67.02,67.02,67.02,67.02,67.02,67.02,67.02,67.02
Hoan Kiem lake,105.846087,21.0342043,61.31,61.31,61.31,61.31,61.31,61.31,61.31,61.31,61.31,61.31,61.31,61.31,61.31,61.31,61.31,61.31,61.31
Hoan Kiem lake,105.8464719,21.0342024,64.55,64.55,64.55,64.55,64.55,64.55,64.55,64.55,64.55,64.55,64.55,64.55,64.55,64.55,64.55,64.55,64.55
Hoan Kiem lake,105.8468568,21.0342005,67.74,67.74,67.74,67.74,67.74,67.74,67.74,67.74,67.74,67.74,67.74,67.74,67.74,67.74,67.74,67.74,67.74
Hoan Kiem lake,105.8472417,21.0341986,65.88,65.88,65.88,65.88,65.88,65.88,65.88,65.88,65.88,65.88,65.88,65.88,65.88,65.88,65.88,65.88,65.88
Hoan Kiem lake,105.8476267,21.0341966,63.89,63.89,63.89,63.89,63.89,63.89,63.89,63.89,63.89,63.89,63.89,63.89,63.89,63.89,63.89,63.89,63.89
Hoan Kiem lake,105.8480116,21.0341947,68.87,68.87,68.87,68.87,68.87,68.87,68.87,68.87,68.87,68.87,68.87,68.87,68.87,68.87,68.87,68.87,68.87
Hoan Kiem lake,105.8483965,21.0341928,60.47,60.47,60.47,60.47,60.47,60.47,60.47,60.47,60.47,60.47,60.47,60.47,60.47,60.47,60.47,60.47,60.47
Hoan Kiem lake,105.8487814,21.0341909,60.92,60.92,60.92,60.92,60.92,60.92,60.92,60.92,60.92,60.92,60.92,60.92,60.92,60.92,60.92,60.92,60.92
Hoan Kiem lake,105.8491664,21.034189,61.49,61.49,61.49,61.49,61.49,61.49,61.49,61.49,61.49,61.49,61.49,61.49,61.49,61.49,61.49,61.49,61.49
Hoan Kiem lake,105.8495513,21.034187,62.15,62.15,62.15,62.15,62.15,62.15,62.15,62.15,62.15,62.15,62.15,62.15,62.15,62.15,62.15,62.15,62.15
Hoan Kiem lake,105.8499362,21.0341851,67.09,67.09,67.09,67.09,67.09,67.09,67.09,67.09,67.09,67.09,67.09,67.09,67.09,67.09,67.09,67.09,67.09
Hoan Kiem lake,105.8503211,21.0341832,64.07,64.07,64.07,64.07,64.07,64.07,64.07,64.07,64.07,64.07,64.07,64.07,64.07,64.07,64.07,64.07,64.07
Hoan Kiem lake,105.8507061,21.0341813,66.86,66.86,66.86,66.86,66.86,66.86,66.86,66.86,66.86,66.86,66.86,66.86,66.86,66.86,66.86,66.86,66.86
Hoan Kiem lake,105.851091,21.0341793,65.98,65.98,65.98,65.98,65.98,65.98,65.98,65.98,65.98,65.98,65.98,65.98,65.98,65.98,65.98,65.98,65.98
Hoan Kiem lake,105.8514759,21.0341774,63.74,63.74,63.74,63.74,63.74,63.74,63.74,63.74,63.74,63.74,63.74,63.74,63.74,63.74,63.74,63.74,63.74
Hoan Kiem lake,105.8518608,21.0341755,62.77,62.77,62.77,62.77,62.77,62.77,62.77,62.77,62.77,62.77,62.77,62.77,62.77,62.77,62.77,62.77,62.77
Hoan Kiem lake,105.8522458,21.0341736,63.75,63.75,63.75,63.75,63.75,63.75,63.75,63.75,63.75,63.75,63.75,63.75,63.75,63.75,63.75,63.75,63.75
Hoan Kiem lake,105.8526307,21.0341716,61.49,61.49,61.49,61.49,61.49,61.49,61.49,61.49,61.49,61.49,61.49,61.49,61.49,61.49,61.49,61.49,61.49
Hoan Kiem lake,105.8530156,21.0341697,61.29,61.29,61.29,61.29,61.29,61.29,61.29,61.29,61.29,61.29,61.29,61.29,61.29,61.29,61.29,61.29,61.29
Hoan Kiem lake,105.8534005,21.0341678,68.99,68.99,68.99,68.99,68.99,68.99,68.99,68.99,68.99,68.99,68.99,68.99,68.99,68.99,68.99,68.99,68.99
Hoan Kiem lake,105.8537854,21.0341658,61.36,61.36,61.36,61.36,61.36,61.36,61.36,61.36,61.36,61.36,61.36,61.36,61.36,61.36,61.36,61.36,61.36
Hoan Kiem lake,105.8541704,21.0341639,63.38,63.38,63.38,63.38,63.38,63.38,63.38,63.38,63.38,63.38,63.38,63.38,63.38,63.38,63.38,63.38,63.38
Hoan Kiem lake,105.8545553,21.034162,65.14,65.14,65.14,65.14,65.14,65.14,65.14,65.14,65.14,65.14,65.14,65.14,65.14,65.14,65.14,65.14,65.14
Hoan Kiem lake,105.8549402,21.03416,65.93,65.93,65.93,65.93,65.93,65.93,65.93,65.93,65.93,65.93,65.93,65.93,65.93,65.93,65.93,65.93,65.93
Hoan Kiem lake,105.8553251,21.0341581,70.56,70.56,70.56,70.56,70.56,70.56,70.56,70.56,70.56,70.56,70.56,70.56,70.56,70.56,70.56,70.56,70.56
Hoan Kiem lake,105.8557101,21.0341562,66.1,66.1,66.1,66.1,66.1,66.1,66.1,66.1,66.1,66.1,66.1,66.1,66.1,66.1,66.1,66.1,66.1
Hoan Kiem lake,105.856095,21.0341542,67.75,67.75,67.75,67.75,67.75,67.75,67.75,67.75,67.75,67.75,67.75,67.75,67.75,67.75,67.75,67.75,67.75
Hoan Kiem lake,105.8564799,21.0341523,62.52,62.52,62.52,62.52,62.52,62.52,62.52,62.52,62.52,62.52,62.52,62.52,62.52,62.52,62.52,62.52,62.52
Hoan Kiem lake,105.8568648,21.0341503,60.28,60.28,60.28,60.28,60.28,60.28,60.28,60.28,60.28,60.28,60.28,60.28,60.28,60.28,60.28,60.28,60.28
Hoan Kiem lake,105.8572498,21.0341484,64.03,64.03,64.03,64.03,64.03,64.03,64.03,64.03,64.03,64.03,64.03,64.03,64.03,64.03,64.03,64.03,64.03
Hoan Kiem lake,105.8576347,21.0341465,63.8,63.8,63.8,63.8,63.8,63.8,63.8,63.8,63.8,63.8,63.8,63.8,63.8,63.8,63.8,63.8,63.8
Hoan Kiem lake,105.8422398,21.0345848,55.81,55.81,55.81,55.81,55.81,55.81,55.81,55.81,55.81,55.81,55.81,55.81,55.81,55.81,55.81,55.81,55.81
Hoan Kiem lake,105.8426247,21.0345829,56.32,56.32,56.32,56.32,56.32,56.32,56.32,56.32,56.32,56.32,56.32,56.32,56.32,56.32,56.32,56.32,56.32
Hoan Kiem lake,105.8430096,21.034581,57.49,57.49,57.49,57.49,57.49,57.49,57.49,57.49,57.49,57.49,57.49,57.49,57.49,57.49,57.49,57.49,57.49
Hoan Kiem lake,105.8433945,21.0345791,59.19,59.19,59.19,59.19,59.19,59.19,59.19,59.19,59.19,59.19,59.19,59.19,59.19,59.19,59.19,59.19,59.19
Hoan Kiem lake,105.8437795,21.0345772,60.92,60.92,60.92,60.92,60.92,60.92,60.92,60.92,60.92,60.92,60.92,60.92,60.92,60.92,60.92,60.92,60.92
Hoan Kiem lake,105.8441644,21.0345753,60.26,60.26,60.26,60.26,60.26,60.26,60.26,60.26,60.26,60.26,60.26,60.26,60.26,60.26,60.26,60.26,60.26
Hoan Kiem lake,105.8445493,21.0345734,60.88,60.88,60.88,60.88,60.88,60.88,60.88,60.88,60.88,60.88,60.88,60.88,60.88,60.88,60.88,60.88,60.88
Hoan Kiem lake,105.8449342,21.0345714,68.19,68.19,68.19,68.19,68.19,68.19,68.19,68.19,68.19,68.19,68.19,68.19,68.19,68.19,68.19,68.19,68.19
Hoan Kiem lake,105.8453192,21.0345695,62.15,62.15,62.15,62.15,62.15,62.15,62.15,62.15,62.15,62.15,62.15,62.15,62.15,62.15,62.15,62.15,62.15
Hoan Kiem lake,105.8457041,21.0345676,68.85,68.85,68.85,68.85,68.85,68.85,68.85,68.85,68.85,68.85,68.85,68.85,68.85,68.85,68.85,68.85,68.85
Hoan Kiem lake,105.846089,21.0345657,66.87,66.87,66.87,66.87,66.87,66.87,66.87,66.87,66.87,66.87,66.87,66.87,66.87,66.87,66.87,66.87,66.87
Hoan Kiem lake,105.8464739,21.0345638,68.85,68.85,68.85,68.85,68.85,68.85,68.85,68.85,68.85,68.85,68.85,68.85,68.85,68.85,68.85,68.85,68.85
Hoan Kiem lake,105.8468589,21.0345619,66.07,66.07,66.07,66.07,66.07,66.07,66.07,66.07,66.07,66.07,66.07,66.07,66.07,66.07,66.07,66.07,66.07
Hoan Kiem lake,105.8472438,21.0345599,63.68,63.68,63.68,63.68,63.68,63.68,63.68,63.68,63.68,63.68,63.68,63.68,63.68,63.68,63.68,63.68,63.68
Hoan Kiem lake,105.8476287,21.034558,62.52,62.52,62.52,62.52,62.52,62.52,62.52,62.52,62.52,62.52,62.52,62.52,62.52,62.52,62.52,62.52,62.52
Hoan Kiem lake,105.8480136,21.0345561,66.83,66.83,66.83,66.83,66.83,66.83,66.83,66.83,66.83,66.83,66.83,66.83,66.83,66.83,66.83,66.83,66.83
Hoan Kiem lake,105.8483986,21.0345542,61.21,61.21,61.21,61.21,61.21,61.21,61.21,61.21,61.21,61.21,61.21,61.21,61.21,61.21,61.21,61.21,61.21
Hoan Kiem lake,105.8487835,21.0345523,58.16,58.16,58.16,58.16,58.16,58.16,58.16,58.16,58.16,58.16,58.16,58.16,58.16,58.16,58.16,58.16,58.16
Hoan Kiem lake,105.8491684,21.0345503,59.3,59.3,59.3,59.3,59.3,59.3,59.3,59.3,59.3,59.3,59.3,59.3,59.3,59.3,59.3,59.3,59.3
Hoan Kiem lake,105.8495533,21.0345484,64.25,64.25,64.25,64.25,64.25,64.25,64.25,64.25,64.25,64.25,64.25,64.25,64.25,64.25,64.25,64.25,64.25
Hoan Kiem lake,105.8499383,21.0345465,62.67,62.67,62.67,62.67,62.67,62.67,62.67,62.67,62.67,62.67,62.67,62.67,62.67,62.67,62.67,62.67,62.67
Hoan Kiem lake,105.8503232,21.0345446,66.78,66.78,66.78,66.78,66.78,66.78,66.78,66.78,66.78,66.78,66.78,66.78,66.78,66.78,66.78,66.78,66.78
Hoan Kiem lake,105.8507081,21.0345427,61.93,61.93,61.93,61.93,61.93,61.93,61.93,61.93,61.93,61.93,61.93,61.93,61.93,61.93,61.93,61.93,61.93
Hoan Kiem lake,105.851093,21.0345407,60.7,60.7,60.7,60.7,60.7,60.7,60.7,60.7,60.7,60.7,60.7,60.7,60.7,60.7,60.7,60.7,60.7
Hoan Kiem lake,105.851478,21.0345388,61.81,61.81,61.81,61.81,61.81,61.81,61.81,61.81,61.81,61.81,61.81,61.81,61.81,61.81,61.81,61.81,61.81
Hoan Kiem lake,105.8518629,21.0345369,61.98,61.98,61.98,61.98,61.98,61.98,61.98,61.98,61.98,61.98,61.98,61.98,61.98,61.98,61.98,61.98,61.98
Hoan Kiem lake,105.8522478,21.0345349,65.16,65.16,65.16,65.16,65.16,65.16,65.16,65.16,65.16,65.16,65.16,65.16,65.16,65.16,65.16,65.16,65.16
Hoan Kiem lake,105.8526327,21.034533,62.2,62.2,62.2,62.2,62.2,62.2,62.2,62.2,62.2,62.2,62.2,62.2,62.2,62.2,62.2,62.2,62.2
Hoan Kiem lake,105.8530177,21.0345311,61.54,61.54,61.54,61.54,61.54,61.54,61.54,61.54,61.54,61.54,61.54,61.54,61.54,61.54,61.54,61.54,61.54
Hoan Kiem lake,105.8534026,21.0345291,69.02,69.02,69.02,69.02,69.02,69.02,69.02,69.02,69.02,69.02,69.02,69.02,69.02,69.02,69.02,69.02,69.02
Hoan Kiem lake,105.8537875,21.0345272,61.86,61.86,61.86,61.86,61.86,61.86,61.86,61.86,61.86,61.86,61.86,61.86,61.86,61.86,61.86,61.86,61.86
Hoan Kiem lake,105.8541724,21.0345253,64.1,64.1,64.1,64.1,64.1,64.1,64.1,64.1,64.1,64.1,64.1,64.1,64.1,64.1,64.1,64.1,64.1
Hoan Kiem lake,105.8545574,21.0345233,66.74,66.74,66.74,66.74,66.74,66.74,66.74,66.74,66.74,66.74,66.74,66.74,66.74,66.74,66.74,66.74,66.74
Hoan Kiem lake,105.8549423,21.0345214,70.36,70.36,70.36,70.36,70.36,70.36,70.36,70.36,70.36,70.36,70.36,70.36,70.36,70.36,70.36,70.36,70.36
Hoan Kiem lake,105.8553272,21.0345195,71.59,71.59,71.59,71.59,71.59,71.59,71.59,71.59,71.59,71.59,71.59,71.59,71.59,71.59,71.59,71.59,71.59
Hoan Kiem lake,105.8557121,21.0345175,64.03,64.03,64.03,64.03,64.03,64.03,64.03,64.03,64.03,64.03,64.03,64.03,64.03,64.03,64.03,64.03,64.03
Hoan Kiem lake,105.8560971,21.0345156,66.57,66.57,66.57,66.57,66.57,66.57,66.57,66.57,66.57,66.57,66.57,66.57,66.57,66.57,66.57,66.57,66.57
Hoan Kiem lake,105.856482,21.0345137,62.62,62.62,62.62,62.62,62.62,62.62,62.62,62.62,62.62,62.62,62.62,62.62,62.62,62.62,62.62,62.62,62.62
Hoan Kiem lake,105.8568669,21.0345117,60.54,60.54,60.54,60.54,60.54,60.54,60.54,60.54,60.54,60.54,60.54,60.54,60.54,60.54,60.54,60.54,60.54
Hoan Kiem lake,105.8572518,21.0345098,62.43,62.43,62.43,62.43,62.43,62.43,62.43,62.43,62.43,62.43,62.43,62.43,62.43,62.43,62.43,62.43,62.43
Hoan Kiem lake,105.8576367,21.0345078,64.73,64.73,64.73,64.73,64.73,64.73,64.73,64.73,64.73,64.73,64.73,64.73,64.73,64.73,64.73,64.73,64.73
Hoan Kiem lake,105.8422418,21.0349462,55.37,55.37,55.37,55.37,55.37,55.37,55.37,55.37,55.37,55.37,55.37,55.37,55.37,55.37,55.37,55.37,55.37
Hoan Kiem lake,105.8426267,21.0349443,55.78,55.78,55.78,55.78,55.78,55.78,55.78,55.78,55.78,55.78,55.78,55.78,55.78,55.78,55.78,55.78,55.78
Hoan Kiem lake,105.8430116,21.0349424,56.53,56.53,56.53,56.53,56.53,56.53,56.53,56.53,56.53,56.53,56.53,56.53,56.53,56.53,56.53,56.53,56.53
Hoan Kiem lake,105.8433966,21.0349405,57.38,57.38,57.38,57.38,57.38,57.38,57.38,57.38,57.38,57.38,57.38,57.38,57.38,57.38,57.38,57.38,57.38
Hoan Kiem lake,105.8437815,21.0349386,57.85,57.85,57.85,57.85,57.85,57.85,57.85,57.85,57.85,57.85,57.85,57.85,57.85,57.85,57.85,57.85,57.85
Hoan Kiem lake,105.8441664,21.0349367,57.57,57.57,57.57,57.57,57.57,57.57,57.57,57.57,57.57,57.57,57.57,57.57,57.57,57.57,57.57,57.57,57.57
Hoan Kiem lake,105.8445513,21.0349347,60.05,60.05,60.05,60.05,60.05,60.05,60.05,60.05,60.05,60.05,60.05,60.05,60.05,60.05,60.05,60.05,60.05
Hoan Kiem lake,105.8449363,21.0349328,68.86,68.86,68.86,68.86,68.86,68.86,68.86,68.86,68.86,68.86,68.86,68.86,68.86,68.86,68.86,68.86,68.86
Hoan Kiem lake,105.8453212,21.0349309,64.2,64.2,64.2,64.2,64.2,64.2,64.2,64.2,64.2,64.2,64.2,64.2,64.2,64.2,64.2,64.2,64.2
Hoan Kiem lake,105.8457061,21.034929,67.66,67.66,67.66,67.66,67.66,67.66,67.66,67.66,67.66,67.66,67.66,67.66,67.66,67.66,67.66,67.66,67.66
Hoan Kiem lake,105.846091,21.0349271,61.17,61.17,61.17,61.17,61.17,61.17,61.17,61.17,61.17,61.17,61.17,61.17,61.17,61.17,61.17,61.17,61.17
Hoan Kiem lake,105.846476,21.0349252,60.19,60.19,60.19,60.19,60.19,60.19,60.19,60.19,60.19,60.19,60.19,60.19,60.19,60.19,60.19,60.19,60.19
Hoan Kiem lake,105.8468609,21.0349233,63.34,63.34,63.34,63.34,63.34,63.34,63.34,63.34,63.34,63.34,63.34,63.34,63.34,63.34,63.34,63.34,63.34
Hoan Kiem lake,105.8472458,21.0349213,62.66,62.66,62.66,62.66,62.66,62.66,62.66,62.66,62.66,62.66,62.66,62.66,62.66,62.66,62.66,62.66,62.66
Hoan Kiem lake,105.8476308,21.0349194,66.09,66.09,66.09,66.09,66.09,66.09,66.09,66.09,66.09,66.09,66.09,66.09,66.09,66.09,66.09,66.09,66.09
Hoan Kiem lake,105.8480157,21.0349175,68.86,68.86,68.86,68.86,68.86,68.86,68.86,68.86,68.86,68.86,68.86,68.86,68.86,68.86,68.86,68.86,68.86
Hoan Kiem lake,105.8484006,21.0349156,62.17,62.17,62.17,62.17,62.17,62.17,62.17,62.17,62.17,62.17,62.17,62.17,62.17,62.17,62.17,62.17,62.17
Hoan Kiem lake,105.8487855,21.0349137,59.47,59.47,59.47,59.47,59.47,59.47,59.47,59.47,59.47,59.47,59.47,59.47,59.47,59.47,59.47,59.47,59.47
Hoan Kiem lake,105.8491705,21.0349117,60.5,60.5,60.5,60.5,60.5,60.5,60.5,60.5,60.5,60.5,60.5,60.5,60.5,60.5,60.5,60.5,60.5
Hoan Kiem lake,105.8495554,21.0349098,68.88,68.88,68.88,68.88,68.88,68.88,68.88,68.88,68.88,68.88,68.88,68.88,68.88,68.88,68.88,68.88,68.88
Hoan Kiem lake,105.8499403,21.0349079,61.86,61.86,61.86,61.86,61.86,61.86,61.86,61.86,61.86,61.86,61.86,61.86,61.86,61.86,61.86,61.86,61.86
Hoan Kiem lake,105.8503252,21.034906,66.32,66.32,66.32,66.32,66.32,66.32,66.32,66.32,66.32,66.32,66.32,66.32,66.32,66.32,66.32,66.32,66.32
Hoan Kiem lake,105.8507102,21.034904,59.9,59.9,59.9,59.9,59.9,59.9,59.9,59.9,59.9,59.9,59.9,59.9,59.9,59.9,59.9,59.9,59.9
Hoan Kiem lake,105.8510951,21.0349021,64.11,64.11,64.11,64.11,64.11,64.11,64.11,64.11,64.11,64.11,64.11,64.11,64.11,64.11,64.11,64.11,64.11
Hoan Kiem lake,105.85148,21.0349002,65.27,65.27,65.27,65.27,65.27,65.27,65.27,65.27,65.27,65.27,65.27,65.27,65.27,65.27,65.27,65.27,65.27
Hoan Kiem lake,105.8518649,21.0348983,65.29,65.29,65.29,65.29,65.29,65.29,65.29,65.29,65.29,65.29,65.29,65.29,65.29,65.29,65.29,65.29,65.29
Hoan Kiem lake,105.8522499,21.0348963,63.44,63.44,63.44,63.44,63.44,63.44,63.44,63.44,63.44,63.44,63.44,63.44,63.44,63.44,63.44,63.44,63.44
Hoan Kiem lake,105.8526348,21.0348944,65.17,65.17,65.17,65.17,65.17,65.17,65.17,65.17,65.17,65.17,65.17,65.17,65.17,65.17,65.17,65.17,65.17
Hoan Kiem lake,105.8530197,21.0348925,68.38,68.38,68.38,68.38,68.38,68.38,68.38,68.38,68.38,68.38,68.38,68.38,68.38,68.38,68.38,68.38,68.38
Hoan Kiem lake,105.8534046,21.0348905,69.05,69.05,69.05,69.05,69.05,69.05,69.05,69.05,69.05,69.05,69.05,69.05,69.05,69.05,69.05,69.05,69.05
Hoan Kiem lake,105.8537896,21.0348886,69.17,69.17,69.17,69.17,69.17,69.17,69.17,69.17,69.17,69.17,69.17,69.17,69.17,69.17,69.17,69.17,69.17
Hoan Kiem lake,105.8541745,21.0348867,69.47,69.47,69.47,69.47,69.47,69.47,69.47,69.47,69.47,69.47,69.47,69.47,69.47,69.47,69.47,69.47,69.47
Hoan Kiem lake,105.8545594,21.0348847,71.01,71.01,71.01,71.01,71.01,71.01,71.01,71.01,71.01,71.01,71.01,71.01,71.01,71.01,71.01,71.01,71.01
Hoan Kiem lake,105.8549443,21.0348828,70.52,70.52,70.52,70.52,70.52,70.52,70.52,70.52,70.52,70.52,70.52,70.52,70.52,70.52,70.52,70.52,70.52
Hoan Kiem lake,105.8553293,21.0348809,66.88,66.88,66.88,66.88,66.88,66.88,66.88,66.88,66.88,66.88,66.88,66.88,66.88,66.88,66.88,66.88,66.88
Hoan Kiem lake,105.8557142,21.0348789,69.24,69.24,69.24,69.24,69.24,69.24,69.24,69.24,69.24,69.24,69.24,69.24,69.24,69.24,69.24,69.24,69.24
Hoan Kiem lake,105.8560991,21.034877,65.17,65.17,65.17,65.17,65.17,65.17,65.17,65.17,65.17,65.17,65.17,65.17,65.17,65.17,65.17,65.17,65.17
Hoan Kiem lake,105.856484,21.034875,69.04,69.04,69.04,69.04,69.04,69.04,69.04,69.04,69.04,69.04,69.04,69.04,69.04,69.04,69.04,69.04,69.04
Hoan Kiem lake,105.856869,21.0348731,61.45,61.45,61.45,61.45,61.45,61.45,61.45,61.45,61.45,61.45,61.45,61.45,61.45,61.45,61.45,61.45,61.45
Hoan Kiem lake,105.8572539,21.0348712,67.42,67.42,67.42,67.42,67.42,67.42,67.42,67.42,67.42,67.42,67.42,67.42,67.42,67.42,67.42,67.42,67.42
Hoan Kiem lake,105.8576388,21.0348692,63.41,63.41,63.41,63.41,63.41,63.41,63.41,63.41,63.41,63.41,63.41,63.41,63.41,63.41,63.41,63.41,63.41
Hoan Kiem lake,105.8422438,21.0353076,54.85,54.85,54.85,54.85,54.85,54.85,54.85,54.85,54.85,54.85,54.85,54.85,54.85,54.85,54.85,54.85,54.85
Hoan Kiem lake,105.8426287,21.0353057,55.15,55.15,55.15,55.15,55.15,55.15,55.15,55.15,55.15,55.15,55.15,55.15,55.15,55.15,55.15,55.15,55.15
Hoan Kiem lake,105.8430137,21.0353038,55.64,55.64,55.64,55.64,55.64,55.64,55.64,55.64,55.64,55.64,55.64,55.64,55.64,55.64,55.64,55.64,55.64
Hoan Kiem lake,105.8433986,21.0353019,56.07,56.07,56.07,56.07,56.07,56.07,56.07,56.07,56.07,56.07,56.07,56.07,56.07,56.07,56.07,56.07,56.07
Hoan Kiem lake,105.8437835,21.0352999,56.26,56.26,56.26,56.26,56.26,56.26,56.26,56.26,56.26,56.26,56.26,56.26,56.26,56.26,56.26,56.26,56.26
Hoan Kiem lake,105.8441685,21.035298,57.17,57.17,57.17,57.17,57.17,57.17,57.17,57.17,57.17,57.17,57.17,57.17,57.17,57.17,57.17,57.17,57.17
Hoan Kiem lake,105.8445534,21.0352961,59.41,59.41,59.41,59.41,59.41,59.41,59.41,59.41,59.41,59.41,59.41,59.41,59.41,59.41,59.41,59.41,59.41
Hoan Kiem lake,105.8449383,21.0352942,66.25,66.25,66.25,66.25,66.25,66.25,66.25,66.25,66.25,66.25,66.25,66.25,66.25,66.25,66.25,66.25,66.25
Hoan Kiem lake,105.8453232,21.0352923,61.32,61.32,61.32,61.32,61.32,61.32,61.32,61.32,61.32,61.32,61.32,61.32,61.32,61.32,61.32,61.32,61.32
Hoan Kiem lake,105.8457082,21.0352904,64.5,64.5,64.5,64.5,64.5,64.5,64.5,64.5,64.5,64.5,64.5,64.5,64.5,64.5,64.5,64.5,64.5
Hoan Kiem lake,105.8460931,21.0352885,62.02,62.02,62.02,62.02,62.02,62.02,62.02,62.02,62.02,62.02,62.02,62.02,62.02,62.02,62.02,62.02,62.02
Hoan Kiem lake,105.846478,21.0352866,60.69,60.69,60.69,60.69,60.69,60.69,60.69,60.69,60.69,60.69,60.69,60.69,60.69,60.69,60.69,60.69,60.69
Hoan Kiem lake,105.8468629,21.0352846,63.23,63.23,63.23,63.23,63.23,63.23,63.23,63.23,63.23,63.23,63.23,63.23,63.23,63.23,63.23,63.23,63.23
Hoan Kiem lake,105.8472479,21.0352827,62.78,62.78,62.78,62.78,62.78,62.78,62.78,62.78,62.78,62.78,62.78,62.78,62.78,62.78,62.78,62.78,62.78
Hoan Kiem lake,105.8476328,21.0352808,66.4,66.4,66.4,66.4,66.4,66.4,66.4,66.4,66.4,66.4,66.4,66.4,66.4,66.4,66.4,66.4,66.4
Hoan Kiem lake,105.8480177,21.0352789,63.92,63.92,63.92,63.92,63.92,63.92,63.92,63.92,63.92,63.92,63.92,63.92,63.92,63.92,63.92,63.92,63.92
Hoan Kiem lake,105.8484026,21.035277,65.12,65.12,65.12,65.12,65.12,65.12,65.12,65.12,65.12,65.12,65.12,65.12,65.12,65.12,65.12,65.12,65.12
Hoan Kiem lake,105.8487876,21.035275,66.31,66.31,66.31,66.31,66.31,66.31,66.31,66.31,66.31,66.31,66.31,66.31,66.31,66.31,66.31,66.31,66.31
Hoan Kiem lake,105.8491725,21.0352731,67.98,67.98,67.98,67.98,67.98,67.98,67.98,67.98,67.98,67.98,67.98,67.98,67.98,67.98,67.98,67.98,67.98
Hoan Kiem lake,105.8495574,21.0352712,68.87,68.87,68.87,68.87,68.87,68.87,68.87,68.87,68.87,68.87,68.87,68.87,68.87,68.87,68.87,68.87,68.87
Hoan Kiem lake,105.8499424,21.0352693,68.88,68.88,68.88,68.88,68.88,68.88,68.88,68.88,68.88,68.88,68.88,68.88,68.88,68.88,68.88,68.88,68.88
Hoan Kiem lake,105.8503273,21.0352673,63.88,63.88,63.88,63.88,63.88,63.88,63.88,63.88,63.88,63.88,63.88,63.88,63.88,63.88,63.88,63.88,63.88
Hoan Kiem lake,105.8507122,21.0352654,61.54,61.54,61.54,61.54,61.54,61.54,61.54,61.54,61.54,61.54,61.54,61.54,61.54,61.54,61.54,61.54,61.54
Hoan Kiem lake,105.8510971,21.0352635,68.9,68.9,68.9,68.9,68.9,68.9,68.9,68.9,68.9,68.9,68.9,68.9,68.9,68.9,68.9,68.9,68.9
Hoan Kiem lake,105.8514821,21.0352616,60.86,60.86,60.86,60.86,60.86,60.86,60.86,60.86,60.86,60.86,60.86,60.86,60.86,60.86,60.86,60.86,60.86
Hoan Kiem lake,105.851867,21.0352596,59.76,59.76,59.76,59.76,59.76,59.76,59.76,59.76,59.76,59.76,59.76,59.76,59.76,59.76,59.76,59.76,59.76
Hoan Kiem lake,105.8522519,21.0352577,59.46,59.46,59.46,59.46,59.46,59.46,59.46,59.46,59.46,59.46,59.46,59.46,59.46,59.46,59.46,59.46,59.46
Hoan Kiem lake,105.8526368,21.0352558,61.21,61.21,61.21,61.21,61.21,61.21,61.21,61.21,61.21,61.21,61.21,61.21,61.21,61.21,61.21,61.21,61.21
Hoan Kiem lake,105.8530218,21.0352538,69.0,69.0,69.0,69.0,69.0,69.0,69.0,69.0,69.0,69.0,69.0,69.0,69.0,69.0,69.0,69.0,69.0
Hoan Kiem lake,105.8534067,21.0352519,69.07,69.07,69.07,69.07,69.07,69.07,69.07,69.07,69.07,69.07,69.07,69.07,69.07,69.07,69.07,69.07,69.07
Hoan Kiem lake,105.8537916,21.03525,62.64,62.64,62.64,62.64,62.64,62.64,62.64,62.64,62.64,62.64,62.64,62.64,62.64,62.64,62.64,62.64,62.64
Hoan Kiem lake,105.8541765,21.035248,67.01,67.01,67.01,67.01,67.01,67.01,67.01,67.01,67.01,67.01,67.01,67.01,67.01,67.01,67.01,67.01,67.01
Hoan Kiem lake,105.8545615,21.0352461,71.49,71.49,71.49,71.49,71.49,71.49,71.49,71.49,71.49,71.49,71.49,71.49,71.49,71.49,71.49,71.49,71.49
Hoan Kiem lake,105.8549464,21.0352442,71.56,71.56,71.56,71.56,71.56,71.56,71.56,71.56,71.56,71.56,71.56,71.56,71.56,71.56,71.56,71.56,71.56
Hoan Kiem lake,105.8553313,21.0352422,64.37,64.37,64.37,64.37,64.37,64.37,64.37,64.37,64.37,64.37,64.37,64.37,64.37,64.37,64.37,64.37,64.37
Hoan Kiem lake,105.8557163,21.0352403,69.16,69.16,69.16,69.16,69.16,69.16,69.16,69.16,69.16,69.16,69.16,69.16,69.16,69.16,69.16,69.16,69.16
Hoan Kiem lake,105.8561012,21.0352384,63.88,63.88,63.88,63.88,63.88,63.88,63.88,63.88,63.88,63.88,63.88,63.88,63.88,63.88,63.88,63.88,63.88
Hoan Kiem lake,105.8564861,21.0352364,66.94,66.94,66.94,66.94,66.94,66.94,66.94,66.94,66.94,66.94,66.94,66.94,66.94,66.94,66.94,66.94,66.94
Hoan Kiem lake,105.856871,21.0352345,69.09,69.09,69.09,69.09,69.09,69.09,69.09,69.09,69.09,69.09,69.09,69.09,69.09,69.09,69.09,69.09,69.09
Hoan Kiem lake,105.857256,21.0352325,64.93,64.93,64.93,64.93,64.93,64.93,64.93,64.93,64.93,64.93,64.93,64.93,64.93,64.93,64.93,64.93,64.93
Hoan Kiem lake,105.8576409,21.0352306,67.04,67.04,67.04,67.04,67.04,67.04,67.04,67.04,67.04,67.04,67.04,67.04,67.04,67.04,67.04,67.04,67.04
Hoan Kiem lake,105.8422458,21.035669,54.33,54.33,54.33,54.33,54.33,54.33,54.33,54.33,54.33,54.33,54.33,54.33,54.33,54.33,54.33,54.33,54.33
Hoan Kiem lake,105.8426308,21.0356671,54.56,54.56,54.56,54.56,54.56,54.56,54.56,54.56,54.56,54.56,54.56,54.56,54.56,54.56,54.56,54.56,54.56
Hoan Kiem lake,105.8430157,21.0356652,54.87,54.87,54.87,54.87,54.87,54.87,54.87,54.87,54.87,54.87,54.87,54.87,54.87,54.87,54.87,54.87,54.87
Hoan Kiem lake,105.8434006,21.0356632,55.18,55.18,55.18,55.18,55.18,55.18,55.18,55.18,55.18,55.18,55.18,55.18,55.18,55.18,55.18,55.18,55.18
Hoan Kiem lake,105.8437856,21.0356613,55.74,55.74,55.74,55.74,55.74,55.74,55.74,55.74,55.74,55.74,55.74,55.74,55.74,55.74,55.74,55.74,55.74
Hoan Kiem lake,105.8441705,21.0356594,56.94,56.94,56.94,56.94,56.94,56.94,56.94,56.94,56.94,56.94,56.94,56.94,56.94,56.94,56.94,56.94,56.94
Hoan Kiem lake,105.8445554,21.0356575,58.9,58.9,58.9,58.9,58.9,58.9,58.9,58.9,58.9,58.9,58.9,58.9,58.9,58.9,58.9,58.9,58.9
Hoan Kiem lake,105.8449403,21.0356556,63.77,63.77,63.77,63.77,63.77,63.77,63.77,63.77,63.77,63.77,63.77,63.77,63.77,63.77,63.77,63.77,63.77
Hoan Kiem lake,105.8453253,21.0356537,62.49,62.49,62.49,62.49,62.49,62.49,62.49,62.49,62.49,62.49,62.49,62.49,62.49,62.49,62.49,62.49,62.49
Hoan Kiem lake,105.8457102,21.0356518,62.73,62.73,62.73,62.73,62.73,62.73,62.73,62.73,62.73,62.73,62.73,62.73,62.73,62.73,62.73,62.73,62.73
Hoan Kiem lake,105.8460951,21.0356499,68.87,68.87,68.87,68.87,68.87,68.87,68.87,68.87,68.87,68.87,68.87,68.87,68.87,68.87,68.87,68.87,68.87
Hoan Kiem lake,105.8464801,21.0356479,68.87,68.87,68.87,68.87,68.87,68.87,68.87,68.87,68.87,68.87,68.87,68.87,68.87,68.87,68.87,68.87,68.87
Hoan Kiem lake,105.846865,21.035646,66.44,66.44,66.44,66.44,66.44,66.44,66.44,66.44,66.44,66.44,66.44,66.44,66.44,66.44,66.44,66.44,66.44
Hoan Kiem lake,105.8472499,21.0356441,64.61,64.61,64.61,64.61,64.61,64.61,64.61,64.61,64.61,64.61,64.61,64.61,64.61,64.61,64.61,64.61,64.61
Hoan Kiem lake,105.8476348,21.0356422,68.87,68.87,68.87,68.87,68.87,68.87,68.87,68.87,68.87,68.87,68.87,68.87,68.87,68.87,68.87,68.87,68.87
Hoan Kiem lake,105.8480198,21.0356403,62.31,62.31,62.31,62.31,62.31,62.31,62.31,62.31,62.31,62.31,62.31,62.31,62.31,62.31,62.31,62.31,62.31
Hoan Kiem lake,105.8484047,21.0356383,65.42,65.42,65.42,65.42,65.42,65.42,65.42,65.42,65.42,65.42,65.42,65.42,65.42,65.42,65.42,65.42,65.42
Hoan Kiem lake,105.8487896,21.0356364,61.26,61.26,61.26,61.26,61.26,61.26,61.26,61.26,61.26,61.26,61.26,61.26,61.26,61.26,61.26,61.26,61.26
Hoan Kiem lake,105.8491746,21.0356345,68.77,68.77,68.77,68.77,68.77,68.77,68.77,68.77,68.77,68.77,68.77,68.77,68.77,68.77,68.77,68.77,68.77
Hoan Kiem lake,105.8495595,21.0356326,61.31,61.31,61.31,61.31,61.31,61.31,61.31,61.31,61.31,61.31,61.31,61.31,61.31,61.31,61.31,61.31,61.31
Hoan Kiem lake,105.8499444,21.0356307,68.88,68.88,68.88,68.88,68.88,68.88,68.88,68.88,68.88,68.88,68.88,68.88,68.88,68.88,68.88,68.88,68.88
Hoan Kiem lake,105.8503293,21.0356287,62.84,62.84,62.84,62.84,62.84,62.84,62.84,62.84,62.84,62.84,62.84,62.84,62.84,62.84,62.84,62.84,62.84
Hoan Kiem lake,105.8507143,21.0356268,66.86,66.86,66.86,66.86,66.86,66.86,66.86,66.86,66.86,66.86,66.86,66.86,66.86,66.86,66.86,66.86,66.86
Hoan Kiem lake,105.8510992,21.0356249,68.91,68.91,68.91,68.91,68.91,68.91,68.91,68.91,68.91,68.91,68.91,68.91,68.91,68.91,68.91,68.91,68.91
Hoan Kiem lake,105.8514841,21.0356229,63.69,63.69,63.69,63.69,63.69,63.69,63.69,63.69,63.69,63.69,63.69,63.69,63.69,63.69,63.69,63.69,63.69
Hoan Kiem lake,105.851869,21.035621,61.67,61.67,61.67,61.67,61.67,61.67,61.67,61.67,61.67,61.67,61.67,61.67,61.67,61.67,61.67,61.67,61.67
Hoan Kiem lake,105.852254,21.0356191,60.54,60.54,60.54,60.54,60.54,60.54,60.54,60.54,60.54,60.54,60.54,60.54,60.54,60.54,60.54,60.54,60.54
Hoan Kiem lake,105.8526389,21.0356172,62.41,62.41,62.41,62.41,62.41,62.41,62.41,62.41,62.41,62.41,62.41,62.41,62.41,62.41,62.41,62.41,62.41
Hoan Kiem lake,105.8530238,21.0356152,65.52,65.52,65.52,65.52,65.52,65.52,65.52,65.52,65.52,65.52,65.52,65.52,65.52,65.52,65.52,65.52,65.52
Hoan Kiem lake,105.8534088,21.0356133,69.13,69.13,69.13,69.13,69.13,69.13,69.13,69.13,69.13,69.13,69.13,69.13,69.13,69.13,69.13,69.13,69.13
Hoan Kiem lake,105.8537937,21.0356114,69.33,69.33,69.33,69.33,69.33,69.33,69.33,69.33,69.33,69.33,69.33,69.33,69.33,69.33,69.33,69.33,69.33
Hoan Kiem lake,105.8541786,21.0356094,70.66,70.66,70.66,70.66,70.66,70.66,70.66,70.66,70.66,70.66,70.66,70.66,70.66,70.66,70.66,70.66,70.66
Hoan Kiem lake,105.8545635,21.0356075,70.49,70.49,70.49,70.49,70.49,70.49,70.49,70.49,70.49,70.49,70.49,70.49,70.49,70.49,70.49,70.49,70.49
Hoan Kiem lake,105.8549485,21.0356056,70.57,70.57,70.57,70.57,70.57,70.57,70.57,70.57,70.57,70.57,70.57,70.57,70.57,70.57,70.57,70.57,70.57
Hoan Kiem lake,105.8553334,21.0356036,70.94,70.94,70.94,70.94,70.94,70.94,70.94,70.94,70.94,70.94,70.94,70.94,70.94,70.94,70.94,70.94,70.94
Hoan Kiem lake,105.8557183,21.0356017,68.38,68.38,68.38,68.38,68.38,68.38,68.38,68.38,68.38,68.38,68.38,68.38,68.38,68.38,68.38,68.38,68.38
Hoan Kiem lake,105.8561032,21.0355998,64.09,64.09,64.09,64.09,64.09,64.09,64.09,64.09,64.09,64.09,64.09,64.09,64.09,64.09,64.09,64.09,64.09
Hoan Kiem lake,105.8564882,21.0355978,62.93,62.93,62.93,62.93,62.93,62.93,62.93,62.93,62.93,62.93,62.93,62.93,62.93,62.93,62.93,62.93,62.93
Hoan Kiem lake,105.8568731,21.0355959,64.31,64.31,64.31,64.31,64.31,64.31,64.31,64.31,64.31,64.31,64.31,64.31,64.31,64.31,64.31,64.31,64.31
Hoan Kiem lake,105.857258,21.0355939,67.4,67.4,67.4,67.4,67.4,67.4,67.4,67.4,67.4,67.4,67.4,67.4,67.4,67.4,67.4,67.4,67.4
Hoan Kiem lake,105.857643,21.035592,62.02,62.02,62.02,62.02,62.02,62.02,62.02,62.02,62.02,62.02,62.02,62.02,62.02,62.02,62.02,62.02,62.02
Hoan Kiem lake,105.8422479,21.0360304,53.83,53.83,53.83,53.83,53.83,53.83,53.83,53.83,53.83,53.83,53.83,53.83,53.83,53.83,53.83,53.83,53.83
Hoan Kiem lake,105.8426328,21.0360284,54.09,54.09,54.09,54.09,54.09,54.09,54.09,54.09,54.09,54.09,54.09,54.09,54.09,54.09,54.09,54.09,54.09
Hoan Kiem lake,105.8430177,21.0360265,54.39,54.39,54.39,54.39,54.39,54.39,54.39,54.39,54.39,54.39,54.39,54.39,54.39,54.39,54.39,54.39,54.39
Hoan Kiem lake,105.8434027,21.0360246,54.87,54.87,54.87,54.87,54.87,54.87,54.87,54.87,54.87,54.87,54.87,54.87,54.87,54.87,54.87,54.87,54.87
Hoan Kiem lake,105.8437876,21.0360227,55.66,55.66,55.66,55.66,55.66,55.66,55.66,55.66,55.66,55.66,55.66,55.66,55.66,55.66,55.66,55.66,55.66
Hoan Kiem lake,105.8441725,21.0360208,56.75,56.75,56.75,56.75,56.75,56.75,56.75,56.75,56.75,56.75,56.75,56.75,56.75,56.75,56.75,56.75,56.75
Hoan Kiem lake,105.8445575,21.0360189,58.48,58.48,58.48,58.48,58.48,58.48,58.48,58.48,58.48,58.48,58.48,58.48,58.48,58.48,58.48,58.48,58.48
Hoan Kiem lake,105.8449424,21.036017,62.28,62.28,62.28,62.28,62.28,62.28,62.28,62.28,62.28,62.28,62.28,62.28,62.28,62.28,62.28,62.28,62.28
Hoan Kiem lake,105.8453273,21.0360151,64.14,64.14,64.14,64.14,64.14,64.14,64.14,64.14,64.14,64.14,64.14,64.14,64.14,64.14,64.14,64.14,64.14
Hoan Kiem lake,105.8457122,21.0360132,61.56,61.56,61.56,61.56,61.56,61.56,61.56,61.56,61.56,61.56,61.56,61.56,61.56,61.56,61.56,61.56,61.56
Hoan Kiem lake,105.8460972,21.0360112,65.71,65.71,65.71,65.71,65.71,65.71,65.71,65.71,65.71,65.71,65.71,65.71,65.71,65.71,65.71,65.71,65.71
Hoan Kiem lake,105.8464821,21.0360093,59.88,59.88,59.88,59.88,59.88,59.88,59.88,59.88,59.88,59.88,59.88,59.88,59.88,59.88,59.88,59.88,59.88
Hoan Kiem lake,105.846867,21.0360074,62.85,62.85,62.85,62.85,62.85,62.85,62.85,62.85,62.85,62.85,62.85,62.85,62.85,62.85,62.85,62.85,62.85
Hoan Kiem lake,105.847252,21.0360055,63.24,63.24,63.24,63.24,63.24,63.24,63.24,63.24,63.24,63.24,63.24,63.24,63.24,63.24,63.24,63.24,63.24
Hoan Kiem lake,105.8476369,21.0360036,68.87,68.87,68.87,68.87,68.87,68.87,68.87,68.87,68.87,68.87,68.87,68.87,68.87,68.87,68.87,68.87,68.87
Hoan Kiem lake,105.8480218,21.0360017,62.49,62.49,62.49,62.49,62.49,62.49,62.49,62.49,62.49,62.49,62.49,62.49,62.49,62.49,62.49,62.49,62.49
Hoan Kiem lake,105.8484067,21.0359997,68.87,68.87,68.87,68.87,68.87,68.87,68.87,68.87,68.87,68.87,68.87,68.87,68.87,68.87,68.87,68.87,68.87
Hoan Kiem lake,105.8487917,21.0359978,64.78,64.78,64.78,64.78,64.78,64.78,64.78,64.78,64.78,64.78,64.78,64.78,64.78,64.78,64.78,64.78,64.78
Hoan Kiem lake,105.8491766,21.0359959,65.01,65.01,65.01,65.01,65.01,65.01,65.01,65.01,65.01,65.01,65.01,65.01,65.01,65.01,65.01,65.01,65.01
Hoan Kiem lake,105.8495615,21.035994,62.79,62.79,62.79,62.79,62.79,62.79,62.79,62.79,62.79,62.79,62.79,62.79,62.79,62.79,62.79,62.79,62.79
Hoan Kiem lake,105.8499465,21.035992,63.91,63.91,63.91,63.91,63.91,63.91,63.91,63.91,63.91,63.91,63.91,63.91,63.91,63.91,63.91,63.91,63.91
Hoan Kiem lake,105.8503314,21.0359901,60.59,60.59,60.59,60.59,60.59,60.59,60.59,60.59,60.59,60.59,60.59,60.59,60.59,60.59,60.59,60.59,60.59
Hoan Kiem lake,105.8507163,21.0359882,64.42,64.42,64.42,64.42,64.42,64.42,64.42,64.42,64.42,64.42,64.42,64.42,64.42,64.42,64.42,64.42,64.42
Hoan Kiem lake,105.8511012,21.0359863,62.44,62.44,62.44,62.44,62.44,62.44,62.44,62.44,62.44,62.44,62.44,62.44,62.44,62.44,62.44,62.44,62.44
Hoan Kiem lake,105.8514862,21.0359843,63.24,63.24,63.24,63.24,63.24,63.24,63.24,63.24,63.24,63.24,63.24,63.24,63.24,63.24,63.24,63.24,63.24
Hoan Kiem lake,105.8518711,21.0359824,67.44,67.44,67.44,67.44,67.44,67.44,67.44,67.44,67.44,67.44,67.44,67.44,67.44,67.44,67.44,67.44,67.44
Hoan Kiem lake,105.852256,21.0359805,68.62,68.62,68.62,68.62,68.62,68.62,68.62,68.62,68.62,68.62,68.62,68.62,68.62,68.62,68.62,68.62,68.62
Hoan Kiem lake,105.852641,21.0359785,66.95,66.95,66.95,66.95,66.95,66.95,66.95,66.95,66.95,66.95,66.95,66.95,66.95,66.95,66.95,66.95,66.95
Hoan Kiem lake,105.8530259,21.0359766,69.1,69.1,69.1,69.1,69.1,69.1,69.1,69.1,69.1,69.1,69.1,69.1,69.1,69.1,69.1,69.1,69.1
Hoan Kiem lake,105.8534108,21.0359747,64.88,64.88,64.88,64.88,64.88,64.88,64.88,64.88,64.88,64.88,64.88,64.88,64.88,64.88,64.88,64.88,64.88
Hoan Kiem lake,105.8537957,21.0359728,66.03,66.03,66.03,66.03,66.03,66.03,66.03,66.03,66.03,66.03,66.03,66.03,66.03,66.03,66.03,66.03,66.03
Hoan Kiem lake,105.8541807,21.0359708,70.77,70.77,70.77,70.77,70.77,70.77,70.77,70.77,70.77,70.77,70.77,70.77,70.77,70.77,70.77,70.77,70.77
Hoan Kiem lake,105.8545656,21.0359689,70.72,70.72,70.72,70.72,70.72,70.72,70.72,70.72,70.72,70.72,70.72,70.72,70.72,70.72,70.72,70.72,70.72
Hoan Kiem lake,105.8549505,21.0359669,63.55,63.55,63.55,63.55,63.55,63.55,63.55,63.55,63.55,63.55,63.55,63.55,63.55,63.55,63.55,63.55,63.55
Hoan Kiem lake,105.8553355,21.035965,69.61,69.61,69.61,69.61,69.61,69.61,69.61,69.61,69.61,69.61,69.61,69.61,69.61,69.61,69.61,69.61,69.61
Hoan Kiem lake,105.8557204,21.0359631,66.14,66.14,66.14,66.14,66.14,66.14,66.14,66.14,66.14,66.14,66.14,66.14,66.14,66.14,66.14,66.14,66.14
Hoan Kiem lake,105.8561053,21.0359611,70.2,70.2,70.2,70.2,70.2,70.2,70.2,70.2,70.2,70.2,70.2,70.2,70.2,70.2,70.2,70.2,70.2
Hoan Kiem lake,105.8564902,21.0359592,70.35,70.35,70.35,70.35,70.35,70.35,70.35,70.35,70.35,70.35,70.35,70.35,70.35,70.35,70.35,70.35,70.35
Hoan Kiem lake,105.8568752,21.0359573,69.55,69.55,69.55,69.55,69.55,69.55,69.55,69.55,69.55,69.55,69.55,69.55,69.55,69.55,69.55,69.55,69.55
Hoan Kiem lake,105.8572601,21.0359553,63.81,63.81,63.81,63.81,63.81,63.81,63.81,63.81,63.81,63.81,63.81,63.81,63.81,63.81,63.81,63.81,63.81
Hoan Kiem lake,105.857645,21.0359534,61.83,61.83,61.83,61.83,61.83,61.83,61.83,61.83,61.83,61.83,61.83,61.83,61.83,61.83,61.83,61.83,61.83
Hoan Kiem lake,105.8422499,21.0363917,53.56,53.56,53.56,53.56,53.56,53.56,53.56,53.56,53.56,53.56,53.56,53.56,53.56,53.56,53.56,53.56,53.56
Hoan Kiem lake,105.8426348,21.0363898,53.81,53.81,53.81,53.81,53.81,53.81,53.81,53.81,53.81,53.81,53.81,53.81,53.81,53.81,53.81,53.81,53.81
Hoan Kiem lake,105.8430198,21.0363879,54.27,54.27,54.27,54.27,54.27,54.27,54.27,54.27,54.27,54.27,54.27,54.27,54.27,54.27,54.27,54.27,54.27
Hoan Kiem lake,105.8434047,21.036386,54.86,54.86,54.86,54.86,54.86,54.86,54.86,54.86,54.86,54.86,54.86,54.86,54.86,54.86,54.86,54.86,54.86
Hoan Kiem lake,105.8437896,21.0363841,55.6,55.6,55.6,55.6,55.6,55.6,55.6,55.6,55.6,55.6,55.6,55.6,55.6,55.6,55.6,55.6,55.6
Hoan Kiem lake,105.8441746,21.0363822,56.6,56.6,56.6,56.6,56.6,56.6,56.6,56.6,56.6,56.6,56.6,56.6,56.6,56.6,56.6,56.6,56.6
Hoan Kiem lake,105.8445595,21.0363803,58.14,58.14,58.14,58.14,58.14,58.14,58.14,58.14,58.14,58.14,58.14,58.14,58.14,58.14,58.14,58.14,58.14
Hoan Kiem lake,105.8449444,21.0363784,61.23,61.23,61.23,61.23,61.23,61.23,61.23,61.23,61.23,61.23,61.23,61.23,61.23,61.23,61.23,61.23,61.23
Hoan Kiem lake,105.8453293,21.0363765,66.9,66.9,66.9,66.9,66.9,66.9,66.9,66.9,66.9,66.9,66.9,66.9,66.9,66.9,66.9,66.9,66.9
Hoan Kiem lake,105.8457143,21.0363745,60.69,60.69,60.69,60.69,60.69,60.69,60.69,60.69,60.69,60.69,60.69,60.69,60.69,60.69,60.69,60.69,60.69
Hoan Kiem lake,105.8460992,21.0363726,68.88,68.88,68.88,68.88,68.88,68.88,68.88,68.88,68.88,68.88,68.88,68.88,68.88,68.88,68.88,68.88,68.88
Hoan Kiem lake,105.8464841,21.0363707,61.66,61.66,61.66,61.66,61.66,61.66,61.66,61.66,61.66,61.66,61.66,61.66,61.66,61.66,61.66,61.66,61.66
Hoan Kiem lake,105.8468691,21.0363688,62.59,62.59,62.59,62.59,62.59,62.59,62.59,62.59,62.59,62.59,62.59,62.59,62.59,62.59,62.59,62.59,62.59
Hoan Kiem lake,105.847254,21.0363669,66.03,66.03,66.03,66.03,66.03,66.03,66.03,66.03,66.03,66.03,66.03,66.03,66.03,66.03,66.03,66.03,66.03
Hoan Kiem lake,105.8476389,21.036365,65.46,65.46,65.46,65.46,65.46,65.46,65.46,65.46,65.46,65.46,65.46,65.46,65.46,65.46,65.46,65.46,65.46
Hoan Kiem lake,105.8480239,21.036363,63.73,63.73,63.73,63.73,63.73,63.73,63.73,63.73,63.73,63.73,63.73,63.73,63.73,63.73,63.73,63.73,63.73
Hoan Kiem lake,105.8484088,21.0363611,68.87,68.87,68.87,68.87,68.87,68.87,68.87,68.87,68.87,68.87,68.87,68.87,68.87,68.87,68.87,68.87,68.87
Hoan Kiem lake,105.8487937,21.0363592,67.56,67.56,67.56,67.56,67.56,67.56,67.56,67.56,67.56,67.56,67.56,67.56,67.56,67.56,67.56,67.56,67.56
Hoan Kiem lake,105.8491786,21.0363573,63.55,63.55,63.55,63.55,63.55,63.55,63.55,63.55,63.55,63.55,63.55,63.55,63.55,63.55,63.55,63.55,63.55
Hoan Kiem lake,105.8495636,21.0363553,68.89,68.89,68.89,68.89,68.89,68.89,68.89,68.89,68.89,68.89,68.89,68.89,68.89,68.89,68.89,68.89,68.89
Hoan Kiem lake,105.8499485,21.0363534,65.5,65.5,65.5,65.5,65.5,65.5,65.5,65.5,65.5,65.5,65.5,65.5,65.5,65.5,65.5,65.5,65.5
Hoan Kiem lake,105.8503334,21.0363515,68.9,68.9,68.9,68.9,68.9,68.9,68.9,68.9,68.9,68.9,68.9,68.9,68.9,68.9,68.9,68.9,68.9
Hoan Kiem lake,105.8507184,21.0363496,68.91,68.91,68.91,68.91,68.91,68.91,68.91,68.91,68.91,68.91,68.91,68.91,68.91,68.91,68.91,68.91,68.91
Hoan Kiem lake,105.8511033,21.0363476,68.06,68.06,68.06,68.06,68.06,68.06,68.06,68.06,68.06,68.06,68.06,68.06,68.06,68.06,68.06,68.06,68.06
Hoan Kiem lake,105.8514882,21.0363457,63.95,63.95,63.95,63.95,63.95,63.95,63.95,63.95,63.95,63.95,63.95,63.95,63.95,63.95,63.95,63.95,63.95
Hoan Kiem lake,105.8518732,21.0363438,62.14,62.14,62.14,62.14,62.14,62.14,62.14,62.14,62.14,62.14,62.14,62.14,62.14,62.14,62.14,62.14,62.14
Hoan Kiem lake,105.8522581,21.0363419,61.76,61.76,61.76,61.76,61.76,61.76,61.76,61.76,61.76,61.76,61.76,61.76,61.76,61.76,61.76,61.76,61.76
Hoan Kiem lake,105.852643,21.0363399,68.38,68.38,68.38,68.38,68.38,68.38,68.38,68.38,68.38,68.38,68.38,68.38,68.38,68.38,68.38,68.38,68.38
Hoan Kiem lake,105.8530279,21.036338,62.75,62.75,62.75,62.75,62.75,62.75,62.75,62.75,62.75,62.75,62.75,62.75,62.75,62.75,62.75,62.75,62.75
Hoan Kiem lake,105.8534129,21.0363361,64.56,64.56,64.56,64.56,64.56,64.56,64.56,64.56,64.56,64.56,64.56,64.56,64.56,64.56,64.56,64.56,64.56
Hoan Kiem lake,105.8537978,21.0363341,71.88,71.88,71.88,71.88,71.88,71.88,71.88,71.88,71.88,71.88,71.88,71.88,71.88,71.88,71.88,71.88,71.88
Hoan Kiem lake,105.8541827,21.0363322,71.15,71.15,71.15,71.15,71.15,71.15,71.15,71.15,71.15,71.15,71.15,71.15,71.15,71.15,71.15,71.15,71.15
Hoan Kiem lake,105.8545677,21.0363303,64.96,64.96,64.96,64.96,64.96,64.96,64.96,64.96,64.96,64.96,64.96,64.96,64.96,64.96,64.96,64.96,64.96
Hoan Kiem lake,105.8549526,21.0363283,64.78,64.78,64.78,64.78,64.78,64.78,64.78,64.78,64.78,64.78,64.78,64.78,64.78,64.78,64.78,64.78,64.78
Hoan Kiem lake,105.8553375,21.0363264,64.19,64.19,64.19,64.19,64.19,64.19,64.19,64.19,64.19,64.19,64.19,64.19,64.19,64.19,64.19,64.19,64.19
Hoan Kiem lake,105.8557224,21.0363245,64.27,64.27,64.27,64.27,64.27,64.27,64.27,64.27,64.27,64.27,64.27,64.27,64.27,64.27,64.27,64.27,64.27
Hoan Kiem lake,105.8561074,21.0363225,65.89,65.89,65.89,65.89,65.89,65.89,65.89,65.89,65.89,65.89,65.89,65.89,65.89,65.89,65.89,65.89,65.89
Hoan Kiem lake,105.8564923,21.0363206,67.97,67.97,67.97,67.97,67.97,67.97,67.97,67.97,67.97,67.97,67.97,67.97,67.97,67.97,67.97,67.97,67.97
Hoan Kiem lake,105.8568772,21.0363186,70.43,70.43,70.43,70.43,70.43,70.43,70.43,70.43,70.43,70.43,70.43,70.43,70.43,70.43,70.43,70.43,70.43
Hoan Kiem lake,105.8572622,21.0363167,70.08,70.08,70.08,70.08,70.08,70.08,70.08,70.08,70.08,70.08,70.08,70.08,70.08,70.08,70.08,70.08,70.08
Hoan Kiem lake,105.8576471,21.0363148,65.73,65.73,65.73,65.73,65.73,65.73,65.73,65.73,65.73,65.73,65.73,65.73,65.73,65.73,65.73,65.73,65.73
Hoan Kiem lake,105.8422519,21.0367531,53.39,53.39,53.39,53.39,53.39,53.39,53.39,53.39,53.39,53.39,53.39,53.39,53.39,53.39,53.39,53.39,53.39
Hoan Kiem lake,105.8426369,21.0367512,53.82,53.82,53.82,53.82,53.82,53.82,53.82,53.82,53.82,53.82,53.82,53.82,53.82,53.82,53.82,53.82,53.82
Hoan Kiem lake,105.8430218,21.0367493,54.31,54.31,54.31,54.31,54.31,54.31,54.31,54.31,54.31,54.31,54.31,54.31,54.31,54.31,54.31,54.31,54.31
Hoan Kiem lake,105.8434067,21.0367474,54.88,54.88,54.88,54.88,54.88,54.88,54.88,54.88,54.88,54.88,54.88,54.88,54.88,54.88,54.88,54.88,54.88
Hoan Kiem lake,105.8437917,21.0367455,55.58,55.58,55.58,55.58,55.58,55.58,55.58,55.58,55.58,55.58,55.58,55.58,55.58,55.58,55.58,55.58,55.58
Hoan Kiem lake,105.8441766,21.0367436,56.5,56.5,56.5,56.5,56.5,56.5,56.5,56.5,56.5,56.5,56.5,56.5,56.5,56.5,56.5,56.5,56.5
Hoan Kiem lake,105.8445615,21.0367417,57.88,57.88,57.88,57.88,57.88,57.88,57.88,57.88,57.88,57.88,57.88,57.88,57.88,57.88,57.88,57.88,57.88
Hoan Kiem lake,105.8449465,21.0367398,60.45,60.45,60.45,60.45,60.45,60.45,60.45,60.45,60.45,60.45,60.45,60.45,60.45,60.45,60.45,60.45,60.45
Hoan Kiem lake,105.8453314,21.0367378,68.88,68.88,68.88,68.88,68.88,68.88,68.88,68.88,68.88,68.88,68.88,68.88,68.88,68.88,68.88,68.88,68.88
Hoan Kiem lake,105.8457163,21.0367359,60.35,60.35,60.35,60.35,60.35,60.35,60.35,60.35,60.35,60.35,60.35,60.35,60.35,60.35,60.35,60.35,60.35
Hoan Kiem lake,105.8461012,21.036734,68.89,68.89,68.89,68.89,68.89,68.89,68.89,68.89,68.89,68.89,68.89,68.89,68.89,68.89,68.89,68.89,68.89
Hoan Kiem lake,105.8464862,21.0367321,65.44,65.44,65.44,65.44,65.44,65.44,65.44,65.44,65.44,65.44,65.44,65.44,65.44,65.44,65.44,65.44,65.44
Hoan Kiem lake,105.8468711,21.0367302,63.99,63.99,63.99,63.99,63.99,63.99,63.99,63.99,63.99,63.99,63.99,63.99,63.99,63.99,63.99,63.99,63.99
Hoan Kiem lake,105.847256,21.0367283,63.88,63.88,63.88,63.88,63.88,63.88,63.88,63.88,63.88,63.88,63.88,63.88,63.88,63.88,63.88,63.88,63.88
Hoan Kiem lake,105.847641,21.0367263,65.49,65.49,65.49,65.49,65.49,65.49,65.49,65.49,65.49,65.49,65.49,65.49,65.49,65.49,65.49,65.49,65.49
Hoan Kiem lake,105.8480259,21.0367244,68.59,68.59,68.59,68.59,68.59,68.59,68.59,68.59,68.59,68.59,68.59,68.59,68.59,68.59,68.59,68.59,68.59
Hoan Kiem lake,105.8484108,21.0367225,68.88,68.88,68.88,68.88,68.88,68.88,68.88,68.88,68.88,68.88,68.88,68.88,68.88,68.88,68.88,68.88,68.88
Hoan Kiem lake,105.8487958,21.0367206,67.51,67.51,67.51,67.51,67.51,67.51,67.51,67.51,67.51,67.51,67.51,67.51,67.51,67.51,67.51,67.51,67.51
Hoan Kiem lake,105.8491807,21.0367187,64.6,64.6,64.6,64.6,64.6,64.6,64.6,64.6,64.6,64.6,64.6,64.6,64.6,64.6,64.6,64.6,64.6
Hoan Kiem lake,105.8495656,21.0367167,68.89,68.89,68.89,68.89,68.89,68.89,68.89,68.89,68.89,68.89,68.89,68.89,68.89,68.89,68.89,68.89,68.89
Hoan Kiem lake,105.8499506,21.0367148,61.92,61.92,61.92,61.92,61.92,61.92,61.92,61.92,61.92,61.92,61.92,61.92,61.92,61.92,61.92,61.92,61.92
Hoan Kiem lake,105.8503355,21.0367129,61.11,61.11,61.11,61.11,61.11,61.11,61.11,61.11,61.11,61.11,61.11,61.11,61.11,61.11,61.11,61.11,61.11
Hoan Kiem lake,105.8507204,21.036711,68.33,68.33,68.33,68.33,68.33,68.33,68.33,68.33,68.33,68.33,68.33,68.33,68.33,68.33,68.33,68.33,68.33
Hoan Kiem lake,105.8511053,21.036709,61.51,61.51,61.51,61.51,61.51,61.51,61.51,61.51,61.51,61.51,61.51,61.51,61.51,61.51,61.51,61.51,61.51
Hoan Kiem lake,105.8514903,21.0367071,63.12,63.12,63.12,63.12,63.12,63.12,63.12,63.12,63.12,63.12,63.12,63.12,63.12,63.12,63.12,63.12,63.12
Hoan Kiem lake,105.8518752,21.0367052,66.25,66.25,66.25,66.25,66.25,66.25,66.25,66.25,66.25,66.25,66.25,66.25,66.25,66.25,66.25,66.25,66.25
Hoan Kiem lake,105.8522601,21.0367032,69.06,69.06,69.06,69.06,69.06,69.06,69.06,69.06,69.06,69.06,69.06,69.06,69.06,69.06,69.06,69.06,69.06
Hoan Kiem lake,105.8526451,21.0367013,69.16,69.16,69.16,69.16,69.16,69.16,69.16,69.16,69.16,69.16,69.16,69.16,69.16,69.16,69.16,69.16,69.16
Hoan Kiem lake,105.85303,21.0366994,69.42,69.42,69.42,69.42,69.42,69.42,69.42,69.42,69.42,69.42,69.42,69.42,69.42,69.42,69.42,69.42,69.42
Hoan Kiem lake,105.8534149,21.0366975,70.77,70.77,70.77,70.77,70.77,70.77,70.77,70.77,70.77,70.77,70.77,70.77,70.77,70.77,70.77,70.77,70.77
Hoan Kiem lake,105.8537999,21.0366955,70.64,70.64,70.64,70.64,70.64,70.64,70.64,70.64,70.64,70.64,70.64,70.64,70.64,70.64,70.64,70.64,70.64
Hoan Kiem lake,105.8541848,21.0366936,67.06,67.06,67.06,67.06,67.06,67.06,67.06,67.06,67.06,67.06,67.06,67.06,67.06,67.06,67.06,67.06,67.06
Hoan Kiem lake,105.8545697,21.0366917,62.89,62.89,62.89,62.89,62.89,62.89,62.89,62.89,62.89,62.89,62.89,62.89,62.89,62.89,62.89,62.89,62.89
Hoan Kiem lake,105.8549546,21.0366897,69.1,69.1,69.1,69.1,69.1,69.1,69.1,69.1,69.1,69.1,69.1,69.1,69.1,69.1,69.1,69.1,69.1
Hoan Kiem lake,105.8553396,21.0366878,61.77,61.77,61.77,61.77,61.77,61.77,61.77,61.77,61.77,61.77,61.77,61.77,61.77,61.77,61.77,61.77,61.77
Hoan Kiem lake,105.8557245,21.0366858,69.11,69.11,69.11,69.11,69.11,69.11,69.11,69.11,69.11,69.11,69.11,69.11,69.11,69.11,69.11,69.11,69.11
Hoan Kiem lake,105.8561094,21.0366839,63.7,63.7,63.7,63.7,63.7,63.7,63.7,63.7,63.7,63.7,63.7,63.7,63.7,63.7,63.7,63.7,63.7
Hoan Kiem lake,105.8564944,21.036682,67.54,67.54,67.54,67.54,67.54,67.54,67.54,67.54,67.54,67.54,67.54,67.54,67.54,67.54,67.54,67.54,67.54
Hoan Kiem lake,105.8568793,21.03668,63.09,63.09,63.09,63.09,63.09,63.09,63.09,63.09,63.09,63.09,63.09,63.09,63.09,63.09,63.09,63.09,63.09
Hoan Kiem lake,105.8572642,21.0366781,63.72,63.72,63.72,63.72,63.72,63.72,63.72,63.72,63.72,63.72,63.72,63.72,63.72,63.72,63.72,63.72,63.72
Hoan Kiem lake,105.8576492,21.0366761,67.22,67.22,67.22,67.22,67.22,67.22,67.22,67.22,67.22,67.22,67.22,67.22,67.22,67.22,67.22,67.22,67.22
Hoan Kiem lake,105.842254,21.0371145,53.46,53.46,53.46,53.46,53.46,53.46,53.46,53.46,53.46,53.46,53.46,53.46,53.46,53.46,53.46,53.46,53.46
Hoan Kiem lake,105.8426389,21.0371126,53.88,53.88,53.88,53.88,53.88,53.88,53.88,53.88,53.88,53.88,53.88,53.88,53.88,53.88,53.88,53.88,53.88
Hoan Kiem lake,105.8430238,21.0371107,54.37,54.37,54.37,54.37,54.37,54.37,54.37,54.37,54.37,54.37,54.37,54.37,54.37,54.37,54.37,54.37,54.37
Hoan Kiem lake,105.8434088,21.0371088,54.92,54.92,54.92,54.92,54.92,54.92,54.92,54.92,54.92,54.92,54.92,54.92,54.92,54.92,54.92,54.92,54.92
Hoan Kiem lake,105.8437937,21.0371069,55.59,55.59,55.59,55.59,55.59,55.59,55.59,55.59,55.59,55.59,55.59,55.59,55.59,55.59,55.59,55.59,55.59
Hoan Kiem lake,105.8441786,21.037105,56.45,56.45,56.45,56.45,56.45,56.45,56.45,56.45,56.45,56.45,56.45,56.45,56.45,56.45,56.45,56.45,56.45
Hoan Kiem lake,105.8445636,21.0371031,57.68,57.68,57.68,57.68,57.68,57.68,57.68,57.68,57.68,57.68,57.68,57.68,57.68,57.68,57.68,57.68,57.68
Hoan Kiem lake,105.8449485,21.0371011,59.87,59.87,59.87,59.87,59.87,59.87,59.87,59.87,59.87,59.87,59.87,59.87,59.87,59.87,59.87,59.87,59.87
Hoan Kiem lake,105.8453334,21.0370992,67.55,67.55,67.55,67.55,67.55,67.55,67.55,67.55,67.55,67.55,67.55,67.55,67.55,67.55,67.55,67.55,67.55
Hoan Kiem lake,105.8457184,21.0370973,61.22,61.22,61.22,61.22,61.22,61.22,61.22,61.22,61.22,61.22,61.22,61.22,61.22,61.22,61.22,61.22,61.22
Hoan Kiem lake,105.8461033,21.0370954,65.22,65.22,65.22,65.22,65.22,65.22,65.22,65.22,65.22,65.22,65.22,65.22,65.22,65.22,65.22,65.22,65.22
Hoan Kiem lake,105.8464882,21.0370935,61.91,61.91,61.91,61.91,61.91,61.91,61.91,61.91,61.91,61.91,61.91,61.91,61.91,61.91,61.91,61.91,61.91
Hoan Kiem lake,105.8468732,21.0370916,62.45,62.45,62.45,62.45,62.45,62.45,62.45,62.45,62.45,62.45,62.45,62.45,62.45,62.45,62.45,62.45,62.45
Hoan Kiem lake,105.8472581,21.0370896,63.98,63.98,63.98,63.98,63.98,63.98,63.98,63.98,63.98,63.98,63.98,63.98,63.98,63.98,63.98,63.98,63.98
Hoan Kiem lake,105.847643,21.0370877,62.01,62.01,62.01,62.01,62.01,62.01,62.01,62.01,62.01,62.01,62.01,62.01,62.01,62.01,62.01,62.01,62.01
Hoan Kiem lake,105.8480279,21.0370858,64.9,64.9,64.9,64.9,64.9,64.9,64.9,64.9,64.9,64.9,64.9,64.9,64.9,64.9,64.9,64.9,64.9
Hoan Kiem lake,105.8484129,21.0370839,68.89,68.89,68.89,68.89,68.89,68.89,68.89,68.89,68.89,68.89,68.89,68.89,68.89,68.89,68.89,68.89,68.89
Hoan Kiem lake,105.8487978,21.037082,61.44,61.44,61.44,61.44,61.44,61.44,61.44,61.44,61.44,61.44,61.44,61.44,61.44,61.44,61.44,61.44,61.44
Hoan Kiem lake,105.8491827,21.03708,63.55,63.55,63.55,63.55,63.55,63.55,63.55,63.55,63.55,63.55,63.55,63.55,63.55,63.55,63.55,63.55,63.55
Hoan Kiem lake,105.8495677,21.0370781,63.46,63.46,63.46,63.46,63.46,63.46,63.46,63.46,63.46,63.46,63.46,63.46,63.46,63.46,63.46,63.46,63.46
Hoan Kiem lake,105.8499526,21.0370762,65.21,65.21,65.21,65.21,65.21,65.21,65.21,65.21,65.21,65.21,65.21,65.21,65.21,65.21,65.21,65.21,65.21
Hoan Kiem lake,105.8503375,21.0370743,68.85,68.85,68.85,68.85,68.85,68.85,68.85,68.85,68.85,68.85,68.85,68.85,68.85,68.85,68.85,68.85,68.85
Hoan Kiem lake,105.8507225,21.0370723,68.94,68.94,68.94,68.94,68.94,68.94,68.94,68.94,68.94,68.94,68.94,68.94,68.94,68.94,68.94,68.94,68.94
Hoan Kiem lake,105.8511074,21.0370704,66.56,66.56,66.56,66.56,66.56,66.56,66.56,66.56,66.56,66.56,66.56,66.56,66.56,66.56,66.56,66.56,66.56
Hoan Kiem lake,105.8514923,21.0370685,64.34,64.34,64.34,64.34,64.34,64.34,64.34,64.34,64.34,64.34,64.34,64.34,64.34,64.34,64.34,64.34,64.34
Hoan Kiem lake,105.8518773,21.0370666,63.19,63.19,63.19,63.19,63.19,63.19,63.19,63.19,63.19,63.19,63.19,63.19,63.19,63.19,63.19,63.19,63.19
Hoan Kiem lake,105.8522622,21.0370646,69.14,69.14,69.14,69.14,69.14,69.14,69.14,69.14,69.14,69.14,69.14,69.14,69.14,69.14,69.14,69.14,69.14
Hoan Kiem lake,105.8526471,21.0370627,64.25,64.25,64.25,64.25,64.25,64.25,64.25,64.25,64.25,64.25,64.25,64.25,64.25,64.25,64.25,64.25,64.25
Hoan Kiem lake,105.8530321,21.0370608,66.81,66.81,66.81,66.81,66.81,66.81,66.81,66.81,66.81,66.81,66.81,66.81,66.81,66.81,66.81,66.81,66.81
Hoan Kiem lake,105.853417,21.0370588,70.12,70.12,70.12,70.12,70.12,70.12,70.12,70.12,70.12,70.12,70.12,70.12,70.12,70.12,70.12,70.12,70.12
Hoan Kiem lake,105.8538019,21.0370569,68.81,68.81,68.81,68.81,68.81,68.81,68.81,68.81,68.81,68.81,68.81,68.81,68.81,68.81,68.81,68.81,68.81
Hoan Kiem lake,105.8541868,21.037055,69.31,69.31,69.31,69.31,69.31,69.31,69.31,69.31,69.31,69.31,69.31,69.31,69.31,69.31,69.31,69.31,69.31
Hoan Kiem lake,105.8545718,21.037053,65.48,65.48,65.48,65.48,65.48,65.48,65.48,65.48,65.48,65.48,65.48,65.48,65.48,65.48,65.48,65.48,65.48
Hoan Kiem lake,105.8549567,21.0370511,64.1,64.1,64.1,64.1,64.1,64.1,64.1,64.1,64.1,64.1,64.1,64.1,64.1,64.1,64.1,64.1,64.1
Hoan Kiem lake,105.8553416,21.0370492,62.37,62.37,62.37,62.37,62.37,62.37,62.37,62.37,62.37,62.37,62.37,62.37,62.37,62.37,62.37,62.37,62.37
Hoan Kiem lake,105.8557266,21.0370472,65.72,65.72,65.72,65.72,65.72,65.72,65.72,65.72,65.72,65.72,65.72,65.72,65.72,65.72,65.72,65.72,65.72
Hoan Kiem lake,105.8561115,21.0370453,69.05,69.05,69.05,69.05,69.05,69.05,69.05,69.05,69.05,69.05,69.05,69.05,69.05,69.05,69.05,69.05,69.05
Hoan Kiem lake,105.8564964,21.0370433,62.34,62.34,62.34,62.34,62.34,62.34,62.34,62.34,62.34,62.34,62.34,62.34,62.34,62.34,62.34,62.34,62.34
Hoan Kiem lake,105.8568814,21.0370414,60.8,60.8,60.8,60.8,60.8,60.8,60.8,60.8,60.8,60.8,60.8,60.8,60.8,60.8,60.8,60.8,60.8
Hoan Kiem lake,105.8572663,21.0370395,60.65,60.65,60.65,60.65,60.65,60.65,60.65,60.65,60.65,60.65,60.65,60.65,60.65,60.65,60.65,60.65,60.65
Hoan Kiem lake,105.8576512,21.0370375,61.19,61.19,61.19,61.19,61.19,61.19,61.19,61.19,61.19,61.19,61.19,61.19,61.19,61.19,61.19,61.19,61.19
Hoan Kiem lake,105.842256,21.0374759,53.53,53.53,53.53,53.53,53.53,53.53,53.53,53.53,53.53,53.53,53.53,53.53,53.53,53.53,53.53,53.53,53.53
Hoan Kiem lake,105.8426409,21.037474,53.96,53.96,53.96,53.96,53.96,53.96,53.96,53.96,53.96,53.96,53.96,53.96,53.96,53.96,53.96,53.96,53.96
Hoan Kiem lake,105.8430259,21.0374721,54.44,54.44,54.44,54.44,54.44,54.44,54.44,54.44,54.44,54.44,54.44,54.44,54.44,54.44,54.44,54.44,54.44
Hoan Kiem lake,105.8434108,21.0374702,54.99,54.99,54.99,54.99,54.99,54.99,54.99,54.99,54.99,54.99,54.99,54.99,54.99,54.99,54.99,54.99,54.99
Hoan Kiem lake,105.8437957,21.0374683,55.63,55.63,55.63,55.63,55.63,55.63,55.63,55.63,55.63,55.63,55.63,55.63,55.63,55.63,55.63,55.63,55.63
Hoan Kiem lake,105.8441807,21.0374663,56.43,56.43,56.43,56.43,56.43,56.43,56.43,56.43,56.43,56.43,56.43,56.43,56.43,56.43,56.43,56.43,56.43
Hoan Kiem lake,105.8445656,21.0374644,57.55,57.55,57.55,57.55,57.55,57.55,57.55,57.55,57.55,57.55,57.55,57.55,57.55,57.55,57.55,57.55,57.55
Hoan Kiem lake,105.8449505,21.0374625,59.41,59.41,59.41,59.41,59.41,59.41,59.41,59.41,59.41,59.41,59.41,59.41,59.41,59.41,59.41,59.41,59.41
Hoan Kiem lake,105.8453355,21.0374606,64.51,64.51,64.51,64.51,64.51,64.51,64.51,64.51,64.51,64.51,64.51,64.51,64.51,64.51,64.51,64.51,64.51
Hoan Kiem lake,105.8457204,21.0374587,68.91,68.91,68.91,68.91,68.91,68.91,68.91,68.91,68.91,68.91,68.91,68.91,68.91,68.91,68.91,68.91,68.91
Hoan Kiem lake,105.8461053,21.0374568,68.91,68.91,68.91,68.91,68.91,68.91,68.91,68.91,68.91,68.91,68.91,68.91,68.91,68.91,68.91,68.91,68.91
Hoan Kiem lake,105.8464903,21.0374549,63.65,63.65,63.65,63.65,63.65,63.65,63.65,63.65,63.65,63.65,63.65,63.65,63.65,63.65,63.65,63.65,63.65
Hoan Kiem lake,105.8468752,21.0374529,62.41,62.41,62.41,62.41,62.41,62.41,62.41,62.41,62.41,62.41,62.41,62.41,62.41,62.41,62.41,62.41,62.41
Hoan Kiem lake,105.8472601,21.037451,64.18,64.18,64.18,64.18,64.18,64.18,64.18,64.18,64.18,64.18,64.18,64.18,64.18,64.18,64.18,64.18,64.18
Hoan Kiem lake,105.8476451,21.0374491,61.17,61.17,61.17,61.17,61.17,61.17,61.17,61.17,61.17,61.17,61.17,61.17,61.17,61.17,61.17,61.17,61.17
Hoan Kiem lake,105.84803,21.0374472,68.9,68.9,68.9,68.9,68.9,68.9,68.9,68.9,68.9,68.9,68.9,68.9,68.9,68.9,68.9,68.9,68.9
Hoan Kiem lake,105.8484149,21.0374453,62.81,62.81,62.81,62.81,62.81,62.81,62.81,62.81,62.81,62.81,62.81,62.81,62.81,62.81,62.81,62.81,62.81
Hoan Kiem lake,105.8487999,21.0374433,60.69,60.69,60.69,60.69,60.69,60.69,60.69,60.69,60.69,60.69,60.69,60.69,60.69,60.69,60.69,60.69,60.69
Hoan Kiem lake,105.8491848,21.0374414,68.9,68.9,68.9,68.9,68.9,68.9,68.9,68.9,68.9,68.9,68.9,68.9,68.9,68.9,68.9,68.9,68.9
Hoan Kiem lake,105.8495697,21.0374395,61.74,61.74,61.74,61.74,61.74,61.74,61.74,61.74,61.74,61.74,61.74,61.74,61.74,61.74,61.74,61.74,61.74
Hoan Kiem lake,105.8499547,21.0374376,60.19,60.19,60.19,60.19,60.19,60.19,60.19,60.19,60.19,60.19,60.19,60.19,60.19,60.19,60.19,60.19,60.19
Hoan Kiem lake,105.8503396,21.0374357,60.88,60.88,60.88,60.88,60.88,60.88,60.88,60.88,60.88,60.88,60.88,60.88,60.88,60.88,60.88,60.88,60.88
Hoan Kiem lake,105.8507245,21.0374337,68.96,68.96,68.96,68.96,68.96,68.96,68.96,68.96,68.96,68.96,68.96,68.96,68.96,68.96,68.96,68.96,68.96
Hoan Kiem lake,105.8511095,21.0374318,61.97,61.97,61.97,61.97,61.97,61.97,61.97,61.97,61.97,61.97,61.97,61.97,61.97,61.97,61.97,61.97,61.97
Hoan Kiem lake,105.8514944,21.0374299,63.08,63.08,63.08,63.08,63.08,63.08,63.08,63.08,63.08,63.08,63.08,63.08,63.08,63.08,63.08,63.08,63.08
Hoan Kiem lake,105.8518793,21.0374279,64.59,64.59,64.59,64.59,64.59,64.59,64.59,64.59,64.59,64.59,64.59,64.59,64.59,64.59,64.59,64.59,64.59
Hoan Kiem lake,105.8522642,21.037426,67.01,67.01,67.01,67.01,67.01,67.01,67.01,67.01,67.01,67.01,67.01,67.01,67.01,67.01,67.01,67.01,67.01
Hoan Kiem lake,105.8526492,21.0374241,69.85,69.85,69.85,69.85,69.85,69.85,69.85,69.85,69.85,69.85,69.85,69.85,69.85,69.85,69.85,69.85,69.85
Hoan Kiem lake,105.8530341,21.0374222,69.06,69.06,69.06,69.06,69.06,69.06,69.06,69.06,69.06,69.06,69.06,69.06,69.06,69.06,69.06,69.06,69.06
Hoan Kiem lake,105.853419,21.0374202,70.07,70.07,70.07,70.07,70.07,70.07,70.07,70.07,70.07,70.07,70.07,70.07,70.07,70.07,70.07,70.07,70.07
Hoan Kiem lake,105.853804,21.0374183,69.33,69.33,69.33,69.33,69.33,69.33,69.33,69.33,69.33,69.33,69.33,69.33,69.33,69.33,69.33,69.33,69.33
Hoan Kiem lake,105.8541889,21.0374164,64.09,64.09,64.09,64.09,64.09,64.09,64.09,64.09,64.09,64.09,64.09,64.09,64.09,64.09,64.09,64.09,64.09
Hoan Kiem lake,105.8545738,21.0374144,69.06,69.06,69.06,69.06,69.06,69.06,69.06,69.06,69.06,69.06,69.06,69.06,69.06,69.06,69.06,69.06,69.06
Hoan Kiem lake,105.8549588,21.0374125,65.36,65.36,65.36,65.36,65.36,65.36,65.36,65.36,65.36,65.36,65.36,65.36,65.36,65.36,65.36,65.36,65.36
Hoan Kiem lake,105.8553437,21.0374105,68.97,68.97,68.97,68.97,68.97,68.97,68.97,68.97,68.97,68.97,68.97,68.97,68.97,68.97,68.97,68.97,68.97
Hoan Kiem lake,105.8557286,21.0374086,66.88,66.88,66.88,66.88,66.88,66.88,66.88,66.88,66.88,66.88,66.88,66.88,66.88,66.88,66.88,66.88,66.88
Hoan Kiem lake,105.8561136,21.0374067,66.83,66.83,66.83,66.83,66.83,66.83,66.83,66.83,66.83,66.83,66.83,66.83,66.83,66.83,66.83,66.83,66.83
Hoan Kiem lake,105.8564985,21.0374047,60.68,60.68,60.68,60.68,60.68,60.68,60.68,60.68,60.68,60.68,60.68,60.68,60.68,60.68,60.68,60.68,60.68
Hoan Kiem lake,105.8568834,21.0374028,59.35,59.35,59.35,59.35,59.35,59.35,59.35,59.35,59.35,59.35,59.35,59.35,59.35,59.35,59.35,59.35,59.35
Hoan Kiem lake,105.8572684,21.0374009,59.01,59.01,59.01,59.01,59.01,59.01,59.01,59.01,59.01,59.01,59.01,59.01,59.01,59.01,59.01,59.01,59.01
Hoan Kiem lake,105.8576533,21.0373989,59.16,59.16,59.16,59.16,59.16,59.16,59.16,59.16,59.16,59.16,59.16,59.16,59.16,59.16,59.16,59.16,59.16
Ocean Park,105.9327136,20.9838576,56.92,56.92,56.92,56.92,56.92,56.92,56.92,56.92,56.92,56.92,56.92,56.92,56.92,56.92,56.92,56.92,56.92
Ocean Park,105.9330984,20.9838555,55.67,55.67,55.67,55.67,55.67,55.67,55.67,55.67,55.67,55.67,55.67,55.67,55.67,55.67,55.67,55.67,55.67
Ocean Park,105.9334832,20.9838534,56.14,56.14,56.14,56.14,56.14,56.14,56.14,56.14,56.14,56.14,56.14,56.14,56.14,56.14,56.14,56.14,56.14
Ocean Park,105.933868,20.9838513,57.54,57.54,57.54,57.54,57.54,57.54,57.54,57.54,57.54,57.54,57.54,57.54,57.54,57.54,57.54,57.54,57.54
Ocean Park,105.9342527,20.9838492,59.89,59.89,59.89,59.89,59.89,59.89,59.89,59.89,59.89,59.89,59.89,59.89,59.89,59.89,59.89,59.89,59.89
Ocean Park,105.9346375,20.9838471,67.13,67.13,67.13,67.13,67.13,67.13,67.13,67.13,67.13,67.13,67.13,67.13,67.13,67.13,67.13,67.13,67.13
Ocean Park,105.9350223,20.983845,61.6,61.6,61.6,61.6,61.6,61.6,61.6,61.6,61.6,61.6,61.6,61.6,61.6,61.6,61.6,61.6,61.6
Ocean Park,105.9354071,20.9838429,58.49,58.49,58.49,58.49,58.49,58.49,58.49,58.49,58.49,58.49,58.49,58.49,58.49,58.49,58.49,58.49,58.49
Ocean Park,105.9357919,20.9838408,57.04,57.04,57.04,57.04,57.04,57.04,57.04,57.04,57.04,57.04,57.04,57.04,57.04,57.04,57.04,57.04,57.04
Ocean Park,105.9361767,20.9838386,56.44,56.44,56.44,56.44,56.44,56.44,56.44,56.44,56.44,56.44,56.44,56.44,56.44,56.44,56.44,56.44,56.44
Ocean Park,105.9365615,20.9838365,57.2,57.2,57.2,57.2,57.2,57.2,57.2,57.2,57.2,57.2,57.2,57.2,57.2,57.2,57.2,57.2,57.2
Ocean Park,105.9369462,20.9838344,58.47,58.47,58.47,58.47,58.47,58.47,58.47,58.47,58.47,58.47,58.47,58.47,58.47,58.47,58.47,58.47,58.47
Ocean Park,105.937331,20.9838323,60.57,60.57,60.57,60.57,60.57,60.57,60.57,60.57,60.57,60.57,60.57,60.57,60.57,60.57,60.57,60.57,60.57
Ocean Park,105.9377158,20.9838302,66.74,66.74,66.74,66.74,66.74,66.74,66.74,66.74,66.74,66.74,66.74,66.74,66.74,66.74,66.74,66.74,66.74
Ocean Park,105.9381006,20.9838281,62.7,62.7,62.7,62.7,62.7,62.7,62.7,62.7,62.7,62.7,62.7,62.7,62.7,62.7,62.7,62.7,62.7
Ocean Park,105.9384854,20.9838259,59.67,59.67,59.67,59.67,59.67,59.67,59.67,59.67,59.67,59.67,59.67,59.67,59.67,59.67,59.67,59.67,59.67
Ocean Park,105.9388702,20.9838238,58.8,58.8,58.8,58.8,58.8,58.8,58.8,58.8,58.8,58.8,58.8,58.8,58.8,58.8,58.8,58.8,58.8
Ocean Park,105.939255,20.9838217,59.96,59.96,59.96,59.96,59.96,59.96,59.96,59.96,59.96,59.96,59.96,59.96,59.96,59.96,59.96,59.96,59.96
Ocean Park,105.9396397,20.9838196,59.66,59.66,59.66,59.66,59.66,59.66,59.66,59.66,59.66,59.66,59.66,59.66,59.66,59.66,59.66,59.66,59.66
Ocean Park,105.9400245,20.9838175,58.3,58.3,58.3,58.3,58.3,58.3,58.3,58.3,58.3,58.3,58.3,58.3,58.3,58.3,58.3,58.3,58.3
Ocean Park,105.9404093,20.9838153,57.54,57.54,57.54,57.54,57.54,57.54,57.54,57.54,57.54,57.54,57.54,57.54,57.54,57.54,57.54,57.54,57.54
Ocean Park,105.9407941,20.9838132,57.83,57.83,57.83,57.83,57.83,57.83,57.83,57.83,57.83,57.83,57.83,57.83,57.83,57.83,57.83,57.83,57.83
Ocean Park,105.9411789,20.9838111,58.84,58.84,58.84,58.84,58.84,58.84,58.84,58.84,58.84,58.84,58.84,58.84,58.84,58.84,58.84,58.84,58.84
Ocean Park,105.9415637,20.983809,59.76,59.76,59.76,59.76,59.76,59.76,59.76,59.76,59.76,59.76,59.76,59.76,59.76,59.76,59.76,59.76,59.76
Ocean Park,105.9419484,20.9838068,60.45,60.45,60.45,60.45,60.45,60.45,60.45,60.45,60.45,60.45,60.45,60.45,60.45,60.45,60.45,60.45,60.45
Ocean Park,105.9423332,20.9838047,62.4,62.4,62.4,62.4,62.4,62.4,62.4,62.4,62.4,62.4,62.4,62.4,62.4,62.4,62.4,62.4,62.4
Ocean Park,105.942718,20.9838026,67.29,67.29,67.29,67.29,67.29,67.29,67.29,67.29,67.29,67.29,67.29,67.29,67.29,67.29,67.29,67.29,67.29
Ocean Park,105.9431028,20.9838004,66.35,66.35,66.35,66.35,66.35,66.35,66.35,66.35,66.35,66.35,66.35,66.35,66.35,66.35,66.35,66.35,66.35
Ocean Park,105.9434876,20.9837983,61.57,61.57,61.57,61.57,61.57,61.57,61.57,61.57,61.57,61.57,61.57,61.57,61.57,61.57,61.57,61.57,61.57
Ocean Park,105.9438724,20.9837962,59.35,59.35,59.35,59.35,59.35,59.35,59.35,59.35,59.35,59.35,59.35,59.35,59.35,59.35,59.35,59.35,59.35
Ocean Park,105.9442572,20.983794,58.34,58.34,58.34,58.34,58.34,58.34,58.34,58.34,58.34,58.34,58.34,58.34,58.34,58.34,58.34,58.34,58.34
Ocean Park,105.9446419,20.9837919,57.87,57.87,57.87,57.87,57.87,57.87,57.87,57.87,57.87,57.87,57.87,57.87,57.87,57.87,57.87,57.87,57.87
Ocean Park,105.9450267,20.9837898,57.63,57.63,57.63,57.63,57.63,57.63,57.63,57.63,57.63,57.63,57.63,57.63,57.63,57.63,57.63,57.63,57.63
Ocean Park,105.9454115,20.9837876,57.53,57.53,57.53,57.53,57.53,57.53,57.53,57.53,57.53,57.53,57.53,57.53,57.53,57.53,57.53,57.53,57.53
Ocean Park,105.9457963,20.9837855,57.52,57.52,57.52,57.52,57.52,57.52,57.52,57.52,57.52,57.52,57.52,57.52,57.52,57.52,57.52,57.52,57.52
Ocean Park,105.9461811,20.9837834,57.59,57.59,57.59,57.59,57.59,57.59,57.59,57.59,57.59,57.59,57.59,57.59,57.59,57.59,57.59,57.59,57.59
Ocean Park,105.9465659,20.9837812,57.71,57.71,57.71,57.71,57.71,57.71,57.71,57.71,57.71,57.71,57.71,57.71,57.71,57.71,57.71,57.71,57.71
Ocean Park,105.9469507,20.9837791,57.88,57.88,57.88,57.88,57.88,57.88,57.88,57.88,57.88,57.88,57.88,57.88,57.88,57.88,57.88,57.88,57.88
Ocean Park,105.9473354,20.983777,58.09,58.09,58.09,58.09,58.09,58.09,58.09,58.09,58.09,58.09,58.09,58.09,58.09,58.09,58.09,58.09,58.09
Ocean Park,105.9477202,20.9837748,58.34,58.34,58.34,58.34,58.34,58.34,58.34,58.34,58.34,58.34,58.34,58.34,58.34,58.34,58.34,58.34,58.34
Ocean Park,105.948105,20.9837727,58.64,58.64,58.64,58.64,58.64,58.64,58.64,58.64,58.64,58.64,58.64,58.64,58.64,58.64,58.64,58.64,58.64
Ocean Park,105.9484898,20.9837705,59.0,59.0,59.0,59.0,59.0,59.0,59.0,59.0,59.0,59.0,59.0,59.0,59.0,59.0,59.0,59.0,59.0
Ocean Park,105.9488746,20.9837684,59.41,59.41,59.41,59.41,59.41,59.41,59.41,59.41,59.41,59.41,59.41,59.41,59.41,59.41,59.41,59.41,59.41
Ocean Park,105.9492594,20.9837662,59.9,59.9,59.9,59.9,59.9,59.9,59.9,59.9,59.9,59.9,59.9,59.9,59.9,59.9,59.9,59.9,59.9
Ocean Park,105.9496441,20.9837641,60.47,60.47,60.47,60.47,60.47,60.47,60.47,60.47,60.47,60.47,60.47,60.47,60.47,60.47,60.47,60.47,60.47
Ocean Park,105.9500289,20.983762,61.16,61.16,61.16,61.16,61.16,61.16,61.16,61.16,61.16,61.16,61.16,61.16,61.16,61.16,61.16,61.16,61.16
Ocean Park,105.9504137,20.9837598,62.0,62.0,62.0,62.0,62.0,62.0,62.0,62.0,62.0,62.0,62.0,62.0,62.0,62.0,62.0,62.0,62.0
Ocean Park,105.9507985,20.9837577,63.08,63.08,63.08,63.08,63.08,63.08,63.08,63.08,63.08,63.08,63.08,63.08,63.08,63.08,63.08,63.08,63.08
Ocean Park,105.9511833,20.9837555,63.07,63.07,63.07,63.07,63.07,63.07,63.07,63.07,63.07,63.07,63.07,63.07,63.07,63.07,63.07,63.07,63.07
Ocean Park,105.9515681,20.9837534,65.03,65.03,65.03,65.03,65.03,65.03,65.03,65.03,65.03,65.03,65.03,65.03,65.03,65.03,65.03,65.03,65.03
Ocean Park,105.9519528,20.9837512,68.06,68.06,68.06,68.06,68.06,68.06,68.06,68.06,68.06,68.06,68.06,68.06,68.06,68.06,68.06,68.06,68.06
Ocean Park,105.9523376,20.9837491,68.84,68.84,68.84,68.84,68.84,68.84,68.84,68.84,68.84,68.84,68.84,68.84,68.84,68.84,68.84,68.84,68.84
Ocean Park,105.9527224,20.9837469,67.64,67.64,67.64,67.64,67.64,67.64,67.64,67.64,67.64,67.64,67.64,67.64,67.64,67.64,67.64,67.64,67.64
Ocean Park,105.9327158,20.984219,56.7,56.7,56.7,56.7,56.7,56.7,56.7,56.7,56.7,56.7,56.7,56.7,56.7,56.7,56.7,56.7,56.7
Ocean Park,105.9331006,20.9842169,55.53,55.53,55.53,55.53,55.53,55.53,55.53,55.53,55.53,55.53,55.53,55.53,55.53,55.53,55.53,55.53,55.53
Ocean Park,105.9334854,20.9842148,55.68,55.68,55.68,55.68,55.68,55.68,55.68,55.68,55.68,55.68,55.68,55.68,55.68,55.68,55.68,55.68,55.68
Ocean Park,105.9338702,20.9842127,56.82,56.82,56.82,56.82,56.82,56.82,56.82,56.82,56.82,56.82,56.82,56.82,56.82,56.82,56.82,56.82,56.82
Ocean Park,105.934255,20.9842106,58.56,58.56,58.56,58.56,58.56,58.56,58.56,58.56,58.56,58.56,58.56,58.56,58.56,58.56,58.56,58.56,58.56
Ocean Park,105.9346398,20.9842085,62.12,62.12,62.12,62.12,62.12,62.12,62.12,62.12,62.12,62.12,62.12,62.12,62.12,62.12,62.12,62.12,62.12
Ocean Park,105.9350246,20.9842064,65.45,65.45,65.45,65.45,65.45,65.45,65.45,65.45,65.45,65.45,65.45,65.45,65.45,65.45,65.45,65.45,65.45
Ocean Park,105.9354093,20.9842042,59.67,59.67,59.67,59.67,59.67,59.67,59.67,59.67,59.67,59.67,59.67,59.67,59.67,59.67,59.67,59.67,59.67
Ocean Park,105.9357941,20.9842021,57.74,57.74,57.74,57.74,57.74,57.74,57.74,57.74,57.74,57.74,57.74,57.74,57.74,57.74,57.74,57.74,57.74
Ocean Park,105.9361789,20.9842,57.51,57.51,57.51,57.51,57.51,57.51,57.51,57.51,57.51,57.51,57.51,57.51,57.51,57.51,57.51,57.51,57.51
Ocean Park,105.9365637,20.9841979,58.42,58.42,58.42,58.42,58.42,58.42,58.42,58.42,58.42,58.42,58.42,58.42,58.42,58.42,58.42,58.42,58.42
Ocean Park,105.9369485,20.9841958,60.02,60.02,60.02,60.02,60.02,60.02,60.02,60.02,60.02,60.02,60.02,60.02,60.02,60.02,60.02,60.02,60.02
Ocean Park,105.9373333,20.9841937,64.28,64.28,64.28,64.28,64.28,64.28,64.28,64.28,64.28,64.28,64.28,64.28,64.28,64.28,64.28,64.28,64.28
Ocean Park,105.9377181,20.9841916,64.14,64.14,64.14,64.14,64.14,64.14,64.14,64.14,64.14,64.14,64.14,64.14,64.14,64.14,64.14,64.14,64.14
Ocean Park,105.9381029,20.9841894,60.27,60.27,60.27,60.27,60.27,60.27,60.27,60.27,60.27,60.27,60.27,60.27,60.27,60.27,60.27,60.27,60.27
Ocean Park,105.9384876,20.9841873,58.85,58.85,58.85,58.85,58.85,58.85,58.85,58.85,58.85,58.85,58.85,58.85,58.85,58.85,58.85,58.85,58.85
Ocean Park,105.9388724,20.9841852,58.19,58.19,58.19,58.19,58.19,58.19,58.19,58.19,58.19,58.19,58.19,58.19,58.19,58.19,58.19,58.19,58.19
Ocean Park,105.9392572,20.9841831,58.5,58.5,58.5,58.5,58.5,58.5,58.5,58.5,58.5,58.5,58.5,58.5,58.5,58.5,58.5,58.5,58.5
Ocean Park,105.939642,20.984181,58.29,58.29,58.29,58.29,58.29,58.29,58.29,58.29,58.29,58.29,58.29,58.29,58.29,58.29,58.29,58.29,58.29
Ocean Park,105.9400268,20.9841788,57.62,57.62,57.62,57.62,57.62,57.62,57.62,57.62,57.62,57.62,57.62,57.62,57.62,57.62,57.62,57.62,57.62
Ocean Park,105.9404116,20.9841767,57.4,57.4,57.4,57.4,57.4,57.4,57.4,57.4,57.4,57.4,57.4,57.4,57.4,57.4,57.4,57.4,57.4
Ocean Park,105.9407964,20.9841746,57.95,57.95,57.95,57.95,57.95,57.95,57.95,57.95,57.95,57.95,57.95,57.95,57.95,57.95,57.95,57.95,57.95
Ocean Park,105.9411811,20.9841725,58.67,58.67,58.67,58.67,58.67,58.67,58.67,58.67,58.67,58.67,58.67,58.67,58.67,58.67,58.67,58.67,58.67
Ocean Park,105.9415659,20.9841703,59.68,59.68,59.68,59.68,59.68,59.68,59.68,59.68,59.68,59.68,59.68,59.68,59.68,59.68,59.68,59.68,59.68
Ocean Park,105.9419507,20.9841682,61.3,61.3,61.3,61.3,61.3,61.3,61.3,61.3,61.3,61.3,61.3,61.3,61.3,61.3,61.3,61.3,61.3
Ocean Park,105.9423355,20.9841661,65.37,65.37,65.37,65.37,65.37,65.37,65.37,65.37,65.37,65.37,65.37,65.37,65.37,65.37,65.37,65.37,65.37
Ocean Park,105.9427203,20.9841639,66.35,66.35,66.35,66.35,66.35,66.35,66.35,66.35,66.35,66.35,66.35,66.35,66.35,66.35,66.35,66.35,66.35
Ocean Park,105.9431051,20.9841618,62.81,62.81,62.81,62.81,62.81,62.81,62.81,62.81,62.81,62.81,62.81,62.81,62.81,62.81,62.81,62.81,62.81
Ocean Park,105.9434899,20.9841597,60.66,60.66,60.66,60.66,60.66,60.66,60.66,60.66,60.66,60.66,60.66,60.66,60.66,60.66,60.66,60.66,60.66
Ocean Park,105.9438746,20.9841576,59.78,59.78,59.78,59.78,59.78,59.78,59.78,59.78,59.78,59.78,59.78,59.78,59.78,59.78,59.78,59.78,59.78
Ocean Park,105.9442594,20.9841554,59.33,59.33,59.33,59.33,59.33,59.33,59.33,59.33,59.33,59.33,59.33,59.33,59.33,59.33,59.33,59.33,59.33
Ocean Park,105.9446442,20.9841533,59.11,59.11,59.11,59.11,59.11,59.11,59.11,59.11,59.11,59.11,59.11,59.11,59.11,59.11,59.11,59.11,59.11
Ocean Park,105.945029,20.9841512,59.07,59.07,59.07,59.07,59.07,59.07,59.07,59.07,59.07,59.07,59.07,59.07,59.07,59.07,59.07,59.07,59.07
Ocean Park,105.9454138,20.984149,59.19,59.19,59.19,59.19,59.19,59.19,59.19,59.19,59.19,59.19,59.19,59.19,59.19,59.19,59.19,59.19,59.19
Ocean Park,105.9457986,20.9841469,59.4,59.4,59.4,59.4,59.4,59.4,59.4,59.4,59.4,59.4,59.4,59.4,59.4,59.4,59.4,59.4,59.4
Ocean Park,105.9461834,20.9841447,59.71,59.71,59.71,59.71,59.71,59.71,59.71,59.71,59.71,59.71,59.71,59.71,59.71,59.71,59.71,59.71,59.71
Ocean Park,105.9465681,20.9841426,60.11,60.11,60.11,60.11,60.11,60.11,60.11,60.11,60.11,60.11,60.11,60.11,60.11,60.11,60.11,60.11,60.11
Ocean Park,105.9469529,20.9841405,60.61,60.61,60.61,60.61,60.61,60.61,60.61,60.61,60.61,60.61,60.61,60.61,60.61,60.61,60.61,60.61,60.61
Ocean Park,105.9473377,20.9841383,61.24,61.24,61.24,61.24,61.24,61.24,61.24,61.24,61.24,61.24,61.24,61.24,61.24,61.24,61.24,61.24,61.24
Ocean Park,105.9477225,20.9841362,62.03,62.03,62.03,62.03,62.03,62.03,62.03,62.03,62.03,62.03,62.03,62.03,62.03,62.03,62.03,62.03,62.03
Ocean Park,105.9481073,20.984134,63.06,63.06,63.06,63.06,63.06,63.06,63.06,63.06,63.06,63.06,63.06,63.06,63.06,63.06,63.06,63.06,63.06
Ocean Park,105.9484921,20.9841319,64.48,64.48,64.48,64.48,64.48,64.48,64.48,64.48,64.48,64.48,64.48,64.48,64.48,64.48,64.48,64.48,64.48
Ocean Park,105.9488769,20.9841298,66.71,66.71,66.71,66.71,66.71,66.71,66.71,66.71,66.71,66.71,66.71,66.71,66.71,66.71,66.71,66.71,66.71
Ocean Park,105.9492616,20.9841276,68.85,68.85,68.85,68.85,68.85,68.85,68.85,68.85,68.85,68.85,68.85,68.85,68.85,68.85,68.85,68.85,68.85
Ocean Park,105.9496464,20.9841255,68.85,68.85,68.85,68.85,68.85,68.85,68.85,68.85,68.85,68.85,68.85,68.85,68.85,68.85,68.85,68.85,68.85
Ocean Park,105.9500312,20.9841233,68.85,68.85,68.85,68.85,68.85,68.85,68.85,68.85,68.85,68.85,68.85,68.85,68.85,68.85,68.85,68.85,68.85
Ocean Park,105.950416,20.9841212,67.52,67.52,67.52,67.52,67.52,67.52,67.52,67.52,67.52,67.52,67.52,67.52,67.52,67.52,67.52,67.52,67.52
Ocean Park,105.9508008,20.984119,68.84,68.84,68.84,68.84,68.84,68.84,68.84,68.84,68.84,68.84,68.84,68.84,68.84,68.84,68.84,68.84,68.84
Ocean Park,105.9511856,20.9841169,62.96,62.96,62.96,62.96,62.96,62.96,62.96,62.96,62.96,62.96,62.96,62.96,62.96,62.96,62.96,62.96,62.96
Ocean Park,105.9515703,20.9841147,61.61,61.61,61.61,61.61,61.61,61.61,61.61,61.61,61.61,61.61,61.61,61.61,61.61,61.61,61.61,61.61,61.61
Ocean Park,105.9519551,20.9841126,61.83,61.83,61.83,61.83,61.83,61.83,61.83,61.83,61.83,61.83,61.83,61.83,61.83,61.83,61.83,61.83,61.83
Ocean Park,105.9523399,20.9841104,64.8,64.8,64.8,64.8,64.8,64.8,64.8,64.8,64.8,64.8,64.8,64.8,64.8,64.8,64.8,64.8,64.8
Ocean Park,105.9527247,20.9841083,60.79,60.79,60.79,60.79,60.79,60.79,60.79,60.79,60.79,60.79,60.79,60.79,60.79,60.79,60.79,60.79,60.79
Ocean Park,105.9327181,20.9845804,56.48,56.48,56.48,56.48,56.48,56.48,56.48,56.48,56.48,56.48,56.48,56.48,56.48,56.48,56.48,56.48,56.48
Ocean Park,105.9331029,20.9845783,55.4,55.4,55.4,55.4,55.4,55.4,55.4,55.4,55.4,55.4,55.4,55.4,55.4,55.4,55.4,55.4,55.4
Ocean Park,105.9334877,20.9845762,55.28,55.28,55.28,55.28,55.28,55.28,55.28,55.28,55.28,55.28,55.28,55.28,55.28,55.28,55.28,55.28,55.28
Ocean Park,105.9338724,20.9845741,56.27,56.27,56.27,56.27,56.27,56.27,56.27,56.27,56.27,56.27,56.27,56.27,56.27,56.27,56.27,56.27,56.27
Ocean Park,105.9342572,20.984572,57.66,57.66,57.66,57.66,57.66,57.66,57.66,57.66,57.66,57.66,57.66,57.66,57.66,57.66,57.66,57.66,57.66
Ocean Park,105.934642,20.9845699,60.04,60.04,60.04,60.04,60.04,60.04,60.04,60.04,60.04,60.04,60.04,60.04,60.04,60.04,60.04,60.04,60.04
Ocean Park,105.9350268,20.9845677,67.84,67.84,67.84,67.84,67.84,67.84,67.84,67.84,67.84,67.84,67.84,67.84,67.84,67.84,67.84,67.84,67.84
Ocean Park,105.9354116,20.9845656,61.7,61.7,61.7,61.7,61.7,61.7,61.7,61.7,61.7,61.7,61.7,61.7,61.7,61.7,61.7,61.7,61.7
Ocean Park,105.9357964,20.9845635,58.86,58.86,58.86,58.86,58.86,58.86,58.86,58.86,58.86,58.86,58.86,58.86,58.86,58.86,58.86,58.86,58.86
Ocean Park,105.9361812,20.9845614,59.12,59.12,59.12,59.12,59.12,59.12,59.12,59.12,59.12,59.12,59.12,59.12,59.12,59.12,59.12,59.12,59.12
Ocean Park,105.936566,20.9845593,60.76,60.76,60.76,60.76,60.76,60.76,60.76,60.76,60.76,60.76,60.76,60.76,60.76,60.76,60.76,60.76,60.76
Ocean Park,105.9369507,20.9845572,63.8,63.8,63.8,63.8,63.8,63.8,63.8,63.8,63.8,63.8,63.8,63.8,63.8,63.8,63.8,63.8,63.8
Ocean Park,105.9373355,20.9845551,66.23,66.23,66.23,66.23,66.23,66.23,66.23,66.23,66.23,66.23,66.23,66.23,66.23,66.23,66.23,66.23,66.23
Ocean Park,105.9377203,20.9845529,60.87,60.87,60.87,60.87,60.87,60.87,60.87,60.87,60.87,60.87,60.87,60.87,60.87,60.87,60.87,60.87,60.87
Ocean Park,105.9381051,20.9845508,59.36,59.36,59.36,59.36,59.36,59.36,59.36,59.36,59.36,59.36,59.36,59.36,59.36,59.36,59.36,59.36,59.36
Ocean Park,105.9384899,20.9845487,58.71,58.71,58.71,58.71,58.71,58.71,58.71,58.71,58.71,58.71,58.71,58.71,58.71,58.71,58.71,58.71,58.71
Ocean Park,105.9388747,20.9845466,58.48,58.48,58.48,58.48,58.48,58.48,58.48,58.48,58.48,58.48,58.48,58.48,58.48,58.48,58.48,58.48,58.48
Ocean Park,105.9392595,20.9845445,58.42,58.42,58.42,58.42,58.42,58.42,58.42,58.42,58.42,58.42,58.42,58.42,58.42,58.42,58.42,58.42,58.42
Ocean Park,105.9396443,20.9845423,58.25,58.25,58.25,58.25,58.25,58.25,58.25,58.25,58.25,58.25,58.25,58.25,58.25,58.25,58.25,58.25,58.25
Ocean Park,105.940029,20.9845402,58.09,58.09,58.09,58.09,58.09,58.09,58.09,58.09,58.09,58.09,58.09,58.09,58.09,58.09,58.09,58.09,58.09
Ocean Park,105.9404138,20.9845381,58.42,58.42,58.42,58.42,58.42,58.42,58.42,58.42,58.42,58.42,58.42,58.42,58.42,58.42,58.42,58.42,58.42
Ocean Park,105.9407986,20.984536,59.09,59.09,59.09,59.09,59.09,59.09,59.09,59.09,59.09,59.09,59.09,59.09,59.09,59.09,59.09,59.09,59.09
Ocean Park,105.9411834,20.9845338,59.96,59.96,59.96,59.96,59.96,59.96,59.96,59.96,59.96,59.96,59.96,59.96,59.96,59.96,59.96,59.96,59.96
Ocean Park,105.9415682,20.9845317,61.26,61.26,61.26,61.26,61.26,61.26,61.26,61.26,61.26,61.26,61.26,61.26,61.26,61.26,61.26,61.26,61.26
Ocean Park,105.941953,20.9845296,64.01,64.01,64.01,64.01,64.01,64.01,64.01,64.01,64.01,64.01,64.01,64.01,64.01,64.01,64.01,64.01,64.01
Ocean Park,105.9423378,20.9845275,67.88,67.88,67.88,67.88,67.88,67.88,67.88,67.88,67.88,67.88,67.88,67.88,67.88,67.88,67.88,67.88,67.88
Ocean Park,105.9427226,20.9845253,62.25,62.25,62.25,62.25,62.25,62.25,62.25,62.25,62.25,62.25,62.25,62.25,62.25,62.25,62.25,62.25,62.25
Ocean Park,105.9431073,20.9845232,61.8,61.8,61.8,61.8,61.8,61.8,61.8,61.8,61.8,61.8,61.8,61.8,61.8,61.8,61.8,61.8,61.8
Ocean Park,105.9434921,20.9845211,62.19,62.19,62.19,62.19,62.19,62.19,62.19,62.19,62.19,62.19,62.19,62.19,62.19,62.19,62.19,62.19,62.19
Ocean Park,105.9438769,20.9845189,62.14,62.14,62.14,62.14,62.14,62.14,62.14,62.14,62.14,62.14,62.14,62.14,62.14,62.14,62.14,62.14,62.14
Ocean Park,105.9442617,20.9845168,62.0,62.0,62.0,62.0,62.0,62.0,62.0,62.0,62.0,62.0,62.0,62.0,62.0,62.0,62.0,62.0,62.0
Ocean Park,105.9446465,20.9845147,61.96,61.96,61.96,61.96,61.96,61.96,61.96,61.96,61.96,61.96,61.96,61.96,61.96,61.96,61.96,61.96,61.96
Ocean Park,105.9450313,20.9845125,62.34,62.34,62.34,62.34,62.34,62.34,62.34,62.34,62.34,62.34,62.34,62.34,62.34,62.34,62.34,62.34,62.34
Ocean Park,105.9454161,20.9845104,63.21,63.21,63.21,63.21,63.21,63.21,63.21,63.21,63.21,63.21,63.21,63.21,63.21,63.21,63.21,63.21,63.21
Ocean Park,105.9458008,20.9845083,64.49,64.49,64.49,64.49,64.49,64.49,64.49,64.49,64.49,64.49,64.49,64.49,64.49,64.49,64.49,64.49,64.49
Ocean Park,105.9461856,20.9845061,66.56,66.56,66.56,66.56,66.56,66.56,66.56,66.56,66.56,66.56,66.56,66.56,66.56,66.56,66.56,66.56,66.56
Ocean Park,105.9465704,20.984504,68.88,68.88,68.88,68.88,68.88,68.88,68.88,68.88,68.88,68.88,68.88,68.88,68.88,68.88,68.88,68.88,68.88
Ocean Park,105.9469552,20.9845018,68.88,68.88,68.88,68.88,68.88,68.88,68.88,68.88,68.88,68.88,68.88,68.88,68.88,68.88,68.88,68.88,68.88
Ocean Park,105.94734,20.9844997,68.87,68.87,68.87,68.87,68.87,68.87,68.87,68.87,68.87,68.87,68.87,68.87,68.87,68.87,68.87,68.87,68.87
Ocean Park,105.9477248,20.9844976,67.61,67.61,67.61,67.61,67.61,67.61,67.61,67.61,67.61,67.61,67.61,67.61,67.61,67.61,67.61,67.61,67.61
Ocean Park,105.9481096,20.9844954,64.99,64.99,64.99,64.99,64.99,64.99,64.99,64.99,64.99,64.99,64.99,64.99,64.99,64.99,64.99,64.99,64.99
Ocean Park,105.9484944,20.9844933,63.39,63.39,63.39,63.39,63.39,63.39,63.39,63.39,63.39,63.39,63.39,63.39,63.39,63.39,63.39,63.39,63.39
Ocean Park,105.9488791,20.9844911,62.24,62.24,62.24,62.24,62.24,62.24,62.24,62.24,62.24,62.24,62.24,62.24,62.24,62.24,62.24,62.24,62.24
Ocean Park,105.9492639,20.984489,61.34,61.34,61.34,61.34,61.34,61.34,61.34,61.34,61.34,61.34,61.34,61.34,61.34,61.34,61.34,61.34,61.34
Ocean Park,105.9496487,20.9844869,60.62,60.62,60.62,60.62,60.62,60.62,60.62,60.62,60.62,60.62,60.62,60.62,60.62,60.62,60.62,60.62,60.62
Ocean Park,105.9500335,20.9844847,60.0,60.0,60.0,60.0,60.0,60.0,60.0,60.0,60.0,60.0,60.0,60.0,60.0,60.0,60.0,60.0,60.0
Ocean Park,105.9504183,20.9844826,59.46,59.46,59.46,59.46,59.46,59.46,59.46,59.46,59.46,59.46,59.46,59.46,59.46,59.46,59.46,59.46,59.46
Ocean Park,105.9508031,20.9844804,61.94,61.94,61.94,61.94,61.94,61.94,61.94,61.94,61.94,61.94,61.94,61.94,61.94,61.94,61.94,61.94,61.94
Ocean Park,105.9511879,20.9844783,68.84,68.84,68.84,68.84,68.84,68.84,68.84,68.84,68.84,68.84,68.84,68.84,68.84,68.84,68.84,68.84,68.84
Ocean Park,105.9515726,20.9844761,61.14,61.14,61.14,61.14,61.14,61.14,61.14,61.14,61.14,61.14,61.14,61.14,61.14,61.14,61.14,61.14,61.14
Ocean Park,105.9519574,20.984474,60.35,60.35,60.35,60.35,60.35,60.35,60.35,60.35,60.35,60.35,60.35,60.35,60.35,60.35,60.35,60.35,60.35
Ocean Park,105.9523422,20.9844718,68.84,68.84,68.84,68.84,68.84,68.84,68.84,68.84,68.84,68.84,68.84,68.84,68.84,68.84,68.84,68.84,68.84
Ocean Park,105.952727,20.9844697,60.66,60.66,60.66,60.66,60.66,60.66,60.66,60.66,60.66,60.66,60.66,60.66,60.66,60.66,60.66,60.66,60.66
Ocean Park,105.9327203,20.9849418,56.27,56.27,56.27,56.27,56.27,56.27,56.27,56.27,56.27,56.27,56.27,56.27,56.27,56.27,56.27,56.27,56.27
Ocean Park,105.9331051,20.9849397,56.11,56.11,56.11,56.11,56.11,56.11,56.11,56.11,56.11,56.11,56.11,56.11,56.11,56.11,56.11,56.11,56.11
Ocean Park,105.9334899,20.9849376,56.2,56.2,56.2,56.2,56.2,56.2,56.2,56.2,56.2,56.2,56.2,56.2,56.2,56.2,56.2,56.2,56.2
Ocean Park,105.9338747,20.9849355,56.3,56.3,56.3,56.3,56.3,56.3,56.3,56.3,56.3,56.3,56.3,56.3,56.3,56.3,56.3,56.3,56.3
Ocean Park,105.9342595,20.9849333,56.96,56.96,56.96,56.96,56.96,56.96,56.96,56.96,56.96,56.96,56.96,56.96,56.96,56.96,56.96,56.96,56.96
Ocean Park,105.9346443,20.9849312,58.66,58.66,58.66,58.66,58.66,58.66,58.66,58.66,58.66,58.66,58.66,58.66,58.66,58.66,58.66,58.66,58.66
Ocean Park,105.9350291,20.9849291,61.74,61.74,61.74,61.74,61.74,61.74,61.74,61.74,61.74,61.74,61.74,61.74,61.74,61.74,61.74,61.74,61.74
Ocean Park,105.9354138,20.984927,68.85,68.85,68.85,68.85,68.85,68.85,68.85,68.85,68.85,68.85,68.85,68.85,68.85,68.85,68.85,68.85,68.85
Ocean Park,105.9357986,20.9849249,60.58,60.58,60.58,60.58,60.58,60.58,60.58,60.58,60.58,60.58,60.58,60.58,60.58,60.58,60.58,60.58,60.58
Ocean Park,105.9361834,20.9849228,62.43,62.43,62.43,62.43,62.43,62.43,62.43,62.43,62.43,62.43,62.43,62.43,62.43,62.43,62.43,62.43,62.43
Ocean Park,105.9365682,20.9849207,68.92,68.92,68.92,68.92,68.92,68.92,68.92,68.92,68.92,68.92,68.92,68.92,68.92,68.92,68.92,68.92,68.92
Ocean Park,105.936953,20.9849185,63.95,63.95,63.95,63.95,63.95,63.95,63.95,63.95,63.95,63.95,63.95,63.95,63.95,63.95,63.95,63.95,63.95
Ocean Park,105.9373378,20.9849164,61.0,61.0,61.0,61.0,61.0,61.0,61.0,61.0,61.0,61.0,61.0,61.0,61.0,61.0,61.0,61.0,61.0
Ocean Park,105.9377226,20.9849143,59.65,59.65,59.65,59.65,59.65,59.65,59.65,59.65,59.65,59.65,59.65,59.65,59.65,59.65,59.65,59.65,59.65
Ocean Park,105.9381074,20.9849122,59.19,59.19,59.19,59.19,59.19,59.19,59.19,59.19,59.19,59.19,59.19,59.19,59.19,59.19,59.19,59.19,59.19
Ocean Park,105.9384922,20.9849101,59.89,59.89,59.89,59.89,59.89,59.89,59.89,59.89,59.89,59.89,59.89,59.89,59.89,59.89,59.89,59.89,59.89
Ocean Park,105.9388769,20.984908,60.19,60.19,60.19,60.19,60.19,60.19,60.19,60.19,60.19,60.19,60.19,60.19,60.19,60.19,60.19,60.19,60.19
Ocean Park,105.9392617,20.9849058,60.03,60.03,60.03,60.03,60.03,60.03,60.03,60.03,60.03,60.03,60.03,60.03,60.03,60.03,60.03,60.03,60.03
Ocean Park,105.9396465,20.9849037,59.79,59.79,59.79,59.79,59.79,59.79,59.79,59.79,59.79,59.79,59.79,59.79,59.79,59.79,59.79,59.79,59.79
Ocean Park,105.9400313,20.9849016,59.68,59.68,59.68,59.68,59.68,59.68,59.68,59.68,59.68,59.68,59.68,59.68,59.68,59.68,59.68,59.68,59.68
Ocean Park,105.9404161,20.9848995,59.99,59.99,59.99,59.99,59.99,59.99,59.99,59.99,59.99,59.99,59.99,59.99,59.99,59.99,59.99,59.99,59.99
Ocean Park,105.9408009,20.9848973,60.77,60.77,60.77,60.77,60.77,60.77,60.77,60.77,60.77,60.77,60.77,60.77,60.77,60.77,60.77,60.77,60.77
Ocean Park,105.9411857,20.9848952,61.85,61.85,61.85,61.85,61.85,61.85,61.85,61.85,61.85,61.85,61.85,61.85,61.85,61.85,61.85,61.85,61.85
Ocean Park,105.9415705,20.9848931,63.74,63.74,63.74,63.74,63.74,63.74,63.74,63.74,63.74,63.74,63.74,63.74,63.74,63.74,63.74,63.74,63.74
Ocean Park,105.9419552,20.984891,70.31,70.31,70.31,70.31,70.31,70.31,70.31,70.31,70.31,70.31,70.31,70.31,70.31,70.31,70.31,70.31,70.31
Ocean Park,105.94234,20.9848888,63.48,63.48,63.48,63.48,63.48,63.48,63.48,63.48,63.48,63.48,63.48,63.48,63.48,63.48,63.48,63.48,63.48
Ocean Park,105.9427248,20.9848867,63.96,63.96,63.96,63.96,63.96,63.96,63.96,63.96,63.96,63.96,63.96,63.96,63.96,63.96,63.96,63.96,63.96
Ocean Park,105.9431096,20.9848846,66.29,66.29,66.29,66.29,66.29,66.29,66.29,66.29,66.29,66.29,66.29,66.29,66.29,66.29,66.29,66.29,66.29
Ocean Park,105.9434944,20.9848824,69.57,69.57,69.57,69.57,69.57,69.57,69.57,69.57,69.57,69.57,69.57,69.57,69.57,69.57,69.57,69.57,69.57
Ocean Park,105.9438792,20.9848803,69.17,69.17,69.17,69.17,69.17,69.17,69.17,69.17,69.17,69.17,69.17,69.17,69.17,69.17,69.17,69.17,69.17
Ocean Park,105.944264,20.9848782,69.05,69.05,69.05,69.05,69.05,69.05,69.05,69.05,69.05,69.05,69.05,69.05,69.05,69.05,69.05,69.05,69.05
Ocean Park,105.9446488,20.984876,68.99,68.99,68.99,68.99,68.99,68.99,68.99,68.99,68.99,68.99,68.99,68.99,68.99,68.99,68.99,68.99,68.99
Ocean Park,105.9450335,20.9848739,68.0,68.0,68.0,68.0,68.0,68.0,68.0,68.0,68.0,68.0,68.0,68.0,68.0,68.0,68.0,68.0,68.0
Ocean Park,105.9454183,20.9848718,65.29,65.29,65.29,65.29,65.29,65.29,65.29,65.29,65.29,65.29,65.29,65.29,65.29,65.29,65.29,65.29,65.29
Ocean Park,105.9458031,20.9848696,63.66,63.66,63.66,63.66,63.66,63.66,63.66,63.66,63.66,63.66,63.66,63.66,63.66,63.66,63.66,63.66,63.66
Ocean Park,105.9461879,20.9848675,62.5,62.5,62.5,62.5,62.5,62.5,62.5,62.5,62.5,62.5,62.5,62.5,62.5,62.5,62.5,62.5,62.5
Ocean Park,105.9465727,20.9848654,61.59,61.59,61.59,61.59,61.59,61.59,61.59,61.59,61.59,61.59,61.59,61.59,61.59,61.59,61.59,61.59,61.59
Ocean Park,105.9469575,20.9848632,60.84,60.84,60.84,60.84,60.84,60.84,60.84,60.84,60.84,60.84,60.84,60.84,60.84,60.84,60.84,60.84,60.84
Ocean Park,105.9473423,20.9848611,60.2,60.2,60.2,60.2,60.2,60.2,60.2,60.2,60.2,60.2,60.2,60.2,60.2,60.2,60.2,60.2,60.2
Ocean Park,105.9477271,20.9848589,59.65,59.65,59.65,59.65,59.65,59.65,59.65,59.65,59.65,59.65,59.65,59.65,59.65,59.65,59.65,59.65,59.65
Ocean Park,105.9481118,20.9848568,59.16,59.16,59.16,59.16,59.16,59.16,59.16,59.16,59.16,59.16,59.16,59.16,59.16,59.16,59.16,59.16,59.16
Ocean Park,105.9484966,20.9848547,58.72,58.72,58.72,58.72,58.72,58.72,58.72,58.72,58.72,58.72,58.72,58.72,58.72,58.72,58.72,58.72,58.72
Ocean Park,105.9488814,20.9848525,58.33,58.33,58.33,58.33,58.33,58.33,58.33,58.33,58.33,58.33,58.33,58.33,58.33,58.33,58.33,58.33,58.33
Ocean Park,105.9492662,20.9848504,57.96,57.96,57.96,57.96,57.96,57.96,57.96,57.96,57.96,57.96,57.96,57.96,57.96,57.96,57.96,57.96,57.96
Ocean Park,105.949651,20.9848482,57.63,57.63,57.63,57.63,57.63,57.63,57.63,57.63,57.63,57.63,57.63,57.63,57.63,57.63,57.63,57.63,57.63
Ocean Park,105.9500358,20.9848461,57.33,57.33,57.33,57.33,57.33,57.33,57.33,57.33,57.33,57.33,57.33,57.33,57.33,57.33,57.33,57.33,57.33
Ocean Park,105.9504206,20.9848439,57.27,57.27,57.27,57.27,57.27,57.27,57.27,57.27,57.27,57.27,57.27,57.27,57.27,57.27,57.27,57.27,57.27
Ocean Park,105.9508054,20.9848418,59.32,59.32,59.32,59.32,59.32,59.32,59.32,59.32,59.32,59.32,59.32,59.32,59.32,59.32,59.32,59.32,59.32
Ocean Park,105.9511901,20.9848396,64.22,64.22,64.22,64.22,64.22,64.22,64.22,64.22,64.22,64.22,64.22,64.22,64.22,64.22,64.22,64.22,64.22
Ocean Park,105.9515749,20.9848375,66.77,66.77,66.77,66.77,66.77,66.77,66.77,66.77,66.77,66.77,66.77,66.77,66.77,66.77,66.77,66.77,66.77
Ocean Park,105.9519597,20.9848353,59.89,59.89,59.89,59.89,59.89,59.89,59.89,59.89,59.89,59.89,59.89,59.89,59.89,59.89,59.89,59.89,59.89
Ocean Park,105.9523445,20.9848332,63.97,63.97,63.97,63.97,63.97,63.97,63.97,63.97,63.97,63.97,63.97,63.97,63.97,63.97,63.97,63.97,63.97
Ocean Park,105.9527293,20.984831,68.83,68.83,68.83,68.83,68.83,68.83,68.83,68.83,68.83,68.83,68.83,68.83,68.83,68.83,68.83,68.83,68.83
Ocean Park,105.9327226,20.9853032,57.59,57.59,57.59,57.59,57.59,57.59,57.59,57.59,57.59,57.59,57.59,57.59,57.59,57.59,57.59,57.59,57.59
Ocean Park,105.9331074,20.985301,57.64,57.64,57.64,57.64,57.64,57.64,57.64,57.64,57.64,57.64,57.64,57.64,57.64,57.64,57.64,57.64,57.64
Ocean Park,105.9334921,20.9852989,57.74,57.74,57.74,57.74,57.74,57.74,57.74,57.74,57.74,57.74,57.74,57.74,57.74,57.74,57.74,57.74,57.74
Ocean Park,105.9338769,20.9852968,57.85,57.85,57.85,57.85,57.85,57.85,57.85,57.85,57.85,57.85,57.85,57.85,57.85,57.85,57.85,57.85,57.85
Ocean Park,105.9342617,20.9852947,57.97,57.97,57.97,57.97,57.97,57.97,57.97,57.97,57.97,57.97,57.97,57.97,57.97,57.97,57.97,57.97,57.97
Ocean Park,105.9346465,20.9852926,58.1,58.1,58.1,58.1,58.1,58.1,58.1,58.1,58.1,58.1,58.1,58.1,58.1,58.1,58.1,58.1,58.1
Ocean Park,105.9350313,20.9852905,59.42,59.42,59.42,59.42,59.42,59.42,59.42,59.42,59.42,59.42,59.42,59.42,59.42,59.42,59.42,59.42,59.42
Ocean Park,105.9354161,20.9852884,63.68,63.68,63.68,63.68,63.68,63.68,63.68,63.68,63.68,63.68,63.68,63.68,63.68,63.68,63.68,63.68,63.68
Ocean Park,105.9358009,20.9852863,64.41,64.41,64.41,64.41,64.41,64.41,64.41,64.41,64.41,64.41,64.41,64.41,64.41,64.41,64.41,64.41,64.41
Ocean Park,105.9361857,20.9852842,66.12,66.12,66.12,66.12,66.12,66.12,66.12,66.12,66.12,66.12,66.12,66.12,66.12,66.12,66.12,66.12,66.12
Ocean Park,105.9365705,20.985282,61.54,61.54,61.54,61.54,61.54,61.54,61.54,61.54,61.54,61.54,61.54,61.54,61.54,61.54,61.54,61.54,61.54
Ocean Park,105.9369553,20.9852799,59.91,59.91,59.91,59.91,59.91,59.91,59.91,59.91,59.91,59.91,59.91,59.91,59.91,59.91,59.91,59.91,59.91
Ocean Park,105.93734,20.9852778,60.26,60.26,60.26,60.26,60.26,60.26,60.26,60.26,60.26,60.26,60.26,60.26,60.26,60.26,60.26,60.26,60.26
Ocean Park,105.9377248,20.9852757,60.02,60.02,60.02,60.02,60.02,60.02,60.02,60.02,60.02,60.02,60.02,60.02,60.02,60.02,60.02,60.02,60.02
Ocean Park,105.9381096,20.9852736,60.74,60.74,60.74,60.74,60.74,60.74,60.74,60.74,60.74,60.74,60.74,60.74,60.74,60.74,60.74,60.74,60.74
Ocean Park,105.9384944,20.9852715,62.27,62.27,62.27,62.27,62.27,62.27,62.27,62.27,62.27,62.27,62.27,62.27,62.27,62.27,62.27,62.27,62.27
Ocean Park,105.9388792,20.9852693,63.05,63.05,63.05,63.05,63.05,63.05,63.05,63.05,63.05,63.05,63.05,63.05,63.05,63.05,63.05,63.05,63.05
Ocean Park,105.939264,20.9852672,62.62,62.62,62.62,62.62,62.62,62.62,62.62,62.62,62.62,62.62,62.62,62.62,62.62,62.62,62.62,62.62,62.62
Ocean Park,105.9396488,20.9852651,62.62,62.62,62.62,62.62,62.62,62.62,62.62,62.62,62.62,62.62,62.62,62.62,62.62,62.62,62.62,62.62,62.62
Ocean Park,105.9400336,20.985263,63.19,63.19,63.19,63.19,63.19,63.19,63.19,63.19,63.19,63.19,63.19,63.19,63.19,63.19,63.19,63.19,63.19
Ocean Park,105.9404184,20.9852608,64.46,64.46,64.46,64.46,64.46,64.46,64.46,64.46,64.46,64.46,64.46,64.46,64.46,64.46,64.46,64.46,64.46
Ocean Park,105.9408031,20.9852587,66.59,66.59,66.59,66.59,66.59,66.59,66.59,66.59,66.59,66.59,66.59,66.59,66.59,66.59,66.59,66.59,66.59
Ocean Park,105.9411879,20.9852566,69.19,69.19,69.19,69.19,69.19,69.19,69.19,69.19,69.19,69.19,69.19,69.19,69.19,69.19,69.19,69.19,69.19
Ocean Park,105.9415727,20.9852545,69.56,69.56,69.56,69.56,69.56,69.56,69.56,69.56,69.56,69.56,69.56,69.56,69.56,69.56,69.56,69.56,69.56
Ocean Park,105.9419575,20.9852523,71.0,71.0,71.0,71.0,71.0,71.0,71.0,71.0,71.0,71.0,71.0,71.0,71.0,71.0,71.0,71.0,71.0
Ocean Park,105.9423423,20.9852502,67.75,67.75,67.75,67.75,67.75,67.75,67.75,67.75,67.75,67.75,67.75,67.75,67.75,67.75,67.75,67.75,67.75
Ocean Park,105.9427271,20.9852481,66.32,66.32,66.32,66.32,66.32,66.32,66.32,66.32,66.32,66.32,66.32,66.32,66.32,66.32,66.32,66.32,66.32
Ocean Park,105.9431119,20.9852459,70.42,70.42,70.42,70.42,70.42,70.42,70.42,70.42,70.42,70.42,70.42,70.42,70.42,70.42,70.42,70.42,70.42
Ocean Park,105.9434967,20.9852438,64.45,64.45,64.45,64.45,64.45,64.45,64.45,64.45,64.45,64.45,64.45,64.45,64.45,64.45,64.45,64.45,64.45
Ocean Park,105.9438815,20.9852417,62.78,62.78,62.78,62.78,62.78,62.78,62.78,62.78,62.78,62.78,62.78,62.78,62.78,62.78,62.78,62.78,62.78
Ocean Park,105.9442662,20.9852396,61.76,61.76,61.76,61.76,61.76,61.76,61.76,61.76,61.76,61.76,61.76,61.76,61.76,61.76,61.76,61.76,61.76
Ocean Park,105.944651,20.9852374,61.0,61.0,61.0,61.0,61.0,61.0,61.0,61.0,61.0,61.0,61.0,61.0,61.0,61.0,61.0,61.0,61.0
Ocean Park,105.9450358,20.9852353,60.34,60.34,60.34,60.34,60.34,60.34,60.34,60.34,60.34,60.34,60.34,60.34,60.34,60.34,60.34,60.34,60.34
Ocean Park,105.9454206,20.9852331,59.76,59.76,59.76,59.76,59.76,59.76,59.76,59.76,59.76,59.76,59.76,59.76,59.76,59.76,59.76,59.76,59.76
Ocean Park,105.9458054,20.985231,59.25,59.25,59.25,59.25,59.25,59.25,59.25,59.25,59.25,59.25,59.25,59.25,59.25,59.25,59.25,59.25,59.25
Ocean Park,105.9461902,20.9852289,58.79,58.79,58.79,58.79,58.79,58.79,58.79,58.79,58.79,58.79,58.79,58.79,58.79,58.79,58.79,58.79,58.79
Ocean Park,105.946575,20.9852267,58.39,58.39,58.39,58.39,58.39,58.39,58.39,58.39,58.39,58.39,58.39,58.39,58.39,58.39,58.39,58.39,58.39
Ocean Park,105.9469598,20.9852246,58.02,58.02,58.02,58.02,58.02,58.02,58.02,58.02,58.02,58.02,58.02,58.02,58.02,58.02,58.02,58.02,58.02
Ocean Park,105.9473445,20.9852225,57.67,57.67,57.67,57.67,57.67,57.67,57.67,57.67,57.67,57.67,57.67,57.67,57.67,57.67,57.67,57.67,57.67
Ocean Park,105.9477293,20.9852203,57.36,57.36,57.36,57.36,57.36,57.36,57.36,57.36,57.36,57.36,57.36,57.36,57.36,57.36,57.36,57.36,57.36
Ocean Park,105.9481141,20.9852182,57.06,57.06,57.06,57.06,57.06,57.06,57.06,57.06,57.06,57.06,57.06,57.06,57.06,57.06,57.06,57.06,57.06
Ocean Park,105.9484989,20.985216,56.79,56.79,56.79,56.79,56.79,56.79,56.79,56.79,56.79,56.79,56.79,56.79,56.79,56.79,56.79,56.79,56.79
Ocean Park,105.9488837,20.9852139,56.53,56.53,56.53,56.53,56.53,56.53,56.53,56.53,56.53,56.53,56.53,56.53,56.53,56.53,56.53,56.53,56.53
Ocean Park,105.9492685,20.9852117,56.29,56.29,56.29,56.29,56.29,56.29,56.29,56.29,56.29,56.29,56.29,56.29,56.29,56.29,56.29,56.29,56.29
Ocean Park,105.9496533,20.9852096,56.06,56.06,56.06,56.06,56.06,56.06,56.06,56.06,56.06,56.06,56.06,56.06,56.06,56.06,56.06,56.06,56.06
Ocean Park,105.9500381,20.9852075,55.9,55.9,55.9,55.9,55.9,55.9,55.9,55.9,55.9,55.9,55.9,55.9,55.9,55.9,55.9,55.9,55.9
Ocean Park,105.9504229,20.9852053,56.57,56.57,56.57,56.57,56.57,56.57,56.57,56.57,56.57,56.57,56.57,56.57,56.57,56.57,56.57,56.57,56.57
Ocean Park,105.9508076,20.9852032,57.79,57.79,57.79,57.79,57.79,57.79,57.79,57.79,57.79,57.79,57.79,57.79,57.79,57.79,57.79,57.79,57.79
Ocean Park,105.9511924,20.985201,60.33,60.33,60.33,60.33,60.33,60.33,60.33,60.33,60.33,60.33,60.33,60.33,60.33,60.33,60.33,60.33,60.33
Ocean Park,105.9515772,20.9851989,68.84,68.84,68.84,68.84,68.84,68.84,68.84,68.84,68.84,68.84,68.84,68.84,68.84,68.84,68.84,68.84,68.84
Ocean Park,105.951962,20.9851967,63.16,63.16,63.16,63.16,63.16,63.16,63.16,63.16,63.16,63.16,63.16,63.16,63.16,63.16,63.16,63.16,63.16
Ocean Park,105.9523468,20.9851946,59.66,59.66,59.66,59.66,59.66,59.66,59.66,59.66,59.66,59.66,59.66,59.66,59.66,59.66,59.66,59.66,59.66
Ocean Park,105.9527316,20.9851924,59.6,59.6,59.6,59.6,59.6,59.6,59.6,59.6,59.6,59.6,59.6,59.6,59.6,59.6,59.6,59.6,59.6
Ocean Park,105.9327248,20.9856645,60.5,60.5,60.5,60.5,60.5,60.5,60.5,60.5,60.5,60.5,60.5,60.5,60.5,60.5,60.5,60.5,60.5
Ocean Park,105.9331096,20.9856624,60.56,60.56,60.56,60.56,60.56,60.56,60.56,60.56,60.56,60.56,60.56,60.56,60.56,60.56,60.56,60.56,60.56
Ocean Park,105.9334944,20.9856603,60.71,60.71,60.71,60.71,60.71,60.71,60.71,60.71,60.71,60.71,60.71,60.71,60.71,60.71,60.71,60.71,60.71
Ocean Park,105.9338792,20.9856582,60.88,60.88,60.88,60.88,60.88,60.88,60.88,60.88,60.88,60.88,60.88,60.88,60.88,60.88,60.88,60.88,60.88
Ocean Park,105.934264,20.9856561,61.06,61.06,61.06,61.06,61.06,61.06,61.06,61.06,61.06,61.06,61.06,61.06,61.06,61.06,61.06,61.06,61.06
Ocean Park,105.9346488,20.985654,61.25,61.25,61.25,61.25,61.25,61.25,61.25,61.25,61.25,61.25,61.25,61.25,61.25,61.25,61.25,61.25,61.25
Ocean Park,105.9350336,20.9856519,61.45,61.45,61.45,61.45,61.45,61.45,61.45,61.45,61.45,61.45,61.45,61.45,61.45,61.45,61.45,61.45,61.45
Ocean Park,105.9354183,20.9856498,63.21,63.21,63.21,63.21,63.21,63.21,63.21,63.21,63.21,63.21,63.21,63.21,63.21,63.21,63.21,63.21,63.21
Ocean Park,105.9358031,20.9856476,65.04,65.04,65.04,65.04,65.04,65.04,65.04,65.04,65.04,65.04,65.04,65.04,65.04,65.04,65.04,65.04,65.04
Ocean Park,105.9361879,20.9856455,62.66,62.66,62.66,62.66,62.66,62.66,62.66,62.66,62.66,62.66,62.66,62.66,62.66,62.66,62.66,62.66,62.66
Ocean Park,105.9365727,20.9856434,63.58,63.58,63.58,63.58,63.58,63.58,63.58,63.58,63.58,63.58,63.58,63.58,63.58,63.58,63.58,63.58,63.58
Ocean Park,105.9369575,20.9856413,64.68,64.68,64.68,64.68,64.68,64.68,64.68,64.68,64.68,64.68,64.68,64.68,64.68,64.68,64.68,64.68,64.68
Ocean Park,105.9373423,20.9856392,66.02,66.02,66.02,66.02,66.02,66.02,66.02,66.02,66.02,66.02,66.02,66.02,66.02,66.02,66.02,66.02,66.02
Ocean Park,105.9377271,20.9856371,62.09,62.09,62.09,62.09,62.09,62.09,62.09,62.09,62.09,62.09,62.09,62.09,62.09,62.09,62.09,62.09,62.09
Ocean Park,105.9381119,20.9856349,62.23,62.23,62.23,62.23,62.23,62.23,62.23,62.23,62.23,62.23,62.23,62.23,62.23,62.23,62.23,62.23,62.23
Ocean Park,105.9384967,20.9856328,67.45,67.45,67.45,67.45,67.45,67.45,67.45,67.45,67.45,67.45,67.45,67.45,67.45,67.45,67.45,67.45,67.45
Ocean Park,105.9388815,20.9856307,70.97,70.97,70.97,70.97,70.97,70.97,70.97,70.97,70.97,70.97,70.97,70.97,70.97,70.97,70.97,70.97,70.97
Ocean Park,105.9392662,20.9856286,69.36,69.36,69.36,69.36,69.36,69.36,69.36,69.36,69.36,69.36,69.36,69.36,69.36,69.36,69.36,69.36,69.36
Ocean Park,105.939651,20.9856265,65.96,65.96,65.96,65.96,65.96,65.96,65.96,65.96,65.96,65.96,65.96,65.96,65.96,65.96,65.96,65.96,65.96
Ocean Park,105.9400358,20.9856243,64.08,64.08,64.08,64.08,64.08,64.08,64.08,64.08,64.08,64.08,64.08,64.08,64.08,64.08,64.08,64.08,64.08
Ocean Park,105.9404206,20.9856222,63.08,63.08,63.08,63.08,63.08,63.08,63.08,63.08,63.08,63.08,63.08,63.08,63.08,63.08,63.08,63.08,63.08
Ocean Park,105.9408054,20.9856201,62.74,62.74,62.74,62.74,62.74,62.74,62.74,62.74,62.74,62.74,62.74,62.74,62.74,62.74,62.74,62.74,62.74
Ocean Park,105.9411902,20.985618,63.23,63.23,63.23,63.23,63.23,63.23,63.23,63.23,63.23,63.23,63.23,63.23,63.23,63.23,63.23,63.23,63.23
Ocean Park,105.941575,20.9856158,66.6,66.6,66.6,66.6,66.6,66.6,66.6,66.6,66.6,66.6,66.6,66.6,66.6,66.6,66.6,66.6,66.6
Ocean Park,105.9419598,20.9856137,65.19,65.19,65.19,65.19,65.19,65.19,65.19,65.19,65.19,65.19,65.19,65.19,65.19,65.19,65.19,65.19,65.19
Ocean Park,105.9423446,20.9856116,62.62,62.62,62.62,62.62,62.62,62.62,62.62,62.62,62.62,62.62,62.62,62.62,62.62,62.62,62.62,62.62,62.62
Ocean Park,105.9427294,20.9856095,70.01,70.01,70.01,70.01,70.01,70.01,70.01,70.01,70.01,70.01,70.01,70.01,70.01,70.01,70.01,70.01,70.01
Ocean Park,105.9431141,20.9856073,63.64,63.64,63.64,63.64,63.64,63.64,63.64,63.64,63.64,63.64,63.64,63.64,63.64,63.64,63.64,63.64,63.64
Ocean Park,105.9434989,20.9856052,61.36,61.36,61.36,61.36,61.36,61.36,61.36,61.36,61.36,61.36,61.36,61.36,61.36,61.36,61.36,61.36,61.36
Ocean Park,105.9438837,20.9856031,60.24,60.24,60.24,60.24,60.24,60.24,60.24,60.24,60.24,60.24,60.24,60.24,60.24,60.24,60.24,60.24,60.24
Ocean Park,105.9442685,20.9856009,59.48,59.48,59.48,59.48,59.48,59.48,59.48,59.48,59.48,59.48,59.48,59.48,59.48,59.48,59.48,59.48,59.48
Ocean Park,105.9446533,20.9855988,58.87,58.87,58.87,58.87,58.87,58.87,58.87,58.87,58.87,58.87,58.87,58.87,58.87,58.87,58.87,58.87,58.87
Ocean Park,105.9450381,20.9855967,58.36,58.36,58.36,58.36,58.36,58.36,58.36,58.36,58.36,58.36,58.36,58.36,58.36,58.36,58.36,58.36,58.36
Ocean Park,105.9454229,20.9855945,57.92,57.92,57.92,57.92,57.92,57.92,57.92,57.92,57.92,57.92,57.92,57.92,57.92,57.92,57.92,57.92,57.92
Ocean Park,105.9458077,20.9855924,57.53,57.53,57.53,57.53,57.53,57.53,57.53,57.53,57.53,57.53,57.53,57.53,57.53,57.53,57.53,57.53,57.53
Ocean Park,105.9461925,20.9855903,57.18,57.18,57.18,57.18,57.18,57.18,57.18,57.18,57.18,57.18,57.18,57.18,57.18,57.18,57.18,57.18,57.18
Ocean Park,105.9465773,20.9855881,56.87,56.87,56.87,56.87,56.87,56.87,56.87,56.87,56.87,56.87,56.87,56.87,56.87,56.87,56.87,56.87,56.87
Ocean Park,105.946962,20.985586,56.58,56.58,56.58,56.58,56.58,56.58,56.58,56.58,56.58,56.58,56.58,56.58,56.58,56.58,56.58,56.58,56.58
Ocean Park,105.9473468,20.9855838,56.31,56.31,56.31,56.31,56.31,56.31,56.31,56.31,56.31,56.31,56.31,56.31,56.31,56.31,56.31,56.31,56.31
Ocean Park,105.9477316,20.9855817,56.06,56.06,56.06,56.06,56.06,56.06,56.06,56.06,56.06,56.06,56.06,56.06,56.06,56.06,56.06,56.06,56.06
Ocean Park,105.9481164,20.9855796,55.83,55.83,55.83,55.83,55.83,55.83,55.83,55.83,55.83,55.83,55.83,55.83,55.83,55.83,55.83,55.83,55.83
Ocean Park,105.9485012,20.9855774,55.61,55.61,55.61,55.61,55.61,55.61,55.61,55.61,55.61,55.61,55.61,55.61,55.61,55.61,55.61,55.61,55.61
Ocean Park,105.948886,20.9855753,55.41,55.41,55.41,55.41,55.41,55.41,55.41,55.41,55.41,55.41,55.41,55.41,55.41,55.41,55.41,55.41,55.41
Ocean Park,105.9492708,20.9855731,55.78,55.78,55.78,55.78,55.78,55.78,55.78,55.78,55.78,55.78,55.78,55.78,55.78,55.78,55.78,55.78,55.78
Ocean Park,105.9496556,20.985571,56.38,56.38,56.38,56.38,56.38,56.38,56.38,56.38,56.38,56.38,56.38,56.38,56.38,56.38,56.38,56.38,56.38
Ocean Park,105.9500404,20.9855688,57.16,57.16,57.16,57.16,57.16,57.16,57.16,57.16,57.16,57.16,57.16,57.16,57.16,57.16,57.16,57.16,57.16
Ocean Park,105.9504251,20.9855667,58.23,58.23,58.23,58.23,58.23,58.23,58.23,58.23,58.23,58.23,58.23,58.23,58.23,58.23,58.23,58.23,58.23
Ocean Park,105.9508099,20.9855645,59.81,59.81,59.81,59.81,59.81,59.81,59.81,59.81,59.81,59.81,59.81,59.81,59.81,59.81,59.81,59.81,59.81
Ocean Park,105.9511947,20.9855624,62.59,62.59,62.59,62.59,62.59,62.59,62.59,62.59,62.59,62.59,62.59,62.59,62.59,62.59,62.59,62.59,62.59
Ocean Park,105.9515795,20.9855602,68.84,68.84,68.84,68.84,68.84,68.84,68.84,68.84,68.84,68.84,68.84,68.84,68.84,68.84,68.84,68.84,68.84
Ocean Park,105.9519643,20.9855581,68.84,68.84,68.84,68.84,68.84,68.84,68.84,68.84,68.84,68.84,68.84,68.84,68.84,68.84,68.84,68.84,68.84
Ocean Park,105.9523491,20.9855559,61.26,61.26,61.26,61.26,61.26,61.26,61.26,61.26,61.26,61.26,61.26,61.26,61.26,61.26,61.26,61.26,61.26
Ocean Park,105.9527339,20.9855538,58.16,58.16,58.16,58.16,58.16,58.16,58.16,58.16,58.16,58.16,58.16,58.16,58.16,58.16,58.16,58.16,58.16
Ocean Park,105.9327271,20.9860259,68.85,68.85,68.85,68.85,68.85,68.85,68.85,68.85,68.85,68.85,68.85,68.85,68.85,68.85,68.85,68.85,68.85
Ocean Park,105.9331118,20.9860238,68.85,68.85,68.85,68.85,68.85,68.85,68.85,68.85,68.85,68.85,68.85,68.85,68.85,68.85,68.85,68.85,68.85
Ocean Park,105.9334966,20.9860217,68.75,68.75,68.75,68.75,68.75,68.75,68.75,68.75,68.75,68.75,68.75,68.75,68.75,68.75,68.75,68.75,68.75
Ocean Park,105.9338814,20.9860196,67.81,67.81,67.81,67.81,67.81,67.81,67.81,67.81,67.81,67.81,67.81,67.81,67.81,67.81,67.81,67.81,67.81
Ocean Park,105.9342662,20.9860175,67.05,67.05,67.05,67.05,67.05,67.05,67.05,67.05,67.05,67.05,67.05,67.05,67.05,67.05,67.05,67.05,67.05
Ocean Park,105.934651,20.9860154,66.41,66.41,66.41,66.41,66.41,66.41,66.41,66.41,66.41,66.41,66.41,66.41,66.41,66.41,66.41,66.41,66.41
Ocean Park,105.9350358,20.9860133,65.87,65.87,65.87,65.87,65.87,65.87,65.87,65.87,65.87,65.87,65.87,65.87,65.87,65.87,65.87,65.87,65.87
Ocean Park,105.9354206,20.9860111,65.34,65.34,65.34,65.34,65.34,65.34,65.34,65.34,65.34,65.34,65.34,65.34,65.34,65.34,65.34,65.34,65.34
Ocean Park,105.9358054,20.986009,64.62,64.62,64.62,64.62,64.62,64.62,64.62,64.62,64.62,64.62,64.62,64.62,64.62,64.62,64.62,64.62,64.62
Ocean Park,105.9361902,20.9860069,66.84,66.84,66.84,66.84,66.84,66.84,66.84,66.84,66.84,66.84,66.84,66.84,66.84,66.84,66.84,66.84,66.84
Ocean Park,105.936575,20.9860048,62.96,62.96,62.96,62.96,62.96,62.96,62.96,62.96,62.96,62.96,62.96,62.96,62.96,62.96,62.96,62.96,62.96
Ocean Park,105.9369598,20.9860027,62.38,62.38,62.38,62.38,62.38,62.38,62.38,62.38,62.38,62.38,62.38,62.38,62.38,62.38,62.38,62.38,62.38
Ocean Park,105.9373446,20.9860006,63.98,63.98,63.98,63.98,63.98,63.98,63.98,63.98,63.98,63.98,63.98,63.98,63.98,63.98,63.98,63.98,63.98
Ocean Park,105.9377293,20.9859984,63.3,63.3,63.3,63.3,63.3,63.3,63.3,63.3,63.3,63.3,63.3,63.3,63.3,63.3,63.3,63.3,63.3
Ocean Park,105.9381141,20.9859963,63.11,63.11,63.11,63.11,63.11,63.11,63.11,63.11,63.11,63.11,63.11,63.11,63.11,63.11,63.11,63.11,63.11
Ocean Park,105.9384989,20.9859942,68.43,68.43,68.43,68.43,68.43,68.43,68.43,68.43,68.43,68.43,68.43,68.43,68.43,68.43,68.43,68.43,68.43
Ocean Park,105.9388837,20.9859921,69.94,69.94,69.94,69.94,69.94,69.94,69.94,69.94,69.94,69.94,69.94,69.94,69.94,69.94,69.94,69.94,69.94
Ocean Park,105.9392685,20.98599,63.74,63.74,63.74,63.74,63.74,63.74,63.74,63.74,63.74,63.74,63.74,63.74,63.74,63.74,63.74,63.74,63.74
Ocean Park,105.9396533,20.9859878,61.59,61.59,61.59,61.59,61.59,61.59,61.59,61.59,61.59,61.59,61.59,61.59,61.59,61.59,61.59,61.59,61.59
Ocean Park,105.9400381,20.9859857,60.48,60.48,60.48,60.48,60.48,60.48,60.48,60.48,60.48,60.48,60.48,60.48,60.48,60.48,60.48,60.48,60.48
Ocean Park,105.9404229,20.9859836,60.66,60.66,60.66,60.66,60.66,60.66,60.66,60.66,60.66,60.66,60.66,60.66,60.66,60.66,60.66,60.66,60.66
Ocean Park,105.9408077,20.9859815,61.63,61.63,61.63,61.63,61.63,61.63,61.63,61.63,61.63,61.63,61.63,61.63,61.63,61.63,61.63,61.63,61.63
Ocean Park,105.9411925,20.9859793,64.49,64.49,64.49,64.49,64.49,64.49,64.49,64.49,64.49,64.49,64.49,64.49,64.49,64.49,64.49,64.49,64.49
Ocean Park,105.9415773,20.9859772,66.74,66.74,66.74,66.74,66.74,66.74,66.74,66.74,66.74,66.74,66.74,66.74,66.74,66.74,66.74,66.74,66.74
Ocean Park,105.941962,20.9859751,61.86,61.86,61.86,61.86,61.86,61.86,61.86,61.86,61.86,61.86,61.86,61.86,61.86,61.86,61.86,61.86,61.86
Ocean Park,105.9423468,20.985973,65.71,65.71,65.71,65.71,65.71,65.71,65.71,65.71,65.71,65.71,65.71,65.71,65.71,65.71,65.71,65.71,65.71
Ocean Park,105.9427316,20.9859708,64.73,64.73,64.73,64.73,64.73,64.73,64.73,64.73,64.73,64.73,64.73,64.73,64.73,64.73,64.73,64.73,64.73
Ocean Park,105.9431164,20.9859687,61.62,61.62,61.62,61.62,61.62,61.62,61.62,61.62,61.62,61.62,61.62,61.62,61.62,61.62,61.62,61.62,61.62
Ocean Park,105.9435012,20.9859666,60.89,60.89,60.89,60.89,60.89,60.89,60.89,60.89,60.89,60.89,60.89,60.89,60.89,60.89,60.89,60.89,60.89
Ocean Park,105.943886,20.9859644,60.18,60.18,60.18,60.18,60.18,60.18,60.18,60.18,60.18,60.18,60.18,60.18,60.18,60.18,60.18,60.18,60.18
Ocean Park,105.9442708,20.9859623,59.01,59.01,59.01,59.01,59.01,59.01,59.01,59.01,59.01,59.01,59.01,59.01,59.01,59.01,59.01,59.01,59.01
Ocean Park,105.9446556,20.9859602,57.84,57.84,57.84,57.84,57.84,57.84,57.84,57.84,57.84,57.84,57.84,57.84,57.84,57.84,57.84,57.84,57.84
Ocean Park,105.9450404,20.985958,57.22,57.22,57.22,57.22,57.22,57.22,57.22,57.22,57.22,57.22,57.22,57.22,57.22,57.22,57.22,57.22,57.22
Ocean Park,105.9454252,20.9859559,56.83,56.83,56.83,56.83,56.83,56.83,56.83,56.83,56.83,56.83,56.83,56.83,56.83,56.83,56.83,56.83,56.83
Ocean Park,105.9458099,20.9859538,56.48,56.48,56.48,56.48,56.48,56.48,56.48,56.48,56.48,56.48,56.48,56.48,56.48,56.48,56.48,56.48,56.48
Ocean Park,105.9461947,20.9859516,56.17,56.17,56.17,56.17,56.17,56.17,56.17,56.17,56.17,56.17,56.17,56.17,56.17,56.17,56.17,56.17,56.17
Ocean Park,105.9465795,20.9859495,55.89,55.89,55.89,55.89,55.89,55.89,55.89,55.89,55.89,55.89,55.89,55.89,55.89,55.89,55.89,55.89,55.89
Ocean Park,105.9469643,20.9859474,55.64,55.64,55.64,55.64,55.64,55.64,55.64,55.64,55.64,55.64,55.64,55.64,55.64,55.64,55.64,55.64,55.64
Ocean Park,105.9473491,20.9859452,55.4,55.4,55.4,55.4,55.4,55.4,55.4,55.4,55.4,55.4,55.4,55.4,55.4,55.4,55.4,55.4,55.4
Ocean Park,105.9477339,20.9859431,55.18,55.18,55.18,55.18,55.18,55.18,55.18,55.18,55.18,55.18,55.18,55.18,55.18,55.18,55.18,55.18,55.18
Ocean Park,105.9481187,20.9859409,55.06,55.06,55.06,55.06,55.06,55.06,55.06,55.06,55.06,55.06,55.06,55.06,55.06,55.06,55.06,55.06,55.06
Ocean Park,105.9485035,20.9859388,55.6,55.6,55.6,55.6,55.6,55.6,55.6,55.6,55.6,55.6,55.6,55.6,55.6,55.6,55.6,55.6,55.6
Ocean Park,105.9488883,20.9859366,56.2,56.2,56.2,56.2,56.2,56.2,56.2,56.2,56.2,56.2,56.2,56.2,56.2,56.2,56.2,56.2,56.2
Ocean Park,105.9492731,20.9859345,56.91,56.91,56.91,56.91,56.91,56.91,56.91,56.91,56.91,56.91,56.91,56.91,56.91,56.91,56.91,56.91,56.91
Ocean Park,105.9496578,20.9859324,57.85,57.85,57.85,57.85,57.85,57.85,57.85,57.85,57.85,57.85,57.85,57.85,57.85,57.85,57.85,57.85,57.85
Ocean Park,105.9500426,20.9859302,59.19,59.19,59.19,59.19,59.19,59.19,59.19,59.19,59.19,59.19,59.19,59.19,59.19,59.19,59.19,59.19,59.19
Ocean Park,105.9504274,20.9859281,61.38,61.38,61.38,61.38,61.38,61.38,61.38,61.38,61.38,61.38,61.38,61.38,61.38,61.38,61.38,61.38,61.38
Ocean Park,105.9508122,20.9859259,66.71,66.71,66.71,66.71,66.71,66.71,66.71,66.71,66.71,66.71,66.71,66.71,66.71,66.71,66.71,66.71,66.71
Ocean Park,105.951197,20.9859238,64.89,64.89,64.89,64.89,64.89,64.89,64.89,64.89,64.89,64.89,64.89,64.89,64.89,64.89,64.89,64.89,64.89
Ocean Park,105.9515818,20.9859216,60.77,60.77,60.77,60.77,60.77,60.77,60.77,60.77,60.77,60.77,60.77,60.77,60.77,60.77,60.77,60.77,60.77
Ocean Park,105.9519666,20.9859195,63.8,63.8,63.8,63.8,63.8,63.8,63.8,63.8,63.8,63.8,63.8,63.8,63.8,63.8,63.8,63.8,63.8
Ocean Park,105.9523514,20.9859173,67.3,67.3,67.3,67.3,67.3,67.3,67.3,67.3,67.3,67.3,67.3,67.3,67.3,67.3,67.3,67.3,67.3
Ocean Park,105.9527362,20.9859152,59.96,59.96,59.96,59.96,59.96,59.96,59.96,59.96,59.96,59.96,59.96,59.96,59.96,59.96,59.96,59.96,59.96
Ocean Park,105.9327293,20.9863873,60.47,60.47,60.47,60.47,60.47,60.47,60.47,60.47,60.47,60.47,60.47,60.47,60.47,60.47,60.47,60.47,60.47
Ocean Park,105.9331141,20.9863852,60.6,60.6,60.6,60.6,60.6,60.6,60.6,60.6,60.6,60.6,60.6,60.6,60.6,60.6,60.6,60.6,60.6
Ocean Park,105.9334989,20.9863831,60.74,60.74,60.74,60.74,60.74,60.74,60.74,60.74,60.74,60.74,60.74,60.74,60.74,60.74,60.74,60.74,60.74
Ocean Park,105.9338837,20.986381,61.99,61.99,61.99,61.99,61.99,61.99,61.99,61.99,61.99,61.99,61.99,61.99,61.99,61.99,61.99,61.99,61.99
Ocean Park,105.9342685,20.9863789,64.36,64.36,64.36,64.36,64.36,64.36,64.36,64.36,64.36,64.36,64.36,64.36,64.36,64.36,64.36,64.36,64.36
Ocean Park,105.9346533,20.9863767,59.83,59.83,59.83,59.83,59.83,59.83,59.83,59.83,59.83,59.83,59.83,59.83,59.83,59.83,59.83,59.83,59.83
Ocean Park,105.9350381,20.9863746,59.43,59.43,59.43,59.43,59.43,59.43,59.43,59.43,59.43,59.43,59.43,59.43,59.43,59.43,59.43,59.43,59.43
Ocean Park,105.9354228,20.9863725,59.4,59.4,59.4,59.4,59.4,59.4,59.4,59.4,59.4,59.4,59.4,59.4,59.4,59.4,59.4,59.4,59.4
Ocean Park,105.9358076,20.9863704,59.75,59.75,59.75,59.75,59.75,59.75,59.75,59.75,59.75,59.75,59.75,59.75,59.75,59.75,59.75,59.75,59.75
Ocean Park,105.9361924,20.9863683,67.0,67.0,67.0,67.0,67.0,67.0,67.0,67.0,67.0,67.0,67.0,67.0,67.0,67.0,67.0,67.0,67.0
Ocean Park,105.9365772,20.9863662,61.39,61.39,61.39,61.39,61.39,61.39,61.39,61.39,61.39,61.39,61.39,61.39,61.39,61.39,61.39,61.39,61.39
Ocean Park,105.936962,20.9863641,61.18,61.18,61.18,61.18,61.18,61.18,61.18,61.18,61.18,61.18,61.18,61.18,61.18,61.18,61.18,61.18,61.18
Ocean Park,105.9373468,20.9863619,68.97,68.97,68.97,68.97,68.97,68.97,68.97,68.97,68.97,68.97,68.97,68.97,68.97,68.97,68.97,68.97,68.97
Ocean Park,105.9377316,20.9863598,61.92,61.92,61.92,61.92,61.92,61.92,61.92,61.92,61.92,61.92,61.92,61.92,61.92,61.92,61.92,61.92,61.92
Ocean Park,105.9381164,20.9863577,69.09,69.09,69.09,69.09,69.09,69.09,69.09,69.09,69.09,69.09,69.09,69.09,69.09,69.09,69.09,69.09,69.09
Ocean Park,105.9385012,20.9863556,63.19,63.19,63.19,63.19,63.19,63.19,63.19,63.19,63.19,63.19,63.19,63.19,63.19,63.19,63.19,63.19,63.19
Ocean Park,105.938886,20.9863535,64.71,64.71,64.71,64.71,64.71,64.71,64.71,64.71,64.71,64.71,64.71,64.71,64.71,64.71,64.71,64.71,64.71
Ocean Park,105.9392708,20.9863513,65.23,65.23,65.23,65.23,65.23,65.23,65.23,65.23,65.23,65.23,65.23,65.23,65.23,65.23,65.23,65.23,65.23
Ocean Park,105.9396556,20.9863492,61.18,61.18,61.18,61.18,61.18,61.18,61.18,61.18,61.18,61.18,61.18,61.18,61.18,61.18,61.18,61.18,61.18
Ocean Park,105.9400404,20.9863471,59.64,59.64,59.64,59.64,59.64,59.64,59.64,59.64,59.64,59.64,59.64,59.64,59.64,59.64,59.64,59.64,59.64
Ocean Park,105.9404251,20.986345,60.68,60.68,60.68,60.68,60.68,60.68,60.68,60.68,60.68,60.68,60.68,60.68,60.68,60.68,60.68,60.68,60.68
Ocean Park,105.9408099,20.9863428,63.08,63.08,63.08,63.08,63.08,63.08,63.08,63.08,63.08,63.08,63.08,63.08,63.08,63.08,63.08,63.08,63.08
Ocean Park,105.9411947,20.9863407,69.95,69.95,69.95,69.95,69.95,69.95,69.95,69.95,69.95,69.95,69.95,69.95,69.95,69.95,69.95,69.95,69.95
Ocean Park,105.9415795,20.9863386,62.2,62.2,62.2,62.2,62.2,62.2,62.2,62.2,62.2,62.2,62.2,62.2,62.2,62.2,62.2,62.2,62.2
Ocean Park,105.9419643,20.9863365,63.61,63.61,63.61,63.61,63.61,63.61,63.61,63.61,63.61,63.61,63.61,63.61,63.61,63.61,63.61,63.61,63.61
Ocean Park,105.9423491,20.9863343,67.59,67.59,67.59,67.59,67.59,67.59,67.59,67.59,67.59,67.59,67.59,67.59,67.59,67.59,67.59,67.59,67.59
Ocean Park,105.9427339,20.9863322,62.17,62.17,62.17,62.17,62.17,62.17,62.17,62.17,62.17,62.17,62.17,62.17,62.17,62.17,62.17,62.17,62.17
Ocean Park,105.9431187,20.9863301,61.71,61.71,61.71,61.71,61.71,61.71,61.71,61.71,61.71,61.71,61.71,61.71,61.71,61.71,61.71,61.71,61.71
Ocean Park,105.9435035,20.9863279,63.86,63.86,63.86,63.86,63.86,63.86,63.86,63.86,63.86,63.86,63.86,63.86,63.86,63.86,63.86,63.86,63.86
Ocean Park,105.9438883,20.9863258,62.88,62.88,62.88,62.88,62.88,62.88,62.88,62.88,62.88,62.88,62.88,62.88,62.88,62.88,62.88,62.88,62.88
Ocean Park,105.9442731,20.9863237,59.81,59.81,59.81,59.81,59.81,59.81,59.81,59.81,59.81,59.81,59.81,59.81,59.81,59.81,59.81,59.81,59.81
Ocean Park,105.9446578,20.9863216,58.06,58.06,58.06,58.06,58.06,58.06,58.06,58.06,58.06,58.06,58.06,58.06,58.06,58.06,58.06,58.06,58.06
Ocean Park,105.9450426,20.9863194,56.89,56.89,56.89,56.89,56.89,56.89,56.89,56.89,56.89,56.89,56.89,56.89,56.89,56.89,56.89,56.89,56.89
Ocean Park,105.9454274,20.9863173,56.03,56.03,56.03,56.03,56.03,56.03,56.03,56.03,56.03,56.03,56.03,56.03,56.03,56.03,56.03,56.03,56.03
Ocean Park,105.9458122,20.9863151,55.72,55.72,55.72,55.72,55.72,55.72,55.72,55.72,55.72,55.72,55.72,55.72,55.72,55.72,55.72,55.72,55.72
Ocean Park,105.946197,20.986313,55.44,55.44,55.44,55.44,55.44,55.44,55.44,55.44,55.44,55.44,55.44,55.44,55.44,55.44,55.44,55.44,55.44
Ocean Park,105.9465818,20.9863109,55.18,55.18,55.18,55.18,55.18,55.18,55.18,55.18,55.18,55.18,55.18,55.18,55.18,55.18,55.18,55.18,55.18
Ocean Park,105.9469666,20.9863087,54.94,54.94,54.94,54.94,54.94,54.94,54.94,54.94,54.94,54.94,54.94,54.94,54.94,54.94,54.94,54.94,54.94
Ocean Park,105.9473514,20.9863066,54.73,54.73,54.73,54.73,54.73,54.73,54.73,54.73,54.73,54.73,54.73,54.73,54.73,54.73,54.73,54.73,54.73
Ocean Park,105.9477362,20.9863045,54.91,54.91,54.91,54.91,54.91,54.91,54.91,54.91,54.91,54.91,54.91,54.91,54.91,54.91,54.91,54.91,54.91
Ocean Park,105.948121,20.9863023,55.5,55.5,55.5,55.5,55.5,55.5,55.5,55.5,55.5,55.5,55.5,55.5,55.5,55.5,55.5,55.5,55.5
Ocean Park,105.9485058,20.9863002,56.32,56.32,56.32,56.32,56.32,56.32,56.32,56.32,56.32,56.32,56.32,56.32,56.32,56.32,56.32,56.32,56.32
Ocean Park,105.9488905,20.986298,57.42,57.42,57.42,57.42,57.42,57.42,57.42,57.42,57.42,57.42,57.42,57.42,57.42,57.42,57.42,57.42,57.42
Ocean Park,105.9492753,20.9862959,58.69,58.69,58.69,58.69,58.69,58.69,58.69,58.69,58.69,58.69,58.69,58.69,58.69,58.69,58.69,58.69,58.69
Ocean Park,105.9496601,20.9862937,60.48,60.48,60.48,60.48,60.48,60.48,60.48,60.48,60.48,60.48,60.48,60.48,60.48,60.48,60.48,60.48,60.48
Ocean Park,105.9500449,20.9862916,63.99,63.99,63.99,63.99,63.99,63.99,63.99,63.99,63.99,63.99,63.99,63.99,63.99,63.99,63.99,63.99,63.99
Ocean Park,105.9504297,20.9862894,68.67,68.67,68.67,68.67,68.67,68.67,68.67,68.67,68.67,68.67,68.67,68.67,68.67,68.67,68.67,68.67,68.67
Ocean Park,105.9508145,20.9862873,61.83,61.83,61.83,61.83,61.83,61.83,61.83,61.83,61.83,61.83,61.83,61.83,61.83,61.83,61.83,61.83,61.83
Ocean Park,105.9511993,20.9862851,59.39,59.39,59.39,59.39,59.39,59.39,59.39,59.39,59.39,59.39,59.39,59.39,59.39,59.39,59.39,59.39,59.39
Ocean Park,105.9515841,20.986283,57.9,57.9,57.9,57.9,57.9,57.9,57.9,57.9,57.9,57.9,57.9,57.9,57.9,57.9,57.9,57.9,57.9
Ocean Park,105.9519689,20.9862808,60.13,60.13,60.13,60.13,60.13,60.13,60.13,60.13,60.13,60.13,60.13,60.13,60.13,60.13,60.13,60.13,60.13
Ocean Park,105.9523537,20.9862787,68.19,68.19,68.19,68.19,68.19,68.19,68.19,68.19,68.19,68.19,68.19,68.19,68.19,68.19,68.19,68.19,68.19
Ocean Park,105.9527385,20.9862765,63.38,63.38,63.38,63.38,63.38,63.38,63.38,63.38,63.38,63.38,63.38,63.38,63.38,63.38,63.38,63.38,63.38
Ocean Park,105.9327315,20.9867487,68.85,68.85,68.85,68.85,68.85,68.85,68.85,68.85,68.85,68.85,68.85,68.85,68.85,68.85,68.85,68.85,68.85
Ocean Park,105.9331163,20.9867466,68.85,68.85,68.85,68.85,68.85,68.85,68.85,68.85,68.85,68.85,68.85,68.85,68.85,68.85,68.85,68.85,68.85
Ocean Park,105.9335011,20.9867445,68.49,68.49,68.49,68.49,68.49,68.49,68.49,68.49,68.49,68.49,68.49,68.49,68.49,68.49,68.49,68.49,68.49
Ocean Park,105.9338859,20.9867423,67.77,67.77,67.77,67.77,67.77,67.77,67.77,67.77,67.77,67.77,67.77,67.77,67.77,67.77,67.77,67.77,67.77
Ocean Park,105.9342707,20.9867402,67.16,67.16,67.16,67.16,67.16,67.16,67.16,67.16,67.16,67.16,67.16,67.16,67.16,67.16,67.16,67.16,67.16
Ocean Park,105.9346555,20.9867381,62.15,62.15,62.15,62.15,62.15,62.15,62.15,62.15,62.15,62.15,62.15,62.15,62.15,62.15,62.15,62.15,62.15
Ocean Park,105.9350403,20.986736,58.68,58.68,58.68,58.68,58.68,58.68,58.68,58.68,58.68,58.68,58.68,58.68,58.68,58.68,58.68,58.68,58.68
Ocean Park,105.9354251,20.9867339,57.73,57.73,57.73,57.73,57.73,57.73,57.73,57.73,57.73,57.73,57.73,57.73,57.73,57.73,57.73,57.73,57.73
Ocean Park,105.9358099,20.9867318,60.16,60.16,60.16,60.16,60.16,60.16,60.16,60.16,60.16,60.16,60.16,60.16,60.16,60.16,60.16,60.16,60.16
Ocean Park,105.9361947,20.9867297,68.9,68.9,68.9,68.9,68.9,68.9,68.9,68.9,68.9,68.9,68.9,68.9,68.9,68.9,68.9,68.9,68.9
Ocean Park,105.9365795,20.9867276,60.98,60.98,60.98,60.98,60.98,60.98,60.98,60.98,60.98,60.98,60.98,60.98,60.98,60.98,60.98,60.98,60.98
Ocean Park,105.9369643,20.9867254,64.46,64.46,64.46,64.46,64.46,64.46,64.46,64.46,64.46,64.46,64.46,64.46,64.46,64.46,64.46,64.46,64.46
Ocean Park,105.9373491,20.9867233,63.36,63.36,63.36,63.36,63.36,63.36,63.36,63.36,63.36,63.36,63.36,63.36,63.36,63.36,63.36,63.36,63.36
Ocean Park,105.9377339,20.9867212,64.92,64.92,64.92,64.92,64.92,64.92,64.92,64.92,64.92,64.92,64.92,64.92,64.92,64.92,64.92,64.92,64.92
Ocean Park,105.9381186,20.9867191,63.32,63.32,63.32,63.32,63.32,63.32,63.32,63.32,63.32,63.32,63.32,63.32,63.32,63.32,63.32,63.32,63.32
Ocean Park,105.9385034,20.986717,61.22,61.22,61.22,61.22,61.22,61.22,61.22,61.22,61.22,61.22,61.22,61.22,61.22,61.22,61.22,61.22,61.22
Ocean Park,105.9388882,20.9867148,62.5,62.5,62.5,62.5,62.5,62.5,62.5,62.5,62.5,62.5,62.5,62.5,62.5,62.5,62.5,62.5,62.5
Ocean Park,105.939273,20.9867127,69.94,69.94,69.94,69.94,69.94,69.94,69.94,69.94,69.94,69.94,69.94,69.94,69.94,69.94,69.94,69.94,69.94
Ocean Park,105.9396578,20.9867106,61.83,61.83,61.83,61.83,61.83,61.83,61.83,61.83,61.83,61.83,61.83,61.83,61.83,61.83,61.83,61.83,61.83
Ocean Park,105.9400426,20.9867085,60.03,60.03,60.03,60.03,60.03,60.03,60.03,60.03,60.03,60.03,60.03,60.03,60.03,60.03,60.03,60.03,60.03
Ocean Park,105.9404274,20.9867064,62.17,62.17,62.17,62.17,62.17,62.17,62.17,62.17,62.17,62.17,62.17,62.17,62.17,62.17,62.17,62.17,62.17
Ocean Park,105.9408122,20.9867042,69.91,69.91,69.91,69.91,69.91,69.91,69.91,69.91,69.91,69.91,69.91,69.91,69.91,69.91,69.91,69.91,69.91
Ocean Park,105.941197,20.9867021,67.38,67.38,67.38,67.38,67.38,67.38,67.38,67.38,67.38,67.38,67.38,67.38,67.38,67.38,67.38,67.38,67.38
Ocean Park,105.9415818,20.9867,63.44,63.44,63.44,63.44,63.44,63.44,63.44,63.44,63.44,63.44,63.44,63.44,63.44,63.44,63.44,63.44,63.44
Ocean Park,105.9419666,20.9866978,69.95,69.95,69.95,69.95,69.95,69.95,69.95,69.95,69.95,69.95,69.95,69.95,69.95,69.95,69.95,69.95,69.95
Ocean Park,105.9423514,20.9866957,62.93,62.93,62.93,62.93,62.93,62.93,62.93,62.93,62.93,62.93,62.93,62.93,62.93,62.93,62.93,62.93,62.93
Ocean Park,105.9427362,20.9866936,61.72,61.72,61.72,61.72,61.72,61.72,61.72,61.72,61.72,61.72,61.72,61.72,61.72,61.72,61.72,61.72,61.72
Ocean Park,105.943121,20.9866915,63.8,63.8,63.8,63.8,63.8,63.8,63.8,63.8,63.8,63.8,63.8,63.8,63.8,63.8,63.8,63.8,63.8
Ocean Park,105.9435057,20.9866893,65.83,65.83,65.83,65.83,65.83,65.83,65.83,65.83,65.83,65.83,65.83,65.83,65.83,65.83,65.83,65.83,65.83
Ocean Park,105.9438905,20.9866872,65.94,65.94,65.94,65.94,65.94,65.94,65.94,65.94,65.94,65.94,65.94,65.94,65.94,65.94,65.94,65.94,65.94
Ocean Park,105.9442753,20.9866851,60.05,60.05,60.05,60.05,60.05,60.05,60.05,60.05,60.05,60.05,60.05,60.05,60.05,60.05,60.05,60.05,60.05
Ocean Park,105.9446601,20.9866829,58.03,58.03,58.03,58.03,58.03,58.03,58.03,58.03,58.03,58.03,58.03,58.03,58.03,58.03,58.03,58.03,58.03
Ocean Park,105.9450449,20.9866808,56.79,56.79,56.79,56.79,56.79,56.79,56.79,56.79,56.79,56.79,56.79,56.79,56.79,56.79,56.79,56.79,56.79
Ocean Park,105.9454297,20.9866787,55.89,55.89,55.89,55.89,55.89,55.89,55.89,55.89,55.89,55.89,55.89,55.89,55.89,55.89,55.89,55.89,55.89
Ocean Park,105.9458145,20.9866765,55.17,55.17,55.17,55.17,55.17,55.17,55.17,55.17,55.17,55.17,55.17,55.17,55.17,55.17,55.17,55.17,55.17
Ocean Park,105.9461993,20.9866744,54.84,54.84,54.84,54.84,54.84,54.84,54.84,54.84,54.84,54.84,54.84,54.84,54.84,54.84,54.84,54.84,54.84
Ocean Park,105.9465841,20.9866722,54.61,54.61,54.61,54.61,54.61,54.61,54.61,54.61,54.61,54.61,54.61,54.61,54.61,54.61,54.61,54.61,54.61
Ocean Park,105.9469689,20.9866701,54.39,54.39,54.39,54.39,54.39,54.39,54.39,54.39,54.39,54.39,54.39,54.39,54.39,54.39,54.39,54.39,54.39
Ocean Park,105.9473537,20.986668,54.63,54.63,54.63,54.63,54.63,54.63,54.63,54.63,54.63,54.63,54.63,54.63,54.63,54.63,54.63,54.63,54.63
Ocean Park,105.9477385,20.9866658,55.14,55.14,55.14,55.14,55.14,55.14,55.14,55.14,55.14,55.14,55.14,55.14,55.14,55.14,55.14,55.14,55.14
Ocean Park,105.9481232,20.9866637,55.9,55.9,55.9,55.9,55.9,55.9,55.9,55.9,55.9,55.9,55.9,55.9,55.9,55.9,55.9,55.9,55.9
Ocean Park,105.948508,20.9866615,57.05,57.05,57.05,57.05,57.05,57.05,57.05,57.05,57.05,57.05,57.05,57.05,57.05,57.05,57.05,57.05,57.05
Ocean Park,105.9488928,20.9866594,58.86,58.86,58.86,58.86,58.86,58.86,58.86,58.86,58.86,58.86,58.86,58.86,58.86,58.86,58.86,58.86,58.86
Ocean Park,105.9492776,20.9866573,62.14,62.14,62.14,62.14,62.14,62.14,62.14,62.14,62.14,62.14,62.14,62.14,62.14,62.14,62.14,62.14,62.14
Ocean Park,105.9496624,20.9866551,68.85,68.85,68.85,68.85,68.85,68.85,68.85,68.85,68.85,68.85,68.85,68.85,68.85,68.85,68.85,68.85,68.85
Ocean Park,105.9500472,20.986653,63.23,63.23,63.23,63.23,63.23,63.23,63.23,63.23,63.23,63.23,63.23,63.23,63.23,63.23,63.23,63.23,63.23
Ocean Park,105.950432,20.9866508,60.11,60.11,60.11,60.11,60.11,60.11,60.11,60.11,60.11,60.11,60.11,60.11,60.11,60.11,60.11,60.11,60.11
Ocean Park,105.9508168,20.9866487,58.39,58.39,58.39,58.39,58.39,58.39,58.39,58.39,58.39,58.39,58.39,58.39,58.39,58.39,58.39,58.39,58.39
Ocean Park,105.9512016,20.9866465,57.21,57.21,57.21,57.21,57.21,57.21,57.21,57.21,57.21,57.21,57.21,57.21,57.21,57.21,57.21,57.21,57.21
Ocean Park,105.9515864,20.9866444,56.59,56.59,56.59,56.59,56.59,56.59,56.59,56.59,56.59,56.59,56.59,56.59,56.59,56.59,56.59,56.59,56.59
Ocean Park,105.9519712,20.9866422,58.26,58.26,58.26,58.26,58.26,58.26,58.26,58.26,58.26,58.26,58.26,58.26,58.26,58.26,58.26,58.26,58.26
Ocean Park,105.952356,20.9866401,61.42,61.42,61.42,61.42,61.42,61.42,61.42,61.42,61.42,61.42,61.42,61.42,61.42,61.42,61.42,61.42,61.42
Ocean Park,105.9527407,20.9866379,68.84,68.84,68.84,68.84,68.84,68.84,68.84,68.84,68.84,68.84,68.84,68.84,68.84,68.84,68.84,68.84,68.84
Ocean Park,105.9327338,20.98711,59.79,59.79,59.79,59.79,59.79,59.79,59.79,59.79,59.79,59.79,59.79,59.79,59.79,59.79,59.79,59.79,59.79
Ocean Park,105.9331186,20.9871079,59.71,59.71,59.71,59.71,59.71,59.71,59.71,59.71,59.71,59.71,59.71,59.71,59.71,59.71,59.71,59.71,59.71
Ocean Park,105.9335034,20.9871058,59.65,59.65,59.65,59.65,59.65,59.65,59.65,59.65,59.65,59.65,59.65,59.65,59.65,59.65,59.65,59.65,59.65
Ocean Park,105.9338882,20.9871037,59.58,59.58,59.58,59.58,59.58,59.58,59.58,59.58,59.58,59.58,59.58,59.58,59.58,59.58,59.58,59.58,59.58
Ocean Park,105.934273,20.9871016,61.59,61.59,61.59,61.59,61.59,61.59,61.59,61.59,61.59,61.59,61.59,61.59,61.59,61.59,61.59,61.59,61.59
Ocean Park,105.9346578,20.9870995,66.81,66.81,66.81,66.81,66.81,66.81,66.81,66.81,66.81,66.81,66.81,66.81,66.81,66.81,66.81,66.81,66.81
Ocean Park,105.9350426,20.9870974,59.7,59.7,59.7,59.7,59.7,59.7,59.7,59.7,59.7,59.7,59.7,59.7,59.7,59.7,59.7,59.7,59.7
Ocean Park,105.9354273,20.9870953,58.25,58.25,58.25,58.25,58.25,58.25,58.25,58.25,58.25,58.25,58.25,58.25,58.25,58.25,58.25,58.25,58.25
Ocean Park,105.9358121,20.9870932,61.33,61.33,61.33,61.33,61.33,61.33,61.33,61.33,61.33,61.33,61.33,61.33,61.33,61.33,61.33,61.33,61.33
Ocean Park,105.9361969,20.987091,68.41,68.41,68.41,68.41,68.41,68.41,68.41,68.41,68.41,68.41,68.41,68.41,68.41,68.41,68.41,68.41,68.41
Ocean Park,105.9365817,20.9870889,61.46,61.46,61.46,61.46,61.46,61.46,61.46,61.46,61.46,61.46,61.46,61.46,61.46,61.46,61.46,61.46,61.46
Ocean Park,105.9369665,20.9870868,68.92,68.92,68.92,68.92,68.92,68.92,68.92,68.92,68.92,68.92,68.92,68.92,68.92,68.92,68.92,68.92,68.92
Ocean Park,105.9373513,20.9870847,61.13,61.13,61.13,61.13,61.13,61.13,61.13,61.13,61.13,61.13,61.13,61.13,61.13,61.13,61.13,61.13,61.13
Ocean Park,105.9377361,20.9870826,68.97,68.97,68.97,68.97,68.97,68.97,68.97,68.97,68.97,68.97,68.97,68.97,68.97,68.97,68.97,68.97,68.97
Ocean Park,105.9381209,20.9870805,61.36,61.36,61.36,61.36,61.36,61.36,61.36,61.36,61.36,61.36,61.36,61.36,61.36,61.36,61.36,61.36,61.36
Ocean Park,105.9385057,20.9870783,60.2,60.2,60.2,60.2,60.2,60.2,60.2,60.2,60.2,60.2,60.2,60.2,60.2,60.2,60.2,60.2,60.2
Ocean Park,105.9388905,20.9870762,61.12,61.12,61.12,61.12,61.12,61.12,61.12,61.12,61.12,61.12,61.12,61.12,61.12,61.12,61.12,61.12,61.12
Ocean Park,105.9392753,20.9870741,66.27,66.27,66.27,66.27,66.27,66.27,66.27,66.27,66.27,66.27,66.27,66.27,66.27,66.27,66.27,66.27,66.27
Ocean Park,105.9396601,20.987072,63.06,63.06,63.06,63.06,63.06,63.06,63.06,63.06,63.06,63.06,63.06,63.06,63.06,63.06,63.06,63.06,63.06
Ocean Park,105.9400449,20.9870699,61.46,61.46,61.46,61.46,61.46,61.46,61.46,61.46,61.46,61.46,61.46,61.46,61.46,61.46,61.46,61.46,61.46
Ocean Park,105.9404297,20.9870677,67.26,67.26,67.26,67.26,67.26,67.26,67.26,67.26,67.26,67.26,67.26,67.26,67.26,67.26,67.26,67.26,67.26
Ocean Park,105.9408145,20.9870656,63.82,63.82,63.82,63.82,63.82,63.82,63.82,63.82,63.82,63.82,63.82,63.82,63.82,63.82,63.82,63.82,63.82
Ocean Park,105.9411993,20.9870635,65.03,65.03,65.03,65.03,65.03,65.03,65.03,65.03,65.03,65.03,65.03,65.03,65.03,65.03,65.03,65.03,65.03
Ocean Park,105.941584,20.9870614,69.94,69.94,69.94,69.94,69.94,69.94,69.94,69.94,69.94,69.94,69.94,69.94,69.94,69.94,69.94,69.94,69.94
Ocean Park,105.9419688,20.9870592,63.57,63.57,63.57,63.57,63.57,63.57,63.57,63.57,63.57,63.57,63.57,63.57,63.57,63.57,63.57,63.57,63.57
Ocean Park,105.9423536,20.9870571,61.81,61.81,61.81,61.81,61.81,61.81,61.81,61.81,61.81,61.81,61.81,61.81,61.81,61.81,61.81,61.81,61.81
Ocean Park,105.9427384,20.987055,63.09,63.09,63.09,63.09,63.09,63.09,63.09,63.09,63.09,63.09,63.09,63.09,63.09,63.09,63.09,63.09,63.09
Ocean Park,105.9431232,20.9870528,69.03,69.03,69.03,69.03,69.03,69.03,69.03,69.03,69.03,69.03,69.03,69.03,69.03,69.03,69.03,69.03,69.03
Ocean Park,105.943508,20.9870507,63.65,63.65,63.65,63.65,63.65,63.65,63.65,63.65,63.65,63.65,63.65,63.65,63.65,63.65,63.65,63.65,63.65
Ocean Park,105.9438928,20.9870486,60.92,60.92,60.92,60.92,60.92,60.92,60.92,60.92,60.92,60.92,60.92,60.92,60.92,60.92,60.92,60.92,60.92
Ocean Park,105.9442776,20.9870464,59.03,59.03,59.03,59.03,59.03,59.03,59.03,59.03,59.03,59.03,59.03,59.03,59.03,59.03,59.03,59.03,59.03
Ocean Park,105.9446624,20.9870443,57.57,57.57,57.57,57.57,57.57,57.57,57.57,57.57,57.57,57.57,57.57,57.57,57.57,57.57,57.57,57.57,57.57
Ocean Park,105.9450472,20.9870422,56.49,56.49,56.49,56.49,56.49,56.49,56.49,56.49,56.49,56.49,56.49,56.49,56.49,56.49,56.49,56.49,56.49
Ocean Park,105.945432,20.98704,55.66,55.66,55.66,55.66,55.66,55.66,55.66,55.66,55.66,55.66,55.66,55.66,55.66,55.66,55.66,55.66,55.66
Ocean Park,105.9458168,20.9870379,54.98,54.98,54.98,54.98,54.98,54.98,54.98,54.98,54.98,54.98,54.98,54.98,54.98,54.98,54.98,54.98,54.98
Ocean Park,105.9462016,20.9870358,54.4,54.4,54.4,54.4,54.4,54.4,54.4,54.4,54.4,54.4,54.4,54.4,54.4,54.4,54.4,54.4,54.4
Ocean Park,105.9465864,20.9870336,54.12,54.12,54.12,54.12,54.12,54.12,54.12,54.12,54.12,54.12,54.12,54.12,54.12,54.12,54.12,54.12,54.12
Ocean Park,105.9469712,20.9870315,54.28,54.28,54.28,54.28,54.28,54.28,54.28,54.28,54.28,54.28,54.28,54.28,54.28,54.28,54.28,54.28,54.28
Ocean Park,105.9473559,20.9870293,54.67,54.67,54.67,54.67,54.67,54.67,54.67,54.67,54.67,54.67,54.67,54.67,54.67,54.67,54.67,54.67,54.67
Ocean Park,105.9477407,20.9870272,55.25,55.25,55.25,55.25,55.25,55.25,55.25,55.25,55.25,55.25,55.25,55.25,55.25,55.25,55.25,55.25,55.25
Ocean Park,105.9481255,20.9870251,56.14,56.14,56.14,56.14,56.14,56.14,56.14,56.14,56.14,56.14,56.14,56.14,56.14,56.14,56.14,56.14,56.14
Ocean Park,105.9485103,20.9870229,57.58,57.58,57.58,57.58,57.58,57.58,57.58,57.58,57.58,57.58,57.58,57.58,57.58,57.58,57.58,57.58,57.58
Ocean Park,105.9488951,20.9870208,60.34,60.34,60.34,60.34,60.34,60.34,60.34,60.34,60.34,60.34,60.34,60.34,60.34,60.34,60.34,60.34,60.34
Ocean Park,105.9492799,20.9870186,68.85,68.85,68.85,68.85,68.85,68.85,68.85,68.85,68.85,68.85,68.85,68.85,68.85,68.85,68.85,68.85,68.85
Ocean Park,105.9496647,20.9870165,61.06,61.06,61.06,61.06,61.06,61.06,61.06,61.06,61.06,61.06,61.06,61.06,61.06,61.06,61.06,61.06,61.06
Ocean Park,105.9500495,20.9870143,58.94,58.94,58.94,58.94,58.94,58.94,58.94,58.94,58.94,58.94,58.94,58.94,58.94,58.94,58.94,58.94,58.94
Ocean Park,105.9504343,20.9870122,57.62,57.62,57.62,57.62,57.62,57.62,57.62,57.62,57.62,57.62,57.62,57.62,57.62,57.62,57.62,57.62,57.62
Ocean Park,105.9508191,20.98701,56.64,56.64,56.64,56.64,56.64,56.64,56.64,56.64,56.64,56.64,56.64,56.64,56.64,56.64,56.64,56.64,56.64
Ocean Park,105.9512039,20.9870079,55.87,55.87,55.87,55.87,55.87,55.87,55.87,55.87,55.87,55.87,55.87,55.87,55.87,55.87,55.87,55.87,55.87
Ocean Park,105.9515887,20.9870057,56.59,56.59,56.59,56.59,56.59,56.59,56.59,56.59,56.59,56.59,56.59,56.59,56.59,56.59,56.59,56.59,56.59
Ocean Park,105.9519735,20.9870036,57.54,57.54,57.54,57.54,57.54,57.54,57.54,57.54,57.54,57.54,57.54,57.54,57.54,57.54,57.54,57.54,57.54
Ocean Park,105.9523582,20.9870014,59.01,59.01,59.01,59.01,59.01,59.01,59.01,59.01,59.01,59.01,59.01,59.01,59.01,59.01,59.01,59.01,59.01
Ocean Park,105.952743,20.9869993,63.34,63.34,63.34,63.34,63.34,63.34,63.34,63.34,63.34,63.34,63.34,63.34,63.34,63.34,63.34,63.34,63.34
Ocean Park,105.932736,20.9874714,58.17,58.17,58.17,58.17,58.17,58.17,58.17,58.17,58.17,58.17,58.17,58.17,58.17,58.17,58.17,58.17,58.17
Ocean Park,105.9331208,20.9874693,57.98,57.98,57.98,57.98,57.98,57.98,57.98,57.98,57.98,57.98,57.98,57.98,57.98,57.98,57.98,57.98,57.98
Ocean Park,105.9335056,20.9874672,58.0,58.0,58.0,58.0,58.0,58.0,58.0,58.0,58.0,58.0,58.0,58.0,58.0,58.0,58.0,58.0,58.0
Ocean Park,105.9338904,20.9874651,58.53,58.53,58.53,58.53,58.53,58.53,58.53,58.53,58.53,58.53,58.53,58.53,58.53,58.53,58.53,58.53,58.53
Ocean Park,105.9342752,20.987463,62.65,62.65,62.65,62.65,62.65,62.65,62.65,62.65,62.65,62.65,62.65,62.65,62.65,62.65,62.65,62.65,62.65
Ocean Park,105.93466,20.9874609,64.08,64.08,64.08,64.08,64.08,64.08,64.08,64.08,64.08,64.08,64.08,64.08,64.08,64.08,64.08,64.08,64.08
Ocean Park,105.9350448,20.9874588,59.44,59.44,59.44,59.44,59.44,59.44,59.44,59.44,59.44,59.44,59.44,59.44,59.44,59.44,59.44,59.44,59.44
Ocean Park,105.9354296,20.9874567,58.9,58.9,58.9,58.9,58.9,58.9,58.9,58.9,58.9,58.9,58.9,58.9,58.9,58.9,58.9,58.9,58.9
Ocean Park,105.9358144,20.9874545,63.17,63.17,63.17,63.17,63.17,63.17,63.17,63.17,63.17,63.17,63.17,63.17,63.17,63.17,63.17,63.17,63.17
Ocean Park,105.9361992,20.9874524,63.47,63.47,63.47,63.47,63.47,63.47,63.47,63.47,63.47,63.47,63.47,63.47,63.47,63.47,63.47,63.47,63.47
Ocean Park,105.936584,20.9874503,65.92,65.92,65.92,65.92,65.92,65.92,65.92,65.92,65.92,65.92,65.92,65.92,65.92,65.92,65.92,65.92,65.92
Ocean Park,105.9369688,20.9874482,62.5,62.5,62.5,62.5,62.5,62.5,62.5,62.5,62.5,62.5,62.5,62.5,62.5,62.5,62.5,62.5,62.5
Ocean Park,105.9373536,20.9874461,63.77,63.77,63.77,63.77,63.77,63.77,63.77,63.77,63.77,63.77,63.77,63.77,63.77,63.77,63.77,63.77,63.77
Ocean Park,105.9377384,20.987444,63.94,63.94,63.94,63.94,63.94,63.94,63.94,63.94,63.94,63.94,63.94,63.94,63.94,63.94,63.94,63.94,63.94
Ocean Park,105.9381232,20.9874418,60.25,60.25,60.25,60.25,60.25,60.25,60.25,60.25,60.25,60.25,60.25,60.25,60.25,60.25,60.25,60.25,60.25
Ocean Park,105.938508,20.9874397,59.54,59.54,59.54,59.54,59.54,59.54,59.54,59.54,59.54,59.54,59.54,59.54,59.54,59.54,59.54,59.54,59.54
Ocean Park,105.9388928,20.9874376,60.38,60.38,60.38,60.38,60.38,60.38,60.38,60.38,60.38,60.38,60.38,60.38,60.38,60.38,60.38,60.38,60.38
Ocean Park,105.9392775,20.9874355,64.1,64.1,64.1,64.1,64.1,64.1,64.1,64.1,64.1,64.1,64.1,64.1,64.1,64.1,64.1,64.1,64.1
Ocean Park,105.9396623,20.9874334,64.24,64.24,64.24,64.24,64.24,64.24,64.24,64.24,64.24,64.24,64.24,64.24,64.24,64.24,64.24,64.24,64.24
Ocean Park,105.9400471,20.9874312,65.21,65.21,65.21,65.21,65.21,65.21,65.21,65.21,65.21,65.21,65.21,65.21,65.21,65.21,65.21,65.21,65.21
Ocean Park,105.9404319,20.9874291,65.07,65.07,65.07,65.07,65.07,65.07,65.07,65.07,65.07,65.07,65.07,65.07,65.07,65.07,65.07,65.07,65.07
Ocean Park,105.9408167,20.987427,61.84,61.84,61.84,61.84,61.84,61.84,61.84,61.84,61.84,61.84,61.84,61.84,61.84,61.84,61.84,61.84,61.84
Ocean Park,105.9412015,20.9874249,68.4,68.4,68.4,68.4,68.4,68.4,68.4,68.4,68.4,68.4,68.4,68.4,68.4,68.4,68.4,68.4,68.4
Ocean Park,105.9415863,20.9874227,69.98,69.98,69.98,69.98,69.98,69.98,69.98,69.98,69.98,69.98,69.98,69.98,69.98,69.98,69.98,69.98,69.98
Ocean Park,105.9419711,20.9874206,65.11,65.11,65.11,65.11,65.11,65.11,65.11,65.11,65.11,65.11,65.11,65.11,65.11,65.11,65.11,65.11,65.11
Ocean Park,105.9423559,20.9874185,63.3,63.3,63.3,63.3,63.3,63.3,63.3,63.3,63.3,63.3,63.3,63.3,63.3,63.3,63.3,63.3,63.3
Ocean Park,105.9427407,20.9874163,69.12,69.12,69.12,69.12,69.12,69.12,69.12,69.12,69.12,69.12,69.12,69.12,69.12,69.12,69.12,69.12,69.12
Ocean Park,105.9431255,20.9874142,62.18,62.18,62.18,62.18,62.18,62.18,62.18,62.18,62.18,62.18,62.18,62.18,62.18,62.18,62.18,62.18,62.18
Ocean Park,105.9435103,20.9874121,60.15,60.15,60.15,60.15,60.15,60.15,60.15,60.15,60.15,60.15,60.15,60.15,60.15,60.15,60.15,60.15,60.15
Ocean Park,105.9438951,20.9874099,58.92,58.92,58.92,58.92,58.92,58.92,58.92,58.92,58.92,58.92,58.92,58.92,58.92,58.92,58.92,58.92,58.92
Ocean Park,105.9442799,20.9874078,57.95,57.95,57.95,57.95,57.95,57.95,57.95,57.95,57.95,57.95,57.95,57.95,57.95,57.95,57.95,57.95,57.95
Ocean Park,105.9446647,20.9874057,57.02,57.02,57.02,57.02,57.02,57.02,57.02,57.02,57.02,57.02,57.02,57.02,57.02,57.02,57.02,57.02,57.02
Ocean Park,105.9450495,20.9874035,56.17,56.17,56.17,56.17,56.17,56.17,56.17,56.17,56.17,56.17,56.17,56.17,56.17,56.17,56.17,56.17,56.17
Ocean Park,105.9454343,20.9874014,55.45,55.45,55.45,55.45,55.45,55.45,55.45,55.45,55.45,55.45,55.45,55.45,55.45,55.45,55.45,55.45,55.45
Ocean Park,105.945819,20.9873993,54.82,54.82,54.82,54.82,54.82,54.82,54.82,54.82,54.82,54.82,54.82,54.82,54.82,54.82,54.82,54.82,54.82
Ocean Park,105.9462038,20.9873971,54.28,54.28,54.28,54.28,54.28,54.28,54.28,54.28,54.28,54.28,54.28,54.28,54.28,54.28,54.28,54.28,54.28
Ocean Park,105.9465886,20.987395,54.01,54.01,54.01,54.01,54.01,54.01,54.01,54.01,54.01,54.01,54.01,54.01,54.01,54.01,54.01,54.01,54.01
Ocean Park,105.9469734,20.9873929,54.26,54.26,54.26,54.26,54.26,54.26,54.26,54.26,54.26,54.26,54.26,54.26,54.26,54.26,54.26,54.26,54.26
Ocean Park,105.9473582,20.9873907,54.66,54.66,54.66,54.66,54.66,54.66,54.66,54.66,54.66,54.66,54.66,54.66,54.66,54.66,54.66,54.66,54.66
Ocean Park,105.947743,20.9873886,55.26,55.26,55.26,55.26,55.26,55.26,55.26,55.26,55.26,55.26,55.26,55.26,55.26,55.26,55.26,55.26,55.26
Ocean Park,105.9481278,20.9873864,56.17,56.17,56.17,56.17,56.17,56.17,56.17,56.17,56.17,56.17,56.17,56.17,56.17,56.17,56.17,56.17,56.17
Ocean Park,105.9485126,20.9873843,57.62,57.62,57.62,57.62,57.62,57.62,57.62,57.62,57.62,57.62,57.62,57.62,57.62,57.62,57.62,57.62,57.62
Ocean Park,105.9488974,20.9873822,60.42,60.42,60.42,60.42,60.42,60.42,60.42,60.42,60.42,60.42,60.42,60.42,60.42,60.42,60.42,60.42,60.42
Ocean Park,105.9492822,20.98738,68.85,68.85,68.85,68.85,68.85,68.85,68.85,68.85,68.85,68.85,68.85,68.85,68.85,68.85,68.85,68.85,68.85
Ocean Park,105.949667,20.9873779,60.36,60.36,60.36,60.36,60.36,60.36,60.36,60.36,60.36,60.36,60.36,60.36,60.36,60.36,60.36,60.36,60.36
Ocean Park,105.9500518,20.9873757,57.8,57.8,57.8,57.8,57.8,57.8,57.8,57.8,57.8,57.8,57.8,57.8,57.8,57.8,57.8,57.8,57.8
Ocean Park,105.9504366,20.9873736,56.32,56.32,56.32,56.32,56.32,56.32,56.32,56.32,56.32,56.32,56.32,56.32,56.32,56.32,56.32,56.32,56.32
Ocean Park,105.9508214,20.9873714,56.37,56.37,56.37,56.37,56.37,56.37,56.37,56.37,56.37,56.37,56.37,56.37,56.37,56.37,56.37,56.37,56.37
Ocean Park,105.9512062,20.9873693,57.22,57.22,57.22,57.22,57.22,57.22,57.22,57.22,57.22,57.22,57.22,57.22,57.22,57.22,57.22,57.22,57.22
Ocean Park,105.9515909,20.9873671,58.36,58.36,58.36,58.36,58.36,58.36,58.36,58.36,58.36,58.36,58.36,58.36,58.36,58.36,58.36,58.36,58.36
Ocean Park,105.9519757,20.987365,60.05,60.05,60.05,60.05,60.05,60.05,60.05,60.05,60.05,60.05,60.05,60.05,60.05,60.05,60.05,60.05,60.05
Ocean Park,105.9523605,20.9873628,63.14,63.14,63.14,63.14,63.14,63.14,63.14,63.14,63.14,63.14,63.14,63.14,63.14,63.14,63.14,63.14,63.14
Ocean Park,105.9527453,20.9873607,68.84,68.84,68.84,68.84,68.84,68.84,68.84,68.84,68.84,68.84,68.84,68.84,68.84,68.84,68.84,68.84,68.84
Ocean Park,105.9327383,20.9878328,61.29,61.29,61.29,61.29,61.29,61.29,61.29,61.29,61.29,61.29,61.29,61.29,61.29,61.29,61.29,61.29,61.29
Ocean Park,105.9331231,20.9878307,61.33,61.33,61.33,61.33,61.33,61.33,61.33,61.33,61.33,61.33,61.33,61.33,61.33,61.33,61.33,61.33,61.33
Ocean Park,105.9335079,20.9878286,61.29,61.29,61.29,61.29,61.29,61.29,61.29,61.29,61.29,61.29,61.29,61.29,61.29,61.29,61.29,61.29,61.29
Ocean Park,105.9338927,20.9878265,59.48,59.48,59.48,59.48,59.48,59.48,59.48,59.48,59.48,59.48,59.48,59.48,59.48,59.48,59.48,59.48,59.48
Ocean Park,105.9342775,20.9878244,60.42,60.42,60.42,60.42,60.42,60.42,60.42,60.42,60.42,60.42,60.42,60.42,60.42,60.42,60.42,60.42,60.42
Ocean Park,105.9346623,20.9878223,67.92,67.92,67.92,67.92,67.92,67.92,67.92,67.92,67.92,67.92,67.92,67.92,67.92,67.92,67.92,67.92,67.92
Ocean Park,105.9350471,20.9878201,61.01,61.01,61.01,61.01,61.01,61.01,61.01,61.01,61.01,61.01,61.01,61.01,61.01,61.01,61.01,61.01,61.01
Ocean Park,105.9354318,20.987818,59.23,59.23,59.23,59.23,59.23,59.23,59.23,59.23,59.23,59.23,59.23,59.23,59.23,59.23,59.23,59.23,59.23
Ocean Park,105.9358166,20.9878159,64.49,64.49,64.49,64.49,64.49,64.49,64.49,64.49,64.49,64.49,64.49,64.49,64.49,64.49,64.49,64.49,64.49
Ocean Park,105.9362014,20.9878138,62.16,62.16,62.16,62.16,62.16,62.16,62.16,62.16,62.16,62.16,62.16,62.16,62.16,62.16,62.16,62.16,62.16
Ocean Park,105.9365862,20.9878117,67.05,67.05,67.05,67.05,67.05,67.05,67.05,67.05,67.05,67.05,67.05,67.05,67.05,67.05,67.05,67.05,67.05
Ocean Park,105.936971,20.9878096,64.08,64.08,64.08,64.08,64.08,64.08,64.08,64.08,64.08,64.08,64.08,64.08,64.08,64.08,64.08,64.08,64.08
Ocean Park,105.9373558,20.9878075,68.94,68.94,68.94,68.94,68.94,68.94,68.94,68.94,68.94,68.94,68.94,68.94,68.94,68.94,68.94,68.94,68.94
Ocean Park,105.9377406,20.9878053,61.16,61.16,61.16,61.16,61.16,61.16,61.16,61.16,61.16,61.16,61.16,61.16,61.16,61.16,61.16,61.16,61.16
Ocean Park,105.9381254,20.9878032,59.43,59.43,59.43,59.43,59.43,59.43,59.43,59.43,59.43,59.43,59.43,59.43,59.43,59.43,59.43,59.43,59.43
Ocean Park,105.9385102,20.9878011,59.24,59.24,59.24,59.24,59.24,59.24,59.24,59.24,59.24,59.24,59.24,59.24,59.24,59.24,59.24,59.24,59.24
Ocean Park,105.938895,20.987799,60.29,60.29,60.29,60.29,60.29,60.29,60.29,60.29,60.29,60.29,60.29,60.29,60.29,60.29,60.29,60.29,60.29
Ocean Park,105.9392798,20.9877969,64.2,64.2,64.2,64.2,64.2,64.2,64.2,64.2,64.2,64.2,64.2,64.2,64.2,64.2,64.2,64.2,64.2
Ocean Park,105.9396646,20.9877947,64.2,64.2,64.2,64.2,64.2,64.2,64.2,64.2,64.2,64.2,64.2,64.2,64.2,64.2,64.2,64.2,64.2
Ocean Park,105.9400494,20.9877926,66.95,66.95,66.95,66.95,66.95,66.95,66.95,66.95,66.95,66.95,66.95,66.95,66.95,66.95,66.95,66.95,66.95
Ocean Park,105.9404342,20.9877905,61.46,61.46,61.46,61.46,61.46,61.46,61.46,61.46,61.46,61.46,61.46,61.46,61.46,61.46,61.46,61.46,61.46
Ocean Park,105.940819,20.9877884,66.08,66.08,66.08,66.08,66.08,66.08,66.08,66.08,66.08,66.08,66.08,66.08,66.08,66.08,66.08,66.08,66.08
Ocean Park,105.9412038,20.9877862,67.65,67.65,67.65,67.65,67.65,67.65,67.65,67.65,67.65,67.65,67.65,67.65,67.65,67.65,67.65,67.65,67.65
Ocean Park,105.9415886,20.9877841,67.55,67.55,67.55,67.55,67.55,67.55,67.55,67.55,67.55,67.55,67.55,67.55,67.55,67.55,67.55,67.55,67.55
Ocean Park,105.9419734,20.987782,70.24,70.24,70.24,70.24,70.24,70.24,70.24,70.24,70.24,70.24,70.24,70.24,70.24,70.24,70.24,70.24,70.24
Ocean Park,105.9423582,20.9877798,69.02,69.02,69.02,69.02,69.02,69.02,69.02,69.02,69.02,69.02,69.02,69.02,69.02,69.02,69.02,69.02,69.02
Ocean Park,105.942743,20.9877777,63.68,63.68,63.68,63.68,63.68,63.68,63.68,63.68,63.68,63.68,63.68,63.68,63.68,63.68,63.68,63.68,63.68
Ocean Park,105.9431278,20.9877756,60.76,60.76,60.76,60.76,60.76,60.76,60.76,60.76,60.76,60.76,60.76,60.76,60.76,60.76,60.76,60.76,60.76
Ocean Park,105.9435126,20.9877735,59.1,59.1,59.1,59.1,59.1,59.1,59.1,59.1,59.1,59.1,59.1,59.1,59.1,59.1,59.1,59.1,59.1
Ocean Park,105.9438973,20.9877713,58.11,58.11,58.11,58.11,58.11,58.11,58.11,58.11,58.11,58.11,58.11,58.11,58.11,58.11,58.11,58.11,58.11
Ocean Park,105.9442821,20.9877692,57.33,57.33,57.33,57.33,57.33,57.33,57.33,57.33,57.33,57.33,57.33,57.33,57.33,57.33,57.33,57.33,57.33
Ocean Park,105.9446669,20.9877671,56.63,56.63,56.63,56.63,56.63,56.63,56.63,56.63,56.63,56.63,56.63,56.63,56.63,56.63,56.63,56.63,56.63
Ocean Park,105.9450517,20.9877649,55.96,55.96,55.96,55.96,55.96,55.96,55.96,55.96,55.96,55.96,55.96,55.96,55.96,55.96,55.96,55.96,55.96
Ocean Park,105.9454365,20.9877628,55.33,55.33,55.33,55.33,55.33,55.33,55.33,55.33,55.33,55.33,55.33,55.33,55.33,55.33,55.33,55.33,55.33
Ocean Park,105.9458213,20.9877607,54.77,54.77,54.77,54.77,54.77,54.77,54.77,54.77,54.77,54.77,54.77,54.77,54.77,54.77,54.77,54.77,54.77
Ocean Park,105.9462061,20.9877585,54.26,54.26,54.26,54.26,54.26,54.26,54.26,54.26,54.26,54.26,54.26,54.26,54.26,54.26,54.26,54.26,54.26
Ocean Park,105.9465909,20.9877564,54.06,54.06,54.06,54.06,54.06,54.06,54.06,54.06,54.06,54.06,54.06,54.06,54.06,54.06,54.06,54.06,54.06
Ocean Park,105.9469757,20.9877542,54.27,54.27,54.27,54.27,54.27,54.27,54.27,54.27,54.27,54.27,54.27,54.27,54.27,54.27,54.27,54.27,54.27
Ocean Park,105.9473605,20.9877521,54.63,54.63,54.63,54.63,54.63,54.63,54.63,54.63,54.63,54.63,54.63,54.63,54.63,54.63,54.63,54.63,54.63
Ocean Park,105.9477453,20.98775,55.16,55.16,55.16,55.16,55.16,55.16,55.16,55.16,55.16,55.16,55.16,55.16,55.16,55.16,55.16,55.16,55.16
Ocean Park,105.9481301,20.9877478,55.96,55.96,55.96,55.96,55.96,55.96,55.96,55.96,55.96,55.96,55.96,55.96,55.96,55.96,55.96,55.96,55.96
Ocean Park,105.9485149,20.9877457,57.14,57.14,57.14,57.14,57.14,57.14,57.14,57.14,57.14,57.14,57.14,57.14,57.14,57.14,57.14,57.14,57.14
Ocean Park,105.9488997,20.9877435,59.12,59.12,59.12,59.12,59.12,59.12,59.12,59.12,59.12,59.12,59.12,59.12,59.12,59.12,59.12,59.12,59.12
Ocean Park,105.9492845,20.9877414,63.37,63.37,63.37,63.37,63.37,63.37,63.37,63.37,63.37,63.37,63.37,63.37,63.37,63.37,63.37,63.37,63.37
Ocean Park,105.9496693,20.9877392,64.08,64.08,64.08,64.08,64.08,64.08,64.08,64.08,64.08,64.08,64.08,64.08,64.08,64.08,64.08,64.08,64.08
Ocean Park,105.9500541,20.9877371,59.29,59.29,59.29,59.29,59.29,59.29,59.29,59.29,59.29,59.29,59.29,59.29,59.29,59.29,59.29,59.29,59.29
Ocean Park,105.9504389,20.9877349,57.23,57.23,57.23,57.23,57.23,57.23,57.23,57.23,57.23,57.23,57.23,57.23,57.23,57.23,57.23,57.23,57.23
Ocean Park,105.9508237,20.9877328,57.95,57.95,57.95,57.95,57.95,57.95,57.95,57.95,57.95,57.95,57.95,57.95,57.95,57.95,57.95,57.95,57.95
Ocean Park,105.9512084,20.9877307,59.39,59.39,59.39,59.39,59.39,59.39,59.39,59.39,59.39,59.39,59.39,59.39,59.39,59.39,59.39,59.39,59.39
Ocean Park,105.9515932,20.9877285,61.79,61.79,61.79,61.79,61.79,61.79,61.79,61.79,61.79,61.79,61.79,61.79,61.79,61.79,61.79,61.79,61.79
Ocean Park,105.951978,20.9877264,68.48,68.48,68.48,68.48,68.48,68.48,68.48,68.48,68.48,68.48,68.48,68.48,68.48,68.48,68.48,68.48,68.48
Ocean Park,105.9523628,20.9877242,67.14,67.14,67.14,67.14,67.14,67.14,67.14,67.14,67.14,67.14,67.14,67.14,67.14,67.14,67.14,67.14,67.14
Ocean Park,105.9527476,20.987722,61.47,61.47,61.47,61.47,61.47,61.47,61.47,61.47,61.47,61.47,61.47,61.47,61.47,61.47,61.47,61.47,61.47
Ocean Park,105.9327405,20.9881942,65.94,65.94,65.94,65.94,65.94,65.94,65.94,65.94,65.94,65.94,65.94,65.94,65.94,65.94,65.94,65.94,65.94
Ocean Park,105.9331253,20.9881921,65.88,65.88,65.88,65.88,65.88,65.88,65.88,65.88,65.88,65.88,65.88,65.88,65.88,65.88,65.88,65.88,65.88
Ocean Park,105.9335101,20.98819,66.81,66.81,66.81,66.81,66.81,66.81,66.81,66.81,66.81,66.81,66.81,66.81,66.81,66.81,66.81,66.81,66.81
Ocean Park,105.9338949,20.9881879,62.57,62.57,62.57,62.57,62.57,62.57,62.57,62.57,62.57,62.57,62.57,62.57,62.57,62.57,62.57,62.57,62.57
Ocean Park,105.9342797,20.9881857,60.28,60.28,60.28,60.28,60.28,60.28,60.28,60.28,60.28,60.28,60.28,60.28,60.28,60.28,60.28,60.28,60.28
Ocean Park,105.9346645,20.9881836,66.6,66.6,66.6,66.6,66.6,66.6,66.6,66.6,66.6,66.6,66.6,66.6,66.6,66.6,66.6,66.6,66.6
Ocean Park,105.9350493,20.9881815,62.34,62.34,62.34,62.34,62.34,62.34,62.34,62.34,62.34,62.34,62.34,62.34,62.34,62.34,62.34,62.34,62.34
Ocean Park,105.9354341,20.9881794,60.77,60.77,60.77,60.77,60.77,60.77,60.77,60.77,60.77,60.77,60.77,60.77,60.77,60.77,60.77,60.77,60.77
Ocean Park,105.9358189,20.9881773,68.9,68.9,68.9,68.9,68.9,68.9,68.9,68.9,68.9,68.9,68.9,68.9,68.9,68.9,68.9,68.9,68.9
Ocean Park,105.9362037,20.9881752,65.02,65.02,65.02,65.02,65.02,65.02,65.02,65.02,65.02,65.02,65.02,65.02,65.02,65.02,65.02,65.02,65.02
Ocean Park,105.9365885,20.9881731,67.87,67.87,67.87,67.87,67.87,67.87,67.87,67.87,67.87,67.87,67.87,67.87,67.87,67.87,67.87,67.87,67.87
Ocean Park,105.9369733,20.9881709,63.12,63.12,63.12,63.12,63.12,63.12,63.12,63.12,63.12,63.12,63.12,63.12,63.12,63.12,63.12,63.12,63.12
Ocean Park,105.9373581,20.9881688,65.99,65.99,65.99,65.99,65.99,65.99,65.99,65.99,65.99,65.99,65.99,65.99,65.99,65.99,65.99,65.99,65.99
Ocean Park,105.9377429,20.9881667,62.65,62.65,62.65,62.65,62.65,62.65,62.65,62.65,62.65,62.65,62.65,62.65,62.65,62.65,62.65,62.65,62.65
Ocean Park,105.9381277,20.9881646,59.99,59.99,59.99,59.99,59.99,59.99,59.99,59.99,59.99,59.99,59.99,59.99,59.99,59.99,59.99,59.99,59.99
Ocean Park,105.9385125,20.9881625,59.68,59.68,59.68,59.68,59.68,59.68,59.68,59.68,59.68,59.68,59.68,59.68,59.68,59.68,59.68,59.68,59.68
Ocean Park,105.9388973,20.9881604,61.18,61.18,61.18,61.18,61.18,61.18,61.18,61.18,61.18,61.18,61.18,61.18,61.18,61.18,61.18,61.18,61.18
Ocean Park,105.9392821,20.9881582,66.56,66.56,66.56,66.56,66.56,66.56,66.56,66.56,66.56,66.56,66.56,66.56,66.56,66.56,66.56,66.56,66.56
Ocean Park,105.9396669,20.9881561,69.91,69.91,69.91,69.91,69.91,69.91,69.91,69.91,69.91,69.91,69.91,69.91,69.91,69.91,69.91,69.91,69.91
Ocean Park,105.9400517,20.988154,62.0,62.0,62.0,62.0,62.0,62.0,62.0,62.0,62.0,62.0,62.0,62.0,62.0,62.0,62.0,62.0,62.0
Ocean Park,105.9404365,20.9881519,64.22,64.22,64.22,64.22,64.22,64.22,64.22,64.22,64.22,64.22,64.22,64.22,64.22,64.22,64.22,64.22,64.22
Ocean Park,105.9408213,20.9881497,67.46,67.46,67.46,67.46,67.46,67.46,67.46,67.46,67.46,67.46,67.46,67.46,67.46,67.46,67.46,67.46,67.46
Ocean Park,105.941206,20.9881476,63.29,63.29,63.29,63.29,63.29,63.29,63.29,63.29,63.29,63.29,63.29,63.29,63.29,63.29,63.29,63.29,63.29
Ocean Park,105.9415908,20.9881455,64.14,64.14,64.14,64.14,64.14,64.14,64.14,64.14,64.14,64.14,64.14,64.14,64.14,64.14,64.14,64.14,64.14
Ocean Park,105.9419756,20.9881434,71.03,71.03,71.03,71.03,71.03,71.03,71.03,71.03,71.03,71.03,71.03,71.03,71.03,71.03,71.03,71.03,71.03
Ocean Park,105.9423604,20.9881412,70.62,70.62,70.62,70.62,70.62,70.62,70.62,70.62,70.62,70.62,70.62,70.62,70.62,70.62,70.62,70.62,70.62
Ocean Park,105.9427452,20.9881391,63.04,63.04,63.04,63.04,63.04,63.04,63.04,63.04,63.04,63.04,63.04,63.04,63.04,63.04,63.04,63.04,63.04
Ocean Park,105.94313,20.988137,60.53,60.53,60.53,60.53,60.53,60.53,60.53,60.53,60.53,60.53,60.53,60.53,60.53,60.53,60.53,60.53,60.53
Ocean Park,105.9435148,20.9881348,58.96,58.96,58.96,58.96,58.96,58.96,58.96,58.96,58.96,58.96,58.96,58.96,58.96,58.96,58.96,58.96,58.96
Ocean Park,105.9438996,20.9881327,57.83,57.83,57.83,57.83,57.83,57.83,57.83,57.83,57.83,57.83,57.83,57.83,57.83,57.83,57.83,57.83,57.83
Ocean Park,105.9442844,20.9881306,57.05,57.05,57.05,57.05,57.05,57.05,57.05,57.05,57.05,57.05,57.05,57.05,57.05,57.05,57.05,57.05,57.05
Ocean Park,105.9446692,20.9881284,56.4,56.4,56.4,56.4,56.4,56.4,56.4,56.4,56.4,56.4,56.4,56.4,56.4,56.4,56.4,56.4,56.4
Ocean Park,105.945054,20.9881263,55.8,55.8,55.8,55.8,55.8,55.8,55.8,55.8,55.8,55.8,55.8,55.8,55.8,55.8,55.8,55.8,55.8
Ocean Park,105.9454388,20.9881242,55.24,55.24,55.24,55.24,55.24,55.24,55.24,55.24,55.24,55.24,55.24,55.24,55.24,55.24,55.24,55.24,55.24
Ocean Park,105.9458236,20.988122,54.72,54.72,54.72,54.72,54.72,54.72,54.72,54.72,54.72,54.72,54.72,54.72,54.72,54.72,54.72,54.72,54.72
Ocean Park,105.9462084,20.9881199,54.37,54.37,54.37,54.37,54.37,54.37,54.37,54.37,54.37,54.37,54.37,54.37,54.37,54.37,54.37,54.37,54.37
Ocean Park,105.9465932,20.9881178,54.35,54.35,54.35,54.35,54.35,54.35,54.35,54.35,54.35,54.35,54.35,54.35,54.35,54.35,54.35,54.35,54.35
Ocean Park,105.946978,20.9881156,54.38,54.38,54.38,54.38,54.38,54.38,54.38,54.38,54.38,54.38,54.38,54.38,54.38,54.38,54.38,54.38,54.38
Ocean Park,105.9473628,20.9881135,54.54,54.54,54.54,54.54,54.54,54.54,54.54,54.54,54.54,54.54,54.54,54.54,54.54,54.54,54.54,54.54,54.54
Ocean Park,105.9477476,20.9881113,54.97,54.97,54.97,54.97,54.97,54.97,54.97,54.97,54.97,54.97,54.97,54.97,54.97,54.97,54.97,54.97,54.97
Ocean Park,105.9481324,20.9881092,55.59,55.59,55.59,55.59,55.59,55.59,55.59,55.59,55.59,55.59,55.59,55.59,55.59,55.59,55.59,55.59,55.59
Ocean Park,105.9485172,20.988107,56.46,56.46,56.46,56.46,56.46,56.46,56.46,56.46,56.46,56.46,56.46,56.46,56.46,56.46,56.46,56.46,56.46
Ocean Park,105.948902,20.9881049,57.77,57.77,57.77,57.77,57.77,57.77,57.77,57.77,57.77,57.77,57.77,57.77,57.77,57.77,57.77,57.77,57.77
Ocean Park,105.9492868,20.9881028,60.1,60.1,60.1,60.1,60.1,60.1,60.1,60.1,60.1,60.1,60.1,60.1,60.1,60.1,60.1,60.1,60.1
Ocean Park,105.9496716,20.9881006,67.53,67.53,67.53,67.53,67.53,67.53,67.53,67.53,67.53,67.53,67.53,67.53,67.53,67.53,67.53,67.53,67.53
Ocean Park,105.9500563,20.9880985,61.77,61.77,61.77,61.77,61.77,61.77,61.77,61.77,61.77,61.77,61.77,61.77,61.77,61.77,61.77,61.77,61.77
Ocean Park,105.9504411,20.9880963,58.86,58.86,58.86,58.86,58.86,58.86,58.86,58.86,58.86,58.86,58.86,58.86,58.86,58.86,58.86,58.86,58.86
Ocean Park,105.9508259,20.9880942,60.79,60.79,60.79,60.79,60.79,60.79,60.79,60.79,60.79,60.79,60.79,60.79,60.79,60.79,60.79,60.79,60.79
Ocean Park,105.9512107,20.988092,64.85,64.85,64.85,64.85,64.85,64.85,64.85,64.85,64.85,64.85,64.85,64.85,64.85,64.85,64.85,64.85,64.85
Ocean Park,105.9515955,20.9880899,68.84,68.84,68.84,68.84,68.84,68.84,68.84,68.84,68.84,68.84,68.84,68.84,68.84,68.84,68.84,68.84,68.84
Ocean Park,105.9519803,20.9880877,64.62,64.62,64.62,64.62,64.62,64.62,64.62,64.62,64.62,64.62,64.62,64.62,64.62,64.62,64.62,64.62,64.62
Ocean Park,105.9523651,20.9880856,68.84,68.84,68.84,68.84,68.84,68.84,68.84,68.84,68.84,68.84,68.84,68.84,68.84,68.84,68.84,68.84,68.84
Ocean Park,105.9527499,20.9880834,62.45,62.45,62.45,62.45,62.45,62.45,62.45,62.45,62.45,62.45,62.45,62.45,62.45,62.45,62.45,62.45,62.45
Ocean Park,105.9327428,20.9885556,59.32,59.32,59.32,59.32,59.32,59.32,59.32,59.32,59.32,59.32,59.32,59.32,59.32,59.32,59.32,59.32,59.32
Ocean Park,105.9331276,20.9885535,59.33,59.33,59.33,59.33,59.33,59.33,59.33,59.33,59.33,59.33,59.33,59.33,59.33,59.33,59.33,59.33,59.33
Ocean Park,105.9335124,20.9885513,60.88,60.88,60.88,60.88,60.88,60.88,60.88,60.88,60.88,60.88,60.88,60.88,60.88,60.88,60.88,60.88,60.88
Ocean Park,105.9338972,20.9885492,68.87,68.87,68.87,68.87,68.87,68.87,68.87,68.87,68.87,68.87,68.87,68.87,68.87,68.87,68.87,68.87,68.87
Ocean Park,105.934282,20.9885471,61.77,61.77,61.77,61.77,61.77,61.77,61.77,61.77,61.77,61.77,61.77,61.77,61.77,61.77,61.77,61.77,61.77
Ocean Park,105.9346668,20.988545,62.1,62.1,62.1,62.1,62.1,62.1,62.1,62.1,62.1,62.1,62.1,62.1,62.1,62.1,62.1,62.1,62.1
Ocean Park,105.9350515,20.9885429,68.89,68.89,68.89,68.89,68.89,68.89,68.89,68.89,68.89,68.89,68.89,68.89,68.89,68.89,68.89,68.89,68.89
Ocean Park,105.9354363,20.9885408,63.82,63.82,63.82,63.82,63.82,63.82,63.82,63.82,63.82,63.82,63.82,63.82,63.82,63.82,63.82,63.82,63.82
Ocean Park,105.9358211,20.9885387,63.45,63.45,63.45,63.45,63.45,63.45,63.45,63.45,63.45,63.45,63.45,63.45,63.45,63.45,63.45,63.45,63.45
Ocean Park,105.9362059,20.9885366,68.92,68.92,68.92,68.92,68.92,68.92,68.92,68.92,68.92,68.92,68.92,68.92,68.92,68.92,68.92,68.92,68.92
Ocean Park,105.9365907,20.9885344,68.28,68.28,68.28,68.28,68.28,68.28,68.28,68.28,68.28,68.28,68.28,68.28,68.28,68.28,68.28,68.28,68.28
Ocean Park,105.9369755,20.9885323,60.5,60.5,60.5,60.5,60.5,60.5,60.5,60.5,60.5,60.5,60.5,60.5,60.5,60.5,60.5,60.5,60.5
Ocean Park,105.9373603,20.9885302,65.27,65.27,65.27,65.27,65.27,65.27,65.27,65.27,65.27,65.27,65.27,65.27,65.27,65.27,65.27,65.27,65.27
Ocean Park,105.9377451,20.9885281,63.15,63.15,63.15,63.15,63.15,63.15,63.15,63.15,63.15,63.15,63.15,63.15,63.15,63.15,63.15,63.15,63.15
Ocean Park,105.9381299,20.988526,60.77,60.77,60.77,60.77,60.77,60.77,60.77,60.77,60.77,60.77,60.77,60.77,60.77,60.77,60.77,60.77,60.77
Ocean Park,105.9385147,20.9885239,61.29,61.29,61.29,61.29,61.29,61.29,61.29,61.29,61.29,61.29,61.29,61.29,61.29,61.29,61.29,61.29,61.29
Ocean Park,105.9388995,20.9885217,63.04,63.04,63.04,63.04,63.04,63.04,63.04,63.04,63.04,63.04,63.04,63.04,63.04,63.04,63.04,63.04,63.04
Ocean Park,105.9392843,20.9885196,69.98,69.98,69.98,69.98,69.98,69.98,69.98,69.98,69.98,69.98,69.98,69.98,69.98,69.98,69.98,69.98,69.98
Ocean Park,105.9396691,20.9885175,62.87,62.87,62.87,62.87,62.87,62.87,62.87,62.87,62.87,62.87,62.87,62.87,62.87,62.87,62.87,62.87,62.87
Ocean Park,105.9400539,20.9885154,63.47,63.47,63.47,63.47,63.47,63.47,63.47,63.47,63.47,63.47,63.47,63.47,63.47,63.47,63.47,63.47,63.47
Ocean Park,105.9404387,20.9885132,69.3,69.3,69.3,69.3,69.3,69.3,69.3,69.3,69.3,69.3,69.3,69.3,69.3,69.3,69.3,69.3,69.3
Ocean Park,105.9408235,20.9885111,62.57,62.57,62.57,62.57,62.57,62.57,62.57,62.57,62.57,62.57,62.57,62.57,62.57,62.57,62.57,62.57,62.57
Ocean Park,105.9412083,20.988509,61.84,61.84,61.84,61.84,61.84,61.84,61.84,61.84,61.84,61.84,61.84,61.84,61.84,61.84,61.84,61.84,61.84
Ocean Park,105.9415931,20.9885069,64.84,64.84,64.84,64.84,64.84,64.84,64.84,64.84,64.84,64.84,64.84,64.84,64.84,64.84,64.84,64.84,64.84
Ocean Park,105.9419779,20.9885047,66.58,66.58,66.58,66.58,66.58,66.58,66.58,66.58,66.58,66.58,66.58,66.58,66.58,66.58,66.58,66.58,66.58
Ocean Park,105.9423627,20.9885026,69.67,69.67,69.67,69.67,69.67,69.67,69.67,69.67,69.67,69.67,69.67,69.67,69.67,69.67,69.67,69.67,69.67
Ocean Park,105.9427475,20.9885005,65.17,65.17,65.17,65.17,65.17,65.17,65.17,65.17,65.17,65.17,65.17,65.17,65.17,65.17,65.17,65.17,65.17
Ocean Park,105.9431323,20.9884983,61.1,61.1,61.1,61.1,61.1,61.1,61.1,61.1,61.1,61.1,61.1,61.1,61.1,61.1,61.1,61.1,61.1
Ocean Park,105.9435171,20.9884962,59.22,59.22,59.22,59.22,59.22,59.22,59.22,59.22,59.22,59.22,59.22,59.22,59.22,59.22,59.22,59.22,59.22
Ocean Park,105.9439019,20.9884941,58.02,58.02,58.02,58.02,58.02,58.02,58.02,58.02,58.02,58.02,58.02,58.02,58.02,58.02,58.02,58.02,58.02
Ocean Park,105.9442867,20.9884919,57.11,57.11,57.11,57.11,57.11,57.11,57.11,57.11,57.11,57.11,57.11,57.11,57.11,57.11,57.11,57.11,57.11
Ocean Park,105.9446715,20.9884898,56.33,56.33,56.33,56.33,56.33,56.33,56.33,56.33,56.33,56.33,56.33,56.33,56.33,56.33,56.33,56.33,56.33
Ocean Park,105.9450563,20.9884877,55.73,55.73,55.73,55.73,55.73,55.73,55.73,55.73,55.73,55.73,55.73,55.73,55.73,55.73,55.73,55.73,55.73
Ocean Park,105.9454411,20.9884855,55.2,55.2,55.2,55.2,55.2,55.2,55.2,55.2,55.2,55.2,55.2,55.2,55.2,55.2,55.2,55.2,55.2
Ocean Park,105.9458259,20.9884834,54.87,54.87,54.87,54.87,54.87,54.87,54.87,54.87,54.87,54.87,54.87,54.87,54.87,54.87,54.87,54.87,54.87
Ocean Park,105.9462107,20.9884813,54.79,54.79,54.79,54.79,54.79,54.79,54.79,54.79,54.79,54.79,54.79,54.79,54.79,54.79,54.79,54.79,54.79
Ocean Park,105.9465955,20.9884791,54.79,54.79,54.79,54.79,54.79,54.79,54.79,54.79,54.79,54.79,54.79,54.79,54.79,54.79,54.79,54.79,54.79
Ocean Park,105.9469803,20.988477,54.87,54.87,54.87,54.87,54.87,54.87,54.87,54.87,54.87,54.87,54.87,54.87,54.87,54.87,54.87,54.87,54.87
Ocean Park,105.9473651,20.9884749,55.02,55.02,55.02,55.02,55.02,55.02,55.02,55.02,55.02,55.02,55.02,55.02,55.02,55.02,55.02,55.02,55.02
Ocean Park,105.9477499,20.9884727,55.25,55.25,55.25,55.25,55.25,55.25,55.25,55.25,55.25,55.25,55.25,55.25,55.25,55.25,55.25,55.25,55.25
Ocean Park,105.9481347,20.9884706,55.58,55.58,55.58,55.58,55.58,55.58,55.58,55.58,55.58,55.58,55.58,55.58,55.58,55.58,55.58,55.58,55.58
Ocean Park,105.9485194,20.9884684,56.02,56.02,56.02,56.02,56.02,56.02,56.02,56.02,56.02,56.02,56.02,56.02,56.02,56.02,56.02,56.02,56.02
Ocean Park,105.9489042,20.9884663,56.84,56.84,56.84,56.84,56.84,56.84,56.84,56.84,56.84,56.84,56.84,56.84,56.84,56.84,56.84,56.84,56.84
Ocean Park,105.949289,20.9884641,58.4,58.4,58.4,58.4,58.4,58.4,58.4,58.4,58.4,58.4,58.4,58.4,58.4,58.4,58.4,58.4,58.4
Ocean Park,105.9496738,20.988462,61.44,61.44,61.44,61.44,61.44,61.44,61.44,61.44,61.44,61.44,61.44,61.44,61.44,61.44,61.44,61.44,61.44
Ocean Park,105.9500586,20.9884598,68.85,68.85,68.85,68.85,68.85,68.85,68.85,68.85,68.85,68.85,68.85,68.85,68.85,68.85,68.85,68.85,68.85
Ocean Park,105.9504434,20.9884577,62.98,62.98,62.98,62.98,62.98,62.98,62.98,62.98,62.98,62.98,62.98,62.98,62.98,62.98,62.98,62.98,62.98
Ocean Park,105.9508282,20.9884556,68.85,68.85,68.85,68.85,68.85,68.85,68.85,68.85,68.85,68.85,68.85,68.85,68.85,68.85,68.85,68.85,68.85
Ocean Park,105.951213,20.9884534,68.84,68.84,68.84,68.84,68.84,68.84,68.84,68.84,68.84,68.84,68.84,68.84,68.84,68.84,68.84,68.84,68.84
Ocean Park,105.9515978,20.9884513,68.84,68.84,68.84,68.84,68.84,68.84,68.84,68.84,68.84,68.84,68.84,68.84,68.84,68.84,68.84,68.84,68.84
Ocean Park,105.9519826,20.9884491,67.51,67.51,67.51,67.51,67.51,67.51,67.51,67.51,67.51,67.51,67.51,67.51,67.51,67.51,67.51,67.51,67.51
Ocean Park,105.9523674,20.988447,61.55,61.55,61.55,61.55,61.55,61.55,61.55,61.55,61.55,61.55,61.55,61.55,61.55,61.55,61.55,61.55,61.55
Ocean Park,105.9527522,20.9884448,68.84,68.84,68.84,68.84,68.84,68.84,68.84,68.84,68.84,68.84,68.84,68.84,68.84,68.84,68.84,68.84,68.84
Ocean Park,105.932745,20.9889169,57.17,57.17,57.17,57.17,57.17,57.17,57.17,57.17,57.17,57.17,57.17,57.17,57.17,57.17,57.17,57.17,57.17
Ocean Park,105.9331298,20.9889148,57.21,57.21,57.21,57.21,57.21,57.21,57.21,57.21,57.21,57.21,57.21,57.21,57.21,57.21,57.21,57.21,57.21
Ocean Park,105.9335146,20.9889127,58.75,58.75,58.75,58.75,58.75,58.75,58.75,58.75,58.75,58.75,58.75,58.75,58.75,58.75,58.75,58.75,58.75
Ocean Park,105.9338994,20.9889106,61.58,61.58,61.58,61.58,61.58,61.58,61.58,61.58,61.58,61.58,61.58,61.58,61.58,61.58,61.58,61.58,61.58
Ocean Park,105.9342842,20.9889085,68.88,68.88,68.88,68.88,68.88,68.88,68.88,68.88,68.88,68.88,68.88,68.88,68.88,68.88,68.88,68.88,68.88
Ocean Park,105.934669,20.9889064,60.82,60.82,60.82,60.82,60.82,60.82,60.82,60.82,60.82,60.82,60.82,60.82,60.82,60.82,60.82,60.82,60.82
Ocean Park,105.9350538,20.9889043,68.9,68.9,68.9,68.9,68.9,68.9,68.9,68.9,68.9,68.9,68.9,68.9,68.9,68.9,68.9,68.9,68.9
Ocean Park,105.9354386,20.9889022,68.91,68.91,68.91,68.91,68.91,68.91,68.91,68.91,68.91,68.91,68.91,68.91,68.91,68.91,68.91,68.91,68.91
Ocean Park,105.9358234,20.9889001,61.72,61.72,61.72,61.72,61.72,61.72,61.72,61.72,61.72,61.72,61.72,61.72,61.72,61.72,61.72,61.72,61.72
Ocean Park,105.9362082,20.9888979,66.67,66.67,66.67,66.67,66.67,66.67,66.67,66.67,66.67,66.67,66.67,66.67,66.67,66.67,66.67,66.67,66.67
Ocean Park,105.936593,20.9888958,64.0,64.0,64.0,64.0,64.0,64.0,64.0,64.0,64.0,64.0,64.0,64.0,64.0,64.0,64.0,64.0,64.0
Ocean Park,105.9369778,20.9888937,62.75,62.75,62.75,62.75,62.75,62.75,62.75,62.75,62.75,62.75,62.75,62.75,62.75,62.75,62.75,62.75,62.75
Ocean Park,105.9373626,20.9888916,66.24,66.24,66.24,66.24,66.24,66.24,66.24,66.24,66.24,66.24,66.24,66.24,66.24,66.24,66.24,66.24,66.24
Ocean Park,105.9377474,20.9888895,66.18,66.18,66.18,66.18,66.18,66.18,66.18,66.18,66.18,66.18,66.18,66.18,66.18,66.18,66.18,66.18,66.18
Ocean Park,105.9381322,20.9888873,64.77,64.77,64.77,64.77,64.77,64.77,64.77,64.77,64.77,64.77,64.77,64.77,64.77,64.77,64.77,64.77,64.77
Ocean Park,105.938517,20.9888852,64.46,64.46,64.46,64.46,64.46,64.46,64.46,64.46,64.46,64.46,64.46,64.46,64.46,64.46,64.46,64.46,64.46
Ocean Park,105.9389018,20.9888831,69.13,69.13,69.13,69.13,69.13,69.13,69.13,69.13,69.13,69.13,69.13,69.13,69.13,69.13,69.13,69.13,69.13
Ocean Park,105.9392866,20.988881,64.13,64.13,64.13,64.13,64.13,64.13,64.13,64.13,64.13,64.13,64.13,64.13,64.13,64.13,64.13,64.13,64.13
Ocean Park,105.9396714,20.9888789,63.07,63.07,63.07,63.07,63.07,63.07,63.07,63.07,63.07,63.07,63.07,63.07,63.07,63.07,63.07,63.07,63.07
Ocean Park,105.9400562,20.9888767,69.95,69.95,69.95,69.95,69.95,69.95,69.95,69.95,69.95,69.95,69.95,69.95,69.95,69.95,69.95,69.95,69.95
Ocean Park,105.940441,20.9888746,62.91,62.91,62.91,62.91,62.91,62.91,62.91,62.91,62.91,62.91,62.91,62.91,62.91,62.91,62.91,62.91,62.91
Ocean Park,105.9408258,20.9888725,61.74,61.74,61.74,61.74,61.74,61.74,61.74,61.74,61.74,61.74,61.74,61.74,61.74,61.74,61.74,61.74,61.74
Ocean Park,105.9412106,20.9888704,63.55,63.55,63.55,63.55,63.55,63.55,63.55,63.55,63.55,63.55,63.55,63.55,63.55,63.55,63.55,63.55,63.55
Ocean Park,105.9415954,20.9888682,66.88,66.88,66.88,66.88,66.88,66.88,66.88,66.88,66.88,66.88,66.88,66.88,66.88,66.88,66.88,66.88,66.88
Ocean Park,105.9419802,20.9888661,62.87,62.87,62.87,62.87,62.87,62.87,62.87,62.87,62.87,62.87,62.87,62.87,62.87,62.87,62.87,62.87,62.87
Ocean Park,105.942365,20.988864,65.77,65.77,65.77,65.77,65.77,65.77,65.77,65.77,65.77,65.77,65.77,65.77,65.77,65.77,65.77,65.77,65.77
Ocean Park,105.9427498,20.9888619,69.97,69.97,69.97,69.97,69.97,69.97,69.97,69.97,69.97,69.97,69.97,69.97,69.97,69.97,69.97,69.97,69.97
Ocean Park,105.9431346,20.9888597,62.93,62.93,62.93,62.93,62.93,62.93,62.93,62.93,62.93,62.93,62.93,62.93,62.93,62.93,62.93,62.93,62.93
Ocean Park,105.9435194,20.9888576,60.38,60.38,60.38,60.38,60.38,60.38,60.38,60.38,60.38,60.38,60.38,60.38,60.38,60.38,60.38,60.38,60.38
Ocean Park,105.9439042,20.9888555,58.89,58.89,58.89,58.89,58.89,58.89,58.89,58.89,58.89,58.89,58.89,58.89,58.89,58.89,58.89,58.89,58.89
Ocean Park,105.944289,20.9888533,57.75,57.75,57.75,57.75,57.75,57.75,57.75,57.75,57.75,57.75,57.75,57.75,57.75,57.75,57.75,57.75,57.75
Ocean Park,105.9446738,20.9888512,56.83,56.83,56.83,56.83,56.83,56.83,56.83,56.83,56.83,56.83,56.83,56.83,56.83,56.83,56.83,56.83,56.83
Ocean Park,105.9450586,20.9888491,56.05,56.05,56.05,56.05,56.05,56.05,56.05,56.05,56.05,56.05,56.05,56.05,56.05,56.05,56.05,56.05,56.05
Ocean Park,105.9454434,20.9888469,55.47,55.47,55.47,55.47,55.47,55.47,55.47,55.47,55.47,55.47,55.47,55.47,55.47,55.47,55.47,55.47,55.47
Ocean Park,105.9458281,20.9888448,55.32,55.32,55.32,55.32,55.32,55.32,55.32,55.32,55.32,55.32,55.32,55.32,55.32,55.32,55.32,55.32,55.32
Ocean Park,105.9462129,20.9888426,55.27,55.27,55.27,55.27,55.27,55.27,55.27,55.27,55.27,55.27,55.27,55.27,55.27,55.27,55.27,55.27,55.27
Ocean Park,105.9465977,20.9888405,55.31,55.31,55.31,55.31,55.31,55.31,55.31,55.31,55.31,55.31,55.31,55.31,55.31,55.31,55.31,55.31,55.31
Ocean Park,105.9469825,20.9888384,55.45,55.45,55.45,55.45,55.45,55.45,55.45,55.45,55.45,55.45,55.45,55.45,55.45,55.45,55.45,55.45,55.45
Ocean Park,105.9473673,20.9888362,55.69,55.69,55.69,55.69,55.69,55.69,55.69,55.69,55.69,55.69,55.69,55.69,55.69,55.69,55.69,55.69,55.69
Ocean Park,105.9477521,20.9888341,56.04,56.04,56.04,56.04,56.04,56.04,56.04,56.04,56.04,56.04,56.04,56.04,56.04,56.04,56.04,56.04,56.04
Ocean Park,105.9481369,20.9888319,56.53,56.53,56.53,56.53,56.53,56.53,56.53,56.53,56.53,56.53,56.53,56.53,56.53,56.53,56.53,56.53,56.53
Ocean Park,105.9485217,20.9888298,57.2,57.2,57.2,57.2,57.2,57.2,57.2,57.2,57.2,57.2,57.2,57.2,57.2,57.2,57.2,57.2,57.2
Ocean Park,105.9489065,20.9888277,58.13,58.13,58.13,58.13,58.13,58.13,58.13,58.13,58.13,58.13,58.13,58.13,58.13,58.13,58.13,58.13,58.13
Ocean Park,105.9492913,20.9888255,59.49,59.49,59.49,59.49,59.49,59.49,59.49,59.49,59.49,59.49,59.49,59.49,59.49,59.49,59.49,59.49,59.49
Ocean Park,105.9496761,20.9888234,61.78,61.78,61.78,61.78,61.78,61.78,61.78,61.78,61.78,61.78,61.78,61.78,61.78,61.78,61.78,61.78,61.78
Ocean Park,105.9500609,20.9888212,67.95,67.95,67.95,67.95,67.95,67.95,67.95,67.95,67.95,67.95,67.95,67.95,67.95,67.95,67.95,67.95,67.95
Ocean Park,105.9504457,20.9888191,68.85,68.85,68.85,68.85,68.85,68.85,68.85,68.85,68.85,68.85,68.85,68.85,68.85,68.85,68.85,68.85,68.85
Ocean Park,105.9508305,20.9888169,68.85,68.85,68.85,68.85,68.85,68.85,68.85,68.85,68.85,68.85,68.85,68.85,68.85,68.85,68.85,68.85,68.85
Ocean Park,105.9512153,20.9888148,62.8,62.8,62.8,62.8,62.8,62.8,62.8,62.8,62.8,62.8,62.8,62.8,62.8,62.8,62.8,62.8,62.8
Ocean Park,105.9516001,20.9888126,66.16,66.16,66.16,66.16,66.16,66.16,66.16,66.16,66.16,66.16,66.16,66.16,66.16,66.16,66.16,66.16,66.16
Ocean Park,105.9519849,20.9888105,64.68,64.68,64.68,64.68,64.68,64.68,64.68,64.68,64.68,64.68,64.68,64.68,64.68,64.68,64.68,64.68,64.68
Ocean Park,105.9523697,20.9888083,67.1,67.1,67.1,67.1,67.1,67.1,67.1,67.1,67.1,67.1,67.1,67.1,67.1,67.1,67.1,67.1,67.1
Ocean Park,105.9527545,20.9888062,61.05,61.05,61.05,61.05,61.05,61.05,61.05,61.05,61.05,61.05,61.05,61.05,61.05,61.05,61.05,61.05,61.05
Ocean Park,105.9327472,20.9892783,55.98,55.98,55.98,55.98,55.98,55.98,55.98,55.98,55.98,55.98,55.98,55.98,55.98,55.98,55.98,55.98,55.98
Ocean Park,105.933132,20.9892762,56.42,56.42,56.42,56.42,56.42,56.42,56.42,56.42,56.42,56.42,56.42,56.42,56.42,56.42,56.42,56.42,56.42
Ocean Park,105.9335168,20.9892741,57.52,57.52,57.52,57.52,57.52,57.52,57.52,57.52,57.52,57.52,57.52,57.52,57.52,57.52,57.52,57.52,57.52
Ocean Park,105.9339016,20.989272,59.26,59.26,59.26,59.26,59.26,59.26,59.26,59.26,59.26,59.26,59.26,59.26,59.26,59.26,59.26,59.26,59.26
Ocean Park,105.9342864,20.9892699,63.21,63.21,63.21,63.21,63.21,63.21,63.21,63.21,63.21,63.21,63.21,63.21,63.21,63.21,63.21,63.21,63.21
Ocean Park,105.9346712,20.9892678,64.44,64.44,64.44,64.44,64.44,64.44,64.44,64.44,64.44,64.44,64.44,64.44,64.44,64.44,64.44,64.44,64.44
Ocean Park,105.935056,20.9892657,62.75,62.75,62.75,62.75,62.75,62.75,62.75,62.75,62.75,62.75,62.75,62.75,62.75,62.75,62.75,62.75,62.75
Ocean Park,105.9354408,20.9892635,68.92,68.92,68.92,68.92,68.92,68.92,68.92,68.92,68.92,68.92,68.92,68.92,68.92,68.92,68.92,68.92,68.92
Ocean Park,105.9358256,20.9892614,65.31,65.31,65.31,65.31,65.31,65.31,65.31,65.31,65.31,65.31,65.31,65.31,65.31,65.31,65.31,65.31,65.31
Ocean Park,105.9362104,20.9892593,66.01,66.01,66.01,66.01,66.01,66.01,66.01,66.01,66.01,66.01,66.01,66.01,66.01,66.01,66.01,66.01,66.01
Ocean Park,105.9365952,20.9892572,62.17,62.17,62.17,62.17,62.17,62.17,62.17,62.17,62.17,62.17,62.17,62.17,62.17,62.17,62.17,62.17,62.17
Ocean Park,105.93698,20.9892551,61.15,61.15,61.15,61.15,61.15,61.15,61.15,61.15,61.15,61.15,61.15,61.15,61.15,61.15,61.15,61.15,61.15
Ocean Park,105.9373648,20.989253,62.68,62.68,62.68,62.68,62.68,62.68,62.68,62.68,62.68,62.68,62.68,62.68,62.68,62.68,62.68,62.68,62.68
Ocean Park,105.9377496,20.9892508,62.92,62.92,62.92,62.92,62.92,62.92,62.92,62.92,62.92,62.92,62.92,62.92,62.92,62.92,62.92,62.92,62.92
Ocean Park,105.9381344,20.9892487,64.57,64.57,64.57,64.57,64.57,64.57,64.57,64.57,64.57,64.57,64.57,64.57,64.57,64.57,64.57,64.57,64.57
Ocean Park,105.9385192,20.9892466,68.59,68.59,68.59,68.59,68.59,68.59,68.59,68.59,68.59,68.59,68.59,68.59,68.59,68.59,68.59,68.59,68.59
Ocean Park,105.938904,20.9892445,66.34,66.34,66.34,66.34,66.34,66.34,66.34,66.34,66.34,66.34,66.34,66.34,66.34,66.34,66.34,66.34,66.34
Ocean Park,105.9392888,20.9892424,63.19,63.19,63.19,63.19,63.19,63.19,63.19,63.19,63.19,63.19,63.19,63.19,63.19,63.19,63.19,63.19,63.19
Ocean Park,105.9396736,20.9892402,69.97,69.97,69.97,69.97,69.97,69.97,69.97,69.97,69.97,69.97,69.97,69.97,69.97,69.97,69.97,69.97,69.97
Ocean Park,105.9400584,20.9892381,63.34,63.34,63.34,63.34,63.34,63.34,63.34,63.34,63.34,63.34,63.34,63.34,63.34,63.34,63.34,63.34,63.34
Ocean Park,105.9404432,20.989236,61.73,61.73,61.73,61.73,61.73,61.73,61.73,61.73,61.73,61.73,61.73,61.73,61.73,61.73,61.73,61.73,61.73
Ocean Park,105.940828,20.9892339,62.95,62.95,62.95,62.95,62.95,62.95,62.95,62.95,62.95,62.95,62.95,62.95,62.95,62.95,62.95,62.95,62.95
Ocean Park,105.9412128,20.9892317,69.03,69.03,69.03,69.03,69.03,69.03,69.03,69.03,69.03,69.03,69.03,69.03,69.03,69.03,69.03,69.03,69.03
Ocean Park,105.9415976,20.9892296,61.92,61.92,61.92,61.92,61.92,61.92,61.92,61.92,61.92,61.92,61.92,61.92,61.92,61.92,61.92,61.92,61.92
Ocean Park,105.9419824,20.9892275,61.03,61.03,61.03,61.03,61.03,61.03,61.03,61.03,61.03,61.03,61.03,61.03,61.03,61.03,61.03,61.03,61.03
Ocean Park,105.9423672,20.9892254,62.58,62.58,62.58,62.58,62.58,62.58,62.58,62.58,62.58,62.58,62.58,62.58,62.58,62.58,62.58,62.58,62.58
Ocean Park,105.942752,20.9892232,70.06,70.06,70.06,70.06,70.06,70.06,70.06,70.06,70.06,70.06,70.06,70.06,70.06,70.06,70.06,70.06,70.06
Ocean Park,105.9431368,20.9892211,67.5,67.5,67.5,67.5,67.5,67.5,67.5,67.5,67.5,67.5,67.5,67.5,67.5,67.5,67.5,67.5,67.5
Ocean Park,105.9435216,20.989219,62.05,62.05,62.05,62.05,62.05,62.05,62.05,62.05,62.05,62.05,62.05,62.05,62.05,62.05,62.05,62.05,62.05
Ocean Park,105.9439064,20.9892168,59.89,59.89,59.89,59.89,59.89,59.89,59.89,59.89,59.89,59.89,59.89,59.89,59.89,59.89,59.89,59.89,59.89
Ocean Park,105.9442912,20.9892147,58.43,58.43,58.43,58.43,58.43,58.43,58.43,58.43,58.43,58.43,58.43,58.43,58.43,58.43,58.43,58.43,58.43
Ocean Park,105.944676,20.9892126,57.32,57.32,57.32,57.32,57.32,57.32,57.32,57.32,57.32,57.32,57.32,57.32,57.32,57.32,57.32,57.32,57.32
Ocean Park,105.9450608,20.9892104,56.44,56.44,56.44,56.44,56.44,56.44,56.44,56.44,56.44,56.44,56.44,56.44,56.44,56.44,56.44,56.44,56.44
Ocean Park,105.9454456,20.9892083,55.97,55.97,55.97,55.97,55.97,55.97,55.97,55.97,55.97,55.97,55.97,55.97,55.97,55.97,55.97,55.97,55.97
Ocean Park,105.9458304,20.9892062,55.83,55.83,55.83,55.83,55.83,55.83,55.83,55.83,55.83,55.83,55.83,55.83,55.83,55.83,55.83,55.83,55.83
Ocean Park,105.9462152,20.989204,55.82,55.82,55.82,55.82,55.82,55.82,55.82,55.82,55.82,55.82,55.82,55.82,55.82,55.82,55.82,55.82,55.82
Ocean Park,105.9466,20.9892019,55.93,55.93,55.93,55.93,55.93,55.93,55.93,55.93,55.93,55.93,55.93,55.93,55.93,55.93,55.93,55.93,55.93
Ocean Park,105.9469848,20.9891997,56.17,56.17,56.17,56.17,56.17,56.17,56.17,56.17,56.17,56.17,56.17,56.17,56.17,56.17,56.17,56.17,56.17
Ocean Park,105.9473696,20.9891976,56.55,56.55,56.55,56.55,56.55,56.55,56.55,56.55,56.55,56.55,56.55,56.55,56.55,56.55,56.55,56.55,56.55
Ocean Park,105.9477544,20.9891955,57.11,57.11,57.11,57.11,57.11,57.11,57.11,57.11,57.11,57.11,57.11,57.11,57.11,57.11,57.11,57.11,57.11
Ocean Park,105.9481392,20.9891933,57.89,57.89,57.89,57.89,57.89,57.89,57.89,57.89,57.89,57.89,57.89,57.89,57.89,57.89,57.89,57.89,57.89
Ocean Park,105.948524,20.9891912,59.04,59.04,59.04,59.04,59.04,59.04,59.04,59.04,59.04,59.04,59.04,59.04,59.04,59.04,59.04,59.04,59.04
Ocean Park,105.9489088,20.989189,60.89,60.89,60.89,60.89,60.89,60.89,60.89,60.89,60.89,60.89,60.89,60.89,60.89,60.89,60.89,60.89,60.89
Ocean Park,105.9492936,20.9891869,64.83,64.83,64.83,64.83,64.83,64.83,64.83,64.83,64.83,64.83,64.83,64.83,64.83,64.83,64.83,64.83,64.83
Ocean Park,105.9496784,20.9891847,68.86,68.86,68.86,68.86,68.86,68.86,68.86,68.86,68.86,68.86,68.86,68.86,68.86,68.86,68.86,68.86,68.86
Ocean Park,105.9500632,20.9891826,63.31,63.31,63.31,63.31,63.31,63.31,63.31,63.31,63.31,63.31,63.31,63.31,63.31,63.31,63.31,63.31,63.31
Ocean Park,105.950448,20.9891805,68.85,68.85,68.85,68.85,68.85,68.85,68.85,68.85,68.85,68.85,68.85,68.85,68.85,68.85,68.85,68.85,68.85
Ocean Park,105.9508328,20.9891783,61.98,61.98,61.98,61.98,61.98,61.98,61.98,61.98,61.98,61.98,61.98,61.98,61.98,61.98,61.98,61.98,61.98
Ocean Park,105.9512176,20.9891762,68.85,68.85,68.85,68.85,68.85,68.85,68.85,68.85,68.85,68.85,68.85,68.85,68.85,68.85,68.85,68.85,68.85
Ocean Park,105.9516024,20.989174,65.4,65.4,65.4,65.4,65.4,65.4,65.4,65.4,65.4,65.4,65.4,65.4,65.4,65.4,65.4,65.4,65.4
Ocean Park,105.9519872,20.9891719,67.1,67.1,67.1,67.1,67.1,67.1,67.1,67.1,67.1,67.1,67.1,67.1,67.1,67.1,67.1,67.1,67.1
Ocean Park,105.952372,20.9891697,64.83,64.83,64.83,64.83,64.83,64.83,64.83,64.83,64.83,64.83,64.83,64.83,64.83,64.83,64.83,64.83,64.83
Ocean Park,105.9527568,20.9891676,62.55,62.55,62.55,62.55,62.55,62.55,62.55,62.55,62.55,62.55,62.55,62.55,62.55,62.55,62.55,62.55,62.55
Ocean Park,105.9327495,20.9896397,55.94,55.94,55.94,55.94,55.94,55.94,55.94,55.94,55.94,55.94,55.94,55.94,55.94,55.94,55.94,55.94,55.94
Ocean Park,105.9331343,20.9896376,55.87,55.87,55.87,55.87,55.87,55.87,55.87,55.87,55.87,55.87,55.87,55.87,55.87,55.87,55.87,55.87,55.87
Ocean Park,105.9335191,20.9896355,56.79,56.79,56.79,56.79,56.79,56.79,56.79,56.79,56.79,56.79,56.79,56.79,56.79,56.79,56.79,56.79,56.79
Ocean Park,105.9339039,20.9896334,58.12,58.12,58.12,58.12,58.12,58.12,58.12,58.12,58.12,58.12,58.12,58.12,58.12,58.12,58.12,58.12,58.12
Ocean Park,105.9342887,20.9896313,60.36,60.36,60.36,60.36,60.36,60.36,60.36,60.36,60.36,60.36,60.36,60.36,60.36,60.36,60.36,60.36,60.36
Ocean Park,105.9346735,20.9896291,67.64,67.64,67.64,67.64,67.64,67.64,67.64,67.64,67.64,67.64,67.64,67.64,67.64,67.64,67.64,67.64,67.64
Ocean Park,105.9350583,20.989627,68.16,68.16,68.16,68.16,68.16,68.16,68.16,68.16,68.16,68.16,68.16,68.16,68.16,68.16,68.16,68.16,68.16
Ocean Park,105.9354431,20.9896249,61.63,61.63,61.63,61.63,61.63,61.63,61.63,61.63,61.63,61.63,61.63,61.63,61.63,61.63,61.63,61.63,61.63
Ocean Park,105.9358279,20.9896228,62.31,62.31,62.31,62.31,62.31,62.31,62.31,62.31,62.31,62.31,62.31,62.31,62.31,62.31,62.31,62.31,62.31
Ocean Park,105.9362127,20.9896207,68.97,68.97,68.97,68.97,68.97,68.97,68.97,68.97,68.97,68.97,68.97,68.97,68.97,68.97,68.97,68.97,68.97
Ocean Park,105.9365975,20.9896186,61.2,61.2,61.2,61.2,61.2,61.2,61.2,61.2,61.2,61.2,61.2,61.2,61.2,61.2,61.2,61.2,61.2
Ocean Park,105.9369823,20.9896165,59.8,59.8,59.8,59.8,59.8,59.8,59.8,59.8,59.8,59.8,59.8,59.8,59.8,59.8,59.8,59.8,59.8
Ocean Park,105.9373671,20.9896143,60.83,60.83,60.83,60.83,60.83,60.83,60.83,60.83,60.83,60.83,60.83,60.83,60.83,60.83,60.83,60.83,60.83
Ocean Park,105.9377519,20.9896122,62.12,62.12,62.12,62.12,62.12,62.12,62.12,62.12,62.12,62.12,62.12,62.12,62.12,62.12,62.12,62.12,62.12
Ocean Park,105.9381367,20.9896101,66.01,66.01,66.01,66.01,66.01,66.01,66.01,66.01,66.01,66.01,66.01,66.01,66.01,66.01,66.01,66.01,66.01
Ocean Park,105.9385215,20.989608,65.77,65.77,65.77,65.77,65.77,65.77,65.77,65.77,65.77,65.77,65.77,65.77,65.77,65.77,65.77,65.77,65.77
Ocean Park,105.9389063,20.9896059,63.06,63.06,63.06,63.06,63.06,63.06,63.06,63.06,63.06,63.06,63.06,63.06,63.06,63.06,63.06,63.06,63.06
Ocean Park,105.9392911,20.9896037,68.7,68.7,68.7,68.7,68.7,68.7,68.7,68.7,68.7,68.7,68.7,68.7,68.7,68.7,68.7,68.7,68.7
Ocean Park,105.9396759,20.9896016,63.89,63.89,63.89,63.89,63.89,63.89,63.89,63.89,63.89,63.89,63.89,63.89,63.89,63.89,63.89,63.89,63.89
Ocean Park,105.9400607,20.9895995,61.76,61.76,61.76,61.76,61.76,61.76,61.76,61.76,61.76,61.76,61.76,61.76,61.76,61.76,61.76,61.76,61.76
Ocean Park,105.9404455,20.9895974,62.52,62.52,62.52,62.52,62.52,62.52,62.52,62.52,62.52,62.52,62.52,62.52,62.52,62.52,62.52,62.52,62.52
Ocean Park,105.9408303,20.9895952,69.04,69.04,69.04,69.04,69.04,69.04,69.04,69.04,69.04,69.04,69.04,69.04,69.04,69.04,69.04,69.04,69.04
Ocean Park,105.9412151,20.9895931,62.05,62.05,62.05,62.05,62.05,62.05,62.05,62.05,62.05,62.05,62.05,62.05,62.05,62.05,62.05,62.05,62.05
Ocean Park,105.9415999,20.989591,60.05,60.05,60.05,60.05,60.05,60.05,60.05,60.05,60.05,60.05,60.05,60.05,60.05,60.05,60.05,60.05,60.05
Ocean Park,105.9419847,20.9895889,60.3,60.3,60.3,60.3,60.3,60.3,60.3,60.3,60.3,60.3,60.3,60.3,60.3,60.3,60.3,60.3,60.3
Ocean Park,105.9423695,20.9895867,62.11,62.11,62.11,62.11,62.11,62.11,62.11,62.11,62.11,62.11,62.11,62.11,62.11,62.11,62.11,62.11,62.11
Ocean Park,105.9427543,20.9895846,65.56,65.56,65.56,65.56,65.56,65.56,65.56,65.56,65.56,65.56,65.56,65.56,65.56,65.56,65.56,65.56,65.56
Ocean Park,105.9431391,20.9895825,68.06,68.06,68.06,68.06,68.06,68.06,68.06,68.06,68.06,68.06,68.06,68.06,68.06,68.06,68.06,68.06,68.06
Ocean Park,105.9435239,20.9895803,64.5,64.5,64.5,64.5,64.5,64.5,64.5,64.5,64.5,64.5,64.5,64.5,64.5,64.5,64.5,64.5,64.5
Ocean Park,105.9439087,20.9895782,60.99,60.99,60.99,60.99,60.99,60.99,60.99,60.99,60.99,60.99,60.99,60.99,60.99,60.99,60.99,60.99,60.99
Ocean Park,105.9442935,20.9895761,59.11,59.11,59.11,59.11,59.11,59.11,59.11,59.11,59.11,59.11,59.11,59.11,59.11,59.11,59.11,59.11,59.11
Ocean Park,105.9446783,20.9895739,57.81,57.81,57.81,57.81,57.81,57.81,57.81,57.81,57.81,57.81,57.81,57.81,57.81,57.81,57.81,57.81,57.81
Ocean Park,105.9450631,20.9895718,56.84,56.84,56.84,56.84,56.84,56.84,56.84,56.84,56.84,56.84,56.84,56.84,56.84,56.84,56.84,56.84,56.84
Ocean Park,105.9454479,20.9895697,56.55,56.55,56.55,56.55,56.55,56.55,56.55,56.55,56.55,56.55,56.55,56.55,56.55,56.55,56.55,56.55,56.55
Ocean Park,105.9458327,20.9895675,56.44,56.44,56.44,56.44,56.44,56.44,56.44,56.44,56.44,56.44,56.44,56.44,56.44,56.44,56.44,56.44,56.44
Ocean Park,105.9462175,20.9895654,56.5,56.5,56.5,56.5,56.5,56.5,56.5,56.5,56.5,56.5,56.5,56.5,56.5,56.5,56.5,56.5,56.5
Ocean Park,105.9466023,20.9895633,56.72,56.72,56.72,56.72,56.72,56.72,56.72,56.72,56.72,56.72,56.72,56.72,56.72,56.72,56.72,56.72,56.72
Ocean Park,105.9469871,20.9895611,57.12,57.12,57.12,57.12,57.12,57.12,57.12,57.12,57.12,57.12,57.12,57.12,57.12,57.12,57.12,57.12,57.12
Ocean Park,105.9473719,20.989559,57.77,57.77,57.77,57.77,57.77,57.77,57.77,57.77,57.77,57.77,57.77,57.77,57.77,57.77,57.77,57.77,57.77
Ocean Park,105.9477567,20.9895568,58.73,58.73,58.73,58.73,58.73,58.73,58.73,58.73,58.73,58.73,58.73,58.73,58.73,58.73,58.73,58.73,58.73
Ocean Park,105.9481415,20.9895547,60.22,60.22,60.22,60.22,60.22,60.22,60.22,60.22,60.22,60.22,60.22,60.22,60.22,60.22,60.22,60.22,60.22
Ocean Park,105.9485263,20.9895526,63.05,63.05,63.05,63.05,63.05,63.05,63.05,63.05,63.05,63.05,63.05,63.05,63.05,63.05,63.05,63.05,63.05
Ocean Park,105.9489111,20.9895504,68.86,68.86,68.86,68.86,68.86,68.86,68.86,68.86,68.86,68.86,68.86,68.86,68.86,68.86,68.86,68.86,68.86
Ocean Park,105.9492959,20.9895483,65.26,65.26,65.26,65.26,65.26,65.26,65.26,65.26,65.26,65.26,65.26,65.26,65.26,65.26,65.26,65.26,65.26
Ocean Park,105.9496807,20.9895461,66.99,66.99,66.99,66.99,66.99,66.99,66.99,66.99,66.99,66.99,66.99,66.99,66.99,66.99,66.99,66.99,66.99
Ocean Park,105.9500655,20.989544,59.94,59.94,59.94,59.94,59.94,59.94,59.94,59.94,59.94,59.94,59.94,59.94,59.94,59.94,59.94,59.94,59.94
Ocean Park,105.9504503,20.9895418,63.05,63.05,63.05,63.05,63.05,63.05,63.05,63.05,63.05,63.05,63.05,63.05,63.05,63.05,63.05,63.05,63.05
Ocean Park,105.9508351,20.9895397,64.28,64.28,64.28,64.28,64.28,64.28,64.28,64.28,64.28,64.28,64.28,64.28,64.28,64.28,64.28,64.28,64.28
Ocean Park,105.9512199,20.9895375,65.36,65.36,65.36,65.36,65.36,65.36,65.36,65.36,65.36,65.36,65.36,65.36,65.36,65.36,65.36,65.36,65.36
Ocean Park,105.9516047,20.9895354,64.6,64.6,64.6,64.6,64.6,64.6,64.6,64.6,64.6,64.6,64.6,64.6,64.6,64.6,64.6,64.6,64.6
Ocean Park,105.9519895,20.9895332,68.84,68.84,68.84,68.84,68.84,68.84,68.84,68.84,68.84,68.84,68.84,68.84,68.84,68.84,68.84,68.84,68.84
Ocean Park,105.9523743,20.9895311,67.91,67.91,67.91,67.91,67.91,67.91,67.91,67.91,67.91,67.91,67.91,67.91,67.91,67.91,67.91,67.91,67.91
Ocean Park,105.9527591,20.9895289,68.84,68.84,68.84,68.84,68.84,68.84,68.84,68.84,68.84,68.84,68.84,68.84,68.84,68.84,68.84,68.84,68.84
Ocean Park,105.9327517,20.9900011,56.69,56.69,56.69,56.69,56.69,56.69,56.69,56.69,56.69,56.69,56.69,56.69,56.69,56.69,56.69,56.69,56.69
Ocean Park,105.9331365,20.989999,55.98,55.98,55.98,55.98,55.98,55.98,55.98,55.98,55.98,55.98,55.98,55.98,55.98,55.98,55.98,55.98,55.98
Ocean Park,105.9335213,20.9899969,56.33,56.33,56.33,56.33,56.33,56.33,56.33,56.33,56.33,56.33,56.33,56.33,56.33,56.33,56.33,56.33,56.33
Ocean Park,105.9339061,20.9899947,57.38,57.38,57.38,57.38,57.38,57.38,57.38,57.38,57.38,57.38,57.38,57.38,57.38,57.38,57.38,57.38,57.38
Ocean Park,105.9342909,20.9899926,58.92,58.92,58.92,58.92,58.92,58.92,58.92,58.92,58.92,58.92,58.92,58.92,58.92,58.92,58.92,58.92,58.92
Ocean Park,105.9346757,20.9899905,61.92,61.92,61.92,61.92,61.92,61.92,61.92,61.92,61.92,61.92,61.92,61.92,61.92,61.92,61.92,61.92,61.92
Ocean Park,105.9350605,20.9899884,66.42,66.42,66.42,66.42,66.42,66.42,66.42,66.42,66.42,66.42,66.42,66.42,66.42,66.42,66.42,66.42,66.42
Ocean Park,105.9354453,20.9899863,60.23,60.23,60.23,60.23,60.23,60.23,60.23,60.23,60.23,60.23,60.23,60.23,60.23,60.23,60.23,60.23,60.23
Ocean Park,105.9358302,20.9899842,61.28,61.28,61.28,61.28,61.28,61.28,61.28,61.28,61.28,61.28,61.28,61.28,61.28,61.28,61.28,61.28,61.28
Ocean Park,105.936215,20.9899821,69.0,69.0,69.0,69.0,69.0,69.0,69.0,69.0,69.0,69.0,69.0,69.0,69.0,69.0,69.0,69.0,69.0
Ocean Park,105.9365998,20.98998,61.18,61.18,61.18,61.18,61.18,61.18,61.18,61.18,61.18,61.18,61.18,61.18,61.18,61.18,61.18,61.18,61.18
Ocean Park,105.9369846,20.9899778,60.3,60.3,60.3,60.3,60.3,60.3,60.3,60.3,60.3,60.3,60.3,60.3,60.3,60.3,60.3,60.3,60.3
Ocean Park,105.9373694,20.9899757,61.34,61.34,61.34,61.34,61.34,61.34,61.34,61.34,61.34,61.34,61.34,61.34,61.34,61.34,61.34,61.34,61.34
Ocean Park,105.9377542,20.9899736,64.89,64.89,64.89,64.89,64.89,64.89,64.89,64.89,64.89,64.89,64.89,64.89,64.89,64.89,64.89,64.89,64.89
Ocean Park,105.938139,20.9899715,66.25,66.25,66.25,66.25,66.25,66.25,66.25,66.25,66.25,66.25,66.25,66.25,66.25,66.25,66.25,66.25,66.25
Ocean Park,105.9385238,20.9899694,61.96,61.96,61.96,61.96,61.96,61.96,61.96,61.96,61.96,61.96,61.96,61.96,61.96,61.96,61.96,61.96,61.96
Ocean Park,105.9389086,20.9899672,66.73,66.73,66.73,66.73,66.73,66.73,66.73,66.73,66.73,66.73,66.73,66.73,66.73,66.73,66.73,66.73,66.73
Ocean Park,105.9392934,20.9899651,64.59,64.59,64.59,64.59,64.59,64.59,64.59,64.59,64.59,64.59,64.59,64.59,64.59,64.59,64.59,64.59,64.59
Ocean Park,105.9396782,20.989963,61.85,61.85,61.85,61.85,61.85,61.85,61.85,61.85,61.85,61.85,61.85,61.85,61.85,61.85,61.85,61.85,61.85
Ocean Park,105.940063,20.9899609,62.15,62.15,62.15,62.15,62.15,62.15,62.15,62.15,62.15,62.15,62.15,62.15,62.15,62.15,62.15,62.15,62.15
Ocean Park,105.9404478,20.9899587,68.53,68.53,68.53,68.53,68.53,68.53,68.53,68.53,68.53,68.53,68.53,68.53,68.53,68.53,68.53,68.53,68.53
Ocean Park,105.9408326,20.9899566,69.0,69.0,69.0,69.0,69.0,69.0,69.0,69.0,69.0,69.0,69.0,69.0,69.0,69.0,69.0,69.0,69.0
Ocean Park,105.9412174,20.9899545,61.36,61.36,61.36,61.36,61.36,61.36,61.36,61.36,61.36,61.36,61.36,61.36,61.36,61.36,61.36,61.36,61.36
Ocean Park,105.9416022,20.9899524,59.99,59.99,59.99,59.99,59.99,59.99,59.99,59.99,59.99,59.99,59.99,59.99,59.99,59.99,59.99,59.99,59.99
Ocean Park,105.941987,20.9899502,61.74,61.74,61.74,61.74,61.74,61.74,61.74,61.74,61.74,61.74,61.74,61.74,61.74,61.74,61.74,61.74,61.74
Ocean Park,105.9423718,20.9899481,64.98,64.98,64.98,64.98,64.98,64.98,64.98,64.98,64.98,64.98,64.98,64.98,64.98,64.98,64.98,64.98,64.98
Ocean Park,105.9427566,20.989946,69.24,69.24,69.24,69.24,69.24,69.24,69.24,69.24,69.24,69.24,69.24,69.24,69.24,69.24,69.24,69.24,69.24
Ocean Park,105.9431414,20.9899439,70.29,70.29,70.29,70.29,70.29,70.29,70.29,70.29,70.29,70.29,70.29,70.29,70.29,70.29,70.29,70.29,70.29
Ocean Park,105.9435262,20.9899417,70.1,70.1,70.1,70.1,70.1,70.1,70.1,70.1,70.1,70.1,70.1,70.1,70.1,70.1,70.1,70.1,70.1
Ocean Park,105.943911,20.9899396,62.37,62.37,62.37,62.37,62.37,62.37,62.37,62.37,62.37,62.37,62.37,62.37,62.37,62.37,62.37,62.37,62.37
Ocean Park,105.9442958,20.9899375,59.85,59.85,59.85,59.85,59.85,59.85,59.85,59.85,59.85,59.85,59.85,59.85,59.85,59.85,59.85,59.85,59.85
Ocean Park,105.9446806,20.9899353,58.32,58.32,58.32,58.32,58.32,58.32,58.32,58.32,58.32,58.32,58.32,58.32,58.32,58.32,58.32,58.32,58.32
Ocean Park,105.9450654,20.9899332,57.52,57.52,57.52,57.52,57.52,57.52,57.52,57.52,57.52,57.52,57.52,57.52,57.52,57.52,57.52,57.52,57.52
Ocean Park,105.9454502,20.9899311,57.22,57.22,57.22,57.22,57.22,57.22,57.22,57.22,57.22,57.22,57.22,57.22,57.22,57.22,57.22,57.22,57.22
Ocean Park,105.945835,20.9899289,57.17,57.17,57.17,57.17,57.17,57.17,57.17,57.17,57.17,57.17,57.17,57.17,57.17,57.17,57.17,57.17,57.17
Ocean Park,105.9462198,20.9899268,57.36,57.36,57.36,57.36,57.36,57.36,57.36,57.36,57.36,57.36,57.36,57.36,57.36,57.36,57.36,57.36,57.36
Ocean Park,105.9466046,20.9899246,57.78,57.78,57.78,57.78,57.78,57.78,57.78,57.78,57.78,57.78,57.78,57.78,57.78,57.78,57.78,57.78,57.78
Ocean Park,105.9469894,20.9899225,58.54,58.54,58.54,58.54,58.54,58.54,58.54,58.54,58.54,58.54,58.54,58.54,58.54,58.54,58.54,58.54,58.54
Ocean Park,105.9473742,20.9899204,59.75,59.75,59.75,59.75,59.75,59.75,59.75,59.75,59.75,59.75,59.75,59.75,59.75,59.75,59.75,59.75,59.75
Ocean Park,105.947759,20.9899182,61.92,61.92,61.92,61.92,61.92,61.92,61.92,61.92,61.92,61.92,61.92,61.92,61.92,61.92,61.92,61.92,61.92
Ocean Park,105.9481438,20.9899161,68.04,68.04,68.04,68.04,68.04,68.04,68.04,68.04,68.04,68.04,68.04,68.04,68.04,68.04,68.04,68.04,68.04
Ocean Park,105.9485286,20.9899139,68.87,68.87,68.87,68.87,68.87,68.87,68.87,68.87,68.87,68.87,68.87,68.87,68.87,68.87,68.87,68.87,68.87
Ocean Park,105.9489134,20.9899118,68.87,68.87,68.87,68.87,68.87,68.87,68.87,68.87,68.87,68.87,68.87,68.87,68.87,68.87,68.87,68.87,68.87
Ocean Park,105.9492982,20.9899096,68.86,68.86,68.86,68.86,68.86,68.86,68.86,68.86,68.86,68.86,68.86,68.86,68.86,68.86,68.86,68.86,68.86
Ocean Park,105.949683,20.9899075,64.78,64.78,64.78,64.78,64.78,64.78,64.78,64.78,64.78,64.78,64.78,64.78,64.78,64.78,64.78,64.78,64.78
Ocean Park,105.9500678,20.9899054,62.74,62.74,62.74,62.74,62.74,62.74,62.74,62.74,62.74,62.74,62.74,62.74,62.74,62.74,62.74,62.74,62.74
Ocean Park,105.9504526,20.9899032,60.08,60.08,60.08,60.08,60.08,60.08,60.08,60.08,60.08,60.08,60.08,60.08,60.08,60.08,60.08,60.08,60.08
Ocean Park,105.9508374,20.9899011,67.88,67.88,67.88,67.88,67.88,67.88,67.88,67.88,67.88,67.88,67.88,67.88,67.88,67.88,67.88,67.88,67.88
Ocean Park,105.9512222,20.9898989,61.56,61.56,61.56,61.56,61.56,61.56,61.56,61.56,61.56,61.56,61.56,61.56,61.56,61.56,61.56,61.56,61.56
Ocean Park,105.951607,20.9898968,68.85,68.85,68.85,68.85,68.85,68.85,68.85,68.85,68.85,68.85,68.85,68.85,68.85,68.85,68.85,68.85,68.85
Ocean Park,105.9519918,20.9898946,63.38,63.38,63.38,63.38,63.38,63.38,63.38,63.38,63.38,63.38,63.38,63.38,63.38,63.38,63.38,63.38,63.38
Ocean Park,105.9523766,20.9898925,63.91,63.91,63.91,63.91,63.91,63.91,63.91,63.91,63.91,63.91,63.91,63.91,63.91,63.91,63.91,63.91,63.91
Ocean Park,105.9527614,20.9898903,64.59,64.59,64.59,64.59,64.59,64.59,64.59,64.59,64.59,64.59,64.59,64.59,64.59,64.59,64.59,64.59,64.59
Ocean Park,105.932754,20.9903625,57.52,57.52,57.52,57.52,57.52,57.52,57.52,57.52,57.52,57.52,57.52,57.52,57.52,57.52,57.52,57.52,57.52
Ocean Park,105.9331388,20.9903603,56.7,56.7,56.7,56.7,56.7,56.7,56.7,56.7,56.7,56.7,56.7,56.7,56.7,56.7,56.7,56.7,56.7
Ocean Park,105.9335236,20.9903582,57.33,57.33,57.33,57.33,57.33,57.33,57.33,57.33,57.33,57.33,57.33,57.33,57.33,57.33,57.33,57.33,57.33
Ocean Park,105.9339084,20.9903561,58.07,58.07,58.07,58.07,58.07,58.07,58.07,58.07,58.07,58.07,58.07,58.07,58.07,58.07,58.07,58.07,58.07
Ocean Park,105.9342932,20.990354,59.38,59.38,59.38,59.38,59.38,59.38,59.38,59.38,59.38,59.38,59.38,59.38,59.38,59.38,59.38,59.38,59.38
Ocean Park,105.934678,20.9903519,63.87,63.87,63.87,63.87,63.87,63.87,63.87,63.87,63.87,63.87,63.87,63.87,63.87,63.87,63.87,63.87,63.87
Ocean Park,105.9350628,20.9903498,63.02,63.02,63.02,63.02,63.02,63.02,63.02,63.02,63.02,63.02,63.02,63.02,63.02,63.02,63.02,63.02,63.02
Ocean Park,105.9354476,20.9903477,62.69,62.69,62.69,62.69,62.69,62.69,62.69,62.69,62.69,62.69,62.69,62.69,62.69,62.69,62.69,62.69,62.69
Ocean Park,105.9358324,20.9903456,63.43,63.43,63.43,63.43,63.43,63.43,63.43,63.43,63.43,63.43,63.43,63.43,63.43,63.43,63.43,63.43,63.43
Ocean Park,105.9362172,20.9903434,64.37,64.37,64.37,64.37,64.37,64.37,64.37,64.37,64.37,64.37,64.37,64.37,64.37,64.37,64.37,64.37,64.37
Ocean Park,105.936602,20.9903413,61.18,61.18,61.18,61.18,61.18,61.18,61.18,61.18,61.18,61.18,61.18,61.18,61.18,61.18,61.18,61.18,61.18
Ocean Park,105.9369868,20.9903392,61.35,61.35,61.35,61.35,61.35,61.35,61.35,61.35,61.35,61.35,61.35,61.35,61.35,61.35,61.35,61.35,61.35
Ocean Park,105.9373716,20.9903371,64.15,64.15,64.15,64.15,64.15,64.15,64.15,64.15,64.15,64.15,64.15,64.15,64.15,64.15,64.15,64.15,64.15
Ocean Park,105.9377564,20.990335,67.39,67.39,67.39,67.39,67.39,67.39,67.39,67.39,67.39,67.39,67.39,67.39,67.39,67.39,67.39,67.39,67.39
Ocean Park,105.9381412,20.9903329,61.75,61.75,61.75,61.75,61.75,61.75,61.75,61.75,61.75,61.75,61.75,61.75,61.75,61.75,61.75,61.75,61.75
Ocean Park,105.938526,20.9903307,65.31,65.31,65.31,65.31,65.31,65.31,65.31,65.31,65.31,65.31,65.31,65.31,65.31,65.31,65.31,65.31,65.31
Ocean Park,105.9389108,20.9903286,65.52,65.52,65.52,65.52,65.52,65.52,65.52,65.52,65.52,65.52,65.52,65.52,65.52,65.52,65.52,65.52,65.52
Ocean Park,105.9392956,20.9903265,61.98,61.98,61.98,61.98,61.98,61.98,61.98,61.98,61.98,61.98,61.98,61.98,61.98,61.98,61.98,61.98,61.98
Ocean Park,105.9396804,20.9903244,61.88,61.88,61.88,61.88,61.88,61.88,61.88,61.88,61.88,61.88,61.88,61.88,61.88,61.88,61.88,61.88,61.88
Ocean Park,105.9400652,20.9903222,65.95,65.95,65.95,65.95,65.95,65.95,65.95,65.95,65.95,65.95,65.95,65.95,65.95,65.95,65.95,65.95,65.95
Ocean Park,105.94045,20.9903201,63.55,63.55,63.55,63.55,63.55,63.55,63.55,63.55,63.55,63.55,63.55,63.55,63.55,63.55,63.55,63.55,63.55
Ocean Park,105.9408348,20.990318,63.37,63.37,63.37,63.37,63.37,63.37,63.37,63.37,63.37,63.37,63.37,63.37,63.37,63.37,63.37,63.37,63.37
Ocean Park,105.9412196,20.9903159,64.75,64.75,64.75,64.75,64.75,64.75,64.75,64.75,64.75,64.75,64.75,64.75,64.75,64.75,64.75,64.75,64.75
Ocean Park,105.9416044,20.9903137,62.89,62.89,62.89,62.89,62.89,62.89,62.89,62.89,62.89,62.89,62.89,62.89,62.89,62.89,62.89,62.89,62.89
Ocean Park,105.9419892,20.9903116,69.02,69.02,69.02,69.02,69.02,69.02,69.02,69.02,69.02,69.02,69.02,69.02,69.02,69.02,69.02,69.02,69.02
Ocean Park,105.942374,20.9903095,63.97,63.97,63.97,63.97,63.97,63.97,63.97,63.97,63.97,63.97,63.97,63.97,63.97,63.97,63.97,63.97,63.97
Ocean Park,105.9427588,20.9903074,62.44,62.44,62.44,62.44,62.44,62.44,62.44,62.44,62.44,62.44,62.44,62.44,62.44,62.44,62.44,62.44,62.44
Ocean Park,105.9431436,20.9903052,63.98,63.98,63.98,63.98,63.98,63.98,63.98,63.98,63.98,63.98,63.98,63.98,63.98,63.98,63.98,63.98,63.98
Ocean Park,105.9435284,20.9903031,67.75,67.75,67.75,67.75,67.75,67.75,67.75,67.75,67.75,67.75,67.75,67.75,67.75,67.75,67.75,67.75,67.75
Ocean Park,105.9439132,20.990301,65.36,65.36,65.36,65.36,65.36,65.36,65.36,65.36,65.36,65.36,65.36,65.36,65.36,65.36,65.36,65.36,65.36
Ocean Park,105.944298,20.9902988,60.89,60.89,60.89,60.89,60.89,60.89,60.89,60.89,60.89,60.89,60.89,60.89,60.89,60.89,60.89,60.89,60.89
Ocean Park,105.9446828,20.9902967,59.09,59.09,59.09,59.09,59.09,59.09,59.09,59.09,59.09,59.09,59.09,59.09,59.09,59.09,59.09,59.09,59.09
Ocean Park,105.9450676,20.9902946,58.34,58.34,58.34,58.34,58.34,58.34,58.34,58.34,58.34,58.34,58.34,58.34,58.34,58.34,58.34,58.34,58.34
Ocean Park,105.9454525,20.9902924,58.06,58.06,58.06,58.06,58.06,58.06,58.06,58.06,58.06,58.06,58.06,58.06,58.06,58.06,58.06,58.06,58.06
Ocean Park,105.9458373,20.9902903,58.14,58.14,58.14,58.14,58.14,58.14,58.14,58.14,58.14,58.14,58.14,58.14,58.14,58.14,58.14,58.14,58.14
Ocean Park,105.9462221,20.9902882,58.57,58.57,58.57,58.57,58.57,58.57,58.57,58.57,58.57,58.57,58.57,58.57,58.57,58.57,58.57,58.57,58.57
Ocean Park,105.9466069,20.990286,59.48,59.48,59.48,59.48,59.48,59.48,59.48,59.48,59.48,59.48,59.48,59.48,59.48,59.48,59.48,59.48,59.48
Ocean Park,105.9469917,20.9902839,61.1,61.1,61.1,61.1,61.1,61.1,61.1,61.1,61.1,61.1,61.1,61.1,61.1,61.1,61.1,61.1,61.1
Ocean Park,105.9473765,20.9902817,64.79,64.79,64.79,64.79,64.79,64.79,64.79,64.79,64.79,64.79,64.79,64.79,64.79,64.79,64.79,64.79,64.79
Ocean Park,105.9477613,20.9902796,68.89,68.89,68.89,68.89,68.89,68.89,68.89,68.89,68.89,68.89,68.89,68.89,68.89,68.89,68.89,68.89,68.89
Ocean Park,105.9481461,20.9902775,68.88,68.88,68.88,68.88,68.88,68.88,68.88,68.88,68.88,68.88,68.88,68.88,68.88,68.88,68.88,68.88,68.88
Ocean Park,105.9485309,20.9902753,65.14,65.14,65.14,65.14,65.14,65.14,65.14,65.14,65.14,65.14,65.14,65.14,65.14,65.14,65.14,65.14,65.14
Ocean Park,105.9489157,20.9902732,63.57,63.57,63.57,63.57,63.57,63.57,63.57,63.57,63.57,63.57,63.57,63.57,63.57,63.57,63.57,63.57,63.57
Ocean Park,105.9493005,20.990271,63.76,63.76,63.76,63.76,63.76,63.76,63.76,63.76,63.76,63.76,63.76,63.76,63.76,63.76,63.76,63.76,63.76
Ocean Park,105.9496853,20.9902689,66.25,66.25,66.25,66.25,66.25,66.25,66.25,66.25,66.25,66.25,66.25,66.25,66.25,66.25,66.25,66.25,66.25
Ocean Park,105.9500701,20.9902667,68.86,68.86,68.86,68.86,68.86,68.86,68.86,68.86,68.86,68.86,68.86,68.86,68.86,68.86,68.86,68.86,68.86
Ocean Park,105.9504549,20.9902646,60.71,60.71,60.71,60.71,60.71,60.71,60.71,60.71,60.71,60.71,60.71,60.71,60.71,60.71,60.71,60.71,60.71
Ocean Park,105.9508397,20.9902624,61.7,61.7,61.7,61.7,61.7,61.7,61.7,61.7,61.7,61.7,61.7,61.7,61.7,61.7,61.7,61.7,61.7
Ocean Park,105.9512245,20.9902603,67.38,67.38,67.38,67.38,67.38,67.38,67.38,67.38,67.38,67.38,67.38,67.38,67.38,67.38,67.38,67.38,67.38
Ocean Park,105.9516093,20.9902581,65.53,65.53,65.53,65.53,65.53,65.53,65.53,65.53,65.53,65.53,65.53,65.53,65.53,65.53,65.53,65.53,65.53
Ocean Park,105.9519941,20.990256,67.63,67.63,67.63,67.63,67.63,67.63,67.63,67.63,67.63,67.63,67.63,67.63,67.63,67.63,67.63,67.63,67.63
Ocean Park,105.9523789,20.9902538,68.32,68.32,68.32,68.32,68.32,68.32,68.32,68.32,68.32,68.32,68.32,68.32,68.32,68.32,68.32,68.32,68.32
Ocean Park,105.9527637,20.9902517,65.04,65.04,65.04,65.04,65.04,65.04,65.04,65.04,65.04,65.04,65.04,65.04,65.04,65.04,65.04,65.04,65.04
Ocean Park,105.9327562,20.9907238,58.37,58.37,58.37,58.37,58.37,58.37,58.37,58.37,58.37,58.37,58.37,58.37,58.37,58.37,58.37,58.37,58.37
Ocean Park,105.933141,20.9907217,57.82,57.82,57.82,57.82,57.82,57.82,57.82,57.82,57.82,57.82,57.82,57.82,57.82,57.82,57.82,57.82,57.82
Ocean Park,105.9335258,20.9907196,59.0,59.0,59.0,59.0,59.0,59.0,59.0,59.0,59.0,59.0,59.0,59.0,59.0,59.0,59.0,59.0,59.0
Ocean Park,105.9339106,20.9907175,60.39,60.39,60.39,60.39,60.39,60.39,60.39,60.39,60.39,60.39,60.39,60.39,60.39,60.39,60.39,60.39,60.39
Ocean Park,105.9342954,20.9907154,61.25,61.25,61.25,61.25,61.25,61.25,61.25,61.25,61.25,61.25,61.25,61.25,61.25,61.25,61.25,61.25,61.25
Ocean Park,105.9346802,20.9907133,68.77,68.77,68.77,68.77,68.77,68.77,68.77,68.77,68.77,68.77,68.77,68.77,68.77,68.77,68.77,68.77,68.77
Ocean Park,105.935065,20.9907112,68.96,68.96,68.96,68.96,68.96,68.96,68.96,68.96,68.96,68.96,68.96,68.96,68.96,68.96,68.96,68.96,68.96
Ocean Park,105.9354499,20.9907091,61.71,61.71,61.71,61.71,61.71,61.71,61.71,61.71,61.71,61.71,61.71,61.71,61.71,61.71,61.71,61.71,61.71
Ocean Park,105.9358347,20.9907069,68.24,68.24,68.24,68.24,68.24,68.24,68.24,68.24,68.24,68.24,68.24,68.24,68.24,68.24,68.24,68.24,68.24
Ocean Park,105.9362195,20.9907048,62.54,62.54,62.54,62.54,62.54,62.54,62.54,62.54,62.54,62.54,62.54,62.54,62.54,62.54,62.54,62.54,62.54
Ocean Park,105.9366043,20.9907027,61.57,61.57,61.57,61.57,61.57,61.57,61.57,61.57,61.57,61.57,61.57,61.57,61.57,61.57,61.57,61.57,61.57
Ocean Park,105.9369891,20.9907006,63.71,63.71,63.71,63.71,63.71,63.71,63.71,63.71,63.71,63.71,63.71,63.71,63.71,63.71,63.71,63.71,63.71
Ocean Park,105.9373739,20.9906985,69.25,69.25,69.25,69.25,69.25,69.25,69.25,69.25,69.25,69.25,69.25,69.25,69.25,69.25,69.25,69.25,69.25
Ocean Park,105.9377587,20.9906964,61.93,61.93,61.93,61.93,61.93,61.93,61.93,61.93,61.93,61.93,61.93,61.93,61.93,61.93,61.93,61.93,61.93
Ocean Park,105.9381435,20.9906942,64.32,64.32,64.32,64.32,64.32,64.32,64.32,64.32,64.32,64.32,64.32,64.32,64.32,64.32,64.32,64.32,64.32
Ocean Park,105.9385283,20.9906921,66.83,66.83,66.83,66.83,66.83,66.83,66.83,66.83,66.83,66.83,66.83,66.83,66.83,66.83,66.83,66.83,66.83
Ocean Park,105.9389131,20.99069,62.18,62.18,62.18,62.18,62.18,62.18,62.18,62.18,62.18,62.18,62.18,62.18,62.18,62.18,62.18,62.18,62.18
Ocean Park,105.9392979,20.9906879,61.7,61.7,61.7,61.7,61.7,61.7,61.7,61.7,61.7,61.7,61.7,61.7,61.7,61.7,61.7,61.7,61.7
Ocean Park,105.9396827,20.9906858,64.51,64.51,64.51,64.51,64.51,64.51,64.51,64.51,64.51,64.51,64.51,64.51,64.51,64.51,64.51,64.51,64.51
Ocean Park,105.9400675,20.9906836,64.71,64.71,64.71,64.71,64.71,64.71,64.71,64.71,64.71,64.71,64.71,64.71,64.71,64.71,64.71,64.71,64.71
Ocean Park,105.9404523,20.9906815,60.53,60.53,60.53,60.53,60.53,60.53,60.53,60.53,60.53,60.53,60.53,60.53,60.53,60.53,60.53,60.53,60.53
Ocean Park,105.9408371,20.9906794,60.68,60.68,60.68,60.68,60.68,60.68,60.68,60.68,60.68,60.68,60.68,60.68,60.68,60.68,60.68,60.68,60.68
Ocean Park,105.9412219,20.9906773,67.39,67.39,67.39,67.39,67.39,67.39,67.39,67.39,67.39,67.39,67.39,67.39,67.39,67.39,67.39,67.39,67.39
Ocean Park,105.9416067,20.9906751,65.73,65.73,65.73,65.73,65.73,65.73,65.73,65.73,65.73,65.73,65.73,65.73,65.73,65.73,65.73,65.73,65.73
Ocean Park,105.9419915,20.990673,61.77,61.77,61.77,61.77,61.77,61.77,61.77,61.77,61.77,61.77,61.77,61.77,61.77,61.77,61.77,61.77,61.77
Ocean Park,105.9423763,20.9906709,60.52,60.52,60.52,60.52,60.52,60.52,60.52,60.52,60.52,60.52,60.52,60.52,60.52,60.52,60.52,60.52,60.52
Ocean Park,105.9427611,20.9906687,60.44,60.44,60.44,60.44,60.44,60.44,60.44,60.44,60.44,60.44,60.44,60.44,60.44,60.44,60.44,60.44,60.44
Ocean Park,105.9431459,20.9906666,61.57,61.57,61.57,61.57,61.57,61.57,61.57,61.57,61.57,61.57,61.57,61.57,61.57,61.57,61.57,61.57,61.57
Ocean Park,105.9435307,20.9906645,66.26,66.26,66.26,66.26,66.26,66.26,66.26,66.26,66.26,66.26,66.26,66.26,66.26,66.26,66.26,66.26,66.26
Ocean Park,105.9439155,20.9906623,69.6,69.6,69.6,69.6,69.6,69.6,69.6,69.6,69.6,69.6,69.6,69.6,69.6,69.6,69.6,69.6,69.6
Ocean Park,105.9443003,20.9906602,62.85,62.85,62.85,62.85,62.85,62.85,62.85,62.85,62.85,62.85,62.85,62.85,62.85,62.85,62.85,62.85,62.85
Ocean Park,105.9446851,20.9906581,60.29,60.29,60.29,60.29,60.29,60.29,60.29,60.29,60.29,60.29,60.29,60.29,60.29,60.29,60.29,60.29,60.29
Ocean Park,105.9450699,20.9906559,59.35,59.35,59.35,59.35,59.35,59.35,59.35,59.35,59.35,59.35,59.35,59.35,59.35,59.35,59.35,59.35,59.35
Ocean Park,105.9454547,20.9906538,59.16,59.16,59.16,59.16,59.16,59.16,59.16,59.16,59.16,59.16,59.16,59.16,59.16,59.16,59.16,59.16,59.16
Ocean Park,105.9458395,20.9906517,59.57,59.57,59.57,59.57,59.57,59.57,59.57,59.57,59.57,59.57,59.57,59.57,59.57,59.57,59.57,59.57,59.57
Ocean Park,105.9462243,20.9906495,60.68,60.68,60.68,60.68,60.68,60.68,60.68,60.68,60.68,60.68,60.68,60.68,60.68,60.68,60.68,60.68,60.68
Ocean Park,105.9466091,20.9906474,63.13,63.13,63.13,63.13,63.13,63.13,63.13,63.13,63.13,63.13,63.13,63.13,63.13,63.13,63.13,63.13,63.13
Ocean Park,105.9469939,20.9906453,68.91,68.91,68.91,68.91,68.91,68.91,68.91,68.91,68.91,68.91,68.91,68.91,68.91,68.91,68.91,68.91,68.91
Ocean Park,105.9473787,20.9906431,65.51,65.51,65.51,65.51,65.51,65.51,65.51,65.51,65.51,65.51,65.51,65.51,65.51,65.51,65.51,65.51,65.51
Ocean Park,105.9477635,20.990641,64.14,64.14,64.14,64.14,64.14,64.14,64.14,64.14,64.14,64.14,64.14,64.14,64.14,64.14,64.14,64.14,64.14
Ocean Park,105.9481483,20.9906388,68.58,68.58,68.58,68.58,68.58,68.58,68.58,68.58,68.58,68.58,68.58,68.58,68.58,68.58,68.58,68.58,68.58
Ocean Park,105.9485331,20.9906367,66.46,66.46,66.46,66.46,66.46,66.46,66.46,66.46,66.46,66.46,66.46,66.46,66.46,66.46,66.46,66.46,66.46
Ocean Park,105.9489179,20.9906345,68.87,68.87,68.87,68.87,68.87,68.87,68.87,68.87,68.87,68.87,68.87,68.87,68.87,68.87,68.87,68.87,68.87
Ocean Park,105.9493027,20.9906324,68.87,68.87,68.87,68.87,68.87,68.87,68.87,68.87,68.87,68.87,68.87,68.87,68.87,68.87,68.87,68.87,68.87
Ocean Park,105.9496875,20.9906303,65.32,65.32,65.32,65.32,65.32,65.32,65.32,65.32,65.32,65.32,65.32,65.32,65.32,65.32,65.32,65.32,65.32
Ocean Park,105.9500723,20.9906281,67.09,67.09,67.09,67.09,67.09,67.09,67.09,67.09,67.09,67.09,67.09,67.09,67.09,67.09,67.09,67.09,67.09
Ocean Park,105.9504571,20.990626,64.52,64.52,64.52,64.52,64.52,64.52,64.52,64.52,64.52,64.52,64.52,64.52,64.52,64.52,64.52,64.52,64.52
Ocean Park,105.950842,20.9906238,68.85,68.85,68.85,68.85,68.85,68.85,68.85,68.85,68.85,68.85,68.85,68.85,68.85,68.85,68.85,68.85,68.85
Ocean Park,105.9512268,20.9906217,64.4,64.4,64.4,64.4,64.4,64.4,64.4,64.4,64.4,64.4,64.4,64.4,64.4,64.4,64.4,64.4,64.4
Ocean Park,105.9516116,20.9906195,63.02,63.02,63.02,63.02,63.02,63.02,63.02,63.02,63.02,63.02,63.02,63.02,63.02,63.02,63.02,63.02,63.02
Ocean Park,105.9519964,20.9906174,68.65,68.65,68.65,68.65,68.65,68.65,68.65,68.65,68.65,68.65,68.65,68.65,68.65,68.65,68.65,68.65,68.65
Ocean Park,105.9523812,20.9906152,62.9,62.9,62.9,62.9,62.9,62.9,62.9,62.9,62.9,62.9,62.9,62.9,62.9,62.9,62.9,62.9,62.9
Ocean Park,105.952766,20.9906131,67.64,67.64,67.64,67.64,67.64,67.64,67.64,67.64,67.64,67.64,67.64,67.64,67.64,67.64,67.64,67.64,67.64
Ocean Park,105.9327585,20.9910852,59.5,59.5,59.5,59.5,59.5,59.5,59.5,59.5,59.5,59.5,59.5,59.5,59.5,59.5,59.5,59.5,59.5
Ocean Park,105.9331433,20.9910831,60.15,60.15,60.15,60.15,60.15,60.15,60.15,60.15,60.15,60.15,60.15,60.15,60.15,60.15,60.15,60.15,60.15
Ocean Park,105.9335281,20.991081,62.04,62.04,62.04,62.04,62.04,62.04,62.04,62.04,62.04,62.04,62.04,62.04,62.04,62.04,62.04,62.04,62.04
Ocean Park,105.9339129,20.9910789,66.77,66.77,66.77,66.77,66.77,66.77,66.77,66.77,66.77,66.77,66.77,66.77,66.77,66.77,66.77,66.77,66.77
Ocean Park,105.9342977,20.9910768,68.43,68.43,68.43,68.43,68.43,68.43,68.43,68.43,68.43,68.43,68.43,68.43,68.43,68.43,68.43,68.43,68.43
Ocean Park,105.9346825,20.9910747,68.96,68.96,68.96,68.96,68.96,68.96,68.96,68.96,68.96,68.96,68.96,68.96,68.96,68.96,68.96,68.96,68.96
Ocean Park,105.9350673,20.9910725,62.17,62.17,62.17,62.17,62.17,62.17,62.17,62.17,62.17,62.17,62.17,62.17,62.17,62.17,62.17,62.17,62.17
Ocean Park,105.9354521,20.9910704,63.98,63.98,63.98,63.98,63.98,63.98,63.98,63.98,63.98,63.98,63.98,63.98,63.98,63.98,63.98,63.98,63.98
Ocean Park,105.9358369,20.9910683,65.33,65.33,65.33,65.33,65.33,65.33,65.33,65.33,65.33,65.33,65.33,65.33,65.33,65.33,65.33,65.33,65.33
Ocean Park,105.9362217,20.9910662,62.11,62.11,62.11,62.11,62.11,62.11,62.11,62.11,62.11,62.11,62.11,62.11,62.11,62.11,62.11,62.11,62.11
Ocean Park,105.9366065,20.9910641,63.35,63.35,63.35,63.35,63.35,63.35,63.35,63.35,63.35,63.35,63.35,63.35,63.35,63.35,63.35,63.35,63.35
Ocean Park,105.9369913,20.991062,69.94,69.94,69.94,69.94,69.94,69.94,69.94,69.94,69.94,69.94,69.94,69.94,69.94,69.94,69.94,69.94,69.94
Ocean Park,105.9373761,20.9910599,69.91,69.91,69.91,69.91,69.91,69.91,69.91,69.91,69.91,69.91,69.91,69.91,69.91,69.91,69.91,69.91,69.91
Ocean Park,105.9377609,20.9910577,63.54,63.54,63.54,63.54,63.54,63.54,63.54,63.54,63.54,63.54,63.54,63.54,63.54,63.54,63.54,63.54,63.54
Ocean Park,105.9381457,20.9910556,68.89,68.89,68.89,68.89,68.89,68.89,68.89,68.89,68.89,68.89,68.89,68.89,68.89,68.89,68.89,68.89,68.89
Ocean Park,105.9385305,20.9910535,62.45,62.45,62.45,62.45,62.45,62.45,62.45,62.45,62.45,62.45,62.45,62.45,62.45,62.45,62.45,62.45,62.45
Ocean Park,105.9389153,20.9910514,61.58,61.58,61.58,61.58,61.58,61.58,61.58,61.58,61.58,61.58,61.58,61.58,61.58,61.58,61.58,61.58,61.58
Ocean Park,105.9393001,20.9910493,63.56,63.56,63.56,63.56,63.56,63.56,63.56,63.56,63.56,63.56,63.56,63.56,63.56,63.56,63.56,63.56,63.56
Ocean Park,105.9396849,20.9910471,66.45,66.45,66.45,66.45,66.45,66.45,66.45,66.45,66.45,66.45,66.45,66.45,66.45,66.45,66.45,66.45,66.45
Ocean Park,105.9400698,20.991045,60.96,60.96,60.96,60.96,60.96,60.96,60.96,60.96,60.96,60.96,60.96,60.96,60.96,60.96,60.96,60.96,60.96
Ocean Park,105.9404546,20.9910429,60.28,60.28,60.28,60.28,60.28,60.28,60.28,60.28,60.28,60.28,60.28,60.28,60.28,60.28,60.28,60.28,60.28
Ocean Park,105.9408394,20.9910408,64.21,64.21,64.21,64.21,64.21,64.21,64.21,64.21,64.21,64.21,64.21,64.21,64.21,64.21,64.21,64.21,64.21
Ocean Park,105.9412242,20.9910386,64.5,64.5,64.5,64.5,64.5,64.5,64.5,64.5,64.5,64.5,64.5,64.5,64.5,64.5,64.5,64.5,64.5
Ocean Park,105.941609,20.9910365,67.96,67.96,67.96,67.96,67.96,67.96,67.96,67.96,67.96,67.96,67.96,67.96,67.96,67.96,67.96,67.96,67.96
Ocean Park,105.9419938,20.9910344,60.85,60.85,60.85,60.85,60.85,60.85,60.85,60.85,60.85,60.85,60.85,60.85,60.85,60.85,60.85,60.85,60.85
Ocean Park,105.9423786,20.9910322,59.35,59.35,59.35,59.35,59.35,59.35,59.35,59.35,59.35,59.35,59.35,59.35,59.35,59.35,59.35,59.35,59.35
Ocean Park,105.9427634,20.9910301,59.15,59.15,59.15,59.15,59.15,59.15,59.15,59.15,59.15,59.15,59.15,59.15,59.15,59.15,59.15,59.15,59.15
Ocean Park,105.9431482,20.991028,60.01,60.01,60.01,60.01,60.01,60.01,60.01,60.01,60.01,60.01,60.01,60.01,60.01,60.01,60.01,60.01,60.01
Ocean Park,105.943533,20.9910259,62.28,62.28,62.28,62.28,62.28,62.28,62.28,62.28,62.28,62.28,62.28,62.28,62.28,62.28,62.28,62.28,62.28
Ocean Park,105.9439178,20.9910237,69.93,69.93,69.93,69.93,69.93,69.93,69.93,69.93,69.93,69.93,69.93,69.93,69.93,69.93,69.93,69.93,69.93
Ocean Park,105.9443026,20.9910216,68.06,68.06,68.06,68.06,68.06,68.06,68.06,68.06,68.06,68.06,68.06,68.06,68.06,68.06,68.06,68.06,68.06
Ocean Park,105.9446874,20.9910195,61.94,61.94,61.94,61.94,61.94,61.94,61.94,61.94,61.94,61.94,61.94,61.94,61.94,61.94,61.94,61.94,61.94
Ocean Park,105.9450722,20.9910173,60.73,60.73,60.73,60.73,60.73,60.73,60.73,60.73,60.73,60.73,60.73,60.73,60.73,60.73,60.73,60.73,60.73
Ocean Park,105.945457,20.9910152,60.92,60.92,60.92,60.92,60.92,60.92,60.92,60.92,60.92,60.92,60.92,60.92,60.92,60.92,60.92,60.92,60.92
Ocean Park,105.9458418,20.991013,62.39,62.39,62.39,62.39,62.39,62.39,62.39,62.39,62.39,62.39,62.39,62.39,62.39,62.39,62.39,62.39,62.39
Ocean Park,105.9462266,20.9910109,67.49,67.49,67.49,67.49,67.49,67.49,67.49,67.49,67.49,67.49,67.49,67.49,67.49,67.49,67.49,67.49,67.49
Ocean Park,105.9466114,20.9910088,68.94,68.94,68.94,68.94,68.94,68.94,68.94,68.94,68.94,68.94,68.94,68.94,68.94,68.94,68.94,68.94,68.94
Ocean Park,105.9469962,20.9910066,62.68,62.68,62.68,62.68,62.68,62.68,62.68,62.68,62.68,62.68,62.68,62.68,62.68,62.68,62.68,62.68,62.68
Ocean Park,105.947381,20.9910045,68.91,68.91,68.91,68.91,68.91,68.91,68.91,68.91,68.91,68.91,68.91,68.91,68.91,68.91,68.91,68.91,68.91
Ocean Park,105.9477658,20.9910023,68.36,68.36,68.36,68.36,68.36,68.36,68.36,68.36,68.36,68.36,68.36,68.36,68.36,68.36,68.36,68.36,68.36
Ocean Park,105.9481506,20.9910002,68.89,68.89,68.89,68.89,68.89,68.89,68.89,68.89,68.89,68.89,68.89,68.89,68.89,68.89,68.89,68.89,68.89
Ocean Park,105.9485354,20.9909981,65.12,65.12,65.12,65.12,65.12,65.12,65.12,65.12,65.12,65.12,65.12,65.12,65.12,65.12,65.12,65.12,65.12
Ocean Park,105.9489202,20.9909959,63.19,63.19,63.19,63.19,63.19,63.19,63.19,63.19,63.19,63.19,63.19,63.19,63.19,63.19,63.19,63.19,63.19
Ocean Park,105.949305,20.9909938,68.87,68.87,68.87,68.87,68.87,68.87,68.87,68.87,68.87,68.87,68.87,68.87,68.87,68.87,68.87,68.87,68.87
Ocean Park,105.9496898,20.9909916,62.85,62.85,62.85,62.85,62.85,62.85,62.85,62.85,62.85,62.85,62.85,62.85,62.85,62.85,62.85,62.85,62.85
Ocean Park,105.9500746,20.9909895,68.86,68.86,68.86,68.86,68.86,68.86,68.86,68.86,68.86,68.86,68.86,68.86,68.86,68.86,68.86,68.86,68.86
Ocean Park,105.9504594,20.9909873,63.45,63.45,63.45,63.45,63.45,63.45,63.45,63.45,63.45,63.45,63.45,63.45,63.45,63.45,63.45,63.45,63.45
Ocean Park,105.9508442,20.9909852,60.28,60.28,60.28,60.28,60.28,60.28,60.28,60.28,60.28,60.28,60.28,60.28,60.28,60.28,60.28,60.28,60.28
Ocean Park,105.951229,20.990983,60.6,60.6,60.6,60.6,60.6,60.6,60.6,60.6,60.6,60.6,60.6,60.6,60.6,60.6,60.6,60.6,60.6
Ocean Park,105.9516138,20.9909809,68.85,68.85,68.85,68.85,68.85,68.85,68.85,68.85,68.85,68.85,68.85,68.85,68.85,68.85,68.85,68.85,68.85
Ocean Park,105.9519986,20.9909787,61.68,61.68,61.68,61.68,61.68,61.68,61.68,61.68,61.68,61.68,61.68,61.68,61.68,61.68,61.68,61.68,61.68
Ocean Park,105.9523834,20.9909766,68.85,68.85,68.85,68.85,68.85,68.85,68.85,68.85,68.85,68.85,68.85,68.85,68.85,68.85,68.85,68.85,68.85
Ocean Park,105.9527683,20.9909744,63.3,63.3,63.3,63.3,63.3,63.3,63.3,63.3,63.3,63.3,63.3,63.3,63.3,63.3,63.3,63.3,63.3
Ocean Park,105.9327607,20.9914466,61.88,61.88,61.88,61.88,61.88,61.88,61.88,61.88,61.88,61.88,61.88,61.88,61.88,61.88,61.88,61.88,61.88
Ocean Park,105.9331455,20.9914445,68.91,68.91,68.91,68.91,68.91,68.91,68.91,68.91,68.91,68.91,68.91,68.91,68.91,68.91,68.91,68.91,68.91
Ocean Park,105.9335303,20.9914424,68.92,68.92,68.92,68.92,68.92,68.92,68.92,68.92,68.92,68.92,68.92,68.92,68.92,68.92,68.92,68.92,68.92
Ocean Park,105.9339151,20.9914403,62.29,62.29,62.29,62.29,62.29,62.29,62.29,62.29,62.29,62.29,62.29,62.29,62.29,62.29,62.29,62.29,62.29
Ocean Park,105.9342999,20.9914381,60.43,60.43,60.43,60.43,60.43,60.43,60.43,60.43,60.43,60.43,60.43,60.43,60.43,60.43,60.43,60.43,60.43
Ocean Park,105.9346847,20.991436,61.09,61.09,61.09,61.09,61.09,61.09,61.09,61.09,61.09,61.09,61.09,61.09,61.09,61.09,61.09,61.09,61.09
Ocean Park,105.9350695,20.9914339,64.06,64.06,64.06,64.06,64.06,64.06,64.06,64.06,64.06,64.06,64.06,64.06,64.06,64.06,64.06,64.06,64.06
Ocean Park,105.9354544,20.9914318,66.76,66.76,66.76,66.76,66.76,66.76,66.76,66.76,66.76,66.76,66.76,66.76,66.76,66.76,66.76,66.76,66.76
Ocean Park,105.9358392,20.9914297,62.45,62.45,62.45,62.45,62.45,62.45,62.45,62.45,62.45,62.45,62.45,62.45,62.45,62.45,62.45,62.45,62.45
Ocean Park,105.936224,20.9914276,63.1,63.1,63.1,63.1,63.1,63.1,63.1,63.1,63.1,63.1,63.1,63.1,63.1,63.1,63.1,63.1,63.1
Ocean Park,105.9366088,20.9914255,69.97,69.97,69.97,69.97,69.97,69.97,69.97,69.97,69.97,69.97,69.97,69.97,69.97,69.97,69.97,69.97,69.97
Ocean Park,105.9369936,20.9914233,62.92,62.92,62.92,62.92,62.92,62.92,62.92,62.92,62.92,62.92,62.92,62.92,62.92,62.92,62.92,62.92,62.92
Ocean Park,105.9373784,20.9914212,63.03,63.03,63.03,63.03,63.03,63.03,63.03,63.03,63.03,63.03,63.03,63.03,63.03,63.03,63.03,63.03,63.03
Ocean Park,105.9377632,20.9914191,69.94,69.94,69.94,69.94,69.94,69.94,69.94,69.94,69.94,69.94,69.94,69.94,69.94,69.94,69.94,69.94,69.94
Ocean Park,105.938148,20.991417,62.79,62.79,62.79,62.79,62.79,62.79,62.79,62.79,62.79,62.79,62.79,62.79,62.79,62.79,62.79,62.79,62.79
Ocean Park,105.9385328,20.9914149,61.53,61.53,61.53,61.53,61.53,61.53,61.53,61.53,61.53,61.53,61.53,61.53,61.53,61.53,61.53,61.53,61.53
Ocean Park,105.9389176,20.9914128,62.88,62.88,62.88,62.88,62.88,62.88,62.88,62.88,62.88,62.88,62.88,62.88,62.88,62.88,62.88,62.88,62.88
Ocean Park,105.9393024,20.9914106,69.02,69.02,69.02,69.02,69.02,69.02,69.02,69.02,69.02,69.02,69.02,69.02,69.02,69.02,69.02,69.02,69.02
Ocean Park,105.9396872,20.9914085,61.45,61.45,61.45,61.45,61.45,61.45,61.45,61.45,61.45,61.45,61.45,61.45,61.45,61.45,61.45,61.45,61.45
Ocean Park,105.940072,20.9914064,59.96,59.96,59.96,59.96,59.96,59.96,59.96,59.96,59.96,59.96,59.96,59.96,59.96,59.96,59.96,59.96,59.96
Ocean Park,105.9404568,20.9914043,63.06,63.06,63.06,63.06,63.06,63.06,63.06,63.06,63.06,63.06,63.06,63.06,63.06,63.06,63.06,63.06,63.06
Ocean Park,105.9408416,20.9914021,66.16,66.16,66.16,66.16,66.16,66.16,66.16,66.16,66.16,66.16,66.16,66.16,66.16,66.16,66.16,66.16,66.16
Ocean Park,105.9412264,20.9914,60.51,60.51,60.51,60.51,60.51,60.51,60.51,60.51,60.51,60.51,60.51,60.51,60.51,60.51,60.51,60.51,60.51
Ocean Park,105.9416112,20.9913979,64.58,64.58,64.58,64.58,64.58,64.58,64.58,64.58,64.58,64.58,64.58,64.58,64.58,64.58,64.58,64.58,64.58
Ocean Park,105.941996,20.9913958,63.33,63.33,63.33,63.33,63.33,63.33,63.33,63.33,63.33,63.33,63.33,63.33,63.33,63.33,63.33,63.33,63.33
Ocean Park,105.9423808,20.9913936,60.02,60.02,60.02,60.02,60.02,60.02,60.02,60.02,60.02,60.02,60.02,60.02,60.02,60.02,60.02,60.02,60.02
Ocean Park,105.9427656,20.9913915,59.13,59.13,59.13,59.13,59.13,59.13,59.13,59.13,59.13,59.13,59.13,59.13,59.13,59.13,59.13,59.13,59.13
Ocean Park,105.9431504,20.9913894,59.3,59.3,59.3,59.3,59.3,59.3,59.3,59.3,59.3,59.3,59.3,59.3,59.3,59.3,59.3,59.3,59.3
Ocean Park,105.9435353,20.9913872,60.82,60.82,60.82,60.82,60.82,60.82,60.82,60.82,60.82,60.82,60.82,60.82,60.82,60.82,60.82,60.82,60.82
Ocean Park,105.9439201,20.9913851,64.45,64.45,64.45,64.45,64.45,64.45,64.45,64.45,64.45,64.45,64.45,64.45,64.45,64.45,64.45,64.45,64.45
Ocean Park,105.9443049,20.991383,66.19,66.19,66.19,66.19,66.19,66.19,66.19,66.19,66.19,66.19,66.19,66.19,66.19,66.19,66.19,66.19,66.19
Ocean Park,105.9446897,20.9913808,64.7,64.7,64.7,64.7,64.7,64.7,64.7,64.7,64.7,64.7,64.7,64.7,64.7,64.7,64.7,64.7,64.7
Ocean Park,105.9450745,20.9913787,63.1,63.1,63.1,63.1,63.1,63.1,63.1,63.1,63.1,63.1,63.1,63.1,63.1,63.1,63.1,63.1,63.1
Ocean Park,105.9454593,20.9913766,65.35,65.35,65.35,65.35,65.35,65.35,65.35,65.35,65.35,65.35,65.35,65.35,65.35,65.35,65.35,65.35,65.35
Ocean Park,105.9458441,20.9913744,69.05,69.05,69.05,69.05,69.05,69.05,69.05,69.05,69.05,69.05,69.05,69.05,69.05,69.05,69.05,69.05,69.05
Ocean Park,105.9462289,20.9913723,64.12,64.12,64.12,64.12,64.12,64.12,64.12,64.12,64.12,64.12,64.12,64.12,64.12,64.12,64.12,64.12,64.12
Ocean Park,105.9466137,20.9913701,66.44,66.44,66.44,66.44,66.44,66.44,66.44,66.44,66.44,66.44,66.44,66.44,66.44,66.44,66.44,66.44,66.44
Ocean Park,105.9469985,20.991368,65.53,65.53,65.53,65.53,65.53,65.53,65.53,65.53,65.53,65.53,65.53,65.53,65.53,65.53,65.53,65.53,65.53
Ocean Park,105.9473833,20.9913659,67.48,67.48,67.48,67.48,67.48,67.48,67.48,67.48,67.48,67.48,67.48,67.48,67.48,67.48,67.48,67.48,67.48
Ocean Park,105.9477681,20.9913637,64.24,64.24,64.24,64.24,64.24,64.24,64.24,64.24,64.24,64.24,64.24,64.24,64.24,64.24,64.24,64.24,64.24
Ocean Park,105.9481529,20.9913616,63.35,63.35,63.35,63.35,63.35,63.35,63.35,63.35,63.35,63.35,63.35,63.35,63.35,63.35,63.35,63.35,63.35
Ocean Park,105.9485377,20.9913594,65.74,65.74,65.74,65.74,65.74,65.74,65.74,65.74,65.74,65.74,65.74,65.74,65.74,65.74,65.74,65.74,65.74
Ocean Park,105.9489225,20.9913573,68.88,68.88,68.88,68.88,68.88,68.88,68.88,68.88,68.88,68.88,68.88,68.88,68.88,68.88,68.88,68.88,68.88
Ocean Park,105.9493073,20.9913552,65.86,65.86,65.86,65.86,65.86,65.86,65.86,65.86,65.86,65.86,65.86,65.86,65.86,65.86,65.86,65.86,65.86
Ocean Park,105.9496921,20.991353,65.67,65.67,65.67,65.67,65.67,65.67,65.67,65.67,65.67,65.67,65.67,65.67,65.67,65.67,65.67,65.67,65.67
Ocean Park,105.9500769,20.9913509,61.17,61.17,61.17,61.17,61.17,61.17,61.17,61.17,61.17,61.17,61.17,61.17,61.17,61.17,61.17,61.17,61.17
Ocean Park,105.9504617,20.9913487,59.14,59.14,59.14,59.14,59.14,59.14,59.14,59.14,59.14,59.14,59.14,59.14,59.14,59.14,59.14,59.14,59.14
Ocean Park,105.9508465,20.9913466,57.84,57.84,57.84,57.84,57.84,57.84,57.84,57.84,57.84,57.84,57.84,57.84,57.84,57.84,57.84,57.84,57.84
Ocean Park,105.9512313,20.9913444,58.76,58.76,58.76,58.76,58.76,58.76,58.76,58.76,58.76,58.76,58.76,58.76,58.76,58.76,58.76,58.76,58.76
Ocean Park,105.9516161,20.9913423,62.14,62.14,62.14,62.14,62.14,62.14,62.14,62.14,62.14,62.14,62.14,62.14,62.14,62.14,62.14,62.14,62.14
Ocean Park,105.9520009,20.9913401,68.25,68.25,68.25,68.25,68.25,68.25,68.25,68.25,68.25,68.25,68.25,68.25,68.25,68.25,68.25,68.25,68.25
Ocean Park,105.9523857,20.991338,63.03,63.03,63.03,63.03,63.03,63.03,63.03,63.03,63.03,63.03,63.03,63.03,63.03,63.03,63.03,63.03,63.03
Ocean Park,105.9527705,20.9913358,66.18,66.18,66.18,66.18,66.18,66.18,66.18,66.18,66.18,66.18,66.18,66.18,66.18,66.18,66.18,66.18,66.18
Ocean Park,105.932763,20.991808,64.8,64.8,64.8,64.8,64.8,64.8,64.8,64.8,64.8,64.8,64.8,64.8,64.8,64.8,64.8,64.8,64.8
Ocean Park,105.9331478,20.9918059,65.76,65.76,65.76,65.76,65.76,65.76,65.76,65.76,65.76,65.76,65.76,65.76,65.76,65.76,65.76,65.76,65.76
Ocean Park,105.9335326,20.9918037,60.59,60.59,60.59,60.59,60.59,60.59,60.59,60.59,60.59,60.59,60.59,60.59,60.59,60.59,60.59,60.59,60.59
Ocean Park,105.9339174,20.9918016,60.91,60.91,60.91,60.91,60.91,60.91,60.91,60.91,60.91,60.91,60.91,60.91,60.91,60.91,60.91,60.91,60.91
Ocean Park,105.9343022,20.9917995,63.09,63.09,63.09,63.09,63.09,63.09,63.09,63.09,63.09,63.09,63.09,63.09,63.09,63.09,63.09,63.09,63.09
Ocean Park,105.934687,20.9917974,69.02,69.02,69.02,69.02,69.02,69.02,69.02,69.02,69.02,69.02,69.02,69.02,69.02,69.02,69.02,69.02,69.02
Ocean Park,105.9350718,20.9917953,64.6,64.6,64.6,64.6,64.6,64.6,64.6,64.6,64.6,64.6,64.6,64.6,64.6,64.6,64.6,64.6,64.6
Ocean Park,105.9354566,20.9917932,62.32,62.32,62.32,62.32,62.32,62.32,62.32,62.32,62.32,62.32,62.32,62.32,62.32,62.32,62.32,62.32,62.32
Ocean Park,105.9358414,20.9917911,62.79,62.79,62.79,62.79,62.79,62.79,62.79,62.79,62.79,62.79,62.79,62.79,62.79,62.79,62.79,62.79,62.79
Ocean Park,105.9362262,20.991789,69.32,69.32,69.32,69.32,69.32,69.32,69.32,69.32,69.32,69.32,69.32,69.32,69.32,69.32,69.32,69.32,69.32
Ocean Park,105.936611,20.9917868,63.54,63.54,63.54,63.54,63.54,63.54,63.54,63.54,63.54,63.54,63.54,63.54,63.54,63.54,63.54,63.54,63.54
Ocean Park,105.9369958,20.9917847,62.51,62.51,62.51,62.51,62.51,62.51,62.51,62.51,62.51,62.51,62.51,62.51,62.51,62.51,62.51,62.51,62.51
Ocean Park,105.9373806,20.9917826,69.94,69.94,69.94,69.94,69.94,69.94,69.94,69.94,69.94,69.94,69.94,69.94,69.94,69.94,69.94,69.94,69.94
Ocean Park,105.9377654,20.9917805,63.1,63.1,63.1,63.1,63.1,63.1,63.1,63.1,63.1,63.1,63.1,63.1,63.1,63.1,63.1,63.1,63.1
Ocean Park,105.9381502,20.9917784,61.51,61.51,61.51,61.51,61.51,61.51,61.51,61.51,61.51,61.51,61.51,61.51,61.51,61.51,61.51,61.51,61.51
Ocean Park,105.9385351,20.9917762,62.4,62.4,62.4,62.4,62.4,62.4,62.4,62.4,62.4,62.4,62.4,62.4,62.4,62.4,62.4,62.4,62.4
Ocean Park,105.9389199,20.9917741,69.03,69.03,69.03,69.03,69.03,69.03,69.03,69.03,69.03,69.03,69.03,69.03,69.03,69.03,69.03,69.03,69.03
Ocean Park,105.9393047,20.991772,62.04,62.04,62.04,62.04,62.04,62.04,62.04,62.04,62.04,62.04,62.04,62.04,62.04,62.04,62.04,62.04,62.04
Ocean Park,105.9396895,20.9917699,59.68,59.68,59.68,59.68,59.68,59.68,59.68,59.68,59.68,59.68,59.68,59.68,59.68,59.68,59.68,59.68,59.68
Ocean Park,105.9400743,20.9917678,62.22,62.22,62.22,62.22,62.22,62.22,62.22,62.22,62.22,62.22,62.22,62.22,62.22,62.22,62.22,62.22,62.22
Ocean Park,105.9404591,20.9917656,68.92,68.92,68.92,68.92,68.92,68.92,68.92,68.92,68.92,68.92,68.92,68.92,68.92,68.92,68.92,68.92,68.92
Ocean Park,105.9408439,20.9917635,60.99,60.99,60.99,60.99,60.99,60.99,60.99,60.99,60.99,60.99,60.99,60.99,60.99,60.99,60.99,60.99,60.99
Ocean Park,105.9412287,20.9917614,58.73,58.73,58.73,58.73,58.73,58.73,58.73,58.73,58.73,58.73,58.73,58.73,58.73,58.73,58.73,58.73,58.73
Ocean Park,105.9416135,20.9917593,61.08,61.08,61.08,61.08,61.08,61.08,61.08,61.08,61.08,61.08,61.08,61.08,61.08,61.08,61.08,61.08,61.08
Ocean Park,105.9419983,20.9917571,68.94,68.94,68.94,68.94,68.94,68.94,68.94,68.94,68.94,68.94,68.94,68.94,68.94,68.94,68.94,68.94,68.94
Ocean Park,105.9423831,20.991755,61.45,61.45,61.45,61.45,61.45,61.45,61.45,61.45,61.45,61.45,61.45,61.45,61.45,61.45,61.45,61.45,61.45
Ocean Park,105.9427679,20.9917529,59.51,59.51,59.51,59.51,59.51,59.51,59.51,59.51,59.51,59.51,59.51,59.51,59.51,59.51,59.51,59.51,59.51
Ocean Park,105.9431527,20.9917507,59.08,59.08,59.08,59.08,59.08,59.08,59.08,59.08,59.08,59.08,59.08,59.08,59.08,59.08,59.08,59.08,59.08
Ocean Park,105.9435375,20.9917486,60.4,60.4,60.4,60.4,60.4,60.4,60.4,60.4,60.4,60.4,60.4,60.4,60.4,60.4,60.4,60.4,60.4
Ocean Park,105.9439223,20.9917465,62.51,62.51,62.51,62.51,62.51,62.51,62.51,62.51,62.51,62.51,62.51,62.51,62.51,62.51,62.51,62.51,62.51
Ocean Park,105.9443071,20.9917443,69.04,69.04,69.04,69.04,69.04,69.04,69.04,69.04,69.04,69.04,69.04,69.04,69.04,69.04,69.04,69.04,69.04
Ocean Park,105.9446919,20.9917422,70.47,70.47,70.47,70.47,70.47,70.47,70.47,70.47,70.47,70.47,70.47,70.47,70.47,70.47,70.47,70.47,70.47
Ocean Park,105.9450767,20.9917401,69.97,69.97,69.97,69.97,69.97,69.97,69.97,69.97,69.97,69.97,69.97,69.97,69.97,69.97,69.97,69.97,69.97
Ocean Park,105.9454615,20.9917379,66.4,66.4,66.4,66.4,66.4,66.4,66.4,66.4,66.4,66.4,66.4,66.4,66.4,66.4,66.4,66.4,66.4
Ocean Park,105.9458464,20.9917358,64.37,64.37,64.37,64.37,64.37,64.37,64.37,64.37,64.37,64.37,64.37,64.37,64.37,64.37,64.37,64.37,64.37
Ocean Park,105.9462312,20.9917337,69.01,69.01,69.01,69.01,69.01,69.01,69.01,69.01,69.01,69.01,69.01,69.01,69.01,69.01,69.01,69.01,69.01
Ocean Park,105.946616,20.9917315,66.39,66.39,66.39,66.39,66.39,66.39,66.39,66.39,66.39,66.39,66.39,66.39,66.39,66.39,66.39,66.39,66.39
Ocean Park,105.9470008,20.9917294,62.44,62.44,62.44,62.44,62.44,62.44,62.44,62.44,62.44,62.44,62.44,62.44,62.44,62.44,62.44,62.44,62.44
Ocean Park,105.9473856,20.9917272,62.84,62.84,62.84,62.84,62.84,62.84,62.84,62.84,62.84,62.84,62.84,62.84,62.84,62.84,62.84,62.84,62.84
Ocean Park,105.9477704,20.9917251,67.72,67.72,67.72,67.72,67.72,67.72,67.72,67.72,67.72,67.72,67.72,67.72,67.72,67.72,67.72,67.72,67.72
Ocean Park,105.9481552,20.991723,68.9,68.9,68.9,68.9,68.9,68.9,68.9,68.9,68.9,68.9,68.9,68.9,68.9,68.9,68.9,68.9,68.9
Ocean Park,105.94854,20.9917208,65.85,65.85,65.85,65.85,65.85,65.85,65.85,65.85,65.85,65.85,65.85,65.85,65.85,65.85,65.85,65.85,65.85
Ocean Park,105.9489248,20.9917187,68.88,68.88,68.88,68.88,68.88,68.88,68.88,68.88,68.88,68.88,68.88,68.88,68.88,68.88,68.88,68.88,68.88
Ocean Park,105.9493096,20.9917165,62.3,62.3,62.3,62.3,62.3,62.3,62.3,62.3,62.3,62.3,62.3,62.3,62.3,62.3,62.3,62.3,62.3
Ocean Park,105.9496944,20.9917144,59.8,59.8,59.8,59.8,59.8,59.8,59.8,59.8,59.8,59.8,59.8,59.8,59.8,59.8,59.8,59.8,59.8
Ocean Park,105.9500792,20.9917122,58.33,58.33,58.33,58.33,58.33,58.33,58.33,58.33,58.33,58.33,58.33,58.33,58.33,58.33,58.33,58.33,58.33
Ocean Park,105.950464,20.9917101,57.29,57.29,57.29,57.29,57.29,57.29,57.29,57.29,57.29,57.29,57.29,57.29,57.29,57.29,57.29,57.29,57.29
Ocean Park,105.9508488,20.9917079,56.5,56.5,56.5,56.5,56.5,56.5,56.5,56.5,56.5,56.5,56.5,56.5,56.5,56.5,56.5,56.5,56.5
Ocean Park,105.9512336,20.9917058,57.46,57.46,57.46,57.46,57.46,57.46,57.46,57.46,57.46,57.46,57.46,57.46,57.46,57.46,57.46,57.46,57.46
Ocean Park,105.9516184,20.9917036,59.21,59.21,59.21,59.21,59.21,59.21,59.21,59.21,59.21,59.21,59.21,59.21,59.21,59.21,59.21,59.21,59.21
Ocean Park,105.9520032,20.9917015,62.85,62.85,62.85,62.85,62.85,62.85,62.85,62.85,62.85,62.85,62.85,62.85,62.85,62.85,62.85,62.85,62.85
Ocean Park,105.952388,20.9916993,66.89,66.89,66.89,66.89,66.89,66.89,66.89,66.89,66.89,66.89,66.89,66.89,66.89,66.89,66.89,66.89,66.89
Ocean Park,105.9527728,20.9916972,60.43,60.43,60.43,60.43,60.43,60.43,60.43,60.43,60.43,60.43,60.43,60.43,60.43,60.43,60.43,60.43,60.43
Ocean Park,105.9327652,20.9921693,68.92,68.92,68.92,68.92,68.92,68.92,68.92,68.92,68.92,68.92,68.92,68.92,68.92,68.92,68.92,68.92,68.92
Ocean Park,105.93315,20.9921672,62.65,62.65,62.65,62.65,62.65,62.65,62.65,62.65,62.65,62.65,62.65,62.65,62.65,62.65,62.65,62.65,62.65
Ocean Park,105.9335348,20.9921651,65.1,65.1,65.1,65.1,65.1,65.1,65.1,65.1,65.1,65.1,65.1,65.1,65.1,65.1,65.1,65.1,65.1
Ocean Park,105.9339196,20.992163,68.97,68.97,68.97,68.97,68.97,68.97,68.97,68.97,68.97,68.97,68.97,68.97,68.97,68.97,68.97,68.97,68.97
Ocean Park,105.9343044,20.9921609,64.88,64.88,64.88,64.88,64.88,64.88,64.88,64.88,64.88,64.88,64.88,64.88,64.88,64.88,64.88,64.88,64.88
Ocean Park,105.9346892,20.9921588,62.22,62.22,62.22,62.22,62.22,62.22,62.22,62.22,62.22,62.22,62.22,62.22,62.22,62.22,62.22,62.22,62.22
Ocean Park,105.935074,20.9921567,61.56,61.56,61.56,61.56,61.56,61.56,61.56,61.56,61.56,61.56,61.56,61.56,61.56,61.56,61.56,61.56,61.56
Ocean Park,105.9354589,20.9921546,62.36,62.36,62.36,62.36,62.36,62.36,62.36,62.36,62.36,62.36,62.36,62.36,62.36,62.36,62.36,62.36,62.36
Ocean Park,105.9358437,20.9921525,67.18,67.18,67.18,67.18,67.18,67.18,67.18,67.18,67.18,67.18,67.18,67.18,67.18,67.18,67.18,67.18,67.18
Ocean Park,105.9362285,20.9921503,64.25,64.25,64.25,64.25,64.25,64.25,64.25,64.25,64.25,64.25,64.25,64.25,64.25,64.25,64.25,64.25,64.25
Ocean Park,105.9366133,20.9921482,62.1,62.1,62.1,62.1,62.1,62.1,62.1,62.1,62.1,62.1,62.1,62.1,62.1,62.1,62.1,62.1,62.1
Ocean Park,105.9369981,20.9921461,69.93,69.93,69.93,69.93,69.93,69.93,69.93,69.93,69.93,69.93,69.93,69.93,69.93,69.93,69.93,69.93,69.93
Ocean Park,105.9373829,20.992144,63.56,63.56,63.56,63.56,63.56,63.56,63.56,63.56,63.56,63.56,63.56,63.56,63.56,63.56,63.56,63.56,63.56
Ocean Park,105.9377677,20.9921419,61.53,61.53,61.53,61.53,61.53,61.53,61.53,61.53,61.53,61.53,61.53,61.53,61.53,61.53,61.53,61.53,61.53
Ocean Park,105.9381525,20.9921397,62.02,62.02,62.02,62.02,62.02,62.02,62.02,62.02,62.02,62.02,62.02,62.02,62.02,62.02,62.02,62.02,62.02
Ocean Park,105.9385373,20.9921376,68.3,68.3,68.3,68.3,68.3,68.3,68.3,68.3,68.3,68.3,68.3,68.3,68.3,68.3,68.3,68.3,68.3
Ocean Park,105.9389221,20.9921355,63.5,63.5,63.5,63.5,63.5,63.5,63.5,63.5,63.5,63.5,63.5,63.5,63.5,63.5,63.5,63.5,63.5
Ocean Park,105.9393069,20.9921334,67.83,67.83,67.83,67.83,67.83,67.83,67.83,67.83,67.83,67.83,67.83,67.83,67.83,67.83,67.83,67.83,67.83
Ocean Park,105.9396917,20.9921313,61.56,61.56,61.56,61.56,61.56,61.56,61.56,61.56,61.56,61.56,61.56,61.56,61.56,61.56,61.56,61.56,61.56
Ocean Park,105.9400765,20.9921291,68.92,68.92,68.92,68.92,68.92,68.92,68.92,68.92,68.92,68.92,68.92,68.92,68.92,68.92,68.92,68.92,68.92
Ocean Park,105.9404613,20.992127,61.61,61.61,61.61,61.61,61.61,61.61,61.61,61.61,61.61,61.61,61.61,61.61,61.61,61.61,61.61,61.61,61.61
Ocean Park,105.9408461,20.9921249,59.27,59.27,59.27,59.27,59.27,59.27,59.27,59.27,59.27,59.27,59.27,59.27,59.27,59.27,59.27,59.27,59.27
Ocean Park,105.941231,20.9921228,60.99,60.99,60.99,60.99,60.99,60.99,60.99,60.99,60.99,60.99,60.99,60.99,60.99,60.99,60.99,60.99,60.99
Ocean Park,105.9416158,20.9921206,64.72,64.72,64.72,64.72,64.72,64.72,64.72,64.72,64.72,64.72,64.72,64.72,64.72,64.72,64.72,64.72,64.72
Ocean Park,105.9420006,20.9921185,67.33,67.33,67.33,67.33,67.33,67.33,67.33,67.33,67.33,67.33,67.33,67.33,67.33,67.33,67.33,67.33,67.33
Ocean Park,105.9423854,20.9921164,65.01,65.01,65.01,65.01,65.01,65.01,65.01,65.01,65.01,65.01,65.01,65.01,65.01,65.01,65.01,65.01,65.01
Ocean Park,105.9427702,20.9921142,60.4,60.4,60.4,60.4,60.4,60.4,60.4,60.4,60.4,60.4,60.4,60.4,60.4,60.4,60.4,60.4,60.4
Ocean Park,105.943155,20.9921121,59.62,59.62,59.62,59.62,59.62,59.62,59.62,59.62,59.62,59.62,59.62,59.62,59.62,59.62,59.62,59.62,59.62
Ocean Park,105.9435398,20.99211,61.07,61.07,61.07,61.07,61.07,61.07,61.07,61.07,61.07,61.07,61.07,61.07,61.07,61.07,61.07,61.07,61.07
Ocean Park,105.9439246,20.9921079,63.42,63.42,63.42,63.42,63.42,63.42,63.42,63.42,63.42,63.42,63.42,63.42,63.42,63.42,63.42,63.42,63.42
Ocean Park,105.9443094,20.9921057,69.0,69.0,69.0,69.0,69.0,69.0,69.0,69.0,69.0,69.0,69.0,69.0,69.0,69.0,69.0,69.0,69.0
Ocean Park,105.9446942,20.9921036,67.17,67.17,67.17,67.17,67.17,67.17,67.17,67.17,67.17,67.17,67.17,67.17,67.17,67.17,67.17,67.17,67.17
Ocean Park,105.945079,20.9921014,70.7,70.7,70.7,70.7,70.7,70.7,70.7,70.7,70.7,70.7,70.7,70.7,70.7,70.7,70.7,70.7,70.7
Ocean Park,105.9454638,20.9920993,69.33,69.33,69.33,69.33,69.33,69.33,69.33,69.33,69.33,69.33,69.33,69.33,69.33,69.33,69.33,69.33,69.33
Ocean Park,105.9458486,20.9920972,65.48,65.48,65.48,65.48,65.48,65.48,65.48,65.48,65.48,65.48,65.48,65.48,65.48,65.48,65.48,65.48,65.48
Ocean Park,105.9462334,20.992095,63.39,63.39,63.39,63.39,63.39,63.39,63.39,63.39,63.39,63.39,63.39,63.39,63.39,63.39,63.39,63.39,63.39
Ocean Park,105.9466182,20.9920929,65.22,65.22,65.22,65.22,65.22,65.22,65.22,65.22,65.22,65.22,65.22,65.22,65.22,65.22,65.22,65.22,65.22
Ocean Park,105.947003,20.9920908,68.95,68.95,68.95,68.95,68.95,68.95,68.95,68.95,68.95,68.95,68.95,68.95,68.95,68.95,68.95,68.95,68.95
Ocean Park,105.9473879,20.9920886,68.93,68.93,68.93,68.93,68.93,68.93,68.93,68.93,68.93,68.93,68.93,68.93,68.93,68.93,68.93,68.93,68.93
Ocean Park,105.9477727,20.9920865,64.63,64.63,64.63,64.63,64.63,64.63,64.63,64.63,64.63,64.63,64.63,64.63,64.63,64.63,64.63,64.63,64.63
Ocean Park,105.9481575,20.9920843,68.9,68.9,68.9,68.9,68.9,68.9,68.9,68.9,68.9,68.9,68.9,68.9,68.9,68.9,68.9,68.9,68.9
Ocean Park,105.9485423,20.9920822,63.78,63.78,63.78,63.78,63.78,63.78,63.78,63.78,63.78,63.78,63.78,63.78,63.78,63.78,63.78,63.78,63.78
Ocean Park,105.9489271,20.99208,60.58,60.58,60.58,60.58,60.58,60.58,60.58,60.58,60.58,60.58,60.58,60.58,60.58,60.58,60.58,60.58,60.58
Ocean Park,105.9493119,20.9920779,58.89,58.89,58.89,58.89,58.89,58.89,58.89,58.89,58.89,58.89,58.89,58.89,58.89,58.89,58.89,58.89,58.89
Ocean Park,105.9496967,20.9920758,57.74,57.74,57.74,57.74,57.74,57.74,57.74,57.74,57.74,57.74,57.74,57.74,57.74,57.74,57.74,57.74,57.74
Ocean Park,105.9500815,20.9920736,56.89,56.89,56.89,56.89,56.89,56.89,56.89,56.89,56.89,56.89,56.89,56.89,56.89,56.89,56.89,56.89,56.89
Ocean Park,105.9504663,20.9920715,56.21,56.21,56.21,56.21,56.21,56.21,56.21,56.21,56.21,56.21,56.21,56.21,56.21,56.21,56.21,56.21,56.21
Ocean Park,105.9508511,20.9920693,55.73,55.73,55.73,55.73,55.73,55.73,55.73,55.73,55.73,55.73,55.73,55.73,55.73,55.73,55.73,55.73,55.73
Ocean Park,105.9512359,20.9920672,56.51,56.51,56.51,56.51,56.51,56.51,56.51,56.51,56.51,56.51,56.51,56.51,56.51,56.51,56.51,56.51,56.51
Ocean Park,105.9516207,20.992065,57.65,57.65,57.65,57.65,57.65,57.65,57.65,57.65,57.65,57.65,57.65,57.65,57.65,57.65,57.65,57.65,57.65
Ocean Park,105.9520055,20.9920629,59.42,59.42,59.42,59.42,59.42,59.42,59.42,59.42,59.42,59.42,59.42,59.42,59.42,59.42,59.42,59.42,59.42
Ocean Park,105.9523903,20.9920607,60.06,60.06,60.06,60.06,60.06,60.06,60.06,60.06,60.06,60.06,60.06,60.06,60.06,60.06,60.06,60.06,60.06
Ocean Park,105.9527751,20.9920586,58.25,58.25,58.25,58.25,58.25,58.25,58.25,58.25,58.25,58.25,58.25,58.25,58.25,58.25,58.25,58.25,58.25
Ocean Park,105.9327674,20.9925307,66.31,66.31,66.31,66.31,66.31,66.31,66.31,66.31,66.31,66.31,66.31,66.31,66.31,66.31,66.31,66.31,66.31
Ocean Park,105.9331523,20.9925286,64.24,64.24,64.24,64.24,64.24,64.24,64.24,64.24,64.24,64.24,64.24,64.24,64.24,64.24,64.24,64.24,64.24
Ocean Park,105.9335371,20.9925265,62.5,62.5,62.5,62.5,62.5,62.5,62.5,62.5,62.5,62.5,62.5,62.5,62.5,62.5,62.5,62.5,62.5
Ocean Park,105.9339219,20.9925244,61.39,61.39,61.39,61.39,61.39,61.39,61.39,61.39,61.39,61.39,61.39,61.39,61.39,61.39,61.39,61.39,61.39
Ocean Park,105.9343067,20.9925223,66.04,66.04,66.04,66.04,66.04,66.04,66.04,66.04,66.04,66.04,66.04,66.04,66.04,66.04,66.04,66.04,66.04
Ocean Park,105.9346915,20.9925202,64.6,64.6,64.6,64.6,64.6,64.6,64.6,64.6,64.6,64.6,64.6,64.6,64.6,64.6,64.6,64.6,64.6
Ocean Park,105.9350763,20.9925181,62.86,62.86,62.86,62.86,62.86,62.86,62.86,62.86,62.86,62.86,62.86,62.86,62.86,62.86,62.86,62.86,62.86
Ocean Park,105.9354611,20.9925159,65.96,65.96,65.96,65.96,65.96,65.96,65.96,65.96,65.96,65.96,65.96,65.96,65.96,65.96,65.96,65.96,65.96
Ocean Park,105.9358459,20.9925138,65.2,65.2,65.2,65.2,65.2,65.2,65.2,65.2,65.2,65.2,65.2,65.2,65.2,65.2,65.2,65.2,65.2
Ocean Park,105.9362307,20.9925117,61.81,61.81,61.81,61.81,61.81,61.81,61.81,61.81,61.81,61.81,61.81,61.81,61.81,61.81,61.81,61.81,61.81
Ocean Park,105.9366155,20.9925096,67.68,67.68,67.68,67.68,67.68,67.68,67.68,67.68,67.68,67.68,67.68,67.68,67.68,67.68,67.68,67.68,67.68
Ocean Park,105.9370003,20.9925075,64.12,64.12,64.12,64.12,64.12,64.12,64.12,64.12,64.12,64.12,64.12,64.12,64.12,64.12,64.12,64.12,64.12
Ocean Park,105.9373851,20.9925054,61.61,61.61,61.61,61.61,61.61,61.61,61.61,61.61,61.61,61.61,61.61,61.61,61.61,61.61,61.61,61.61,61.61
Ocean Park,105.93777,20.9925032,61.74,61.74,61.74,61.74,61.74,61.74,61.74,61.74,61.74,61.74,61.74,61.74,61.74,61.74,61.74,61.74,61.74
Ocean Park,105.9381548,20.9925011,65.87,65.87,65.87,65.87,65.87,65.87,65.87,65.87,65.87,65.87,65.87,65.87,65.87,65.87,65.87,65.87,65.87
Ocean Park,105.9385396,20.992499,63.56,63.56,63.56,63.56,63.56,63.56,63.56,63.56,63.56,63.56,63.56,63.56,63.56,63.56,63.56,63.56,63.56
Ocean Park,105.9389244,20.9924969,60.17,60.17,60.17,60.17,60.17,60.17,60.17,60.17,60.17,60.17,60.17,60.17,60.17,60.17,60.17,60.17,60.17
Ocean Park,105.9393092,20.9924948,62.69,62.69,62.69,62.69,62.69,62.69,62.69,62.69,62.69,62.69,62.69,62.69,62.69,62.69,62.69,62.69,62.69
Ocean Park,105.939694,20.9924926,68.92,68.92,68.92,68.92,68.92,68.92,68.92,68.92,68.92,68.92,68.92,68.92,68.92,68.92,68.92,68.92,68.92
Ocean Park,105.9400788,20.9924905,62.36,62.36,62.36,62.36,62.36,62.36,62.36,62.36,62.36,62.36,62.36,62.36,62.36,62.36,62.36,62.36,62.36
Ocean Park,105.9404636,20.9924884,60.25,60.25,60.25,60.25,60.25,60.25,60.25,60.25,60.25,60.25,60.25,60.25,60.25,60.25,60.25,60.25,60.25
Ocean Park,105.9408484,20.9924863,62.82,62.82,62.82,62.82,62.82,62.82,62.82,62.82,62.82,62.82,62.82,62.82,62.82,62.82,62.82,62.82,62.82
Ocean Park,105.9412332,20.9924841,68.89,68.89,68.89,68.89,68.89,68.89,68.89,68.89,68.89,68.89,68.89,68.89,68.89,68.89,68.89,68.89,68.89
Ocean Park,105.941618,20.992482,63.07,63.07,63.07,63.07,63.07,63.07,63.07,63.07,63.07,63.07,63.07,63.07,63.07,63.07,63.07,63.07,63.07
Ocean Park,105.9420028,20.9924799,60.44,60.44,60.44,60.44,60.44,60.44,60.44,60.44,60.44,60.44,60.44,60.44,60.44,60.44,60.44,60.44,60.44
Ocean Park,105.9423876,20.9924778,67.09,67.09,67.09,67.09,67.09,67.09,67.09,67.09,67.09,67.09,67.09,67.09,67.09,67.09,67.09,67.09,67.09
Ocean Park,105.9427725,20.9924756,62.3,62.3,62.3,62.3,62.3,62.3,62.3,62.3,62.3,62.3,62.3,62.3,62.3,62.3,62.3,62.3,62.3
Ocean Park,105.9431573,20.9924735,61.5,61.5,61.5,61.5,61.5,61.5,61.5,61.5,61.5,61.5,61.5,61.5,61.5,61.5,61.5,61.5,61.5
Ocean Park,105.9435421,20.9924714,64.89,64.89,64.89,64.89,64.89,64.89,64.89,64.89,64.89,64.89,64.89,64.89,64.89,64.89,64.89,64.89,64.89
Ocean Park,105.9439269,20.9924692,68.65,68.65,68.65,68.65,68.65,68.65,68.65,68.65,68.65,68.65,68.65,68.65,68.65,68.65,68.65,68.65,68.65
Ocean Park,105.9443117,20.9924671,65.84,65.84,65.84,65.84,65.84,65.84,65.84,65.84,65.84,65.84,65.84,65.84,65.84,65.84,65.84,65.84,65.84
Ocean Park,105.9446965,20.992465,66.5,66.5,66.5,66.5,66.5,66.5,66.5,66.5,66.5,66.5,66.5,66.5,66.5,66.5,66.5,66.5,66.5
Ocean Park,105.9450813,20.9924628,69.94,69.94,69.94,69.94,69.94,69.94,69.94,69.94,69.94,69.94,69.94,69.94,69.94,69.94,69.94,69.94,69.94
Ocean Park,105.9454661,20.9924607,66.81,66.81,66.81,66.81,66.81,66.81,66.81,66.81,66.81,66.81,66.81,66.81,66.81,66.81,66.81,66.81,66.81
Ocean Park,105.9458509,20.9924586,66.85,66.85,66.85,66.85,66.85,66.85,66.85,66.85,66.85,66.85,66.85,66.85,66.85,66.85,66.85,66.85,66.85
Ocean Park,105.9462357,20.9924564,69.08,69.08,69.08,69.08,69.08,69.08,69.08,69.08,69.08,69.08,69.08,69.08,69.08,69.08,69.08,69.08,69.08
Ocean Park,105.9466205,20.9924543,67.12,67.12,67.12,67.12,67.12,67.12,67.12,67.12,67.12,67.12,67.12,67.12,67.12,67.12,67.12,67.12,67.12
Ocean Park,105.9470053,20.9924521,64.17,64.17,64.17,64.17,64.17,64.17,64.17,64.17,64.17,64.17,64.17,64.17,64.17,64.17,64.17,64.17,64.17
Ocean Park,105.9473901,20.99245,65.74,65.74,65.74,65.74,65.74,65.74,65.74,65.74,65.74,65.74,65.74,65.74,65.74,65.74,65.74,65.74,65.74
Ocean Park,105.9477749,20.9924479,66.09,66.09,66.09,66.09,66.09,66.09,66.09,66.09,66.09,66.09,66.09,66.09,66.09,66.09,66.09,66.09,66.09
Ocean Park,105.9481597,20.9924457,61.52,61.52,61.52,61.52,61.52,61.52,61.52,61.52,61.52,61.52,61.52,61.52,61.52,61.52,61.52,61.52,61.52
Ocean Park,105.9485446,20.9924436,59.54,59.54,59.54,59.54,59.54,59.54,59.54,59.54,59.54,59.54,59.54,59.54,59.54,59.54,59.54,59.54,59.54
Ocean Park,105.9489294,20.9924414,58.26,58.26,58.26,58.26,58.26,58.26,58.26,58.26,58.26,58.26,58.26,58.26,58.26,58.26,58.26,58.26,58.26
Ocean Park,105.9493142,20.9924393,57.34,57.34,57.34,57.34,57.34,57.34,57.34,57.34,57.34,57.34,57.34,57.34,57.34,57.34,57.34,57.34,57.34
Ocean Park,105.949699,20.9924371,56.62,56.62,56.62,56.62,56.62,56.62,56.62,56.62,56.62,56.62,56.62,56.62,56.62,56.62,56.62,56.62,56.62
Ocean Park,105.9500838,20.992435,56.02,56.02,56.02,56.02,56.02,56.02,56.02,56.02,56.02,56.02,56.02,56.02,56.02,56.02,56.02,56.02,56.02
Ocean Park,105.9504686,20.9924328,55.51,55.51,55.51,55.51,55.51,55.51,55.51,55.51,55.51,55.51,55.51,55.51,55.51,55.51,55.51,55.51,55.51
Ocean Park,105.9508534,20.9924307,55.27,55.27,55.27,55.27,55.27,55.27,55.27,55.27,55.27,55.27,55.27,55.27,55.27,55.27,55.27,55.27,55.27
Ocean Park,105.9512382,20.9924285,55.84,55.84,55.84,55.84,55.84,55.84,55.84,55.84,55.84,55.84,55.84,55.84,55.84,55.84,55.84,55.84,55.84
Ocean Park,105.951623,20.9924264,56.61,56.61,56.61,56.61,56.61,56.61,56.61,56.61,56.61,56.61,56.61,56.61,56.61,56.61,56.61,56.61,56.61
Ocean Park,105.9520078,20.9924242,57.35,57.35,57.35,57.35,57.35,57.35,57.35,57.35,57.35,57.35,57.35,57.35,57.35,57.35,57.35,57.35,57.35
Ocean Park,105.9523926,20.9924221,57.5,57.5,57.5,57.5,57.5,57.5,57.5,57.5,57.5,57.5,57.5,57.5,57.5,57.5,57.5,57.5,57.5
Ocean Park,105.9527774,20.9924199,56.85,56.85,56.85,56.85,56.85,56.85,56.85,56.85,56.85,56.85,56.85,56.85,56.85,56.85,56.85,56.85,56.85
Ocean Park,105.9327697,20.9928921,64.01,64.01,64.01,64.01,64.01,64.01,64.01,64.01,64.01,64.01,64.01,64.01,64.01,64.01,64.01,64.01,64.01
Ocean Park,105.9331545,20.99289,62.94,62.94,62.94,62.94,62.94,62.94,62.94,62.94,62.94,62.94,62.94,62.94,62.94,62.94,62.94,62.94,62.94
Ocean Park,105.9335393,20.9928879,59.83,59.83,59.83,59.83,59.83,59.83,59.83,59.83,59.83,59.83,59.83,59.83,59.83,59.83,59.83,59.83,59.83
Ocean Park,105.9339241,20.9928858,60.04,60.04,60.04,60.04,60.04,60.04,60.04,60.04,60.04,60.04,60.04,60.04,60.04,60.04,60.04,60.04,60.04
Ocean Park,105.9343089,20.9928837,61.97,61.97,61.97,61.97,61.97,61.97,61.97,61.97,61.97,61.97,61.97,61.97,61.97,61.97,61.97,61.97,61.97
Ocean Park,105.9346937,20.9928815,66.21,66.21,66.21,66.21,66.21,66.21,66.21,66.21,66.21,66.21,66.21,66.21,66.21,66.21,66.21,66.21,66.21
Ocean Park,105.9350785,20.9928794,67.05,67.05,67.05,67.05,67.05,67.05,67.05,67.05,67.05,67.05,67.05,67.05,67.05,67.05,67.05,67.05,67.05
Ocean Park,105.9354634,20.9928773,66.77,66.77,66.77,66.77,66.77,66.77,66.77,66.77,66.77,66.77,66.77,66.77,66.77,66.77,66.77,66.77,66.77
Ocean Park,105.9358482,20.9928752,62.02,62.02,62.02,62.02,62.02,62.02,62.02,62.02,62.02,62.02,62.02,62.02,62.02,62.02,62.02,62.02,62.02
Ocean Park,105.936233,20.9928731,66.2,66.2,66.2,66.2,66.2,66.2,66.2,66.2,66.2,66.2,66.2,66.2,66.2,66.2,66.2,66.2,66.2
Ocean Park,105.9366178,20.992871,64.83,64.83,64.83,64.83,64.83,64.83,64.83,64.83,64.83,64.83,64.83,64.83,64.83,64.83,64.83,64.83,64.83
Ocean Park,105.9370026,20.9928689,61.72,61.72,61.72,61.72,61.72,61.72,61.72,61.72,61.72,61.72,61.72,61.72,61.72,61.72,61.72,61.72,61.72
Ocean Park,105.9373874,20.9928667,61.53,61.53,61.53,61.53,61.53,61.53,61.53,61.53,61.53,61.53,61.53,61.53,61.53,61.53,61.53,61.53,61.53
Ocean Park,105.9377722,20.9928646,64.47,64.47,64.47,64.47,64.47,64.47,64.47,64.47,64.47,64.47,64.47,64.47,64.47,64.47,64.47,64.47,64.47
Ocean Park,105.938157,20.9928625,64.7,64.7,64.7,64.7,64.7,64.7,64.7,64.7,64.7,64.7,64.7,64.7,64.7,64.7,64.7,64.7,64.7
Ocean Park,105.9385418,20.9928604,60.5,60.5,60.5,60.5,60.5,60.5,60.5,60.5,60.5,60.5,60.5,60.5,60.5,60.5,60.5,60.5,60.5
Ocean Park,105.9389266,20.9928583,60.67,60.67,60.67,60.67,60.67,60.67,60.67,60.67,60.67,60.67,60.67,60.67,60.67,60.67,60.67,60.67,60.67
Ocean Park,105.9393114,20.9928561,65.83,65.83,65.83,65.83,65.83,65.83,65.83,65.83,65.83,65.83,65.83,65.83,65.83,65.83,65.83,65.83,65.83
Ocean Park,105.9396963,20.992854,63.19,63.19,63.19,63.19,63.19,63.19,63.19,63.19,63.19,63.19,63.19,63.19,63.19,63.19,63.19,63.19,63.19
Ocean Park,105.9400811,20.9928519,65.0,65.0,65.0,65.0,65.0,65.0,65.0,65.0,65.0,65.0,65.0,65.0,65.0,65.0,65.0,65.0,65.0
Ocean Park,105.9404659,20.9928498,66.71,66.71,66.71,66.71,66.71,66.71,66.71,66.71,66.71,66.71,66.71,66.71,66.71,66.71,66.71,66.71,66.71
Ocean Park,105.9408507,20.9928476,64.99,64.99,64.99,64.99,64.99,64.99,64.99,64.99,64.99,64.99,64.99,64.99,64.99,64.99,64.99,64.99,64.99
Ocean Park,105.9412355,20.9928455,61.05,61.05,61.05,61.05,61.05,61.05,61.05,61.05,61.05,61.05,61.05,61.05,61.05,61.05,61.05,61.05,61.05
Ocean Park,105.9416203,20.9928434,59.31,59.31,59.31,59.31,59.31,59.31,59.31,59.31,59.31,59.31,59.31,59.31,59.31,59.31,59.31,59.31,59.31
Ocean Park,105.9420051,20.9928413,58.94,58.94,58.94,58.94,58.94,58.94,58.94,58.94,58.94,58.94,58.94,58.94,58.94,58.94,58.94,58.94,58.94
Ocean Park,105.9423899,20.9928391,61.87,61.87,61.87,61.87,61.87,61.87,61.87,61.87,61.87,61.87,61.87,61.87,61.87,61.87,61.87,61.87,61.87
Ocean Park,105.9427747,20.992837,68.37,68.37,68.37,68.37,68.37,68.37,68.37,68.37,68.37,68.37,68.37,68.37,68.37,68.37,68.37,68.37,68.37
Ocean Park,105.9431595,20.9928349,68.98,68.98,68.98,68.98,68.98,68.98,68.98,68.98,68.98,68.98,68.98,68.98,68.98,68.98,68.98,68.98,68.98
Ocean Park,105.9435443,20.9928327,66.76,66.76,66.76,66.76,66.76,66.76,66.76,66.76,66.76,66.76,66.76,66.76,66.76,66.76,66.76,66.76,66.76
Ocean Park,105.9439291,20.9928306,62.59,62.59,62.59,62.59,62.59,62.59,62.59,62.59,62.59,62.59,62.59,62.59,62.59,62.59,62.59,62.59,62.59
Ocean Park,105.944314,20.9928285,61.66,61.66,61.66,61.66,61.66,61.66,61.66,61.66,61.66,61.66,61.66,61.66,61.66,61.66,61.66,61.66,61.66
Ocean Park,105.9446988,20.9928263,63.28,63.28,63.28,63.28,63.28,63.28,63.28,63.28,63.28,63.28,63.28,63.28,63.28,63.28,63.28,63.28,63.28
Ocean Park,105.9450836,20.9928242,70.35,70.35,70.35,70.35,70.35,70.35,70.35,70.35,70.35,70.35,70.35,70.35,70.35,70.35,70.35,70.35,70.35
Ocean Park,105.9454684,20.9928221,70.3,70.3,70.3,70.3,70.3,70.3,70.3,70.3,70.3,70.3,70.3,70.3,70.3,70.3,70.3,70.3,70.3
Ocean Park,105.9458532,20.9928199,66.47,66.47,66.47,66.47,66.47,66.47,66.47,66.47,66.47,66.47,66.47,66.47,66.47,66.47,66.47,66.47,66.47
Ocean Park,105.946238,20.9928178,64.03,64.03,64.03,64.03,64.03,64.03,64.03,64.03,64.03,64.03,64.03,64.03,64.03,64.03,64.03,64.03,64.03
Ocean Park,105.9466228,20.9928157,64.91,64.91,64.91,64.91,64.91,64.91,64.91,64.91,64.91,64.91,64.91,64.91,64.91,64.91,64.91,64.91,64.91
Ocean Park,105.9470076,20.9928135,68.99,68.99,68.99,68.99,68.99,68.99,68.99,68.99,68.99,68.99,68.99,68.99,68.99,68.99,68.99,68.99,68.99
Ocean Park,105.9473924,20.9928114,62.76,62.76,62.76,62.76,62.76,62.76,62.76,62.76,62.76,62.76,62.76,62.76,62.76,62.76,62.76,62.76,62.76
Ocean Park,105.9477772,20.9928092,60.36,60.36,60.36,60.36,60.36,60.36,60.36,60.36,60.36,60.36,60.36,60.36,60.36,60.36,60.36,60.36,60.36
Ocean Park,105.948162,20.9928071,58.92,58.92,58.92,58.92,58.92,58.92,58.92,58.92,58.92,58.92,58.92,58.92,58.92,58.92,58.92,58.92,58.92
Ocean Park,105.9485468,20.9928049,58.16,58.16,58.16,58.16,58.16,58.16,58.16,58.16,58.16,58.16,58.16,58.16,58.16,58.16,58.16,58.16,58.16
Ocean Park,105.9489316,20.9928028,58.46,58.46,58.46,58.46,58.46,58.46,58.46,58.46,58.46,58.46,58.46,58.46,58.46,58.46,58.46,58.46,58.46
Ocean Park,105.9493164,20.9928007,57.83,57.83,57.83,57.83,57.83,57.83,57.83,57.83,57.83,57.83,57.83,57.83,57.83,57.83,57.83,57.83,57.83
Ocean Park,105.9497013,20.9927985,56.93,56.93,56.93,56.93,56.93,56.93,56.93,56.93,56.93,56.93,56.93,56.93,56.93,56.93,56.93,56.93,56.93
Ocean Park,105.9500861,20.9927964,56.22,56.22,56.22,56.22,56.22,56.22,56.22,56.22,56.22,56.22,56.22,56.22,56.22,56.22,56.22,56.22,56.22
Ocean Park,105.9504709,20.9927942,55.64,55.64,55.64,55.64,55.64,55.64,55.64,55.64,55.64,55.64,55.64,55.64,55.64,55.64,55.64,55.64,55.64
Ocean Park,105.9508557,20.9927921,55.13,55.13,55.13,55.13,55.13,55.13,55.13,55.13,55.13,55.13,55.13,55.13,55.13,55.13,55.13,55.13,55.13
Ocean Park,105.9512405,20.9927899,55.34,55.34,55.34,55.34,55.34,55.34,55.34,55.34,55.34,55.34,55.34,55.34,55.34,55.34,55.34,55.34,55.34
Ocean Park,105.9516253,20.9927878,55.77,55.77,55.77,55.77,55.77,55.77,55.77,55.77,55.77,55.77,55.77,55.77,55.77,55.77,55.77,55.77,55.77
Ocean Park,105.9520101,20.9927856,56.09,56.09,56.09,56.09,56.09,56.09,56.09,56.09,56.09,56.09,56.09,56.09,56.09,56.09,56.09,56.09,56.09
Ocean Park,105.9523949,20.9927835,56.12,56.12,56.12,56.12,56.12,56.12,56.12,56.12,56.12,56.12,56.12,56.12,56.12,56.12,56.12,56.12,56.12
Ocean Park,105.9527797,20.9927813,55.8,55.8,55.8,55.8,55.8,55.8,55.8,55.8,55.8,55.8,55.8,55.8,55.8,55.8,55.8,55.8,55.8
Ocean Park,105.9327719,20.9932535,62.69,62.69,62.69,62.69,62.69,62.69,62.69,62.69,62.69,62.69,62.69,62.69,62.69,62.69,62.69,62.69,62.69
Ocean Park,105.9331567,20.9932514,64.53,64.53,64.53,64.53,64.53,64.53,64.53,64.53,64.53,64.53,64.53,64.53,64.53,64.53,64.53,64.53,64.53
Ocean Park,105.9335416,20.9932493,60.53,60.53,60.53,60.53,60.53,60.53,60.53,60.53,60.53,60.53,60.53,60.53,60.53,60.53,60.53,60.53,60.53
Ocean Park,105.9339264,20.9932471,59.99,59.99,59.99,59.99,59.99,59.99,59.99,59.99,59.99,59.99,59.99,59.99,59.99,59.99,59.99,59.99,59.99
Ocean Park,105.9343112,20.993245,61.74,61.74,61.74,61.74,61.74,61.74,61.74,61.74,61.74,61.74,61.74,61.74,61.74,61.74,61.74,61.74,61.74
Ocean Park,105.934696,20.9932429,65.03,65.03,65.03,65.03,65.03,65.03,65.03,65.03,65.03,65.03,65.03,65.03,65.03,65.03,65.03,65.03,65.03
Ocean Park,105.9350808,20.9932408,69.04,69.04,69.04,69.04,69.04,69.04,69.04,69.04,69.04,69.04,69.04,69.04,69.04,69.04,69.04,69.04,69.04
Ocean Park,105.9354656,20.9932387,63.39,63.39,63.39,63.39,63.39,63.39,63.39,63.39,63.39,63.39,63.39,63.39,63.39,63.39,63.39,63.39,63.39
Ocean Park,105.9358504,20.9932366,65.35,65.35,65.35,65.35,65.35,65.35,65.35,65.35,65.35,65.35,65.35,65.35,65.35,65.35,65.35,65.35,65.35
Ocean Park,105.9362352,20.9932345,65.76,65.76,65.76,65.76,65.76,65.76,65.76,65.76,65.76,65.76,65.76,65.76,65.76,65.76,65.76,65.76,65.76
Ocean Park,105.93662,20.9932324,61.89,61.89,61.89,61.89,61.89,61.89,61.89,61.89,61.89,61.89,61.89,61.89,61.89,61.89,61.89,61.89,61.89
Ocean Park,105.9370048,20.9932302,61.39,61.39,61.39,61.39,61.39,61.39,61.39,61.39,61.39,61.39,61.39,61.39,61.39,61.39,61.39,61.39,61.39
Ocean Park,105.9373897,20.9932281,63.52,63.52,63.52,63.52,63.52,63.52,63.52,63.52,63.52,63.52,63.52,63.52,63.52,63.52,63.52,63.52,63.52
Ocean Park,105.9377745,20.993226,68.5,68.5,68.5,68.5,68.5,68.5,68.5,68.5,68.5,68.5,68.5,68.5,68.5,68.5,68.5,68.5,68.5
Ocean Park,105.9381593,20.9932239,61.75,61.75,61.75,61.75,61.75,61.75,61.75,61.75,61.75,61.75,61.75,61.75,61.75,61.75,61.75,61.75,61.75
Ocean Park,105.9385441,20.9932218,60.32,60.32,60.32,60.32,60.32,60.32,60.32,60.32,60.32,60.32,60.32,60.32,60.32,60.32,60.32,60.32,60.32
Ocean Park,105.9389289,20.9932196,64.35,64.35,64.35,64.35,64.35,64.35,64.35,64.35,64.35,64.35,64.35,64.35,64.35,64.35,64.35,64.35,64.35
Ocean Park,105.9393137,20.9932175,64.25,64.25,64.25,64.25,64.25,64.25,64.25,64.25,64.25,64.25,64.25,64.25,64.25,64.25,64.25,64.25,64.25
Ocean Park,105.9396985,20.9932154,60.24,60.24,60.24,60.24,60.24,60.24,60.24,60.24,60.24,60.24,60.24,60.24,60.24,60.24,60.24,60.24,60.24
Ocean Park,105.9400833,20.9932133,66.49,66.49,66.49,66.49,66.49,66.49,66.49,66.49,66.49,66.49,66.49,66.49,66.49,66.49,66.49,66.49,66.49
Ocean Park,105.9404681,20.9932111,62.12,62.12,62.12,62.12,62.12,62.12,62.12,62.12,62.12,62.12,62.12,62.12,62.12,62.12,62.12,62.12,62.12
Ocean Park,105.9408529,20.993209,59.74,59.74,59.74,59.74,59.74,59.74,59.74,59.74,59.74,59.74,59.74,59.74,59.74,59.74,59.74,59.74,59.74
Ocean Park,105.9412378,20.9932069,58.42,58.42,58.42,58.42,58.42,58.42,58.42,58.42,58.42,58.42,58.42,58.42,58.42,58.42,58.42,58.42,58.42
Ocean Park,105.9416226,20.9932048,59.58,59.58,59.58,59.58,59.58,59.58,59.58,59.58,59.58,59.58,59.58,59.58,59.58,59.58,59.58,59.58,59.58
Ocean Park,105.9420074,20.9932026,61.68,61.68,61.68,61.68,61.68,61.68,61.68,61.68,61.68,61.68,61.68,61.68,61.68,61.68,61.68,61.68,61.68
Ocean Park,105.9423922,20.9932005,66.79,66.79,66.79,66.79,66.79,66.79,66.79,66.79,66.79,66.79,66.79,66.79,66.79,66.79,66.79,66.79,66.79
Ocean Park,105.942777,20.9931984,68.93,68.93,68.93,68.93,68.93,68.93,68.93,68.93,68.93,68.93,68.93,68.93,68.93,68.93,68.93,68.93,68.93
Ocean Park,105.9431618,20.9931962,63.54,63.54,63.54,63.54,63.54,63.54,63.54,63.54,63.54,63.54,63.54,63.54,63.54,63.54,63.54,63.54,63.54
Ocean Park,105.9435466,20.9931941,60.76,60.76,60.76,60.76,60.76,60.76,60.76,60.76,60.76,60.76,60.76,60.76,60.76,60.76,60.76,60.76,60.76
Ocean Park,105.9439314,20.993192,60.22,60.22,60.22,60.22,60.22,60.22,60.22,60.22,60.22,60.22,60.22,60.22,60.22,60.22,60.22,60.22,60.22
Ocean Park,105.9443162,20.9931898,61.97,61.97,61.97,61.97,61.97,61.97,61.97,61.97,61.97,61.97,61.97,61.97,61.97,61.97,61.97,61.97,61.97
Ocean Park,105.944701,20.9931877,65.12,65.12,65.12,65.12,65.12,65.12,65.12,65.12,65.12,65.12,65.12,65.12,65.12,65.12,65.12,65.12,65.12
Ocean Park,105.9450858,20.9931856,69.94,69.94,69.94,69.94,69.94,69.94,69.94,69.94,69.94,69.94,69.94,69.94,69.94,69.94,69.94,69.94,69.94
Ocean Park,105.9454706,20.9931834,66.98,66.98,66.98,66.98,66.98,66.98,66.98,66.98,66.98,66.98,66.98,66.98,66.98,66.98,66.98,66.98,66.98
Ocean Park,105.9458555,20.9931813,69.94,69.94,69.94,69.94,69.94,69.94,69.94,69.94,69.94,69.94,69.94,69.94,69.94,69.94,69.94,69.94,69.94
Ocean Park,105.9462403,20.9931792,69.27,69.27,69.27,69.27,69.27,69.27,69.27,69.27,69.27,69.27,69.27,69.27,69.27,69.27,69.27,69.27,69.27
Ocean Park,105.9466251,20.993177,64.57,64.57,64.57,64.57,64.57,64.57,64.57,64.57,64.57,64.57,64.57,64.57,64.57,64.57,64.57,64.57,64.57
Ocean Park,105.9470099,20.9931749,61.5,61.5,61.5,61.5,61.5,61.5,61.5,61.5,61.5,61.5,61.5,61.5,61.5,61.5,61.5,61.5,61.5
Ocean Park,105.9473947,20.9931727,59.83,59.83,59.83,59.83,59.83,59.83,59.83,59.83,59.83,59.83,59.83,59.83,59.83,59.83,59.83,59.83,59.83
Ocean Park,105.9477795,20.9931706,58.94,58.94,58.94,58.94,58.94,58.94,58.94,58.94,58.94,58.94,58.94,58.94,58.94,58.94,58.94,58.94,58.94
Ocean Park,105.9481643,20.9931685,60.04,60.04,60.04,60.04,60.04,60.04,60.04,60.04,60.04,60.04,60.04,60.04,60.04,60.04,60.04,60.04,60.04
Ocean Park,105.9485491,20.9931663,60.03,60.03,60.03,60.03,60.03,60.03,60.03,60.03,60.03,60.03,60.03,60.03,60.03,60.03,60.03,60.03,60.03
Ocean Park,105.9489339,20.9931642,61.62,61.62,61.62,61.62,61.62,61.62,61.62,61.62,61.62,61.62,61.62,61.62,61.62,61.62,61.62,61.62,61.62
Ocean Park,105.9493187,20.993162,59.64,59.64,59.64,59.64,59.64,59.64,59.64,59.64,59.64,59.64,59.64,59.64,59.64,59.64,59.64,59.64,59.64
Ocean Park,105.9497035,20.9931599,58.22,58.22,58.22,58.22,58.22,58.22,58.22,58.22,58.22,58.22,58.22,58.22,58.22,58.22,58.22,58.22,58.22
Ocean Park,105.9500884,20.9931577,57.22,57.22,57.22,57.22,57.22,57.22,57.22,57.22,57.22,57.22,57.22,57.22,57.22,57.22,57.22,57.22,57.22
Ocean Park,105.9504732,20.9931556,56.45,56.45,56.45,56.45,56.45,56.45,56.45,56.45,56.45,56.45,56.45,56.45,56.45,56.45,56.45,56.45,56.45
Ocean Park,105.950858,20.9931534,55.83,55.83,55.83,55.83,55.83,55.83,55.83,55.83,55.83,55.83,55.83,55.83,55.83,55.83,55.83,55.83,55.83
Ocean Park,105.9512428,20.9931513,55.3,55.3,55.3,55.3,55.3,55.3,55.3,55.3,55.3,55.3,55.3,55.3,55.3,55.3,55.3,55.3,55.3
Ocean Park,105.9516276,20.9931491,55.15,55.15,55.15,55.15,55.15,55.15,55.15,55.15,55.15,55.15,55.15,55.15,55.15,55.15,55.15,55.15,55.15
Ocean Park,105.9520124,20.993147,55.28,55.28,55.28,55.28,55.28,55.28,55.28,55.28,55.28,55.28,55.28,55.28,55.28,55.28,55.28,55.28,55.28
Ocean Park,105.9523972,20.9931448,55.26,55.26,55.26,55.26,55.26,55.26,55.26,55.26,55.26,55.26,55.26,55.26,55.26,55.26,55.26,55.26,55.26
Ocean Park,105.952782,20.9931427,55.05,55.05,55.05,55.05,55.05,55.05,55.05,55.05,55.05,55.05,55.05,55.05,55.05,55.05,55.05,55.05,55.05
Ocean Park,105.9327742,20.9936149,66.08,66.08,66.08,66.08,66.08,66.08,66.08,66.08,66.08,66.08,66.08,66.08,66.08,66.08,66.08,66.08,66.08
Ocean Park,105.933159,20.9936127,66.25,66.25,66.25,66.25,66.25,66.25,66.25,66.25,66.25,66.25,66.25,66.25,66.25,66.25,66.25,66.25,66.25
Ocean Park,105.9335438,20.9936106,61.26,61.26,61.26,61.26,61.26,61.26,61.26,61.26,61.26,61.26,61.26,61.26,61.26,61.26,61.26,61.26,61.26
Ocean Park,105.9339286,20.9936085,61.18,61.18,61.18,61.18,61.18,61.18,61.18,61.18,61.18,61.18,61.18,61.18,61.18,61.18,61.18,61.18,61.18
Ocean Park,105.9343134,20.9936064,63.76,63.76,63.76,63.76,63.76,63.76,63.76,63.76,63.76,63.76,63.76,63.76,63.76,63.76,63.76,63.76,63.76
Ocean Park,105.9346982,20.9936043,69.53,69.53,69.53,69.53,69.53,69.53,69.53,69.53,69.53,69.53,69.53,69.53,69.53,69.53,69.53,69.53,69.53
Ocean Park,105.935083,20.9936022,63.08,63.08,63.08,63.08,63.08,63.08,63.08,63.08,63.08,63.08,63.08,63.08,63.08,63.08,63.08,63.08,63.08
Ocean Park,105.9354679,20.9936001,64.73,64.73,64.73,64.73,64.73,64.73,64.73,64.73,64.73,64.73,64.73,64.73,64.73,64.73,64.73,64.73,64.73
Ocean Park,105.9358527,20.993598,67.1,67.1,67.1,67.1,67.1,67.1,67.1,67.1,67.1,67.1,67.1,67.1,67.1,67.1,67.1,67.1,67.1
Ocean Park,105.9362375,20.9935958,62.1,62.1,62.1,62.1,62.1,62.1,62.1,62.1,62.1,62.1,62.1,62.1,62.1,62.1,62.1,62.1,62.1
Ocean Park,105.9366223,20.9935937,61.29,61.29,61.29,61.29,61.29,61.29,61.29,61.29,61.29,61.29,61.29,61.29,61.29,61.29,61.29,61.29,61.29
Ocean Park,105.9370071,20.9935916,62.85,62.85,62.85,62.85,62.85,62.85,62.85,62.85,62.85,62.85,62.85,62.85,62.85,62.85,62.85,62.85,62.85
Ocean Park,105.9373919,20.9935895,69.01,69.01,69.01,69.01,69.01,69.01,69.01,69.01,69.01,69.01,69.01,69.01,69.01,69.01,69.01,69.01,69.01
Ocean Park,105.9377767,20.9935874,62.61,62.61,62.61,62.61,62.61,62.61,62.61,62.61,62.61,62.61,62.61,62.61,62.61,62.61,62.61,62.61,62.61
Ocean Park,105.9381615,20.9935853,68.95,68.95,68.95,68.95,68.95,68.95,68.95,68.95,68.95,68.95,68.95,68.95,68.95,68.95,68.95,68.95,68.95
Ocean Park,105.9385463,20.9935831,63.3,63.3,63.3,63.3,63.3,63.3,63.3,63.3,63.3,63.3,63.3,63.3,63.3,63.3,63.3,63.3,63.3
Ocean Park,105.9389312,20.993581,65.72,65.72,65.72,65.72,65.72,65.72,65.72,65.72,65.72,65.72,65.72,65.72,65.72,65.72,65.72,65.72,65.72
Ocean Park,105.939316,20.9935789,60.38,60.38,60.38,60.38,60.38,60.38,60.38,60.38,60.38,60.38,60.38,60.38,60.38,60.38,60.38,60.38,60.38
Ocean Park,105.9397008,20.9935768,58.75,58.75,58.75,58.75,58.75,58.75,58.75,58.75,58.75,58.75,58.75,58.75,58.75,58.75,58.75,58.75,58.75
Ocean Park,105.9400856,20.9935746,61.56,61.56,61.56,61.56,61.56,61.56,61.56,61.56,61.56,61.56,61.56,61.56,61.56,61.56,61.56,61.56,61.56
Ocean Park,105.9404704,20.9935725,68.88,68.88,68.88,68.88,68.88,68.88,68.88,68.88,68.88,68.88,68.88,68.88,68.88,68.88,68.88,68.88,68.88
Ocean Park,105.9408552,20.9935704,60.36,60.36,60.36,60.36,60.36,60.36,60.36,60.36,60.36,60.36,60.36,60.36,60.36,60.36,60.36,60.36,60.36
Ocean Park,105.94124,20.9935683,60.66,60.66,60.66,60.66,60.66,60.66,60.66,60.66,60.66,60.66,60.66,60.66,60.66,60.66,60.66,60.66,60.66
Ocean Park,105.9416248,20.9935661,64.05,64.05,64.05,64.05,64.05,64.05,64.05,64.05,64.05,64.05,64.05,64.05,64.05,64.05,64.05,64.05,64.05
Ocean Park,105.9420096,20.993564,68.89,68.89,68.89,68.89,68.89,68.89,68.89,68.89,68.89,68.89,68.89,68.89,68.89,68.89,68.89,68.89,68.89
Ocean Park,105.9423944,20.9935619,64.17,64.17,64.17,64.17,64.17,64.17,64.17,64.17,64.17,64.17,64.17,64.17,64.17,64.17,64.17,64.17,64.17
Ocean Park,105.9427793,20.9935598,61.0,61.0,61.0,61.0,61.0,61.0,61.0,61.0,61.0,61.0,61.0,61.0,61.0,61.0,61.0,61.0,61.0
Ocean Park,105.9431641,20.9935576,68.94,68.94,68.94,68.94,68.94,68.94,68.94,68.94,68.94,68.94,68.94,68.94,68.94,68.94,68.94,68.94,68.94
Ocean Park,105.9435489,20.9935555,61.59,61.59,61.59,61.59,61.59,61.59,61.59,61.59,61.59,61.59,61.59,61.59,61.59,61.59,61.59,61.59,61.59
Ocean Park,105.9439337,20.9935534,63.03,63.03,63.03,63.03,63.03,63.03,63.03,63.03,63.03,63.03,63.03,63.03,63.03,63.03,63.03,63.03,63.03
Ocean Park,105.9443185,20.9935512,69.05,69.05,69.05,69.05,69.05,69.05,69.05,69.05,69.05,69.05,69.05,69.05,69.05,69.05,69.05,69.05,69.05
Ocean Park,105.9447033,20.9935491,64.29,64.29,64.29,64.29,64.29,64.29,64.29,64.29,64.29,64.29,64.29,64.29,64.29,64.29,64.29,64.29,64.29
Ocean Park,105.9450881,20.993547,63.25,63.25,63.25,63.25,63.25,63.25,63.25,63.25,63.25,63.25,63.25,63.25,63.25,63.25,63.25,63.25,63.25
Ocean Park,105.9454729,20.9935448,68.63,68.63,68.63,68.63,68.63,68.63,68.63,68.63,68.63,68.63,68.63,68.63,68.63,68.63,68.63,68.63,68.63
Ocean Park,105.9458577,20.9935427,71.35,71.35,71.35,71.35,71.35,71.35,71.35,71.35,71.35,71.35,71.35,71.35,71.35,71.35,71.35,71.35,71.35
Ocean Park,105.9462425,20.9935405,65.47,65.47,65.47,65.47,65.47,65.47,65.47,65.47,65.47,65.47,65.47,65.47,65.47,65.47,65.47,65.47,65.47
Ocean Park,105.9466274,20.9935384,61.59,61.59,61.59,61.59,61.59,61.59,61.59,61.59,61.59,61.59,61.59,61.59,61.59,61.59,61.59,61.59,61.59
Ocean Park,105.9470122,20.9935363,59.98,59.98,59.98,59.98,59.98,59.98,59.98,59.98,59.98,59.98,59.98,59.98,59.98,59.98,59.98,59.98,59.98
Ocean Park,105.947397,20.9935341,59.85,59.85,59.85,59.85,59.85,59.85,59.85,59.85,59.85,59.85,59.85,59.85,59.85,59.85,59.85,59.85,59.85
Ocean Park,105.9477818,20.993532,61.31,61.31,61.31,61.31,61.31,61.31,61.31,61.31,61.31,61.31,61.31,61.31,61.31,61.31,61.31,61.31,61.31
Ocean Park,105.9481666,20.9935298,64.27,64.27,64.27,64.27,64.27,64.27,64.27,64.27,64.27,64.27,64.27,64.27,64.27,64.27,64.27,64.27,64.27
Ocean Park,105.9485514,20.9935277,63.42,63.42,63.42,63.42,63.42,63.42,63.42,63.42,63.42,63.42,63.42,63.42,63.42,63.42,63.42,63.42,63.42
Ocean Park,105.9489362,20.9935256,68.11,68.11,68.11,68.11,68.11,68.11,68.11,68.11,68.11,68.11,68.11,68.11,68.11,68.11,68.11,68.11,68.11
Ocean Park,105.949321,20.9935234,63.65,63.65,63.65,63.65,63.65,63.65,63.65,63.65,63.65,63.65,63.65,63.65,63.65,63.65,63.65,63.65,63.65
Ocean Park,105.9497058,20.9935213,60.33,60.33,60.33,60.33,60.33,60.33,60.33,60.33,60.33,60.33,60.33,60.33,60.33,60.33,60.33,60.33,60.33
Ocean Park,105.9500906,20.9935191,58.65,58.65,58.65,58.65,58.65,58.65,58.65,58.65,58.65,58.65,58.65,58.65,58.65,58.65,58.65,58.65,58.65
Ocean Park,105.9504754,20.993517,57.54,57.54,57.54,57.54,57.54,57.54,57.54,57.54,57.54,57.54,57.54,57.54,57.54,57.54,57.54,57.54,57.54
Ocean Park,105.9508603,20.9935148,56.7,56.7,56.7,56.7,56.7,56.7,56.7,56.7,56.7,56.7,56.7,56.7,56.7,56.7,56.7,56.7,56.7
Ocean Park,105.9512451,20.9935127,56.02,56.02,56.02,56.02,56.02,56.02,56.02,56.02,56.02,56.02,56.02,56.02,56.02,56.02,56.02,56.02,56.02
Ocean Park,105.9516299,20.9935105,55.46,55.46,55.46,55.46,55.46,55.46,55.46,55.46,55.46,55.46,55.46,55.46,55.46,55.46,55.46,55.46,55.46
Ocean Park,105.9520147,20.9935084,54.97,54.97,54.97,54.97,54.97,54.97,54.97,54.97,54.97,54.97,54.97,54.97,54.97,54.97,54.97,54.97,54.97
Ocean Park,105.9523995,20.9935062,54.69,54.69,54.69,54.69,54.69,54.69,54.69,54.69,54.69,54.69,54.69,54.69,54.69,54.69,54.69,54.69,54.69
Ocean Park,105.9527843,20.9935041,54.53,54.53,54.53,54.53,54.53,54.53,54.53,54.53,54.53,54.53,54.53,54.53,54.53,54.53,54.53,54.53,54.53
Ocean Park,105.9327764,20.9939762,61.96,61.96,61.96,61.96,61.96,61.96,61.96,61.96,61.96,61.96,61.96,61.96,61.96,61.96,61.96,61.96,61.96
Ocean Park,105.9331612,20.9939741,68.12,68.12,68.12,68.12,68.12,68.12,68.12,68.12,68.12,68.12,68.12,68.12,68.12,68.12,68.12,68.12,68.12
Ocean Park,105.933546,20.993972,62.22,62.22,62.22,62.22,62.22,62.22,62.22,62.22,62.22,62.22,62.22,62.22,62.22,62.22,62.22,62.22,62.22
Ocean Park,105.9339309,20.9939699,63.46,63.46,63.46,63.46,63.46,63.46,63.46,63.46,63.46,63.46,63.46,63.46,63.46,63.46,63.46,63.46,63.46
Ocean Park,105.9343157,20.9939678,69.93,69.93,69.93,69.93,69.93,69.93,69.93,69.93,69.93,69.93,69.93,69.93,69.93,69.93,69.93,69.93,69.93
Ocean Park,105.9347005,20.9939657,62.63,62.63,62.63,62.63,62.63,62.63,62.63,62.63,62.63,62.63,62.63,62.63,62.63,62.63,62.63,62.63,62.63
Ocean Park,105.9350853,20.9939636,63.94,63.94,63.94,63.94,63.94,63.94,63.94,63.94,63.94,63.94,63.94,63.94,63.94,63.94,63.94,63.94,63.94
Ocean Park,105.9354701,20.9939615,68.67,68.67,68.67,68.67,68.67,68.67,68.67,68.67,68.67,68.67,68.67,68.67,68.67,68.67,68.67,68.67,68.67
Ocean Park,105.9358549,20.9939593,62.34,62.34,62.34,62.34,62.34,62.34,62.34,62.34,62.34,62.34,62.34,62.34,62.34,62.34,62.34,62.34,62.34
Ocean Park,105.9362397,20.9939572,61.25,61.25,61.25,61.25,61.25,61.25,61.25,61.25,61.25,61.25,61.25,61.25,61.25,61.25,61.25,61.25,61.25
Ocean Park,105.9366245,20.9939551,62.34,62.34,62.34,62.34,62.34,62.34,62.34,62.34,62.34,62.34,62.34,62.34,62.34,62.34,62.34,62.34,62.34
Ocean Park,105.9370094,20.993953,69.02,69.02,69.02,69.02,69.02,69.02,69.02,69.02,69.02,69.02,69.02,69.02,69.02,69.02,69.02,69.02,69.02
Ocean Park,105.9373942,20.9939509,61.94,61.94,61.94,61.94,61.94,61.94,61.94,61.94,61.94,61.94,61.94,61.94,61.94,61.94,61.94,61.94,61.94
Ocean Park,105.937779,20.9939488,59.77,59.77,59.77,59.77,59.77,59.77,59.77,59.77,59.77,59.77,59.77,59.77,59.77,59.77,59.77,59.77,59.77
Ocean Park,105.9381638,20.9939466,62.5,62.5,62.5,62.5,62.5,62.5,62.5,62.5,62.5,62.5,62.5,62.5,62.5,62.5,62.5,62.5,62.5
Ocean Park,105.9385486,20.9939445,68.92,68.92,68.92,68.92,68.92,68.92,68.92,68.92,68.92,68.92,68.92,68.92,68.92,68.92,68.92,68.92,68.92
Ocean Park,105.9389334,20.9939424,61.07,61.07,61.07,61.07,61.07,61.07,61.07,61.07,61.07,61.07,61.07,61.07,61.07,61.07,61.07,61.07,61.07
Ocean Park,105.9393182,20.9939403,58.58,58.58,58.58,58.58,58.58,58.58,58.58,58.58,58.58,58.58,58.58,58.58,58.58,58.58,58.58,58.58,58.58
Ocean Park,105.939703,20.9939381,57.73,57.73,57.73,57.73,57.73,57.73,57.73,57.73,57.73,57.73,57.73,57.73,57.73,57.73,57.73,57.73,57.73
Ocean Park,105.9400878,20.993936,59.5,59.5,59.5,59.5,59.5,59.5,59.5,59.5,59.5,59.5,59.5,59.5,59.5,59.5,59.5,59.5,59.5
Ocean Park,105.9404727,20.9939339,64.07,64.07,64.07,64.07,64.07,64.07,64.07,64.07,64.07,64.07,64.07,64.07,64.07,64.07,64.07,64.07,64.07
Ocean Park,105.9408575,20.9939318,63.31,63.31,63.31,63.31,63.31,63.31,63.31,63.31,63.31,63.31,63.31,63.31,63.31,63.31,63.31,63.31,63.31
Ocean Park,105.9412423,20.9939296,68.88,68.88,68.88,68.88,68.88,68.88,68.88,68.88,68.88,68.88,68.88,68.88,68.88,68.88,68.88,68.88,68.88
Ocean Park,105.9416271,20.9939275,67.12,67.12,67.12,67.12,67.12,67.12,67.12,67.12,67.12,67.12,67.12,67.12,67.12,67.12,67.12,67.12,67.12
Ocean Park,105.9420119,20.9939254,61.69,61.69,61.69,61.69,61.69,61.69,61.69,61.69,61.69,61.69,61.69,61.69,61.69,61.69,61.69,61.69,61.69
Ocean Park,105.9423967,20.9939233,59.67,59.67,59.67,59.67,59.67,59.67,59.67,59.67,59.67,59.67,59.67,59.67,59.67,59.67,59.67,59.67,59.67
Ocean Park,105.9427815,20.9939211,59.78,59.78,59.78,59.78,59.78,59.78,59.78,59.78,59.78,59.78,59.78,59.78,59.78,59.78,59.78,59.78,59.78
Ocean Park,105.9431663,20.993919,62.75,62.75,62.75,62.75,62.75,62.75,62.75,62.75,62.75,62.75,62.75,62.75,62.75,62.75,62.75,62.75,62.75
Ocean Park,105.9435511,20.9939169,66.56,66.56,66.56,66.56,66.56,66.56,66.56,66.56,66.56,66.56,66.56,66.56,66.56,66.56,66.56,66.56,66.56
Ocean Park,105.943936,20.9939147,65.49,65.49,65.49,65.49,65.49,65.49,65.49,65.49,65.49,65.49,65.49,65.49,65.49,65.49,65.49,65.49,65.49
Ocean Park,105.9443208,20.9939126,61.89,61.89,61.89,61.89,61.89,61.89,61.89,61.89,61.89,61.89,61.89,61.89,61.89,61.89,61.89,61.89,61.89
Ocean Park,105.9447056,20.9939105,60.84,60.84,60.84,60.84,60.84,60.84,60.84,60.84,60.84,60.84,60.84,60.84,60.84,60.84,60.84,60.84,60.84
Ocean Park,105.9450904,20.9939083,61.32,61.32,61.32,61.32,61.32,61.32,61.32,61.32,61.32,61.32,61.32,61.32,61.32,61.32,61.32,61.32,61.32
Ocean Park,105.9454752,20.9939062,64.08,64.08,64.08,64.08,64.08,64.08,64.08,64.08,64.08,64.08,64.08,64.08,64.08,64.08,64.08,64.08,64.08
Ocean Park,105.94586,20.9939041,70.11,70.11,70.11,70.11,70.11,70.11,70.11,70.11,70.11,70.11,70.11,70.11,70.11,70.11,70.11,70.11,70.11
Ocean Park,105.9462448,20.9939019,70.4,70.4,70.4,70.4,70.4,70.4,70.4,70.4,70.4,70.4,70.4,70.4,70.4,70.4,70.4,70.4,70.4
Ocean Park,105.9466296,20.9938998,63.49,63.49,63.49,63.49,63.49,63.49,63.49,63.49,63.49,63.49,63.49,63.49,63.49,63.49,63.49,63.49,63.49
Ocean Park,105.9470144,20.9938976,60.69,60.69,60.69,60.69,60.69,60.69,60.69,60.69,60.69,60.69,60.69,60.69,60.69,60.69,60.69,60.69,60.69
Ocean Park,105.9473993,20.9938955,60.61,60.61,60.61,60.61,60.61,60.61,60.61,60.61,60.61,60.61,60.61,60.61,60.61,60.61,60.61,60.61,60.61
Ocean Park,105.9477841,20.9938934,65.12,65.12,65.12,65.12,65.12,65.12,65.12,65.12,65.12,65.12,65.12,65.12,65.12,65.12,65.12,65.12,65.12
Ocean Park,105.9481689,20.9938912,65.37,65.37,65.37,65.37,65.37,65.37,65.37,65.37,65.37,65.37,65.37,65.37,65.37,65.37,65.37,65.37,65.37
Ocean Park,105.9485537,20.9938891,65.05,65.05,65.05,65.05,65.05,65.05,65.05,65.05,65.05,65.05,65.05,65.05,65.05,65.05,65.05,65.05,65.05
Ocean Park,105.9489385,20.9938869,65.68,65.68,65.68,65.68,65.68,65.68,65.68,65.68,65.68,65.68,65.68,65.68,65.68,65.68,65.68,65.68,65.68
Ocean Park,105.9493233,20.9938848,64.54,64.54,64.54,64.54,64.54,64.54,64.54,64.54,64.54,64.54,64.54,64.54,64.54,64.54,64.54,64.54,64.54
Ocean Park,105.9497081,20.9938826,66.26,66.26,66.26,66.26,66.26,66.26,66.26,66.26,66.26,66.26,66.26,66.26,66.26,66.26,66.26,66.26,66.26
Ocean Park,105.9500929,20.9938805,61.18,61.18,61.18,61.18,61.18,61.18,61.18,61.18,61.18,61.18,61.18,61.18,61.18,61.18,61.18,61.18,61.18
Ocean Park,105.9504777,20.9938783,59.14,59.14,59.14,59.14,59.14,59.14,59.14,59.14,59.14,59.14,59.14,59.14,59.14,59.14,59.14,59.14,59.14
Ocean Park,105.9508625,20.9938762,57.87,57.87,57.87,57.87,57.87,57.87,57.87,57.87,57.87,57.87,57.87,57.87,57.87,57.87,57.87,57.87,57.87
Ocean Park,105.9512474,20.993874,56.94,56.94,56.94,56.94,56.94,56.94,56.94,56.94,56.94,56.94,56.94,56.94,56.94,56.94,56.94,56.94,56.94
Ocean Park,105.9516322,20.9938719,56.22,56.22,56.22,56.22,56.22,56.22,56.22,56.22,56.22,56.22,56.22,56.22,56.22,56.22,56.22,56.22,56.22
Ocean Park,105.952017,20.9938697,55.63,55.63,55.63,55.63,55.63,55.63,55.63,55.63,55.63,55.63,55.63,55.63,55.63,55.63,55.63,55.63,55.63
Ocean Park,105.9524018,20.9938676,55.06,55.06,55.06,55.06,55.06,55.06,55.06,55.06,55.06,55.06,55.06,55.06,55.06,55.06,55.06,55.06,55.06
Ocean Park,105.9527866,20.9938654,55.03,55.03,55.03,55.03,55.03,55.03,55.03,55.03,55.03,55.03,55.03,55.03,55.03,55.03,55.03,55.03,55.03
Ocean Park,105.9327787,20.9943376,62.02,62.02,62.02,62.02,62.02,62.02,62.02,62.02,62.02,62.02,62.02,62.02,62.02,62.02,62.02,62.02,62.02
Ocean Park,105.9331635,20.9943355,69.29,69.29,69.29,69.29,69.29,69.29,69.29,69.29,69.29,69.29,69.29,69.29,69.29,69.29,69.29,69.29,69.29
Ocean Park,105.9335483,20.9943334,64.27,64.27,64.27,64.27,64.27,64.27,64.27,64.27,64.27,64.27,64.27,64.27,64.27,64.27,64.27,64.27,64.27
Ocean Park,105.9339331,20.9943313,70.01,70.01,70.01,70.01,70.01,70.01,70.01,70.01,70.01,70.01,70.01,70.01,70.01,70.01,70.01,70.01,70.01
Ocean Park,105.9343179,20.9943292,62.86,62.86,62.86,62.86,62.86,62.86,62.86,62.86,62.86,62.86,62.86,62.86,62.86,62.86,62.86,62.86,62.86
Ocean Park,105.9347027,20.9943271,63.21,63.21,63.21,63.21,63.21,63.21,63.21,63.21,63.21,63.21,63.21,63.21,63.21,63.21,63.21,63.21,63.21
Ocean Park,105.9350875,20.9943249,69.93,69.93,69.93,69.93,69.93,69.93,69.93,69.93,69.93,69.93,69.93,69.93,69.93,69.93,69.93,69.93,69.93
Ocean Park,105.9354724,20.9943228,62.59,62.59,62.59,62.59,62.59,62.59,62.59,62.59,62.59,62.59,62.59,62.59,62.59,62.59,62.59,62.59,62.59
Ocean Park,105.9358572,20.9943207,61.22,61.22,61.22,61.22,61.22,61.22,61.22,61.22,61.22,61.22,61.22,61.22,61.22,61.22,61.22,61.22,61.22
Ocean Park,105.936242,20.9943186,61.95,61.95,61.95,61.95,61.95,61.95,61.95,61.95,61.95,61.95,61.95,61.95,61.95,61.95,61.95,61.95,61.95
Ocean Park,105.9366268,20.9943165,68.67,68.67,68.67,68.67,68.67,68.67,68.67,68.67,68.67,68.67,68.67,68.67,68.67,68.67,68.67,68.67,68.67
Ocean Park,105.9370116,20.9943144,62.6,62.6,62.6,62.6,62.6,62.6,62.6,62.6,62.6,62.6,62.6,62.6,62.6,62.6,62.6,62.6,62.6
Ocean Park,105.9373964,20.9943123,59.73,59.73,59.73,59.73,59.73,59.73,59.73,59.73,59.73,59.73,59.73,59.73,59.73,59.73,59.73,59.73,59.73
Ocean Park,105.9377812,20.9943101,61.86,61.86,61.86,61.86,61.86,61.86,61.86,61.86,61.86,61.86,61.86,61.86,61.86,61.86,61.86,61.86,61.86
Ocean Park,105.938166,20.994308,68.92,68.92,68.92,68.92,68.92,68.92,68.92,68.92,68.92,68.92,68.92,68.92,68.92,68.92,68.92,68.92,68.92
Ocean Park,105.9385509,20.9943059,62.99,62.99,62.99,62.99,62.99,62.99,62.99,62.99,62.99,62.99,62.99,62.99,62.99,62.99,62.99,62.99,62.99
Ocean Park,105.9389357,20.9943038,64.92,64.92,64.92,64.92,64.92,64.92,64.92,64.92,64.92,64.92,64.92,64.92,64.92,64.92,64.92,64.92,64.92
Ocean Park,105.9393205,20.9943016,59.81,59.81,59.81,59.81,59.81,59.81,59.81,59.81,59.81,59.81,59.81,59.81,59.81,59.81,59.81,59.81,59.81
Ocean Park,105.9397053,20.9942995,59.33,59.33,59.33,59.33,59.33,59.33,59.33,59.33,59.33,59.33,59.33,59.33,59.33,59.33,59.33,59.33,59.33
Ocean Park,105.9400901,20.9942974,61.25,61.25,61.25,61.25,61.25,61.25,61.25,61.25,61.25,61.25,61.25,61.25,61.25,61.25,61.25,61.25,61.25
Ocean Park,105.9404749,20.9942953,65.8,65.8,65.8,65.8,65.8,65.8,65.8,65.8,65.8,65.8,65.8,65.8,65.8,65.8,65.8,65.8,65.8
Ocean Park,105.9408597,20.9942932,68.87,68.87,68.87,68.87,68.87,68.87,68.87,68.87,68.87,68.87,68.87,68.87,68.87,68.87,68.87,68.87,68.87
Ocean Park,105.9412445,20.994291,62.91,62.91,62.91,62.91,62.91,62.91,62.91,62.91,62.91,62.91,62.91,62.91,62.91,62.91,62.91,62.91,62.91
Ocean Park,105.9416294,20.9942889,60.16,60.16,60.16,60.16,60.16,60.16,60.16,60.16,60.16,60.16,60.16,60.16,60.16,60.16,60.16,60.16,60.16
Ocean Park,105.9420142,20.9942868,59.09,59.09,59.09,59.09,59.09,59.09,59.09,59.09,59.09,59.09,59.09,59.09,59.09,59.09,59.09,59.09,59.09
Ocean Park,105.942399,20.9942846,60.88,60.88,60.88,60.88,60.88,60.88,60.88,60.88,60.88,60.88,60.88,60.88,60.88,60.88,60.88,60.88,60.88
Ocean Park,105.9427838,20.9942825,64.38,64.38,64.38,64.38,64.38,64.38,64.38,64.38,64.38,64.38,64.38,64.38,64.38,64.38,64.38,64.38,64.38
Ocean Park,105.9431686,20.9942804,68.58,68.58,68.58,68.58,68.58,68.58,68.58,68.58,68.58,68.58,68.58,68.58,68.58,68.58,68.58,68.58,68.58
Ocean Park,105.9435534,20.9942782,66.36,66.36,66.36,66.36,66.36,66.36,66.36,66.36,66.36,66.36,66.36,66.36,66.36,66.36,66.36,66.36,66.36
Ocean Park,105.9439382,20.9942761,62.51,62.51,62.51,62.51,62.51,62.51,62.51,62.51,62.51,62.51,62.51,62.51,62.51,62.51,62.51,62.51,62.51
Ocean Park,105.944323,20.994274,59.81,59.81,59.81,59.81,59.81,59.81,59.81,59.81,59.81,59.81,59.81,59.81,59.81,59.81,59.81,59.81,59.81
Ocean Park,105.9447079,20.9942718,60.61,60.61,60.61,60.61,60.61,60.61,60.61,60.61,60.61,60.61,60.61,60.61,60.61,60.61,60.61,60.61,60.61
Ocean Park,105.9450927,20.9942697,62.66,62.66,62.66,62.66,62.66,62.66,62.66,62.66,62.66,62.66,62.66,62.66,62.66,62.66,62.66,62.66,62.66
Ocean Park,105.9454775,20.9942676,67.23,67.23,67.23,67.23,67.23,67.23,67.23,67.23,67.23,67.23,67.23,67.23,67.23,67.23,67.23,67.23,67.23
Ocean Park,105.9458623,20.9942654,67.95,67.95,67.95,67.95,67.95,67.95,67.95,67.95,67.95,67.95,67.95,67.95,67.95,67.95,67.95,67.95,67.95
Ocean Park,105.9462471,20.9942633,69.56,69.56,69.56,69.56,69.56,69.56,69.56,69.56,69.56,69.56,69.56,69.56,69.56,69.56,69.56,69.56,69.56
Ocean Park,105.9466319,20.9942612,68.16,68.16,68.16,68.16,68.16,68.16,68.16,68.16,68.16,68.16,68.16,68.16,68.16,68.16,68.16,68.16,68.16
Ocean Park,105.9470167,20.994259,62.58,62.58,62.58,62.58,62.58,62.58,62.58,62.58,62.58,62.58,62.58,62.58,62.58,62.58,62.58,62.58,62.58
Ocean Park,105.9474015,20.9942569,62.82,62.82,62.82,62.82,62.82,62.82,62.82,62.82,62.82,62.82,62.82,62.82,62.82,62.82,62.82,62.82,62.82
Ocean Park,105.9477863,20.9942547,69.06,69.06,69.06,69.06,69.06,69.06,69.06,69.06,69.06,69.06,69.06,69.06,69.06,69.06,69.06,69.06,69.06
Ocean Park,105.9481712,20.9942526,63.55,63.55,63.55,63.55,63.55,63.55,63.55,63.55,63.55,63.55,63.55,63.55,63.55,63.55,63.55,63.55,63.55
Ocean Park,105.948556,20.9942505,68.98,68.98,68.98,68.98,68.98,68.98,68.98,68.98,68.98,68.98,68.98,68.98,68.98,68.98,68.98,68.98,68.98
Ocean Park,105.9489408,20.9942483,63.14,63.14,63.14,63.14,63.14,63.14,63.14,63.14,63.14,63.14,63.14,63.14,63.14,63.14,63.14,63.14,63.14
Ocean Park,105.9493256,20.9942462,68.94,68.94,68.94,68.94,68.94,68.94,68.94,68.94,68.94,68.94,68.94,68.94,68.94,68.94,68.94,68.94,68.94
Ocean Park,105.9497104,20.994244,62.74,62.74,62.74,62.74,62.74,62.74,62.74,62.74,62.74,62.74,62.74,62.74,62.74,62.74,62.74,62.74,62.74
Ocean Park,105.9500952,20.9942419,68.92,68.92,68.92,68.92,68.92,68.92,68.92,68.92,68.92,68.92,68.92,68.92,68.92,68.92,68.92,68.92,68.92
Ocean Park,105.95048,20.9942397,62.26,62.26,62.26,62.26,62.26,62.26,62.26,62.26,62.26,62.26,62.26,62.26,62.26,62.26,62.26,62.26,62.26
Ocean Park,105.9508648,20.9942376,59.68,59.68,59.68,59.68,59.68,59.68,59.68,59.68,59.68,59.68,59.68,59.68,59.68,59.68,59.68,59.68,59.68
Ocean Park,105.9512496,20.9942354,58.22,58.22,58.22,58.22,58.22,58.22,58.22,58.22,58.22,58.22,58.22,58.22,58.22,58.22,58.22,58.22,58.22
Ocean Park,105.9516345,20.9942333,57.21,57.21,57.21,57.21,57.21,57.21,57.21,57.21,57.21,57.21,57.21,57.21,57.21,57.21,57.21,57.21,57.21
Ocean Park,105.9520193,20.9942311,56.34,56.34,56.34,56.34,56.34,56.34,56.34,56.34,56.34,56.34,56.34,56.34,56.34,56.34,56.34,56.34,56.34
Ocean Park,105.9524041,20.994229,55.56,55.56,55.56,55.56,55.56,55.56,55.56,55.56,55.56,55.56,55.56,55.56,55.56,55.56,55.56,55.56,55.56
Ocean Park,105.9527889,20.9942268,55.7,55.7,55.7,55.7,55.7,55.7,55.7,55.7,55.7,55.7,55.7,55.7,55.7,55.7,55.7,55.7,55.7
Ocean Park,105.9327809,20.994699,62.68,62.68,62.68,62.68,62.68,62.68,62.68,62.68,62.68,62.68,62.68,62.68,62.68,62.68,62.68,62.68,62.68
Ocean Park,105.9331657,20.9946969,68.79,68.79,68.79,68.79,68.79,68.79,68.79,68.79,68.79,68.79,68.79,68.79,68.79,68.79,68.79,68.79,68.79
Ocean Park,105.9335505,20.9946948,70.31,70.31,70.31,70.31,70.31,70.31,70.31,70.31,70.31,70.31,70.31,70.31,70.31,70.31,70.31,70.31,70.31
Ocean Park,105.9339354,20.9946927,63.7,63.7,63.7,63.7,63.7,63.7,63.7,63.7,63.7,63.7,63.7,63.7,63.7,63.7,63.7,63.7,63.7
Ocean Park,105.9343202,20.9946905,62.95,62.95,62.95,62.95,62.95,62.95,62.95,62.95,62.95,62.95,62.95,62.95,62.95,62.95,62.95,62.95,62.95
Ocean Park,105.934705,20.9946884,69.93,69.93,69.93,69.93,69.93,69.93,69.93,69.93,69.93,69.93,69.93,69.93,69.93,69.93,69.93,69.93,69.93
Ocean Park,105.9350898,20.9946863,62.88,62.88,62.88,62.88,62.88,62.88,62.88,62.88,62.88,62.88,62.88,62.88,62.88,62.88,62.88,62.88,62.88
Ocean Park,105.9354746,20.9946842,61.22,61.22,61.22,61.22,61.22,61.22,61.22,61.22,61.22,61.22,61.22,61.22,61.22,61.22,61.22,61.22,61.22
Ocean Park,105.9358594,20.9946821,61.64,61.64,61.64,61.64,61.64,61.64,61.64,61.64,61.64,61.64,61.64,61.64,61.64,61.64,61.64,61.64,61.64
Ocean Park,105.9362442,20.99468,66.08,66.08,66.08,66.08,66.08,66.08,66.08,66.08,66.08,66.08,66.08,66.08,66.08,66.08,66.08,66.08,66.08
Ocean Park,105.9366291,20.9946779,68.99,68.99,68.99,68.99,68.99,68.99,68.99,68.99,68.99,68.99,68.99,68.99,68.99,68.99,68.99,68.99,68.99
Ocean Park,105.9370139,20.9946757,61.77,61.77,61.77,61.77,61.77,61.77,61.77,61.77,61.77,61.77,61.77,61.77,61.77,61.77,61.77,61.77,61.77
Ocean Park,105.9373987,20.9946736,61.34,61.34,61.34,61.34,61.34,61.34,61.34,61.34,61.34,61.34,61.34,61.34,61.34,61.34,61.34,61.34,61.34
Ocean Park,105.9377835,20.9946715,68.92,68.92,68.92,68.92,68.92,68.92,68.92,68.92,68.92,68.92,68.92,68.92,68.92,68.92,68.92,68.92,68.92
Ocean Park,105.9381683,20.9946694,61.94,61.94,61.94,61.94,61.94,61.94,61.94,61.94,61.94,61.94,61.94,61.94,61.94,61.94,61.94,61.94,61.94
Ocean Park,105.9385531,20.9946673,60.24,60.24,60.24,60.24,60.24,60.24,60.24,60.24,60.24,60.24,60.24,60.24,60.24,60.24,60.24,60.24,60.24
Ocean Park,105.9389379,20.9946651,66.63,66.63,66.63,66.63,66.63,66.63,66.63,66.63,66.63,66.63,66.63,66.63,66.63,66.63,66.63,66.63,66.63
Ocean Park,105.9393227,20.994663,62.14,62.14,62.14,62.14,62.14,62.14,62.14,62.14,62.14,62.14,62.14,62.14,62.14,62.14,62.14,62.14,62.14
Ocean Park,105.9397076,20.9946609,63.42,63.42,63.42,63.42,63.42,63.42,63.42,63.42,63.42,63.42,63.42,63.42,63.42,63.42,63.42,63.42,63.42
Ocean Park,105.9400924,20.9946588,68.87,68.87,68.87,68.87,68.87,68.87,68.87,68.87,68.87,68.87,68.87,68.87,68.87,68.87,68.87,68.87,68.87
Ocean Park,105.9404772,20.9946567,64.73,64.73,64.73,64.73,64.73,64.73,64.73,64.73,64.73,64.73,64.73,64.73,64.73,64.73,64.73,64.73,64.73
Ocean Park,105.940862,20.9946545,62.43,62.43,62.43,62.43,62.43,62.43,62.43,62.43,62.43,62.43,62.43,62.43,62.43,62.43,62.43,62.43,62.43
Ocean Park,105.9412468,20.9946524,65.48,65.48,65.48,65.48,65.48,65.48,65.48,65.48,65.48,65.48,65.48,65.48,65.48,65.48,65.48,65.48,65.48
Ocean Park,105.9416316,20.9946503,59.98,59.98,59.98,59.98,59.98,59.98,59.98,59.98,59.98,59.98,59.98,59.98,59.98,59.98,59.98,59.98,59.98
Ocean Park,105.9420164,20.9946481,62.64,62.64,62.64,62.64,62.64,62.64,62.64,62.64,62.64,62.64,62.64,62.64,62.64,62.64,62.64,62.64,62.64
Ocean Park,105.9424012,20.994646,68.89,68.89,68.89,68.89,68.89,68.89,68.89,68.89,68.89,68.89,68.89,68.89,68.89,68.89,68.89,68.89,68.89
Ocean Park,105.9427861,20.9946439,63.18,63.18,63.18,63.18,63.18,63.18,63.18,63.18,63.18,63.18,63.18,63.18,63.18,63.18,63.18,63.18,63.18
Ocean Park,105.9431709,20.9946418,60.51,60.51,60.51,60.51,60.51,60.51,60.51,60.51,60.51,60.51,60.51,60.51,60.51,60.51,60.51,60.51,60.51
Ocean Park,105.9435557,20.9946396,61.65,61.65,61.65,61.65,61.65,61.65,61.65,61.65,61.65,61.65,61.65,61.65,61.65,61.65,61.65,61.65,61.65
Ocean Park,105.9439405,20.9946375,68.94,68.94,68.94,68.94,68.94,68.94,68.94,68.94,68.94,68.94,68.94,68.94,68.94,68.94,68.94,68.94,68.94
Ocean Park,105.9443253,20.9946354,61.06,61.06,61.06,61.06,61.06,61.06,61.06,61.06,61.06,61.06,61.06,61.06,61.06,61.06,61.06,61.06,61.06
Ocean Park,105.9447101,20.9946332,64.13,64.13,64.13,64.13,64.13,64.13,64.13,64.13,64.13,64.13,64.13,64.13,64.13,64.13,64.13,64.13,64.13
Ocean Park,105.9450949,20.9946311,69.06,69.06,69.06,69.06,69.06,69.06,69.06,69.06,69.06,69.06,69.06,69.06,69.06,69.06,69.06,69.06,69.06
Ocean Park,105.9454798,20.9946289,63.4,63.4,63.4,63.4,63.4,63.4,63.4,63.4,63.4,63.4,63.4,63.4,63.4,63.4,63.4,63.4,63.4
Ocean Park,105.9458646,20.9946268,63.27,63.27,63.27,63.27,63.27,63.27,63.27,63.27,63.27,63.27,63.27,63.27,63.27,63.27,63.27,63.27,63.27
Ocean Park,105.9462494,20.9946247,70.66,70.66,70.66,70.66,70.66,70.66,70.66,70.66,70.66,70.66,70.66,70.66,70.66,70.66,70.66,70.66,70.66
Ocean Park,105.9466342,20.9946225,72.34,72.34,72.34,72.34,72.34,72.34,72.34,72.34,72.34,72.34,72.34,72.34,72.34,72.34,72.34,72.34,72.34
Ocean Park,105.947019,20.9946204,67.74,67.74,67.74,67.74,67.74,67.74,67.74,67.74,67.74,67.74,67.74,67.74,67.74,67.74,67.74,67.74,67.74
Ocean Park,105.9474038,20.9946183,69.31,69.31,69.31,69.31,69.31,69.31,69.31,69.31,69.31,69.31,69.31,69.31,69.31,69.31,69.31,69.31,69.31
Ocean Park,105.9477886,20.9946161,63.79,63.79,63.79,63.79,63.79,63.79,63.79,63.79,63.79,63.79,63.79,63.79,63.79,63.79,63.79,63.79,63.79
Ocean Park,105.9481734,20.994614,61.2,61.2,61.2,61.2,61.2,61.2,61.2,61.2,61.2,61.2,61.2,61.2,61.2,61.2,61.2,61.2,61.2
Ocean Park,105.9485582,20.9946118,62.4,62.4,62.4,62.4,62.4,62.4,62.4,62.4,62.4,62.4,62.4,62.4,62.4,62.4,62.4,62.4,62.4
Ocean Park,105.9489431,20.9946097,68.99,68.99,68.99,68.99,68.99,68.99,68.99,68.99,68.99,68.99,68.99,68.99,68.99,68.99,68.99,68.99,68.99
Ocean Park,105.9493279,20.9946075,63.43,63.43,63.43,63.43,63.43,63.43,63.43,63.43,63.43,63.43,63.43,63.43,63.43,63.43,63.43,63.43,63.43
Ocean Park,105.9497127,20.9946054,68.52,68.52,68.52,68.52,68.52,68.52,68.52,68.52,68.52,68.52,68.52,68.52,68.52,68.52,68.52,68.52,68.52
Ocean Park,105.9500975,20.9946032,63.58,63.58,63.58,63.58,63.58,63.58,63.58,63.58,63.58,63.58,63.58,63.58,63.58,63.58,63.58,63.58,63.58
Ocean Park,105.9504823,20.9946011,67.72,67.72,67.72,67.72,67.72,67.72,67.72,67.72,67.72,67.72,67.72,67.72,67.72,67.72,67.72,67.72,67.72
Ocean Park,105.9508671,20.9945989,63.7,63.7,63.7,63.7,63.7,63.7,63.7,63.7,63.7,63.7,63.7,63.7,63.7,63.7,63.7,63.7,63.7
Ocean Park,105.9512519,20.9945968,60.31,60.31,60.31,60.31,60.31,60.31,60.31,60.31,60.31,60.31,60.31,60.31,60.31,60.31,60.31,60.31,60.31
Ocean Park,105.9516367,20.9945946,58.43,58.43,58.43,58.43,58.43,58.43,58.43,58.43,58.43,58.43,58.43,58.43,58.43,58.43,58.43,58.43,58.43
Ocean Park,105.9520216,20.9945925,57.0,57.0,57.0,57.0,57.0,57.0,57.0,57.0,57.0,57.0,57.0,57.0,57.0,57.0,57.0,57.0,57.0
Ocean Park,105.9524064,20.9945903,56.04,56.04,56.04,56.04,56.04,56.04,56.04,56.04,56.04,56.04,56.04,56.04,56.04,56.04,56.04,56.04,56.04
Ocean Park,105.9527912,20.9945882,56.54,56.54,56.54,56.54,56.54,56.54,56.54,56.54,56.54,56.54,56.54,56.54,56.54,56.54,56.54,56.54,56.54
Ocean Park,105.9327832,20.9950604,66.05,66.05,66.05,66.05,66.05,66.05,66.05,66.05,66.05,66.05,66.05,66.05,66.05,66.05,66.05,66.05,66.05
Ocean Park,105.933168,20.9950583,68.27,68.27,68.27,68.27,68.27,68.27,68.27,68.27,68.27,68.27,68.27,68.27,68.27,68.27,68.27,68.27,68.27
Ocean Park,105.9335528,20.9950561,64.34,64.34,64.34,64.34,64.34,64.34,64.34,64.34,64.34,64.34,64.34,64.34,64.34,64.34,64.34,64.34,64.34
Ocean Park,105.9339376,20.995054,62.96,62.96,62.96,62.96,62.96,62.96,62.96,62.96,62.96,62.96,62.96,62.96,62.96,62.96,62.96,62.96,62.96
Ocean Park,105.9343224,20.9950519,69.95,69.95,69.95,69.95,69.95,69.95,69.95,69.95,69.95,69.95,69.95,69.95,69.95,69.95,69.95,69.95,69.95
Ocean Park,105.9347072,20.9950498,63.4,63.4,63.4,63.4,63.4,63.4,63.4,63.4,63.4,63.4,63.4,63.4,63.4,63.4,63.4,63.4,63.4
Ocean Park,105.935092,20.9950477,61.25,61.25,61.25,61.25,61.25,61.25,61.25,61.25,61.25,61.25,61.25,61.25,61.25,61.25,61.25,61.25,61.25
Ocean Park,105.9354769,20.9950456,61.39,61.39,61.39,61.39,61.39,61.39,61.39,61.39,61.39,61.39,61.39,61.39,61.39,61.39,61.39,61.39,61.39
Ocean Park,105.9358617,20.9950435,64.62,64.62,64.62,64.62,64.62,64.62,64.62,64.62,64.62,64.62,64.62,64.62,64.62,64.62,64.62,64.62,64.62
Ocean Park,105.9362465,20.9950414,68.6,68.6,68.6,68.6,68.6,68.6,68.6,68.6,68.6,68.6,68.6,68.6,68.6,68.6,68.6,68.6,68.6
Ocean Park,105.9366313,20.9950392,63.39,63.39,63.39,63.39,63.39,63.39,63.39,63.39,63.39,63.39,63.39,63.39,63.39,63.39,63.39,63.39,63.39
Ocean Park,105.9370161,20.9950371,68.94,68.94,68.94,68.94,68.94,68.94,68.94,68.94,68.94,68.94,68.94,68.94,68.94,68.94,68.94,68.94,68.94
Ocean Park,105.9374009,20.995035,67.13,67.13,67.13,67.13,67.13,67.13,67.13,67.13,67.13,67.13,67.13,67.13,67.13,67.13,67.13,67.13,67.13
Ocean Park,105.9377857,20.9950329,62.66,62.66,62.66,62.66,62.66,62.66,62.66,62.66,62.66,62.66,62.66,62.66,62.66,62.66,62.66,62.66,62.66
Ocean Park,105.9381706,20.9950308,59.42,59.42,59.42,59.42,59.42,59.42,59.42,59.42,59.42,59.42,59.42,59.42,59.42,59.42,59.42,59.42,59.42
Ocean Park,105.9385554,20.9950286,59.84,59.84,59.84,59.84,59.84,59.84,59.84,59.84,59.84,59.84,59.84,59.84,59.84,59.84,59.84,59.84,59.84
Ocean Park,105.9389402,20.9950265,62.04,62.04,62.04,62.04,62.04,62.04,62.04,62.04,62.04,62.04,62.04,62.04,62.04,62.04,62.04,62.04,62.04
Ocean Park,105.939325,20.9950244,68.88,68.88,68.88,68.88,68.88,68.88,68.88,68.88,68.88,68.88,68.88,68.88,68.88,68.88,68.88,68.88,68.88
Ocean Park,105.9397098,20.9950223,67.99,67.99,67.99,67.99,67.99,67.99,67.99,67.99,67.99,67.99,67.99,67.99,67.99,67.99,67.99,67.99,67.99
Ocean Park,105.9400946,20.9950202,61.83,61.83,61.83,61.83,61.83,61.83,61.83,61.83,61.83,61.83,61.83,61.83,61.83,61.83,61.83,61.83,61.83
Ocean Park,105.9404794,20.995018,59.54,59.54,59.54,59.54,59.54,59.54,59.54,59.54,59.54,59.54,59.54,59.54,59.54,59.54,59.54,59.54,59.54
Ocean Park,105.9408643,20.9950159,59.83,59.83,59.83,59.83,59.83,59.83,59.83,59.83,59.83,59.83,59.83,59.83,59.83,59.83,59.83,59.83,59.83
Ocean Park,105.9412491,20.9950138,66.04,66.04,66.04,66.04,66.04,66.04,66.04,66.04,66.04,66.04,66.04,66.04,66.04,66.04,66.04,66.04,66.04
Ocean Park,105.9416339,20.9950117,66.27,66.27,66.27,66.27,66.27,66.27,66.27,66.27,66.27,66.27,66.27,66.27,66.27,66.27,66.27,66.27,66.27
Ocean Park,105.9420187,20.9950095,65.24,65.24,65.24,65.24,65.24,65.24,65.24,65.24,65.24,65.24,65.24,65.24,65.24,65.24,65.24,65.24,65.24
Ocean Park,105.9424035,20.9950074,61.1,61.1,61.1,61.1,61.1,61.1,61.1,61.1,61.1,61.1,61.1,61.1,61.1,61.1,61.1,61.1,61.1
Ocean Park,105.9427883,20.9950053,59.3,59.3,59.3,59.3,59.3,59.3,59.3,59.3,59.3,59.3,59.3,59.3,59.3,59.3,59.3,59.3,59.3
Ocean Park,105.9431731,20.9950031,58.71,58.71,58.71,58.71,58.71,58.71,58.71,58.71,58.71,58.71,58.71,58.71,58.71,58.71,58.71,58.71,58.71
Ocean Park,105.943558,20.995001,60.11,60.11,60.11,60.11,60.11,60.11,60.11,60.11,60.11,60.11,60.11,60.11,60.11,60.11,60.11,60.11,60.11
Ocean Park,105.9439428,20.9949989,63.97,63.97,63.97,63.97,63.97,63.97,63.97,63.97,63.97,63.97,63.97,63.97,63.97,63.97,63.97,63.97,63.97
Ocean Park,105.9443276,20.9949967,68.95,68.95,68.95,68.95,68.95,68.95,68.95,68.95,68.95,68.95,68.95,68.95,68.95,68.95,68.95,68.95,68.95
Ocean Park,105.9447124,20.9949946,64.03,64.03,64.03,64.03,64.03,64.03,64.03,64.03,64.03,64.03,64.03,64.03,64.03,64.03,64.03,64.03,64.03
Ocean Park,105.9450972,20.9949925,61.39,61.39,61.39,61.39,61.39,61.39,61.39,61.39,61.39,61.39,61.39,61.39,61.39,61.39,61.39,61.39,61.39
Ocean Park,105.945482,20.9949903,61.0,61.0,61.0,61.0,61.0,61.0,61.0,61.0,61.0,61.0,61.0,61.0,61.0,61.0,61.0,61.0,61.0
Ocean Park,105.9458668,20.9949882,64.1,64.1,64.1,64.1,64.1,64.1,64.1,64.1,64.1,64.1,64.1,64.1,64.1,64.1,64.1,64.1,64.1
Ocean Park,105.9462517,20.9949861,69.64,69.64,69.64,69.64,69.64,69.64,69.64,69.64,69.64,69.64,69.64,69.64,69.64,69.64,69.64,69.64,69.64
Ocean Park,105.9466365,20.9949839,71.0,71.0,71.0,71.0,71.0,71.0,71.0,71.0,71.0,71.0,71.0,71.0,71.0,71.0,71.0,71.0,71.0
Ocean Park,105.9470213,20.9949818,70.33,70.33,70.33,70.33,70.33,70.33,70.33,70.33,70.33,70.33,70.33,70.33,70.33,70.33,70.33,70.33,70.33
Ocean Park,105.9474061,20.9949796,70.06,70.06,70.06,70.06,70.06,70.06,70.06,70.06,70.06,70.06,70.06,70.06,70.06,70.06,70.06,70.06,70.06
Ocean Park,105.9477909,20.9949775,66.76,66.76,66.76,66.76,66.76,66.76,66.76,66.76,66.76,66.76,66.76,66.76,66.76,66.76,66.76,66.76,66.76
Ocean Park,105.9481757,20.9949753,65.49,65.49,65.49,65.49,65.49,65.49,65.49,65.49,65.49,65.49,65.49,65.49,65.49,65.49,65.49,65.49,65.49
Ocean Park,105.9485605,20.9949732,61.88,61.88,61.88,61.88,61.88,61.88,61.88,61.88,61.88,61.88,61.88,61.88,61.88,61.88,61.88,61.88,61.88
Ocean Park,105.9489453,20.9949711,61.65,61.65,61.65,61.65,61.65,61.65,61.65,61.65,61.65,61.65,61.65,61.65,61.65,61.65,61.65,61.65,61.65
Ocean Park,105.9493302,20.9949689,65.35,65.35,65.35,65.35,65.35,65.35,65.35,65.35,65.35,65.35,65.35,65.35,65.35,65.35,65.35,65.35,65.35
Ocean Park,105.949715,20.9949668,65.73,65.73,65.73,65.73,65.73,65.73,65.73,65.73,65.73,65.73,65.73,65.73,65.73,65.73,65.73,65.73,65.73
Ocean Park,105.9500998,20.9949646,64.85,64.85,64.85,64.85,64.85,64.85,64.85,64.85,64.85,64.85,64.85,64.85,64.85,64.85,64.85,64.85,64.85
Ocean Park,105.9504846,20.9949625,65.87,65.87,65.87,65.87,65.87,65.87,65.87,65.87,65.87,65.87,65.87,65.87,65.87,65.87,65.87,65.87,65.87
Ocean Park,105.9508694,20.9949603,64.56,64.56,64.56,64.56,64.56,64.56,64.56,64.56,64.56,64.56,64.56,64.56,64.56,64.56,64.56,64.56,64.56
Ocean Park,105.9512542,20.9949582,63.6,63.6,63.6,63.6,63.6,63.6,63.6,63.6,63.6,63.6,63.6,63.6,63.6,63.6,63.6,63.6,63.6
Ocean Park,105.951639,20.994956,59.16,59.16,59.16,59.16,59.16,59.16,59.16,59.16,59.16,59.16,59.16,59.16,59.16,59.16,59.16,59.16,59.16
Ocean Park,105.9520238,20.9949539,57.35,57.35,57.35,57.35,57.35,57.35,57.35,57.35,57.35,57.35,57.35,57.35,57.35,57.35,57.35,57.35,57.35
Ocean Park,105.9524087,20.9949517,56.91,56.91,56.91,56.91,56.91,56.91,56.91,56.91,56.91,56.91,56.91,56.91,56.91,56.91,56.91,56.91,56.91
Ocean Park,105.9527935,20.9949496,57.66,57.66,57.66,57.66,57.66,57.66,57.66,57.66,57.66,57.66,57.66,57.66,57.66,57.66,57.66,57.66,57.66
Ocean Park,105.9327854,20.9954217,64.96,64.96,64.96,64.96,64.96,64.96,64.96,64.96,64.96,64.96,64.96,64.96,64.96,64.96,64.96,64.96,64.96
Ocean Park,105.9331702,20.9954196,62.47,62.47,62.47,62.47,62.47,62.47,62.47,62.47,62.47,62.47,62.47,62.47,62.47,62.47,62.47,62.47,62.47
Ocean Park,105.933555,20.9954175,62.7,62.7,62.7,62.7,62.7,62.7,62.7,62.7,62.7,62.7,62.7,62.7,62.7,62.7,62.7,62.7,62.7
Ocean Park,105.9339399,20.9954154,68.71,68.71,68.71,68.71,68.71,68.71,68.71,68.71,68.71,68.71,68.71,68.71,68.71,68.71,68.71,68.71,68.71
Ocean Park,105.9343247,20.9954133,64.97,64.97,64.97,64.97,64.97,64.97,64.97,64.97,64.97,64.97,64.97,64.97,64.97,64.97,64.97,64.97,64.97
Ocean Park,105.9347095,20.9954112,61.56,61.56,61.56,61.56,61.56,61.56,61.56,61.56,61.56,61.56,61.56,61.56,61.56,61.56,61.56,61.56,61.56
Ocean Park,105.9350943,20.9954091,61.25,61.25,61.25,61.25,61.25,61.25,61.25,61.25,61.25,61.25,61.25,61.25,61.25,61.25,61.25,61.25,61.25
Ocean Park,105.9354791,20.995407,63.63,63.63,63.63,63.63,63.63,63.63,63.63,63.63,63.63,63.63,63.63,63.63,63.63,63.63,63.63,63.63,63.63
Ocean Park,105.9358639,20.9954049,65.97,65.97,65.97,65.97,65.97,65.97,65.97,65.97,65.97,65.97,65.97,65.97,65.97,65.97,65.97,65.97,65.97
Ocean Park,105.9362487,20.9954027,61.2,61.2,61.2,61.2,61.2,61.2,61.2,61.2,61.2,61.2,61.2,61.2,61.2,61.2,61.2,61.2,61.2
Ocean Park,105.9366336,20.9954006,63.86,63.86,63.86,63.86,63.86,63.86,63.86,63.86,63.86,63.86,63.86,63.86,63.86,63.86,63.86,63.86,63.86
Ocean Park,105.9370184,20.9953985,61.66,61.66,61.66,61.66,61.66,61.66,61.66,61.66,61.66,61.66,61.66,61.66,61.66,61.66,61.66,61.66,61.66
Ocean Park,105.9374032,20.9953964,68.91,68.91,68.91,68.91,68.91,68.91,68.91,68.91,68.91,68.91,68.91,68.91,68.91,68.91,68.91,68.91,68.91
Ocean Park,105.937788,20.9953943,62.73,62.73,62.73,62.73,62.73,62.73,62.73,62.73,62.73,62.73,62.73,62.73,62.73,62.73,62.73,62.73,62.73
Ocean Park,105.9381728,20.9953921,61.16,61.16,61.16,61.16,61.16,61.16,61.16,61.16,61.16,61.16,61.16,61.16,61.16,61.16,61.16,61.16,61.16
Ocean Park,105.9385576,20.99539,65.11,65.11,65.11,65.11,65.11,65.11,65.11,65.11,65.11,65.11,65.11,65.11,65.11,65.11,65.11,65.11,65.11
Ocean Park,105.9389425,20.9953879,68.88,68.88,68.88,68.88,68.88,68.88,68.88,68.88,68.88,68.88,68.88,68.88,68.88,68.88,68.88,68.88,68.88
Ocean Park,105.9393273,20.9953858,66.06,66.06,66.06,66.06,66.06,66.06,66.06,66.06,66.06,66.06,66.06,66.06,66.06,66.06,66.06,66.06,66.06
Ocean Park,105.9397121,20.9953837,64.55,64.55,64.55,64.55,64.55,64.55,64.55,64.55,64.55,64.55,64.55,64.55,64.55,64.55,64.55,64.55,64.55
Ocean Park,105.9400969,20.9953815,59.48,59.48,59.48,59.48,59.48,59.48,59.48,59.48,59.48,59.48,59.48,59.48,59.48,59.48,59.48,59.48,59.48
Ocean Park,105.9404817,20.9953794,60.46,60.46,60.46,60.46,60.46,60.46,60.46,60.46,60.46,60.46,60.46,60.46,60.46,60.46,60.46,60.46,60.46
Ocean Park,105.9408665,20.9953773,63.76,63.76,63.76,63.76,63.76,63.76,63.76,63.76,63.76,63.76,63.76,63.76,63.76,63.76,63.76,63.76,63.76
Ocean Park,105.9412513,20.9953752,68.86,68.86,68.86,68.86,68.86,68.86,68.86,68.86,68.86,68.86,68.86,68.86,68.86,68.86,68.86,68.86,68.86
Ocean Park,105.9416362,20.995373,68.87,68.87,68.87,68.87,68.87,68.87,68.87,68.87,68.87,68.87,68.87,68.87,68.87,68.87,68.87,68.87,68.87
Ocean Park,105.942021,20.9953709,60.48,60.48,60.48,60.48,60.48,60.48,60.48,60.48,60.48,60.48,60.48,60.48,60.48,60.48,60.48,60.48,60.48
Ocean Park,105.9424058,20.9953688,58.43,58.43,58.43,58.43,58.43,58.43,58.43,58.43,58.43,58.43,58.43,58.43,58.43,58.43,58.43,58.43,58.43
Ocean Park,105.9427906,20.9953666,59.38,59.38,59.38,59.38,59.38,59.38,59.38,59.38,59.38,59.38,59.38,59.38,59.38,59.38,59.38,59.38,59.38
Ocean Park,105.9431754,20.9953645,61.37,61.37,61.37,61.37,61.37,61.37,61.37,61.37,61.37,61.37,61.37,61.37,61.37,61.37,61.37,61.37,61.37
Ocean Park,105.9435602,20.9953624,65.76,65.76,65.76,65.76,65.76,65.76,65.76,65.76,65.76,65.76,65.76,65.76,65.76,65.76,65.76,65.76,65.76
Ocean Park,105.943945,20.9953602,66.12,66.12,66.12,66.12,66.12,66.12,66.12,66.12,66.12,66.12,66.12,66.12,66.12,66.12,66.12,66.12,66.12
Ocean Park,105.9443299,20.9953581,68.93,68.93,68.93,68.93,68.93,68.93,68.93,68.93,68.93,68.93,68.93,68.93,68.93,68.93,68.93,68.93,68.93
Ocean Park,105.9447147,20.995356,61.71,61.71,61.71,61.71,61.71,61.71,61.71,61.71,61.71,61.71,61.71,61.71,61.71,61.71,61.71,61.71,61.71
Ocean Park,105.9450995,20.9953538,60.1,60.1,60.1,60.1,60.1,60.1,60.1,60.1,60.1,60.1,60.1,60.1,60.1,60.1,60.1,60.1,60.1
Ocean Park,105.9454843,20.9953517,62.94,62.94,62.94,62.94,62.94,62.94,62.94,62.94,62.94,62.94,62.94,62.94,62.94,62.94,62.94,62.94,62.94
Ocean Park,105.9458691,20.9953496,69.11,69.11,69.11,69.11,69.11,69.11,69.11,69.11,69.11,69.11,69.11,69.11,69.11,69.11,69.11,69.11,69.11
Ocean Park,105.9462539,20.9953474,63.63,63.63,63.63,63.63,63.63,63.63,63.63,63.63,63.63,63.63,63.63,63.63,63.63,63.63,63.63,63.63,63.63
Ocean Park,105.9466387,20.9953453,65.18,65.18,65.18,65.18,65.18,65.18,65.18,65.18,65.18,65.18,65.18,65.18,65.18,65.18,65.18,65.18,65.18
Ocean Park,105.9470236,20.9953431,70.68,70.68,70.68,70.68,70.68,70.68,70.68,70.68,70.68,70.68,70.68,70.68,70.68,70.68,70.68,70.68,70.68
Ocean Park,105.9474084,20.995341,67.1,67.1,67.1,67.1,67.1,67.1,67.1,67.1,67.1,67.1,67.1,67.1,67.1,67.1,67.1,67.1,67.1
Ocean Park,105.9477932,20.9953389,69.89,69.89,69.89,69.89,69.89,69.89,69.89,69.89,69.89,69.89,69.89,69.89,69.89,69.89,69.89,69.89,69.89
Ocean Park,105.948178,20.9953367,65.58,65.58,65.58,65.58,65.58,65.58,65.58,65.58,65.58,65.58,65.58,65.58,65.58,65.58,65.58,65.58,65.58
Ocean Park,105.9485628,20.9953346,69.03,69.03,69.03,69.03,69.03,69.03,69.03,69.03,69.03,69.03,69.03,69.03,69.03,69.03,69.03,69.03,69.03
Ocean Park,105.9489476,20.9953324,62.76,62.76,62.76,62.76,62.76,62.76,62.76,62.76,62.76,62.76,62.76,62.76,62.76,62.76,62.76,62.76,62.76
Ocean Park,105.9493324,20.9953303,69.05,69.05,69.05,69.05,69.05,69.05,69.05,69.05,69.05,69.05,69.05,69.05,69.05,69.05,69.05,69.05,69.05
Ocean Park,105.9497173,20.9953281,63.47,63.47,63.47,63.47,63.47,63.47,63.47,63.47,63.47,63.47,63.47,63.47,63.47,63.47,63.47,63.47,63.47
Ocean Park,105.9501021,20.995326,68.98,68.98,68.98,68.98,68.98,68.98,68.98,68.98,68.98,68.98,68.98,68.98,68.98,68.98,68.98,68.98,68.98
Ocean Park,105.9504869,20.9953239,63.08,63.08,63.08,63.08,63.08,63.08,63.08,63.08,63.08,63.08,63.08,63.08,63.08,63.08,63.08,63.08,63.08
Ocean Park,105.9508717,20.9953217,68.94,68.94,68.94,68.94,68.94,68.94,68.94,68.94,68.94,68.94,68.94,68.94,68.94,68.94,68.94,68.94,68.94
Ocean Park,105.9512565,20.9953196,62.07,62.07,62.07,62.07,62.07,62.07,62.07,62.07,62.07,62.07,62.07,62.07,62.07,62.07,62.07,62.07,62.07
Ocean Park,105.9516413,20.9953174,58.99,58.99,58.99,58.99,58.99,58.99,58.99,58.99,58.99,58.99,58.99,58.99,58.99,58.99,58.99,58.99,58.99
Ocean Park,105.9520261,20.9953153,57.37,57.37,57.37,57.37,57.37,57.37,57.37,57.37,57.37,57.37,57.37,57.37,57.37,57.37,57.37,57.37,57.37
Ocean Park,105.9524109,20.9953131,58.1,58.1,58.1,58.1,58.1,58.1,58.1,58.1,58.1,58.1,58.1,58.1,58.1,58.1,58.1,58.1,58.1
Ocean Park,105.9527958,20.9953109,59.34,59.34,59.34,59.34,59.34,59.34,59.34,59.34,59.34,59.34,59.34,59.34,59.34,59.34,59.34,59.34,59.34
Ocean Park,105.9327876,20.9957831,61.1,61.1,61.1,61.1,61.1,61.1,61.1,61.1,61.1,61.1,61.1,61.1,61.1,61.1,61.1,61.1,61.1
Ocean Park,105.9331725,20.995781,60.54,60.54,60.54,60.54,60.54,60.54,60.54,60.54,60.54,60.54,60.54,60.54,60.54,60.54,60.54,60.54,60.54
Ocean Park,105.9335573,20.9957789,63.66,63.66,63.66,63.66,63.66,63.66,63.66,63.66,63.66,63.66,63.66,63.66,63.66,63.66,63.66,63.66,63.66
Ocean Park,105.9339421,20.9957768,69.94,69.94,69.94,69.94,69.94,69.94,69.94,69.94,69.94,69.94,69.94,69.94,69.94,69.94,69.94,69.94,69.94
Ocean Park,105.9343269,20.9957747,62.28,62.28,62.28,62.28,62.28,62.28,62.28,62.28,62.28,62.28,62.28,62.28,62.28,62.28,62.28,62.28,62.28
Ocean Park,105.9347117,20.9957726,61.27,61.27,61.27,61.27,61.27,61.27,61.27,61.27,61.27,61.27,61.27,61.27,61.27,61.27,61.27,61.27,61.27
Ocean Park,105.9350965,20.9957705,62.93,62.93,62.93,62.93,62.93,62.93,62.93,62.93,62.93,62.93,62.93,62.93,62.93,62.93,62.93,62.93,62.93
Ocean Park,105.9354814,20.9957683,68.71,68.71,68.71,68.71,68.71,68.71,68.71,68.71,68.71,68.71,68.71,68.71,68.71,68.71,68.71,68.71,68.71
Ocean Park,105.9358662,20.9957662,61.7,61.7,61.7,61.7,61.7,61.7,61.7,61.7,61.7,61.7,61.7,61.7,61.7,61.7,61.7,61.7,61.7
Ocean Park,105.936251,20.9957641,59.51,59.51,59.51,59.51,59.51,59.51,59.51,59.51,59.51,59.51,59.51,59.51,59.51,59.51,59.51,59.51,59.51
Ocean Park,105.9366358,20.995762,59.41,59.41,59.41,59.41,59.41,59.41,59.41,59.41,59.41,59.41,59.41,59.41,59.41,59.41,59.41,59.41,59.41
Ocean Park,105.9370206,20.9957599,59.1,59.1,59.1,59.1,59.1,59.1,59.1,59.1,59.1,59.1,59.1,59.1,59.1,59.1,59.1,59.1,59.1
Ocean Park,105.9374054,20.9957578,61.06,61.06,61.06,61.06,61.06,61.06,61.06,61.06,61.06,61.06,61.06,61.06,61.06,61.06,61.06,61.06,61.06
Ocean Park,105.9377903,20.9957556,66.91,66.91,66.91,66.91,66.91,66.91,66.91,66.91,66.91,66.91,66.91,66.91,66.91,66.91,66.91,66.91,66.91
Ocean Park,105.9381751,20.9957535,68.89,68.89,68.89,68.89,68.89,68.89,68.89,68.89,68.89,68.89,68.89,68.89,68.89,68.89,68.89,68.89,68.89
Ocean Park,105.9385599,20.9957514,64.88,64.88,64.88,64.88,64.88,64.88,64.88,64.88,64.88,64.88,64.88,64.88,64.88,64.88,64.88,64.88,64.88
Ocean Park,105.9389447,20.9957493,60.97,60.97,60.97,60.97,60.97,60.97,60.97,60.97,60.97,60.97,60.97,60.97,60.97,60.97,60.97,60.97,60.97
Ocean Park,105.9393295,20.9957472,61.33,61.33,61.33,61.33,61.33,61.33,61.33,61.33,61.33,61.33,61.33,61.33,61.33,61.33,61.33,61.33,61.33
Ocean Park,105.9397143,20.995745,68.87,68.87,68.87,68.87,68.87,68.87,68.87,68.87,68.87,68.87,68.87,68.87,68.87,68.87,68.87,68.87,68.87
Ocean Park,105.9400992,20.9957429,62.28,62.28,62.28,62.28,62.28,62.28,62.28,62.28,62.28,62.28,62.28,62.28,62.28,62.28,62.28,62.28,62.28
Ocean Park,105.940484,20.9957408,68.86,68.86,68.86,68.86,68.86,68.86,68.86,68.86,68.86,68.86,68.86,68.86,68.86,68.86,68.86,68.86,68.86
Ocean Park,105.9408688,20.9957387,63.52,63.52,63.52,63.52,63.52,63.52,63.52,63.52,63.52,63.52,63.52,63.52,63.52,63.52,63.52,63.52,63.52
Ocean Park,105.9412536,20.9957365,60.36,60.36,60.36,60.36,60.36,60.36,60.36,60.36,60.36,60.36,60.36,60.36,60.36,60.36,60.36,60.36,60.36
Ocean Park,105.9416384,20.9957344,63.3,63.3,63.3,63.3,63.3,63.3,63.3,63.3,63.3,63.3,63.3,63.3,63.3,63.3,63.3,63.3,63.3
Ocean Park,105.9420232,20.9957323,65.65,65.65,65.65,65.65,65.65,65.65,65.65,65.65,65.65,65.65,65.65,65.65,65.65,65.65,65.65,65.65,65.65
Ocean Park,105.9424081,20.9957301,60.41,60.41,60.41,60.41,60.41,60.41,60.41,60.41,60.41,60.41,60.41,60.41,60.41,60.41,60.41,60.41,60.41
Ocean Park,105.9427929,20.995728,63.53,63.53,63.53,63.53,63.53,63.53,63.53,63.53,63.53,63.53,63.53,63.53,63.53,63.53,63.53,63.53,63.53
Ocean Park,105.9431777,20.9957259,68.89,68.89,68.89,68.89,68.89,68.89,68.89,68.89,68.89,68.89,68.89,68.89,68.89,68.89,68.89,68.89,68.89
Ocean Park,105.9435625,20.9957238,62.44,62.44,62.44,62.44,62.44,62.44,62.44,62.44,62.44,62.44,62.44,62.44,62.44,62.44,62.44,62.44,62.44
Ocean Park,105.9439473,20.9957216,60.16,60.16,60.16,60.16,60.16,60.16,60.16,60.16,60.16,60.16,60.16,60.16,60.16,60.16,60.16,60.16,60.16
Ocean Park,105.9443321,20.9957195,62.56,62.56,62.56,62.56,62.56,62.56,62.56,62.56,62.56,62.56,62.56,62.56,62.56,62.56,62.56,62.56,62.56
Ocean Park,105.9447169,20.9957174,65.84,65.84,65.84,65.84,65.84,65.84,65.84,65.84,65.84,65.84,65.84,65.84,65.84,65.84,65.84,65.84,65.84
Ocean Park,105.9451018,20.9957152,62.19,62.19,62.19,62.19,62.19,62.19,62.19,62.19,62.19,62.19,62.19,62.19,62.19,62.19,62.19,62.19,62.19
Ocean Park,105.9454866,20.9957131,69.0,69.0,69.0,69.0,69.0,69.0,69.0,69.0,69.0,69.0,69.0,69.0,69.0,69.0,69.0,69.0,69.0
Ocean Park,105.9458714,20.9957109,63.29,63.29,63.29,63.29,63.29,63.29,63.29,63.29,63.29,63.29,63.29,63.29,63.29,63.29,63.29,63.29,63.29
Ocean Park,105.9462562,20.9957088,64.49,64.49,64.49,64.49,64.49,64.49,64.49,64.49,64.49,64.49,64.49,64.49,64.49,64.49,64.49,64.49,64.49
Ocean Park,105.946641,20.9957067,65.56,65.56,65.56,65.56,65.56,65.56,65.56,65.56,65.56,65.56,65.56,65.56,65.56,65.56,65.56,65.56,65.56
Ocean Park,105.9470258,20.9957045,66.66,66.66,66.66,66.66,66.66,66.66,66.66,66.66,66.66,66.66,66.66,66.66,66.66,66.66,66.66,66.66,66.66
Ocean Park,105.9474107,20.9957024,70.03,70.03,70.03,70.03,70.03,70.03,70.03,70.03,70.03,70.03,70.03,70.03,70.03,70.03,70.03,70.03,70.03
Ocean Park,105.9477955,20.9957002,70.54,70.54,70.54,70.54,70.54,70.54,70.54,70.54,70.54,70.54,70.54,70.54,70.54,70.54,70.54,70.54,70.54
Ocean Park,105.9481803,20.9956981,70.81,70.81,70.81,70.81,70.81,70.81,70.81,70.81,70.81,70.81,70.81,70.81,70.81,70.81,70.81,70.81,70.81
Ocean Park,105.9485651,20.995696,67.88,67.88,67.88,67.88,67.88,67.88,67.88,67.88,67.88,67.88,67.88,67.88,67.88,67.88,67.88,67.88,67.88
Ocean Park,105.9489499,20.9956938,69.31,69.31,69.31,69.31,69.31,69.31,69.31,69.31,69.31,69.31,69.31,69.31,69.31,69.31,69.31,69.31,69.31
Ocean Park,105.9493347,20.9956917,63.88,63.88,63.88,63.88,63.88,63.88,63.88,63.88,63.88,63.88,63.88,63.88,63.88,63.88,63.88,63.88,63.88
Ocean Park,105.9497195,20.9956895,69.08,69.08,69.08,69.08,69.08,69.08,69.08,69.08,69.08,69.08,69.08,69.08,69.08,69.08,69.08,69.08,69.08
Ocean Park,105.9501044,20.9956874,63.57,63.57,63.57,63.57,63.57,63.57,63.57,63.57,63.57,63.57,63.57,63.57,63.57,63.57,63.57,63.57,63.57
Ocean Park,105.9504892,20.9956852,68.99,68.99,68.99,68.99,68.99,68.99,68.99,68.99,68.99,68.99,68.99,68.99,68.99,68.99,68.99,68.99,68.99
Ocean Park,105.950874,20.9956831,63.53,63.53,63.53,63.53,63.53,63.53,63.53,63.53,63.53,63.53,63.53,63.53,63.53,63.53,63.53,63.53,63.53
Ocean Park,105.9512588,20.9956809,61.74,61.74,61.74,61.74,61.74,61.74,61.74,61.74,61.74,61.74,61.74,61.74,61.74,61.74,61.74,61.74,61.74
Ocean Park,105.9516436,20.9956788,59.06,59.06,59.06,59.06,59.06,59.06,59.06,59.06,59.06,59.06,59.06,59.06,59.06,59.06,59.06,59.06,59.06
Ocean Park,105.9520284,20.9956766,58.62,58.62,58.62,58.62,58.62,58.62,58.62,58.62,58.62,58.62,58.62,58.62,58.62,58.62,58.62,58.62,58.62
Ocean Park,105.9524132,20.9956745,59.96,59.96,59.96,59.96,59.96,59.96,59.96,59.96,59.96,59.96,59.96,59.96,59.96,59.96,59.96,59.96,59.96
Ocean Park,105.9527981,20.9956723,62.77,62.77,62.77,62.77,62.77,62.77,62.77,62.77,62.77,62.77,62.77,62.77,62.77,62.77,62.77,62.77,62.77
Ocean Park,105.9327899,20.9961445,59.21,59.21,59.21,59.21,59.21,59.21,59.21,59.21,59.21,59.21,59.21,59.21,59.21,59.21,59.21,59.21,59.21
Ocean Park,105.9331747,20.9961424,60.85,60.85,60.85,60.85,60.85,60.85,60.85,60.85,60.85,60.85,60.85,60.85,60.85,60.85,60.85,60.85,60.85
Ocean Park,105.9335595,20.9961403,65.47,65.47,65.47,65.47,65.47,65.47,65.47,65.47,65.47,65.47,65.47,65.47,65.47,65.47,65.47,65.47,65.47
Ocean Park,105.9339443,20.9961382,64.34,64.34,64.34,64.34,64.34,64.34,64.34,64.34,64.34,64.34,64.34,64.34,64.34,64.34,64.34,64.34,64.34
Ocean Park,105.9343292,20.9961361,61.67,61.67,61.67,61.67,61.67,61.67,61.67,61.67,61.67,61.67,61.67,61.67,61.67,61.67,61.67,61.67,61.67
Ocean Park,105.934714,20.9961339,62.48,62.48,62.48,62.48,62.48,62.48,62.48,62.48,62.48,62.48,62.48,62.48,62.48,62.48,62.48,62.48,62.48
Ocean Park,105.9350988,20.9961318,69.02,69.02,69.02,69.02,69.02,69.02,69.02,69.02,69.02,69.02,69.02,69.02,69.02,69.02,69.02,69.02,69.02
Ocean Park,105.9354836,20.9961297,62.63,62.63,62.63,62.63,62.63,62.63,62.63,62.63,62.63,62.63,62.63,62.63,62.63,62.63,62.63,62.63,62.63
Ocean Park,105.9358684,20.9961276,68.95,68.95,68.95,68.95,68.95,68.95,68.95,68.95,68.95,68.95,68.95,68.95,68.95,68.95,68.95,68.95,68.95
Ocean Park,105.9362533,20.9961255,61.97,61.97,61.97,61.97,61.97,61.97,61.97,61.97,61.97,61.97,61.97,61.97,61.97,61.97,61.97,61.97,61.97
Ocean Park,105.9366381,20.9961234,59.48,59.48,59.48,59.48,59.48,59.48,59.48,59.48,59.48,59.48,59.48,59.48,59.48,59.48,59.48,59.48,59.48
Ocean Park,105.9370229,20.9961213,59.89,59.89,59.89,59.89,59.89,59.89,59.89,59.89,59.89,59.89,59.89,59.89,59.89,59.89,59.89,59.89,59.89
Ocean Park,105.9374077,20.9961191,63.02,63.02,63.02,63.02,63.02,63.02,63.02,63.02,63.02,63.02,63.02,63.02,63.02,63.02,63.02,63.02,63.02
Ocean Park,105.9377925,20.996117,68.89,68.89,68.89,68.89,68.89,68.89,68.89,68.89,68.89,68.89,68.89,68.89,68.89,68.89,68.89,68.89,68.89
Ocean Park,105.9381773,20.9961149,62.43,62.43,62.43,62.43,62.43,62.43,62.43,62.43,62.43,62.43,62.43,62.43,62.43,62.43,62.43,62.43,62.43
Ocean Park,105.9385622,20.9961128,59.73,59.73,59.73,59.73,59.73,59.73,59.73,59.73,59.73,59.73,59.73,59.73,59.73,59.73,59.73,59.73,59.73
Ocean Park,105.938947,20.9961107,58.36,58.36,58.36,58.36,58.36,58.36,58.36,58.36,58.36,58.36,58.36,58.36,58.36,58.36,58.36,58.36,58.36
Ocean Park,105.9393318,20.9961085,59.36,59.36,59.36,59.36,59.36,59.36,59.36,59.36,59.36,59.36,59.36,59.36,59.36,59.36,59.36,59.36,59.36
Ocean Park,105.9397166,20.9961064,63.39,63.39,63.39,63.39,63.39,63.39,63.39,63.39,63.39,63.39,63.39,63.39,63.39,63.39,63.39,63.39,63.39
Ocean Park,105.9401014,20.9961043,65.76,65.76,65.76,65.76,65.76,65.76,65.76,65.76,65.76,65.76,65.76,65.76,65.76,65.76,65.76,65.76,65.76
Ocean Park,105.9404862,20.9961022,61.22,61.22,61.22,61.22,61.22,61.22,61.22,61.22,61.22,61.22,61.22,61.22,61.22,61.22,61.22,61.22,61.22
Ocean Park,105.9408711,20.9961,59.19,59.19,59.19,59.19,59.19,59.19,59.19,59.19,59.19,59.19,59.19,59.19,59.19,59.19,59.19,59.19,59.19
Ocean Park,105.9412559,20.9960979,57.89,57.89,57.89,57.89,57.89,57.89,57.89,57.89,57.89,57.89,57.89,57.89,57.89,57.89,57.89,57.89,57.89
Ocean Park,105.9416407,20.9960958,60.2,60.2,60.2,60.2,60.2,60.2,60.2,60.2,60.2,60.2,60.2,60.2,60.2,60.2,60.2,60.2,60.2
Ocean Park,105.9420255,20.9960937,68.24,68.24,68.24,68.24,68.24,68.24,68.24,68.24,68.24,68.24,68.24,68.24,68.24,68.24,68.24,68.24,68.24
Ocean Park,105.9424103,20.9960915,68.87,68.87,68.87,68.87,68.87,68.87,68.87,68.87,68.87,68.87,68.87,68.87,68.87,68.87,68.87,68.87,68.87
Ocean Park,105.9427951,20.9960894,63.9,63.9,63.9,63.9,63.9,63.9,63.9,63.9,63.9,63.9,63.9,63.9,63.9,63.9,63.9,63.9,63.9
Ocean Park,105.94318,20.9960873,60.63,60.63,60.63,60.63,60.63,60.63,60.63,60.63,60.63,60.63,60.63,60.63,60.63,60.63,60.63,60.63,60.63
Ocean Park,105.9435648,20.9960851,59.04,59.04,59.04,59.04,59.04,59.04,59.04,59.04,59.04,59.04,59.04,59.04,59.04,59.04,59.04,59.04,59.04
Ocean Park,105.9439496,20.996083,58.11,58.11,58.11,58.11,58.11,58.11,58.11,58.11,58.11,58.11,58.11,58.11,58.11,58.11,58.11,58.11,58.11
Ocean Park,105.9443344,20.9960809,60.17,60.17,60.17,60.17,60.17,60.17,60.17,60.17,60.17,60.17,60.17,60.17,60.17,60.17,60.17,60.17,60.17
Ocean Park,105.9447192,20.9960787,65.99,65.99,65.99,65.99,65.99,65.99,65.99,65.99,65.99,65.99,65.99,65.99,65.99,65.99,65.99,65.99,65.99
Ocean Park,105.945104,20.9960766,68.37,68.37,68.37,68.37,68.37,68.37,68.37,68.37,68.37,68.37,68.37,68.37,68.37,68.37,68.37,68.37,68.37
Ocean Park,105.9454889,20.9960745,63.64,63.64,63.64,63.64,63.64,63.64,63.64,63.64,63.64,63.64,63.64,63.64,63.64,63.64,63.64,63.64,63.64
Ocean Park,105.9458737,20.9960723,61.36,61.36,61.36,61.36,61.36,61.36,61.36,61.36,61.36,61.36,61.36,61.36,61.36,61.36,61.36,61.36,61.36
Ocean Park,105.9462585,20.9960702,69.02,69.02,69.02,69.02,69.02,69.02,69.02,69.02,69.02,69.02,69.02,69.02,69.02,69.02,69.02,69.02,69.02
Ocean Park,105.9466433,20.996068,69.07,69.07,69.07,69.07,69.07,69.07,69.07,69.07,69.07,69.07,69.07,69.07,69.07,69.07,69.07,69.07,69.07
Ocean Park,105.9470281,20.9960659,63.83,63.83,63.83,63.83,63.83,63.83,63.83,63.83,63.83,63.83,63.83,63.83,63.83,63.83,63.83,63.83,63.83
Ocean Park,105.9474129,20.9960638,69.31,69.31,69.31,69.31,69.31,69.31,69.31,69.31,69.31,69.31,69.31,69.31,69.31,69.31,69.31,69.31,69.31
Ocean Park,105.9477977,20.9960616,67.3,67.3,67.3,67.3,67.3,67.3,67.3,67.3,67.3,67.3,67.3,67.3,67.3,67.3,67.3,67.3,67.3
Ocean Park,105.9481826,20.9960595,70.91,70.91,70.91,70.91,70.91,70.91,70.91,70.91,70.91,70.91,70.91,70.91,70.91,70.91,70.91,70.91,70.91
Ocean Park,105.9485674,20.9960573,70.99,70.99,70.99,70.99,70.99,70.99,70.99,70.99,70.99,70.99,70.99,70.99,70.99,70.99,70.99,70.99,70.99
Ocean Park,105.9489522,20.9960552,70.04,70.04,70.04,70.04,70.04,70.04,70.04,70.04,70.04,70.04,70.04,70.04,70.04,70.04,70.04,70.04,70.04
Ocean Park,105.949337,20.996053,66.59,66.59,66.59,66.59,66.59,66.59,66.59,66.59,66.59,66.59,66.59,66.59,66.59,66.59,66.59,66.59,66.59
Ocean Park,105.9497218,20.9960509,65.62,65.62,65.62,65.62,65.62,65.62,65.62,65.62,65.62,65.62,65.62,65.62,65.62,65.62,65.62,65.62,65.62
Ocean Park,105.9501066,20.9960488,65.72,65.72,65.72,65.72,65.72,65.72,65.72,65.72,65.72,65.72,65.72,65.72,65.72,65.72,65.72,65.72,65.72
Ocean Park,105.9504915,20.9960466,65.48,65.48,65.48,65.48,65.48,65.48,65.48,65.48,65.48,65.48,65.48,65.48,65.48,65.48,65.48,65.48,65.48
Ocean Park,105.9508763,20.9960445,64.4,64.4,64.4,64.4,64.4,64.4,64.4,64.4,64.4,64.4,64.4,64.4,64.4,64.4,64.4,64.4,64.4
Ocean Park,105.9512611,20.9960423,60.73,60.73,60.73,60.73,60.73,60.73,60.73,60.73,60.73,60.73,60.73,60.73,60.73,60.73,60.73,60.73,60.73
Ocean Park,105.9516459,20.9960402,59.25,59.25,59.25,59.25,59.25,59.25,59.25,59.25,59.25,59.25,59.25,59.25,59.25,59.25,59.25,59.25,59.25
Ocean Park,105.9520307,20.996038,60.7,60.7,60.7,60.7,60.7,60.7,60.7,60.7,60.7,60.7,60.7,60.7,60.7,60.7,60.7,60.7,60.7
Ocean Park,105.9524155,20.9960359,64.28,64.28,64.28,64.28,64.28,64.28,64.28,64.28,64.28,64.28,64.28,64.28,64.28,64.28,64.28,64.28,64.28
Ocean Park,105.9528003,20.9960337,66.25,66.25,66.25,66.25,66.25,66.25,66.25,66.25,66.25,66.25,66.25,66.25,66.25,66.25,66.25,66.25,66.25
Ocean Park,105.9327921,20.9965059,60.6,60.6,60.6,60.6,60.6,60.6,60.6,60.6,60.6,60.6,60.6,60.6,60.6,60.6,60.6,60.6,60.6
Ocean Park,105.933177,20.9965038,62.51,62.51,62.51,62.51,62.51,62.51,62.51,62.51,62.51,62.51,62.51,62.51,62.51,62.51,62.51,62.51,62.51
Ocean Park,105.9335618,20.9965017,69.97,69.97,69.97,69.97,69.97,69.97,69.97,69.97,69.97,69.97,69.97,69.97,69.97,69.97,69.97,69.97,69.97
Ocean Park,105.9339466,20.9964995,62.54,62.54,62.54,62.54,62.54,62.54,62.54,62.54,62.54,62.54,62.54,62.54,62.54,62.54,62.54,62.54,62.54
Ocean Park,105.9343314,20.9964974,62.32,62.32,62.32,62.32,62.32,62.32,62.32,62.32,62.32,62.32,62.32,62.32,62.32,62.32,62.32,62.32,62.32
Ocean Park,105.9347162,20.9964953,69.05,69.05,69.05,69.05,69.05,69.05,69.05,69.05,69.05,69.05,69.05,69.05,69.05,69.05,69.05,69.05,69.05
Ocean Park,105.9351011,20.9964932,62.53,62.53,62.53,62.53,62.53,62.53,62.53,62.53,62.53,62.53,62.53,62.53,62.53,62.53,62.53,62.53,62.53
Ocean Park,105.9354859,20.9964911,59.82,59.82,59.82,59.82,59.82,59.82,59.82,59.82,59.82,59.82,59.82,59.82,59.82,59.82,59.82,59.82,59.82
Ocean Park,105.9358707,20.996489,61.98,61.98,61.98,61.98,61.98,61.98,61.98,61.98,61.98,61.98,61.98,61.98,61.98,61.98,61.98,61.98,61.98
Ocean Park,105.9362555,20.9964869,68.94,68.94,68.94,68.94,68.94,68.94,68.94,68.94,68.94,68.94,68.94,68.94,68.94,68.94,68.94,68.94,68.94
Ocean Park,105.9366403,20.9964848,62.53,62.53,62.53,62.53,62.53,62.53,62.53,62.53,62.53,62.53,62.53,62.53,62.53,62.53,62.53,62.53,62.53
Ocean Park,105.9370251,20.9964826,63.74,63.74,63.74,63.74,63.74,63.74,63.74,63.74,63.74,63.74,63.74,63.74,63.74,63.74,63.74,63.74,63.74
Ocean Park,105.93741,20.9964805,68.91,68.91,68.91,68.91,68.91,68.91,68.91,68.91,68.91,68.91,68.91,68.91,68.91,68.91,68.91,68.91,68.91
Ocean Park,105.9377948,20.9964784,62.03,62.03,62.03,62.03,62.03,62.03,62.03,62.03,62.03,62.03,62.03,62.03,62.03,62.03,62.03,62.03,62.03
Ocean Park,105.9381796,20.9964763,59.39,59.39,59.39,59.39,59.39,59.39,59.39,59.39,59.39,59.39,59.39,59.39,59.39,59.39,59.39,59.39,59.39
Ocean Park,105.9385644,20.9964742,57.95,57.95,57.95,57.95,57.95,57.95,57.95,57.95,57.95,57.95,57.95,57.95,57.95,57.95,57.95,57.95,57.95
Ocean Park,105.9389492,20.996472,57.07,57.07,57.07,57.07,57.07,57.07,57.07,57.07,57.07,57.07,57.07,57.07,57.07,57.07,57.07,57.07,57.07
Ocean Park,105.939334,20.9964699,58.03,58.03,58.03,58.03,58.03,58.03,58.03,58.03,58.03,58.03,58.03,58.03,58.03,58.03,58.03,58.03,58.03
Ocean Park,105.9397189,20.9964678,59.6,59.6,59.6,59.6,59.6,59.6,59.6,59.6,59.6,59.6,59.6,59.6,59.6,59.6,59.6,59.6,59.6
Ocean Park,105.9401037,20.9964657,59.8,59.8,59.8,59.8,59.8,59.8,59.8,59.8,59.8,59.8,59.8,59.8,59.8,59.8,59.8,59.8,59.8
Ocean Park,105.9404885,20.9964635,58.39,58.39,58.39,58.39,58.39,58.39,58.39,58.39,58.39,58.39,58.39,58.39,58.39,58.39,58.39,58.39,58.39
Ocean Park,105.9408733,20.9964614,57.36,57.36,57.36,57.36,57.36,57.36,57.36,57.36,57.36,57.36,57.36,57.36,57.36,57.36,57.36,57.36,57.36
Ocean Park,105.9412581,20.9964593,58.75,58.75,58.75,58.75,58.75,58.75,58.75,58.75,58.75,58.75,58.75,58.75,58.75,58.75,58.75,58.75,58.75
Ocean Park,105.941643,20.9964572,61.33,61.33,61.33,61.33,61.33,61.33,61.33,61.33,61.33,61.33,61.33,61.33,61.33,61.33,61.33,61.33,61.33
Ocean Park,105.9420278,20.996455,68.86,68.86,68.86,68.86,68.86,68.86,68.86,68.86,68.86,68.86,68.86,68.86,68.86,68.86,68.86,68.86,68.86
Ocean Park,105.9424126,20.9964529,65.24,65.24,65.24,65.24,65.24,65.24,65.24,65.24,65.24,65.24,65.24,65.24,65.24,65.24,65.24,65.24,65.24
Ocean Park,105.9427974,20.9964508,68.87,68.87,68.87,68.87,68.87,68.87,68.87,68.87,68.87,68.87,68.87,68.87,68.87,68.87,68.87,68.87,68.87
Ocean Park,105.9431822,20.9964486,63.94,63.94,63.94,63.94,63.94,63.94,63.94,63.94,63.94,63.94,63.94,63.94,63.94,63.94,63.94,63.94,63.94
Ocean Park,105.943567,20.9964465,60.9,60.9,60.9,60.9,60.9,60.9,60.9,60.9,60.9,60.9,60.9,60.9,60.9,60.9,60.9,60.9,60.9
Ocean Park,105.9439519,20.9964444,59.0,59.0,59.0,59.0,59.0,59.0,59.0,59.0,59.0,59.0,59.0,59.0,59.0,59.0,59.0,59.0,59.0
Ocean Park,105.9443367,20.9964422,60.64,60.64,60.64,60.64,60.64,60.64,60.64,60.64,60.64,60.64,60.64,60.64,60.64,60.64,60.64,60.64,60.64
Ocean Park,105.9447215,20.9964401,63.71,63.71,63.71,63.71,63.71,63.71,63.71,63.71,63.71,63.71,63.71,63.71,63.71,63.71,63.71,63.71,63.71
Ocean Park,105.9451063,20.996438,68.93,68.93,68.93,68.93,68.93,68.93,68.93,68.93,68.93,68.93,68.93,68.93,68.93,68.93,68.93,68.93,68.93
Ocean Park,105.9454911,20.9964358,61.98,61.98,61.98,61.98,61.98,61.98,61.98,61.98,61.98,61.98,61.98,61.98,61.98,61.98,61.98,61.98,61.98
Ocean Park,105.9458759,20.9964337,65.22,65.22,65.22,65.22,65.22,65.22,65.22,65.22,65.22,65.22,65.22,65.22,65.22,65.22,65.22,65.22,65.22
Ocean Park,105.9462608,20.9964316,63.51,63.51,63.51,63.51,63.51,63.51,63.51,63.51,63.51,63.51,63.51,63.51,63.51,63.51,63.51,63.51,63.51
Ocean Park,105.9466456,20.9964294,62.32,62.32,62.32,62.32,62.32,62.32,62.32,62.32,62.32,62.32,62.32,62.32,62.32,62.32,62.32,62.32,62.32
Ocean Park,105.9470304,20.9964273,69.06,69.06,69.06,69.06,69.06,69.06,69.06,69.06,69.06,69.06,69.06,69.06,69.06,69.06,69.06,69.06,69.06
Ocean Park,105.9474152,20.9964251,64.06,64.06,64.06,64.06,64.06,64.06,64.06,64.06,64.06,64.06,64.06,64.06,64.06,64.06,64.06,64.06,64.06
Ocean Park,105.9478,20.996423,68.76,68.76,68.76,68.76,68.76,68.76,68.76,68.76,68.76,68.76,68.76,68.76,68.76,68.76,68.76,68.76,68.76
Ocean Park,105.9481848,20.9964209,65.38,65.38,65.38,65.38,65.38,65.38,65.38,65.38,65.38,65.38,65.38,65.38,65.38,65.38,65.38,65.38,65.38
Ocean Park,105.9485697,20.9964187,70.33,70.33,70.33,70.33,70.33,70.33,70.33,70.33,70.33,70.33,70.33,70.33,70.33,70.33,70.33,70.33,70.33
Ocean Park,105.9489545,20.9964166,67.07,67.07,67.07,67.07,67.07,67.07,67.07,67.07,67.07,67.07,67.07,67.07,67.07,67.07,67.07,67.07,67.07
Ocean Park,105.9493393,20.9964144,69.73,69.73,69.73,69.73,69.73,69.73,69.73,69.73,69.73,69.73,69.73,69.73,69.73,69.73,69.73,69.73,69.73
Ocean Park,105.9497241,20.9964123,65.66,65.66,65.66,65.66,65.66,65.66,65.66,65.66,65.66,65.66,65.66,65.66,65.66,65.66,65.66,65.66,65.66
Ocean Park,105.9501089,20.9964101,69.25,69.25,69.25,69.25,69.25,69.25,69.25,69.25,69.25,69.25,69.25,69.25,69.25,69.25,69.25,69.25,69.25
Ocean Park,105.9504937,20.996408,63.97,63.97,63.97,63.97,63.97,63.97,63.97,63.97,63.97,63.97,63.97,63.97,63.97,63.97,63.97,63.97,63.97
Ocean Park,105.9508786,20.9964058,62.03,62.03,62.03,62.03,62.03,62.03,62.03,62.03,62.03,62.03,62.03,62.03,62.03,62.03,62.03,62.03,62.03
Ocean Park,105.9512634,20.9964037,60.08,60.08,60.08,60.08,60.08,60.08,60.08,60.08,60.08,60.08,60.08,60.08,60.08,60.08,60.08,60.08,60.08
Ocean Park,105.9516482,20.9964015,61.6,61.6,61.6,61.6,61.6,61.6,61.6,61.6,61.6,61.6,61.6,61.6,61.6,61.6,61.6,61.6,61.6
Ocean Park,105.952033,20.9963994,66.67,66.67,66.67,66.67,66.67,66.67,66.67,66.67,66.67,66.67,66.67,66.67,66.67,66.67,66.67,66.67,66.67
Ocean Park,105.9524178,20.9963972,68.71,68.71,68.71,68.71,68.71,68.71,68.71,68.71,68.71,68.71,68.71,68.71,68.71,68.71,68.71,68.71,68.71
Ocean Park,105.9528026,20.9963951,68.06,68.06,68.06,68.06,68.06,68.06,68.06,68.06,68.06,68.06,68.06,68.06,68.06,68.06,68.06,68.06,68.06
Ocean Park,105.9327944,20.9968673,64.68,64.68,64.68,64.68,64.68,64.68,64.68,64.68,64.68,64.68,64.68,64.68,64.68,64.68,64.68,64.68,64.68
Ocean Park,105.9331792,20.9968651,64.52,64.52,64.52,64.52,64.52,64.52,64.52,64.52,64.52,64.52,64.52,64.52,64.52,64.52,64.52,64.52,64.52
Ocean Park,105.933564,20.996863,64.63,64.63,64.63,64.63,64.63,64.63,64.63,64.63,64.63,64.63,64.63,64.63,64.63,64.63,64.63,64.63,64.63
Ocean Park,105.9339488,20.9968609,62.46,62.46,62.46,62.46,62.46,62.46,62.46,62.46,62.46,62.46,62.46,62.46,62.46,62.46,62.46,62.46,62.46
Ocean Park,105.9343337,20.9968588,66.32,66.32,66.32,66.32,66.32,66.32,66.32,66.32,66.32,66.32,66.32,66.32,66.32,66.32,66.32,66.32,66.32
Ocean Park,105.9347185,20.9968567,63.54,63.54,63.54,63.54,63.54,63.54,63.54,63.54,63.54,63.54,63.54,63.54,63.54,63.54,63.54,63.54,63.54
Ocean Park,105.9351033,20.9968546,60.47,60.47,60.47,60.47,60.47,60.47,60.47,60.47,60.47,60.47,60.47,60.47,60.47,60.47,60.47,60.47,60.47
Ocean Park,105.9354881,20.9968525,59.03,59.03,59.03,59.03,59.03,59.03,59.03,59.03,59.03,59.03,59.03,59.03,59.03,59.03,59.03,59.03,59.03
Ocean Park,105.9358729,20.9968504,59.79,59.79,59.79,59.79,59.79,59.79,59.79,59.79,59.79,59.79,59.79,59.79,59.79,59.79,59.79,59.79,59.79
Ocean Park,105.9362578,20.9968482,61.63,61.63,61.63,61.63,61.63,61.63,61.63,61.63,61.63,61.63,61.63,61.63,61.63,61.63,61.63,61.63,61.63
Ocean Park,105.9366426,20.9968461,68.17,68.17,68.17,68.17,68.17,68.17,68.17,68.17,68.17,68.17,68.17,68.17,68.17,68.17,68.17,68.17,68.17
Ocean Park,105.9370274,20.996844,68.94,68.94,68.94,68.94,68.94,68.94,68.94,68.94,68.94,68.94,68.94,68.94,68.94,68.94,68.94,68.94,68.94
Ocean Park,105.9374122,20.9968419,61.78,61.78,61.78,61.78,61.78,61.78,61.78,61.78,61.78,61.78,61.78,61.78,61.78,61.78,61.78,61.78,61.78
Ocean Park,105.937797,20.9968398,59.39,59.39,59.39,59.39,59.39,59.39,59.39,59.39,59.39,59.39,59.39,59.39,59.39,59.39,59.39,59.39,59.39
Ocean Park,105.9381819,20.9968377,58.02,58.02,58.02,58.02,58.02,58.02,58.02,58.02,58.02,58.02,58.02,58.02,58.02,58.02,58.02,58.02,58.02
Ocean Park,105.9385667,20.9968355,57.06,57.06,57.06,57.06,57.06,57.06,57.06,57.06,57.06,57.06,57.06,57.06,57.06,57.06,57.06,57.06,57.06
Ocean Park,105.9389515,20.9968334,56.43,56.43,56.43,56.43,56.43,56.43,56.43,56.43,56.43,56.43,56.43,56.43,56.43,56.43,56.43,56.43,56.43
Ocean Park,105.9393363,20.9968313,57.05,57.05,57.05,57.05,57.05,57.05,57.05,57.05,57.05,57.05,57.05,57.05,57.05,57.05,57.05,57.05,57.05
Ocean Park,105.9397211,20.9968292,57.61,57.61,57.61,57.61,57.61,57.61,57.61,57.61,57.61,57.61,57.61,57.61,57.61,57.61,57.61,57.61,57.61
Ocean Park,105.9401059,20.996827,57.62,57.62,57.62,57.62,57.62,57.62,57.62,57.62,57.62,57.62,57.62,57.62,57.62,57.62,57.62,57.62,57.62
Ocean Park,105.9404908,20.9968249,57.31,57.31,57.31,57.31,57.31,57.31,57.31,57.31,57.31,57.31,57.31,57.31,57.31,57.31,57.31,57.31,57.31
Ocean Park,105.9408756,20.9968228,58.83,58.83,58.83,58.83,58.83,58.83,58.83,58.83,58.83,58.83,58.83,58.83,58.83,58.83,58.83,58.83,58.83
Ocean Park,105.9412604,20.9968207,61.38,61.38,61.38,61.38,61.38,61.38,61.38,61.38,61.38,61.38,61.38,61.38,61.38,61.38,61.38,61.38,61.38
Ocean Park,105.9416452,20.9968185,68.86,68.86,68.86,68.86,68.86,68.86,68.86,68.86,68.86,68.86,68.86,68.86,68.86,68.86,68.86,68.86,68.86
Ocean Park,105.94203,20.9968164,61.84,61.84,61.84,61.84,61.84,61.84,61.84,61.84,61.84,61.84,61.84,61.84,61.84,61.84,61.84,61.84,61.84
Ocean Park,105.9424149,20.9968143,66.65,66.65,66.65,66.65,66.65,66.65,66.65,66.65,66.65,66.65,66.65,66.65,66.65,66.65,66.65,66.65,66.65
Ocean Park,105.9427997,20.9968121,62.09,62.09,62.09,62.09,62.09,62.09,62.09,62.09,62.09,62.09,62.09,62.09,62.09,62.09,62.09,62.09,62.09
Ocean Park,105.9431845,20.99681,62.89,62.89,62.89,62.89,62.89,62.89,62.89,62.89,62.89,62.89,62.89,62.89,62.89,62.89,62.89,62.89,62.89
Ocean Park,105.9435693,20.9968079,67.49,67.49,67.49,67.49,67.49,67.49,67.49,67.49,67.49,67.49,67.49,67.49,67.49,67.49,67.49,67.49,67.49
Ocean Park,105.9439541,20.9968058,62.23,62.23,62.23,62.23,62.23,62.23,62.23,62.23,62.23,62.23,62.23,62.23,62.23,62.23,62.23,62.23,62.23
Ocean Park,105.9443389,20.9968036,68.89,68.89,68.89,68.89,68.89,68.89,68.89,68.89,68.89,68.89,68.89,68.89,68.89,68.89,68.89,68.89,68.89
Ocean Park,105.9447238,20.9968015,63.9,63.9,63.9,63.9,63.9,63.9,63.9,63.9,63.9,63.9,63.9,63.9,63.9,63.9,63.9,63.9,63.9
Ocean Park,105.9451086,20.9967993,68.91,68.91,68.91,68.91,68.91,68.91,68.91,68.91,68.91,68.91,68.91,68.91,68.91,68.91,68.91,68.91,68.91
Ocean Park,105.9454934,20.9967972,61.17,61.17,61.17,61.17,61.17,61.17,61.17,61.17,61.17,61.17,61.17,61.17,61.17,61.17,61.17,61.17,61.17
Ocean Park,105.9458782,20.9967951,65.92,65.92,65.92,65.92,65.92,65.92,65.92,65.92,65.92,65.92,65.92,65.92,65.92,65.92,65.92,65.92,65.92
Ocean Park,105.946263,20.9967929,64.86,64.86,64.86,64.86,64.86,64.86,64.86,64.86,64.86,64.86,64.86,64.86,64.86,64.86,64.86,64.86,64.86
Ocean Park,105.9466479,20.9967908,61.16,61.16,61.16,61.16,61.16,61.16,61.16,61.16,61.16,61.16,61.16,61.16,61.16,61.16,61.16,61.16,61.16
Ocean Park,105.9470327,20.9967887,61.39,61.39,61.39,61.39,61.39,61.39,61.39,61.39,61.39,61.39,61.39,61.39,61.39,61.39,61.39,61.39,61.39
Ocean Park,105.9474175,20.9967865,65.36,65.36,65.36,65.36,65.36,65.36,65.36,65.36,65.36,65.36,65.36,65.36,65.36,65.36,65.36,65.36,65.36
Ocean Park,105.9478023,20.9967844,65.78,65.78,65.78,65.78,65.78,65.78,65.78,65.78,65.78,65.78,65.78,65.78,65.78,65.78,65.78,65.78,65.78
Ocean Park,105.9481871,20.9967822,69.2,69.2,69.2,69.2,69.2,69.2,69.2,69.2,69.2,69.2,69.2,69.2,69.2,69.2,69.2,69.2,69.2
Ocean Park,105.9485719,20.9967801,66.83,66.83,66.83,66.83,66.83,66.83,66.83,66.83,66.83,66.83,66.83,66.83,66.83,66.83,66.83,66.83,66.83
Ocean Park,105.9489568,20.9967779,70.02,70.02,70.02,70.02,70.02,70.02,70.02,70.02,70.02,70.02,70.02,70.02,70.02,70.02,70.02,70.02,70.02
Ocean Park,105.9493416,20.9967758,70.53,70.53,70.53,70.53,70.53,70.53,70.53,70.53,70.53,70.53,70.53,70.53,70.53,70.53,70.53,70.53,70.53
Ocean Park,105.9497264,20.9967736,70.8,70.8,70.8,70.8,70.8,70.8,70.8,70.8,70.8,70.8,70.8,70.8,70.8,70.8,70.8,70.8,70.8
Ocean Park,105.9501112,20.9967715,67.78,67.78,67.78,67.78,67.78,67.78,67.78,67.78,67.78,67.78,67.78,67.78,67.78,67.78,67.78,67.78,67.78
Ocean Park,105.950496,20.9967694,64.1,64.1,64.1,64.1,64.1,64.1,64.1,64.1,64.1,64.1,64.1,64.1,64.1,64.1,64.1,64.1,64.1
Ocean Park,105.9508808,20.9967672,61.39,61.39,61.39,61.39,61.39,61.39,61.39,61.39,61.39,61.39,61.39,61.39,61.39,61.39,61.39,61.39,61.39
Ocean Park,105.9512657,20.9967651,62.79,62.79,62.79,62.79,62.79,62.79,62.79,62.79,62.79,62.79,62.79,62.79,62.79,62.79,62.79,62.79,62.79
Ocean Park,105.9516505,20.9967629,69.02,69.02,69.02,69.02,69.02,69.02,69.02,69.02,69.02,69.02,69.02,69.02,69.02,69.02,69.02,69.02,69.02
Ocean Park,105.9520353,20.9967608,66.7,66.7,66.7,66.7,66.7,66.7,66.7,66.7,66.7,66.7,66.7,66.7,66.7,66.7,66.7,66.7,66.7
Ocean Park,105.9524201,20.9967586,63.49,63.49,63.49,63.49,63.49,63.49,63.49,63.49,63.49,63.49,63.49,63.49,63.49,63.49,63.49,63.49,63.49
Ocean Park,105.9528049,20.9967564,65.31,65.31,65.31,65.31,65.31,65.31,65.31,65.31,65.31,65.31,65.31,65.31,65.31,65.31,65.31,65.31,65.31
Ocean Park,105.9327966,20.9972286,69.95,69.95,69.95,69.95,69.95,69.95,69.95,69.95,69.95,69.95,69.95,69.95,69.95,69.95,69.95,69.95,69.95
Ocean Park,105.9331815,20.9972265,70.01,70.01,70.01,70.01,70.01,70.01,70.01,70.01,70.01,70.01,70.01,70.01,70.01,70.01,70.01,70.01,70.01
Ocean Park,105.9335663,20.9972244,67.11,67.11,67.11,67.11,67.11,67.11,67.11,67.11,67.11,67.11,67.11,67.11,67.11,67.11,67.11,67.11,67.11
Ocean Park,105.9339511,20.9972223,65.59,65.59,65.59,65.59,65.59,65.59,65.59,65.59,65.59,65.59,65.59,65.59,65.59,65.59,65.59,65.59,65.59
Ocean Park,105.9343359,20.9972202,65.12,65.12,65.12,65.12,65.12,65.12,65.12,65.12,65.12,65.12,65.12,65.12,65.12,65.12,65.12,65.12,65.12
Ocean Park,105.9347207,20.9972181,61.64,61.64,61.64,61.64,61.64,61.64,61.64,61.64,61.64,61.64,61.64,61.64,61.64,61.64,61.64,61.64,61.64
Ocean Park,105.9351056,20.997216,60.12,60.12,60.12,60.12,60.12,60.12,60.12,60.12,60.12,60.12,60.12,60.12,60.12,60.12,60.12,60.12,60.12
Ocean Park,105.9354904,20.9972139,60.0,60.0,60.0,60.0,60.0,60.0,60.0,60.0,60.0,60.0,60.0,60.0,60.0,60.0,60.0,60.0,60.0
Ocean Park,105.9358752,20.9972117,61.21,61.21,61.21,61.21,61.21,61.21,61.21,61.21,61.21,61.21,61.21,61.21,61.21,61.21,61.21,61.21,61.21
Ocean Park,105.93626,20.9972096,65.17,65.17,65.17,65.17,65.17,65.17,65.17,65.17,65.17,65.17,65.17,65.17,65.17,65.17,65.17,65.17,65.17
Ocean Park,105.9366448,20.9972075,68.87,68.87,68.87,68.87,68.87,68.87,68.87,68.87,68.87,68.87,68.87,68.87,68.87,68.87,68.87,68.87,68.87
Ocean Park,105.9370297,20.9972054,61.66,61.66,61.66,61.66,61.66,61.66,61.66,61.66,61.66,61.66,61.66,61.66,61.66,61.66,61.66,61.66,61.66
Ocean Park,105.9374145,20.9972033,59.51,59.51,59.51,59.51,59.51,59.51,59.51,59.51,59.51,59.51,59.51,59.51,59.51,59.51,59.51,59.51,59.51
Ocean Park,105.9377993,20.9972012,58.23,58.23,58.23,58.23,58.23,58.23,58.23,58.23,58.23,58.23,58.23,58.23,58.23,58.23,58.23,58.23,58.23
Ocean Park,105.9381841,20.997199,57.31,57.31,57.31,57.31,57.31,57.31,57.31,57.31,57.31,57.31,57.31,57.31,57.31,57.31,57.31,57.31,57.31
Ocean Park,105.9385689,20.9971969,56.58,56.58,56.58,56.58,56.58,56.58,56.58,56.58,56.58,56.58,56.58,56.58,56.58,56.58,56.58,56.58,56.58
Ocean Park,105.9389538,20.9971948,56.08,56.08,56.08,56.08,56.08,56.08,56.08,56.08,56.08,56.08,56.08,56.08,56.08,56.08,56.08,56.08,56.08
Ocean Park,105.9393386,20.9971927,56.35,56.35,56.35,56.35,56.35,56.35,56.35,56.35,56.35,56.35,56.35,56.35,56.35,56.35,56.35,56.35,56.35
Ocean Park,105.9397234,20.9971905,56.53,56.53,56.53,56.53,56.53,56.53,56.53,56.53,56.53,56.53,56.53,56.53,56.53,56.53,56.53,56.53,56.53
Ocean Park,105.9401082,20.9971884,56.62,56.62,56.62,56.62,56.62,56.62,56.62,56.62,56.62,56.62,56.62,56.62,56.62,56.62,56.62,56.62,56.62
Ocean Park,105.940493,20.9971863,57.91,57.91,57.91,57.91,57.91,57.91,57.91,57.91,57.91,57.91,57.91,57.91,57.91,57.91,57.91,57.91,57.91
Ocean Park,105.9408778,20.9971842,60.52,60.52,60.52,60.52,60.52,60.52,60.52,60.52,60.52,60.52,60.52,60.52,60.52,60.52,60.52,60.52,60.52
Ocean Park,105.9412627,20.997182,68.87,68.87,68.87,68.87,68.87,68.87,68.87,68.87,68.87,68.87,68.87,68.87,68.87,68.87,68.87,68.87,68.87
Ocean Park,105.9416475,20.9971799,61.85,61.85,61.85,61.85,61.85,61.85,61.85,61.85,61.85,61.85,61.85,61.85,61.85,61.85,61.85,61.85,61.85
Ocean Park,105.9420323,20.9971778,61.44,61.44,61.44,61.44,61.44,61.44,61.44,61.44,61.44,61.44,61.44,61.44,61.44,61.44,61.44,61.44,61.44
Ocean Park,105.9424171,20.9971757,64.85,64.85,64.85,64.85,64.85,64.85,64.85,64.85,64.85,64.85,64.85,64.85,64.85,64.85,64.85,64.85,64.85
Ocean Park,105.9428019,20.9971735,62.78,62.78,62.78,62.78,62.78,62.78,62.78,62.78,62.78,62.78,62.78,62.78,62.78,62.78,62.78,62.78,62.78
Ocean Park,105.9431868,20.9971714,59.65,59.65,59.65,59.65,59.65,59.65,59.65,59.65,59.65,59.65,59.65,59.65,59.65,59.65,59.65,59.65,59.65
Ocean Park,105.9435716,20.9971693,67.04,67.04,67.04,67.04,67.04,67.04,67.04,67.04,67.04,67.04,67.04,67.04,67.04,67.04,67.04,67.04,67.04
Ocean Park,105.9439564,20.9971671,66.22,66.22,66.22,66.22,66.22,66.22,66.22,66.22,66.22,66.22,66.22,66.22,66.22,66.22,66.22,66.22,66.22
Ocean Park,105.9443412,20.997165,61.47,61.47,61.47,61.47,61.47,61.47,61.47,61.47,61.47,61.47,61.47,61.47,61.47,61.47,61.47,61.47,61.47
Ocean Park,105.944726,20.9971629,61.41,61.41,61.41,61.41,61.41,61.41,61.41,61.41,61.41,61.41,61.41,61.41,61.41,61.41,61.41,61.41,61.41
Ocean Park,105.9451109,20.9971607,68.9,68.9,68.9,68.9,68.9,68.9,68.9,68.9,68.9,68.9,68.9,68.9,68.9,68.9,68.9,68.9,68.9
Ocean Park,105.9454957,20.9971586,61.71,61.71,61.71,61.71,61.71,61.71,61.71,61.71,61.71,61.71,61.71,61.71,61.71,61.71,61.71,61.71,61.71
Ocean Park,105.9458805,20.9971564,67.41,67.41,67.41,67.41,67.41,67.41,67.41,67.41,67.41,67.41,67.41,67.41,67.41,67.41,67.41,67.41,67.41
Ocean Park,105.9462653,20.9971543,63.55,63.55,63.55,63.55,63.55,63.55,63.55,63.55,63.55,63.55,63.55,63.55,63.55,63.55,63.55,63.55,63.55
Ocean Park,105.9466501,20.9971522,68.67,68.67,68.67,68.67,68.67,68.67,68.67,68.67,68.67,68.67,68.67,68.67,68.67,68.67,68.67,68.67,68.67
Ocean Park,105.947035,20.99715,61.99,61.99,61.99,61.99,61.99,61.99,61.99,61.99,61.99,61.99,61.99,61.99,61.99,61.99,61.99,61.99,61.99
Ocean Park,105.9474198,20.9971479,61.4,61.4,61.4,61.4,61.4,61.4,61.4,61.4,61.4,61.4,61.4,61.4,61.4,61.4,61.4,61.4,61.4
Ocean Park,105.9478046,20.9971457,69.02,69.02,69.02,69.02,69.02,69.02,69.02,69.02,69.02,69.02,69.02,69.02,69.02,69.02,69.02,69.02,69.02
Ocean Park,105.9481894,20.9971436,69.07,69.07,69.07,69.07,69.07,69.07,69.07,69.07,69.07,69.07,69.07,69.07,69.07,69.07,69.07,69.07,69.07
Ocean Park,105.9485742,20.9971415,63.77,63.77,63.77,63.77,63.77,63.77,63.77,63.77,63.77,63.77,63.77,63.77,63.77,63.77,63.77,63.77,63.77
Ocean Park,105.948959,20.9971393,69.31,69.31,69.31,69.31,69.31,69.31,69.31,69.31,69.31,69.31,69.31,69.31,69.31,69.31,69.31,69.31,69.31
Ocean Park,105.9493439,20.9971372,67.3,67.3,67.3,67.3,67.3,67.3,67.3,67.3,67.3,67.3,67.3,67.3,67.3,67.3,67.3,67.3,67.3
Ocean Park,105.9497287,20.997135,71.45,71.45,71.45,71.45,71.45,71.45,71.45,71.45,71.45,71.45,71.45,71.45,71.45,71.45,71.45,71.45,71.45
Ocean Park,105.9501135,20.9971329,70.33,70.33,70.33,70.33,70.33,70.33,70.33,70.33,70.33,70.33,70.33,70.33,70.33,70.33,70.33,70.33,70.33
Ocean Park,105.9504983,20.9971307,70.07,70.07,70.07,70.07,70.07,70.07,70.07,70.07,70.07,70.07,70.07,70.07,70.07,70.07,70.07,70.07,70.07
Ocean Park,105.9508831,20.9971286,64.78,64.78,64.78,64.78,64.78,64.78,64.78,64.78,64.78,64.78,64.78,64.78,64.78,64.78,64.78,64.78,64.78
Ocean Park,105.951268,20.9971264,69.2,69.2,69.2,69.2,69.2,69.2,69.2,69.2,69.2,69.2,69.2,69.2,69.2,69.2,69.2,69.2,69.2
Ocean Park,105.9516528,20.9971243,64.79,64.79,64.79,64.79,64.79,64.79,64.79,64.79,64.79,64.79,64.79,64.79,64.79,64.79,64.79,64.79,64.79
Ocean Park,105.9520376,20.9971221,66.49,66.49,66.49,66.49,66.49,66.49,66.49,66.49,66.49,66.49,66.49,66.49,66.49,66.49,66.49,66.49,66.49
Ocean Park,105.9524224,20.99712,69.0,69.0,69.0,69.0,69.0,69.0,69.0,69.0,69.0,69.0,69.0,69.0,69.0,69.0,69.0,69.0,69.0
Ocean Park,105.9528072,20.9971178,65.21,65.21,65.21,65.21,65.21,65.21,65.21,65.21,65.21,65.21,65.21,65.21,65.21,65.21,65.21,65.21,65.21
Ocean Park,105.9327989,20.99759,69.7,69.7,69.7,69.7,69.7,69.7,69.7,69.7,69.7,69.7,69.7,69.7,69.7,69.7,69.7,69.7,69.7
Ocean Park,105.9331837,20.9975879,67.63,67.63,67.63,67.63,67.63,67.63,67.63,67.63,67.63,67.63,67.63,67.63,67.63,67.63,67.63,67.63,67.63
Ocean Park,105.9335685,20.9975858,70.18,70.18,70.18,70.18,70.18,70.18,70.18,70.18,70.18,70.18,70.18,70.18,70.18,70.18,70.18,70.18,70.18
Ocean Park,105.9339533,20.9975837,70.15,70.15,70.15,70.15,70.15,70.15,70.15,70.15,70.15,70.15,70.15,70.15,70.15,70.15,70.15,70.15,70.15
Ocean Park,105.9343382,20.9975816,64.78,64.78,64.78,64.78,64.78,64.78,64.78,64.78,64.78,64.78,64.78,64.78,64.78,64.78,64.78,64.78,64.78
Ocean Park,105.934723,20.9975795,62.55,62.55,62.55,62.55,62.55,62.55,62.55,62.55,62.55,62.55,62.55,62.55,62.55,62.55,62.55,62.55,62.55
Ocean Park,105.9351078,20.9975773,61.48,61.48,61.48,61.48,61.48,61.48,61.48,61.48,61.48,61.48,61.48,61.48,61.48,61.48,61.48,61.48,61.48
Ocean Park,105.9354926,20.9975752,61.93,61.93,61.93,61.93,61.93,61.93,61.93,61.93,61.93,61.93,61.93,61.93,61.93,61.93,61.93,61.93,61.93
Ocean Park,105.9358774,20.9975731,65.28,65.28,65.28,65.28,65.28,65.28,65.28,65.28,65.28,65.28,65.28,65.28,65.28,65.28,65.28,65.28,65.28
Ocean Park,105.9362623,20.997571,67.95,67.95,67.95,67.95,67.95,67.95,67.95,67.95,67.95,67.95,67.95,67.95,67.95,67.95,67.95,67.95,67.95
Ocean Park,105.9366471,20.9975689,61.83,61.83,61.83,61.83,61.83,61.83,61.83,61.83,61.83,61.83,61.83,61.83,61.83,61.83,61.83,61.83,61.83
Ocean Park,105.9370319,20.9975668,59.86,59.86,59.86,59.86,59.86,59.86,59.86,59.86,59.86,59.86,59.86,59.86,59.86,59.86,59.86,59.86,59.86
Ocean Park,105.9374167,20.9975646,58.63,58.63,58.63,58.63,58.63,58.63,58.63,58.63,58.63,58.63,58.63,58.63,58.63,58.63,58.63,58.63,58.63
Ocean Park,105.9378015,20.9975625,57.72,57.72,57.72,57.72,57.72,57.72,57.72,57.72,57.72,57.72,57.72,57.72,57.72,57.72,57.72,57.72,57.72
Ocean Park,105.9381864,20.9975604,56.98,56.98,56.98,56.98,56.98,56.98,56.98,56.98,56.98,56.98,56.98,56.98,56.98,56.98,56.98,56.98,56.98
Ocean Park,105.9385712,20.9975583,56.37,56.37,56.37,56.37,56.37,56.37,56.37,56.37,56.37,56.37,56.37,56.37,56.37,56.37,56.37,56.37,56.37
Ocean Park,105.938956,20.9975562,55.88,55.88,55.88,55.88,55.88,55.88,55.88,55.88,55.88,55.88,55.88,55.88,55.88,55.88,55.88,55.88,55.88
Ocean Park,105.9393408,20.997554,55.93,55.93,55.93,55.93,55.93,55.93,55.93,55.93,55.93,55.93,55.93,55.93,55.93,55.93,55.93,55.93,55.93
Ocean Park,105.9397257,20.9975519,55.99,55.99,55.99,55.99,55.99,55.99,55.99,55.99,55.99,55.99,55.99,55.99,55.99,55.99,55.99,55.99,55.99
Ocean Park,105.9401105,20.9975498,56.66,56.66,56.66,56.66,56.66,56.66,56.66,56.66,56.66,56.66,56.66,56.66,56.66,56.66,56.66,56.66,56.66
Ocean Park,105.9404953,20.9975477,57.78,57.78,57.78,57.78,57.78,57.78,57.78,57.78,57.78,57.78,57.78,57.78,57.78,57.78,57.78,57.78,57.78
Ocean Park,105.9408801,20.9975455,59.75,59.75,59.75,59.75,59.75,59.75,59.75,59.75,59.75,59.75,59.75,59.75,59.75,59.75,59.75,59.75,59.75
Ocean Park,105.9412649,20.9975434,63.05,63.05,63.05,63.05,63.05,63.05,63.05,63.05,63.05,63.05,63.05,63.05,63.05,63.05,63.05,63.05,63.05
Ocean Park,105.9416498,20.9975413,68.51,68.51,68.51,68.51,68.51,68.51,68.51,68.51,68.51,68.51,68.51,68.51,68.51,68.51,68.51,68.51,68.51
Ocean Park,105.9420346,20.9975392,61.51,61.51,61.51,61.51,61.51,61.51,61.51,61.51,61.51,61.51,61.51,61.51,61.51,61.51,61.51,61.51,61.51
Ocean Park,105.9424194,20.997537,62.88,62.88,62.88,62.88,62.88,62.88,62.88,62.88,62.88,62.88,62.88,62.88,62.88,62.88,62.88,62.88,62.88
Ocean Park,105.9428042,20.9975349,68.87,68.87,68.87,68.87,68.87,68.87,68.87,68.87,68.87,68.87,68.87,68.87,68.87,68.87,68.87,68.87,68.87
Ocean Park,105.943189,20.9975328,62.02,62.02,62.02,62.02,62.02,62.02,62.02,62.02,62.02,62.02,62.02,62.02,62.02,62.02,62.02,62.02,62.02
Ocean Park,105.9435739,20.9975306,63.6,63.6,63.6,63.6,63.6,63.6,63.6,63.6,63.6,63.6,63.6,63.6,63.6,63.6,63.6,63.6,63.6
Ocean Park,105.9439587,20.9975285,63.64,63.64,63.64,63.64,63.64,63.64,63.64,63.64,63.64,63.64,63.64,63.64,63.64,63.64,63.64,63.64,63.64
Ocean Park,105.9443435,20.9975264,60.04,60.04,60.04,60.04,60.04,60.04,60.04,60.04,60.04,60.04,60.04,60.04,60.04,60.04,60.04,60.04,60.04
Ocean Park,105.9447283,20.9975242,61.67,61.67,61.67,61.67,61.67,61.67,61.67,61.67,61.67,61.67,61.67,61.67,61.67,61.67,61.67,61.67,61.67
Ocean Park,105.9451131,20.9975221,68.89,68.89,68.89,68.89,68.89,68.89,68.89,68.89,68.89,68.89,68.89,68.89,68.89,68.89,68.89,68.89,68.89
Ocean Park,105.945498,20.99752,60.39,60.39,60.39,60.39,60.39,60.39,60.39,60.39,60.39,60.39,60.39,60.39,60.39,60.39,60.39,60.39,60.39
Ocean Park,105.9458828,20.9975178,62.37,62.37,62.37,62.37,62.37,62.37,62.37,62.37,62.37,62.37,62.37,62.37,62.37,62.37,62.37,62.37,62.37
Ocean Park,105.9462676,20.9975157,68.92,68.92,68.92,68.92,68.92,68.92,68.92,68.92,68.92,68.92,68.92,68.92,68.92,68.92,68.92,68.92,68.92
Ocean Park,105.9466524,20.9975135,66.24,66.24,66.24,66.24,66.24,66.24,66.24,66.24,66.24,66.24,66.24,66.24,66.24,66.24,66.24,66.24,66.24
Ocean Park,105.9470372,20.9975114,68.94,68.94,68.94,68.94,68.94,68.94,68.94,68.94,68.94,68.94,68.94,68.94,68.94,68.94,68.94,68.94,68.94
Ocean Park,105.9474221,20.9975093,65.39,65.39,65.39,65.39,65.39,65.39,65.39,65.39,65.39,65.39,65.39,65.39,65.39,65.39,65.39,65.39,65.39
Ocean Park,105.9478069,20.9975071,68.98,68.98,68.98,68.98,68.98,68.98,68.98,68.98,68.98,68.98,68.98,68.98,68.98,68.98,68.98,68.98,68.98
Ocean Park,105.9481917,20.997505,63.51,63.51,63.51,63.51,63.51,63.51,63.51,63.51,63.51,63.51,63.51,63.51,63.51,63.51,63.51,63.51,63.51
Ocean Park,105.9485765,20.9975028,69.05,69.05,69.05,69.05,69.05,69.05,69.05,69.05,69.05,69.05,69.05,69.05,69.05,69.05,69.05,69.05,69.05
Ocean Park,105.9489613,20.9975007,63.93,63.93,63.93,63.93,63.93,63.93,63.93,63.93,63.93,63.93,63.93,63.93,63.93,63.93,63.93,63.93,63.93
Ocean Park,105.9493462,20.9974985,69.24,69.24,69.24,69.24,69.24,69.24,69.24,69.24,69.24,69.24,69.24,69.24,69.24,69.24,69.24,69.24,69.24
Ocean Park,105.949731,20.9974964,63.97,63.97,63.97,63.97,63.97,63.97,63.97,63.97,63.97,63.97,63.97,63.97,63.97,63.97,63.97,63.97,63.97
Ocean Park,105.9501158,20.9974943,66.92,66.92,66.92,66.92,66.92,66.92,66.92,66.92,66.92,66.92,66.92,66.92,66.92,66.92,66.92,66.92,66.92
Ocean Park,105.9505006,20.9974921,67.39,67.39,67.39,67.39,67.39,67.39,67.39,67.39,67.39,67.39,67.39,67.39,67.39,67.39,67.39,67.39,67.39
Ocean Park,105.9508854,20.99749,69.55,69.55,69.55,69.55,69.55,69.55,69.55,69.55,69.55,69.55,69.55,69.55,69.55,69.55,69.55,69.55,69.55
Ocean Park,105.9512702,20.9974878,65.71,65.71,65.71,65.71,65.71,65.71,65.71,65.71,65.71,65.71,65.71,65.71,65.71,65.71,65.71,65.71,65.71
Ocean Park,105.9516551,20.9974857,69.24,69.24,69.24,69.24,69.24,69.24,69.24,69.24,69.24,69.24,69.24,69.24,69.24,69.24,69.24,69.24,69.24
Ocean Park,105.9520399,20.9974835,63.34,63.34,63.34,63.34,63.34,63.34,63.34,63.34,63.34,63.34,63.34,63.34,63.34,63.34,63.34,63.34,63.34
Ocean Park,105.9524247,20.9974814,62.74,62.74,62.74,62.74,62.74,62.74,62.74,62.74,62.74,62.74,62.74,62.74,62.74,62.74,62.74,62.74,62.74
Ocean Park,105.9528095,20.9974792,69.03,69.03,69.03,69.03,69.03,69.03,69.03,69.03,69.03,69.03,69.03,69.03,69.03,69.03,69.03,69.03,69.03
Ocean Park,105.9328011,20.9979514,62.35,62.35,62.35,62.35,62.35,62.35,62.35,62.35,62.35,62.35,62.35,62.35,62.35,62.35,62.35,62.35,62.35
Ocean Park,105.9331859,20.9979493,63.13,63.13,63.13,63.13,63.13,63.13,63.13,63.13,63.13,63.13,63.13,63.13,63.13,63.13,63.13,63.13,63.13
Ocean Park,105.9335708,20.9979472,64.33,64.33,64.33,64.33,64.33,64.33,64.33,64.33,64.33,64.33,64.33,64.33,64.33,64.33,64.33,64.33,64.33
Ocean Park,105.9339556,20.9979451,66.56,66.56,66.56,66.56,66.56,66.56,66.56,66.56,66.56,66.56,66.56,66.56,66.56,66.56,66.56,66.56,66.56
Ocean Park,105.9343404,20.9979429,70.05,70.05,70.05,70.05,70.05,70.05,70.05,70.05,70.05,70.05,70.05,70.05,70.05,70.05,70.05,70.05,70.05
Ocean Park,105.9347252,20.9979408,69.99,69.99,69.99,69.99,69.99,69.99,69.99,69.99,69.99,69.99,69.99,69.99,69.99,69.99,69.99,69.99,69.99
Ocean Park,105.9351101,20.9979387,65.91,65.91,65.91,65.91,65.91,65.91,65.91,65.91,65.91,65.91,65.91,65.91,65.91,65.91,65.91,65.91,65.91
Ocean Park,105.9354949,20.9979366,65.33,65.33,65.33,65.33,65.33,65.33,65.33,65.33,65.33,65.33,65.33,65.33,65.33,65.33,65.33,65.33,65.33
Ocean Park,105.9358797,20.9979345,69.38,69.38,69.38,69.38,69.38,69.38,69.38,69.38,69.38,69.38,69.38,69.38,69.38,69.38,69.38,69.38,69.38
Ocean Park,105.9362645,20.9979324,62.86,62.86,62.86,62.86,62.86,62.86,62.86,62.86,62.86,62.86,62.86,62.86,62.86,62.86,62.86,62.86,62.86
Ocean Park,105.9366493,20.9979303,60.78,60.78,60.78,60.78,60.78,60.78,60.78,60.78,60.78,60.78,60.78,60.78,60.78,60.78,60.78,60.78,60.78
Ocean Park,105.9370342,20.9979281,59.46,59.46,59.46,59.46,59.46,59.46,59.46,59.46,59.46,59.46,59.46,59.46,59.46,59.46,59.46,59.46,59.46
Ocean Park,105.937419,20.997926,58.45,58.45,58.45,58.45,58.45,58.45,58.45,58.45,58.45,58.45,58.45,58.45,58.45,58.45,58.45,58.45,58.45
Ocean Park,105.9378038,20.9979239,57.64,57.64,57.64,57.64,57.64,57.64,57.64,57.64,57.64,57.64,57.64,57.64,57.64,57.64,57.64,57.64,57.64
Ocean Park,105.9381886,20.9979218,56.97,56.97,56.97,56.97,56.97,56.97,56.97,56.97,56.97,56.97,56.97,56.97,56.97,56.97,56.97,56.97,56.97
Ocean Park,105.9385734,20.9979197,56.38,56.38,56.38,56.38,56.38,56.38,56.38,56.38,56.38,56.38,56.38,56.38,56.38,56.38,56.38,56.38,56.38
Ocean Park,105.9389583,20.9979175,55.86,55.86,55.86,55.86,55.86,55.86,55.86,55.86,55.86,55.86,55.86,55.86,55.86,55.86,55.86,55.86,55.86
Ocean Park,105.9393431,20.9979154,55.78,55.78,55.78,55.78,55.78,55.78,55.78,55.78,55.78,55.78,55.78,55.78,55.78,55.78,55.78,55.78,55.78
Ocean Park,105.9397279,20.9979133,56.03,56.03,56.03,56.03,56.03,56.03,56.03,56.03,56.03,56.03,56.03,56.03,56.03,56.03,56.03,56.03,56.03
Ocean Park,105.9401127,20.9979112,56.48,56.48,56.48,56.48,56.48,56.48,56.48,56.48,56.48,56.48,56.48,56.48,56.48,56.48,56.48,56.48,56.48
Ocean Park,105.9404976,20.997909,57.17,57.17,57.17,57.17,57.17,57.17,57.17,57.17,57.17,57.17,57.17,57.17,57.17,57.17,57.17,57.17,57.17
Ocean Park,105.9408824,20.9979069,58.06,58.06,58.06,58.06,58.06,58.06,58.06,58.06,58.06,58.06,58.06,58.06,58.06,58.06,58.06,58.06,58.06
Ocean Park,105.9412672,20.9979048,59.44,59.44,59.44,59.44,59.44,59.44,59.44,59.44,59.44,59.44,59.44,59.44,59.44,59.44,59.44,59.44,59.44
Ocean Park,105.941652,20.9979027,61.9,61.9,61.9,61.9,61.9,61.9,61.9,61.9,61.9,61.9,61.9,61.9,61.9,61.9,61.9,61.9,61.9
Ocean Park,105.9420368,20.9979005,68.87,68.87,68.87,68.87,68.87,68.87,68.87,68.87,68.87,68.87,68.87,68.87,68.87,68.87,68.87,68.87,68.87
Ocean Park,105.9424217,20.9978984,63.48,63.48,63.48,63.48,63.48,63.48,63.48,63.48,63.48,63.48,63.48,63.48,63.48,63.48,63.48,63.48,63.48
Ocean Park,105.9428065,20.9978963,65.94,65.94,65.94,65.94,65.94,65.94,65.94,65.94,65.94,65.94,65.94,65.94,65.94,65.94,65.94,65.94,65.94
Ocean Park,105.9431913,20.9978941,67.43,67.43,67.43,67.43,67.43,67.43,67.43,67.43,67.43,67.43,67.43,67.43,67.43,67.43,67.43,67.43,67.43
Ocean Park,105.9435761,20.997892,63.89,63.89,63.89,63.89,63.89,63.89,63.89,63.89,63.89,63.89,63.89,63.89,63.89,63.89,63.89,63.89,63.89
Ocean Park,105.9439609,20.9978899,64.86,64.86,64.86,64.86,64.86,64.86,64.86,64.86,64.86,64.86,64.86,64.86,64.86,64.86,64.86,64.86,64.86
Ocean Park,105.9443458,20.9978877,65.46,65.46,65.46,65.46,65.46,65.46,65.46,65.46,65.46,65.46,65.46,65.46,65.46,65.46,65.46,65.46,65.46
Ocean Park,105.9447306,20.9978856,65.62,65.62,65.62,65.62,65.62,65.62,65.62,65.62,65.62,65.62,65.62,65.62,65.62,65.62,65.62,65.62,65.62
Ocean Park,105.9451154,20.9978835,64.71,64.71,64.71,64.71,64.71,64.71,64.71,64.71,64.71,64.71,64.71,64.71,64.71,64.71,64.71,64.71,64.71
Ocean Park,105.9455002,20.9978813,61.12,61.12,61.12,61.12,61.12,61.12,61.12,61.12,61.12,61.12,61.12,61.12,61.12,61.12,61.12,61.12,61.12
Ocean Park,105.9458851,20.9978792,68.9,68.9,68.9,68.9,68.9,68.9,68.9,68.9,68.9,68.9,68.9,68.9,68.9,68.9,68.9,68.9,68.9
Ocean Park,105.9462699,20.9978771,63.66,63.66,63.66,63.66,63.66,63.66,63.66,63.66,63.66,63.66,63.66,63.66,63.66,63.66,63.66,63.66,63.66
Ocean Park,105.9466547,20.9978749,64.51,64.51,64.51,64.51,64.51,64.51,64.51,64.51,64.51,64.51,64.51,64.51,64.51,64.51,64.51,64.51,64.51
Ocean Park,105.9470395,20.9978728,63.3,63.3,63.3,63.3,63.3,63.3,63.3,63.3,63.3,63.3,63.3,63.3,63.3,63.3,63.3,63.3,63.3
Ocean Park,105.9474243,20.9978706,65.88,65.88,65.88,65.88,65.88,65.88,65.88,65.88,65.88,65.88,65.88,65.88,65.88,65.88,65.88,65.88,65.88
Ocean Park,105.9478092,20.9978685,64.88,64.88,64.88,64.88,64.88,64.88,64.88,64.88,64.88,64.88,64.88,64.88,64.88,64.88,64.88,64.88,64.88
Ocean Park,105.948194,20.9978664,65.49,65.49,65.49,65.49,65.49,65.49,65.49,65.49,65.49,65.49,65.49,65.49,65.49,65.49,65.49,65.49,65.49
Ocean Park,105.9485788,20.9978642,65.31,65.31,65.31,65.31,65.31,65.31,65.31,65.31,65.31,65.31,65.31,65.31,65.31,65.31,65.31,65.31,65.31
Ocean Park,105.9489636,20.9978621,67.65,67.65,67.65,67.65,67.65,67.65,67.65,67.65,67.65,67.65,67.65,67.65,67.65,67.65,67.65,67.65,67.65
Ocean Park,105.9493484,20.9978599,63.08,63.08,63.08,63.08,63.08,63.08,63.08,63.08,63.08,63.08,63.08,63.08,63.08,63.08,63.08,63.08,63.08
Ocean Park,105.9497333,20.9978578,61.37,61.37,61.37,61.37,61.37,61.37,61.37,61.37,61.37,61.37,61.37,61.37,61.37,61.37,61.37,61.37,61.37
Ocean Park,105.9501181,20.9978556,62.09,62.09,62.09,62.09,62.09,62.09,62.09,62.09,62.09,62.09,62.09,62.09,62.09,62.09,62.09,62.09,62.09
Ocean Park,105.9505029,20.9978535,65.16,65.16,65.16,65.16,65.16,65.16,65.16,65.16,65.16,65.16,65.16,65.16,65.16,65.16,65.16,65.16,65.16
Ocean Park,105.9508877,20.9978513,70.29,70.29,70.29,70.29,70.29,70.29,70.29,70.29,70.29,70.29,70.29,70.29,70.29,70.29,70.29,70.29,70.29
Ocean Park,105.9512725,20.9978492,70.98,70.98,70.98,70.98,70.98,70.98,70.98,70.98,70.98,70.98,70.98,70.98,70.98,70.98,70.98,70.98,70.98
Ocean Park,105.9516574,20.997847,67.93,67.93,67.93,67.93,67.93,67.93,67.93,67.93,67.93,67.93,67.93,67.93,67.93,67.93,67.93,67.93,67.93
Ocean Park,105.9520422,20.9978449,67.64,67.64,67.64,67.64,67.64,67.64,67.64,67.64,67.64,67.64,67.64,67.64,67.64,67.64,67.64,67.64,67.64
Ocean Park,105.952427,20.9978427,64.78,64.78,64.78,64.78,64.78,64.78,64.78,64.78,64.78,64.78,64.78,64.78,64.78,64.78,64.78,64.78,64.78
Ocean Park,105.9528118,20.9978406,63.93,63.93,63.93,63.93,63.93,63.93,63.93,63.93,63.93,63.93,63.93,63.93,63.93,63.93,63.93,63.93,63.93
Ocean Park,105.9328034,20.9983128,59.75,59.75,59.75,59.75,59.75,59.75,59.75,59.75,59.75,59.75,59.75,59.75,59.75,59.75,59.75,59.75,59.75
Ocean Park,105.9331882,20.9983107,60.2,60.2,60.2,60.2,60.2,60.2,60.2,60.2,60.2,60.2,60.2,60.2,60.2,60.2,60.2,60.2,60.2
Ocean Park,105.933573,20.9983085,60.77,60.77,60.77,60.77,60.77,60.77,60.77,60.77,60.77,60.77,60.77,60.77,60.77,60.77,60.77,60.77,60.77
Ocean Park,105.9339578,20.9983064,61.54,61.54,61.54,61.54,61.54,61.54,61.54,61.54,61.54,61.54,61.54,61.54,61.54,61.54,61.54,61.54,61.54
Ocean Park,105.9343427,20.9983043,62.44,62.44,62.44,62.44,62.44,62.44,62.44,62.44,62.44,62.44,62.44,62.44,62.44,62.44,62.44,62.44,62.44
Ocean Park,105.9347275,20.9983022,64.51,64.51,64.51,64.51,64.51,64.51,64.51,64.51,64.51,64.51,64.51,64.51,64.51,64.51,64.51,64.51,64.51
Ocean Park,105.9351123,20.9983001,69.69,69.69,69.69,69.69,69.69,69.69,69.69,69.69,69.69,69.69,69.69,69.69,69.69,69.69,69.69,69.69,69.69
Ocean Park,105.9354971,20.998298,71.42,71.42,71.42,71.42,71.42,71.42,71.42,71.42,71.42,71.42,71.42,71.42,71.42,71.42,71.42,71.42,71.42
Ocean Park,105.9358819,20.9982959,69.03,69.03,69.03,69.03,69.03,69.03,69.03,69.03,69.03,69.03,69.03,69.03,69.03,69.03,69.03,69.03,69.03
Ocean Park,105.9362668,20.9982938,64.02,64.02,64.02,64.02,64.02,64.02,64.02,64.02,64.02,64.02,64.02,64.02,64.02,64.02,64.02,64.02,64.02
Ocean Park,105.9366516,20.9982916,61.58,61.58,61.58,61.58,61.58,61.58,61.58,61.58,61.58,61.58,61.58,61.58,61.58,61.58,61.58,61.58,61.58
Ocean Park,105.9370364,20.9982895,59.98,59.98,59.98,59.98,59.98,59.98,59.98,59.98,59.98,59.98,59.98,59.98,59.98,59.98,59.98,59.98,59.98
Ocean Park,105.9374212,20.9982874,58.85,58.85,58.85,58.85,58.85,58.85,58.85,58.85,58.85,58.85,58.85,58.85,58.85,58.85,58.85,58.85,58.85
Ocean Park,105.9378061,20.9982853,57.96,57.96,57.96,57.96,57.96,57.96,57.96,57.96,57.96,57.96,57.96,57.96,57.96,57.96,57.96,57.96,57.96
Ocean Park,105.9381909,20.9982832,57.23,57.23,57.23,57.23,57.23,57.23,57.23,57.23,57.23,57.23,57.23,57.23,57.23,57.23,57.23,57.23,57.23
Ocean Park,105.9385757,20.998281,56.61,56.61,56.61,56.61,56.61,56.61,56.61,56.61,56.61,56.61,56.61,56.61,56.61,56.61,56.61,56.61,56.61
Ocean Park,105.9389605,20.9982789,56.14,56.14,56.14,56.14,56.14,56.14,56.14,56.14,56.14,56.14,56.14,56.14,56.14,56.14,56.14,56.14,56.14
Ocean Park,105.9393454,20.9982768,56.06,56.06,56.06,56.06,56.06,56.06,56.06,56.06,56.06,56.06,56.06,56.06,56.06,56.06,56.06,56.06,56.06
Ocean Park,105.9397302,20.9982747,56.11,56.11,56.11,56.11,56.11,56.11,56.11,56.11,56.11,56.11,56.11,56.11,56.11,56.11,56.11,56.11,56.11
Ocean Park,105.940115,20.9982726,56.3,56.3,56.3,56.3,56.3,56.3,56.3,56.3,56.3,56.3,56.3,56.3,56.3,56.3,56.3,56.3,56.3
Ocean Park,105.9404998,20.9982704,56.66,56.66,56.66,56.66,56.66,56.66,56.66,56.66,56.66,56.66,56.66,56.66,56.66,56.66,56.66,56.66,56.66
Ocean Park,105.9408846,20.9982683,57.26,57.26,57.26,57.26,57.26,57.26,57.26,57.26,57.26,57.26,57.26,57.26,57.26,57.26,57.26,57.26,57.26
Ocean Park,105.9412695,20.9982662,58.22,58.22,58.22,58.22,58.22,58.22,58.22,58.22,58.22,58.22,58.22,58.22,58.22,58.22,58.22,58.22,58.22
Ocean Park,105.9416543,20.998264,59.89,59.89,59.89,59.89,59.89,59.89,59.89,59.89,59.89,59.89,59.89,59.89,59.89,59.89,59.89,59.89,59.89
Ocean Park,105.9420391,20.9982619,63.66,63.66,63.66,63.66,63.66,63.66,63.66,63.66,63.66,63.66,63.66,63.66,63.66,63.66,63.66,63.66,63.66
Ocean Park,105.9424239,20.9982598,65.67,65.67,65.67,65.67,65.67,65.67,65.67,65.67,65.67,65.67,65.67,65.67,65.67,65.67,65.67,65.67,65.67
Ocean Park,105.9428088,20.9982577,60.43,60.43,60.43,60.43,60.43,60.43,60.43,60.43,60.43,60.43,60.43,60.43,60.43,60.43,60.43,60.43,60.43
Ocean Park,105.9431936,20.9982555,60.86,60.86,60.86,60.86,60.86,60.86,60.86,60.86,60.86,60.86,60.86,60.86,60.86,60.86,60.86,60.86,60.86
Ocean Park,105.9435784,20.9982534,68.87,68.87,68.87,68.87,68.87,68.87,68.87,68.87,68.87,68.87,68.87,68.87,68.87,68.87,68.87,68.87,68.87
Ocean Park,105.9439632,20.9982513,68.87,68.87,68.87,68.87,68.87,68.87,68.87,68.87,68.87,68.87,68.87,68.87,68.87,68.87,68.87,68.87,68.87
Ocean Park,105.944348,20.9982491,63.25,63.25,63.25,63.25,63.25,63.25,63.25,63.25,63.25,63.25,63.25,63.25,63.25,63.25,63.25,63.25,63.25
Ocean Park,105.9447329,20.998247,68.87,68.87,68.87,68.87,68.87,68.87,68.87,68.87,68.87,68.87,68.87,68.87,68.87,68.87,68.87,68.87,68.87
Ocean Park,105.9451177,20.9982449,60.81,60.81,60.81,60.81,60.81,60.81,60.81,60.81,60.81,60.81,60.81,60.81,60.81,60.81,60.81,60.81,60.81
Ocean Park,105.9455025,20.9982427,66.24,66.24,66.24,66.24,66.24,66.24,66.24,66.24,66.24,66.24,66.24,66.24,66.24,66.24,66.24,66.24,66.24
Ocean Park,105.9458873,20.9982406,66.35,66.35,66.35,66.35,66.35,66.35,66.35,66.35,66.35,66.35,66.35,66.35,66.35,66.35,66.35,66.35,66.35
Ocean Park,105.9462721,20.9982384,67.86,67.86,67.86,67.86,67.86,67.86,67.86,67.86,67.86,67.86,67.86,67.86,67.86,67.86,67.86,67.86,67.86
Ocean Park,105.946657,20.9982363,61.87,61.87,61.87,61.87,61.87,61.87,61.87,61.87,61.87,61.87,61.87,61.87,61.87,61.87,61.87,61.87,61.87
Ocean Park,105.9470418,20.9982342,68.91,68.91,68.91,68.91,68.91,68.91,68.91,68.91,68.91,68.91,68.91,68.91,68.91,68.91,68.91,68.91,68.91
Ocean Park,105.9474266,20.998232,67.92,67.92,67.92,67.92,67.92,67.92,67.92,67.92,67.92,67.92,67.92,67.92,67.92,67.92,67.92,67.92,67.92
Ocean Park,105.9478114,20.9982299,63.53,63.53,63.53,63.53,63.53,63.53,63.53,63.53,63.53,63.53,63.53,63.53,63.53,63.53,63.53,63.53,63.53
Ocean Park,105.9481963,20.9982277,68.74,68.74,68.74,68.74,68.74,68.74,68.74,68.74,68.74,68.74,68.74,68.74,68.74,68.74,68.74,68.74,68.74
Ocean Park,105.9485811,20.9982256,64.4,64.4,64.4,64.4,64.4,64.4,64.4,64.4,64.4,64.4,64.4,64.4,64.4,64.4,64.4,64.4,64.4
Ocean Park,105.9489659,20.9982234,64.13,64.13,64.13,64.13,64.13,64.13,64.13,64.13,64.13,64.13,64.13,64.13,64.13,64.13,64.13,64.13,64.13
Ocean Park,105.9493507,20.9982213,60.66,60.66,60.66,60.66,60.66,60.66,60.66,60.66,60.66,60.66,60.66,60.66,60.66,60.66,60.66,60.66,60.66
Ocean Park,105.9497355,20.9982192,60.34,60.34,60.34,60.34,60.34,60.34,60.34,60.34,60.34,60.34,60.34,60.34,60.34,60.34,60.34,60.34,60.34
Ocean Park,105.9501204,20.998217,61.86,61.86,61.86,61.86,61.86,61.86,61.86,61.86,61.86,61.86,61.86,61.86,61.86,61.86,61.86,61.86,61.86
Ocean Park,105.9505052,20.9982149,64.38,64.38,64.38,64.38,64.38,64.38,64.38,64.38,64.38,64.38,64.38,64.38,64.38,64.38,64.38,64.38,64.38
Ocean Park,105.95089,20.9982127,69.69,69.69,69.69,69.69,69.69,69.69,69.69,69.69,69.69,69.69,69.69,69.69,69.69,69.69,69.69,69.69,69.69
Ocean Park,105.9512748,20.9982106,70.54,70.54,70.54,70.54,70.54,70.54,70.54,70.54,70.54,70.54,70.54,70.54,70.54,70.54,70.54,70.54,70.54
Ocean Park,105.9516596,20.9982084,70.56,70.56,70.56,70.56,70.56,70.56,70.56,70.56,70.56,70.56,70.56,70.56,70.56,70.56,70.56,70.56,70.56
Ocean Park,105.9520445,20.9982063,69.99,69.99,69.99,69.99,69.99,69.99,69.99,69.99,69.99,69.99,69.99,69.99,69.99,69.99,69.99,69.99,69.99
Ocean Park,105.9524293,20.9982041,66.22,66.22,66.22,66.22,66.22,66.22,66.22,66.22,66.22,66.22,66.22,66.22,66.22,66.22,66.22,66.22,66.22
Ocean Park,105.9528141,20.998202,69.27,69.27,69.27,69.27,69.27,69.27,69.27,69.27,69.27,69.27,69.27,69.27,69.27,69.27,69.27,69.27,69.27
Ocean Park,105.9328056,20.9986741,58.42,58.42,58.42,58.42,58.42,58.42,58.42,58.42,58.42,58.42,58.42,58.42,58.42,58.42,58.42,58.42,58.42
Ocean Park,105.9331904,20.998672,58.54,58.54,58.54,58.54,58.54,58.54,58.54,58.54,58.54,58.54,58.54,58.54,58.54,58.54,58.54,58.54,58.54
Ocean Park,105.9335753,20.9986699,58.91,58.91,58.91,58.91,58.91,58.91,58.91,58.91,58.91,58.91,58.91,58.91,58.91,58.91,58.91,58.91,58.91
Ocean Park,105.9339601,20.9986678,59.76,59.76,59.76,59.76,59.76,59.76,59.76,59.76,59.76,59.76,59.76,59.76,59.76,59.76,59.76,59.76,59.76
Ocean Park,105.9343449,20.9986657,60.96,60.96,60.96,60.96,60.96,60.96,60.96,60.96,60.96,60.96,60.96,60.96,60.96,60.96,60.96,60.96,60.96
Ocean Park,105.9347297,20.9986636,62.64,62.64,62.64,62.64,62.64,62.64,62.64,62.64,62.64,62.64,62.64,62.64,62.64,62.64,62.64,62.64,62.64
Ocean Park,105.9351146,20.9986615,63.03,63.03,63.03,63.03,63.03,63.03,63.03,63.03,63.03,63.03,63.03,63.03,63.03,63.03,63.03,63.03,63.03
Ocean Park,105.9354994,20.9986594,64.79,64.79,64.79,64.79,64.79,64.79,64.79,64.79,64.79,64.79,64.79,64.79,64.79,64.79,64.79,64.79,64.79
Ocean Park,105.9358842,20.9986572,67.33,67.33,67.33,67.33,67.33,67.33,67.33,67.33,67.33,67.33,67.33,67.33,67.33,67.33,67.33,67.33,67.33
Ocean Park,105.936269,20.9986551,67.89,67.89,67.89,67.89,67.89,67.89,67.89,67.89,67.89,67.89,67.89,67.89,67.89,67.89,67.89,67.89,67.89
Ocean Park,105.9366538,20.998653,65.58,65.58,65.58,65.58,65.58,65.58,65.58,65.58,65.58,65.58,65.58,65.58,65.58,65.58,65.58,65.58,65.58
Ocean Park,105.9370387,20.9986509,61.82,61.82,61.82,61.82,61.82,61.82,61.82,61.82,61.82,61.82,61.82,61.82,61.82,61.82,61.82,61.82,61.82
Ocean Park,105.9374235,20.9986488,59.98,59.98,59.98,59.98,59.98,59.98,59.98,59.98,59.98,59.98,59.98,59.98,59.98,59.98,59.98,59.98,59.98
Ocean Park,105.9378083,20.9986467,58.76,58.76,58.76,58.76,58.76,58.76,58.76,58.76,58.76,58.76,58.76,58.76,58.76,58.76,58.76,58.76,58.76
Ocean Park,105.9381931,20.9986445,57.83,57.83,57.83,57.83,57.83,57.83,57.83,57.83,57.83,57.83,57.83,57.83,57.83,57.83,57.83,57.83,57.83
Ocean Park,105.938578,20.9986424,57.16,57.16,57.16,57.16,57.16,57.16,57.16,57.16,57.16,57.16,57.16,57.16,57.16,57.16,57.16,57.16,57.16
Ocean Park,105.9389628,20.9986403,56.86,56.86,56.86,56.86,56.86,56.86,56.86,56.86,56.86,56.86,56.86,56.86,56.86,56.86,56.86,56.86,56.86
Ocean Park,105.9393476,20.9986382,56.74,56.74,56.74,56.74,56.74,56.74,56.74,56.74,56.74,56.74,56.74,56.74,56.74,56.74,56.74,56.74,56.74
Ocean Park,105.9397324,20.9986361,56.79,56.79,56.79,56.79,56.79,56.79,56.79,56.79,56.79,56.79,56.79,56.79,56.79,56.79,56.79,56.79,56.79
Ocean Park,105.9401173,20.9986339,57.04,57.04,57.04,57.04,57.04,57.04,57.04,57.04,57.04,57.04,57.04,57.04,57.04,57.04,57.04,57.04,57.04
Ocean Park,105.9405021,20.9986318,57.54,57.54,57.54,57.54,57.54,57.54,57.54,57.54,57.54,57.54,57.54,57.54,57.54,57.54,57.54,57.54,57.54
Ocean Park,105.9408869,20.9986297,58.43,58.43,58.43,58.43,58.43,58.43,58.43,58.43,58.43,58.43,58.43,58.43,58.43,58.43,58.43,58.43,58.43
Ocean Park,105.9412717,20.9986275,60.03,60.03,60.03,60.03,60.03,60.03,60.03,60.03,60.03,60.03,60.03,60.03,60.03,60.03,60.03,60.03,60.03
Ocean Park,105.9416566,20.9986254,63.81,63.81,63.81,63.81,63.81,63.81,63.81,63.81,63.81,63.81,63.81,63.81,63.81,63.81,63.81,63.81,63.81
Ocean Park,105.9420414,20.9986233,65.47,65.47,65.47,65.47,65.47,65.47,65.47,65.47,65.47,65.47,65.47,65.47,65.47,65.47,65.47,65.47,65.47
Ocean Park,105.9424262,20.9986212,60.43,60.43,60.43,60.43,60.43,60.43,60.43,60.43,60.43,60.43,60.43,60.43,60.43,60.43,60.43,60.43,60.43
Ocean Park,105.942811,20.998619,60.67,60.67,60.67,60.67,60.67,60.67,60.67,60.67,60.67,60.67,60.67,60.67,60.67,60.67,60.67,60.67,60.67
Ocean Park,105.9431958,20.9986169,67.28,67.28,67.28,67.28,67.28,67.28,67.28,67.28,67.28,67.28,67.28,67.28,67.28,67.28,67.28,67.28,67.28
Ocean Park,105.9435807,20.9986148,63.26,63.26,63.26,63.26,63.26,63.26,63.26,63.26,63.26,63.26,63.26,63.26,63.26,63.26,63.26,63.26,63.26
Ocean Park,105.9439655,20.9986126,66.33,66.33,66.33,66.33,66.33,66.33,66.33,66.33,66.33,66.33,66.33,66.33,66.33,66.33,66.33,66.33,66.33
Ocean Park,105.9443503,20.9986105,68.87,68.87,68.87,68.87,68.87,68.87,68.87,68.87,68.87,68.87,68.87,68.87,68.87,68.87,68.87,68.87,68.87
Ocean Park,105.9447351,20.9986084,61.81,61.81,61.81,61.81,61.81,61.81,61.81,61.81,61.81,61.81,61.81,61.81,61.81,61.81,61.81,61.81,61.81
Ocean Park,105.94512,20.9986062,63.65,63.65,63.65,63.65,63.65,63.65,63.65,63.65,63.65,63.65,63.65,63.65,63.65,63.65,63.65,63.65,63.65
Ocean Park,105.9455048,20.9986041,68.88,68.88,68.88,68.88,68.88,68.88,68.88,68.88,68.88,68.88,68.88,68.88,68.88,68.88,68.88,68.88,68.88
Ocean Park,105.9458896,20.998602,62.49,62.49,62.49,62.49,62.49,62.49,62.49,62.49,62.49,62.49,62.49,62.49,62.49,62.49,62.49,62.49,62.49
Ocean Park,105.9462744,20.9985998,68.89,68.89,68.89,68.89,68.89,68.89,68.89,68.89,68.89,68.89,68.89,68.89,68.89,68.89,68.89,68.89,68.89
Ocean Park,105.9466592,20.9985977,68.89,68.89,68.89,68.89,68.89,68.89,68.89,68.89,68.89,68.89,68.89,68.89,68.89,68.89,68.89,68.89,68.89
Ocean Park,105.9470441,20.9985955,68.9,68.9,68.9,68.9,68.9,68.9,68.9,68.9,68.9,68.9,68.9,68.9,68.9,68.9,68.9,68.9,68.9
Ocean Park,105.9474289,20.9985934,62.57,62.57,62.57,62.57,62.57,62.57,62.57,62.57,62.57,62.57,62.57,62.57,62.57,62.57,62.57,62.57,62.57
Ocean Park,105.9478137,20.9985913,68.92,68.92,68.92,68.92,68.92,68.92,68.92,68.92,68.92,68.92,68.92,68.92,68.92,68.92,68.92,68.92,68.92
Ocean Park,105.9481985,20.9985891,62.89,62.89,62.89,62.89,62.89,62.89,62.89,62.89,62.89,62.89,62.89,62.89,62.89,62.89,62.89,62.89,62.89
Ocean Park,105.9485834,20.998587,66.7,66.7,66.7,66.7,66.7,66.7,66.7,66.7,66.7,66.7,66.7,66.7,66.7,66.7,66.7,66.7,66.7
Ocean Park,105.9489682,20.9985848,60.8,60.8,60.8,60.8,60.8,60.8,60.8,60.8,60.8,60.8,60.8,60.8,60.8,60.8,60.8,60.8,60.8
Ocean Park,105.949353,20.9985827,60.04,60.04,60.04,60.04,60.04,60.04,60.04,60.04,60.04,60.04,60.04,60.04,60.04,60.04,60.04,60.04,60.04
Ocean Park,105.9497378,20.9985805,62.13,62.13,62.13,62.13,62.13,62.13,62.13,62.13,62.13,62.13,62.13,62.13,62.13,62.13,62.13,62.13,62.13
Ocean Park,105.9501226,20.9985784,67.04,67.04,67.04,67.04,67.04,67.04,67.04,67.04,67.04,67.04,67.04,67.04,67.04,67.04,67.04,67.04,67.04
Ocean Park,105.9505075,20.9985762,65.43,65.43,65.43,65.43,65.43,65.43,65.43,65.43,65.43,65.43,65.43,65.43,65.43,65.43,65.43,65.43,65.43
Ocean Park,105.9508923,20.9985741,63.21,63.21,63.21,63.21,63.21,63.21,63.21,63.21,63.21,63.21,63.21,63.21,63.21,63.21,63.21,63.21,63.21
Ocean Park,105.9512771,20.9985719,69.5,69.5,69.5,69.5,69.5,69.5,69.5,69.5,69.5,69.5,69.5,69.5,69.5,69.5,69.5,69.5,69.5
Ocean Park,105.9516619,20.9985698,67.6,67.6,67.6,67.6,67.6,67.6,67.6,67.6,67.6,67.6,67.6,67.6,67.6,67.6,67.6,67.6,67.6
Ocean Park,105.9520468,20.9985676,68.05,68.05,68.05,68.05,68.05,68.05,68.05,68.05,68.05,68.05,68.05,68.05,68.05,68.05,68.05,68.05,68.05
Ocean Park,105.9524316,20.9985655,72.34,72.34,72.34,72.34,72.34,72.34,72.34,72.34,72.34,72.34,72.34,72.34,72.34,72.34,72.34,72.34,72.34
Ocean Park,105.9528164,20.9985633,65.7,65.7,65.7,65.7,65.7,65.7,65.7,65.7,65.7,65.7,65.7,65.7,65.7,65.7,65.7,65.7,65.7
Ocean Park,105.9328079,20.9990355,57.7,57.7,57.7,57.7,57.7,57.7,57.7,57.7,57.7,57.7,57.7,57.7,57.7,57.7,57.7,57.7,57.7
Ocean Park,105.9331927,20.9990334,57.88,57.88,57.88,57.88,57.88,57.88,57.88,57.88,57.88,57.88,57.88,57.88,57.88,57.88,57.88,57.88,57.88
Ocean Park,105.9335775,20.9990313,58.61,58.61,58.61,58.61,58.61,58.61,58.61,58.61,58.61,58.61,58.61,58.61,58.61,58.61,58.61,58.61,58.61
Ocean Park,105.9339623,20.9990292,59.72,59.72,59.72,59.72,59.72,59.72,59.72,59.72,59.72,59.72,59.72,59.72,59.72,59.72,59.72,59.72,59.72
Ocean Park,105.9343472,20.9990271,61.55,61.55,61.55,61.55,61.55,61.55,61.55,61.55,61.55,61.55,61.55,61.55,61.55,61.55,61.55,61.55,61.55
Ocean Park,105.934732,20.999025,67.26,67.26,67.26,67.26,67.26,67.26,67.26,67.26,67.26,67.26,67.26,67.26,67.26,67.26,67.26,67.26,67.26
Ocean Park,105.9351168,20.9990229,63.21,63.21,63.21,63.21,63.21,63.21,63.21,63.21,63.21,63.21,63.21,63.21,63.21,63.21,63.21,63.21,63.21
Ocean Park,105.9355016,20.9990207,61.23,61.23,61.23,61.23,61.23,61.23,61.23,61.23,61.23,61.23,61.23,61.23,61.23,61.23,61.23,61.23,61.23
Ocean Park,105.9358865,20.9990186,61.85,61.85,61.85,61.85,61.85,61.85,61.85,61.85,61.85,61.85,61.85,61.85,61.85,61.85,61.85,61.85,61.85
Ocean Park,105.9362713,20.9990165,63.83,63.83,63.83,63.83,63.83,63.83,63.83,63.83,63.83,63.83,63.83,63.83,63.83,63.83,63.83,63.83,63.83
Ocean Park,105.9366561,20.9990144,69.93,69.93,69.93,69.93,69.93,69.93,69.93,69.93,69.93,69.93,69.93,69.93,69.93,69.93,69.93,69.93,69.93
Ocean Park,105.9370409,20.9990123,69.59,69.59,69.59,69.59,69.59,69.59,69.59,69.59,69.59,69.59,69.59,69.59,69.59,69.59,69.59,69.59,69.59
Ocean Park,105.9374258,20.9990102,62.68,62.68,62.68,62.68,62.68,62.68,62.68,62.68,62.68,62.68,62.68,62.68,62.68,62.68,62.68,62.68,62.68
Ocean Park,105.9378106,20.999008,60.34,60.34,60.34,60.34,60.34,60.34,60.34,60.34,60.34,60.34,60.34,60.34,60.34,60.34,60.34,60.34,60.34
Ocean Park,105.9381954,20.9990059,58.97,58.97,58.97,58.97,58.97,58.97,58.97,58.97,58.97,58.97,58.97,58.97,58.97,58.97,58.97,58.97,58.97
Ocean Park,105.9385802,20.9990038,58.19,58.19,58.19,58.19,58.19,58.19,58.19,58.19,58.19,58.19,58.19,58.19,58.19,58.19,58.19,58.19,58.19
Ocean Park,105.9389651,20.9990017,57.74,57.74,57.74,57.74,57.74,57.74,57.74,57.74,57.74,57.74,57.74,57.74,57.74,57.74,57.74,57.74,57.74
Ocean Park,105.9393499,20.9989996,57.54,57.54,57.54,57.54,57.54,57.54,57.54,57.54,57.54,57.54,57.54,57.54,57.54,57.54,57.54,57.54,57.54
Ocean Park,105.9397347,20.9989974,57.59,57.59,57.59,57.59,57.59,57.59,57.59,57.59,57.59,57.59,57.59,57.59,57.59,57.59,57.59,57.59,57.59
Ocean Park,105.9401195,20.9989953,57.94,57.94,57.94,57.94,57.94,57.94,57.94,57.94,57.94,57.94,57.94,57.94,57.94,57.94,57.94,57.94,57.94
Ocean Park,105.9405043,20.9989932,58.69,58.69,58.69,58.69,58.69,58.69,58.69,58.69,58.69,58.69,58.69,58.69,58.69,58.69,58.69,58.69,58.69
Ocean Park,105.9408892,20.9989911,60.22,60.22,60.22,60.22,60.22,60.22,60.22,60.22,60.22,60.22,60.22,60.22,60.22,60.22,60.22,60.22,60.22
Ocean Park,105.941274,20.9989889,63.95,63.95,63.95,63.95,63.95,63.95,63.95,63.95,63.95,63.95,63.95,63.95,63.95,63.95,63.95,63.95,63.95
Ocean Park,105.9416588,20.9989868,65.38,65.38,65.38,65.38,65.38,65.38,65.38,65.38,65.38,65.38,65.38,65.38,65.38,65.38,65.38,65.38,65.38
Ocean Park,105.9420436,20.9989847,60.48,60.48,60.48,60.48,60.48,60.48,60.48,60.48,60.48,60.48,60.48,60.48,60.48,60.48,60.48,60.48,60.48
Ocean Park,105.9424285,20.9989825,60.58,60.58,60.58,60.58,60.58,60.58,60.58,60.58,60.58,60.58,60.58,60.58,60.58,60.58,60.58,60.58,60.58
Ocean Park,105.9428133,20.9989804,66.14,66.14,66.14,66.14,66.14,66.14,66.14,66.14,66.14,66.14,66.14,66.14,66.14,66.14,66.14,66.14,66.14
Ocean Park,105.9431981,20.9989783,63.34,63.34,63.34,63.34,63.34,63.34,63.34,63.34,63.34,63.34,63.34,63.34,63.34,63.34,63.34,63.34,63.34
Ocean Park,105.9435829,20.9989761,66.19,66.19,66.19,66.19,66.19,66.19,66.19,66.19,66.19,66.19,66.19,66.19,66.19,66.19,66.19,66.19,66.19
Ocean Park,105.9439678,20.998974,68.88,68.88,68.88,68.88,68.88,68.88,68.88,68.88,68.88,68.88,68.88,68.88,68.88,68.88,68.88,68.88,68.88
Ocean Park,105.9443526,20.9989719,65.04,65.04,65.04,65.04,65.04,65.04,65.04,65.04,65.04,65.04,65.04,65.04,65.04,65.04,65.04,65.04,65.04
Ocean Park,105.9447374,20.9989697,60.65,60.65,60.65,60.65,60.65,60.65,60.65,60.65,60.65,60.65,60.65,60.65,60.65,60.65,60.65,60.65,60.65
Ocean Park,105.9451222,20.9989676,66.9,66.9,66.9,66.9,66.9,66.9,66.9,66.9,66.9,66.9,66.9,66.9,66.9,66.9,66.9,66.9,66.9
Ocean Park,105.9455071,20.9989655,63.44,63.44,63.44,63.44,63.44,63.44,63.44,63.44,63.44,63.44,63.44,63.44,63.44,63.44,63.44,63.44,63.44
Ocean Park,105.9458919,20.9989633,67.71,67.71,67.71,67.71,67.71,67.71,67.71,67.71,67.71,67.71,67.71,67.71,67.71,67.71,67.71,67.71,67.71
Ocean Park,105.9462767,20.9989612,65.06,65.06,65.06,65.06,65.06,65.06,65.06,65.06,65.06,65.06,65.06,65.06,65.06,65.06,65.06,65.06,65.06
Ocean Park,105.9466615,20.9989591,67.02,67.02,67.02,67.02,67.02,67.02,67.02,67.02,67.02,67.02,67.02,67.02,67.02,67.02,67.02,67.02,67.02
Ocean Park,105.9470464,20.9989569,63.95,63.95,63.95,63.95,63.95,63.95,63.95,63.95,63.95,63.95,63.95,63.95,63.95,63.95,63.95,63.95,63.95
Ocean Park,105.9474312,20.9989548,66.55,66.55,66.55,66.55,66.55,66.55,66.55,66.55,66.55,66.55,66.55,66.55,66.55,66.55,66.55,66.55,66.55
Ocean Park,105.947816,20.9989526,64.22,64.22,64.22,64.22,64.22,64.22,64.22,64.22,64.22,64.22,64.22,64.22,64.22,64.22,64.22,64.22,64.22
Ocean Park,105.9482008,20.9989505,68.91,68.91,68.91,68.91,68.91,68.91,68.91,68.91,68.91,68.91,68.91,68.91,68.91,68.91,68.91,68.91,68.91
Ocean Park,105.9485856,20.9989483,61.36,61.36,61.36,61.36,61.36,61.36,61.36,61.36,61.36,61.36,61.36,61.36,61.36,61.36,61.36,61.36,61.36
Ocean Park,105.9489705,20.9989462,60.01,60.01,60.01,60.01,60.01,60.01,60.01,60.01,60.01,60.01,60.01,60.01,60.01,60.01,60.01,60.01,60.01
Ocean Park,105.9493553,20.9989441,62.91,62.91,62.91,62.91,62.91,62.91,62.91,62.91,62.91,62.91,62.91,62.91,62.91,62.91,62.91,62.91,62.91
Ocean Park,105.9497401,20.9989419,68.97,68.97,68.97,68.97,68.97,68.97,68.97,68.97,68.97,68.97,68.97,68.97,68.97,68.97,68.97,68.97,68.97
Ocean Park,105.9501249,20.9989398,62.61,62.61,62.61,62.61,62.61,62.61,62.61,62.61,62.61,62.61,62.61,62.61,62.61,62.61,62.61,62.61,62.61
Ocean Park,105.9505098,20.9989376,63.23,63.23,63.23,63.23,63.23,63.23,63.23,63.23,63.23,63.23,63.23,63.23,63.23,63.23,63.23,63.23,63.23
Ocean Park,105.9508946,20.9989355,69.09,69.09,69.09,69.09,69.09,69.09,69.09,69.09,69.09,69.09,69.09,69.09,69.09,69.09,69.09,69.09,69.09
Ocean Park,105.9512794,20.9989333,63.24,63.24,63.24,63.24,63.24,63.24,63.24,63.24,63.24,63.24,63.24,63.24,63.24,63.24,63.24,63.24,63.24
Ocean Park,105.9516642,20.9989312,68.72,68.72,68.72,68.72,68.72,68.72,68.72,68.72,68.72,68.72,68.72,68.72,68.72,68.72,68.72,68.72,68.72
Ocean Park,105.9520491,20.998929,70.54,70.54,70.54,70.54,70.54,70.54,70.54,70.54,70.54,70.54,70.54,70.54,70.54,70.54,70.54,70.54,70.54
Ocean Park,105.9524339,20.9989269,70.22,70.22,70.22,70.22,70.22,70.22,70.22,70.22,70.22,70.22,70.22,70.22,70.22,70.22,70.22,70.22,70.22
Ocean Park,105.9528187,20.9989247,70.8,70.8,70.8,70.8,70.8,70.8,70.8,70.8,70.8,70.8,70.8,70.8,70.8,70.8,70.8,70.8,70.8
Ocean Park,105.9328101,20.9993969,57.55,57.55,57.55,57.55,57.55,57.55,57.55,57.55,57.55,57.55,57.55,57.55,57.55,57.55,57.55,57.55,57.55
Ocean Park,105.9331949,20.9993948,57.93,57.93,57.93,57.93,57.93,57.93,57.93,57.93,57.93,57.93,57.93,57.93,57.93,57.93,57.93,57.93,57.93
Ocean Park,105.9335798,20.9993927,58.99,58.99,58.99,58.99,58.99,58.99,58.99,58.99,58.99,58.99,58.99,58.99,58.99,58.99,58.99,58.99,58.99
Ocean Park,105.9339646,20.9993906,60.76,60.76,60.76,60.76,60.76,60.76,60.76,60.76,60.76,60.76,60.76,60.76,60.76,60.76,60.76,60.76,60.76
Ocean Park,105.9343494,20.9993885,65.4,65.4,65.4,65.4,65.4,65.4,65.4,65.4,65.4,65.4,65.4,65.4,65.4,65.4,65.4,65.4,65.4
Ocean Park,105.9347342,20.9993863,63.89,63.89,63.89,63.89,63.89,63.89,63.89,63.89,63.89,63.89,63.89,63.89,63.89,63.89,63.89,63.89,63.89
Ocean Park,105.9351191,20.9993842,60.76,60.76,60.76,60.76,60.76,60.76,60.76,60.76,60.76,60.76,60.76,60.76,60.76,60.76,60.76,60.76,60.76
Ocean Park,105.9355039,20.9993821,59.81,59.81,59.81,59.81,59.81,59.81,59.81,59.81,59.81,59.81,59.81,59.81,59.81,59.81,59.81,59.81,59.81
Ocean Park,105.9358887,20.99938,59.71,59.71,59.71,59.71,59.71,59.71,59.71,59.71,59.71,59.71,59.71,59.71,59.71,59.71,59.71,59.71,59.71
Ocean Park,105.9362735,20.9993779,60.58,60.58,60.58,60.58,60.58,60.58,60.58,60.58,60.58,60.58,60.58,60.58,60.58,60.58,60.58,60.58,60.58
Ocean Park,105.9366584,20.9993758,62.32,62.32,62.32,62.32,62.32,62.32,62.32,62.32,62.32,62.32,62.32,62.32,62.32,62.32,62.32,62.32,62.32
Ocean Park,105.9370432,20.9993737,67.27,67.27,67.27,67.27,67.27,67.27,67.27,67.27,67.27,67.27,67.27,67.27,67.27,67.27,67.27,67.27,67.27
Ocean Park,105.937428,20.9993715,69.88,69.88,69.88,69.88,69.88,69.88,69.88,69.88,69.88,69.88,69.88,69.88,69.88,69.88,69.88,69.88,69.88
Ocean Park,105.9378128,20.9993694,64.16,64.16,64.16,64.16,64.16,64.16,64.16,64.16,64.16,64.16,64.16,64.16,64.16,64.16,64.16,64.16,64.16
Ocean Park,105.9381977,20.9993673,61.11,61.11,61.11,61.11,61.11,61.11,61.11,61.11,61.11,61.11,61.11,61.11,61.11,61.11,61.11,61.11,61.11
Ocean Park,105.9385825,20.9993652,59.66,59.66,59.66,59.66,59.66,59.66,59.66,59.66,59.66,59.66,59.66,59.66,59.66,59.66,59.66,59.66,59.66
Ocean Park,105.9389673,20.9993631,58.88,58.88,58.88,58.88,58.88,58.88,58.88,58.88,58.88,58.88,58.88,58.88,58.88,58.88,58.88,58.88,58.88
Ocean Park,105.9393521,20.9993609,58.53,58.53,58.53,58.53,58.53,58.53,58.53,58.53,58.53,58.53,58.53,58.53,58.53,58.53,58.53,58.53,58.53
Ocean Park,105.939737,20.9993588,58.58,58.58,58.58,58.58,58.58,58.58,58.58,58.58,58.58,58.58,58.58,58.58,58.58,58.58,58.58,58.58,58.58
Ocean Park,105.9401218,20.9993567,59.1,59.1,59.1,59.1,59.1,59.1,59.1,59.1,59.1,59.1,59.1,59.1,59.1,59.1,59.1,59.1,59.1
Ocean Park,105.9405066,20.9993546,60.41,60.41,60.41,60.41,60.41,60.41,60.41,60.41,60.41,60.41,60.41,60.41,60.41,60.41,60.41,60.41,60.41
Ocean Park,105.9408914,20.9993524,63.98,63.98,63.98,63.98,63.98,63.98,63.98,63.98,63.98,63.98,63.98,63.98,63.98,63.98,63.98,63.98,63.98
Ocean Park,105.9412763,20.9993503,65.32,65.32,65.32,65.32,65.32,65.32,65.32,65.32,65.32,65.32,65.32,65.32,65.32,65.32,65.32,65.32,65.32
Ocean Park,105.9416611,20.9993482,60.58,60.58,60.58,60.58,60.58,60.58,60.58,60.58,60.58,60.58,60.58,60.58,60.58,60.58,60.58,60.58,60.58
Ocean Park,105.9420459,20.999346,60.7,60.7,60.7,60.7,60.7,60.7,60.7,60.7,60.7,60.7,60.7,60.7,60.7,60.7,60.7,60.7,60.7
Ocean Park,105.9424307,20.9993439,65.97,65.97,65.97,65.97,65.97,65.97,65.97,65.97,65.97,65.97,65.97,65.97,65.97,65.97,65.97,65.97,65.97
Ocean Park,105.9428156,20.9993418,63.52,63.52,63.52,63.52,63.52,63.52,63.52,63.52,63.52,63.52,63.52,63.52,63.52,63.52,63.52,63.52,63.52
Ocean Park,105.9432004,20.9993397,68.9,68.9,68.9,68.9,68.9,68.9,68.9,68.9,68.9,68.9,68.9,68.9,68.9,68.9,68.9,68.9,68.9
Ocean Park,105.9435852,20.9993375,65.43,65.43,65.43,65.43,65.43,65.43,65.43,65.43,65.43,65.43,65.43,65.43,65.43,65.43,65.43,65.43,65.43
Ocean Park,105.94397,20.9993354,65.69,65.69,65.69,65.69,65.69,65.69,65.69,65.69,65.69,65.69,65.69,65.69,65.69,65.69,65.69,65.69,65.69
Ocean Park,105.9443549,20.9993333,63.16,63.16,63.16,63.16,63.16,63.16,63.16,63.16,63.16,63.16,63.16,63.16,63.16,63.16,63.16,63.16,63.16
Ocean Park,105.9447397,20.9993311,68.88,68.88,68.88,68.88,68.88,68.88,68.88,68.88,68.88,68.88,68.88,68.88,68.88,68.88,68.88,68.88,68.88
Ocean Park,105.9451245,20.999329,61.66,61.66,61.66,61.66,61.66,61.66,61.66,61.66,61.66,61.66,61.66,61.66,61.66,61.66,61.66,61.66,61.66
Ocean Park,105.9455093,20.9993268,64.54,64.54,64.54,64.54,64.54,64.54,64.54,64.54,64.54,64.54,64.54,64.54,64.54,64.54,64.54,64.54,64.54
Ocean Park,105.9458942,20.9993247,65.91,65.91,65.91,65.91,65.91,65.91,65.91,65.91,65.91,65.91,65.91,65.91,65.91,65.91,65.91,65.91,65.91
Ocean Park,105.946279,20.9993226,65.38,65.38,65.38,65.38,65.38,65.38,65.38,65.38,65.38,65.38,65.38,65.38,65.38,65.38,65.38,65.38,65.38
Ocean Park,105.9466638,20.9993204,66.13,66.13,66.13,66.13,66.13,66.13,66.13,66.13,66.13,66.13,66.13,66.13,66.13,66.13,66.13,66.13,66.13
Ocean Park,105.9470486,20.9993183,64.05,64.05,64.05,64.05,64.05,64.05,64.05,64.05,64.05,64.05,64.05,64.05,64.05,64.05,64.05,64.05,64.05
Ocean Park,105.9474335,20.9993161,66.77,66.77,66.77,66.77,66.77,66.77,66.77,66.77,66.77,66.77,66.77,66.77,66.77,66.77,66.77,66.77,66.77
Ocean Park,105.9478183,20.999314,67.46,67.46,67.46,67.46,67.46,67.46,67.46,67.46,67.46,67.46,67.46,67.46,67.46,67.46,67.46,67.46,67.46
Ocean Park,105.9482031,20.9993119,62.26,62.26,62.26,62.26,62.26,62.26,62.26,62.26,62.26,62.26,62.26,62.26,62.26,62.26,62.26,62.26,62.26
Ocean Park,105.9485879,20.9993097,59.78,59.78,59.78,59.78,59.78,59.78,59.78,59.78,59.78,59.78,59.78,59.78,59.78,59.78,59.78,59.78,59.78
Ocean Park,105.9489728,20.9993076,63.07,63.07,63.07,63.07,63.07,63.07,63.07,63.07,63.07,63.07,63.07,63.07,63.07,63.07,63.07,63.07,63.07
Ocean Park,105.9493576,20.9993054,67.12,67.12,67.12,67.12,67.12,67.12,67.12,67.12,67.12,67.12,67.12,67.12,67.12,67.12,67.12,67.12,67.12
Ocean Park,105.9497424,20.9993033,67.04,67.04,67.04,67.04,67.04,67.04,67.04,67.04,67.04,67.04,67.04,67.04,67.04,67.04,67.04,67.04,67.04
Ocean Park,105.9501272,20.9993011,64.32,64.32,64.32,64.32,64.32,64.32,64.32,64.32,64.32,64.32,64.32,64.32,64.32,64.32,64.32,64.32,64.32
Ocean Park,105.950512,20.999299,66.56,66.56,66.56,66.56,66.56,66.56,66.56,66.56,66.56,66.56,66.56,66.56,66.56,66.56,66.56,66.56,66.56
Ocean Park,105.9508969,20.9992968,62.92,62.92,62.92,62.92,62.92,62.92,62.92,62.92,62.92,62.92,62.92,62.92,62.92,62.92,62.92,62.92,62.92
Ocean Park,105.9512817,20.9992947,69.1,69.1,69.1,69.1,69.1,69.1,69.1,69.1,69.1,69.1,69.1,69.1,69.1,69.1,69.1,69.1,69.1
Ocean Park,105.9516665,20.9992925,64.96,64.96,64.96,64.96,64.96,64.96,64.96,64.96,64.96,64.96,64.96,64.96,64.96,64.96,64.96,64.96,64.96
Ocean Park,105.9520513,20.9992904,63.01,63.01,63.01,63.01,63.01,63.01,63.01,63.01,63.01,63.01,63.01,63.01,63.01,63.01,63.01,63.01,63.01
Ocean Park,105.9524362,20.9992882,63.51,63.51,63.51,63.51,63.51,63.51,63.51,63.51,63.51,63.51,63.51,63.51,63.51,63.51,63.51,63.51,63.51
Ocean Park,105.952821,20.9992861,70.15,70.15,70.15,70.15,70.15,70.15,70.15,70.15,70.15,70.15,70.15,70.15,70.15,70.15,70.15,70.15,70.15
Ocean Park,105.9328123,20.9997583,57.73,57.73,57.73,57.73,57.73,57.73,57.73,57.73,57.73,57.73,57.73,57.73,57.73,57.73,57.73,57.73,57.73
Ocean Park,105.9331972,20.9997562,58.5,58.5,58.5,58.5,58.5,58.5,58.5,58.5,58.5,58.5,58.5,58.5,58.5,58.5,58.5,58.5,58.5
Ocean Park,105.933582,20.9997541,60.17,60.17,60.17,60.17,60.17,60.17,60.17,60.17,60.17,60.17,60.17,60.17,60.17,60.17,60.17,60.17,60.17
Ocean Park,105.9339668,20.9997519,64.1,64.1,64.1,64.1,64.1,64.1,64.1,64.1,64.1,64.1,64.1,64.1,64.1,64.1,64.1,64.1,64.1
Ocean Park,105.9343517,20.9997498,64.73,64.73,64.73,64.73,64.73,64.73,64.73,64.73,64.73,64.73,64.73,64.73,64.73,64.73,64.73,64.73,64.73
Ocean Park,105.9347365,20.9997477,60.57,60.57,60.57,60.57,60.57,60.57,60.57,60.57,60.57,60.57,60.57,60.57,60.57,60.57,60.57,60.57,60.57
Ocean Park,105.9351213,20.9997456,59.14,59.14,59.14,59.14,59.14,59.14,59.14,59.14,59.14,59.14,59.14,59.14,59.14,59.14,59.14,59.14,59.14
Ocean Park,105.9355061,20.9997435,58.55,58.55,58.55,58.55,58.55,58.55,58.55,58.55,58.55,58.55,58.55,58.55,58.55,58.55,58.55,58.55,58.55
Ocean Park,105.935891,20.9997414,58.5,58.5,58.5,58.5,58.5,58.5,58.5,58.5,58.5,58.5,58.5,58.5,58.5,58.5,58.5,58.5,58.5
Ocean Park,105.9362758,20.9997393,58.86,58.86,58.86,58.86,58.86,58.86,58.86,58.86,58.86,58.86,58.86,58.86,58.86,58.86,58.86,58.86,58.86
Ocean Park,105.9366606,20.9997371,59.71,59.71,59.71,59.71,59.71,59.71,59.71,59.71,59.71,59.71,59.71,59.71,59.71,59.71,59.71,59.71,59.71
Ocean Park,105.9370454,20.999735,61.2,61.2,61.2,61.2,61.2,61.2,61.2,61.2,61.2,61.2,61.2,61.2,61.2,61.2,61.2,61.2,61.2
Ocean Park,105.9374303,20.9997329,64.37,64.37,64.37,64.37,64.37,64.37,64.37,64.37,64.37,64.37,64.37,64.37,64.37,64.37,64.37,64.37,64.37
Ocean Park,105.9378151,20.9997308,69.88,69.88,69.88,69.88,69.88,69.88,69.88,69.88,69.88,69.88,69.88,69.88,69.88,69.88,69.88,69.88,69.88
Ocean Park,105.9381999,20.9997287,66.86,66.86,66.86,66.86,66.86,66.86,66.86,66.86,66.86,66.86,66.86,66.86,66.86,66.86,66.86,66.86,66.86
Ocean Park,105.9385847,20.9997266,62.2,62.2,62.2,62.2,62.2,62.2,62.2,62.2,62.2,62.2,62.2,62.2,62.2,62.2,62.2,62.2,62.2
Ocean Park,105.9389696,20.9997244,60.52,60.52,60.52,60.52,60.52,60.52,60.52,60.52,60.52,60.52,60.52,60.52,60.52,60.52,60.52,60.52,60.52
Ocean Park,105.9393544,20.9997223,59.84,59.84,59.84,59.84,59.84,59.84,59.84,59.84,59.84,59.84,59.84,59.84,59.84,59.84,59.84,59.84,59.84
Ocean Park,105.9397392,20.9997202,59.87,59.87,59.87,59.87,59.87,59.87,59.87,59.87,59.87,59.87,59.87,59.87,59.87,59.87,59.87,59.87,59.87
Ocean Park,105.940124,20.9997181,60.8,60.8,60.8,60.8,60.8,60.8,60.8,60.8,60.8,60.8,60.8,60.8,60.8,60.8,60.8,60.8,60.8
Ocean Park,105.9405089,20.9997159,63.98,63.98,63.98,63.98,63.98,63.98,63.98,63.98,63.98,63.98,63.98,63.98,63.98,63.98,63.98,63.98,63.98
Ocean Park,105.9408937,20.9997138,65.64,65.64,65.64,65.64,65.64,65.64,65.64,65.64,65.64,65.64,65.64,65.64,65.64,65.64,65.64,65.64,65.64
Ocean Park,105.9412785,20.9997117,60.8,60.8,60.8,60.8,60.8,60.8,60.8,60.8,60.8,60.8,60.8,60.8,60.8,60.8,60.8,60.8,60.8
Ocean Park,105.9416634,20.9997096,60.85,60.85,60.85,60.85,60.85,60.85,60.85,60.85,60.85,60.85,60.85,60.85,60.85,60.85,60.85,60.85,60.85
Ocean Park,105.9420482,20.9997074,66.01,66.01,66.01,66.01,66.01,66.01,66.01,66.01,66.01,66.01,66.01,66.01,66.01,66.01,66.01,66.01,66.01
Ocean Park,105.942433,20.9997053,63.58,63.58,63.58,63.58,63.58,63.58,63.58,63.58,63.58,63.58,63.58,63.58,63.58,63.58,63.58,63.58,63.58
Ocean Park,105.9428178,20.9997032,67.41,67.41,67.41,67.41,67.41,67.41,67.41,67.41,67.41,67.41,67.41,67.41,67.41,67.41,67.41,67.41,67.41
Ocean Park,105.9432027,20.999701,67.13,67.13,67.13,67.13,67.13,67.13,67.13,67.13,67.13,67.13,67.13,67.13,67.13,67.13,67.13,67.13,67.13
Ocean Park,105.9435875,20.9996989,68.9,68.9,68.9,68.9,68.9,68.9,68.9,68.9,68.9,68.9,68.9,68.9,68.9,68.9,68.9,68.9,68.9
Ocean Park,105.9439723,20.9996968,61.0,61.0,61.0,61.0,61.0,61.0,61.0,61.0,61.0,61.0,61.0,61.0,61.0,61.0,61.0,61.0,61.0
Ocean Park,105.9443571,20.9996946,59.47,59.47,59.47,59.47,59.47,59.47,59.47,59.47,59.47,59.47,59.47,59.47,59.47,59.47,59.47,59.47,59.47
Ocean Park,105.944742,20.9996925,61.8,61.8,61.8,61.8,61.8,61.8,61.8,61.8,61.8,61.8,61.8,61.8,61.8,61.8,61.8,61.8,61.8
Ocean Park,105.9451268,20.9996904,68.88,68.88,68.88,68.88,68.88,68.88,68.88,68.88,68.88,68.88,68.88,68.88,68.88,68.88,68.88,68.88,68.88
Ocean Park,105.9455116,20.9996882,63.03,63.03,63.03,63.03,63.03,63.03,63.03,63.03,63.03,63.03,63.03,63.03,63.03,63.03,63.03,63.03,63.03
Ocean Park,105.9458964,20.9996861,62.66,62.66,62.66,62.66,62.66,62.66,62.66,62.66,62.66,62.66,62.66,62.66,62.66,62.66,62.66,62.66,62.66
Ocean Park,105.9462813,20.9996839,68.87,68.87,68.87,68.87,68.87,68.87,68.87,68.87,68.87,68.87,68.87,68.87,68.87,68.87,68.87,68.87,68.87
Ocean Park,105.9466661,20.9996818,62.56,62.56,62.56,62.56,62.56,62.56,62.56,62.56,62.56,62.56,62.56,62.56,62.56,62.56,62.56,62.56,62.56
Ocean Park,105.9470509,20.9996797,68.88,68.88,68.88,68.88,68.88,68.88,68.88,68.88,68.88,68.88,68.88,68.88,68.88,68.88,68.88,68.88,68.88
Ocean Park,105.9474357,20.9996775,64.2,64.2,64.2,64.2,64.2,64.2,64.2,64.2,64.2,64.2,64.2,64.2,64.2,64.2,64.2,64.2,64.2
Ocean Park,105.9478206,20.9996754,63.8,63.8,63.8,63.8,63.8,63.8,63.8,63.8,63.8,63.8,63.8,63.8,63.8,63.8,63.8,63.8,63.8
Ocean Park,105.9482054,20.9996732,59.66,59.66,59.66,59.66,59.66,59.66,59.66,59.66,59.66,59.66,59.66,59.66,59.66,59.66,59.66,59.66,59.66
Ocean Park,105.9485902,20.9996711,62.67,62.67,62.67,62.67,62.67,62.67,62.67,62.67,62.67,62.67,62.67,62.67,62.67,62.67,62.67,62.67,62.67
Ocean Park,105.948975,20.999669,67.26,67.26,67.26,67.26,67.26,67.26,67.26,67.26,67.26,67.26,67.26,67.26,67.26,67.26,67.26,67.26,67.26
Ocean Park,105.9493599,20.9996668,60.97,60.97,60.97,60.97,60.97,60.97,60.97,60.97,60.97,60.97,60.97,60.97,60.97,60.97,60.97,60.97,60.97
Ocean Park,105.9497447,20.9996647,62.63,62.63,62.63,62.63,62.63,62.63,62.63,62.63,62.63,62.63,62.63,62.63,62.63,62.63,62.63,62.63,62.63
Ocean Park,105.9501295,20.9996625,68.94,68.94,68.94,68.94,68.94,68.94,68.94,68.94,68.94,68.94,68.94,68.94,68.94,68.94,68.94,68.94,68.94
Ocean Park,105.9505143,20.9996604,63.91,63.91,63.91,63.91,63.91,63.91,63.91,63.91,63.91,63.91,63.91,63.91,63.91,63.91,63.91,63.91,63.91
Ocean Park,105.9508992,20.9996582,68.99,68.99,68.99,68.99,68.99,68.99,68.99,68.99,68.99,68.99,68.99,68.99,68.99,68.99,68.99,68.99,68.99
Ocean Park,105.951284,20.9996561,63.15,63.15,63.15,63.15,63.15,63.15,63.15,63.15,63.15,63.15,63.15,63.15,63.15,63.15,63.15,63.15,63.15
Ocean Park,105.9516688,20.9996539,61.13,61.13,61.13,61.13,61.13,61.13,61.13,61.13,61.13,61.13,61.13,61.13,61.13,61.13,61.13,61.13,61.13
Ocean Park,105.9520536,20.9996518,60.38,60.38,60.38,60.38,60.38,60.38,60.38,60.38,60.38,60.38,60.38,60.38,60.38,60.38,60.38,60.38,60.38
Ocean Park,105.9524385,20.9996496,60.71,60.71,60.71,60.71,60.71,60.71,60.71,60.71,60.71,60.71,60.71,60.71,60.71,60.71,60.71,60.71,60.71
Ocean Park,105.9528233,20.9996475,62.48,62.48,62.48,62.48,62.48,62.48,62.48,62.48,62.48,62.48,62.48,62.48,62.48,62.48,62.48,62.48,62.48
Ocean Park,105.9328146,21.0001197,58.29,58.29,58.29,58.29,58.29,58.29,58.29,58.29,58.29,58.29,58.29,58.29,58.29,58.29,58.29,58.29,58.29
Ocean Park,105.9331994,21.0001175,59.71,59.71,59.71,59.71,59.71,59.71,59.71,59.71,59.71,59.71,59.71,59.71,59.71,59.71,59.71,59.71,59.71
Ocean Park,105.9335842,21.0001154,63.11,63.11,63.11,63.11,63.11,63.11,63.11,63.11,63.11,63.11,63.11,63.11,63.11,63.11,63.11,63.11,63.11
Ocean Park,105.9339691,21.0001133,66.1,66.1,66.1,66.1,66.1,66.1,66.1,66.1,66.1,66.1,66.1,66.1,66.1,66.1,66.1,66.1,66.1
Ocean Park,105.9343539,21.0001112,60.66,60.66,60.66,60.66,60.66,60.66,60.66,60.66,60.66,60.66,60.66,60.66,60.66,60.66,60.66,60.66,60.66
Ocean Park,105.9347387,21.0001091,58.87,58.87,58.87,58.87,58.87,58.87,58.87,58.87,58.87,58.87,58.87,58.87,58.87,58.87,58.87,58.87,58.87
Ocean Park,105.9351236,21.000107,57.99,57.99,57.99,57.99,57.99,57.99,57.99,57.99,57.99,57.99,57.99,57.99,57.99,57.99,57.99,57.99,57.99
Ocean Park,105.9355084,21.0001049,57.6,57.6,57.6,57.6,57.6,57.6,57.6,57.6,57.6,57.6,57.6,57.6,57.6,57.6,57.6,57.6,57.6
Ocean Park,105.9358932,21.0001028,57.53,57.53,57.53,57.53,57.53,57.53,57.53,57.53,57.53,57.53,57.53,57.53,57.53,57.53,57.53,57.53,57.53
Ocean Park,105.936278,21.0001006,57.73,57.73,57.73,57.73,57.73,57.73,57.73,57.73,57.73,57.73,57.73,57.73,57.73,57.73,57.73,57.73,57.73
Ocean Park,105.9366629,21.0000985,58.2,58.2,58.2,58.2,58.2,58.2,58.2,58.2,58.2,58.2,58.2,58.2,58.2,58.2,58.2,58.2,58.2
Ocean Park,105.9370477,21.0000964,59.02,59.02,59.02,59.02,59.02,59.02,59.02,59.02,59.02,59.02,59.02,59.02,59.02,59.02,59.02,59.02,59.02
Ocean Park,105.9374325,21.0000943,60.41,60.41,60.41,60.41,60.41,60.41,60.41,60.41,60.41,60.41,60.41,60.41,60.41,60.41,60.41,60.41,60.41
Ocean Park,105.9378174,21.0000922,62.81,62.81,62.81,62.81,62.81,62.81,62.81,62.81,62.81,62.81,62.81,62.81,62.81,62.81,62.81,62.81,62.81
Ocean Park,105.9382022,21.0000901,69.9,69.9,69.9,69.9,69.9,69.9,69.9,69.9,69.9,69.9,69.9,69.9,69.9,69.9,69.9,69.9,69.9
Ocean Park,105.938587,21.0000879,69.92,69.92,69.92,69.92,69.92,69.92,69.92,69.92,69.92,69.92,69.92,69.92,69.92,69.92,69.92,69.92,69.92
Ocean Park,105.9389718,21.0000858,63.67,63.67,63.67,63.67,63.67,63.67,63.67,63.67,63.67,63.67,63.67,63.67,63.67,63.67,63.67,63.67,63.67
Ocean Park,105.9393567,21.0000837,61.78,61.78,61.78,61.78,61.78,61.78,61.78,61.78,61.78,61.78,61.78,61.78,61.78,61.78,61.78,61.78,61.78
Ocean Park,105.9397415,21.0000816,61.72,61.72,61.72,61.72,61.72,61.72,61.72,61.72,61.72,61.72,61.72,61.72,61.72,61.72,61.72,61.72,61.72
Ocean Park,105.9401263,21.0000794,64.16,64.16,64.16,64.16,64.16,64.16,64.16,64.16,64.16,64.16,64.16,64.16,64.16,64.16,64.16,64.16,64.16
Ocean Park,105.9405111,21.0000773,66.04,66.04,66.04,66.04,66.04,66.04,66.04,66.04,66.04,66.04,66.04,66.04,66.04,66.04,66.04,66.04,66.04
Ocean Park,105.940896,21.0000752,61.18,61.18,61.18,61.18,61.18,61.18,61.18,61.18,61.18,61.18,61.18,61.18,61.18,61.18,61.18,61.18,61.18
Ocean Park,105.9412808,21.0000731,61.38,61.38,61.38,61.38,61.38,61.38,61.38,61.38,61.38,61.38,61.38,61.38,61.38,61.38,61.38,61.38,61.38
Ocean Park,105.9416656,21.0000709,66.08,66.08,66.08,66.08,66.08,66.08,66.08,66.08,66.08,66.08,66.08,66.08,66.08,66.08,66.08,66.08,66.08
Ocean Park,105.9420504,21.0000688,63.73,63.73,63.73,63.73,63.73,63.73,63.73,63.73,63.73,63.73,63.73,63.73,63.73,63.73,63.73,63.73,63.73
Ocean Park,105.9424353,21.0000667,65.36,65.36,65.36,65.36,65.36,65.36,65.36,65.36,65.36,65.36,65.36,65.36,65.36,65.36,65.36,65.36,65.36
Ocean Park,105.9428201,21.0000645,63.53,63.53,63.53,63.53,63.53,63.53,63.53,63.53,63.53,63.53,63.53,63.53,63.53,63.53,63.53,63.53,63.53
Ocean Park,105.9432049,21.0000624,68.92,68.92,68.92,68.92,68.92,68.92,68.92,68.92,68.92,68.92,68.92,68.92,68.92,68.92,68.92,68.92,68.92
Ocean Park,105.9435898,21.0000603,65.71,65.71,65.71,65.71,65.71,65.71,65.71,65.71,65.71,65.71,65.71,65.71,65.71,65.71,65.71,65.71,65.71
Ocean Park,105.9439746,21.0000581,68.91,68.91,68.91,68.91,68.91,68.91,68.91,68.91,68.91,68.91,68.91,68.91,68.91,68.91,68.91,68.91,68.91
Ocean Park,105.9443594,21.000056,62.0,62.0,62.0,62.0,62.0,62.0,62.0,62.0,62.0,62.0,62.0,62.0,62.0,62.0,62.0,62.0,62.0
Ocean Park,105.9447442,21.0000539,59.57,59.57,59.57,59.57,59.57,59.57,59.57,59.57,59.57,59.57,59.57,59.57,59.57,59.57,59.57,59.57,59.57
Ocean Park,105.9451291,21.0000517,60.82,60.82,60.82,60.82,60.82,60.82,60.82,60.82,60.82,60.82,60.82,60.82,60.82,60.82,60.82,60.82,60.82
Ocean Park,105.9455139,21.0000496,65.25,65.25,65.25,65.25,65.25,65.25,65.25,65.25,65.25,65.25,65.25,65.25,65.25,65.25,65.25,65.25,65.25
Ocean Park,105.9458987,21.0000475,65.14,65.14,65.14,65.14,65.14,65.14,65.14,65.14,65.14,65.14,65.14,65.14,65.14,65.14,65.14,65.14,65.14
Ocean Park,105.9462835,21.0000453,61.42,61.42,61.42,61.42,61.42,61.42,61.42,61.42,61.42,61.42,61.42,61.42,61.42,61.42,61.42,61.42,61.42
Ocean Park,105.9466684,21.0000432,67.97,67.97,67.97,67.97,67.97,67.97,67.97,67.97,67.97,67.97,67.97,67.97,67.97,67.97,67.97,67.97,67.97
Ocean Park,105.9470532,21.000041,63.53,63.53,63.53,63.53,63.53,63.53,63.53,63.53,63.53,63.53,63.53,63.53,63.53,63.53,63.53,63.53,63.53
Ocean Park,105.947438,21.0000389,66.43,66.43,66.43,66.43,66.43,66.43,66.43,66.43,66.43,66.43,66.43,66.43,66.43,66.43,66.43,66.43,66.43
Ocean Park,105.9478228,21.0000368,60.25,60.25,60.25,60.25,60.25,60.25,60.25,60.25,60.25,60.25,60.25,60.25,60.25,60.25,60.25,60.25,60.25
Ocean Park,105.9482077,21.0000346,61.43,61.43,61.43,61.43,61.43,61.43,61.43,61.43,61.43,61.43,61.43,61.43,61.43,61.43,61.43,61.43,61.43
Ocean Park,105.9485925,21.0000325,68.89,68.89,68.89,68.89,68.89,68.89,68.89,68.89,68.89,68.89,68.89,68.89,68.89,68.89,68.89,68.89,68.89
Ocean Park,105.9489773,21.0000303,65.57,65.57,65.57,65.57,65.57,65.57,65.57,65.57,65.57,65.57,65.57,65.57,65.57,65.57,65.57,65.57,65.57
Ocean Park,105.9493621,21.0000282,64.93,64.93,64.93,64.93,64.93,64.93,64.93,64.93,64.93,64.93,64.93,64.93,64.93,64.93,64.93,64.93,64.93
Ocean Park,105.949747,21.000026,60.87,60.87,60.87,60.87,60.87,60.87,60.87,60.87,60.87,60.87,60.87,60.87,60.87,60.87,60.87,60.87,60.87
Ocean Park,105.9501318,21.0000239,65.11,65.11,65.11,65.11,65.11,65.11,65.11,65.11,65.11,65.11,65.11,65.11,65.11,65.11,65.11,65.11,65.11
Ocean Park,105.9505166,21.0000217,68.94,68.94,68.94,68.94,68.94,68.94,68.94,68.94,68.94,68.94,68.94,68.94,68.94,68.94,68.94,68.94,68.94
Ocean Park,105.9509014,21.0000196,63.38,63.38,63.38,63.38,63.38,63.38,63.38,63.38,63.38,63.38,63.38,63.38,63.38,63.38,63.38,63.38,63.38
Ocean Park,105.9512863,21.0000174,60.67,60.67,60.67,60.67,60.67,60.67,60.67,60.67,60.67,60.67,60.67,60.67,60.67,60.67,60.67,60.67,60.67
Ocean Park,105.9516711,21.0000153,59.68,59.68,59.68,59.68,59.68,59.68,59.68,59.68,59.68,59.68,59.68,59.68,59.68,59.68,59.68,59.68,59.68
Ocean Park,105.9520559,21.0000131,59.46,59.46,59.46,59.46,59.46,59.46,59.46,59.46,59.46,59.46,59.46,59.46,59.46,59.46,59.46,59.46,59.46
Ocean Park,105.9524408,21.000011,59.82,59.82,59.82,59.82,59.82,59.82,59.82,59.82,59.82,59.82,59.82,59.82,59.82,59.82,59.82,59.82,59.82
Ocean Park,105.9528256,21.0000088,61.15,61.15,61.15,61.15,61.15,61.15,61.15,61.15,61.15,61.15,61.15,61.15,61.15,61.15,61.15,61.15,61.15
Ocean Park,105.9328168,21.000481,59.41,59.41,59.41,59.41,59.41,59.41,59.41,59.41,59.41,59.41,59.41,59.41,59.41,59.41,59.41,59.41,59.41
Ocean Park,105.9332017,21.0004789,62.32,62.32,62.32,62.32,62.32,62.32,62.32,62.32,62.32,62.32,62.32,62.32,62.32,62.32,62.32,62.32,62.32
Ocean Park,105.9335865,21.0004768,68.41,68.41,68.41,68.41,68.41,68.41,68.41,68.41,68.41,68.41,68.41,68.41,68.41,68.41,68.41,68.41,68.41
Ocean Park,105.9339713,21.0004747,60.91,60.91,60.91,60.91,60.91,60.91,60.91,60.91,60.91,60.91,60.91,60.91,60.91,60.91,60.91,60.91,60.91
Ocean Park,105.9343562,21.0004726,58.8,58.8,58.8,58.8,58.8,58.8,58.8,58.8,58.8,58.8,58.8,58.8,58.8,58.8,58.8,58.8,58.8
Ocean Park,105.934741,21.0004705,57.71,57.71,57.71,57.71,57.71,57.71,57.71,57.71,57.71,57.71,57.71,57.71,57.71,57.71,57.71,57.71,57.71
Ocean Park,105.9351258,21.0004684,57.1,57.1,57.1,57.1,57.1,57.1,57.1,57.1,57.1,57.1,57.1,57.1,57.1,57.1,57.1,57.1,57.1
Ocean Park,105.9355106,21.0004663,56.82,56.82,56.82,56.82,56.82,56.82,56.82,56.82,56.82,56.82,56.82,56.82,56.82,56.82,56.82,56.82,56.82
Ocean Park,105.9358955,21.0004641,56.75,56.75,56.75,56.75,56.75,56.75,56.75,56.75,56.75,56.75,56.75,56.75,56.75,56.75,56.75,56.75,56.75
Ocean Park,105.9362803,21.000462,56.86,56.86,56.86,56.86,56.86,56.86,56.86,56.86,56.86,56.86,56.86,56.86,56.86,56.86,56.86,56.86,56.86
Ocean Park,105.9366651,21.0004599,57.16,57.16,57.16,57.16,57.16,57.16,57.16,57.16,57.16,57.16,57.16,57.16,57.16,57.16,57.16,57.16,57.16
Ocean Park,105.93705,21.0004578,57.87,57.87,57.87,57.87,57.87,57.87,57.87,57.87,57.87,57.87,57.87,57.87,57.87,57.87,57.87,57.87,57.87
Ocean Park,105.9374348,21.0004557,58.8,58.8,58.8,58.8,58.8,58.8,58.8,58.8,58.8,58.8,58.8,58.8,58.8,58.8,58.8,58.8,58.8
Ocean Park,105.9378196,21.0004535,60.04,60.04,60.04,60.04,60.04,60.04,60.04,60.04,60.04,60.04,60.04,60.04,60.04,60.04,60.04,60.04,60.04
Ocean Park,105.9382044,21.0004514,61.9,61.9,61.9,61.9,61.9,61.9,61.9,61.9,61.9,61.9,61.9,61.9,61.9,61.9,61.9,61.9,61.9
Ocean Park,105.9385893,21.0004493,65.83,65.83,65.83,65.83,65.83,65.83,65.83,65.83,65.83,65.83,65.83,65.83,65.83,65.83,65.83,65.83,65.83
Ocean Park,105.9389741,21.0004472,68.0,68.0,68.0,68.0,68.0,68.0,68.0,68.0,68.0,68.0,68.0,68.0,68.0,68.0,68.0,68.0,68.0
Ocean Park,105.9393589,21.0004451,65.97,65.97,65.97,65.97,65.97,65.97,65.97,65.97,65.97,65.97,65.97,65.97,65.97,65.97,65.97,65.97,65.97
Ocean Park,105.9397437,21.0004429,65.14,65.14,65.14,65.14,65.14,65.14,65.14,65.14,65.14,65.14,65.14,65.14,65.14,65.14,65.14,65.14,65.14
Ocean Park,105.9401286,21.0004408,66.66,66.66,66.66,66.66,66.66,66.66,66.66,66.66,66.66,66.66,66.66,66.66,66.66,66.66,66.66,66.66,66.66
Ocean Park,105.9405134,21.0004387,61.91,61.91,61.91,61.91,61.91,61.91,61.91,61.91,61.91,61.91,61.91,61.91,61.91,61.91,61.91,61.91,61.91
Ocean Park,105.9408982,21.0004366,62.31,62.31,62.31,62.31,62.31,62.31,62.31,62.31,62.31,62.31,62.31,62.31,62.31,62.31,62.31,62.31,62.31
Ocean Park,105.9412831,21.0004344,69.03,69.03,69.03,69.03,69.03,69.03,69.03,69.03,69.03,69.03,69.03,69.03,69.03,69.03,69.03,69.03,69.03
Ocean Park,105.9416679,21.0004323,63.4,63.4,63.4,63.4,63.4,63.4,63.4,63.4,63.4,63.4,63.4,63.4,63.4,63.4,63.4,63.4,63.4
Ocean Park,105.9420527,21.0004302,64.16,64.16,64.16,64.16,64.16,64.16,64.16,64.16,64.16,64.16,64.16,64.16,64.16,64.16,64.16,64.16,64.16
Ocean Park,105.9424375,21.000428,64.8,64.8,64.8,64.8,64.8,64.8,64.8,64.8,64.8,64.8,64.8,64.8,64.8,64.8,64.8,64.8,64.8
Ocean Park,105.9428224,21.0004259,68.96,68.96,68.96,68.96,68.96,68.96,68.96,68.96,68.96,68.96,68.96,68.96,68.96,68.96,68.96,68.96,68.96
Ocean Park,105.9432072,21.0004238,63.67,63.67,63.67,63.67,63.67,63.67,63.67,63.67,63.67,63.67,63.67,63.67,63.67,63.67,63.67,63.67,63.67
Ocean Park,105.943592,21.0004217,60.47,60.47,60.47,60.47,60.47,60.47,60.47,60.47,60.47,60.47,60.47,60.47,60.47,60.47,60.47,60.47,60.47
Ocean Park,105.9439769,21.0004195,63.47,63.47,63.47,63.47,63.47,63.47,63.47,63.47,63.47,63.47,63.47,63.47,63.47,63.47,63.47,63.47,63.47
Ocean Park,105.9443617,21.0004174,68.83,68.83,68.83,68.83,68.83,68.83,68.83,68.83,68.83,68.83,68.83,68.83,68.83,68.83,68.83,68.83,68.83
Ocean Park,105.9447465,21.0004152,63.44,63.44,63.44,63.44,63.44,63.44,63.44,63.44,63.44,63.44,63.44,63.44,63.44,63.44,63.44,63.44,63.44
Ocean Park,105.9451313,21.0004131,60.23,60.23,60.23,60.23,60.23,60.23,60.23,60.23,60.23,60.23,60.23,60.23,60.23,60.23,60.23,60.23,60.23
Ocean Park,105.9455162,21.000411,60.08,60.08,60.08,60.08,60.08,60.08,60.08,60.08,60.08,60.08,60.08,60.08,60.08,60.08,60.08,60.08,60.08
Ocean Park,105.945901,21.0004088,63.12,63.12,63.12,63.12,63.12,63.12,63.12,63.12,63.12,63.12,63.12,63.12,63.12,63.12,63.12,63.12,63.12
Ocean Park,105.9462858,21.0004067,68.88,68.88,68.88,68.88,68.88,68.88,68.88,68.88,68.88,68.88,68.88,68.88,68.88,68.88,68.88,68.88,68.88
Ocean Park,105.9466706,21.0004046,61.72,61.72,61.72,61.72,61.72,61.72,61.72,61.72,61.72,61.72,61.72,61.72,61.72,61.72,61.72,61.72,61.72
Ocean Park,105.9470555,21.0004024,63.52,63.52,63.52,63.52,63.52,63.52,63.52,63.52,63.52,63.52,63.52,63.52,63.52,63.52,63.52,63.52,63.52
Ocean Park,105.9474403,21.0004003,61.04,61.04,61.04,61.04,61.04,61.04,61.04,61.04,61.04,61.04,61.04,61.04,61.04,61.04,61.04,61.04,61.04
Ocean Park,105.9478251,21.0003981,60.53,60.53,60.53,60.53,60.53,60.53,60.53,60.53,60.53,60.53,60.53,60.53,60.53,60.53,60.53,60.53,60.53
Ocean Park,105.94821,21.000396,67.86,67.86,67.86,67.86,67.86,67.86,67.86,67.86,67.86,67.86,67.86,67.86,67.86,67.86,67.86,67.86,67.86
Ocean Park,105.9485948,21.0003938,62.17,62.17,62.17,62.17,62.17,62.17,62.17,62.17,62.17,62.17,62.17,62.17,62.17,62.17,62.17,62.17,62.17
Ocean Park,105.9489796,21.0003917,60.26,60.26,60.26,60.26,60.26,60.26,60.26,60.26,60.26,60.26,60.26,60.26,60.26,60.26,60.26,60.26,60.26
Ocean Park,105.9493644,21.0003896,63.41,63.41,63.41,63.41,63.41,63.41,63.41,63.41,63.41,63.41,63.41,63.41,63.41,63.41,63.41,63.41,63.41
Ocean Park,105.9497493,21.0003874,68.93,68.93,68.93,68.93,68.93,68.93,68.93,68.93,68.93,68.93,68.93,68.93,68.93,68.93,68.93,68.93,68.93
Ocean Park,105.9501341,21.0003853,68.95,68.95,68.95,68.95,68.95,68.95,68.95,68.95,68.95,68.95,68.95,68.95,68.95,68.95,68.95,68.95,68.95
Ocean Park,105.9505189,21.0003831,61.47,61.47,61.47,61.47,61.47,61.47,61.47,61.47,61.47,61.47,61.47,61.47,61.47,61.47,61.47,61.47,61.47
Ocean Park,105.9509037,21.000381,65.68,65.68,65.68,65.68,65.68,65.68,65.68,65.68,65.68,65.68,65.68,65.68,65.68,65.68,65.68,65.68,65.68
Ocean Park,105.9512886,21.0003788,65.06,65.06,65.06,65.06,65.06,65.06,65.06,65.06,65.06,65.06,65.06,65.06,65.06,65.06,65.06,65.06,65.06
Ocean Park,105.9516734,21.0003767,61.77,61.77,61.77,61.77,61.77,61.77,61.77,61.77,61.77,61.77,61.77,61.77,61.77,61.77,61.77,61.77,61.77
Ocean Park,105.9520582,21.0003745,61.15,61.15,61.15,61.15,61.15,61.15,61.15,61.15,61.15,61.15,61.15,61.15,61.15,61.15,61.15,61.15,61.15
Ocean Park,105.952443,21.0003724,61.88,61.88,61.88,61.88,61.88,61.88,61.88,61.88,61.88,61.88,61.88,61.88,61.88,61.88,61.88,61.88,61.88
Ocean Park,105.9528279,21.0003702,64.69,64.69,64.69,64.69,64.69,64.69,64.69,64.69,64.69,64.69,64.69,64.69,64.69,64.69,64.69,64.69,64.69
Ocean Park,105.9328191,21.0008424,61.7,61.7,61.7,61.7,61.7,61.7,61.7,61.7,61.7,61.7,61.7,61.7,61.7,61.7,61.7,61.7,61.7
Ocean Park,105.9332039,21.0008403,68.89,68.89,68.89,68.89,68.89,68.89,68.89,68.89,68.89,68.89,68.89,68.89,68.89,68.89,68.89,68.89,68.89
Ocean Park,105.9335887,21.0008382,61.29,61.29,61.29,61.29,61.29,61.29,61.29,61.29,61.29,61.29,61.29,61.29,61.29,61.29,61.29,61.29,61.29
Ocean Park,105.9339736,21.0008361,58.84,58.84,58.84,58.84,58.84,58.84,58.84,58.84,58.84,58.84,58.84,58.84,58.84,58.84,58.84,58.84,58.84
Ocean Park,105.9343584,21.000834,57.58,57.58,57.58,57.58,57.58,57.58,57.58,57.58,57.58,57.58,57.58,57.58,57.58,57.58,57.58,57.58,57.58
Ocean Park,105.9347432,21.0008319,56.82,56.82,56.82,56.82,56.82,56.82,56.82,56.82,56.82,56.82,56.82,56.82,56.82,56.82,56.82,56.82,56.82
Ocean Park,105.9351281,21.0008297,56.39,56.39,56.39,56.39,56.39,56.39,56.39,56.39,56.39,56.39,56.39,56.39,56.39,56.39,56.39,56.39,56.39
Ocean Park,105.9355129,21.0008276,56.16,56.16,56.16,56.16,56.16,56.16,56.16,56.16,56.16,56.16,56.16,56.16,56.16,56.16,56.16,56.16,56.16
Ocean Park,105.9358977,21.0008255,56.09,56.09,56.09,56.09,56.09,56.09,56.09,56.09,56.09,56.09,56.09,56.09,56.09,56.09,56.09,56.09,56.09
Ocean Park,105.9362825,21.0008234,56.15,56.15,56.15,56.15,56.15,56.15,56.15,56.15,56.15,56.15,56.15,56.15,56.15,56.15,56.15,56.15,56.15
Ocean Park,105.9366674,21.0008213,56.67,56.67,56.67,56.67,56.67,56.67,56.67,56.67,56.67,56.67,56.67,56.67,56.67,56.67,56.67,56.67,56.67
Ocean Park,105.9370522,21.0008192,57.27,57.27,57.27,57.27,57.27,57.27,57.27,57.27,57.27,57.27,57.27,57.27,57.27,57.27,57.27,57.27,57.27
Ocean Park,105.937437,21.000817,58.0,58.0,58.0,58.0,58.0,58.0,58.0,58.0,58.0,58.0,58.0,58.0,58.0,58.0,58.0,58.0,58.0
Ocean Park,105.9378219,21.0008149,58.89,58.89,58.89,58.89,58.89,58.89,58.89,58.89,58.89,58.89,58.89,58.89,58.89,58.89,58.89,58.89,58.89
Ocean Park,105.9382067,21.0008128,60.04,60.04,60.04,60.04,60.04,60.04,60.04,60.04,60.04,60.04,60.04,60.04,60.04,60.04,60.04,60.04,60.04
Ocean Park,105.9385915,21.0008107,61.62,61.62,61.62,61.62,61.62,61.62,61.62,61.62,61.62,61.62,61.62,61.62,61.62,61.62,61.62,61.62,61.62
Ocean Park,105.9389764,21.0008086,64.29,64.29,64.29,64.29,64.29,64.29,64.29,64.29,64.29,64.29,64.29,64.29,64.29,64.29,64.29,64.29,64.29
Ocean Park,105.9393612,21.0008064,70.35,70.35,70.35,70.35,70.35,70.35,70.35,70.35,70.35,70.35,70.35,70.35,70.35,70.35,70.35,70.35,70.35
Ocean Park,105.939746,21.0008043,70.99,70.99,70.99,70.99,70.99,70.99,70.99,70.99,70.99,70.99,70.99,70.99,70.99,70.99,70.99,70.99,70.99
Ocean Park,105.9401308,21.0008022,64.22,64.22,64.22,64.22,64.22,64.22,64.22,64.22,64.22,64.22,64.22,64.22,64.22,64.22,64.22,64.22,64.22
Ocean Park,105.9405157,21.0008001,63.81,63.81,63.81,63.81,63.81,63.81,63.81,63.81,63.81,63.81,63.81,63.81,63.81,63.81,63.81,63.81,63.81
Ocean Park,105.9409005,21.0007979,69.2,69.2,69.2,69.2,69.2,69.2,69.2,69.2,69.2,69.2,69.2,69.2,69.2,69.2,69.2,69.2,69.2
Ocean Park,105.9412853,21.0007958,63.12,63.12,63.12,63.12,63.12,63.12,63.12,63.12,63.12,63.12,63.12,63.12,63.12,63.12,63.12,63.12,63.12
Ocean Park,105.9416702,21.0007937,63.56,63.56,63.56,63.56,63.56,63.56,63.56,63.56,63.56,63.56,63.56,63.56,63.56,63.56,63.56,63.56,63.56
Ocean Park,105.942055,21.0007916,66.59,66.59,66.59,66.59,66.59,66.59,66.59,66.59,66.59,66.59,66.59,66.59,66.59,66.59,66.59,66.59,66.59
Ocean Park,105.9424398,21.0007894,65.5,65.5,65.5,65.5,65.5,65.5,65.5,65.5,65.5,65.5,65.5,65.5,65.5,65.5,65.5,65.5,65.5
Ocean Park,105.9428246,21.0007873,66.13,66.13,66.13,66.13,66.13,66.13,66.13,66.13,66.13,66.13,66.13,66.13,66.13,66.13,66.13,66.13,66.13
Ocean Park,105.9432095,21.0007852,60.8,60.8,60.8,60.8,60.8,60.8,60.8,60.8,60.8,60.8,60.8,60.8,60.8,60.8,60.8,60.8,60.8
Ocean Park,105.9435943,21.000783,59.53,59.53,59.53,59.53,59.53,59.53,59.53,59.53,59.53,59.53,59.53,59.53,59.53,59.53,59.53,59.53,59.53
Ocean Park,105.9439791,21.0007809,61.9,61.9,61.9,61.9,61.9,61.9,61.9,61.9,61.9,61.9,61.9,61.9,61.9,61.9,61.9,61.9,61.9
Ocean Park,105.944364,21.0007788,68.93,68.93,68.93,68.93,68.93,68.93,68.93,68.93,68.93,68.93,68.93,68.93,68.93,68.93,68.93,68.93,68.93
Ocean Park,105.9447488,21.0007766,68.92,68.92,68.92,68.92,68.92,68.92,68.92,68.92,68.92,68.92,68.92,68.92,68.92,68.92,68.92,68.92,68.92
Ocean Park,105.9451336,21.0007745,65.75,65.75,65.75,65.75,65.75,65.75,65.75,65.75,65.75,65.75,65.75,65.75,65.75,65.75,65.75,65.75,65.75
Ocean Park,105.9455184,21.0007724,61.04,61.04,61.04,61.04,61.04,61.04,61.04,61.04,61.04,61.04,61.04,61.04,61.04,61.04,61.04,61.04,61.04
Ocean Park,105.9459033,21.0007702,59.5,59.5,59.5,59.5,59.5,59.5,59.5,59.5,59.5,59.5,59.5,59.5,59.5,59.5,59.5,59.5,59.5
Ocean Park,105.9462881,21.0007681,61.78,61.78,61.78,61.78,61.78,61.78,61.78,61.78,61.78,61.78,61.78,61.78,61.78,61.78,61.78,61.78,61.78
Ocean Park,105.9466729,21.0007659,68.89,68.89,68.89,68.89,68.89,68.89,68.89,68.89,68.89,68.89,68.89,68.89,68.89,68.89,68.89,68.89,68.89
Ocean Park,105.9470578,21.0007638,63.1,63.1,63.1,63.1,63.1,63.1,63.1,63.1,63.1,63.1,63.1,63.1,63.1,63.1,63.1,63.1,63.1
Ocean Park,105.9474426,21.0007617,60.04,60.04,60.04,60.04,60.04,60.04,60.04,60.04,60.04,60.04,60.04,60.04,60.04,60.04,60.04,60.04,60.04
Ocean Park,105.9478274,21.0007595,64.47,64.47,64.47,64.47,64.47,64.47,64.47,64.47,64.47,64.47,64.47,64.47,64.47,64.47,64.47,64.47,64.47
Ocean Park,105.9482122,21.0007574,63.66,63.66,63.66,63.66,63.66,63.66,63.66,63.66,63.66,63.66,63.66,63.66,63.66,63.66,63.66,63.66,63.66
Ocean Park,105.9485971,21.0007552,59.78,59.78,59.78,59.78,59.78,59.78,59.78,59.78,59.78,59.78,59.78,59.78,59.78,59.78,59.78,59.78,59.78
Ocean Park,105.9489819,21.0007531,59.21,59.21,59.21,59.21,59.21,59.21,59.21,59.21,59.21,59.21,59.21,59.21,59.21,59.21,59.21,59.21,59.21
Ocean Park,105.9493667,21.0007509,61.95,61.95,61.95,61.95,61.95,61.95,61.95,61.95,61.95,61.95,61.95,61.95,61.95,61.95,61.95,61.95,61.95
Ocean Park,105.9497515,21.0007488,68.95,68.95,68.95,68.95,68.95,68.95,68.95,68.95,68.95,68.95,68.95,68.95,68.95,68.95,68.95,68.95,68.95
Ocean Park,105.9501364,21.0007466,62.44,62.44,62.44,62.44,62.44,62.44,62.44,62.44,62.44,62.44,62.44,62.44,62.44,62.44,62.44,62.44,62.44
Ocean Park,105.9505212,21.0007445,60.03,60.03,60.03,60.03,60.03,60.03,60.03,60.03,60.03,60.03,60.03,60.03,60.03,60.03,60.03,60.03,60.03
Ocean Park,105.950906,21.0007423,61.22,61.22,61.22,61.22,61.22,61.22,61.22,61.22,61.22,61.22,61.22,61.22,61.22,61.22,61.22,61.22,61.22
Ocean Park,105.9512909,21.0007402,64.32,64.32,64.32,64.32,64.32,64.32,64.32,64.32,64.32,64.32,64.32,64.32,64.32,64.32,64.32,64.32,64.32
Ocean Park,105.9516757,21.000738,67.83,67.83,67.83,67.83,67.83,67.83,67.83,67.83,67.83,67.83,67.83,67.83,67.83,67.83,67.83,67.83,67.83
Ocean Park,105.9520605,21.0007359,63.98,63.98,63.98,63.98,63.98,63.98,63.98,63.98,63.98,63.98,63.98,63.98,63.98,63.98,63.98,63.98,63.98
Ocean Park,105.9524453,21.0007337,66.81,66.81,66.81,66.81,66.81,66.81,66.81,66.81,66.81,66.81,66.81,66.81,66.81,66.81,66.81,66.81,66.81
Ocean Park,105.9528302,21.0007316,69.99,69.99,69.99,69.99,69.99,69.99,69.99,69.99,69.99,69.99,69.99,69.99,69.99,69.99,69.99,69.99,69.99
Vinh Tuy area,105.8619144,20.9869082,58.34,58.34,58.34,58.34,58.34,58.34,58.34,58.34,58.34,58.34,58.34,58.34,58.34,58.34,58.34,58.34,58.34
Vinh Tuy area,105.8622992,20.9869063,59.22,59.22,59.22,59.22,59.22,59.22,59.22,59.22,59.22,59.22,59.22,59.22,59.22,59.22,59.22,59.22,59.22
Vinh Tuy area,105.862684,20.9869043,61.54,61.54,61.54,61.54,61.54,61.54,61.54,61.54,61.54,61.54,61.54,61.54,61.54,61.54,61.54,61.54,61.54
Vinh Tuy area,105.8630688,20.9869024,69.36,69.36,69.36,69.36,69.36,69.36,69.36,69.36,69.36,69.36,69.36,69.36,69.36,69.36,69.36,69.36,69.36
Vinh Tuy area,105.8634536,20.9869004,69.22,69.22,69.22,69.22,69.22,69.22,69.22,69.22,69.22,69.22,69.22,69.22,69.22,69.22,69.22,69.22,69.22
Vinh Tuy area,105.8638384,20.9868985,64.25,64.25,64.25,64.25,64.25,64.25,64.25,64.25,64.25,64.25,64.25,64.25,64.25,64.25,64.25,64.25,64.25
Vinh Tuy area,105.8642232,20.9868965,64.47,64.47,64.47,64.47,64.47,64.47,64.47,64.47,64.47,64.47,64.47,64.47,64.47,64.47,64.47,64.47,64.47
Vinh Tuy area,105.864608,20.9868946,64.23,64.23,64.23,64.23,64.23,64.23,64.23,64.23,64.23,64.23,64.23,64.23,64.23,64.23,64.23,64.23,64.23
Vinh Tuy area,105.8649928,20.9868926,66.74,66.74,66.74,66.74,66.74,66.74,66.74,66.74,66.74,66.74,66.74,66.74,66.74,66.74,66.74,66.74,66.74
Vinh Tuy area,105.8653776,20.9868907,61.66,61.66,61.66,61.66,61.66,61.66,61.66,61.66,61.66,61.66,61.66,61.66,61.66,61.66,61.66,61.66,61.66
Vinh Tuy area,105.8657624,20.9868887,61.62,61.62,61.62,61.62,61.62,61.62,61.62,61.62,61.62,61.62,61.62,61.62,61.62,61.62,61.62,61.62,61.62
Vinh Tuy area,105.8661472,20.9868868,69.0,69.0,69.0,69.0,69.0,69.0,69.0,69.0,69.0,69.0,69.0,69.0,69.0,69.0,69.0,69.0,69.0
Vinh Tuy area,105.866532,20.9868848,61.08,61.08,61.08,61.08,61.08,61.08,61.08,61.08,61.08,61.08,61.08,61.08,61.08,61.08,61.08,61.08,61.08
Vinh Tuy area,105.8669168,20.9868828,60.23,60.23,60.23,60.23,60.23,60.23,60.23,60.23,60.23,60.23,60.23,60.23,60.23,60.23,60.23,60.23,60.23
Vinh Tuy area,105.8673016,20.9868809,60.34,60.34,60.34,60.34,60.34,60.34,60.34,60.34,60.34,60.34,60.34,60.34,60.34,60.34,60.34,60.34,60.34
Vinh Tuy area,105.8676864,20.9868789,61.53,61.53,61.53,61.53,61.53,61.53,61.53,61.53,61.53,61.53,61.53,61.53,61.53,61.53,61.53,61.53,61.53
Vinh Tuy area,105.8680712,20.986877,63.7,63.7,63.7,63.7,63.7,63.7,63.7,63.7,63.7,63.7,63.7,63.7,63.7,63.7,63.7,63.7,63.7
Vinh Tuy area,105.868456,20.986875,70.13,70.13,70.13,70.13,70.13,70.13,70.13,70.13,70.13,70.13,70.13,70.13,70.13,70.13,70.13,70.13,70.13
Vinh Tuy area,105.8688408,20.986873,65.83,65.83,65.83,65.83,65.83,65.83,65.83,65.83,65.83,65.83,65.83,65.83,65.83,65.83,65.83,65.83,65.83
Vinh Tuy area,105.8692256,20.9868711,64.99,64.99,64.99,64.99,64.99,64.99,64.99,64.99,64.99,64.99,64.99,64.99,64.99,64.99,64.99,64.99,64.99
Vinh Tuy area,105.8696104,20.9868691,69.22,69.22,69.22,69.22,69.22,69.22,69.22,69.22,69.22,69.22,69.22,69.22,69.22,69.22,69.22,69.22,69.22
Vinh Tuy area,105.8699952,20.9868671,63.83,63.83,63.83,63.83,63.83,63.83,63.83,63.83,63.83,63.83,63.83,63.83,63.83,63.83,63.83,63.83,63.83
Vinh Tuy area,105.87038,20.9868652,61.09,61.09,61.09,61.09,61.09,61.09,61.09,61.09,61.09,61.09,61.09,61.09,61.09,61.09,61.09,61.09,61.09
Vinh Tuy area,105.8707648,20.9868632,59.5,59.5,59.5,59.5,59.5,59.5,59.5,59.5,59.5,59.5,59.5,59.5,59.5,59.5,59.5,59.5,59.5
Vinh Tuy area,105.8711496,20.9868612,59.78,59.78,59.78,59.78,59.78,59.78,59.78,59.78,59.78,59.78,59.78,59.78,59.78,59.78,59.78,59.78,59.78
Vinh Tuy area,105.8715344,20.9868593,63.45,63.45,63.45,63.45,63.45,63.45,63.45,63.45,63.45,63.45,63.45,63.45,63.45,63.45,63.45,63.45,63.45
Vinh Tuy area,105.8719192,20.9868573,66.95,66.95,66.95,66.95,66.95,66.95,66.95,66.95,66.95,66.95,66.95,66.95,66.95,66.95,66.95,66.95,66.95
Vinh Tuy area,105.872304,20.9868553,64.72,64.72,64.72,64.72,64.72,64.72,64.72,64.72,64.72,64.72,64.72,64.72,64.72,64.72,64.72,64.72,64.72
Vinh Tuy area,105.8726888,20.9868534,62.63,62.63,62.63,62.63,62.63,62.63,62.63,62.63,62.63,62.63,62.63,62.63,62.63,62.63,62.63,62.63,62.63
Vinh Tuy area,105.8730736,20.9868514,59.28,59.28,59.28,59.28,59.28,59.28,59.28,59.28,59.28,59.28,59.28,59.28,59.28,59.28,59.28,59.28,59.28
Vinh Tuy area,105.8734584,20.9868494,58.81,58.81,58.81,58.81,58.81,58.81,58.81,58.81,58.81,58.81,58.81,58.81,58.81,58.81,58.81,58.81,58.81
Vinh Tuy area,105.8738432,20.9868474,60.63,60.63,60.63,60.63,60.63,60.63,60.63,60.63,60.63,60.63,60.63,60.63,60.63,60.63,60.63,60.63,60.63
Vinh Tuy area,105.8619164,20.9872696,57.9,57.9,57.9,57.9,57.9,57.9,57.9,57.9,57.9,57.9,57.9,57.9,57.9,57.9,57.9,57.9,57.9
Vinh Tuy area,105.8623012,20.9872677,59.42,59.42,59.42,59.42,59.42,59.42,59.42,59.42,59.42,59.42,59.42,59.42,59.42,59.42,59.42,59.42,59.42
Vinh Tuy area,105.862686,20.9872657,61.94,61.94,61.94,61.94,61.94,61.94,61.94,61.94,61.94,61.94,61.94,61.94,61.94,61.94,61.94,61.94,61.94
Vinh Tuy area,105.8630708,20.9872638,69.41,69.41,69.41,69.41,69.41,69.41,69.41,69.41,69.41,69.41,69.41,69.41,69.41,69.41,69.41,69.41,69.41
Vinh Tuy area,105.8634556,20.9872618,71.11,71.11,71.11,71.11,71.11,71.11,71.11,71.11,71.11,71.11,71.11,71.11,71.11,71.11,71.11,71.11,71.11
Vinh Tuy area,105.8638405,20.9872599,67.52,67.52,67.52,67.52,67.52,67.52,67.52,67.52,67.52,67.52,67.52,67.52,67.52,67.52,67.52,67.52,67.52
Vinh Tuy area,105.8642253,20.9872579,68.32,68.32,68.32,68.32,68.32,68.32,68.32,68.32,68.32,68.32,68.32,68.32,68.32,68.32,68.32,68.32,68.32
Vinh Tuy area,105.8646101,20.987256,69.04,69.04,69.04,69.04,69.04,69.04,69.04,69.04,69.04,69.04,69.04,69.04,69.04,69.04,69.04,69.04,69.04
Vinh Tuy area,105.8649949,20.987254,68.98,68.98,68.98,68.98,68.98,68.98,68.98,68.98,68.98,68.98,68.98,68.98,68.98,68.98,68.98,68.98,68.98
Vinh Tuy area,105.8653797,20.9872521,68.97,68.97,68.97,68.97,68.97,68.97,68.97,68.97,68.97,68.97,68.97,68.97,68.97,68.97,68.97,68.97,68.97
Vinh Tuy area,105.8657645,20.9872501,67.57,67.57,67.57,67.57,67.57,67.57,67.57,67.57,67.57,67.57,67.57,67.57,67.57,67.57,67.57,67.57,67.57
Vinh Tuy area,105.8661493,20.9872481,67.27,67.27,67.27,67.27,67.27,67.27,67.27,67.27,67.27,67.27,67.27,67.27,67.27,67.27,67.27,67.27,67.27
Vinh Tuy area,105.8665341,20.9872462,61.38,61.38,61.38,61.38,61.38,61.38,61.38,61.38,61.38,61.38,61.38,61.38,61.38,61.38,61.38,61.38,61.38
Vinh Tuy area,105.8669189,20.9872442,60.91,60.91,60.91,60.91,60.91,60.91,60.91,60.91,60.91,60.91,60.91,60.91,60.91,60.91,60.91,60.91,60.91
Vinh Tuy area,105.8673037,20.9872423,61.97,61.97,61.97,61.97,61.97,61.97,61.97,61.97,61.97,61.97,61.97,61.97,61.97,61.97,61.97,61.97,61.97
Vinh Tuy area,105.8676885,20.9872403,65.26,65.26,65.26,65.26,65.26,65.26,65.26,65.26,65.26,65.26,65.26,65.26,65.26,65.26,65.26,65.26,65.26
Vinh Tuy area,105.8680733,20.9872383,68.98,68.98,68.98,68.98,68.98,68.98,68.98,68.98,68.98,68.98,68.98,68.98,68.98,68.98,68.98,68.98,68.98
Vinh Tuy area,105.8684581,20.9872364,63.25,63.25,63.25,63.25,63.25,63.25,63.25,63.25,63.25,63.25,63.25,63.25,63.25,63.25,63.25,63.25,63.25
Vinh Tuy area,105.8688429,20.9872344,61.68,61.68,61.68,61.68,61.68,61.68,61.68,61.68,61.68,61.68,61.68,61.68,61.68,61.68,61.68,61.68,61.68
Vinh Tuy area,105.8692277,20.9872325,61.28,61.28,61.28,61.28,61.28,61.28,61.28,61.28,61.28,61.28,61.28,61.28,61.28,61.28,61.28,61.28,61.28
Vinh Tuy area,105.8696125,20.9872305,61.94,61.94,61.94,61.94,61.94,61.94,61.94,61.94,61.94,61.94,61.94,61.94,61.94,61.94,61.94,61.94,61.94
Vinh Tuy area,105.8699973,20.9872285,65.81,65.81,65.81,65.81,65.81,65.81,65.81,65.81,65.81,65.81,65.81,65.81,65.81,65.81,65.81,65.81,65.81
Vinh Tuy area,105.8703821,20.9872266,64.39,64.39,64.39,64.39,64.39,64.39,64.39,64.39,64.39,64.39,64.39,64.39,64.39,64.39,64.39,64.39,64.39
Vinh Tuy area,105.8707669,20.9872246,60.59,60.59,60.59,60.59,60.59,60.59,60.59,60.59,60.59,60.59,60.59,60.59,60.59,60.59,60.59,60.59,60.59
Vinh Tuy area,105.8711517,20.9872226,58.97,58.97,58.97,58.97,58.97,58.97,58.97,58.97,58.97,58.97,58.97,58.97,58.97,58.97,58.97,58.97,58.97
Vinh Tuy area,105.8715365,20.9872207,60.38,60.38,60.38,60.38,60.38,60.38,60.38,60.38,60.38,60.38,60.38,60.38,60.38,60.38,60.38,60.38,60.38
Vinh Tuy area,105.8719213,20.9872187,60.27,60.27,60.27,60.27,60.27,60.27,60.27,60.27,60.27,60.27,60.27,60.27,60.27,60.27,60.27,60.27,60.27
Vinh Tuy area,105.8723061,20.9872167,61.8,61.8,61.8,61.8,61.8,61.8,61.8,61.8,61.8,61.8,61.8,61.8,61.8,61.8,61.8,61.8,61.8
Vinh Tuy area,105.8726909,20.9872147,62.83,62.83,62.83,62.83,62.83,62.83,62.83,62.83,62.83,62.83,62.83,62.83,62.83,62.83,62.83,62.83,62.83
Vinh Tuy area,105.8730757,20.9872128,59.2,59.2,59.2,59.2,59.2,59.2,59.2,59.2,59.2,59.2,59.2,59.2,59.2,59.2,59.2,59.2,59.2
Vinh Tuy area,105.8734605,20.9872108,58.8,58.8,58.8,58.8,58.8,58.8,58.8,58.8,58.8,58.8,58.8,58.8,58.8,58.8,58.8,58.8,58.8
Vinh Tuy area,105.8738453,20.9872088,61.83,61.83,61.83,61.83,61.83,61.83,61.83,61.83,61.83,61.83,61.83,61.83,61.83,61.83,61.83,61.83,61.83
Vinh Tuy area,105.8619185,20.987631,58.05,58.05,58.05,58.05,58.05,58.05,58.05,58.05,58.05,58.05,58.05,58.05,58.05,58.05,58.05,58.05,58.05
Vinh Tuy area,105.8623033,20.9876291,59.64,59.64,59.64,59.64,59.64,59.64,59.64,59.64,59.64,59.64,59.64,59.64,59.64,59.64,59.64,59.64,59.64
Vinh Tuy area,105.8626881,20.9876271,62.39,62.39,62.39,62.39,62.39,62.39,62.39,62.39,62.39,62.39,62.39,62.39,62.39,62.39,62.39,62.39,62.39
Vinh Tuy area,105.8630729,20.9876252,68.86,68.86,68.86,68.86,68.86,68.86,68.86,68.86,68.86,68.86,68.86,68.86,68.86,68.86,68.86,68.86,68.86
Vinh Tuy area,105.8634577,20.9876232,71.16,71.16,71.16,71.16,71.16,71.16,71.16,71.16,71.16,71.16,71.16,71.16,71.16,71.16,71.16,71.16,71.16
Vinh Tuy area,105.8638425,20.9876213,67.9,67.9,67.9,67.9,67.9,67.9,67.9,67.9,67.9,67.9,67.9,67.9,67.9,67.9,67.9,67.9,67.9
Vinh Tuy area,105.8642273,20.9876193,69.13,69.13,69.13,69.13,69.13,69.13,69.13,69.13,69.13,69.13,69.13,69.13,69.13,69.13,69.13,69.13,69.13
Vinh Tuy area,105.8646121,20.9876173,69.03,69.03,69.03,69.03,69.03,69.03,69.03,69.03,69.03,69.03,69.03,69.03,69.03,69.03,69.03,69.03,69.03
Vinh Tuy area,105.8649969,20.9876154,68.97,68.97,68.97,68.97,68.97,68.97,68.97,68.97,68.97,68.97,68.97,68.97,68.97,68.97,68.97,68.97,68.97
Vinh Tuy area,105.8653817,20.9876134,61.4,61.4,61.4,61.4,61.4,61.4,61.4,61.4,61.4,61.4,61.4,61.4,61.4,61.4,61.4,61.4,61.4
Vinh Tuy area,105.8657665,20.9876115,61.3,61.3,61.3,61.3,61.3,61.3,61.3,61.3,61.3,61.3,61.3,61.3,61.3,61.3,61.3,61.3,61.3
Vinh Tuy area,105.8661513,20.9876095,62.77,62.77,62.77,62.77,62.77,62.77,62.77,62.77,62.77,62.77,62.77,62.77,62.77,62.77,62.77,62.77,62.77
Vinh Tuy area,105.8665362,20.9876076,62.01,62.01,62.01,62.01,62.01,62.01,62.01,62.01,62.01,62.01,62.01,62.01,62.01,62.01,62.01,62.01,62.01
Vinh Tuy area,105.866921,20.9876056,63.33,63.33,63.33,63.33,63.33,63.33,63.33,63.33,63.33,63.33,63.33,63.33,63.33,63.33,63.33,63.33,63.33
Vinh Tuy area,105.8673058,20.9876037,69.93,69.93,69.93,69.93,69.93,69.93,69.93,69.93,69.93,69.93,69.93,69.93,69.93,69.93,69.93,69.93,69.93
Vinh Tuy area,105.8676906,20.9876017,64.65,64.65,64.65,64.65,64.65,64.65,64.65,64.65,64.65,64.65,64.65,64.65,64.65,64.65,64.65,64.65,64.65
Vinh Tuy area,105.8680754,20.9875997,61.7,61.7,61.7,61.7,61.7,61.7,61.7,61.7,61.7,61.7,61.7,61.7,61.7,61.7,61.7,61.7,61.7
Vinh Tuy area,105.8684602,20.9875978,60.33,60.33,60.33,60.33,60.33,60.33,60.33,60.33,60.33,60.33,60.33,60.33,60.33,60.33,60.33,60.33,60.33
Vinh Tuy area,105.868845,20.9875958,59.63,59.63,59.63,59.63,59.63,59.63,59.63,59.63,59.63,59.63,59.63,59.63,59.63,59.63,59.63,59.63,59.63
Vinh Tuy area,105.8692298,20.9875938,59.38,59.38,59.38,59.38,59.38,59.38,59.38,59.38,59.38,59.38,59.38,59.38,59.38,59.38,59.38,59.38,59.38
Vinh Tuy area,105.8696146,20.9875919,59.72,59.72,59.72,59.72,59.72,59.72,59.72,59.72,59.72,59.72,59.72,59.72,59.72,59.72,59.72,59.72,59.72
Vinh Tuy area,105.8699994,20.9875899,60.96,60.96,60.96,60.96,60.96,60.96,60.96,60.96,60.96,60.96,60.96,60.96,60.96,60.96,60.96,60.96,60.96
Vinh Tuy area,105.8703842,20.9875879,65.34,65.34,65.34,65.34,65.34,65.34,65.34,65.34,65.34,65.34,65.34,65.34,65.34,65.34,65.34,65.34,65.34
Vinh Tuy area,105.870769,20.987586,63.64,63.64,63.64,63.64,63.64,63.64,63.64,63.64,63.64,63.64,63.64,63.64,63.64,63.64,63.64,63.64,63.64
Vinh Tuy area,105.8711538,20.987584,59.92,59.92,59.92,59.92,59.92,59.92,59.92,59.92,59.92,59.92,59.92,59.92,59.92,59.92,59.92,59.92,59.92
Vinh Tuy area,105.8715386,20.987582,58.22,58.22,58.22,58.22,58.22,58.22,58.22,58.22,58.22,58.22,58.22,58.22,58.22,58.22,58.22,58.22,58.22
Vinh Tuy area,105.8719234,20.9875801,58.09,58.09,58.09,58.09,58.09,58.09,58.09,58.09,58.09,58.09,58.09,58.09,58.09,58.09,58.09,58.09,58.09
Vinh Tuy area,105.8723082,20.9875781,59.02,59.02,59.02,59.02,59.02,59.02,59.02,59.02,59.02,59.02,59.02,59.02,59.02,59.02,59.02,59.02,59.02
Vinh Tuy area,105.872693,20.9875761,59.15,59.15,59.15,59.15,59.15,59.15,59.15,59.15,59.15,59.15,59.15,59.15,59.15,59.15,59.15,59.15,59.15
Vinh Tuy area,105.8730778,20.9875742,59.18,59.18,59.18,59.18,59.18,59.18,59.18,59.18,59.18,59.18,59.18,59.18,59.18,59.18,59.18,59.18,59.18
Vinh Tuy area,105.8734626,20.9875722,60.47,60.47,60.47,60.47,60.47,60.47,60.47,60.47,60.47,60.47,60.47,60.47,60.47,60.47,60.47,60.47,60.47
Vinh Tuy area,105.8738474,20.9875702,65.01,65.01,65.01,65.01,65.01,65.01,65.01,65.01,65.01,65.01,65.01,65.01,65.01,65.01,65.01,65.01,65.01
Vinh Tuy area,105.8619206,20.9879924,58.2,58.2,58.2,58.2,58.2,58.2,58.2,58.2,58.2,58.2,58.2,58.2,58.2,58.2,58.2,58.2,58.2
Vinh Tuy area,105.8623054,20.9879904,59.87,59.87,59.87,59.87,59.87,59.87,59.87,59.87,59.87,59.87,59.87,59.87,59.87,59.87,59.87,59.87,59.87
Vinh Tuy area,105.8626902,20.9879885,62.9,62.9,62.9,62.9,62.9,62.9,62.9,62.9,62.9,62.9,62.9,62.9,62.9,62.9,62.9,62.9,62.9
Vinh Tuy area,105.863075,20.9879865,67.03,67.03,67.03,67.03,67.03,67.03,67.03,67.03,67.03,67.03,67.03,67.03,67.03,67.03,67.03,67.03,67.03
Vinh Tuy area,105.8634598,20.9879846,72.24,72.24,72.24,72.24,72.24,72.24,72.24,72.24,72.24,72.24,72.24,72.24,72.24,72.24,72.24,72.24,72.24
Vinh Tuy area,105.8638446,20.9879826,67.51,67.51,67.51,67.51,67.51,67.51,67.51,67.51,67.51,67.51,67.51,67.51,67.51,67.51,67.51,67.51,67.51
Vinh Tuy area,105.8642294,20.9879807,65.73,65.73,65.73,65.73,65.73,65.73,65.73,65.73,65.73,65.73,65.73,65.73,65.73,65.73,65.73,65.73,65.73
Vinh Tuy area,105.8646142,20.9879787,64.5,64.5,64.5,64.5,64.5,64.5,64.5,64.5,64.5,64.5,64.5,64.5,64.5,64.5,64.5,64.5,64.5
Vinh Tuy area,105.864999,20.9879768,65.05,65.05,65.05,65.05,65.05,65.05,65.05,65.05,65.05,65.05,65.05,65.05,65.05,65.05,65.05,65.05,65.05
Vinh Tuy area,105.8653838,20.9879748,62.87,62.87,62.87,62.87,62.87,62.87,62.87,62.87,62.87,62.87,62.87,62.87,62.87,62.87,62.87,62.87,62.87
Vinh Tuy area,105.8657686,20.9879729,60.64,60.64,60.64,60.64,60.64,60.64,60.64,60.64,60.64,60.64,60.64,60.64,60.64,60.64,60.64,60.64,60.64
Vinh Tuy area,105.8661534,20.9879709,61.59,61.59,61.59,61.59,61.59,61.59,61.59,61.59,61.59,61.59,61.59,61.59,61.59,61.59,61.59,61.59,61.59
Vinh Tuy area,105.8665382,20.987969,63.77,63.77,63.77,63.77,63.77,63.77,63.77,63.77,63.77,63.77,63.77,63.77,63.77,63.77,63.77,63.77,63.77
Vinh Tuy area,105.866923,20.987967,69.95,69.95,69.95,69.95,69.95,69.95,69.95,69.95,69.95,69.95,69.95,69.95,69.95,69.95,69.95,69.95,69.95
Vinh Tuy area,105.8673078,20.987965,62.95,62.95,62.95,62.95,62.95,62.95,62.95,62.95,62.95,62.95,62.95,62.95,62.95,62.95,62.95,62.95,62.95
Vinh Tuy area,105.8676926,20.9879631,61.12,61.12,61.12,61.12,61.12,61.12,61.12,61.12,61.12,61.12,61.12,61.12,61.12,61.12,61.12,61.12,61.12
Vinh Tuy area,105.8680774,20.9879611,60.18,60.18,60.18,60.18,60.18,60.18,60.18,60.18,60.18,60.18,60.18,60.18,60.18,60.18,60.18,60.18,60.18
Vinh Tuy area,105.8684623,20.9879592,59.37,59.37,59.37,59.37,59.37,59.37,59.37,59.37,59.37,59.37,59.37,59.37,59.37,59.37,59.37,59.37,59.37
Vinh Tuy area,105.8688471,20.9879572,58.51,58.51,58.51,58.51,58.51,58.51,58.51,58.51,58.51,58.51,58.51,58.51,58.51,58.51,58.51,58.51,58.51
Vinh Tuy area,105.8692319,20.9879552,58.13,58.13,58.13,58.13,58.13,58.13,58.13,58.13,58.13,58.13,58.13,58.13,58.13,58.13,58.13,58.13,58.13
Vinh Tuy area,105.8696167,20.9879533,58.36,58.36,58.36,58.36,58.36,58.36,58.36,58.36,58.36,58.36,58.36,58.36,58.36,58.36,58.36,58.36,58.36
Vinh Tuy area,105.8700015,20.9879513,59.1,59.1,59.1,59.1,59.1,59.1,59.1,59.1,59.1,59.1,59.1,59.1,59.1,59.1,59.1,59.1,59.1
Vinh Tuy area,105.8703863,20.9879493,60.91,60.91,60.91,60.91,60.91,60.91,60.91,60.91,60.91,60.91,60.91,60.91,60.91,60.91,60.91,60.91,60.91
Vinh Tuy area,105.8707711,20.9879474,67.82,67.82,67.82,67.82,67.82,67.82,67.82,67.82,67.82,67.82,67.82,67.82,67.82,67.82,67.82,67.82,67.82
Vinh Tuy area,105.8711559,20.9879454,62.25,62.25,62.25,62.25,62.25,62.25,62.25,62.25,62.25,62.25,62.25,62.25,62.25,62.25,62.25,62.25,62.25
Vinh Tuy area,105.8715407,20.9879434,59.18,59.18,59.18,59.18,59.18,59.18,59.18,59.18,59.18,59.18,59.18,59.18,59.18,59.18,59.18,59.18,59.18
Vinh Tuy area,105.8719255,20.9879415,57.62,57.62,57.62,57.62,57.62,57.62,57.62,57.62,57.62,57.62,57.62,57.62,57.62,57.62,57.62,57.62,57.62
Vinh Tuy area,105.8723103,20.9879395,58.6,58.6,58.6,58.6,58.6,58.6,58.6,58.6,58.6,58.6,58.6,58.6,58.6,58.6,58.6,58.6,58.6
Vinh Tuy area,105.8726951,20.9879375,60.12,60.12,60.12,60.12,60.12,60.12,60.12,60.12,60.12,60.12,60.12,60.12,60.12,60.12,60.12,60.12,60.12
Vinh Tuy area,105.8730799,20.9879355,62.76,62.76,62.76,62.76,62.76,62.76,62.76,62.76,62.76,62.76,62.76,62.76,62.76,62.76,62.76,62.76,62.76
Vinh Tuy area,105.8734647,20.9879336,68.89,68.89,68.89,68.89,68.89,68.89,68.89,68.89,68.89,68.89,68.89,68.89,68.89,68.89,68.89,68.89,68.89
Vinh Tuy area,105.8738495,20.9879316,65.31,65.31,65.31,65.31,65.31,65.31,65.31,65.31,65.31,65.31,65.31,65.31,65.31,65.31,65.31,65.31,65.31
Vinh Tuy area,105.8619227,20.9883538,58.32,58.32,58.32,58.32,58.32,58.32,58.32,58.32,58.32,58.32,58.32,58.32,58.32,58.32,58.32,58.32,58.32
Vinh Tuy area,105.8623075,20.9883518,60.06,60.06,60.06,60.06,60.06,60.06,60.06,60.06,60.06,60.06,60.06,60.06,60.06,60.06,60.06,60.06,60.06
Vinh Tuy area,105.8626923,20.9883499,63.36,63.36,63.36,63.36,63.36,63.36,63.36,63.36,63.36,63.36,63.36,63.36,63.36,63.36,63.36,63.36,63.36
Vinh Tuy area,105.8630771,20.9883479,66.27,66.27,66.27,66.27,66.27,66.27,66.27,66.27,66.27,66.27,66.27,66.27,66.27,66.27,66.27,66.27,66.27
Vinh Tuy area,105.8634619,20.988346,68.05,68.05,68.05,68.05,68.05,68.05,68.05,68.05,68.05,68.05,68.05,68.05,68.05,68.05,68.05,68.05,68.05
Vinh Tuy area,105.8638467,20.988344,63.37,63.37,63.37,63.37,63.37,63.37,63.37,63.37,63.37,63.37,63.37,63.37,63.37,63.37,63.37,63.37,63.37
Vinh Tuy area,105.8642315,20.9883421,63.56,63.56,63.56,63.56,63.56,63.56,63.56,63.56,63.56,63.56,63.56,63.56,63.56,63.56,63.56,63.56,63.56
Vinh Tuy area,105.8646163,20.9883401,66.9,66.9,66.9,66.9,66.9,66.9,66.9,66.9,66.9,66.9,66.9,66.9,66.9,66.9,66.9,66.9,66.9
Vinh Tuy area,105.8650011,20.9883382,68.94,68.94,68.94,68.94,68.94,68.94,68.94,68.94,68.94,68.94,68.94,68.94,68.94,68.94,68.94,68.94,68.94
Vinh Tuy area,105.8653859,20.9883362,62.53,62.53,62.53,62.53,62.53,62.53,62.53,62.53,62.53,62.53,62.53,62.53,62.53,62.53,62.53,62.53,62.53
Vinh Tuy area,105.8657707,20.9883343,61.69,61.69,61.69,61.69,61.69,61.69,61.69,61.69,61.69,61.69,61.69,61.69,61.69,61.69,61.69,61.69,61.69
Vinh Tuy area,105.8661555,20.9883323,63.83,63.83,63.83,63.83,63.83,63.83,63.83,63.83,63.83,63.83,63.83,63.83,63.83,63.83,63.83,63.83,63.83
Vinh Tuy area,105.8665403,20.9883303,70.01,70.01,70.01,70.01,70.01,70.01,70.01,70.01,70.01,70.01,70.01,70.01,70.01,70.01,70.01,70.01,70.01
Vinh Tuy area,105.8669251,20.9883284,62.69,62.69,62.69,62.69,62.69,62.69,62.69,62.69,62.69,62.69,62.69,62.69,62.69,62.69,62.69,62.69,62.69
Vinh Tuy area,105.8673099,20.9883264,60.74,60.74,60.74,60.74,60.74,60.74,60.74,60.74,60.74,60.74,60.74,60.74,60.74,60.74,60.74,60.74,60.74
Vinh Tuy area,105.8676947,20.9883245,60.45,60.45,60.45,60.45,60.45,60.45,60.45,60.45,60.45,60.45,60.45,60.45,60.45,60.45,60.45,60.45,60.45
Vinh Tuy area,105.8680795,20.9883225,60.46,60.46,60.46,60.46,60.46,60.46,60.46,60.46,60.46,60.46,60.46,60.46,60.46,60.46,60.46,60.46,60.46
Vinh Tuy area,105.8684643,20.9883205,59.63,59.63,59.63,59.63,59.63,59.63,59.63,59.63,59.63,59.63,59.63,59.63,59.63,59.63,59.63,59.63,59.63
Vinh Tuy area,105.8688491,20.9883186,58.48,58.48,58.48,58.48,58.48,58.48,58.48,58.48,58.48,58.48,58.48,58.48,58.48,58.48,58.48,58.48,58.48
Vinh Tuy area,105.869234,20.9883166,57.56,57.56,57.56,57.56,57.56,57.56,57.56,57.56,57.56,57.56,57.56,57.56,57.56,57.56,57.56,57.56,57.56
Vinh Tuy area,105.8696188,20.9883146,57.39,57.39,57.39,57.39,57.39,57.39,57.39,57.39,57.39,57.39,57.39,57.39,57.39,57.39,57.39,57.39,57.39
Vinh Tuy area,105.8700036,20.9883127,57.95,57.95,57.95,57.95,57.95,57.95,57.95,57.95,57.95,57.95,57.95,57.95,57.95,57.95,57.95,57.95,57.95
Vinh Tuy area,105.8703884,20.9883107,59.06,59.06,59.06,59.06,59.06,59.06,59.06,59.06,59.06,59.06,59.06,59.06,59.06,59.06,59.06,59.06,59.06
Vinh Tuy area,105.8707732,20.9883087,61.55,61.55,61.55,61.55,61.55,61.55,61.55,61.55,61.55,61.55,61.55,61.55,61.55,61.55,61.55,61.55,61.55
Vinh Tuy area,105.871158,20.9883068,68.9,68.9,68.9,68.9,68.9,68.9,68.9,68.9,68.9,68.9,68.9,68.9,68.9,68.9,68.9,68.9,68.9
Vinh Tuy area,105.8715428,20.9883048,60.87,60.87,60.87,60.87,60.87,60.87,60.87,60.87,60.87,60.87,60.87,60.87,60.87,60.87,60.87,60.87,60.87
Vinh Tuy area,105.8719276,20.9883028,58.48,58.48,58.48,58.48,58.48,58.48,58.48,58.48,58.48,58.48,58.48,58.48,58.48,58.48,58.48,58.48,58.48
Vinh Tuy area,105.8723124,20.9883009,59.41,59.41,59.41,59.41,59.41,59.41,59.41,59.41,59.41,59.41,59.41,59.41,59.41,59.41,59.41,59.41,59.41
Vinh Tuy area,105.8726972,20.9882989,65.31,65.31,65.31,65.31,65.31,65.31,65.31,65.31,65.31,65.31,65.31,65.31,65.31,65.31,65.31,65.31,65.31
Vinh Tuy area,105.873082,20.9882969,66.61,66.61,66.61,66.61,66.61,66.61,66.61,66.61,66.61,66.61,66.61,66.61,66.61,66.61,66.61,66.61,66.61
Vinh Tuy area,105.8734668,20.988295,62.58,62.58,62.58,62.58,62.58,62.58,62.58,62.58,62.58,62.58,62.58,62.58,62.58,62.58,62.58,62.58,62.58
Vinh Tuy area,105.8738516,20.988293,65.8,65.8,65.8,65.8,65.8,65.8,65.8,65.8,65.8,65.8,65.8,65.8,65.8,65.8,65.8,65.8,65.8
Vinh Tuy area,105.8619247,20.9887152,58.95,58.95,58.95,58.95,58.95,58.95,58.95,58.95,58.95,58.95,58.95,58.95,58.95,58.95,58.95,58.95,58.95
Vinh Tuy area,105.8623095,20.9887132,60.19,60.19,60.19,60.19,60.19,60.19,60.19,60.19,60.19,60.19,60.19,60.19,60.19,60.19,60.19,60.19,60.19
Vinh Tuy area,105.8626943,20.9887113,63.61,63.61,63.61,63.61,63.61,63.61,63.61,63.61,63.61,63.61,63.61,63.61,63.61,63.61,63.61,63.61,63.61
Vinh Tuy area,105.8630792,20.9887093,66.3,66.3,66.3,66.3,66.3,66.3,66.3,66.3,66.3,66.3,66.3,66.3,66.3,66.3,66.3,66.3,66.3
Vinh Tuy area,105.863464,20.9887074,70.42,70.42,70.42,70.42,70.42,70.42,70.42,70.42,70.42,70.42,70.42,70.42,70.42,70.42,70.42,70.42,70.42
Vinh Tuy area,105.8638488,20.9887054,69.29,69.29,69.29,69.29,69.29,69.29,69.29,69.29,69.29,69.29,69.29,69.29,69.29,69.29,69.29,69.29,69.29
Vinh Tuy area,105.8642336,20.9887035,69.09,69.09,69.09,69.09,69.09,69.09,69.09,69.09,69.09,69.09,69.09,69.09,69.09,69.09,69.09,69.09,69.09
Vinh Tuy area,105.8646184,20.9887015,65.01,65.01,65.01,65.01,65.01,65.01,65.01,65.01,65.01,65.01,65.01,65.01,65.01,65.01,65.01,65.01,65.01
Vinh Tuy area,105.8650032,20.9886995,63.22,63.22,63.22,63.22,63.22,63.22,63.22,63.22,63.22,63.22,63.22,63.22,63.22,63.22,63.22,63.22,63.22
Vinh Tuy area,105.865388,20.9886976,69.25,69.25,69.25,69.25,69.25,69.25,69.25,69.25,69.25,69.25,69.25,69.25,69.25,69.25,69.25,69.25,69.25
Vinh Tuy area,105.8657728,20.9886956,64.54,64.54,64.54,64.54,64.54,64.54,64.54,64.54,64.54,64.54,64.54,64.54,64.54,64.54,64.54,64.54,64.54
Vinh Tuy area,105.8661576,20.9886937,70.48,70.48,70.48,70.48,70.48,70.48,70.48,70.48,70.48,70.48,70.48,70.48,70.48,70.48,70.48,70.48,70.48
Vinh Tuy area,105.8665424,20.9886917,63.73,63.73,63.73,63.73,63.73,63.73,63.73,63.73,63.73,63.73,63.73,63.73,63.73,63.73,63.73,63.73,63.73
Vinh Tuy area,105.8669272,20.9886898,61.13,61.13,61.13,61.13,61.13,61.13,61.13,61.13,61.13,61.13,61.13,61.13,61.13,61.13,61.13,61.13,61.13
Vinh Tuy area,105.867312,20.9886878,60.47,60.47,60.47,60.47,60.47,60.47,60.47,60.47,60.47,60.47,60.47,60.47,60.47,60.47,60.47,60.47,60.47
Vinh Tuy area,105.8676968,20.9886858,61.36,61.36,61.36,61.36,61.36,61.36,61.36,61.36,61.36,61.36,61.36,61.36,61.36,61.36,61.36,61.36,61.36
Vinh Tuy area,105.8680816,20.9886839,64.08,64.08,64.08,64.08,64.08,64.08,64.08,64.08,64.08,64.08,64.08,64.08,64.08,64.08,64.08,64.08,64.08
Vinh Tuy area,105.8684664,20.9886819,60.8,60.8,60.8,60.8,60.8,60.8,60.8,60.8,60.8,60.8,60.8,60.8,60.8,60.8,60.8,60.8,60.8
Vinh Tuy area,105.8688512,20.98868,58.88,58.88,58.88,58.88,58.88,58.88,58.88,58.88,58.88,58.88,58.88,58.88,58.88,58.88,58.88,58.88,58.88
Vinh Tuy area,105.869236,20.988678,57.79,57.79,57.79,57.79,57.79,57.79,57.79,57.79,57.79,57.79,57.79,57.79,57.79,57.79,57.79,57.79,57.79
Vinh Tuy area,105.8696208,20.988676,56.92,56.92,56.92,56.92,56.92,56.92,56.92,56.92,56.92,56.92,56.92,56.92,56.92,56.92,56.92,56.92,56.92
Vinh Tuy area,105.8700057,20.9886741,57.08,57.08,57.08,57.08,57.08,57.08,57.08,57.08,57.08,57.08,57.08,57.08,57.08,57.08,57.08,57.08,57.08
Vinh Tuy area,105.8703905,20.9886721,57.9,57.9,57.9,57.9,57.9,57.9,57.9,57.9,57.9,57.9,57.9,57.9,57.9,57.9,57.9,57.9,57.9
Vinh Tuy area,105.8707753,20.9886701,59.43,59.43,59.43,59.43,59.43,59.43,59.43,59.43,59.43,59.43,59.43,59.43,59.43,59.43,59.43,59.43,59.43
Vinh Tuy area,105.8711601,20.9886682,63.1,63.1,63.1,63.1,63.1,63.1,63.1,63.1,63.1,63.1,63.1,63.1,63.1,63.1,63.1,63.1,63.1
Vinh Tuy area,105.8715449,20.9886662,65.27,65.27,65.27,65.27,65.27,65.27,65.27,65.27,65.27,65.27,65.27,65.27,65.27,65.27,65.27,65.27,65.27
Vinh Tuy area,105.8719297,20.9886642,60.16,60.16,60.16,60.16,60.16,60.16,60.16,60.16,60.16,60.16,60.16,60.16,60.16,60.16,60.16,60.16,60.16
Vinh Tuy area,105.8723145,20.9886623,58.54,58.54,58.54,58.54,58.54,58.54,58.54,58.54,58.54,58.54,58.54,58.54,58.54,58.54,58.54,58.54,58.54
Vinh Tuy area,105.8726993,20.9886603,60.26,60.26,60.26,60.26,60.26,60.26,60.26,60.26,60.26,60.26,60.26,60.26,60.26,60.26,60.26,60.26,60.26
Vinh Tuy area,105.8730841,20.9886583,59.73,59.73,59.73,59.73,59.73,59.73,59.73,59.73,59.73,59.73,59.73,59.73,59.73,59.73,59.73,59.73,59.73
Vinh Tuy area,105.8734689,20.9886563,59.86,59.86,59.86,59.86,59.86,59.86,59.86,59.86,59.86,59.86,59.86,59.86,59.86,59.86,59.86,59.86,59.86
Vinh Tuy area,105.8738537,20.9886544,65.36,65.36,65.36,65.36,65.36,65.36,65.36,65.36,65.36,65.36,65.36,65.36,65.36,65.36,65.36,65.36,65.36
Vinh Tuy area,105.8619268,20.9890765,60.26,60.26,60.26,60.26,60.26,60.26,60.26,60.26,60.26,60.26,60.26,60.26,60.26,60.26,60.26,60.26,60.26
Vinh Tuy area,105.8623116,20.9890746,61.29,61.29,61.29,61.29,61.29,61.29,61.29,61.29,61.29,61.29,61.29,61.29,61.29,61.29,61.29,61.29,61.29
Vinh Tuy area,105.8626964,20.9890726,64.11,64.11,64.11,64.11,64.11,64.11,64.11,64.11,64.11,64.11,64.11,64.11,64.11,64.11,64.11,64.11,64.11
Vinh Tuy area,105.8630812,20.9890707,66.34,66.34,66.34,66.34,66.34,66.34,66.34,66.34,66.34,66.34,66.34,66.34,66.34,66.34,66.34,66.34,66.34
Vinh Tuy area,105.863466,20.9890687,67.33,67.33,67.33,67.33,67.33,67.33,67.33,67.33,67.33,67.33,67.33,67.33,67.33,67.33,67.33,67.33,67.33
Vinh Tuy area,105.8638508,20.9890668,63.81,63.81,63.81,63.81,63.81,63.81,63.81,63.81,63.81,63.81,63.81,63.81,63.81,63.81,63.81,63.81,63.81
Vinh Tuy area,105.8642356,20.9890648,61.74,61.74,61.74,61.74,61.74,61.74,61.74,61.74,61.74,61.74,61.74,61.74,61.74,61.74,61.74,61.74,61.74
Vinh Tuy area,105.8646205,20.9890629,61.0,61.0,61.0,61.0,61.0,61.0,61.0,61.0,61.0,61.0,61.0,61.0,61.0,61.0,61.0,61.0,61.0
Vinh Tuy area,105.8650053,20.9890609,61.69,61.69,61.69,61.69,61.69,61.69,61.69,61.69,61.69,61.69,61.69,61.69,61.69,61.69,61.69,61.69,61.69
Vinh Tuy area,105.8653901,20.989059,64.7,64.7,64.7,64.7,64.7,64.7,64.7,64.7,64.7,64.7,64.7,64.7,64.7,64.7,64.7,64.7,64.7
Vinh Tuy area,105.8657749,20.989057,72.34,72.34,72.34,72.34,72.34,72.34,72.34,72.34,72.34,72.34,72.34,72.34,72.34,72.34,72.34,72.34,72.34
Vinh Tuy area,105.8661597,20.9890551,69.16,69.16,69.16,69.16,69.16,69.16,69.16,69.16,69.16,69.16,69.16,69.16,69.16,69.16,69.16,69.16,69.16
Vinh Tuy area,105.8665445,20.9890531,64.23,64.23,64.23,64.23,64.23,64.23,64.23,64.23,64.23,64.23,64.23,64.23,64.23,64.23,64.23,64.23,64.23
Vinh Tuy area,105.8669293,20.9890511,61.29,61.29,61.29,61.29,61.29,61.29,61.29,61.29,61.29,61.29,61.29,61.29,61.29,61.29,61.29,61.29,61.29
Vinh Tuy area,105.8673141,20.9890492,60.85,60.85,60.85,60.85,60.85,60.85,60.85,60.85,60.85,60.85,60.85,60.85,60.85,60.85,60.85,60.85,60.85
Vinh Tuy area,105.8676989,20.9890472,66.26,66.26,66.26,66.26,66.26,66.26,66.26,66.26,66.26,66.26,66.26,66.26,66.26,66.26,66.26,66.26,66.26
Vinh Tuy area,105.8680837,20.9890453,67.62,67.62,67.62,67.62,67.62,67.62,67.62,67.62,67.62,67.62,67.62,67.62,67.62,67.62,67.62,67.62,67.62
Vinh Tuy area,105.8684685,20.9890433,63.55,63.55,63.55,63.55,63.55,63.55,63.55,63.55,63.55,63.55,63.55,63.55,63.55,63.55,63.55,63.55,63.55
Vinh Tuy area,105.8688533,20.9890413,60.18,60.18,60.18,60.18,60.18,60.18,60.18,60.18,60.18,60.18,60.18,60.18,60.18,60.18,60.18,60.18,60.18
Vinh Tuy area,105.8692381,20.9890394,58.28,58.28,58.28,58.28,58.28,58.28,58.28,58.28,58.28,58.28,58.28,58.28,58.28,58.28,58.28,58.28,58.28
Vinh Tuy area,105.8696229,20.9890374,57.03,57.03,57.03,57.03,57.03,57.03,57.03,57.03,57.03,57.03,57.03,57.03,57.03,57.03,57.03,57.03,57.03
Vinh Tuy area,105.8700077,20.9890355,56.4,56.4,56.4,56.4,56.4,56.4,56.4,56.4,56.4,56.4,56.4,56.4,56.4,56.4,56.4,56.4,56.4
Vinh Tuy area,105.8703926,20.9890335,57.04,57.04,57.04,57.04,57.04,57.04,57.04,57.04,57.04,57.04,57.04,57.04,57.04,57.04,57.04,57.04,57.04
Vinh Tuy area,105.8707774,20.9890315,58.09,58.09,58.09,58.09,58.09,58.09,58.09,58.09,58.09,58.09,58.09,58.09,58.09,58.09,58.09,58.09,58.09
Vinh Tuy area,105.8711622,20.9890296,59.97,59.97,59.97,59.97,59.97,59.97,59.97,59.97,59.97,59.97,59.97,59.97,59.97,59.97,59.97,59.97,59.97
Vinh Tuy area,105.871547,20.9890276,64.36,64.36,64.36,64.36,64.36,64.36,64.36,64.36,64.36,64.36,64.36,64.36,64.36,64.36,64.36,64.36,64.36
Vinh Tuy area,105.8719318,20.9890256,64.19,64.19,64.19,64.19,64.19,64.19,64.19,64.19,64.19,64.19,64.19,64.19,64.19,64.19,64.19,64.19,64.19
Vinh Tuy area,105.8723166,20.9890236,59.88,59.88,59.88,59.88,59.88,59.88,59.88,59.88,59.88,59.88,59.88,59.88,59.88,59.88,59.88,59.88,59.88
Vinh Tuy area,105.8727014,20.9890217,59.54,59.54,59.54,59.54,59.54,59.54,59.54,59.54,59.54,59.54,59.54,59.54,59.54,59.54,59.54,59.54,59.54
Vinh Tuy area,105.8730862,20.9890197,60.96,60.96,60.96,60.96,60.96,60.96,60.96,60.96,60.96,60.96,60.96,60.96,60.96,60.96,60.96,60.96,60.96
Vinh Tuy area,105.873471,20.9890177,63.25,63.25,63.25,63.25,63.25,63.25,63.25,63.25,63.25,63.25,63.25,63.25,63.25,63.25,63.25,63.25,63.25
Vinh Tuy area,105.8738558,20.9890158,68.88,68.88,68.88,68.88,68.88,68.88,68.88,68.88,68.88,68.88,68.88,68.88,68.88,68.88,68.88,68.88,68.88
Vinh Tuy area,105.8619289,20.9894379,64.91,64.91,64.91,64.91,64.91,64.91,64.91,64.91,64.91,64.91,64.91,64.91,64.91,64.91,64.91,64.91,64.91
Vinh Tuy area,105.8623137,20.989436,69.08,69.08,69.08,69.08,69.08,69.08,69.08,69.08,69.08,69.08,69.08,69.08,69.08,69.08,69.08,69.08,69.08
Vinh Tuy area,105.8626985,20.989434,69.27,69.27,69.27,69.27,69.27,69.27,69.27,69.27,69.27,69.27,69.27,69.27,69.27,69.27,69.27,69.27,69.27
Vinh Tuy area,105.8630833,20.9894321,70.19,70.19,70.19,70.19,70.19,70.19,70.19,70.19,70.19,70.19,70.19,70.19,70.19,70.19,70.19,70.19,70.19
Vinh Tuy area,105.8634681,20.9894301,65.57,65.57,65.57,65.57,65.57,65.57,65.57,65.57,65.57,65.57,65.57,65.57,65.57,65.57,65.57,65.57,65.57
Vinh Tuy area,105.8638529,20.9894282,61.39,61.39,61.39,61.39,61.39,61.39,61.39,61.39,61.39,61.39,61.39,61.39,61.39,61.39,61.39,61.39,61.39
Vinh Tuy area,105.8642377,20.9894262,60.03,60.03,60.03,60.03,60.03,60.03,60.03,60.03,60.03,60.03,60.03,60.03,60.03,60.03,60.03,60.03,60.03
Vinh Tuy area,105.8646225,20.9894243,60.64,60.64,60.64,60.64,60.64,60.64,60.64,60.64,60.64,60.64,60.64,60.64,60.64,60.64,60.64,60.64,60.64
Vinh Tuy area,105.8650073,20.9894223,63.13,63.13,63.13,63.13,63.13,63.13,63.13,63.13,63.13,63.13,63.13,63.13,63.13,63.13,63.13,63.13,63.13
Vinh Tuy area,105.8653922,20.9894204,70.25,70.25,70.25,70.25,70.25,70.25,70.25,70.25,70.25,70.25,70.25,70.25,70.25,70.25,70.25,70.25,70.25
Vinh Tuy area,105.865777,20.9894184,67.42,67.42,67.42,67.42,67.42,67.42,67.42,67.42,67.42,67.42,67.42,67.42,67.42,67.42,67.42,67.42,67.42
Vinh Tuy area,105.8661618,20.9894164,63.1,63.1,63.1,63.1,63.1,63.1,63.1,63.1,63.1,63.1,63.1,63.1,63.1,63.1,63.1,63.1,63.1
Vinh Tuy area,105.8665466,20.9894145,67.06,67.06,67.06,67.06,67.06,67.06,67.06,67.06,67.06,67.06,67.06,67.06,67.06,67.06,67.06,67.06,67.06
Vinh Tuy area,105.8669314,20.9894125,63.93,63.93,63.93,63.93,63.93,63.93,63.93,63.93,63.93,63.93,63.93,63.93,63.93,63.93,63.93,63.93,63.93
Vinh Tuy area,105.8673162,20.9894106,60.63,60.63,60.63,60.63,60.63,60.63,60.63,60.63,60.63,60.63,60.63,60.63,60.63,60.63,60.63,60.63,60.63
Vinh Tuy area,105.867701,20.9894086,62.73,62.73,62.73,62.73,62.73,62.73,62.73,62.73,62.73,62.73,62.73,62.73,62.73,62.73,62.73,62.73,62.73
Vinh Tuy area,105.8680858,20.9894067,68.94,68.94,68.94,68.94,68.94,68.94,68.94,68.94,68.94,68.94,68.94,68.94,68.94,68.94,68.94,68.94,68.94
Vinh Tuy area,105.8684706,20.9894047,68.93,68.93,68.93,68.93,68.93,68.93,68.93,68.93,68.93,68.93,68.93,68.93,68.93,68.93,68.93,68.93,68.93
Vinh Tuy area,105.8688554,20.9894027,61.09,61.09,61.09,61.09,61.09,61.09,61.09,61.09,61.09,61.09,61.09,61.09,61.09,61.09,61.09,61.09,61.09
Vinh Tuy area,105.8692402,20.9894008,58.39,58.39,58.39,58.39,58.39,58.39,58.39,58.39,58.39,58.39,58.39,58.39,58.39,58.39,58.39,58.39,58.39
Vinh Tuy area,105.869625,20.9893988,57.01,57.01,57.01,57.01,57.01,57.01,57.01,57.01,57.01,57.01,57.01,57.01,57.01,57.01,57.01,57.01,57.01
Vinh Tuy area,105.8700098,20.9893968,56.34,56.34,56.34,56.34,56.34,56.34,56.34,56.34,56.34,56.34,56.34,56.34,56.34,56.34,56.34,56.34,56.34
Vinh Tuy area,105.8703946,20.9893949,56.32,56.32,56.32,56.32,56.32,56.32,56.32,56.32,56.32,56.32,56.32,56.32,56.32,56.32,56.32,56.32,56.32
Vinh Tuy area,105.8707795,20.9893929,57.07,57.07,57.07,57.07,57.07,57.07,57.07,57.07,57.07,57.07,57.07,57.07,57.07,57.07,57.07,57.07,57.07
Vinh Tuy area,105.8711643,20.9893909,58.19,58.19,58.19,58.19,58.19,58.19,58.19,58.19,58.19,58.19,58.19,58.19,58.19,58.19,58.19,58.19,58.19
Vinh Tuy area,105.8715491,20.989389,60.16,60.16,60.16,60.16,60.16,60.16,60.16,60.16,60.16,60.16,60.16,60.16,60.16,60.16,60.16,60.16,60.16
Vinh Tuy area,105.8719339,20.989387,65.03,65.03,65.03,65.03,65.03,65.03,65.03,65.03,65.03,65.03,65.03,65.03,65.03,65.03,65.03,65.03,65.03
Vinh Tuy area,105.8723187,20.989385,63.89,63.89,63.89,63.89,63.89,63.89,63.89,63.89,63.89,63.89,63.89,63.89,63.89,63.89,63.89,63.89,63.89
Vinh Tuy area,105.8727035,20.9893831,65.42,65.42,65.42,65.42,65.42,65.42,65.42,65.42,65.42,65.42,65.42,65.42,65.42,65.42,65.42,65.42,65.42
Vinh Tuy area,105.8730883,20.9893811,68.87,68.87,68.87,68.87,68.87,68.87,68.87,68.87,68.87,68.87,68.87,68.87,68.87,68.87,68.87,68.87,68.87
Vinh Tuy area,105.8734731,20.9893791,63.35,63.35,63.35,63.35,63.35,63.35,63.35,63.35,63.35,63.35,63.35,63.35,63.35,63.35,63.35,63.35,63.35
Vinh Tuy area,105.8738579,20.9893771,61.15,61.15,61.15,61.15,61.15,61.15,61.15,61.15,61.15,61.15,61.15,61.15,61.15,61.15,61.15,61.15,61.15
Vinh Tuy area,105.861931,20.9897993,62.74,62.74,62.74,62.74,62.74,62.74,62.74,62.74,62.74,62.74,62.74,62.74,62.74,62.74,62.74,62.74,62.74
Vinh Tuy area,105.8623158,20.9897974,62.1,62.1,62.1,62.1,62.1,62.1,62.1,62.1,62.1,62.1,62.1,62.1,62.1,62.1,62.1,62.1,62.1
Vinh Tuy area,105.8627006,20.9897954,68.01,68.01,68.01,68.01,68.01,68.01,68.01,68.01,68.01,68.01,68.01,68.01,68.01,68.01,68.01,68.01,68.01
Vinh Tuy area,105.8630854,20.9897935,67.98,67.98,67.98,67.98,67.98,67.98,67.98,67.98,67.98,67.98,67.98,67.98,67.98,67.98,67.98,67.98,67.98
Vinh Tuy area,105.8634702,20.9897915,64.83,64.83,64.83,64.83,64.83,64.83,64.83,64.83,64.83,64.83,64.83,64.83,64.83,64.83,64.83,64.83,64.83
Vinh Tuy area,105.863855,20.9897896,61.06,61.06,61.06,61.06,61.06,61.06,61.06,61.06,61.06,61.06,61.06,61.06,61.06,61.06,61.06,61.06,61.06
Vinh Tuy area,105.8642398,20.9897876,60.24,60.24,60.24,60.24,60.24,60.24,60.24,60.24,60.24,60.24,60.24,60.24,60.24,60.24,60.24,60.24,60.24
Vinh Tuy area,105.8646246,20.9897857,62.39,62.39,62.39,62.39,62.39,62.39,62.39,62.39,62.39,62.39,62.39,62.39,62.39,62.39,62.39,62.39,62.39
Vinh Tuy area,105.8650094,20.9897837,68.1,68.1,68.1,68.1,68.1,68.1,68.1,68.1,68.1,68.1,68.1,68.1,68.1,68.1,68.1,68.1,68.1
Vinh Tuy area,105.8653942,20.9897817,66.34,66.34,66.34,66.34,66.34,66.34,66.34,66.34,66.34,66.34,66.34,66.34,66.34,66.34,66.34,66.34,66.34
Vinh Tuy area,105.865779,20.9897798,66.01,66.01,66.01,66.01,66.01,66.01,66.01,66.01,66.01,66.01,66.01,66.01,66.01,66.01,66.01,66.01,66.01
Vinh Tuy area,105.8661639,20.9897778,68.46,68.46,68.46,68.46,68.46,68.46,68.46,68.46,68.46,68.46,68.46,68.46,68.46,68.46,68.46,68.46,68.46
Vinh Tuy area,105.8665487,20.9897759,67.71,67.71,67.71,67.71,67.71,67.71,67.71,67.71,67.71,67.71,67.71,67.71,67.71,67.71,67.71,67.71,67.71
Vinh Tuy area,105.8669335,20.9897739,67.59,67.59,67.59,67.59,67.59,67.59,67.59,67.59,67.59,67.59,67.59,67.59,67.59,67.59,67.59,67.59,67.59
Vinh Tuy area,105.8673183,20.989772,62.11,62.11,62.11,62.11,62.11,62.11,62.11,62.11,62.11,62.11,62.11,62.11,62.11,62.11,62.11,62.11,62.11
Vinh Tuy area,105.8677031,20.98977,60.47,60.47,60.47,60.47,60.47,60.47,60.47,60.47,60.47,60.47,60.47,60.47,60.47,60.47,60.47,60.47,60.47
Vinh Tuy area,105.8680879,20.989768,68.93,68.93,68.93,68.93,68.93,68.93,68.93,68.93,68.93,68.93,68.93,68.93,68.93,68.93,68.93,68.93,68.93
Vinh Tuy area,105.8684727,20.9897661,68.91,68.91,68.91,68.91,68.91,68.91,68.91,68.91,68.91,68.91,68.91,68.91,68.91,68.91,68.91,68.91,68.91
Vinh Tuy area,105.8688575,20.9897641,61.57,61.57,61.57,61.57,61.57,61.57,61.57,61.57,61.57,61.57,61.57,61.57,61.57,61.57,61.57,61.57,61.57
Vinh Tuy area,105.8692423,20.9897622,58.76,58.76,58.76,58.76,58.76,58.76,58.76,58.76,58.76,58.76,58.76,58.76,58.76,58.76,58.76,58.76,58.76
Vinh Tuy area,105.8696271,20.9897602,57.93,57.93,57.93,57.93,57.93,57.93,57.93,57.93,57.93,57.93,57.93,57.93,57.93,57.93,57.93,57.93,57.93
Vinh Tuy area,105.8700119,20.9897582,56.88,56.88,56.88,56.88,56.88,56.88,56.88,56.88,56.88,56.88,56.88,56.88,56.88,56.88,56.88,56.88,56.88
Vinh Tuy area,105.8703967,20.9897563,55.97,55.97,55.97,55.97,55.97,55.97,55.97,55.97,55.97,55.97,55.97,55.97,55.97,55.97,55.97,55.97,55.97
Vinh Tuy area,105.8707815,20.9897543,56.22,56.22,56.22,56.22,56.22,56.22,56.22,56.22,56.22,56.22,56.22,56.22,56.22,56.22,56.22,56.22,56.22
Vinh Tuy area,105.8711664,20.9897523,57.02,57.02,57.02,57.02,57.02,57.02,57.02,57.02,57.02,57.02,57.02,57.02,57.02,57.02,57.02,57.02,57.02
Vinh Tuy area,105.8715512,20.9897504,58.62,58.62,58.62,58.62,58.62,58.62,58.62,58.62,58.62,58.62,58.62,58.62,58.62,58.62,58.62,58.62,58.62
Vinh Tuy area,105.871936,20.9897484,62.56,62.56,62.56,62.56,62.56,62.56,62.56,62.56,62.56,62.56,62.56,62.56,62.56,62.56,62.56,62.56,62.56
Vinh Tuy area,105.8723208,20.9897464,66.02,66.02,66.02,66.02,66.02,66.02,66.02,66.02,66.02,66.02,66.02,66.02,66.02,66.02,66.02,66.02,66.02
Vinh Tuy area,105.8727056,20.9897444,61.99,61.99,61.99,61.99,61.99,61.99,61.99,61.99,61.99,61.99,61.99,61.99,61.99,61.99,61.99,61.99,61.99
Vinh Tuy area,105.8730904,20.9897425,60.09,60.09,60.09,60.09,60.09,60.09,60.09,60.09,60.09,60.09,60.09,60.09,60.09,60.09,60.09,60.09,60.09
Vinh Tuy area,105.8734752,20.9897405,58.98,58.98,58.98,58.98,58.98,58.98,58.98,58.98,58.98,58.98,58.98,58.98,58.98,58.98,58.98,58.98,58.98
Vinh Tuy area,105.87386,20.9897385,58.28,58.28,58.28,58.28,58.28,58.28,58.28,58.28,58.28,58.28,58.28,58.28,58.28,58.28,58.28,58.28,58.28
Vinh Tuy area,105.861933,20.9901607,60.84,60.84,60.84,60.84,60.84,60.84,60.84,60.84,60.84,60.84,60.84,60.84,60.84,60.84,60.84,60.84,60.84
Vinh Tuy area,105.8623178,20.9901587,61.65,61.65,61.65,61.65,61.65,61.65,61.65,61.65,61.65,61.65,61.65,61.65,61.65,61.65,61.65,61.65,61.65
Vinh Tuy area,105.8627026,20.9901568,69.34,69.34,69.34,69.34,69.34,69.34,69.34,69.34,69.34,69.34,69.34,69.34,69.34,69.34,69.34,69.34,69.34
Vinh Tuy area,105.8630875,20.9901548,68.41,68.41,68.41,68.41,68.41,68.41,68.41,68.41,68.41,68.41,68.41,68.41,68.41,68.41,68.41,68.41,68.41
Vinh Tuy area,105.8634723,20.9901529,64.36,64.36,64.36,64.36,64.36,64.36,64.36,64.36,64.36,64.36,64.36,64.36,64.36,64.36,64.36,64.36,64.36
Vinh Tuy area,105.8638571,20.9901509,61.65,61.65,61.65,61.65,61.65,61.65,61.65,61.65,61.65,61.65,61.65,61.65,61.65,61.65,61.65,61.65,61.65
Vinh Tuy area,105.8642419,20.990149,62.07,62.07,62.07,62.07,62.07,62.07,62.07,62.07,62.07,62.07,62.07,62.07,62.07,62.07,62.07,62.07,62.07
Vinh Tuy area,105.8646267,20.990147,66.43,66.43,66.43,66.43,66.43,66.43,66.43,66.43,66.43,66.43,66.43,66.43,66.43,66.43,66.43,66.43,66.43
Vinh Tuy area,105.8650115,20.9901451,65.92,65.92,65.92,65.92,65.92,65.92,65.92,65.92,65.92,65.92,65.92,65.92,65.92,65.92,65.92,65.92,65.92
Vinh Tuy area,105.8653963,20.9901431,69.34,69.34,69.34,69.34,69.34,69.34,69.34,69.34,69.34,69.34,69.34,69.34,69.34,69.34,69.34,69.34,69.34
Vinh Tuy area,105.8657811,20.9901412,63.57,63.57,63.57,63.57,63.57,63.57,63.57,63.57,63.57,63.57,63.57,63.57,63.57,63.57,63.57,63.57,63.57
Vinh Tuy area,105.8661659,20.9901392,65.51,65.51,65.51,65.51,65.51,65.51,65.51,65.51,65.51,65.51,65.51,65.51,65.51,65.51,65.51,65.51,65.51
Vinh Tuy area,105.8665507,20.9901373,66.49,66.49,66.49,66.49,66.49,66.49,66.49,66.49,66.49,66.49,66.49,66.49,66.49,66.49,66.49,66.49,66.49
Vinh Tuy area,105.8669356,20.9901353,68.97,68.97,68.97,68.97,68.97,68.97,68.97,68.97,68.97,68.97,68.97,68.97,68.97,68.97,68.97,68.97,68.97
Vinh Tuy area,105.8673204,20.9901333,65.43,65.43,65.43,65.43,65.43,65.43,65.43,65.43,65.43,65.43,65.43,65.43,65.43,65.43,65.43,65.43,65.43
Vinh Tuy area,105.8677052,20.9901314,65.48,65.48,65.48,65.48,65.48,65.48,65.48,65.48,65.48,65.48,65.48,65.48,65.48,65.48,65.48,65.48,65.48
Vinh Tuy area,105.86809,20.9901294,66.52,66.52,66.52,66.52,66.52,66.52,66.52,66.52,66.52,66.52,66.52,66.52,66.52,66.52,66.52,66.52,66.52
Vinh Tuy area,105.8684748,20.9901275,67.9,67.9,67.9,67.9,67.9,67.9,67.9,67.9,67.9,67.9,67.9,67.9,67.9,67.9,67.9,67.9,67.9
Vinh Tuy area,105.8688596,20.9901255,64.2,64.2,64.2,64.2,64.2,64.2,64.2,64.2,64.2,64.2,64.2,64.2,64.2,64.2,64.2,64.2,64.2
Vinh Tuy area,105.8692444,20.9901235,62.1,62.1,62.1,62.1,62.1,62.1,62.1,62.1,62.1,62.1,62.1,62.1,62.1,62.1,62.1,62.1,62.1
Vinh Tuy area,105.8696292,20.9901216,59.3,59.3,59.3,59.3,59.3,59.3,59.3,59.3,59.3,59.3,59.3,59.3,59.3,59.3,59.3,59.3,59.3
Vinh Tuy area,105.870014,20.9901196,57.37,57.37,57.37,57.37,57.37,57.37,57.37,57.37,57.37,57.37,57.37,57.37,57.37,57.37,57.37,57.37,57.37
Vinh Tuy area,105.8703988,20.9901176,56.15,56.15,56.15,56.15,56.15,56.15,56.15,56.15,56.15,56.15,56.15,56.15,56.15,56.15,56.15,56.15,56.15
Vinh Tuy area,105.8707836,20.9901157,55.74,55.74,55.74,55.74,55.74,55.74,55.74,55.74,55.74,55.74,55.74,55.74,55.74,55.74,55.74,55.74,55.74
Vinh Tuy area,105.8711685,20.9901137,56.68,56.68,56.68,56.68,56.68,56.68,56.68,56.68,56.68,56.68,56.68,56.68,56.68,56.68,56.68,56.68,56.68
Vinh Tuy area,105.8715533,20.9901117,58.2,58.2,58.2,58.2,58.2,58.2,58.2,58.2,58.2,58.2,58.2,58.2,58.2,58.2,58.2,58.2,58.2
Vinh Tuy area,105.8719381,20.9901098,61.24,61.24,61.24,61.24,61.24,61.24,61.24,61.24,61.24,61.24,61.24,61.24,61.24,61.24,61.24,61.24,61.24
Vinh Tuy area,105.8723229,20.9901078,68.23,68.23,68.23,68.23,68.23,68.23,68.23,68.23,68.23,68.23,68.23,68.23,68.23,68.23,68.23,68.23,68.23
Vinh Tuy area,105.8727077,20.9901058,66.06,66.06,66.06,66.06,66.06,66.06,66.06,66.06,66.06,66.06,66.06,66.06,66.06,66.06,66.06,66.06,66.06
Vinh Tuy area,105.8730925,20.9901039,59.62,59.62,59.62,59.62,59.62,59.62,59.62,59.62,59.62,59.62,59.62,59.62,59.62,59.62,59.62,59.62,59.62
Vinh Tuy area,105.8734773,20.9901019,57.49,57.49,57.49,57.49,57.49,57.49,57.49,57.49,57.49,57.49,57.49,57.49,57.49,57.49,57.49,57.49,57.49
Vinh Tuy area,105.8738621,20.9900999,56.72,56.72,56.72,56.72,56.72,56.72,56.72,56.72,56.72,56.72,56.72,56.72,56.72,56.72,56.72,56.72,56.72
Vinh Tuy area,105.8619351,20.9905221,61.09,61.09,61.09,61.09,61.09,61.09,61.09,61.09,61.09,61.09,61.09,61.09,61.09,61.09,61.09,61.09,61.09
Vinh Tuy area,105.8623199,20.9905201,62.44,62.44,62.44,62.44,62.44,62.44,62.44,62.44,62.44,62.44,62.44,62.44,62.44,62.44,62.44,62.44,62.44
Vinh Tuy area,105.8627047,20.9905182,69.38,69.38,69.38,69.38,69.38,69.38,69.38,69.38,69.38,69.38,69.38,69.38,69.38,69.38,69.38,69.38,69.38
Vinh Tuy area,105.8630895,20.9905162,71.01,71.01,71.01,71.01,71.01,71.01,71.01,71.01,71.01,71.01,71.01,71.01,71.01,71.01,71.01,71.01,71.01
Vinh Tuy area,105.8634743,20.9905143,69.52,69.52,69.52,69.52,69.52,69.52,69.52,69.52,69.52,69.52,69.52,69.52,69.52,69.52,69.52,69.52,69.52
Vinh Tuy area,105.8638592,20.9905123,63.15,63.15,63.15,63.15,63.15,63.15,63.15,63.15,63.15,63.15,63.15,63.15,63.15,63.15,63.15,63.15,63.15
Vinh Tuy area,105.864244,20.9905104,65.9,65.9,65.9,65.9,65.9,65.9,65.9,65.9,65.9,65.9,65.9,65.9,65.9,65.9,65.9,65.9,65.9
Vinh Tuy area,105.8646288,20.9905084,66.52,66.52,66.52,66.52,66.52,66.52,66.52,66.52,66.52,66.52,66.52,66.52,66.52,66.52,66.52,66.52,66.52
Vinh Tuy area,105.8650136,20.9905065,64.27,64.27,64.27,64.27,64.27,64.27,64.27,64.27,64.27,64.27,64.27,64.27,64.27,64.27,64.27,64.27,64.27
Vinh Tuy area,105.8653984,20.9905045,69.16,69.16,69.16,69.16,69.16,69.16,69.16,69.16,69.16,69.16,69.16,69.16,69.16,69.16,69.16,69.16,69.16
Vinh Tuy area,105.8657832,20.9905026,66.04,66.04,66.04,66.04,66.04,66.04,66.04,66.04,66.04,66.04,66.04,66.04,66.04,66.04,66.04,66.04,66.04
Vinh Tuy area,105.866168,20.9905006,69.01,69.01,69.01,69.01,69.01,69.01,69.01,69.01,69.01,69.01,69.01,69.01,69.01,69.01,69.01,69.01,69.01
Vinh Tuy area,105.8665528,20.9904986,65.17,65.17,65.17,65.17,65.17,65.17,65.17,65.17,65.17,65.17,65.17,65.17,65.17,65.17,65.17,65.17,65.17
Vinh Tuy area,105.8669376,20.9904967,62.3,62.3,62.3,62.3,62.3,62.3,62.3,62.3,62.3,62.3,62.3,62.3,62.3,62.3,62.3,62.3,62.3
Vinh Tuy area,105.8673224,20.9904947,61.92,61.92,61.92,61.92,61.92,61.92,61.92,61.92,61.92,61.92,61.92,61.92,61.92,61.92,61.92,61.92,61.92
Vinh Tuy area,105.8677073,20.9904928,65.53,65.53,65.53,65.53,65.53,65.53,65.53,65.53,65.53,65.53,65.53,65.53,65.53,65.53,65.53,65.53,65.53
Vinh Tuy area,105.8680921,20.9904908,61.77,61.77,61.77,61.77,61.77,61.77,61.77,61.77,61.77,61.77,61.77,61.77,61.77,61.77,61.77,61.77,61.77
Vinh Tuy area,105.8684769,20.9904888,61.84,61.84,61.84,61.84,61.84,61.84,61.84,61.84,61.84,61.84,61.84,61.84,61.84,61.84,61.84,61.84,61.84
Vinh Tuy area,105.8688617,20.9904869,62.42,62.42,62.42,62.42,62.42,62.42,62.42,62.42,62.42,62.42,62.42,62.42,62.42,62.42,62.42,62.42,62.42
Vinh Tuy area,105.8692465,20.9904849,63.85,63.85,63.85,63.85,63.85,63.85,63.85,63.85,63.85,63.85,63.85,63.85,63.85,63.85,63.85,63.85,63.85
Vinh Tuy area,105.8696313,20.990483,59.52,59.52,59.52,59.52,59.52,59.52,59.52,59.52,59.52,59.52,59.52,59.52,59.52,59.52,59.52,59.52,59.52
Vinh Tuy area,105.8700161,20.990481,57.87,57.87,57.87,57.87,57.87,57.87,57.87,57.87,57.87,57.87,57.87,57.87,57.87,57.87,57.87,57.87,57.87
Vinh Tuy area,105.8704009,20.990479,56.91,56.91,56.91,56.91,56.91,56.91,56.91,56.91,56.91,56.91,56.91,56.91,56.91,56.91,56.91,56.91,56.91
Vinh Tuy area,105.8707857,20.9904771,55.96,55.96,55.96,55.96,55.96,55.96,55.96,55.96,55.96,55.96,55.96,55.96,55.96,55.96,55.96,55.96,55.96
Vinh Tuy area,105.8711705,20.9904751,56.18,56.18,56.18,56.18,56.18,56.18,56.18,56.18,56.18,56.18,56.18,56.18,56.18,56.18,56.18,56.18,56.18
Vinh Tuy area,105.8715554,20.9904731,57.4,57.4,57.4,57.4,57.4,57.4,57.4,57.4,57.4,57.4,57.4,57.4,57.4,57.4,57.4,57.4,57.4
Vinh Tuy area,105.8719402,20.9904711,59.54,59.54,59.54,59.54,59.54,59.54,59.54,59.54,59.54,59.54,59.54,59.54,59.54,59.54,59.54,59.54,59.54
Vinh Tuy area,105.872325,20.9904692,65.77,65.77,65.77,65.77,65.77,65.77,65.77,65.77,65.77,65.77,65.77,65.77,65.77,65.77,65.77,65.77,65.77
Vinh Tuy area,105.8727098,20.9904672,67.9,67.9,67.9,67.9,67.9,67.9,67.9,67.9,67.9,67.9,67.9,67.9,67.9,67.9,67.9,67.9,67.9
Vinh Tuy area,105.8730946,20.9904652,61.27,61.27,61.27,61.27,61.27,61.27,61.27,61.27,61.27,61.27,61.27,61.27,61.27,61.27,61.27,61.27,61.27
Vinh Tuy area,105.8734794,20.9904633,58.23,58.23,58.23,58.23,58.23,58.23,58.23,58.23,58.23,58.23,58.23,58.23,58.23,58.23,58.23,58.23,58.23
Vinh Tuy area,105.8738642,20.9904613,56.75,56.75,56.75,56.75,56.75,56.75,56.75,56.75,56.75,56.75,56.75,56.75,56.75,56.75,56.75,56.75,56.75
Vinh Tuy area,105.8619372,20.9908835,66.0,66.0,66.0,66.0,66.0,66.0,66.0,66.0,66.0,66.0,66.0,66.0,66.0,66.0,66.0,66.0,66.0
Vinh Tuy area,105.862322,20.9908815,65.59,65.59,65.59,65.59,65.59,65.59,65.59,65.59,65.59,65.59,65.59,65.59,65.59,65.59,65.59,65.59,65.59
Vinh Tuy area,105.8627068,20.9908796,68.46,68.46,68.46,68.46,68.46,68.46,68.46,68.46,68.46,68.46,68.46,68.46,68.46,68.46,68.46,68.46,68.46
Vinh Tuy area,105.8630916,20.9908776,70.19,70.19,70.19,70.19,70.19,70.19,70.19,70.19,70.19,70.19,70.19,70.19,70.19,70.19,70.19,70.19,70.19
Vinh Tuy area,105.8634764,20.9908757,66.57,66.57,66.57,66.57,66.57,66.57,66.57,66.57,66.57,66.57,66.57,66.57,66.57,66.57,66.57,66.57,66.57
Vinh Tuy area,105.8638612,20.9908737,65.87,65.87,65.87,65.87,65.87,65.87,65.87,65.87,65.87,65.87,65.87,65.87,65.87,65.87,65.87,65.87,65.87
Vinh Tuy area,105.864246,20.9908718,70.97,70.97,70.97,70.97,70.97,70.97,70.97,70.97,70.97,70.97,70.97,70.97,70.97,70.97,70.97,70.97,70.97
Vinh Tuy area,105.8646309,20.9908698,69.44,69.44,69.44,69.44,69.44,69.44,69.44,69.44,69.44,69.44,69.44,69.44,69.44,69.44,69.44,69.44,69.44
Vinh Tuy area,105.8650157,20.9908679,65.84,65.84,65.84,65.84,65.84,65.84,65.84,65.84,65.84,65.84,65.84,65.84,65.84,65.84,65.84,65.84,65.84
Vinh Tuy area,105.8654005,20.9908659,65.37,65.37,65.37,65.37,65.37,65.37,65.37,65.37,65.37,65.37,65.37,65.37,65.37,65.37,65.37,65.37,65.37
Vinh Tuy area,105.8657853,20.9908639,62.46,62.46,62.46,62.46,62.46,62.46,62.46,62.46,62.46,62.46,62.46,62.46,62.46,62.46,62.46,62.46,62.46
Vinh Tuy area,105.8661701,20.990862,61.15,61.15,61.15,61.15,61.15,61.15,61.15,61.15,61.15,61.15,61.15,61.15,61.15,61.15,61.15,61.15,61.15
Vinh Tuy area,105.8665549,20.99086,60.04,60.04,60.04,60.04,60.04,60.04,60.04,60.04,60.04,60.04,60.04,60.04,60.04,60.04,60.04,60.04,60.04
Vinh Tuy area,105.8669397,20.9908581,59.09,59.09,59.09,59.09,59.09,59.09,59.09,59.09,59.09,59.09,59.09,59.09,59.09,59.09,59.09,59.09,59.09
Vinh Tuy area,105.8673245,20.9908561,61.85,61.85,61.85,61.85,61.85,61.85,61.85,61.85,61.85,61.85,61.85,61.85,61.85,61.85,61.85,61.85,61.85
Vinh Tuy area,105.8677093,20.9908542,65.37,65.37,65.37,65.37,65.37,65.37,65.37,65.37,65.37,65.37,65.37,65.37,65.37,65.37,65.37,65.37,65.37
Vinh Tuy area,105.8680942,20.9908522,59.5,59.5,59.5,59.5,59.5,59.5,59.5,59.5,59.5,59.5,59.5,59.5,59.5,59.5,59.5,59.5,59.5
Vinh Tuy area,105.868479,20.9908502,62.68,62.68,62.68,62.68,62.68,62.68,62.68,62.68,62.68,62.68,62.68,62.68,62.68,62.68,62.68,62.68,62.68
Vinh Tuy area,105.8688638,20.9908483,62.03,62.03,62.03,62.03,62.03,62.03,62.03,62.03,62.03,62.03,62.03,62.03,62.03,62.03,62.03,62.03,62.03
Vinh Tuy area,105.8692486,20.9908463,61.14,61.14,61.14,61.14,61.14,61.14,61.14,61.14,61.14,61.14,61.14,61.14,61.14,61.14,61.14,61.14,61.14
Vinh Tuy area,105.8696334,20.9908443,61.31,61.31,61.31,61.31,61.31,61.31,61.31,61.31,61.31,61.31,61.31,61.31,61.31,61.31,61.31,61.31,61.31
Vinh Tuy area,105.8700182,20.9908424,59.98,59.98,59.98,59.98,59.98,59.98,59.98,59.98,59.98,59.98,59.98,59.98,59.98,59.98,59.98,59.98,59.98
Vinh Tuy area,105.870403,20.9908404,57.76,57.76,57.76,57.76,57.76,57.76,57.76,57.76,57.76,57.76,57.76,57.76,57.76,57.76,57.76,57.76,57.76
Vinh Tuy area,105.8707878,20.9908384,56.73,56.73,56.73,56.73,56.73,56.73,56.73,56.73,56.73,56.73,56.73,56.73,56.73,56.73,56.73,56.73,56.73
Vinh Tuy area,105.8711726,20.9908365,56.69,56.69,56.69,56.69,56.69,56.69,56.69,56.69,56.69,56.69,56.69,56.69,56.69,56.69,56.69,56.69,56.69
Vinh Tuy area,105.8715575,20.9908345,56.73,56.73,56.73,56.73,56.73,56.73,56.73,56.73,56.73,56.73,56.73,56.73,56.73,56.73,56.73,56.73,56.73
Vinh Tuy area,105.8719423,20.9908325,58.38,58.38,58.38,58.38,58.38,58.38,58.38,58.38,58.38,58.38,58.38,58.38,58.38,58.38,58.38,58.38,58.38
Vinh Tuy area,105.8723271,20.9908306,61.83,61.83,61.83,61.83,61.83,61.83,61.83,61.83,61.83,61.83,61.83,61.83,61.83,61.83,61.83,61.83,61.83
Vinh Tuy area,105.8727119,20.9908286,65.79,65.79,65.79,65.79,65.79,65.79,65.79,65.79,65.79,65.79,65.79,65.79,65.79,65.79,65.79,65.79,65.79
Vinh Tuy area,105.8730967,20.9908266,64.29,64.29,64.29,64.29,64.29,64.29,64.29,64.29,64.29,64.29,64.29,64.29,64.29,64.29,64.29,64.29,64.29
Vinh Tuy area,105.8734815,20.9908246,59.22,59.22,59.22,59.22,59.22,59.22,59.22,59.22,59.22,59.22,59.22,59.22,59.22,59.22,59.22,59.22,59.22
Vinh Tuy area,105.8738663,20.9908227,57.28,57.28,57.28,57.28,57.28,57.28,57.28,57.28,57.28,57.28,57.28,57.28,57.28,57.28,57.28,57.28,57.28
Vinh Tuy area,105.8619393,20.9912449,63.15,63.15,63.15,63.15,63.15,63.15,63.15,63.15,63.15,63.15,63.15,63.15,63.15,63.15,63.15,63.15,63.15
Vinh Tuy area,105.8623241,20.9912429,65.44,65.44,65.44,65.44,65.44,65.44,65.44,65.44,65.44,65.44,65.44,65.44,65.44,65.44,65.44,65.44,65.44
Vinh Tuy area,105.8627089,20.991241,67.13,67.13,67.13,67.13,67.13,67.13,67.13,67.13,67.13,67.13,67.13,67.13,67.13,67.13,67.13,67.13,67.13
Vinh Tuy area,105.8630937,20.991239,70.1,70.1,70.1,70.1,70.1,70.1,70.1,70.1,70.1,70.1,70.1,70.1,70.1,70.1,70.1,70.1,70.1
Vinh Tuy area,105.8634785,20.9912371,64.98,64.98,64.98,64.98,64.98,64.98,64.98,64.98,64.98,64.98,64.98,64.98,64.98,64.98,64.98,64.98,64.98
Vinh Tuy area,105.8638633,20.9912351,67.67,67.67,67.67,67.67,67.67,67.67,67.67,67.67,67.67,67.67,67.67,67.67,67.67,67.67,67.67,67.67,67.67
Vinh Tuy area,105.8642481,20.9912331,63.57,63.57,63.57,63.57,63.57,63.57,63.57,63.57,63.57,63.57,63.57,63.57,63.57,63.57,63.57,63.57,63.57
Vinh Tuy area,105.8646329,20.9912312,63.93,63.93,63.93,63.93,63.93,63.93,63.93,63.93,63.93,63.93,63.93,63.93,63.93,63.93,63.93,63.93,63.93
Vinh Tuy area,105.8650177,20.9912292,69.08,69.08,69.08,69.08,69.08,69.08,69.08,69.08,69.08,69.08,69.08,69.08,69.08,69.08,69.08,69.08,69.08
Vinh Tuy area,105.8654026,20.9912273,69.02,69.02,69.02,69.02,69.02,69.02,69.02,69.02,69.02,69.02,69.02,69.02,69.02,69.02,69.02,69.02,69.02
Vinh Tuy area,105.8657874,20.9912253,62.39,62.39,62.39,62.39,62.39,62.39,62.39,62.39,62.39,62.39,62.39,62.39,62.39,62.39,62.39,62.39,62.39
Vinh Tuy area,105.8661722,20.9912234,59.17,59.17,59.17,59.17,59.17,59.17,59.17,59.17,59.17,59.17,59.17,59.17,59.17,59.17,59.17,59.17,59.17
Vinh Tuy area,105.866557,20.9912214,58.15,58.15,58.15,58.15,58.15,58.15,58.15,58.15,58.15,58.15,58.15,58.15,58.15,58.15,58.15,58.15,58.15
Vinh Tuy area,105.8669418,20.9912195,58.75,58.75,58.75,58.75,58.75,58.75,58.75,58.75,58.75,58.75,58.75,58.75,58.75,58.75,58.75,58.75,58.75
Vinh Tuy area,105.8673266,20.9912175,61.82,61.82,61.82,61.82,61.82,61.82,61.82,61.82,61.82,61.82,61.82,61.82,61.82,61.82,61.82,61.82,61.82
Vinh Tuy area,105.8677114,20.9912155,65.29,65.29,65.29,65.29,65.29,65.29,65.29,65.29,65.29,65.29,65.29,65.29,65.29,65.29,65.29,65.29,65.29
Vinh Tuy area,105.8680962,20.9912136,59.42,59.42,59.42,59.42,59.42,59.42,59.42,59.42,59.42,59.42,59.42,59.42,59.42,59.42,59.42,59.42,59.42
Vinh Tuy area,105.8684811,20.9912116,62.29,62.29,62.29,62.29,62.29,62.29,62.29,62.29,62.29,62.29,62.29,62.29,62.29,62.29,62.29,62.29,62.29
Vinh Tuy area,105.8688659,20.9912097,65.01,65.01,65.01,65.01,65.01,65.01,65.01,65.01,65.01,65.01,65.01,65.01,65.01,65.01,65.01,65.01,65.01
Vinh Tuy area,105.8692507,20.9912077,66.96,66.96,66.96,66.96,66.96,66.96,66.96,66.96,66.96,66.96,66.96,66.96,66.96,66.96,66.96,66.96,66.96
Vinh Tuy area,105.8696355,20.9912057,66.25,66.25,66.25,66.25,66.25,66.25,66.25,66.25,66.25,66.25,66.25,66.25,66.25,66.25,66.25,66.25,66.25
Vinh Tuy area,105.8700203,20.9912038,61.08,61.08,61.08,61.08,61.08,61.08,61.08,61.08,61.08,61.08,61.08,61.08,61.08,61.08,61.08,61.08,61.08
Vinh Tuy area,105.8704051,20.9912018,58.52,58.52,58.52,58.52,58.52,58.52,58.52,58.52,58.52,58.52,58.52,58.52,58.52,58.52,58.52,58.52,58.52
Vinh Tuy area,105.8707899,20.9911998,58.5,58.5,58.5,58.5,58.5,58.5,58.5,58.5,58.5,58.5,58.5,58.5,58.5,58.5,58.5,58.5,58.5
Vinh Tuy area,105.8711747,20.9911979,58.48,58.48,58.48,58.48,58.48,58.48,58.48,58.48,58.48,58.48,58.48,58.48,58.48,58.48,58.48,58.48,58.48
Vinh Tuy area,105.8715596,20.9911959,58.6,58.6,58.6,58.6,58.6,58.6,58.6,58.6,58.6,58.6,58.6,58.6,58.6,58.6,58.6,58.6,58.6
Vinh Tuy area,105.8719444,20.9911939,58.5,58.5,58.5,58.5,58.5,58.5,58.5,58.5,58.5,58.5,58.5,58.5,58.5,58.5,58.5,58.5,58.5
Vinh Tuy area,105.8723292,20.9911919,59.88,59.88,59.88,59.88,59.88,59.88,59.88,59.88,59.88,59.88,59.88,59.88,59.88,59.88,59.88,59.88,59.88
Vinh Tuy area,105.872714,20.99119,68.19,68.19,68.19,68.19,68.19,68.19,68.19,68.19,68.19,68.19,68.19,68.19,68.19,68.19,68.19,68.19,68.19
Vinh Tuy area,105.8730988,20.991188,68.86,68.86,68.86,68.86,68.86,68.86,68.86,68.86,68.86,68.86,68.86,68.86,68.86,68.86,68.86,68.86,68.86
Vinh Tuy area,105.8734836,20.991186,60.64,60.64,60.64,60.64,60.64,60.64,60.64,60.64,60.64,60.64,60.64,60.64,60.64,60.64,60.64,60.64,60.64
Vinh Tuy area,105.8738684,20.9911841,57.95,57.95,57.95,57.95,57.95,57.95,57.95,57.95,57.95,57.95,57.95,57.95,57.95,57.95,57.95,57.95,57.95
Vinh Tuy area,105.8619413,20.9916062,61.29,61.29,61.29,61.29,61.29,61.29,61.29,61.29,61.29,61.29,61.29,61.29,61.29,61.29,61.29,61.29,61.29
Vinh Tuy area,105.8623261,20.9916043,64.62,64.62,64.62,64.62,64.62,64.62,64.62,64.62,64.62,64.62,64.62,64.62,64.62,64.62,64.62,64.62,64.62
Vinh Tuy area,105.862711,20.9916023,65.01,65.01,65.01,65.01,65.01,65.01,65.01,65.01,65.01,65.01,65.01,65.01,65.01,65.01,65.01,65.01,65.01
Vinh Tuy area,105.8630958,20.9916004,68.86,68.86,68.86,68.86,68.86,68.86,68.86,68.86,68.86,68.86,68.86,68.86,68.86,68.86,68.86,68.86,68.86
Vinh Tuy area,105.8634806,20.9915984,68.29,68.29,68.29,68.29,68.29,68.29,68.29,68.29,68.29,68.29,68.29,68.29,68.29,68.29,68.29,68.29,68.29
Vinh Tuy area,105.8638654,20.9915965,62.41,62.41,62.41,62.41,62.41,62.41,62.41,62.41,62.41,62.41,62.41,62.41,62.41,62.41,62.41,62.41,62.41
Vinh Tuy area,105.8642502,20.9915945,61.19,61.19,61.19,61.19,61.19,61.19,61.19,61.19,61.19,61.19,61.19,61.19,61.19,61.19,61.19,61.19,61.19
Vinh Tuy area,105.864635,20.9915926,62.74,62.74,62.74,62.74,62.74,62.74,62.74,62.74,62.74,62.74,62.74,62.74,62.74,62.74,62.74,62.74,62.74
Vinh Tuy area,105.8650198,20.9915906,62.9,62.9,62.9,62.9,62.9,62.9,62.9,62.9,62.9,62.9,62.9,62.9,62.9,62.9,62.9,62.9,62.9
Vinh Tuy area,105.8654046,20.9915887,63.26,63.26,63.26,63.26,63.26,63.26,63.26,63.26,63.26,63.26,63.26,63.26,63.26,63.26,63.26,63.26,63.26
Vinh Tuy area,105.8657895,20.9915867,61.74,61.74,61.74,61.74,61.74,61.74,61.74,61.74,61.74,61.74,61.74,61.74,61.74,61.74,61.74,61.74,61.74
Vinh Tuy area,105.8661743,20.9915848,58.92,58.92,58.92,58.92,58.92,58.92,58.92,58.92,58.92,58.92,58.92,58.92,58.92,58.92,58.92,58.92,58.92
Vinh Tuy area,105.8665591,20.9915828,58.21,58.21,58.21,58.21,58.21,58.21,58.21,58.21,58.21,58.21,58.21,58.21,58.21,58.21,58.21,58.21,58.21
Vinh Tuy area,105.8669439,20.9915808,58.63,58.63,58.63,58.63,58.63,58.63,58.63,58.63,58.63,58.63,58.63,58.63,58.63,58.63,58.63,58.63,58.63
Vinh Tuy area,105.8673287,20.9915789,61.75,61.75,61.75,61.75,61.75,61.75,61.75,61.75,61.75,61.75,61.75,61.75,61.75,61.75,61.75,61.75,61.75
Vinh Tuy area,105.8677135,20.9915769,65.33,65.33,65.33,65.33,65.33,65.33,65.33,65.33,65.33,65.33,65.33,65.33,65.33,65.33,65.33,65.33,65.33
Vinh Tuy area,105.8680983,20.991575,59.38,59.38,59.38,59.38,59.38,59.38,59.38,59.38,59.38,59.38,59.38,59.38,59.38,59.38,59.38,59.38,59.38
Vinh Tuy area,105.8684831,20.991573,58.68,58.68,58.68,58.68,58.68,58.68,58.68,58.68,58.68,58.68,58.68,58.68,58.68,58.68,58.68,58.68,58.68
Vinh Tuy area,105.868868,20.991571,62.7,62.7,62.7,62.7,62.7,62.7,62.7,62.7,62.7,62.7,62.7,62.7,62.7,62.7,62.7,62.7,62.7
Vinh Tuy area,105.8692528,20.9915691,63.4,63.4,63.4,63.4,63.4,63.4,63.4,63.4,63.4,63.4,63.4,63.4,63.4,63.4,63.4,63.4,63.4
Vinh Tuy area,105.8696376,20.9915671,59.41,59.41,59.41,59.41,59.41,59.41,59.41,59.41,59.41,59.41,59.41,59.41,59.41,59.41,59.41,59.41,59.41
Vinh Tuy area,105.8700224,20.9915651,60.17,60.17,60.17,60.17,60.17,60.17,60.17,60.17,60.17,60.17,60.17,60.17,60.17,60.17,60.17,60.17,60.17
Vinh Tuy area,105.8704072,20.9915632,62.65,62.65,62.65,62.65,62.65,62.65,62.65,62.65,62.65,62.65,62.65,62.65,62.65,62.65,62.65,62.65,62.65
Vinh Tuy area,105.870792,20.9915612,62.67,62.67,62.67,62.67,62.67,62.67,62.67,62.67,62.67,62.67,62.67,62.67,62.67,62.67,62.67,62.67,62.67
Vinh Tuy area,105.8711768,20.9915592,62.66,62.66,62.66,62.66,62.66,62.66,62.66,62.66,62.66,62.66,62.66,62.66,62.66,62.66,62.66,62.66,62.66
Vinh Tuy area,105.8715616,20.9915573,63.11,63.11,63.11,63.11,63.11,63.11,63.11,63.11,63.11,63.11,63.11,63.11,63.11,63.11,63.11,63.11,63.11
Vinh Tuy area,105.8719465,20.9915553,62.83,62.83,62.83,62.83,62.83,62.83,62.83,62.83,62.83,62.83,62.83,62.83,62.83,62.83,62.83,62.83,62.83
Vinh Tuy area,105.8723313,20.9915533,62.11,62.11,62.11,62.11,62.11,62.11,62.11,62.11,62.11,62.11,62.11,62.11,62.11,62.11,62.11,62.11,62.11
Vinh Tuy area,105.8727161,20.9915514,62.62,62.62,62.62,62.62,62.62,62.62,62.62,62.62,62.62,62.62,62.62,62.62,62.62,62.62,62.62,62.62,62.62
Vinh Tuy area,105.8731009,20.9915494,64.21,64.21,64.21,64.21,64.21,64.21,64.21,64.21,64.21,64.21,64.21,64.21,64.21,64.21,64.21,64.21,64.21
Vinh Tuy area,105.8734857,20.9915474,62.99,62.99,62.99,62.99,62.99,62.99,62.99,62.99,62.99,62.99,62.99,62.99,62.99,62.99,62.99,62.99,62.99
Vinh Tuy area,105.8738705,20.9915454,58.83,58.83,58.83,58.83,58.83,58.83,58.83,58.83,58.83,58.83,58.83,58.83,58.83,58.83,58.83,58.83,58.83
Vinh Tuy area,105.8619434,20.9919676,61.08,61.08,61.08,61.08,61.08,61.08,61.08,61.08,61.08,61.08,61.08,61.08,61.08,61.08,61.08,61.08,61.08
Vinh Tuy area,105.8623282,20.9919657,65.28,65.28,65.28,65.28,65.28,65.28,65.28,65.28,65.28,65.28,65.28,65.28,65.28,65.28,65.28,65.28,65.28
Vinh Tuy area,105.862713,20.9919637,63.79,63.79,63.79,63.79,63.79,63.79,63.79,63.79,63.79,63.79,63.79,63.79,63.79,63.79,63.79,63.79,63.79
Vinh Tuy area,105.8630978,20.9919618,67.55,67.55,67.55,67.55,67.55,67.55,67.55,67.55,67.55,67.55,67.55,67.55,67.55,67.55,67.55,67.55,67.55
Vinh Tuy area,105.8634827,20.9919598,62.12,62.12,62.12,62.12,62.12,62.12,62.12,62.12,62.12,62.12,62.12,62.12,62.12,62.12,62.12,62.12,62.12
Vinh Tuy area,105.8638675,20.9919579,60.29,60.29,60.29,60.29,60.29,60.29,60.29,60.29,60.29,60.29,60.29,60.29,60.29,60.29,60.29,60.29,60.29
Vinh Tuy area,105.8642523,20.9919559,59.84,59.84,59.84,59.84,59.84,59.84,59.84,59.84,59.84,59.84,59.84,59.84,59.84,59.84,59.84,59.84,59.84
Vinh Tuy area,105.8646371,20.991954,60.06,60.06,60.06,60.06,60.06,60.06,60.06,60.06,60.06,60.06,60.06,60.06,60.06,60.06,60.06,60.06,60.06
Vinh Tuy area,105.8650219,20.991952,59.81,59.81,59.81,59.81,59.81,59.81,59.81,59.81,59.81,59.81,59.81,59.81,59.81,59.81,59.81,59.81,59.81
Vinh Tuy area,105.8654067,20.9919501,60.79,60.79,60.79,60.79,60.79,60.79,60.79,60.79,60.79,60.79,60.79,60.79,60.79,60.79,60.79,60.79,60.79
Vinh Tuy area,105.8657915,20.9919481,61.93,61.93,61.93,61.93,61.93,61.93,61.93,61.93,61.93,61.93,61.93,61.93,61.93,61.93,61.93,61.93,61.93
Vinh Tuy area,105.8661764,20.9919461,61.78,61.78,61.78,61.78,61.78,61.78,61.78,61.78,61.78,61.78,61.78,61.78,61.78,61.78,61.78,61.78,61.78
Vinh Tuy area,105.8665612,20.9919442,60.19,60.19,60.19,60.19,60.19,60.19,60.19,60.19,60.19,60.19,60.19,60.19,60.19,60.19,60.19,60.19,60.19
Vinh Tuy area,105.866946,20.9919422,60.56,60.56,60.56,60.56,60.56,60.56,60.56,60.56,60.56,60.56,60.56,60.56,60.56,60.56,60.56,60.56,60.56
Vinh Tuy area,105.8673308,20.9919403,61.71,61.71,61.71,61.71,61.71,61.71,61.71,61.71,61.71,61.71,61.71,61.71,61.71,61.71,61.71,61.71,61.71
Vinh Tuy area,105.8677156,20.9919383,65.33,65.33,65.33,65.33,65.33,65.33,65.33,65.33,65.33,65.33,65.33,65.33,65.33,65.33,65.33,65.33,65.33
Vinh Tuy area,105.8681004,20.9919363,59.34,59.34,59.34,59.34,59.34,59.34,59.34,59.34,59.34,59.34,59.34,59.34,59.34,59.34,59.34,59.34,59.34
Vinh Tuy area,105.8684852,20.9919344,60.14,60.14,60.14,60.14,60.14,60.14,60.14,60.14,60.14,60.14,60.14,60.14,60.14,60.14,60.14,60.14,60.14
Vinh Tuy area,105.8688701,20.9919324,62.92,62.92,62.92,62.92,62.92,62.92,62.92,62.92,62.92,62.92,62.92,62.92,62.92,62.92,62.92,62.92,62.92
Vinh Tuy area,105.8692549,20.9919305,63.12,63.12,63.12,63.12,63.12,63.12,63.12,63.12,63.12,63.12,63.12,63.12,63.12,63.12,63.12,63.12,63.12
Vinh Tuy area,105.8696397,20.9919285,58.87,58.87,58.87,58.87,58.87,58.87,58.87,58.87,58.87,58.87,58.87,58.87,58.87,58.87,58.87,58.87,58.87
Vinh Tuy area,105.8700245,20.9919265,61.58,61.58,61.58,61.58,61.58,61.58,61.58,61.58,61.58,61.58,61.58,61.58,61.58,61.58,61.58,61.58,61.58
Vinh Tuy area,105.8704093,20.9919246,65.18,65.18,65.18,65.18,65.18,65.18,65.18,65.18,65.18,65.18,65.18,65.18,65.18,65.18,65.18,65.18,65.18
Vinh Tuy area,105.8707941,20.9919226,63.3,63.3,63.3,63.3,63.3,63.3,63.3,63.3,63.3,63.3,63.3,63.3,63.3,63.3,63.3,63.3,63.3
Vinh Tuy area,105.8711789,20.9919206,63.3,63.3,63.3,63.3,63.3,63.3,63.3,63.3,63.3,63.3,63.3,63.3,63.3,63.3,63.3,63.3,63.3
Vinh Tuy area,105.8715637,20.9919187,67.94,67.94,67.94,67.94,67.94,67.94,67.94,67.94,67.94,67.94,67.94,67.94,67.94,67.94,67.94,67.94,67.94
Vinh Tuy area,105.8719486,20.9919167,63.09,63.09,63.09,63.09,63.09,63.09,63.09,63.09,63.09,63.09,63.09,63.09,63.09,63.09,63.09,63.09,63.09
Vinh Tuy area,105.8723334,20.9919147,65.12,65.12,65.12,65.12,65.12,65.12,65.12,65.12,65.12,65.12,65.12,65.12,65.12,65.12,65.12,65.12,65.12
Vinh Tuy area,105.8727182,20.9919127,68.85,68.85,68.85,68.85,68.85,68.85,68.85,68.85,68.85,68.85,68.85,68.85,68.85,68.85,68.85,68.85,68.85
Vinh Tuy area,105.873103,20.9919108,68.85,68.85,68.85,68.85,68.85,68.85,68.85,68.85,68.85,68.85,68.85,68.85,68.85,68.85,68.85,68.85,68.85
Vinh Tuy area,105.8734878,20.9919088,68.86,68.86,68.86,68.86,68.86,68.86,68.86,68.86,68.86,68.86,68.86,68.86,68.86,68.86,68.86,68.86,68.86
Vinh Tuy area,105.8738726,20.9919068,60.05,60.05,60.05,60.05,60.05,60.05,60.05,60.05,60.05,60.05,60.05,60.05,60.05,60.05,60.05,60.05,60.05
Vinh Tuy area,105.8619455,20.992329,62.24,62.24,62.24,62.24,62.24,62.24,62.24,62.24,62.24,62.24,62.24,62.24,62.24,62.24,62.24,62.24,62.24
Vinh Tuy area,105.8623303,20.9923271,66.84,66.84,66.84,66.84,66.84,66.84,66.84,66.84,66.84,66.84,66.84,66.84,66.84,66.84,66.84,66.84,66.84
Vinh Tuy area,105.8627151,20.9923251,64.13,64.13,64.13,64.13,64.13,64.13,64.13,64.13,64.13,64.13,64.13,64.13,64.13,64.13,64.13,64.13,64.13
Vinh Tuy area,105.8630999,20.9923232,65.27,65.27,65.27,65.27,65.27,65.27,65.27,65.27,65.27,65.27,65.27,65.27,65.27,65.27,65.27,65.27,65.27
Vinh Tuy area,105.8634847,20.9923212,60.62,60.62,60.62,60.62,60.62,60.62,60.62,60.62,60.62,60.62,60.62,60.62,60.62,60.62,60.62,60.62,60.62
Vinh Tuy area,105.8638695,20.9923193,58.97,58.97,58.97,58.97,58.97,58.97,58.97,58.97,58.97,58.97,58.97,58.97,58.97,58.97,58.97,58.97,58.97
Vinh Tuy area,105.8642544,20.9923173,58.61,58.61,58.61,58.61,58.61,58.61,58.61,58.61,58.61,58.61,58.61,58.61,58.61,58.61,58.61,58.61,58.61
Vinh Tuy area,105.8646392,20.9923154,58.46,58.46,58.46,58.46,58.46,58.46,58.46,58.46,58.46,58.46,58.46,58.46,58.46,58.46,58.46,58.46,58.46
Vinh Tuy area,105.865024,20.9923134,59.24,59.24,59.24,59.24,59.24,59.24,59.24,59.24,59.24,59.24,59.24,59.24,59.24,59.24,59.24,59.24,59.24
Vinh Tuy area,105.8654088,20.9923114,62.23,62.23,62.23,62.23,62.23,62.23,62.23,62.23,62.23,62.23,62.23,62.23,62.23,62.23,62.23,62.23,62.23
Vinh Tuy area,105.8657936,20.9923095,67.81,67.81,67.81,67.81,67.81,67.81,67.81,67.81,67.81,67.81,67.81,67.81,67.81,67.81,67.81,67.81,67.81
Vinh Tuy area,105.8661784,20.9923075,66.38,66.38,66.38,66.38,66.38,66.38,66.38,66.38,66.38,66.38,66.38,66.38,66.38,66.38,66.38,66.38,66.38
Vinh Tuy area,105.8665633,20.9923056,63.09,63.09,63.09,63.09,63.09,63.09,63.09,63.09,63.09,63.09,63.09,63.09,63.09,63.09,63.09,63.09,63.09
Vinh Tuy area,105.8669481,20.9923036,68.89,68.89,68.89,68.89,68.89,68.89,68.89,68.89,68.89,68.89,68.89,68.89,68.89,68.89,68.89,68.89,68.89
Vinh Tuy area,105.8673329,20.9923017,68.88,68.88,68.88,68.88,68.88,68.88,68.88,68.88,68.88,68.88,68.88,68.88,68.88,68.88,68.88,68.88,68.88
Vinh Tuy area,105.8677177,20.9922997,65.12,65.12,65.12,65.12,65.12,65.12,65.12,65.12,65.12,65.12,65.12,65.12,65.12,65.12,65.12,65.12,65.12
Vinh Tuy area,105.8681025,20.9922977,60.15,60.15,60.15,60.15,60.15,60.15,60.15,60.15,60.15,60.15,60.15,60.15,60.15,60.15,60.15,60.15,60.15
Vinh Tuy area,105.8684873,20.9922958,68.87,68.87,68.87,68.87,68.87,68.87,68.87,68.87,68.87,68.87,68.87,68.87,68.87,68.87,68.87,68.87,68.87
Vinh Tuy area,105.8688721,20.9922938,68.87,68.87,68.87,68.87,68.87,68.87,68.87,68.87,68.87,68.87,68.87,68.87,68.87,68.87,68.87,68.87,68.87
Vinh Tuy area,105.869257,20.9922918,63.97,63.97,63.97,63.97,63.97,63.97,63.97,63.97,63.97,63.97,63.97,63.97,63.97,63.97,63.97,63.97,63.97
Vinh Tuy area,105.8696418,20.9922899,63.88,63.88,63.88,63.88,63.88,63.88,63.88,63.88,63.88,63.88,63.88,63.88,63.88,63.88,63.88,63.88,63.88
Vinh Tuy area,105.8700266,20.9922879,61.56,61.56,61.56,61.56,61.56,61.56,61.56,61.56,61.56,61.56,61.56,61.56,61.56,61.56,61.56,61.56,61.56
Vinh Tuy area,105.8704114,20.9922859,65.27,65.27,65.27,65.27,65.27,65.27,65.27,65.27,65.27,65.27,65.27,65.27,65.27,65.27,65.27,65.27,65.27
Vinh Tuy area,105.8707962,20.992284,59.1,59.1,59.1,59.1,59.1,59.1,59.1,59.1,59.1,59.1,59.1,59.1,59.1,59.1,59.1,59.1,59.1
Vinh Tuy area,105.871181,20.992282,60.52,60.52,60.52,60.52,60.52,60.52,60.52,60.52,60.52,60.52,60.52,60.52,60.52,60.52,60.52,60.52,60.52
Vinh Tuy area,105.8715658,20.99228,68.85,68.85,68.85,68.85,68.85,68.85,68.85,68.85,68.85,68.85,68.85,68.85,68.85,68.85,68.85,68.85,68.85
Vinh Tuy area,105.8719507,20.9922781,59.72,59.72,59.72,59.72,59.72,59.72,59.72,59.72,59.72,59.72,59.72,59.72,59.72,59.72,59.72,59.72,59.72
Vinh Tuy area,105.8723355,20.9922761,59.25,59.25,59.25,59.25,59.25,59.25,59.25,59.25,59.25,59.25,59.25,59.25,59.25,59.25,59.25,59.25,59.25
Vinh Tuy area,105.8727203,20.9922741,59.66,59.66,59.66,59.66,59.66,59.66,59.66,59.66,59.66,59.66,59.66,59.66,59.66,59.66,59.66,59.66,59.66
Vinh Tuy area,105.8731051,20.9922722,63.68,63.68,63.68,63.68,63.68,63.68,63.68,63.68,63.68,63.68,63.68,63.68,63.68,63.68,63.68,63.68,63.68
Vinh Tuy area,105.8734899,20.9922702,65.46,65.46,65.46,65.46,65.46,65.46,65.46,65.46,65.46,65.46,65.46,65.46,65.46,65.46,65.46,65.46,65.46
Vinh Tuy area,105.8738747,20.9922682,61.93,61.93,61.93,61.93,61.93,61.93,61.93,61.93,61.93,61.93,61.93,61.93,61.93,61.93,61.93,61.93,61.93
Vinh Tuy area,105.8619475,20.9926904,66.01,66.01,66.01,66.01,66.01,66.01,66.01,66.01,66.01,66.01,66.01,66.01,66.01,66.01,66.01,66.01,66.01
Vinh Tuy area,105.8623324,20.9926884,69.62,69.62,69.62,69.62,69.62,69.62,69.62,69.62,69.62,69.62,69.62,69.62,69.62,69.62,69.62,69.62,69.62
Vinh Tuy area,105.8627172,20.9926865,65.45,65.45,65.45,65.45,65.45,65.45,65.45,65.45,65.45,65.45,65.45,65.45,65.45,65.45,65.45,65.45,65.45
Vinh Tuy area,105.863102,20.9926845,64.44,64.44,64.44,64.44,64.44,64.44,64.44,64.44,64.44,64.44,64.44,64.44,64.44,64.44,64.44,64.44,64.44
Vinh Tuy area,105.8634868,20.9926826,60.85,60.85,60.85,60.85,60.85,60.85,60.85,60.85,60.85,60.85,60.85,60.85,60.85,60.85,60.85,60.85,60.85
Vinh Tuy area,105.8638716,20.9926806,59.23,59.23,59.23,59.23,59.23,59.23,59.23,59.23,59.23,59.23,59.23,59.23,59.23,59.23,59.23,59.23,59.23
Vinh Tuy area,105.8642564,20.9926787,58.04,58.04,58.04,58.04,58.04,58.04,58.04,58.04,58.04,58.04,58.04,58.04,58.04,58.04,58.04,58.04,58.04
Vinh Tuy area,105.8646413,20.9926767,57.96,57.96,57.96,57.96,57.96,57.96,57.96,57.96,57.96,57.96,57.96,57.96,57.96,57.96,57.96,57.96,57.96
Vinh Tuy area,105.8650261,20.9926748,59.03,59.03,59.03,59.03,59.03,59.03,59.03,59.03,59.03,59.03,59.03,59.03,59.03,59.03,59.03,59.03,59.03
Vinh Tuy area,105.8654109,20.9926728,62.09,62.09,62.09,62.09,62.09,62.09,62.09,62.09,62.09,62.09,62.09,62.09,62.09,62.09,62.09,62.09,62.09
Vinh Tuy area,105.8657957,20.9926709,66.5,66.5,66.5,66.5,66.5,66.5,66.5,66.5,66.5,66.5,66.5,66.5,66.5,66.5,66.5,66.5,66.5
Vinh Tuy area,105.8661805,20.9926689,60.37,60.37,60.37,60.37,60.37,60.37,60.37,60.37,60.37,60.37,60.37,60.37,60.37,60.37,60.37,60.37,60.37
Vinh Tuy area,105.8665653,20.992667,59.9,59.9,59.9,59.9,59.9,59.9,59.9,59.9,59.9,59.9,59.9,59.9,59.9,59.9,59.9,59.9,59.9
Vinh Tuy area,105.8669502,20.992665,60.24,60.24,60.24,60.24,60.24,60.24,60.24,60.24,60.24,60.24,60.24,60.24,60.24,60.24,60.24,60.24,60.24
Vinh Tuy area,105.867335,20.992663,61.81,61.81,61.81,61.81,61.81,61.81,61.81,61.81,61.81,61.81,61.81,61.81,61.81,61.81,61.81,61.81,61.81
Vinh Tuy area,105.8677198,20.9926611,64.91,64.91,64.91,64.91,64.91,64.91,64.91,64.91,64.91,64.91,64.91,64.91,64.91,64.91,64.91,64.91,64.91
Vinh Tuy area,105.8681046,20.9926591,59.56,59.56,59.56,59.56,59.56,59.56,59.56,59.56,59.56,59.56,59.56,59.56,59.56,59.56,59.56,59.56,59.56
Vinh Tuy area,105.8684894,20.9926572,60.35,60.35,60.35,60.35,60.35,60.35,60.35,60.35,60.35,60.35,60.35,60.35,60.35,60.35,60.35,60.35,60.35
Vinh Tuy area,105.8688742,20.9926552,63.05,63.05,63.05,63.05,63.05,63.05,63.05,63.05,63.05,63.05,63.05,63.05,63.05,63.05,63.05,63.05,63.05
Vinh Tuy area,105.869259,20.9926532,62.93,62.93,62.93,62.93,62.93,62.93,62.93,62.93,62.93,62.93,62.93,62.93,62.93,62.93,62.93,62.93,62.93
Vinh Tuy area,105.8696439,20.9926513,62.25,62.25,62.25,62.25,62.25,62.25,62.25,62.25,62.25,62.25,62.25,62.25,62.25,62.25,62.25,62.25,62.25
Vinh Tuy area,105.8700287,20.9926493,61.48,61.48,61.48,61.48,61.48,61.48,61.48,61.48,61.48,61.48,61.48,61.48,61.48,61.48,61.48,61.48,61.48
Vinh Tuy area,105.8704135,20.9926473,65.36,65.36,65.36,65.36,65.36,65.36,65.36,65.36,65.36,65.36,65.36,65.36,65.36,65.36,65.36,65.36,65.36
Vinh Tuy area,105.8707983,20.9926454,61.49,61.49,61.49,61.49,61.49,61.49,61.49,61.49,61.49,61.49,61.49,61.49,61.49,61.49,61.49,61.49,61.49
Vinh Tuy area,105.8711831,20.9926434,61.4,61.4,61.4,61.4,61.4,61.4,61.4,61.4,61.4,61.4,61.4,61.4,61.4,61.4,61.4,61.4,61.4
Vinh Tuy area,105.8715679,20.9926414,68.85,68.85,68.85,68.85,68.85,68.85,68.85,68.85,68.85,68.85,68.85,68.85,68.85,68.85,68.85,68.85,68.85
Vinh Tuy area,105.8719528,20.9926395,59.88,59.88,59.88,59.88,59.88,59.88,59.88,59.88,59.88,59.88,59.88,59.88,59.88,59.88,59.88,59.88,59.88
Vinh Tuy area,105.8723376,20.9926375,57.27,57.27,57.27,57.27,57.27,57.27,57.27,57.27,57.27,57.27,57.27,57.27,57.27,57.27,57.27,57.27,57.27
Vinh Tuy area,105.8727224,20.9926355,57.91,57.91,57.91,57.91,57.91,57.91,57.91,57.91,57.91,57.91,57.91,57.91,57.91,57.91,57.91,57.91,57.91
Vinh Tuy area,105.8731072,20.9926335,60.89,60.89,60.89,60.89,60.89,60.89,60.89,60.89,60.89,60.89,60.89,60.89,60.89,60.89,60.89,60.89,60.89
Vinh Tuy area,105.873492,20.9926316,68.85,68.85,68.85,68.85,68.85,68.85,68.85,68.85,68.85,68.85,68.85,68.85,68.85,68.85,68.85,68.85,68.85
Vinh Tuy area,105.8738768,20.9926296,64.41,64.41,64.41,64.41,64.41,64.41,64.41,64.41,64.41,64.41,64.41,64.41,64.41,64.41,64.41,64.41,64.41
Vinh Tuy area,105.8619496,20.9930518,65.53,65.53,65.53,65.53,65.53,65.53,65.53,65.53,65.53,65.53,65.53,65.53,65.53,65.53,65.53,65.53,65.53
Vinh Tuy area,105.8623344,20.9930498,70.49,70.49,70.49,70.49,70.49,70.49,70.49,70.49,70.49,70.49,70.49,70.49,70.49,70.49,70.49,70.49,70.49
Vinh Tuy area,105.8627193,20.9930479,66.42,66.42,66.42,66.42,66.42,66.42,66.42,66.42,66.42,66.42,66.42,66.42,66.42,66.42,66.42,66.42,66.42
Vinh Tuy area,105.8631041,20.9930459,64.47,64.47,64.47,64.47,64.47,64.47,64.47,64.47,64.47,64.47,64.47,64.47,64.47,64.47,64.47,64.47,64.47
Vinh Tuy area,105.8634889,20.993044,61.64,61.64,61.64,61.64,61.64,61.64,61.64,61.64,61.64,61.64,61.64,61.64,61.64,61.64,61.64,61.64,61.64
Vinh Tuy area,105.8638737,20.993042,59.93,59.93,59.93,59.93,59.93,59.93,59.93,59.93,59.93,59.93,59.93,59.93,59.93,59.93,59.93,59.93,59.93
Vinh Tuy area,105.8642585,20.9930401,58.45,58.45,58.45,58.45,58.45,58.45,58.45,58.45,58.45,58.45,58.45,58.45,58.45,58.45,58.45,58.45,58.45
Vinh Tuy area,105.8646433,20.9930381,57.7,57.7,57.7,57.7,57.7,57.7,57.7,57.7,57.7,57.7,57.7,57.7,57.7,57.7,57.7,57.7,57.7
Vinh Tuy area,105.8650282,20.9930362,58.4,58.4,58.4,58.4,58.4,58.4,58.4,58.4,58.4,58.4,58.4,58.4,58.4,58.4,58.4,58.4,58.4
Vinh Tuy area,105.865413,20.9930342,59.95,59.95,59.95,59.95,59.95,59.95,59.95,59.95,59.95,59.95,59.95,59.95,59.95,59.95,59.95,59.95,59.95
Vinh Tuy area,105.8657978,20.9930323,64.33,64.33,64.33,64.33,64.33,64.33,64.33,64.33,64.33,64.33,64.33,64.33,64.33,64.33,64.33,64.33,64.33
Vinh Tuy area,105.8661826,20.9930303,68.57,68.57,68.57,68.57,68.57,68.57,68.57,68.57,68.57,68.57,68.57,68.57,68.57,68.57,68.57,68.57,68.57
Vinh Tuy area,105.8665674,20.9930283,68.2,68.2,68.2,68.2,68.2,68.2,68.2,68.2,68.2,68.2,68.2,68.2,68.2,68.2,68.2,68.2,68.2
Vinh Tuy area,105.8669522,20.9930264,67.9,67.9,67.9,67.9,67.9,67.9,67.9,67.9,67.9,67.9,67.9,67.9,67.9,67.9,67.9,67.9,67.9
Vinh Tuy area,105.8673371,20.9930244,67.57,67.57,67.57,67.57,67.57,67.57,67.57,67.57,67.57,67.57,67.57,67.57,67.57,67.57,67.57,67.57,67.57
Vinh Tuy area,105.8677219,20.9930225,68.87,68.87,68.87,68.87,68.87,68.87,68.87,68.87,68.87,68.87,68.87,68.87,68.87,68.87,68.87,68.87,68.87
Vinh Tuy area,105.8681067,20.9930205,66.97,66.97,66.97,66.97,66.97,66.97,66.97,66.97,66.97,66.97,66.97,66.97,66.97,66.97,66.97,66.97,66.97
Vinh Tuy area,105.8684915,20.9930185,66.68,66.68,66.68,66.68,66.68,66.68,66.68,66.68,66.68,66.68,66.68,66.68,66.68,66.68,66.68,66.68,66.68
Vinh Tuy area,105.8688763,20.9930166,68.86,68.86,68.86,68.86,68.86,68.86,68.86,68.86,68.86,68.86,68.86,68.86,68.86,68.86,68.86,68.86,68.86
Vinh Tuy area,105.8692611,20.9930146,66.32,66.32,66.32,66.32,66.32,66.32,66.32,66.32,66.32,66.32,66.32,66.32,66.32,66.32,66.32,66.32,66.32
Vinh Tuy area,105.869646,20.9930126,65.89,65.89,65.89,65.89,65.89,65.89,65.89,65.89,65.89,65.89,65.89,65.89,65.89,65.89,65.89,65.89,65.89
Vinh Tuy area,105.8700308,20.9930107,65.78,65.78,65.78,65.78,65.78,65.78,65.78,65.78,65.78,65.78,65.78,65.78,65.78,65.78,65.78,65.78,65.78
Vinh Tuy area,105.8704156,20.9930087,64.18,64.18,64.18,64.18,64.18,64.18,64.18,64.18,64.18,64.18,64.18,64.18,64.18,64.18,64.18,64.18,64.18
Vinh Tuy area,105.8708004,20.9930067,65.27,65.27,65.27,65.27,65.27,65.27,65.27,65.27,65.27,65.27,65.27,65.27,65.27,65.27,65.27,65.27,65.27
Vinh Tuy area,105.8711852,20.9930048,65.51,65.51,65.51,65.51,65.51,65.51,65.51,65.51,65.51,65.51,65.51,65.51,65.51,65.51,65.51,65.51,65.51
Vinh Tuy area,105.87157,20.9930028,61.66,61.66,61.66,61.66,61.66,61.66,61.66,61.66,61.66,61.66,61.66,61.66,61.66,61.66,61.66,61.66,61.66
Vinh Tuy area,105.8719549,20.9930008,58.57,58.57,58.57,58.57,58.57,58.57,58.57,58.57,58.57,58.57,58.57,58.57,58.57,58.57,58.57,58.57,58.57
Vinh Tuy area,105.8723397,20.9929989,56.8,56.8,56.8,56.8,56.8,56.8,56.8,56.8,56.8,56.8,56.8,56.8,56.8,56.8,56.8,56.8,56.8
Vinh Tuy area,105.8727245,20.9929969,57.1,57.1,57.1,57.1,57.1,57.1,57.1,57.1,57.1,57.1,57.1,57.1,57.1,57.1,57.1,57.1,57.1
Vinh Tuy area,105.8731093,20.9929949,58.89,58.89,58.89,58.89,58.89,58.89,58.89,58.89,58.89,58.89,58.89,58.89,58.89,58.89,58.89,58.89,58.89
Vinh Tuy area,105.8734941,20.992993,61.47,61.47,61.47,61.47,61.47,61.47,61.47,61.47,61.47,61.47,61.47,61.47,61.47,61.47,61.47,61.47,61.47
Vinh Tuy area,105.8738789,20.992991,65.82,65.82,65.82,65.82,65.82,65.82,65.82,65.82,65.82,65.82,65.82,65.82,65.82,65.82,65.82,65.82,65.82
Vinh Tuy area,105.8619517,20.9934132,65.06,65.06,65.06,65.06,65.06,65.06,65.06,65.06,65.06,65.06,65.06,65.06,65.06,65.06,65.06,65.06,65.06
Vinh Tuy area,105.8623365,20.9934112,70.13,70.13,70.13,70.13,70.13,70.13,70.13,70.13,70.13,70.13,70.13,70.13,70.13,70.13,70.13,70.13,70.13
Vinh Tuy area,105.8627213,20.9934093,69.29,69.29,69.29,69.29,69.29,69.29,69.29,69.29,69.29,69.29,69.29,69.29,69.29,69.29,69.29,69.29,69.29
Vinh Tuy area,105.8631061,20.9934073,69.63,69.63,69.63,69.63,69.63,69.63,69.63,69.63,69.63,69.63,69.63,69.63,69.63,69.63,69.63,69.63,69.63
Vinh Tuy area,105.863491,20.9934054,64.91,64.91,64.91,64.91,64.91,64.91,64.91,64.91,64.91,64.91,64.91,64.91,64.91,64.91,64.91,64.91,64.91
Vinh Tuy area,105.8638758,20.9934034,60.8,60.8,60.8,60.8,60.8,60.8,60.8,60.8,60.8,60.8,60.8,60.8,60.8,60.8,60.8,60.8,60.8
Vinh Tuy area,105.8642606,20.9934015,58.87,58.87,58.87,58.87,58.87,58.87,58.87,58.87,58.87,58.87,58.87,58.87,58.87,58.87,58.87,58.87,58.87
Vinh Tuy area,105.8646454,20.9933995,57.62,57.62,57.62,57.62,57.62,57.62,57.62,57.62,57.62,57.62,57.62,57.62,57.62,57.62,57.62,57.62,57.62
Vinh Tuy area,105.8650302,20.9933976,57.73,57.73,57.73,57.73,57.73,57.73,57.73,57.73,57.73,57.73,57.73,57.73,57.73,57.73,57.73,57.73,57.73
Vinh Tuy area,105.8654151,20.9933956,59.15,59.15,59.15,59.15,59.15,59.15,59.15,59.15,59.15,59.15,59.15,59.15,59.15,59.15,59.15,59.15,59.15
Vinh Tuy area,105.8657999,20.9933936,63.32,63.32,63.32,63.32,63.32,63.32,63.32,63.32,63.32,63.32,63.32,63.32,63.32,63.32,63.32,63.32,63.32
Vinh Tuy area,105.8661847,20.9933917,62.9,62.9,62.9,62.9,62.9,62.9,62.9,62.9,62.9,62.9,62.9,62.9,62.9,62.9,62.9,62.9,62.9
Vinh Tuy area,105.8665695,20.9933897,60.93,60.93,60.93,60.93,60.93,60.93,60.93,60.93,60.93,60.93,60.93,60.93,60.93,60.93,60.93,60.93,60.93
Vinh Tuy area,105.8669543,20.9933878,60.95,60.95,60.95,60.95,60.95,60.95,60.95,60.95,60.95,60.95,60.95,60.95,60.95,60.95,60.95,60.95,60.95
Vinh Tuy area,105.8673391,20.9933858,62.39,62.39,62.39,62.39,62.39,62.39,62.39,62.39,62.39,62.39,62.39,62.39,62.39,62.39,62.39,62.39,62.39
Vinh Tuy area,105.867724,20.9933838,63.8,63.8,63.8,63.8,63.8,63.8,63.8,63.8,63.8,63.8,63.8,63.8,63.8,63.8,63.8,63.8,63.8
Vinh Tuy area,105.8681088,20.9933819,62.27,62.27,62.27,62.27,62.27,62.27,62.27,62.27,62.27,62.27,62.27,62.27,62.27,62.27,62.27,62.27,62.27
Vinh Tuy area,105.8684936,20.9933799,63.85,63.85,63.85,63.85,63.85,63.85,63.85,63.85,63.85,63.85,63.85,63.85,63.85,63.85,63.85,63.85,63.85
Vinh Tuy area,105.8688784,20.993378,62.84,62.84,62.84,62.84,62.84,62.84,62.84,62.84,62.84,62.84,62.84,62.84,62.84,62.84,62.84,62.84,62.84
Vinh Tuy area,105.8692632,20.993376,63.14,63.14,63.14,63.14,63.14,63.14,63.14,63.14,63.14,63.14,63.14,63.14,63.14,63.14,63.14,63.14,63.14
Vinh Tuy area,105.869648,20.993374,61.31,61.31,61.31,61.31,61.31,61.31,61.31,61.31,61.31,61.31,61.31,61.31,61.31,61.31,61.31,61.31,61.31
Vinh Tuy area,105.8700329,20.9933721,66.27,66.27,66.27,66.27,66.27,66.27,66.27,66.27,66.27,66.27,66.27,66.27,66.27,66.27,66.27,66.27,66.27
Vinh Tuy area,105.8704177,20.9933701,61.18,61.18,61.18,61.18,61.18,61.18,61.18,61.18,61.18,61.18,61.18,61.18,61.18,61.18,61.18,61.18,61.18
Vinh Tuy area,105.8708025,20.9933681,59.12,59.12,59.12,59.12,59.12,59.12,59.12,59.12,59.12,59.12,59.12,59.12,59.12,59.12,59.12,59.12,59.12
Vinh Tuy area,105.8711873,20.9933662,59.16,59.16,59.16,59.16,59.16,59.16,59.16,59.16,59.16,59.16,59.16,59.16,59.16,59.16,59.16,59.16,59.16
Vinh Tuy area,105.8715721,20.9933642,58.61,58.61,58.61,58.61,58.61,58.61,58.61,58.61,58.61,58.61,58.61,58.61,58.61,58.61,58.61,58.61,58.61
Vinh Tuy area,105.871957,20.9933622,57.24,57.24,57.24,57.24,57.24,57.24,57.24,57.24,57.24,57.24,57.24,57.24,57.24,57.24,57.24,57.24,57.24
Vinh Tuy area,105.8723418,20.9933603,56.06,56.06,56.06,56.06,56.06,56.06,56.06,56.06,56.06,56.06,56.06,56.06,56.06,56.06,56.06,56.06,56.06
Vinh Tuy area,105.8727266,20.9933583,56.17,56.17,56.17,56.17,56.17,56.17,56.17,56.17,56.17,56.17,56.17,56.17,56.17,56.17,56.17,56.17,56.17
Vinh Tuy area,105.8731114,20.9933563,57.54,57.54,57.54,57.54,57.54,57.54,57.54,57.54,57.54,57.54,57.54,57.54,57.54,57.54,57.54,57.54,57.54
Vinh Tuy area,105.8734962,20.9933543,60.38,60.38,60.38,60.38,60.38,60.38,60.38,60.38,60.38,60.38,60.38,60.38,60.38,60.38,60.38,60.38,60.38
Vinh Tuy area,105.873881,20.9933524,68.85,68.85,68.85,68.85,68.85,68.85,68.85,68.85,68.85,68.85,68.85,68.85,68.85,68.85,68.85,68.85,68.85
Vinh Tuy area,105.8619538,20.9937745,64.81,64.81,64.81,64.81,64.81,64.81,64.81,64.81,64.81,64.81,64.81,64.81,64.81,64.81,64.81,64.81,64.81
Vinh Tuy area,105.8623386,20.9937726,69.65,69.65,69.65,69.65,69.65,69.65,69.65,69.65,69.65,69.65,69.65,69.65,69.65,69.65,69.65,69.65,69.65
Vinh Tuy area,105.8627234,20.9937706,70.19,70.19,70.19,70.19,70.19,70.19,70.19,70.19,70.19,70.19,70.19,70.19,70.19,70.19,70.19,70.19,70.19
Vinh Tuy area,105.8631082,20.9937687,69.53,69.53,69.53,69.53,69.53,69.53,69.53,69.53,69.53,69.53,69.53,69.53,69.53,69.53,69.53,69.53,69.53
Vinh Tuy area,105.863493,20.9937667,66.14,66.14,66.14,66.14,66.14,66.14,66.14,66.14,66.14,66.14,66.14,66.14,66.14,66.14,66.14,66.14,66.14
Vinh Tuy area,105.8638779,20.9937648,62.51,62.51,62.51,62.51,62.51,62.51,62.51,62.51,62.51,62.51,62.51,62.51,62.51,62.51,62.51,62.51,62.51
Vinh Tuy area,105.8642627,20.9937628,59.58,59.58,59.58,59.58,59.58,59.58,59.58,59.58,59.58,59.58,59.58,59.58,59.58,59.58,59.58,59.58,59.58
Vinh Tuy area,105.8646475,20.9937609,58.19,58.19,58.19,58.19,58.19,58.19,58.19,58.19,58.19,58.19,58.19,58.19,58.19,58.19,58.19,58.19,58.19
Vinh Tuy area,105.8650323,20.9937589,57.69,57.69,57.69,57.69,57.69,57.69,57.69,57.69,57.69,57.69,57.69,57.69,57.69,57.69,57.69,57.69,57.69
Vinh Tuy area,105.8654171,20.993757,59.13,59.13,59.13,59.13,59.13,59.13,59.13,59.13,59.13,59.13,59.13,59.13,59.13,59.13,59.13,59.13,59.13
Vinh Tuy area,105.865802,20.993755,63.31,63.31,63.31,63.31,63.31,63.31,63.31,63.31,63.31,63.31,63.31,63.31,63.31,63.31,63.31,63.31,63.31
Vinh Tuy area,105.8661868,20.9937531,62.9,62.9,62.9,62.9,62.9,62.9,62.9,62.9,62.9,62.9,62.9,62.9,62.9,62.9,62.9,62.9,62.9
Vinh Tuy area,105.8665716,20.9937511,58.72,58.72,58.72,58.72,58.72,58.72,58.72,58.72,58.72,58.72,58.72,58.72,58.72,58.72,58.72,58.72,58.72
Vinh Tuy area,105.8669564,20.9937492,58.55,58.55,58.55,58.55,58.55,58.55,58.55,58.55,58.55,58.55,58.55,58.55,58.55,58.55,58.55,58.55,58.55
Vinh Tuy area,105.8673412,20.9937472,62.48,62.48,62.48,62.48,62.48,62.48,62.48,62.48,62.48,62.48,62.48,62.48,62.48,62.48,62.48,62.48,62.48
Vinh Tuy area,105.8677261,20.9937452,63.67,63.67,63.67,63.67,63.67,63.67,63.67,63.67,63.67,63.67,63.67,63.67,63.67,63.67,63.67,63.67,63.67
Vinh Tuy area,105.8681109,20.9937433,59.22,59.22,59.22,59.22,59.22,59.22,59.22,59.22,59.22,59.22,59.22,59.22,59.22,59.22,59.22,59.22,59.22
Vinh Tuy area,105.8684957,20.9937413,63.14,63.14,63.14,63.14,63.14,63.14,63.14,63.14,63.14,63.14,63.14,63.14,63.14,63.14,63.14,63.14,63.14
Vinh Tuy area,105.8688805,20.9937393,63.51,63.51,63.51,63.51,63.51,63.51,63.51,63.51,63.51,63.51,63.51,63.51,63.51,63.51,63.51,63.51,63.51
Vinh Tuy area,105.8692653,20.9937374,65.37,65.37,65.37,65.37,65.37,65.37,65.37,65.37,65.37,65.37,65.37,65.37,65.37,65.37,65.37,65.37,65.37
Vinh Tuy area,105.8696501,20.9937354,64.36,64.36,64.36,64.36,64.36,64.36,64.36,64.36,64.36,64.36,64.36,64.36,64.36,64.36,64.36,64.36,64.36
Vinh Tuy area,105.870035,20.9937334,66.61,66.61,66.61,66.61,66.61,66.61,66.61,66.61,66.61,66.61,66.61,66.61,66.61,66.61,66.61,66.61,66.61
Vinh Tuy area,105.8704198,20.9937315,61.11,61.11,61.11,61.11,61.11,61.11,61.11,61.11,61.11,61.11,61.11,61.11,61.11,61.11,61.11,61.11,61.11
Vinh Tuy area,105.8708046,20.9937295,57.89,57.89,57.89,57.89,57.89,57.89,57.89,57.89,57.89,57.89,57.89,57.89,57.89,57.89,57.89,57.89,57.89
Vinh Tuy area,105.8711894,20.9937275,57.0,57.0,57.0,57.0,57.0,57.0,57.0,57.0,57.0,57.0,57.0,57.0,57.0,57.0,57.0,57.0,57.0
Vinh Tuy area,105.8715742,20.9937256,56.8,56.8,56.8,56.8,56.8,56.8,56.8,56.8,56.8,56.8,56.8,56.8,56.8,56.8,56.8,56.8,56.8
Vinh Tuy area,105.8719591,20.9937236,56.17,56.17,56.17,56.17,56.17,56.17,56.17,56.17,56.17,56.17,56.17,56.17,56.17,56.17,56.17,56.17,56.17
Vinh Tuy area,105.8723439,20.9937216,55.42,55.42,55.42,55.42,55.42,55.42,55.42,55.42,55.42,55.42,55.42,55.42,55.42,55.42,55.42,55.42,55.42
Vinh Tuy area,105.8727287,20.9937197,55.84,55.84,55.84,55.84,55.84,55.84,55.84,55.84,55.84,55.84,55.84,55.84,55.84,55.84,55.84,55.84,55.84
Vinh Tuy area,105.8731135,20.9937177,57.23,57.23,57.23,57.23,57.23,57.23,57.23,57.23,57.23,57.23,57.23,57.23,57.23,57.23,57.23,57.23,57.23
Vinh Tuy area,105.8734983,20.9937157,59.74,59.74,59.74,59.74,59.74,59.74,59.74,59.74,59.74,59.74,59.74,59.74,59.74,59.74,59.74,59.74,59.74
Vinh Tuy area,105.8738831,20.9937137,68.85,68.85,68.85,68.85,68.85,68.85,68.85,68.85,68.85,68.85,68.85,68.85,68.85,68.85,68.85,68.85,68.85
Vinh Tuy area,105.8619558,20.9941359,64.75,64.75,64.75,64.75,64.75,64.75,64.75,64.75,64.75,64.75,64.75,64.75,64.75,64.75,64.75,64.75,64.75
Vinh Tuy area,105.8623407,20.994134,67.63,67.63,67.63,67.63,67.63,67.63,67.63,67.63,67.63,67.63,67.63,67.63,67.63,67.63,67.63,67.63,67.63
Vinh Tuy area,105.8627255,20.994132,70.58,70.58,70.58,70.58,70.58,70.58,70.58,70.58,70.58,70.58,70.58,70.58,70.58,70.58,70.58,70.58,70.58
Vinh Tuy area,105.8631103,20.9941301,65.42,65.42,65.42,65.42,65.42,65.42,65.42,65.42,65.42,65.42,65.42,65.42,65.42,65.42,65.42,65.42,65.42
Vinh Tuy area,105.8634951,20.9941281,67.92,67.92,67.92,67.92,67.92,67.92,67.92,67.92,67.92,67.92,67.92,67.92,67.92,67.92,67.92,67.92,67.92
Vinh Tuy area,105.8638799,20.9941262,63.41,63.41,63.41,63.41,63.41,63.41,63.41,63.41,63.41,63.41,63.41,63.41,63.41,63.41,63.41,63.41,63.41
Vinh Tuy area,105.8642648,20.9941242,61.34,61.34,61.34,61.34,61.34,61.34,61.34,61.34,61.34,61.34,61.34,61.34,61.34,61.34,61.34,61.34,61.34
Vinh Tuy area,105.8646496,20.9941223,59.09,59.09,59.09,59.09,59.09,59.09,59.09,59.09,59.09,59.09,59.09,59.09,59.09,59.09,59.09,59.09,59.09
Vinh Tuy area,105.8650344,20.9941203,58.32,58.32,58.32,58.32,58.32,58.32,58.32,58.32,58.32,58.32,58.32,58.32,58.32,58.32,58.32,58.32,58.32
Vinh Tuy area,105.8654192,20.9941184,59.12,59.12,59.12,59.12,59.12,59.12,59.12,59.12,59.12,59.12,59.12,59.12,59.12,59.12,59.12,59.12,59.12
Vinh Tuy area,105.865804,20.9941164,63.33,63.33,63.33,63.33,63.33,63.33,63.33,63.33,63.33,63.33,63.33,63.33,63.33,63.33,63.33,63.33,63.33
Vinh Tuy area,105.8661889,20.9941145,62.88,62.88,62.88,62.88,62.88,62.88,62.88,62.88,62.88,62.88,62.88,62.88,62.88,62.88,62.88,62.88,62.88
Vinh Tuy area,105.8665737,20.9941125,58.75,58.75,58.75,58.75,58.75,58.75,58.75,58.75,58.75,58.75,58.75,58.75,58.75,58.75,58.75,58.75,58.75
Vinh Tuy area,105.8669585,20.9941105,58.63,58.63,58.63,58.63,58.63,58.63,58.63,58.63,58.63,58.63,58.63,58.63,58.63,58.63,58.63,58.63,58.63
Vinh Tuy area,105.8673433,20.9941086,62.54,62.54,62.54,62.54,62.54,62.54,62.54,62.54,62.54,62.54,62.54,62.54,62.54,62.54,62.54,62.54,62.54
Vinh Tuy area,105.8677281,20.9941066,63.63,63.63,63.63,63.63,63.63,63.63,63.63,63.63,63.63,63.63,63.63,63.63,63.63,63.63,63.63,63.63,63.63
Vinh Tuy area,105.868113,20.9941047,59.11,59.11,59.11,59.11,59.11,59.11,59.11,59.11,59.11,59.11,59.11,59.11,59.11,59.11,59.11,59.11,59.11
Vinh Tuy area,105.8684978,20.9941027,62.2,62.2,62.2,62.2,62.2,62.2,62.2,62.2,62.2,62.2,62.2,62.2,62.2,62.2,62.2,62.2,62.2
Vinh Tuy area,105.8688826,20.9941007,63.06,63.06,63.06,63.06,63.06,63.06,63.06,63.06,63.06,63.06,63.06,63.06,63.06,63.06,63.06,63.06,63.06
Vinh Tuy area,105.8692674,20.9940988,62.97,62.97,62.97,62.97,62.97,62.97,62.97,62.97,62.97,62.97,62.97,62.97,62.97,62.97,62.97,62.97,62.97
Vinh Tuy area,105.8696522,20.9940968,59.51,59.51,59.51,59.51,59.51,59.51,59.51,59.51,59.51,59.51,59.51,59.51,59.51,59.51,59.51,59.51,59.51
Vinh Tuy area,105.8700371,20.9940948,66.93,66.93,66.93,66.93,66.93,66.93,66.93,66.93,66.93,66.93,66.93,66.93,66.93,66.93,66.93,66.93,66.93
Vinh Tuy area,105.8704219,20.9940929,61.05,61.05,61.05,61.05,61.05,61.05,61.05,61.05,61.05,61.05,61.05,61.05,61.05,61.05,61.05,61.05,61.05
Vinh Tuy area,105.8708067,20.9940909,57.9,57.9,57.9,57.9,57.9,57.9,57.9,57.9,57.9,57.9,57.9,57.9,57.9,57.9,57.9,57.9,57.9
Vinh Tuy area,105.8711915,20.9940889,56.31,56.31,56.31,56.31,56.31,56.31,56.31,56.31,56.31,56.31,56.31,56.31,56.31,56.31,56.31,56.31,56.31
Vinh Tuy area,105.8715763,20.994087,55.68,55.68,55.68,55.68,55.68,55.68,55.68,55.68,55.68,55.68,55.68,55.68,55.68,55.68,55.68,55.68,55.68
Vinh Tuy area,105.8719611,20.994085,55.32,55.32,55.32,55.32,55.32,55.32,55.32,55.32,55.32,55.32,55.32,55.32,55.32,55.32,55.32,55.32,55.32
Vinh Tuy area,105.872346,20.994083,54.88,54.88,54.88,54.88,54.88,54.88,54.88,54.88,54.88,54.88,54.88,54.88,54.88,54.88,54.88,54.88,54.88
Vinh Tuy area,105.8727308,20.994081,55.75,55.75,55.75,55.75,55.75,55.75,55.75,55.75,55.75,55.75,55.75,55.75,55.75,55.75,55.75,55.75,55.75
Vinh Tuy area,105.8731156,20.9940791,57.04,57.04,57.04,57.04,57.04,57.04,57.04,57.04,57.04,57.04,57.04,57.04,57.04,57.04,57.04,57.04,57.04
Vinh Tuy area,105.8735004,20.9940771,59.3,59.3,59.3,59.3,59.3,59.3,59.3,59.3,59.3,59.3,59.3,59.3,59.3,59.3,59.3,59.3,59.3
Vinh Tuy area,105.8738852,20.9940751,66.19,66.19,66.19,66.19,66.19,66.19,66.19,66.19,66.19,66.19,66.19,66.19,66.19,66.19,66.19,66.19,66.19
Vinh Tuy area,105.8619579,20.9944973,67.97,67.97,67.97,67.97,67.97,67.97,67.97,67.97,67.97,67.97,67.97,67.97,67.97,67.97,67.97,67.97,67.97
Vinh Tuy area,105.8623427,20.9944954,67.81,67.81,67.81,67.81,67.81,67.81,67.81,67.81,67.81,67.81,67.81,67.81,67.81,67.81,67.81,67.81,67.81
Vinh Tuy area,105.8627276,20.9944934,70.6,70.6,70.6,70.6,70.6,70.6,70.6,70.6,70.6,70.6,70.6,70.6,70.6,70.6,70.6,70.6,70.6
Vinh Tuy area,105.8631124,20.9944915,68.73,68.73,68.73,68.73,68.73,68.73,68.73,68.73,68.73,68.73,68.73,68.73,68.73,68.73,68.73,68.73,68.73
Vinh Tuy area,105.8634972,20.9944895,66.78,66.78,66.78,66.78,66.78,66.78,66.78,66.78,66.78,66.78,66.78,66.78,66.78,66.78,66.78,66.78,66.78
Vinh Tuy area,105.863882,20.9944876,65.35,65.35,65.35,65.35,65.35,65.35,65.35,65.35,65.35,65.35,65.35,65.35,65.35,65.35,65.35,65.35,65.35
Vinh Tuy area,105.8642668,20.9944856,62.61,62.61,62.61,62.61,62.61,62.61,62.61,62.61,62.61,62.61,62.61,62.61,62.61,62.61,62.61,62.61,62.61
Vinh Tuy area,105.8646517,20.9944837,62.2,62.2,62.2,62.2,62.2,62.2,62.2,62.2,62.2,62.2,62.2,62.2,62.2,62.2,62.2,62.2,62.2
Vinh Tuy area,105.8650365,20.9944817,59.76,59.76,59.76,59.76,59.76,59.76,59.76,59.76,59.76,59.76,59.76,59.76,59.76,59.76,59.76,59.76,59.76
Vinh Tuy area,105.8654213,20.9944797,59.11,59.11,59.11,59.11,59.11,59.11,59.11,59.11,59.11,59.11,59.11,59.11,59.11,59.11,59.11,59.11,59.11
Vinh Tuy area,105.8658061,20.9944778,63.37,63.37,63.37,63.37,63.37,63.37,63.37,63.37,63.37,63.37,63.37,63.37,63.37,63.37,63.37,63.37,63.37
Vinh Tuy area,105.8661909,20.9944758,62.89,62.89,62.89,62.89,62.89,62.89,62.89,62.89,62.89,62.89,62.89,62.89,62.89,62.89,62.89,62.89,62.89
Vinh Tuy area,105.8665758,20.9944739,58.83,58.83,58.83,58.83,58.83,58.83,58.83,58.83,58.83,58.83,58.83,58.83,58.83,58.83,58.83,58.83,58.83
Vinh Tuy area,105.8669606,20.9944719,58.74,58.74,58.74,58.74,58.74,58.74,58.74,58.74,58.74,58.74,58.74,58.74,58.74,58.74,58.74,58.74,58.74
Vinh Tuy area,105.8673454,20.99447,62.66,62.66,62.66,62.66,62.66,62.66,62.66,62.66,62.66,62.66,62.66,62.66,62.66,62.66,62.66,62.66,62.66
Vinh Tuy area,105.8677302,20.994468,63.54,63.54,63.54,63.54,63.54,63.54,63.54,63.54,63.54,63.54,63.54,63.54,63.54,63.54,63.54,63.54,63.54
Vinh Tuy area,105.868115,20.994466,58.92,58.92,58.92,58.92,58.92,58.92,58.92,58.92,58.92,58.92,58.92,58.92,58.92,58.92,58.92,58.92,58.92
Vinh Tuy area,105.8684999,20.9944641,58.8,58.8,58.8,58.8,58.8,58.8,58.8,58.8,58.8,58.8,58.8,58.8,58.8,58.8,58.8,58.8,58.8
Vinh Tuy area,105.8688847,20.9944621,63.18,63.18,63.18,63.18,63.18,63.18,63.18,63.18,63.18,63.18,63.18,63.18,63.18,63.18,63.18,63.18,63.18
Vinh Tuy area,105.8692695,20.9944601,62.9,62.9,62.9,62.9,62.9,62.9,62.9,62.9,62.9,62.9,62.9,62.9,62.9,62.9,62.9,62.9,62.9
Vinh Tuy area,105.8696543,20.9944582,59.57,59.57,59.57,59.57,59.57,59.57,59.57,59.57,59.57,59.57,59.57,59.57,59.57,59.57,59.57,59.57,59.57
Vinh Tuy area,105.8700391,20.9944562,67.1,67.1,67.1,67.1,67.1,67.1,67.1,67.1,67.1,67.1,67.1,67.1,67.1,67.1,67.1,67.1,67.1
Vinh Tuy area,105.870424,20.9944543,61.04,61.04,61.04,61.04,61.04,61.04,61.04,61.04,61.04,61.04,61.04,61.04,61.04,61.04,61.04,61.04,61.04
Vinh Tuy area,105.8708088,20.9944523,57.94,57.94,57.94,57.94,57.94,57.94,57.94,57.94,57.94,57.94,57.94,57.94,57.94,57.94,57.94,57.94,57.94
Vinh Tuy area,105.8711936,20.9944503,56.42,56.42,56.42,56.42,56.42,56.42,56.42,56.42,56.42,56.42,56.42,56.42,56.42,56.42,56.42,56.42,56.42
Vinh Tuy area,105.8715784,20.9944483,56.32,56.32,56.32,56.32,56.32,56.32,56.32,56.32,56.32,56.32,56.32,56.32,56.32,56.32,56.32,56.32,56.32
Vinh Tuy area,105.8719632,20.9944464,55.86,55.86,55.86,55.86,55.86,55.86,55.86,55.86,55.86,55.86,55.86,55.86,55.86,55.86,55.86,55.86,55.86
Vinh Tuy area,105.8723481,20.9944444,55.25,55.25,55.25,55.25,55.25,55.25,55.25,55.25,55.25,55.25,55.25,55.25,55.25,55.25,55.25,55.25,55.25
Vinh Tuy area,105.8727329,20.9944424,55.69,55.69,55.69,55.69,55.69,55.69,55.69,55.69,55.69,55.69,55.69,55.69,55.69,55.69,55.69,55.69,55.69
Vinh Tuy area,105.8731177,20.9944405,56.92,56.92,56.92,56.92,56.92,56.92,56.92,56.92,56.92,56.92,56.92,56.92,56.92,56.92,56.92,56.92,56.92
Vinh Tuy area,105.8735025,20.9944385,59.03,59.03,59.03,59.03,59.03,59.03,59.03,59.03,59.03,59.03,59.03,59.03,59.03,59.03,59.03,59.03,59.03
Vinh Tuy area,105.8738873,20.9944365,64.84,64.84,64.84,64.84,64.84,64.84,64.84,64.84,64.84,64.84,64.84,64.84,64.84,64.84,64.84,64.84,64.84
Vinh Tuy area,105.86196,20.9948587,64.95,64.95,64.95,64.95,64.95,64.95,64.95,64.95,64.95,64.95,64.95,64.95,64.95,64.95,64.95,64.95,64.95
Vinh Tuy area,105.8623448,20.9948568,65.78,65.78,65.78,65.78,65.78,65.78,65.78,65.78,65.78,65.78,65.78,65.78,65.78,65.78,65.78,65.78,65.78
Vinh Tuy area,105.8627296,20.9948548,71.05,71.05,71.05,71.05,71.05,71.05,71.05,71.05,71.05,71.05,71.05,71.05,71.05,71.05,71.05,71.05,71.05
Vinh Tuy area,105.8631145,20.9948529,66.62,66.62,66.62,66.62,66.62,66.62,66.62,66.62,66.62,66.62,66.62,66.62,66.62,66.62,66.62,66.62,66.62
Vinh Tuy area,105.8634993,20.9948509,69.11,69.11,69.11,69.11,69.11,69.11,69.11,69.11,69.11,69.11,69.11,69.11,69.11,69.11,69.11,69.11,69.11
Vinh Tuy area,105.8638841,20.994849,64.63,64.63,64.63,64.63,64.63,64.63,64.63,64.63,64.63,64.63,64.63,64.63,64.63,64.63,64.63,64.63,64.63
Vinh Tuy area,105.8642689,20.994847,64.61,64.61,64.61,64.61,64.61,64.61,64.61,64.61,64.61,64.61,64.61,64.61,64.61,64.61,64.61,64.61,64.61
Vinh Tuy area,105.8646537,20.994845,68.94,68.94,68.94,68.94,68.94,68.94,68.94,68.94,68.94,68.94,68.94,68.94,68.94,68.94,68.94,68.94,68.94
Vinh Tuy area,105.8650386,20.9948431,60.33,60.33,60.33,60.33,60.33,60.33,60.33,60.33,60.33,60.33,60.33,60.33,60.33,60.33,60.33,60.33,60.33
Vinh Tuy area,105.8654234,20.9948411,59.21,59.21,59.21,59.21,59.21,59.21,59.21,59.21,59.21,59.21,59.21,59.21,59.21,59.21,59.21,59.21,59.21
Vinh Tuy area,105.8658082,20.9948392,63.43,63.43,63.43,63.43,63.43,63.43,63.43,63.43,63.43,63.43,63.43,63.43,63.43,63.43,63.43,63.43,63.43
Vinh Tuy area,105.866193,20.9948372,62.91,62.91,62.91,62.91,62.91,62.91,62.91,62.91,62.91,62.91,62.91,62.91,62.91,62.91,62.91,62.91,62.91
Vinh Tuy area,105.8665779,20.9948353,58.92,58.92,58.92,58.92,58.92,58.92,58.92,58.92,58.92,58.92,58.92,58.92,58.92,58.92,58.92,58.92,58.92
Vinh Tuy area,105.8669627,20.9948333,58.85,58.85,58.85,58.85,58.85,58.85,58.85,58.85,58.85,58.85,58.85,58.85,58.85,58.85,58.85,58.85,58.85
Vinh Tuy area,105.8673475,20.9948313,62.74,62.74,62.74,62.74,62.74,62.74,62.74,62.74,62.74,62.74,62.74,62.74,62.74,62.74,62.74,62.74,62.74
Vinh Tuy area,105.8677323,20.9948294,63.51,63.51,63.51,63.51,63.51,63.51,63.51,63.51,63.51,63.51,63.51,63.51,63.51,63.51,63.51,63.51,63.51
Vinh Tuy area,105.8681171,20.9948274,58.97,58.97,58.97,58.97,58.97,58.97,58.97,58.97,58.97,58.97,58.97,58.97,58.97,58.97,58.97,58.97,58.97
Vinh Tuy area,105.868502,20.9948255,58.9,58.9,58.9,58.9,58.9,58.9,58.9,58.9,58.9,58.9,58.9,58.9,58.9,58.9,58.9,58.9,58.9
Vinh Tuy area,105.8688868,20.9948235,63.31,63.31,63.31,63.31,63.31,63.31,63.31,63.31,63.31,63.31,63.31,63.31,63.31,63.31,63.31,63.31,63.31
Vinh Tuy area,105.8692716,20.9948215,62.83,62.83,62.83,62.83,62.83,62.83,62.83,62.83,62.83,62.83,62.83,62.83,62.83,62.83,62.83,62.83,62.83
Vinh Tuy area,105.8696564,20.9948196,61.62,61.62,61.62,61.62,61.62,61.62,61.62,61.62,61.62,61.62,61.62,61.62,61.62,61.62,61.62,61.62,61.62
Vinh Tuy area,105.8700412,20.9948176,67.27,67.27,67.27,67.27,67.27,67.27,67.27,67.27,67.27,67.27,67.27,67.27,67.27,67.27,67.27,67.27,67.27
Vinh Tuy area,105.8704261,20.9948156,61.04,61.04,61.04,61.04,61.04,61.04,61.04,61.04,61.04,61.04,61.04,61.04,61.04,61.04,61.04,61.04,61.04
Vinh Tuy area,105.8708109,20.9948137,57.98,57.98,57.98,57.98,57.98,57.98,57.98,57.98,57.98,57.98,57.98,57.98,57.98,57.98,57.98,57.98,57.98
Vinh Tuy area,105.8711957,20.9948117,58.04,58.04,58.04,58.04,58.04,58.04,58.04,58.04,58.04,58.04,58.04,58.04,58.04,58.04,58.04,58.04,58.04
Vinh Tuy area,105.8715805,20.9948097,57.84,57.84,57.84,57.84,57.84,57.84,57.84,57.84,57.84,57.84,57.84,57.84,57.84,57.84,57.84,57.84,57.84
Vinh Tuy area,105.8719653,20.9948078,56.9,56.9,56.9,56.9,56.9,56.9,56.9,56.9,56.9,56.9,56.9,56.9,56.9,56.9,56.9,56.9,56.9
Vinh Tuy area,105.8723502,20.9948058,56.28,56.28,56.28,56.28,56.28,56.28,56.28,56.28,56.28,56.28,56.28,56.28,56.28,56.28,56.28,56.28,56.28
Vinh Tuy area,105.872735,20.9948038,56.19,56.19,56.19,56.19,56.19,56.19,56.19,56.19,56.19,56.19,56.19,56.19,56.19,56.19,56.19,56.19,56.19
Vinh Tuy area,105.8731198,20.9948018,56.88,56.88,56.88,56.88,56.88,56.88,56.88,56.88,56.88,56.88,56.88,56.88,56.88,56.88,56.88,56.88,56.88
Vinh Tuy area,105.8735046,20.9947999,58.9,58.9,58.9,58.9,58.9,58.9,58.9,58.9,58.9,58.9,58.9,58.9,58.9,58.9,58.9,58.9,58.9
Vinh Tuy area,105.8738894,20.9947979,64.2,64.2,64.2,64.2,64.2,64.2,64.2,64.2,64.2,64.2,64.2,64.2,64.2,64.2,64.2,64.2,64.2
Vinh Tuy area,105.8619621,20.9952201,65.3,65.3,65.3,65.3,65.3,65.3,65.3,65.3,65.3,65.3,65.3,65.3,65.3,65.3,65.3,65.3,65.3
Vinh Tuy area,105.8623469,20.9952181,64.48,64.48,64.48,64.48,64.48,64.48,64.48,64.48,64.48,64.48,64.48,64.48,64.48,64.48,64.48,64.48,64.48
Vinh Tuy area,105.8627317,20.9952162,67.11,67.11,67.11,67.11,67.11,67.11,67.11,67.11,67.11,67.11,67.11,67.11,67.11,67.11,67.11,67.11,67.11
Vinh Tuy area,105.8631165,20.9952142,67.51,67.51,67.51,67.51,67.51,67.51,67.51,67.51,67.51,67.51,67.51,67.51,67.51,67.51,67.51,67.51,67.51
Vinh Tuy area,105.8635014,20.9952123,69.09,69.09,69.09,69.09,69.09,69.09,69.09,69.09,69.09,69.09,69.09,69.09,69.09,69.09,69.09,69.09,69.09
Vinh Tuy area,105.8638862,20.9952103,69.01,69.01,69.01,69.01,69.01,69.01,69.01,69.01,69.01,69.01,69.01,69.01,69.01,69.01,69.01,69.01,69.01
Vinh Tuy area,105.864271,20.9952084,68.96,68.96,68.96,68.96,68.96,68.96,68.96,68.96,68.96,68.96,68.96,68.96,68.96,68.96,68.96,68.96,68.96
Vinh Tuy area,105.8646558,20.9952064,68.95,68.95,68.95,68.95,68.95,68.95,68.95,68.95,68.95,68.95,68.95,68.95,68.95,68.95,68.95,68.95,68.95
Vinh Tuy area,105.8650406,20.9952045,60.5,60.5,60.5,60.5,60.5,60.5,60.5,60.5,60.5,60.5,60.5,60.5,60.5,60.5,60.5,60.5,60.5
Vinh Tuy area,105.8654255,20.9952025,59.39,59.39,59.39,59.39,59.39,59.39,59.39,59.39,59.39,59.39,59.39,59.39,59.39,59.39,59.39,59.39,59.39
Vinh Tuy area,105.8658103,20.9952006,63.52,63.52,63.52,63.52,63.52,63.52,63.52,63.52,63.52,63.52,63.52,63.52,63.52,63.52,63.52,63.52,63.52
Vinh Tuy area,105.8661951,20.9951986,62.94,62.94,62.94,62.94,62.94,62.94,62.94,62.94,62.94,62.94,62.94,62.94,62.94,62.94,62.94,62.94,62.94
Vinh Tuy area,105.8665799,20.9951966,59.04,59.04,59.04,59.04,59.04,59.04,59.04,59.04,59.04,59.04,59.04,59.04,59.04,59.04,59.04,59.04,59.04
Vinh Tuy area,105.8669648,20.9951947,58.99,58.99,58.99,58.99,58.99,58.99,58.99,58.99,58.99,58.99,58.99,58.99,58.99,58.99,58.99,58.99,58.99
Vinh Tuy area,105.8673496,20.9951927,62.87,62.87,62.87,62.87,62.87,62.87,62.87,62.87,62.87,62.87,62.87,62.87,62.87,62.87,62.87,62.87,62.87
Vinh Tuy area,105.8677344,20.9951908,63.44,63.44,63.44,63.44,63.44,63.44,63.44,63.44,63.44,63.44,63.44,63.44,63.44,63.44,63.44,63.44,63.44
Vinh Tuy area,105.8681192,20.9951888,59.03,59.03,59.03,59.03,59.03,59.03,59.03,59.03,59.03,59.03,59.03,59.03,59.03,59.03,59.03,59.03,59.03
Vinh Tuy area,105.868504,20.9951868,59.51,59.51,59.51,59.51,59.51,59.51,59.51,59.51,59.51,59.51,59.51,59.51,59.51,59.51,59.51,59.51,59.51
Vinh Tuy area,105.8688889,20.9951849,63.44,63.44,63.44,63.44,63.44,63.44,63.44,63.44,63.44,63.44,63.44,63.44,63.44,63.44,63.44,63.44,63.44
Vinh Tuy area,105.8692737,20.9951829,62.77,62.77,62.77,62.77,62.77,62.77,62.77,62.77,62.77,62.77,62.77,62.77,62.77,62.77,62.77,62.77,62.77
Vinh Tuy area,105.8696585,20.995181,65.33,65.33,65.33,65.33,65.33,65.33,65.33,65.33,65.33,65.33,65.33,65.33,65.33,65.33,65.33,65.33,65.33
Vinh Tuy area,105.8700433,20.995179,67.47,67.47,67.47,67.47,67.47,67.47,67.47,67.47,67.47,67.47,67.47,67.47,67.47,67.47,67.47,67.47,67.47
Vinh Tuy area,105.8704282,20.995177,61.04,61.04,61.04,61.04,61.04,61.04,61.04,61.04,61.04,61.04,61.04,61.04,61.04,61.04,61.04,61.04,61.04
Vinh Tuy area,105.870813,20.9951751,58.7,58.7,58.7,58.7,58.7,58.7,58.7,58.7,58.7,58.7,58.7,58.7,58.7,58.7,58.7,58.7,58.7
Vinh Tuy area,105.8711978,20.9951731,61.05,61.05,61.05,61.05,61.05,61.05,61.05,61.05,61.05,61.05,61.05,61.05,61.05,61.05,61.05,61.05,61.05
Vinh Tuy area,105.8715826,20.9951711,60.24,60.24,60.24,60.24,60.24,60.24,60.24,60.24,60.24,60.24,60.24,60.24,60.24,60.24,60.24,60.24,60.24
Vinh Tuy area,105.8719674,20.9951691,58.01,58.01,58.01,58.01,58.01,58.01,58.01,58.01,58.01,58.01,58.01,58.01,58.01,58.01,58.01,58.01,58.01
Vinh Tuy area,105.8723523,20.9951672,57.84,57.84,57.84,57.84,57.84,57.84,57.84,57.84,57.84,57.84,57.84,57.84,57.84,57.84,57.84,57.84,57.84
Vinh Tuy area,105.8727371,20.9951652,57.72,57.72,57.72,57.72,57.72,57.72,57.72,57.72,57.72,57.72,57.72,57.72,57.72,57.72,57.72,57.72,57.72
Vinh Tuy area,105.8731219,20.9951632,57.15,57.15,57.15,57.15,57.15,57.15,57.15,57.15,57.15,57.15,57.15,57.15,57.15,57.15,57.15,57.15,57.15
Vinh Tuy area,105.8735067,20.9951613,58.79,58.79,58.79,58.79,58.79,58.79,58.79,58.79,58.79,58.79,58.79,58.79,58.79,58.79,58.79,58.79,58.79
Vinh Tuy area,105.8738916,20.9951593,63.66,63.66,63.66,63.66,63.66,63.66,63.66,63.66,63.66,63.66,63.66,63.66,63.66,63.66,63.66,63.66,63.66
Vinh Tuy area,105.8619641,20.9955815,66.43,66.43,66.43,66.43,66.43,66.43,66.43,66.43,66.43,66.43,66.43,66.43,66.43,66.43,66.43,66.43,66.43
Vinh Tuy area,105.862349,20.9955795,64.74,64.74,64.74,64.74,64.74,64.74,64.74,64.74,64.74,64.74,64.74,64.74,64.74,64.74,64.74,64.74,64.74
Vinh Tuy area,105.8627338,20.9955776,66.77,66.77,66.77,66.77,66.77,66.77,66.77,66.77,66.77,66.77,66.77,66.77,66.77,66.77,66.77,66.77,66.77
Vinh Tuy area,105.8631186,20.9955756,63.24,63.24,63.24,63.24,63.24,63.24,63.24,63.24,63.24,63.24,63.24,63.24,63.24,63.24,63.24,63.24,63.24
Vinh Tuy area,105.8635034,20.9955737,64.14,64.14,64.14,64.14,64.14,64.14,64.14,64.14,64.14,64.14,64.14,64.14,64.14,64.14,64.14,64.14,64.14
Vinh Tuy area,105.8638883,20.9955717,69.03,69.03,69.03,69.03,69.03,69.03,69.03,69.03,69.03,69.03,69.03,69.03,69.03,69.03,69.03,69.03,69.03
Vinh Tuy area,105.8642731,20.9955698,69.0,69.0,69.0,69.0,69.0,69.0,69.0,69.0,69.0,69.0,69.0,69.0,69.0,69.0,69.0,69.0,69.0
Vinh Tuy area,105.8646579,20.9955678,68.99,68.99,68.99,68.99,68.99,68.99,68.99,68.99,68.99,68.99,68.99,68.99,68.99,68.99,68.99,68.99,68.99
Vinh Tuy area,105.8650427,20.9955659,60.76,60.76,60.76,60.76,60.76,60.76,60.76,60.76,60.76,60.76,60.76,60.76,60.76,60.76,60.76,60.76,60.76
Vinh Tuy area,105.8654276,20.9955639,59.62,59.62,59.62,59.62,59.62,59.62,59.62,59.62,59.62,59.62,59.62,59.62,59.62,59.62,59.62,59.62,59.62
Vinh Tuy area,105.8658124,20.9955619,63.66,63.66,63.66,63.66,63.66,63.66,63.66,63.66,63.66,63.66,63.66,63.66,63.66,63.66,63.66,63.66,63.66
Vinh Tuy area,105.8661972,20.99556,62.97,62.97,62.97,62.97,62.97,62.97,62.97,62.97,62.97,62.97,62.97,62.97,62.97,62.97,62.97,62.97,62.97
Vinh Tuy area,105.866582,20.995558,59.19,59.19,59.19,59.19,59.19,59.19,59.19,59.19,59.19,59.19,59.19,59.19,59.19,59.19,59.19,59.19,59.19
Vinh Tuy area,105.8669668,20.9955561,59.17,59.17,59.17,59.17,59.17,59.17,59.17,59.17,59.17,59.17,59.17,59.17,59.17,59.17,59.17,59.17,59.17
Vinh Tuy area,105.8673517,20.9955541,63.03,63.03,63.03,63.03,63.03,63.03,63.03,63.03,63.03,63.03,63.03,63.03,63.03,63.03,63.03,63.03,63.03
Vinh Tuy area,105.8677365,20.9955522,63.37,63.37,63.37,63.37,63.37,63.37,63.37,63.37,63.37,63.37,63.37,63.37,63.37,63.37,63.37,63.37,63.37
Vinh Tuy area,105.8681213,20.9955502,59.7,59.7,59.7,59.7,59.7,59.7,59.7,59.7,59.7,59.7,59.7,59.7,59.7,59.7,59.7,59.7,59.7
Vinh Tuy area,105.8685061,20.9955482,64.79,64.79,64.79,64.79,64.79,64.79,64.79,64.79,64.79,64.79,64.79,64.79,64.79,64.79,64.79,64.79,64.79
Vinh Tuy area,105.868891,20.9955463,65.97,65.97,65.97,65.97,65.97,65.97,65.97,65.97,65.97,65.97,65.97,65.97,65.97,65.97,65.97,65.97,65.97
Vinh Tuy area,105.8692758,20.9955443,62.72,62.72,62.72,62.72,62.72,62.72,62.72,62.72,62.72,62.72,62.72,62.72,62.72,62.72,62.72,62.72,62.72
Vinh Tuy area,105.8696606,20.9955423,59.81,59.81,59.81,59.81,59.81,59.81,59.81,59.81,59.81,59.81,59.81,59.81,59.81,59.81,59.81,59.81,59.81
Vinh Tuy area,105.8700454,20.9955404,67.69,67.69,67.69,67.69,67.69,67.69,67.69,67.69,67.69,67.69,67.69,67.69,67.69,67.69,67.69,67.69,67.69
Vinh Tuy area,105.8704303,20.9955384,61.04,61.04,61.04,61.04,61.04,61.04,61.04,61.04,61.04,61.04,61.04,61.04,61.04,61.04,61.04,61.04,61.04
Vinh Tuy area,105.8708151,20.9955364,60.82,60.82,60.82,60.82,60.82,60.82,60.82,60.82,60.82,60.82,60.82,60.82,60.82,60.82,60.82,60.82,60.82
Vinh Tuy area,105.8711999,20.9955345,68.88,68.88,68.88,68.88,68.88,68.88,68.88,68.88,68.88,68.88,68.88,68.88,68.88,68.88,68.88,68.88,68.88
Vinh Tuy area,105.8715847,20.9955325,61.79,61.79,61.79,61.79,61.79,61.79,61.79,61.79,61.79,61.79,61.79,61.79,61.79,61.79,61.79,61.79,61.79
Vinh Tuy area,105.8719695,20.9955305,61.15,61.15,61.15,61.15,61.15,61.15,61.15,61.15,61.15,61.15,61.15,61.15,61.15,61.15,61.15,61.15,61.15
Vinh Tuy area,105.8723544,20.9955286,60.8,60.8,60.8,60.8,60.8,60.8,60.8,60.8,60.8,60.8,60.8,60.8,60.8,60.8,60.8,60.8,60.8
Vinh Tuy area,105.8727392,20.9955266,60.54,60.54,60.54,60.54,60.54,60.54,60.54,60.54,60.54,60.54,60.54,60.54,60.54,60.54,60.54,60.54,60.54
Vinh Tuy area,105.873124,20.9955246,58.73,58.73,58.73,58.73,58.73,58.73,58.73,58.73,58.73,58.73,58.73,58.73,58.73,58.73,58.73,58.73,58.73
Vinh Tuy area,105.8735088,20.9955226,58.92,58.92,58.92,58.92,58.92,58.92,58.92,58.92,58.92,58.92,58.92,58.92,58.92,58.92,58.92,58.92,58.92
Vinh Tuy area,105.8738937,20.9955207,64.04,64.04,64.04,64.04,64.04,64.04,64.04,64.04,64.04,64.04,64.04,64.04,64.04,64.04,64.04,64.04,64.04
Vinh Tuy area,105.8619662,20.9959429,69.93,69.93,69.93,69.93,69.93,69.93,69.93,69.93,69.93,69.93,69.93,69.93,69.93,69.93,69.93,69.93,69.93
Vinh Tuy area,105.862351,20.9959409,65.74,65.74,65.74,65.74,65.74,65.74,65.74,65.74,65.74,65.74,65.74,65.74,65.74,65.74,65.74,65.74,65.74
Vinh Tuy area,105.8627359,20.995939,65.39,65.39,65.39,65.39,65.39,65.39,65.39,65.39,65.39,65.39,65.39,65.39,65.39,65.39,65.39,65.39,65.39
Vinh Tuy area,105.8631207,20.995937,61.99,61.99,61.99,61.99,61.99,61.99,61.99,61.99,61.99,61.99,61.99,61.99,61.99,61.99,61.99,61.99,61.99
Vinh Tuy area,105.8635055,20.9959351,64.66,64.66,64.66,64.66,64.66,64.66,64.66,64.66,64.66,64.66,64.66,64.66,64.66,64.66,64.66,64.66,64.66
Vinh Tuy area,105.8638903,20.9959331,63.45,63.45,63.45,63.45,63.45,63.45,63.45,63.45,63.45,63.45,63.45,63.45,63.45,63.45,63.45,63.45,63.45
Vinh Tuy area,105.8642752,20.9959312,61.62,61.62,61.62,61.62,61.62,61.62,61.62,61.62,61.62,61.62,61.62,61.62,61.62,61.62,61.62,61.62,61.62
Vinh Tuy area,105.86466,20.9959292,69.04,69.04,69.04,69.04,69.04,69.04,69.04,69.04,69.04,69.04,69.04,69.04,69.04,69.04,69.04,69.04,69.04
Vinh Tuy area,105.8650448,20.9959272,61.15,61.15,61.15,61.15,61.15,61.15,61.15,61.15,61.15,61.15,61.15,61.15,61.15,61.15,61.15,61.15,61.15
Vinh Tuy area,105.8654296,20.9959253,59.95,59.95,59.95,59.95,59.95,59.95,59.95,59.95,59.95,59.95,59.95,59.95,59.95,59.95,59.95,59.95,59.95
Vinh Tuy area,105.8658145,20.9959233,63.82,63.82,63.82,63.82,63.82,63.82,63.82,63.82,63.82,63.82,63.82,63.82,63.82,63.82,63.82,63.82,63.82
Vinh Tuy area,105.8661993,20.9959214,63.03,63.03,63.03,63.03,63.03,63.03,63.03,63.03,63.03,63.03,63.03,63.03,63.03,63.03,63.03,63.03,63.03
Vinh Tuy area,105.8665841,20.9959194,59.4,59.4,59.4,59.4,59.4,59.4,59.4,59.4,59.4,59.4,59.4,59.4,59.4,59.4,59.4,59.4,59.4
Vinh Tuy area,105.8669689,20.9959175,59.36,59.36,59.36,59.36,59.36,59.36,59.36,59.36,59.36,59.36,59.36,59.36,59.36,59.36,59.36,59.36,59.36
Vinh Tuy area,105.8673538,20.9959155,63.09,63.09,63.09,63.09,63.09,63.09,63.09,63.09,63.09,63.09,63.09,63.09,63.09,63.09,63.09,63.09,63.09
Vinh Tuy area,105.8677386,20.9959135,63.43,63.43,63.43,63.43,63.43,63.43,63.43,63.43,63.43,63.43,63.43,63.43,63.43,63.43,63.43,63.43,63.43
Vinh Tuy area,105.8681234,20.9959116,59.34,59.34,59.34,59.34,59.34,59.34,59.34,59.34,59.34,59.34,59.34,59.34,59.34,59.34,59.34,59.34,59.34
Vinh Tuy area,105.8685082,20.9959096,61.46,61.46,61.46,61.46,61.46,61.46,61.46,61.46,61.46,61.46,61.46,61.46,61.46,61.46,61.46,61.46,61.46
Vinh Tuy area,105.8688931,20.9959076,63.72,63.72,63.72,63.72,63.72,63.72,63.72,63.72,63.72,63.72,63.72,63.72,63.72,63.72,63.72,63.72,63.72
Vinh Tuy area,105.8692779,20.9959057,62.68,62.68,62.68,62.68,62.68,62.68,62.68,62.68,62.68,62.68,62.68,62.68,62.68,62.68,62.68,62.68,62.68
Vinh Tuy area,105.8696627,20.9959037,60.1,60.1,60.1,60.1,60.1,60.1,60.1,60.1,60.1,60.1,60.1,60.1,60.1,60.1,60.1,60.1,60.1
Vinh Tuy area,105.8700475,20.9959018,67.94,67.94,67.94,67.94,67.94,67.94,67.94,67.94,67.94,67.94,67.94,67.94,67.94,67.94,67.94,67.94,67.94
Vinh Tuy area,105.8704323,20.9958998,63.32,63.32,63.32,63.32,63.32,63.32,63.32,63.32,63.32,63.32,63.32,63.32,63.32,63.32,63.32,63.32,63.32
Vinh Tuy area,105.8708172,20.9958978,68.89,68.89,68.89,68.89,68.89,68.89,68.89,68.89,68.89,68.89,68.89,68.89,68.89,68.89,68.89,68.89,68.89
Vinh Tuy area,105.871202,20.9958959,63.91,63.91,63.91,63.91,63.91,63.91,63.91,63.91,63.91,63.91,63.91,63.91,63.91,63.91,63.91,63.91,63.91
Vinh Tuy area,105.8715868,20.9958939,65.41,65.41,65.41,65.41,65.41,65.41,65.41,65.41,65.41,65.41,65.41,65.41,65.41,65.41,65.41,65.41,65.41
Vinh Tuy area,105.8719716,20.9958919,66.92,66.92,66.92,66.92,66.92,66.92,66.92,66.92,66.92,66.92,66.92,66.92,66.92,66.92,66.92,66.92,66.92
Vinh Tuy area,105.8723565,20.9958899,68.72,68.72,68.72,68.72,68.72,68.72,68.72,68.72,68.72,68.72,68.72,68.72,68.72,68.72,68.72,68.72,68.72
Vinh Tuy area,105.8727413,20.995888,67.55,67.55,67.55,67.55,67.55,67.55,67.55,67.55,67.55,67.55,67.55,67.55,67.55,67.55,67.55,67.55,67.55
Vinh Tuy area,105.8731261,20.995886,59.68,59.68,59.68,59.68,59.68,59.68,59.68,59.68,59.68,59.68,59.68,59.68,59.68,59.68,59.68,59.68,59.68
Vinh Tuy area,105.8735109,20.995884,59.22,59.22,59.22,59.22,59.22,59.22,59.22,59.22,59.22,59.22,59.22,59.22,59.22,59.22,59.22,59.22,59.22
Vinh Tuy area,105.8738958,20.995882,65.05,65.05,65.05,65.05,65.05,65.05,65.05,65.05,65.05,65.05,65.05,65.05,65.05,65.05,65.05,65.05,65.05
Vinh Tuy area,105.8619683,20.9963042,69.91,69.91,69.91,69.91,69.91,69.91,69.91,69.91,69.91,69.91,69.91,69.91,69.91,69.91,69.91,69.91,69.91
Vinh Tuy area,105.8623531,20.9963023,69.93,69.93,69.93,69.93,69.93,69.93,69.93,69.93,69.93,69.93,69.93,69.93,69.93,69.93,69.93,69.93,69.93
Vinh Tuy area,105.8627379,20.9963003,69.98,69.98,69.98,69.98,69.98,69.98,69.98,69.98,69.98,69.98,69.98,69.98,69.98,69.98,69.98,69.98,69.98
Vinh Tuy area,105.8631228,20.9962984,65.25,65.25,65.25,65.25,65.25,65.25,65.25,65.25,65.25,65.25,65.25,65.25,65.25,65.25,65.25,65.25,65.25
Vinh Tuy area,105.8635076,20.9962964,65.91,65.91,65.91,65.91,65.91,65.91,65.91,65.91,65.91,65.91,65.91,65.91,65.91,65.91,65.91,65.91,65.91
Vinh Tuy area,105.8638924,20.9962945,66.12,66.12,66.12,66.12,66.12,66.12,66.12,66.12,66.12,66.12,66.12,66.12,66.12,66.12,66.12,66.12,66.12
Vinh Tuy area,105.8642772,20.9962925,63.44,63.44,63.44,63.44,63.44,63.44,63.44,63.44,63.44,63.44,63.44,63.44,63.44,63.44,63.44,63.44,63.44
Vinh Tuy area,105.8646621,20.9962906,67.52,67.52,67.52,67.52,67.52,67.52,67.52,67.52,67.52,67.52,67.52,67.52,67.52,67.52,67.52,67.52,67.52
Vinh Tuy area,105.8650469,20.9962886,61.34,61.34,61.34,61.34,61.34,61.34,61.34,61.34,61.34,61.34,61.34,61.34,61.34,61.34,61.34,61.34,61.34
Vinh Tuy area,105.8654317,20.9962867,60.8,60.8,60.8,60.8,60.8,60.8,60.8,60.8,60.8,60.8,60.8,60.8,60.8,60.8,60.8,60.8,60.8
Vinh Tuy area,105.8658165,20.9962847,65.13,65.13,65.13,65.13,65.13,65.13,65.13,65.13,65.13,65.13,65.13,65.13,65.13,65.13,65.13,65.13,65.13
Vinh Tuy area,105.8662014,20.9962828,62.78,62.78,62.78,62.78,62.78,62.78,62.78,62.78,62.78,62.78,62.78,62.78,62.78,62.78,62.78,62.78,62.78
Vinh Tuy area,105.8665862,20.9962808,59.72,59.72,59.72,59.72,59.72,59.72,59.72,59.72,59.72,59.72,59.72,59.72,59.72,59.72,59.72,59.72,59.72
Vinh Tuy area,105.866971,20.9962788,59.63,59.63,59.63,59.63,59.63,59.63,59.63,59.63,59.63,59.63,59.63,59.63,59.63,59.63,59.63,59.63,59.63
Vinh Tuy area,105.8673558,20.9962769,63.19,63.19,63.19,63.19,63.19,63.19,63.19,63.19,63.19,63.19,63.19,63.19,63.19,63.19,63.19,63.19,63.19
Vinh Tuy area,105.8677407,20.9962749,63.52,63.52,63.52,63.52,63.52,63.52,63.52,63.52,63.52,63.52,63.52,63.52,63.52,63.52,63.52,63.52,63.52
Vinh Tuy area,105.8681255,20.996273,59.43,59.43,59.43,59.43,59.43,59.43,59.43,59.43,59.43,59.43,59.43,59.43,59.43,59.43,59.43,59.43,59.43
Vinh Tuy area,105.8685103,20.996271,61.03,61.03,61.03,61.03,61.03,61.03,61.03,61.03,61.03,61.03,61.03,61.03,61.03,61.03,61.03,61.03,61.03
Vinh Tuy area,105.8688951,20.996269,63.89,63.89,63.89,63.89,63.89,63.89,63.89,63.89,63.89,63.89,63.89,63.89,63.89,63.89,63.89,63.89,63.89
Vinh Tuy area,105.86928,20.9962671,62.66,62.66,62.66,62.66,62.66,62.66,62.66,62.66,62.66,62.66,62.66,62.66,62.66,62.66,62.66,62.66,62.66
Vinh Tuy area,105.8696648,20.9962651,68.91,68.91,68.91,68.91,68.91,68.91,68.91,68.91,68.91,68.91,68.91,68.91,68.91,68.91,68.91,68.91,68.91
Vinh Tuy area,105.8700496,20.9962631,68.91,68.91,68.91,68.91,68.91,68.91,68.91,68.91,68.91,68.91,68.91,68.91,68.91,68.91,68.91,68.91,68.91
Vinh Tuy area,105.8704344,20.9962612,63.66,63.66,63.66,63.66,63.66,63.66,63.66,63.66,63.66,63.66,63.66,63.66,63.66,63.66,63.66,63.66,63.66
Vinh Tuy area,105.8708193,20.9962592,65.66,65.66,65.66,65.66,65.66,65.66,65.66,65.66,65.66,65.66,65.66,65.66,65.66,65.66,65.66,65.66,65.66
Vinh Tuy area,105.8712041,20.9962572,63.77,63.77,63.77,63.77,63.77,63.77,63.77,63.77,63.77,63.77,63.77,63.77,63.77,63.77,63.77,63.77,63.77
Vinh Tuy area,105.8715889,20.9962553,61.91,61.91,61.91,61.91,61.91,61.91,61.91,61.91,61.91,61.91,61.91,61.91,61.91,61.91,61.91,61.91,61.91
Vinh Tuy area,105.8719737,20.9962533,65.78,65.78,65.78,65.78,65.78,65.78,65.78,65.78,65.78,65.78,65.78,65.78,65.78,65.78,65.78,65.78,65.78
Vinh Tuy area,105.8723586,20.9962513,67.48,67.48,67.48,67.48,67.48,67.48,67.48,67.48,67.48,67.48,67.48,67.48,67.48,67.48,67.48,67.48,67.48
Vinh Tuy area,105.8727434,20.9962494,63.58,63.58,63.58,63.58,63.58,63.58,63.58,63.58,63.58,63.58,63.58,63.58,63.58,63.58,63.58,63.58,63.58
Vinh Tuy area,105.8731282,20.9962474,58.99,58.99,58.99,58.99,58.99,58.99,58.99,58.99,58.99,58.99,58.99,58.99,58.99,58.99,58.99,58.99,58.99
Vinh Tuy area,105.873513,20.9962454,59.71,59.71,59.71,59.71,59.71,59.71,59.71,59.71,59.71,59.71,59.71,59.71,59.71,59.71,59.71,59.71,59.71
Vinh Tuy area,105.8738979,20.9962434,67.79,67.79,67.79,67.79,67.79,67.79,67.79,67.79,67.79,67.79,67.79,67.79,67.79,67.79,67.79,67.79,67.79
Vinh Tuy area,105.8619704,20.9966656,69.91,69.91,69.91,69.91,69.91,69.91,69.91,69.91,69.91,69.91,69.91,69.91,69.91,69.91,69.91,69.91,69.91
Vinh Tuy area,105.8623552,20.9966637,69.23,69.23,69.23,69.23,69.23,69.23,69.23,69.23,69.23,69.23,69.23,69.23,69.23,69.23,69.23,69.23,69.23
Vinh Tuy area,105.86274,20.9966617,70.02,70.02,70.02,70.02,70.02,70.02,70.02,70.02,70.02,70.02,70.02,70.02,70.02,70.02,70.02,70.02,70.02
Vinh Tuy area,105.8631248,20.9966598,70.16,70.16,70.16,70.16,70.16,70.16,70.16,70.16,70.16,70.16,70.16,70.16,70.16,70.16,70.16,70.16,70.16
Vinh Tuy area,105.8635097,20.9966578,71.44,71.44,71.44,71.44,71.44,71.44,71.44,71.44,71.44,71.44,71.44,71.44,71.44,71.44,71.44,71.44,71.44
Vinh Tuy area,105.8638945,20.9966559,67.95,67.95,67.95,67.95,67.95,67.95,67.95,67.95,67.95,67.95,67.95,67.95,67.95,67.95,67.95,67.95,67.95
Vinh Tuy area,105.8642793,20.9966539,67.33,67.33,67.33,67.33,67.33,67.33,67.33,67.33,67.33,67.33,67.33,67.33,67.33,67.33,67.33,67.33,67.33
Vinh Tuy area,105.8646641,20.996652,64.84,64.84,64.84,64.84,64.84,64.84,64.84,64.84,64.84,64.84,64.84,64.84,64.84,64.84,64.84,64.84,64.84
Vinh Tuy area,105.865049,20.99665,61.86,61.86,61.86,61.86,61.86,61.86,61.86,61.86,61.86,61.86,61.86,61.86,61.86,61.86,61.86,61.86,61.86
Vinh Tuy area,105.8654338,20.9966481,62.43,62.43,62.43,62.43,62.43,62.43,62.43,62.43,62.43,62.43,62.43,62.43,62.43,62.43,62.43,62.43,62.43
Vinh Tuy area,105.8658186,20.9966461,69.13,69.13,69.13,69.13,69.13,69.13,69.13,69.13,69.13,69.13,69.13,69.13,69.13,69.13,69.13,69.13,69.13
Vinh Tuy area,105.8662035,20.9966441,63.59,63.59,63.59,63.59,63.59,63.59,63.59,63.59,63.59,63.59,63.59,63.59,63.59,63.59,63.59,63.59,63.59
Vinh Tuy area,105.8665883,20.9966422,63.38,63.38,63.38,63.38,63.38,63.38,63.38,63.38,63.38,63.38,63.38,63.38,63.38,63.38,63.38,63.38,63.38
Vinh Tuy area,105.8669731,20.9966402,63.2,63.2,63.2,63.2,63.2,63.2,63.2,63.2,63.2,63.2,63.2,63.2,63.2,63.2,63.2,63.2,63.2
Vinh Tuy area,105.8673579,20.9966383,63.3,63.3,63.3,63.3,63.3,63.3,63.3,63.3,63.3,63.3,63.3,63.3,63.3,63.3,63.3,63.3,63.3
Vinh Tuy area,105.8677428,20.9966363,63.67,63.67,63.67,63.67,63.67,63.67,63.67,63.67,63.67,63.67,63.67,63.67,63.67,63.67,63.67,63.67,63.67
Vinh Tuy area,105.8681276,20.9966343,62.79,62.79,62.79,62.79,62.79,62.79,62.79,62.79,62.79,62.79,62.79,62.79,62.79,62.79,62.79,62.79,62.79
Vinh Tuy area,105.8685124,20.9966324,66.87,66.87,66.87,66.87,66.87,66.87,66.87,66.87,66.87,66.87,66.87,66.87,66.87,66.87,66.87,66.87,66.87
Vinh Tuy area,105.8688972,20.9966304,64.07,64.07,64.07,64.07,64.07,64.07,64.07,64.07,64.07,64.07,64.07,64.07,64.07,64.07,64.07,64.07,64.07
Vinh Tuy area,105.8692821,20.9966285,62.66,62.66,62.66,62.66,62.66,62.66,62.66,62.66,62.66,62.66,62.66,62.66,62.66,62.66,62.66,62.66,62.66
Vinh Tuy area,105.8696669,20.9966265,65.35,65.35,65.35,65.35,65.35,65.35,65.35,65.35,65.35,65.35,65.35,65.35,65.35,65.35,65.35,65.35,65.35
Vinh Tuy area,105.8700517,20.9966245,68.08,68.08,68.08,68.08,68.08,68.08,68.08,68.08,68.08,68.08,68.08,68.08,68.08,68.08,68.08,68.08,68.08
Vinh Tuy area,105.8704365,20.9966226,64.4,64.4,64.4,64.4,64.4,64.4,64.4,64.4,64.4,64.4,64.4,64.4,64.4,64.4,64.4,64.4,64.4
Vinh Tuy area,105.8708214,20.9966206,63.38,63.38,63.38,63.38,63.38,63.38,63.38,63.38,63.38,63.38,63.38,63.38,63.38,63.38,63.38,63.38,63.38
Vinh Tuy area,105.8712062,20.9966186,62.97,62.97,62.97,62.97,62.97,62.97,62.97,62.97,62.97,62.97,62.97,62.97,62.97,62.97,62.97,62.97,62.97
Vinh Tuy area,105.871591,20.9966167,59.94,59.94,59.94,59.94,59.94,59.94,59.94,59.94,59.94,59.94,59.94,59.94,59.94,59.94,59.94,59.94,59.94
Vinh Tuy area,105.8719758,20.9966147,67.02,67.02,67.02,67.02,67.02,67.02,67.02,67.02,67.02,67.02,67.02,67.02,67.02,67.02,67.02,67.02,67.02
Vinh Tuy area,105.8723607,20.9966127,61.45,61.45,61.45,61.45,61.45,61.45,61.45,61.45,61.45,61.45,61.45,61.45,61.45,61.45,61.45,61.45,61.45
Vinh Tuy area,105.8727455,20.9966107,59.74,59.74,59.74,59.74,59.74,59.74,59.74,59.74,59.74,59.74,59.74,59.74,59.74,59.74,59.74,59.74,59.74
Vinh Tuy area,105.8731303,20.9966088,58.16,58.16,58.16,58.16,58.16,58.16,58.16,58.16,58.16,58.16,58.16,58.16,58.16,58.16,58.16,58.16,58.16
Vinh Tuy area,105.8735151,20.9966068,60.25,60.25,60.25,60.25,60.25,60.25,60.25,60.25,60.25,60.25,60.25,60.25,60.25,60.25,60.25,60.25,60.25
Vinh Tuy area,105.8739,20.9966048,68.87,68.87,68.87,68.87,68.87,68.87,68.87,68.87,68.87,68.87,68.87,68.87,68.87,68.87,68.87,68.87,68.87
Vinh Tuy area,105.8619724,20.997027,69.21,69.21,69.21,69.21,69.21,69.21,69.21,69.21,69.21,69.21,69.21,69.21,69.21,69.21,69.21,69.21,69.21
Vinh Tuy area,105.8623573,20.9970251,69.96,69.96,69.96,69.96,69.96,69.96,69.96,69.96,69.96,69.96,69.96,69.96,69.96,69.96,69.96,69.96,69.96
Vinh Tuy area,105.8627421,20.9970231,62.89,62.89,62.89,62.89,62.89,62.89,62.89,62.89,62.89,62.89,62.89,62.89,62.89,62.89,62.89,62.89,62.89
Vinh Tuy area,105.8631269,20.9970212,65.36,65.36,65.36,65.36,65.36,65.36,65.36,65.36,65.36,65.36,65.36,65.36,65.36,65.36,65.36,65.36,65.36
Vinh Tuy area,105.8635117,20.9970192,70.29,70.29,70.29,70.29,70.29,70.29,70.29,70.29,70.29,70.29,70.29,70.29,70.29,70.29,70.29,70.29,70.29
Vinh Tuy area,105.8638966,20.9970173,70.18,70.18,70.18,70.18,70.18,70.18,70.18,70.18,70.18,70.18,70.18,70.18,70.18,70.18,70.18,70.18,70.18
Vinh Tuy area,105.8642814,20.9970153,70.14,70.14,70.14,70.14,70.14,70.14,70.14,70.14,70.14,70.14,70.14,70.14,70.14,70.14,70.14,70.14,70.14
Vinh Tuy area,105.8646662,20.9970134,70.14,70.14,70.14,70.14,70.14,70.14,70.14,70.14,70.14,70.14,70.14,70.14,70.14,70.14,70.14,70.14,70.14
Vinh Tuy area,105.8650511,20.9970114,65.43,65.43,65.43,65.43,65.43,65.43,65.43,65.43,65.43,65.43,65.43,65.43,65.43,65.43,65.43,65.43,65.43
Vinh Tuy area,105.8654359,20.9970094,65.11,65.11,65.11,65.11,65.11,65.11,65.11,65.11,65.11,65.11,65.11,65.11,65.11,65.11,65.11,65.11,65.11
Vinh Tuy area,105.8658207,20.9970075,65.48,65.48,65.48,65.48,65.48,65.48,65.48,65.48,65.48,65.48,65.48,65.48,65.48,65.48,65.48,65.48,65.48
Vinh Tuy area,105.8662055,20.9970055,64.52,64.52,64.52,64.52,64.52,64.52,64.52,64.52,64.52,64.52,64.52,64.52,64.52,64.52,64.52,64.52,64.52
Vinh Tuy area,105.8665904,20.9970036,64.37,64.37,64.37,64.37,64.37,64.37,64.37,64.37,64.37,64.37,64.37,64.37,64.37,64.37,64.37,64.37,64.37
Vinh Tuy area,105.8669752,20.9970016,64.3,64.3,64.3,64.3,64.3,64.3,64.3,64.3,64.3,64.3,64.3,64.3,64.3,64.3,64.3,64.3,64.3
Vinh Tuy area,105.86736,20.9969997,65.73,65.73,65.73,65.73,65.73,65.73,65.73,65.73,65.73,65.73,65.73,65.73,65.73,65.73,65.73,65.73,65.73
Vinh Tuy area,105.8677448,20.9969977,69.04,69.04,69.04,69.04,69.04,69.04,69.04,69.04,69.04,69.04,69.04,69.04,69.04,69.04,69.04,69.04,69.04
Vinh Tuy area,105.8681297,20.9969957,64.28,64.28,64.28,64.28,64.28,64.28,64.28,64.28,64.28,64.28,64.28,64.28,64.28,64.28,64.28,64.28,64.28
Vinh Tuy area,105.8685145,20.9969938,64.22,64.22,64.22,64.22,64.22,64.22,64.22,64.22,64.22,64.22,64.22,64.22,64.22,64.22,64.22,64.22,64.22
Vinh Tuy area,105.8688993,20.9969918,64.18,64.18,64.18,64.18,64.18,64.18,64.18,64.18,64.18,64.18,64.18,64.18,64.18,64.18,64.18,64.18,64.18
Vinh Tuy area,105.8692842,20.9969898,64.12,64.12,64.12,64.12,64.12,64.12,64.12,64.12,64.12,64.12,64.12,64.12,64.12,64.12,64.12,64.12,64.12
Vinh Tuy area,105.869669,20.9969879,64.04,64.04,64.04,64.04,64.04,64.04,64.04,64.04,64.04,64.04,64.04,64.04,64.04,64.04,64.04,64.04,64.04
Vinh Tuy area,105.8700538,20.9969859,63.93,63.93,63.93,63.93,63.93,63.93,63.93,63.93,63.93,63.93,63.93,63.93,63.93,63.93,63.93,63.93,63.93
Vinh Tuy area,105.8704386,20.9969839,64.6,64.6,64.6,64.6,64.6,64.6,64.6,64.6,64.6,64.6,64.6,64.6,64.6,64.6,64.6,64.6,64.6
Vinh Tuy area,105.8708235,20.996982,68.93,68.93,68.93,68.93,68.93,68.93,68.93,68.93,68.93,68.93,68.93,68.93,68.93,68.93,68.93,68.93,68.93
Vinh Tuy area,105.8712083,20.99698,63.06,63.06,63.06,63.06,63.06,63.06,63.06,63.06,63.06,63.06,63.06,63.06,63.06,63.06,63.06,63.06,63.06
Vinh Tuy area,105.8715931,20.996978,59.46,59.46,59.46,59.46,59.46,59.46,59.46,59.46,59.46,59.46,59.46,59.46,59.46,59.46,59.46,59.46,59.46
Vinh Tuy area,105.8719779,20.9969761,61.49,61.49,61.49,61.49,61.49,61.49,61.49,61.49,61.49,61.49,61.49,61.49,61.49,61.49,61.49,61.49,61.49
Vinh Tuy area,105.8723628,20.9969741,59.91,59.91,59.91,59.91,59.91,59.91,59.91,59.91,59.91,59.91,59.91,59.91,59.91,59.91,59.91,59.91,59.91
Vinh Tuy area,105.8727476,20.9969721,57.91,57.91,57.91,57.91,57.91,57.91,57.91,57.91,57.91,57.91,57.91,57.91,57.91,57.91,57.91,57.91,57.91
Vinh Tuy area,105.8731324,20.9969701,58.18,58.18,58.18,58.18,58.18,58.18,58.18,58.18,58.18,58.18,58.18,58.18,58.18,58.18,58.18,58.18,58.18
Vinh Tuy area,105.8735172,20.9969682,60.96,60.96,60.96,60.96,60.96,60.96,60.96,60.96,60.96,60.96,60.96,60.96,60.96,60.96,60.96,60.96,60.96
Vinh Tuy area,105.8739021,20.9969662,68.6,68.6,68.6,68.6,68.6,68.6,68.6,68.6,68.6,68.6,68.6,68.6,68.6,68.6,68.6,68.6,68.6
Vinh Tuy area,105.8619745,20.9973884,67.04,67.04,67.04,67.04,67.04,67.04,67.04,67.04,67.04,67.04,67.04,67.04,67.04,67.04,67.04,67.04,67.04
Vinh Tuy area,105.8623593,20.9973864,69.95,69.95,69.95,69.95,69.95,69.95,69.95,69.95,69.95,69.95,69.95,69.95,69.95,69.95,69.95,69.95,69.95
Vinh Tuy area,105.8627442,20.9973845,62.09,62.09,62.09,62.09,62.09,62.09,62.09,62.09,62.09,62.09,62.09,62.09,62.09,62.09,62.09,62.09,62.09
Vinh Tuy area,105.863129,20.9973825,62.04,62.04,62.04,62.04,62.04,62.04,62.04,62.04,62.04,62.04,62.04,62.04,62.04,62.04,62.04,62.04,62.04
Vinh Tuy area,105.8635138,20.9973806,63.04,63.04,63.04,63.04,63.04,63.04,63.04,63.04,63.04,63.04,63.04,63.04,63.04,63.04,63.04,63.04,63.04
Vinh Tuy area,105.8638987,20.9973786,62.92,62.92,62.92,62.92,62.92,62.92,62.92,62.92,62.92,62.92,62.92,62.92,62.92,62.92,62.92,62.92,62.92
Vinh Tuy area,105.8642835,20.9973767,64.16,64.16,64.16,64.16,64.16,64.16,64.16,64.16,64.16,64.16,64.16,64.16,64.16,64.16,64.16,64.16,64.16
Vinh Tuy area,105.8646683,20.9973747,68.28,68.28,68.28,68.28,68.28,68.28,68.28,68.28,68.28,68.28,68.28,68.28,68.28,68.28,68.28,68.28,68.28
Vinh Tuy area,105.8650531,20.9973728,70.15,70.15,70.15,70.15,70.15,70.15,70.15,70.15,70.15,70.15,70.15,70.15,70.15,70.15,70.15,70.15,70.15
Vinh Tuy area,105.865438,20.9973708,71.19,71.19,71.19,71.19,71.19,71.19,71.19,71.19,71.19,71.19,71.19,71.19,71.19,71.19,71.19,71.19,71.19
Vinh Tuy area,105.8658228,20.9973689,68.76,68.76,68.76,68.76,68.76,68.76,68.76,68.76,68.76,68.76,68.76,68.76,68.76,68.76,68.76,68.76,68.76
Vinh Tuy area,105.8662076,20.9973669,64.67,64.67,64.67,64.67,64.67,64.67,64.67,64.67,64.67,64.67,64.67,64.67,64.67,64.67,64.67,64.67,64.67
Vinh Tuy area,105.8665925,20.997365,63.0,63.0,63.0,63.0,63.0,63.0,63.0,63.0,63.0,63.0,63.0,63.0,63.0,63.0,63.0,63.0,63.0
Vinh Tuy area,105.8669773,20.997363,62.32,62.32,62.32,62.32,62.32,62.32,62.32,62.32,62.32,62.32,62.32,62.32,62.32,62.32,62.32,62.32,62.32
Vinh Tuy area,105.8673621,20.997361,66.15,66.15,66.15,66.15,66.15,66.15,66.15,66.15,66.15,66.15,66.15,66.15,66.15,66.15,66.15,66.15,66.15
Vinh Tuy area,105.8677469,20.9973591,69.15,69.15,69.15,69.15,69.15,69.15,69.15,69.15,69.15,69.15,69.15,69.15,69.15,69.15,69.15,69.15,69.15
Vinh Tuy area,105.8681318,20.9973571,61.42,61.42,61.42,61.42,61.42,61.42,61.42,61.42,61.42,61.42,61.42,61.42,61.42,61.42,61.42,61.42,61.42
Vinh Tuy area,105.8685166,20.9973552,60.52,60.52,60.52,60.52,60.52,60.52,60.52,60.52,60.52,60.52,60.52,60.52,60.52,60.52,60.52,60.52,60.52
Vinh Tuy area,105.8689014,20.9973532,60.3,60.3,60.3,60.3,60.3,60.3,60.3,60.3,60.3,60.3,60.3,60.3,60.3,60.3,60.3,60.3,60.3
Vinh Tuy area,105.8692862,20.9973512,61.66,61.66,61.66,61.66,61.66,61.66,61.66,61.66,61.66,61.66,61.66,61.66,61.66,61.66,61.66,61.66,61.66
Vinh Tuy area,105.8696711,20.9973493,62.26,62.26,62.26,62.26,62.26,62.26,62.26,62.26,62.26,62.26,62.26,62.26,62.26,62.26,62.26,62.26,62.26
Vinh Tuy area,105.8700559,20.9973473,60.71,60.71,60.71,60.71,60.71,60.71,60.71,60.71,60.71,60.71,60.71,60.71,60.71,60.71,60.71,60.71,60.71
Vinh Tuy area,105.8704407,20.9973453,64.41,64.41,64.41,64.41,64.41,64.41,64.41,64.41,64.41,64.41,64.41,64.41,64.41,64.41,64.41,64.41,64.41
Vinh Tuy area,105.8708256,20.9973434,63.53,63.53,63.53,63.53,63.53,63.53,63.53,63.53,63.53,63.53,63.53,63.53,63.53,63.53,63.53,63.53,63.53
Vinh Tuy area,105.8712104,20.9973414,63.08,63.08,63.08,63.08,63.08,63.08,63.08,63.08,63.08,63.08,63.08,63.08,63.08,63.08,63.08,63.08,63.08
Vinh Tuy area,105.8715952,20.9973394,59.2,59.2,59.2,59.2,59.2,59.2,59.2,59.2,59.2,59.2,59.2,59.2,59.2,59.2,59.2,59.2,59.2
Vinh Tuy area,105.87198,20.9973374,58.65,58.65,58.65,58.65,58.65,58.65,58.65,58.65,58.65,58.65,58.65,58.65,58.65,58.65,58.65,58.65,58.65
Vinh Tuy area,105.8723649,20.9973355,58.21,58.21,58.21,58.21,58.21,58.21,58.21,58.21,58.21,58.21,58.21,58.21,58.21,58.21,58.21,58.21,58.21
Vinh Tuy area,105.8727497,20.9973335,57.29,57.29,57.29,57.29,57.29,57.29,57.29,57.29,57.29,57.29,57.29,57.29,57.29,57.29,57.29,57.29,57.29
Vinh Tuy area,105.8731345,20.9973315,58.61,58.61,58.61,58.61,58.61,58.61,58.61,58.61,58.61,58.61,58.61,58.61,58.61,58.61,58.61,58.61,58.61
Vinh Tuy area,105.8735193,20.9973296,61.9,61.9,61.9,61.9,61.9,61.9,61.9,61.9,61.9,61.9,61.9,61.9,61.9,61.9,61.9,61.9,61.9
Vinh Tuy area,105.8739042,20.9973276,65.08,65.08,65.08,65.08,65.08,65.08,65.08,65.08,65.08,65.08,65.08,65.08,65.08,65.08,65.08,65.08,65.08
Vinh Tuy area,105.8619766,20.9977498,65.7,65.7,65.7,65.7,65.7,65.7,65.7,65.7,65.7,65.7,65.7,65.7,65.7,65.7,65.7,65.7,65.7
Vinh Tuy area,105.8623614,20.9977478,67.98,67.98,67.98,67.98,67.98,67.98,67.98,67.98,67.98,67.98,67.98,67.98,67.98,67.98,67.98,67.98,67.98
Vinh Tuy area,105.8627462,20.9977459,61.4,61.4,61.4,61.4,61.4,61.4,61.4,61.4,61.4,61.4,61.4,61.4,61.4,61.4,61.4,61.4,61.4
Vinh Tuy area,105.8631311,20.9977439,60.06,60.06,60.06,60.06,60.06,60.06,60.06,60.06,60.06,60.06,60.06,60.06,60.06,60.06,60.06,60.06,60.06
Vinh Tuy area,105.8635159,20.997742,60.2,60.2,60.2,60.2,60.2,60.2,60.2,60.2,60.2,60.2,60.2,60.2,60.2,60.2,60.2,60.2,60.2
Vinh Tuy area,105.8639007,20.99774,60.33,60.33,60.33,60.33,60.33,60.33,60.33,60.33,60.33,60.33,60.33,60.33,60.33,60.33,60.33,60.33,60.33
Vinh Tuy area,105.8642856,20.9977381,60.65,60.65,60.65,60.65,60.65,60.65,60.65,60.65,60.65,60.65,60.65,60.65,60.65,60.65,60.65,60.65,60.65
Vinh Tuy area,105.8646704,20.9977361,62.07,62.07,62.07,62.07,62.07,62.07,62.07,62.07,62.07,62.07,62.07,62.07,62.07,62.07,62.07,62.07,62.07
Vinh Tuy area,105.8650552,20.9977342,64.38,64.38,64.38,64.38,64.38,64.38,64.38,64.38,64.38,64.38,64.38,64.38,64.38,64.38,64.38,64.38,64.38
Vinh Tuy area,105.86544,20.9977322,70.24,70.24,70.24,70.24,70.24,70.24,70.24,70.24,70.24,70.24,70.24,70.24,70.24,70.24,70.24,70.24,70.24
Vinh Tuy area,105.8658249,20.9977303,70.25,70.25,70.25,70.25,70.25,70.25,70.25,70.25,70.25,70.25,70.25,70.25,70.25,70.25,70.25,70.25,70.25
Vinh Tuy area,105.8662097,20.9977283,70.92,70.92,70.92,70.92,70.92,70.92,70.92,70.92,70.92,70.92,70.92,70.92,70.92,70.92,70.92,70.92,70.92
Vinh Tuy area,105.8665945,20.9977263,70.15,70.15,70.15,70.15,70.15,70.15,70.15,70.15,70.15,70.15,70.15,70.15,70.15,70.15,70.15,70.15,70.15
Vinh Tuy area,105.8669794,20.9977244,66.8,66.8,66.8,66.8,66.8,66.8,66.8,66.8,66.8,66.8,66.8,66.8,66.8,66.8,66.8,66.8,66.8
Vinh Tuy area,105.8673642,20.9977224,67.36,67.36,67.36,67.36,67.36,67.36,67.36,67.36,67.36,67.36,67.36,67.36,67.36,67.36,67.36,67.36,67.36
Vinh Tuy area,105.867749,20.9977205,69.44,69.44,69.44,69.44,69.44,69.44,69.44,69.44,69.44,69.44,69.44,69.44,69.44,69.44,69.44,69.44,69.44
Vinh Tuy area,105.8681339,20.9977185,62.45,62.45,62.45,62.45,62.45,62.45,62.45,62.45,62.45,62.45,62.45,62.45,62.45,62.45,62.45,62.45,62.45
Vinh Tuy area,105.8685187,20.9977165,60.64,60.64,60.64,60.64,60.64,60.64,60.64,60.64,60.64,60.64,60.64,60.64,60.64,60.64,60.64,60.64,60.64
Vinh Tuy area,105.8689035,20.9977146,60.59,60.59,60.59,60.59,60.59,60.59,60.59,60.59,60.59,60.59,60.59,60.59,60.59,60.59,60.59,60.59,60.59
Vinh Tuy area,105.8692883,20.9977126,62.5,62.5,62.5,62.5,62.5,62.5,62.5,62.5,62.5,62.5,62.5,62.5,62.5,62.5,62.5,62.5,62.5
Vinh Tuy area,105.8696732,20.9977106,66.66,66.66,66.66,66.66,66.66,66.66,66.66,66.66,66.66,66.66,66.66,66.66,66.66,66.66,66.66,66.66,66.66
Vinh Tuy area,105.870058,20.9977087,68.06,68.06,68.06,68.06,68.06,68.06,68.06,68.06,68.06,68.06,68.06,68.06,68.06,68.06,68.06,68.06,68.06
Vinh Tuy area,105.8704428,20.9977067,62.8,62.8,62.8,62.8,62.8,62.8,62.8,62.8,62.8,62.8,62.8,62.8,62.8,62.8,62.8,62.8,62.8
Vinh Tuy area,105.8708276,20.9977047,64.41,64.41,64.41,64.41,64.41,64.41,64.41,64.41,64.41,64.41,64.41,64.41,64.41,64.41,64.41,64.41,64.41
Vinh Tuy area,105.8712125,20.9977028,63.13,63.13,63.13,63.13,63.13,63.13,63.13,63.13,63.13,63.13,63.13,63.13,63.13,63.13,63.13,63.13,63.13
Vinh Tuy area,105.8715973,20.9977008,59.38,59.38,59.38,59.38,59.38,59.38,59.38,59.38,59.38,59.38,59.38,59.38,59.38,59.38,59.38,59.38,59.38
Vinh Tuy area,105.8719821,20.9976988,57.78,57.78,57.78,57.78,57.78,57.78,57.78,57.78,57.78,57.78,57.78,57.78,57.78,57.78,57.78,57.78,57.78
Vinh Tuy area,105.872367,20.9976969,57.27,57.27,57.27,57.27,57.27,57.27,57.27,57.27,57.27,57.27,57.27,57.27,57.27,57.27,57.27,57.27,57.27
Vinh Tuy area,105.8727518,20.9976949,57.74,57.74,57.74,57.74,57.74,57.74,57.74,57.74,57.74,57.74,57.74,57.74,57.74,57.74,57.74,57.74,57.74
Vinh Tuy area,105.8731366,20.9976929,59.31,59.31,59.31,59.31,59.31,59.31,59.31,59.31,59.31,59.31,59.31,59.31,59.31,59.31,59.31,59.31,59.31
Vinh Tuy area,105.8735214,20.9976909,63.55,63.55,63.55,63.55,63.55,63.55,63.55,63.55,63.55,63.55,63.55,63.55,63.55,63.55,63.55,63.55,63.55
Vinh Tuy area,105.8739063,20.997689,63.11,63.11,63.11,63.11,63.11,63.11,63.11,63.11,63.11,63.11,63.11,63.11,63.11,63.11,63.11,63.11,63.11
Vinh Tuy area,105.8619787,20.9981112,64.89,64.89,64.89,64.89,64.89,64.89,64.89,64.89,64.89,64.89,64.89,64.89,64.89,64.89,64.89,64.89,64.89
Vinh Tuy area,105.8623635,20.9981092,66.2,66.2,66.2,66.2,66.2,66.2,66.2,66.2,66.2,66.2,66.2,66.2,66.2,66.2,66.2,66.2,66.2
Vinh Tuy area,105.8627483,20.9981073,60.79,60.79,60.79,60.79,60.79,60.79,60.79,60.79,60.79,60.79,60.79,60.79,60.79,60.79,60.79,60.79,60.79
Vinh Tuy area,105.8631332,20.9981053,59.23,59.23,59.23,59.23,59.23,59.23,59.23,59.23,59.23,59.23,59.23,59.23,59.23,59.23,59.23,59.23,59.23
Vinh Tuy area,105.863518,20.9981034,58.52,58.52,58.52,58.52,58.52,58.52,58.52,58.52,58.52,58.52,58.52,58.52,58.52,58.52,58.52,58.52,58.52
Vinh Tuy area,105.8639028,20.9981014,58.67,58.67,58.67,58.67,58.67,58.67,58.67,58.67,58.67,58.67,58.67,58.67,58.67,58.67,58.67,58.67,58.67
Vinh Tuy area,105.8642876,20.9980995,59.64,59.64,59.64,59.64,59.64,59.64,59.64,59.64,59.64,59.64,59.64,59.64,59.64,59.64,59.64,59.64,59.64
Vinh Tuy area,105.8646725,20.9980975,61.09,61.09,61.09,61.09,61.09,61.09,61.09,61.09,61.09,61.09,61.09,61.09,61.09,61.09,61.09,61.09,61.09
Vinh Tuy area,105.8650573,20.9980956,64.7,64.7,64.7,64.7,64.7,64.7,64.7,64.7,64.7,64.7,64.7,64.7,64.7,64.7,64.7,64.7,64.7
Vinh Tuy area,105.8654421,20.9980936,64.46,64.46,64.46,64.46,64.46,64.46,64.46,64.46,64.46,64.46,64.46,64.46,64.46,64.46,64.46,64.46,64.46
Vinh Tuy area,105.865827,20.9980916,64.72,64.72,64.72,64.72,64.72,64.72,64.72,64.72,64.72,64.72,64.72,64.72,64.72,64.72,64.72,64.72,64.72
Vinh Tuy area,105.8662118,20.9980897,66.52,66.52,66.52,66.52,66.52,66.52,66.52,66.52,66.52,66.52,66.52,66.52,66.52,66.52,66.52,66.52,66.52
Vinh Tuy area,105.8665966,20.9980877,67.92,67.92,67.92,67.92,67.92,67.92,67.92,67.92,67.92,67.92,67.92,67.92,67.92,67.92,67.92,67.92,67.92
Vinh Tuy area,105.8669815,20.9980858,70.22,70.22,70.22,70.22,70.22,70.22,70.22,70.22,70.22,70.22,70.22,70.22,70.22,70.22,70.22,70.22,70.22
Vinh Tuy area,105.8673663,20.9980838,70.92,70.92,70.92,70.92,70.92,70.92,70.92,70.92,70.92,70.92,70.92,70.92,70.92,70.92,70.92,70.92,70.92
Vinh Tuy area,105.8677511,20.9980818,72.34,72.34,72.34,72.34,72.34,72.34,72.34,72.34,72.34,72.34,72.34,72.34,72.34,72.34,72.34,72.34,72.34
Vinh Tuy area,105.8681359,20.9980799,66.0,66.0,66.0,66.0,66.0,66.0,66.0,66.0,66.0,66.0,66.0,66.0,66.0,66.0,66.0,66.0,66.0
Vinh Tuy area,105.8685208,20.9980779,63.11,63.11,63.11,63.11,63.11,63.11,63.11,63.11,63.11,63.11,63.11,63.11,63.11,63.11,63.11,63.11,63.11
Vinh Tuy area,105.8689056,20.998076,61.68,61.68,61.68,61.68,61.68,61.68,61.68,61.68,61.68,61.68,61.68,61.68,61.68,61.68,61.68,61.68,61.68
Vinh Tuy area,105.8692904,20.998074,61.64,61.64,61.64,61.64,61.64,61.64,61.64,61.64,61.64,61.64,61.64,61.64,61.64,61.64,61.64,61.64,61.64
Vinh Tuy area,105.8696753,20.998072,62.13,62.13,62.13,62.13,62.13,62.13,62.13,62.13,62.13,62.13,62.13,62.13,62.13,62.13,62.13,62.13,62.13
Vinh Tuy area,105.8700601,20.9980701,69.11,69.11,69.11,69.11,69.11,69.11,69.11,69.11,69.11,69.11,69.11,69.11,69.11,69.11,69.11,69.11,69.11
Vinh Tuy area,105.8704449,20.9980681,61.45,61.45,61.45,61.45,61.45,61.45,61.45,61.45,61.45,61.45,61.45,61.45,61.45,61.45,61.45,61.45,61.45
Vinh Tuy area,105.8708297,20.9980661,63.94,63.94,63.94,63.94,63.94,63.94,63.94,63.94,63.94,63.94,63.94,63.94,63.94,63.94,63.94,63.94,63.94
Vinh Tuy area,105.8712146,20.9980642,63.22,63.22,63.22,63.22,63.22,63.22,63.22,63.22,63.22,63.22,63.22,63.22,63.22,63.22,63.22,63.22,63.22
Vinh Tuy area,105.8715994,20.9980622,59.63,59.63,59.63,59.63,59.63,59.63,59.63,59.63,59.63,59.63,59.63,59.63,59.63,59.63,59.63,59.63,59.63
Vinh Tuy area,105.8719842,20.9980602,58.07,58.07,58.07,58.07,58.07,58.07,58.07,58.07,58.07,58.07,58.07,58.07,58.07,58.07,58.07,58.07,58.07
Vinh Tuy area,105.8723691,20.9980582,57.54,57.54,57.54,57.54,57.54,57.54,57.54,57.54,57.54,57.54,57.54,57.54,57.54,57.54,57.54,57.54,57.54
Vinh Tuy area,105.8727539,20.9980563,58.37,58.37,58.37,58.37,58.37,58.37,58.37,58.37,58.37,58.37,58.37,58.37,58.37,58.37,58.37,58.37,58.37
Vinh Tuy area,105.8731387,20.9980543,60.37,60.37,60.37,60.37,60.37,60.37,60.37,60.37,60.37,60.37,60.37,60.37,60.37,60.37,60.37,60.37,60.37
Vinh Tuy area,105.8735235,20.9980523,68.91,68.91,68.91,68.91,68.91,68.91,68.91,68.91,68.91,68.91,68.91,68.91,68.91,68.91,68.91,68.91,68.91
Vinh Tuy area,105.8739084,20.9980504,61.17,61.17,61.17,61.17,61.17,61.17,61.17,61.17,61.17,61.17,61.17,61.17,61.17,61.17,61.17,61.17,61.17
Vinh Tuy area,105.8619807,20.9984726,67.36,67.36,67.36,67.36,67.36,67.36,67.36,67.36,67.36,67.36,67.36,67.36,67.36,67.36,67.36,67.36,67.36
Vinh Tuy area,105.8623656,20.9984706,65.05,65.05,65.05,65.05,65.05,65.05,65.05,65.05,65.05,65.05,65.05,65.05,65.05,65.05,65.05,65.05,65.05
Vinh Tuy area,105.8627504,20.9984687,60.83,60.83,60.83,60.83,60.83,60.83,60.83,60.83,60.83,60.83,60.83,60.83,60.83,60.83,60.83,60.83,60.83
Vinh Tuy area,105.8631352,20.9984667,59.07,59.07,59.07,59.07,59.07,59.07,59.07,59.07,59.07,59.07,59.07,59.07,59.07,59.07,59.07,59.07,59.07
Vinh Tuy area,105.8635201,20.9984648,57.89,57.89,57.89,57.89,57.89,57.89,57.89,57.89,57.89,57.89,57.89,57.89,57.89,57.89,57.89,57.89,57.89
Vinh Tuy area,105.8639049,20.9984628,58.15,58.15,58.15,58.15,58.15,58.15,58.15,58.15,58.15,58.15,58.15,58.15,58.15,58.15,58.15,58.15,58.15
Vinh Tuy area,105.8642897,20.9984608,59.34,59.34,59.34,59.34,59.34,59.34,59.34,59.34,59.34,59.34,59.34,59.34,59.34,59.34,59.34,59.34,59.34
Vinh Tuy area,105.8646746,20.9984589,61.62,61.62,61.62,61.62,61.62,61.62,61.62,61.62,61.62,61.62,61.62,61.62,61.62,61.62,61.62,61.62,61.62
Vinh Tuy area,105.8650594,20.9984569,69.06,69.06,69.06,69.06,69.06,69.06,69.06,69.06,69.06,69.06,69.06,69.06,69.06,69.06,69.06,69.06,69.06
Vinh Tuy area,105.8654442,20.998455,62.1,62.1,62.1,62.1,62.1,62.1,62.1,62.1,62.1,62.1,62.1,62.1,62.1,62.1,62.1,62.1,62.1
Vinh Tuy area,105.865829,20.998453,67.37,67.37,67.37,67.37,67.37,67.37,67.37,67.37,67.37,67.37,67.37,67.37,67.37,67.37,67.37,67.37,67.37
Vinh Tuy area,105.8662139,20.9984511,63.16,63.16,63.16,63.16,63.16,63.16,63.16,63.16,63.16,63.16,63.16,63.16,63.16,63.16,63.16,63.16,63.16
Vinh Tuy area,105.8665987,20.9984491,62.07,62.07,62.07,62.07,62.07,62.07,62.07,62.07,62.07,62.07,62.07,62.07,62.07,62.07,62.07,62.07,62.07
Vinh Tuy area,105.8669835,20.9984471,63.61,63.61,63.61,63.61,63.61,63.61,63.61,63.61,63.61,63.61,63.61,63.61,63.61,63.61,63.61,63.61,63.61
Vinh Tuy area,105.8673684,20.9984452,67.9,67.9,67.9,67.9,67.9,67.9,67.9,67.9,67.9,67.9,67.9,67.9,67.9,67.9,67.9,67.9,67.9
Vinh Tuy area,105.8677532,20.9984432,70.42,70.42,70.42,70.42,70.42,70.42,70.42,70.42,70.42,70.42,70.42,70.42,70.42,70.42,70.42,70.42,70.42
Vinh Tuy area,105.868138,20.9984413,70.12,70.12,70.12,70.12,70.12,70.12,70.12,70.12,70.12,70.12,70.12,70.12,70.12,70.12,70.12,70.12,70.12
Vinh Tuy area,105.8685229,20.9984393,69.34,69.34,69.34,69.34,69.34,69.34,69.34,69.34,69.34,69.34,69.34,69.34,69.34,69.34,69.34,69.34,69.34
Vinh Tuy area,105.8689077,20.9984373,67.4,67.4,67.4,67.4,67.4,67.4,67.4,67.4,67.4,67.4,67.4,67.4,67.4,67.4,67.4,67.4,67.4
Vinh Tuy area,105.8692925,20.9984354,64.96,64.96,64.96,64.96,64.96,64.96,64.96,64.96,64.96,64.96,64.96,64.96,64.96,64.96,64.96,64.96,64.96
Vinh Tuy area,105.8696774,20.9984334,69.54,69.54,69.54,69.54,69.54,69.54,69.54,69.54,69.54,69.54,69.54,69.54,69.54,69.54,69.54,69.54,69.54
Vinh Tuy area,105.8700622,20.9984314,69.33,69.33,69.33,69.33,69.33,69.33,69.33,69.33,69.33,69.33,69.33,69.33,69.33,69.33,69.33,69.33,69.33
Vinh Tuy area,105.870447,20.9984295,62.13,62.13,62.13,62.13,62.13,62.13,62.13,62.13,62.13,62.13,62.13,62.13,62.13,62.13,62.13,62.13,62.13
Vinh Tuy area,105.8708318,20.9984275,64.26,64.26,64.26,64.26,64.26,64.26,64.26,64.26,64.26,64.26,64.26,64.26,64.26,64.26,64.26,64.26,64.26
Vinh Tuy area,105.8712167,20.9984255,63.42,63.42,63.42,63.42,63.42,63.42,63.42,63.42,63.42,63.42,63.42,63.42,63.42,63.42,63.42,63.42,63.42
Vinh Tuy area,105.8716015,20.9984236,60.0,60.0,60.0,60.0,60.0,60.0,60.0,60.0,60.0,60.0,60.0,60.0,60.0,60.0,60.0,60.0,60.0
Vinh Tuy area,105.8719863,20.9984216,58.49,58.49,58.49,58.49,58.49,58.49,58.49,58.49,58.49,58.49,58.49,58.49,58.49,58.49,58.49,58.49,58.49
Vinh Tuy area,105.8723712,20.9984196,58.31,58.31,58.31,58.31,58.31,58.31,58.31,58.31,58.31,58.31,58.31,58.31,58.31,58.31,58.31,58.31,58.31
Vinh Tuy area,105.872756,20.9984177,59.37,59.37,59.37,59.37,59.37,59.37,59.37,59.37,59.37,59.37,59.37,59.37,59.37,59.37,59.37,59.37,59.37
Vinh Tuy area,105.8731408,20.9984157,62.15,62.15,62.15,62.15,62.15,62.15,62.15,62.15,62.15,62.15,62.15,62.15,62.15,62.15,62.15,62.15,62.15
Vinh Tuy area,105.8735257,20.9984137,66.58,66.58,66.58,66.58,66.58,66.58,66.58,66.58,66.58,66.58,66.58,66.58,66.58,66.58,66.58,66.58,66.58
Vinh Tuy area,105.8739105,20.9984117,59.97,59.97,59.97,59.97,59.97,59.97,59.97,59.97,59.97,59.97,59.97,59.97,59.97,59.97,59.97,59.97,59.97
Vinh Tuy area,105.8619828,20.9988339,65.62,65.62,65.62,65.62,65.62,65.62,65.62,65.62,65.62,65.62,65.62,65.62,65.62,65.62,65.62,65.62,65.62
Vinh Tuy area,105.8623676,20.998832,64.84,64.84,64.84,64.84,64.84,64.84,64.84,64.84,64.84,64.84,64.84,64.84,64.84,64.84,64.84,64.84,64.84
Vinh Tuy area,105.8627525,20.99883,61.34,61.34,61.34,61.34,61.34,61.34,61.34,61.34,61.34,61.34,61.34,61.34,61.34,61.34,61.34,61.34,61.34
Vinh Tuy area,105.8631373,20.9988281,59.6,59.6,59.6,59.6,59.6,59.6,59.6,59.6,59.6,59.6,59.6,59.6,59.6,59.6,59.6,59.6,59.6
Vinh Tuy area,105.8635221,20.9988261,58.32,58.32,58.32,58.32,58.32,58.32,58.32,58.32,58.32,58.32,58.32,58.32,58.32,58.32,58.32,58.32,58.32
Vinh Tuy area,105.863907,20.9988242,57.9,57.9,57.9,57.9,57.9,57.9,57.9,57.9,57.9,57.9,57.9,57.9,57.9,57.9,57.9,57.9,57.9
Vinh Tuy area,105.8642918,20.9988222,59.2,59.2,59.2,59.2,59.2,59.2,59.2,59.2,59.2,59.2,59.2,59.2,59.2,59.2,59.2,59.2,59.2
Vinh Tuy area,105.8646766,20.9988203,62.06,62.06,62.06,62.06,62.06,62.06,62.06,62.06,62.06,62.06,62.06,62.06,62.06,62.06,62.06,62.06,62.06
Vinh Tuy area,105.8650615,20.9988183,66.08,66.08,66.08,66.08,66.08,66.08,66.08,66.08,66.08,66.08,66.08,66.08,66.08,66.08,66.08,66.08,66.08
Vinh Tuy area,105.8654463,20.9988164,62.03,62.03,62.03,62.03,62.03,62.03,62.03,62.03,62.03,62.03,62.03,62.03,62.03,62.03,62.03,62.03,62.03
Vinh Tuy area,105.8658311,20.9988144,68.1,68.1,68.1,68.1,68.1,68.1,68.1,68.1,68.1,68.1,68.1,68.1,68.1,68.1,68.1,68.1,68.1
Vinh Tuy area,105.866216,20.9988125,61.33,61.33,61.33,61.33,61.33,61.33,61.33,61.33,61.33,61.33,61.33,61.33,61.33,61.33,61.33,61.33,61.33
Vinh Tuy area,105.8666008,20.9988105,60.42,60.42,60.42,60.42,60.42,60.42,60.42,60.42,60.42,60.42,60.42,60.42,60.42,60.42,60.42,60.42,60.42
Vinh Tuy area,105.8669856,20.9988085,62.54,62.54,62.54,62.54,62.54,62.54,62.54,62.54,62.54,62.54,62.54,62.54,62.54,62.54,62.54,62.54,62.54
Vinh Tuy area,105.8673705,20.9988066,69.28,69.28,69.28,69.28,69.28,69.28,69.28,69.28,69.28,69.28,69.28,69.28,69.28,69.28,69.28,69.28,69.28
Vinh Tuy area,105.8677553,20.9988046,63.3,63.3,63.3,63.3,63.3,63.3,63.3,63.3,63.3,63.3,63.3,63.3,63.3,63.3,63.3,63.3,63.3
Vinh Tuy area,105.8681401,20.9988027,63.68,63.68,63.68,63.68,63.68,63.68,63.68,63.68,63.68,63.68,63.68,63.68,63.68,63.68,63.68,63.68,63.68
Vinh Tuy area,105.868525,20.9988007,66.46,66.46,66.46,66.46,66.46,66.46,66.46,66.46,66.46,66.46,66.46,66.46,66.46,66.46,66.46,66.46,66.46
Vinh Tuy area,105.8689098,20.9987987,70.06,70.06,70.06,70.06,70.06,70.06,70.06,70.06,70.06,70.06,70.06,70.06,70.06,70.06,70.06,70.06,70.06
Vinh Tuy area,105.8692946,20.9987968,70.41,70.41,70.41,70.41,70.41,70.41,70.41,70.41,70.41,70.41,70.41,70.41,70.41,70.41,70.41,70.41,70.41
Vinh Tuy area,105.8696794,20.9987948,70.66,70.66,70.66,70.66,70.66,70.66,70.66,70.66,70.66,70.66,70.66,70.66,70.66,70.66,70.66,70.66,70.66
Vinh Tuy area,105.8700643,20.9987928,66.96,66.96,66.96,66.96,66.96,66.96,66.96,66.96,66.96,66.96,66.96,66.96,66.96,66.96,66.96,66.96,66.96
Vinh Tuy area,105.8704491,20.9987909,63.62,63.62,63.62,63.62,63.62,63.62,63.62,63.62,63.62,63.62,63.62,63.62,63.62,63.62,63.62,63.62,63.62
Vinh Tuy area,105.8708339,20.9987889,65.34,65.34,65.34,65.34,65.34,65.34,65.34,65.34,65.34,65.34,65.34,65.34,65.34,65.34,65.34,65.34,65.34
Vinh Tuy area,105.8712188,20.9987869,63.56,63.56,63.56,63.56,63.56,63.56,63.56,63.56,63.56,63.56,63.56,63.56,63.56,63.56,63.56,63.56,63.56
Vinh Tuy area,105.8716036,20.998785,60.54,60.54,60.54,60.54,60.54,60.54,60.54,60.54,60.54,60.54,60.54,60.54,60.54,60.54,60.54,60.54,60.54
Vinh Tuy area,105.8719884,20.998783,59.01,59.01,59.01,59.01,59.01,59.01,59.01,59.01,59.01,59.01,59.01,59.01,59.01,59.01,59.01,59.01,59.01
Vinh Tuy area,105.8723733,20.998781,59.25,59.25,59.25,59.25,59.25,59.25,59.25,59.25,59.25,59.25,59.25,59.25,59.25,59.25,59.25,59.25,59.25
Vinh Tuy area,105.8727581,20.998779,60.78,60.78,60.78,60.78,60.78,60.78,60.78,60.78,60.78,60.78,60.78,60.78,60.78,60.78,60.78,60.78,60.78
Vinh Tuy area,105.8731429,20.9987771,67.42,67.42,67.42,67.42,67.42,67.42,67.42,67.42,67.42,67.42,67.42,67.42,67.42,67.42,67.42,67.42,67.42
Vinh Tuy area,105.8735278,20.9987751,62.02,62.02,62.02,62.02,62.02,62.02,62.02,62.02,62.02,62.02,62.02,62.02,62.02,62.02,62.02,62.02,62.02
Vinh Tuy area,105.8739126,20.9987731,59.05,59.05,59.05,59.05,59.05,59.05,59.05,59.05,59.05,59.05,59.05,59.05,59.05,59.05,59.05,59.05,59.05
Vinh Tuy area,105.8619849,20.9991953,67.68,67.68,67.68,67.68,67.68,67.68,67.68,67.68,67.68,67.68,67.68,67.68,67.68,67.68,67.68,67.68,67.68
Vinh Tuy area,105.8623697,20.9991934,67.06,67.06,67.06,67.06,67.06,67.06,67.06,67.06,67.06,67.06,67.06,67.06,67.06,67.06,67.06,67.06,67.06
Vinh Tuy area,105.8627546,20.9991914,62.84,62.84,62.84,62.84,62.84,62.84,62.84,62.84,62.84,62.84,62.84,62.84,62.84,62.84,62.84,62.84,62.84
Vinh Tuy area,105.8631394,20.9991895,60.56,60.56,60.56,60.56,60.56,60.56,60.56,60.56,60.56,60.56,60.56,60.56,60.56,60.56,60.56,60.56,60.56
Vinh Tuy area,105.8635242,20.9991875,59.02,59.02,59.02,59.02,59.02,59.02,59.02,59.02,59.02,59.02,59.02,59.02,59.02,59.02,59.02,59.02,59.02
Vinh Tuy area,105.8639091,20.9991856,57.89,57.89,57.89,57.89,57.89,57.89,57.89,57.89,57.89,57.89,57.89,57.89,57.89,57.89,57.89,57.89,57.89
Vinh Tuy area,105.8642939,20.9991836,58.97,58.97,58.97,58.97,58.97,58.97,58.97,58.97,58.97,58.97,58.97,58.97,58.97,58.97,58.97,58.97,58.97
Vinh Tuy area,105.8646787,20.9991817,61.71,61.71,61.71,61.71,61.71,61.71,61.71,61.71,61.71,61.71,61.71,61.71,61.71,61.71,61.71,61.71,61.71
Vinh Tuy area,105.8650635,20.9991797,62.95,62.95,62.95,62.95,62.95,62.95,62.95,62.95,62.95,62.95,62.95,62.95,62.95,62.95,62.95,62.95,62.95
Vinh Tuy area,105.8654484,20.9991778,64.04,64.04,64.04,64.04,64.04,64.04,64.04,64.04,64.04,64.04,64.04,64.04,64.04,64.04,64.04,64.04,64.04
Vinh Tuy area,105.8658332,20.9991758,63.37,63.37,63.37,63.37,63.37,63.37,63.37,63.37,63.37,63.37,63.37,63.37,63.37,63.37,63.37,63.37,63.37
Vinh Tuy area,105.866218,20.9991738,60.04,60.04,60.04,60.04,60.04,60.04,60.04,60.04,60.04,60.04,60.04,60.04,60.04,60.04,60.04,60.04,60.04
Vinh Tuy area,105.8666029,20.9991719,60.23,60.23,60.23,60.23,60.23,60.23,60.23,60.23,60.23,60.23,60.23,60.23,60.23,60.23,60.23,60.23,60.23
Vinh Tuy area,105.8669877,20.9991699,63.64,63.64,63.64,63.64,63.64,63.64,63.64,63.64,63.64,63.64,63.64,63.64,63.64,63.64,63.64,63.64,63.64
Vinh Tuy area,105.8673725,20.999168,64.4,64.4,64.4,64.4,64.4,64.4,64.4,64.4,64.4,64.4,64.4,64.4,64.4,64.4,64.4,64.4,64.4
Vinh Tuy area,105.8677574,20.999166,61.19,61.19,61.19,61.19,61.19,61.19,61.19,61.19,61.19,61.19,61.19,61.19,61.19,61.19,61.19,61.19,61.19
Vinh Tuy area,105.8681422,20.999164,60.67,60.67,60.67,60.67,60.67,60.67,60.67,60.67,60.67,60.67,60.67,60.67,60.67,60.67,60.67,60.67,60.67
Vinh Tuy area,105.868527,20.9991621,61.14,61.14,61.14,61.14,61.14,61.14,61.14,61.14,61.14,61.14,61.14,61.14,61.14,61.14,61.14,61.14,61.14
Vinh Tuy area,105.8689119,20.9991601,62.63,62.63,62.63,62.63,62.63,62.63,62.63,62.63,62.63,62.63,62.63,62.63,62.63,62.63,62.63,62.63,62.63
Vinh Tuy area,105.8692967,20.9991581,65.09,65.09,65.09,65.09,65.09,65.09,65.09,65.09,65.09,65.09,65.09,65.09,65.09,65.09,65.09,65.09,65.09
Vinh Tuy area,105.8696815,20.9991562,70.9,70.9,70.9,70.9,70.9,70.9,70.9,70.9,70.9,70.9,70.9,70.9,70.9,70.9,70.9,70.9,70.9
Vinh Tuy area,105.8700664,20.9991542,70.41,70.41,70.41,70.41,70.41,70.41,70.41,70.41,70.41,70.41,70.41,70.41,70.41,70.41,70.41,70.41,70.41
Vinh Tuy area,105.8704512,20.9991522,69.75,69.75,69.75,69.75,69.75,69.75,69.75,69.75,69.75,69.75,69.75,69.75,69.75,69.75,69.75,69.75,69.75
Vinh Tuy area,105.870836,20.9991503,70.12,70.12,70.12,70.12,70.12,70.12,70.12,70.12,70.12,70.12,70.12,70.12,70.12,70.12,70.12,70.12,70.12
Vinh Tuy area,105.8712209,20.9991483,64.13,64.13,64.13,64.13,64.13,64.13,64.13,64.13,64.13,64.13,64.13,64.13,64.13,64.13,64.13,64.13,64.13
Vinh Tuy area,105.8716057,20.9991463,61.54,61.54,61.54,61.54,61.54,61.54,61.54,61.54,61.54,61.54,61.54,61.54,61.54,61.54,61.54,61.54,61.54
Vinh Tuy area,105.8719905,20.9991444,60.06,60.06,60.06,60.06,60.06,60.06,60.06,60.06,60.06,60.06,60.06,60.06,60.06,60.06,60.06,60.06,60.06
Vinh Tuy area,105.8723754,20.9991424,60.51,60.51,60.51,60.51,60.51,60.51,60.51,60.51,60.51,60.51,60.51,60.51,60.51,60.51,60.51,60.51,60.51
Vinh Tuy area,105.8727602,20.9991404,63.12,63.12,63.12,63.12,63.12,63.12,63.12,63.12,63.12,63.12,63.12,63.12,63.12,63.12,63.12,63.12,63.12
Vinh Tuy area,105.873145,20.9991385,65.34,65.34,65.34,65.34,65.34,65.34,65.34,65.34,65.34,65.34,65.34,65.34,65.34,65.34,65.34,65.34,65.34
Vinh Tuy area,105.8735299,20.9991365,60.26,60.26,60.26,60.26,60.26,60.26,60.26,60.26,60.26,60.26,60.26,60.26,60.26,60.26,60.26,60.26,60.26
Vinh Tuy area,105.8739147,20.9991345,58.36,58.36,58.36,58.36,58.36,58.36,58.36,58.36,58.36,58.36,58.36,58.36,58.36,58.36,58.36,58.36,58.36
Vinh Tuy area,105.861987,20.9995567,67.4,67.4,67.4,67.4,67.4,67.4,67.4,67.4,67.4,67.4,67.4,67.4,67.4,67.4,67.4,67.4,67.4
Vinh Tuy area,105.8623718,20.9995548,65.14,65.14,65.14,65.14,65.14,65.14,65.14,65.14,65.14,65.14,65.14,65.14,65.14,65.14,65.14,65.14,65.14
Vinh Tuy area,105.8627566,20.9995528,69.19,69.19,69.19,69.19,69.19,69.19,69.19,69.19,69.19,69.19,69.19,69.19,69.19,69.19,69.19,69.19,69.19
Vinh Tuy area,105.8631415,20.9995509,62.91,62.91,62.91,62.91,62.91,62.91,62.91,62.91,62.91,62.91,62.91,62.91,62.91,62.91,62.91,62.91,62.91
Vinh Tuy area,105.8635263,20.9995489,60.26,60.26,60.26,60.26,60.26,60.26,60.26,60.26,60.26,60.26,60.26,60.26,60.26,60.26,60.26,60.26,60.26
Vinh Tuy area,105.8639111,20.999547,58.58,58.58,58.58,58.58,58.58,58.58,58.58,58.58,58.58,58.58,58.58,58.58,58.58,58.58,58.58,58.58,58.58
Vinh Tuy area,105.864296,20.999545,58.1,58.1,58.1,58.1,58.1,58.1,58.1,58.1,58.1,58.1,58.1,58.1,58.1,58.1,58.1,58.1,58.1
Vinh Tuy area,105.8646808,20.999543,59.11,59.11,59.11,59.11,59.11,59.11,59.11,59.11,59.11,59.11,59.11,59.11,59.11,59.11,59.11,59.11,59.11
Vinh Tuy area,105.8650656,20.9995411,60.67,60.67,60.67,60.67,60.67,60.67,60.67,60.67,60.67,60.67,60.67,60.67,60.67,60.67,60.67,60.67,60.67
Vinh Tuy area,105.8654505,20.9995391,68.94,68.94,68.94,68.94,68.94,68.94,68.94,68.94,68.94,68.94,68.94,68.94,68.94,68.94,68.94,68.94,68.94
Vinh Tuy area,105.8658353,20.9995372,61.31,61.31,61.31,61.31,61.31,61.31,61.31,61.31,61.31,61.31,61.31,61.31,61.31,61.31,61.31,61.31,61.31
Vinh Tuy area,105.8662201,20.9995352,59.49,59.49,59.49,59.49,59.49,59.49,59.49,59.49,59.49,59.49,59.49,59.49,59.49,59.49,59.49,59.49,59.49
Vinh Tuy area,105.866605,20.9995333,60.69,60.69,60.69,60.69,60.69,60.69,60.69,60.69,60.69,60.69,60.69,60.69,60.69,60.69,60.69,60.69,60.69
Vinh Tuy area,105.8669898,20.9995313,68.07,68.07,68.07,68.07,68.07,68.07,68.07,68.07,68.07,68.07,68.07,68.07,68.07,68.07,68.07,68.07,68.07
Vinh Tuy area,105.8673746,20.9995293,62.01,62.01,62.01,62.01,62.01,62.01,62.01,62.01,62.01,62.01,62.01,62.01,62.01,62.01,62.01,62.01,62.01
Vinh Tuy area,105.8677595,20.9995274,59.87,59.87,59.87,59.87,59.87,59.87,59.87,59.87,59.87,59.87,59.87,59.87,59.87,59.87,59.87,59.87,59.87
Vinh Tuy area,105.8681443,20.9995254,59.2,59.2,59.2,59.2,59.2,59.2,59.2,59.2,59.2,59.2,59.2,59.2,59.2,59.2,59.2,59.2,59.2
Vinh Tuy area,105.8685291,20.9995235,59.46,59.46,59.46,59.46,59.46,59.46,59.46,59.46,59.46,59.46,59.46,59.46,59.46,59.46,59.46,59.46,59.46
Vinh Tuy area,105.868914,20.9995215,60.65,60.65,60.65,60.65,60.65,60.65,60.65,60.65,60.65,60.65,60.65,60.65,60.65,60.65,60.65,60.65,60.65
Vinh Tuy area,105.8692988,20.9995195,62.62,62.62,62.62,62.62,62.62,62.62,62.62,62.62,62.62,62.62,62.62,62.62,62.62,62.62,62.62,62.62,62.62
Vinh Tuy area,105.8696836,20.9995176,69.44,69.44,69.44,69.44,69.44,69.44,69.44,69.44,69.44,69.44,69.44,69.44,69.44,69.44,69.44,69.44,69.44
Vinh Tuy area,105.8700685,20.9995156,65.0,65.0,65.0,65.0,65.0,65.0,65.0,65.0,65.0,65.0,65.0,65.0,65.0,65.0,65.0,65.0,65.0
Vinh Tuy area,105.8704533,20.9995136,70.94,70.94,70.94,70.94,70.94,70.94,70.94,70.94,70.94,70.94,70.94,70.94,70.94,70.94,70.94,70.94,70.94
Vinh Tuy area,105.8708381,20.9995117,70.44,70.44,70.44,70.44,70.44,70.44,70.44,70.44,70.44,70.44,70.44,70.44,70.44,70.44,70.44,70.44,70.44
Vinh Tuy area,105.871223,20.9995097,70.15,70.15,70.15,70.15,70.15,70.15,70.15,70.15,70.15,70.15,70.15,70.15,70.15,70.15,70.15,70.15,70.15
Vinh Tuy area,105.8716078,20.9995077,63.9,63.9,63.9,63.9,63.9,63.9,63.9,63.9,63.9,63.9,63.9,63.9,63.9,63.9,63.9,63.9,63.9
Vinh Tuy area,105.8719926,20.9995058,62.02,62.02,62.02,62.02,62.02,62.02,62.02,62.02,62.02,62.02,62.02,62.02,62.02,62.02,62.02,62.02,62.02
Vinh Tuy area,105.8723775,20.9995038,62.44,62.44,62.44,62.44,62.44,62.44,62.44,62.44,62.44,62.44,62.44,62.44,62.44,62.44,62.44,62.44,62.44
Vinh Tuy area,105.8727623,20.9995018,69.07,69.07,69.07,69.07,69.07,69.07,69.07,69.07,69.07,69.07,69.07,69.07,69.07,69.07,69.07,69.07,69.07
Vinh Tuy area,105.8731471,20.9994998,61.88,61.88,61.88,61.88,61.88,61.88,61.88,61.88,61.88,61.88,61.88,61.88,61.88,61.88,61.88,61.88,61.88
Vinh Tuy area,105.873532,20.9994979,59.41,59.41,59.41,59.41,59.41,59.41,59.41,59.41,59.41,59.41,59.41,59.41,59.41,59.41,59.41,59.41,59.41
Vinh Tuy area,105.8739168,20.9994959,58.0,58.0,58.0,58.0,58.0,58.0,58.0,58.0,58.0,58.0,58.0,58.0,58.0,58.0,58.0,58.0,58.0
Vinh Tuy area,105.861989,20.9999181,69.03,69.03,69.03,69.03,69.03,69.03,69.03,69.03,69.03,69.03,69.03,69.03,69.03,69.03,69.03,69.03,69.03
Vinh Tuy area,105.8623739,20.9999161,63.21,63.21,63.21,63.21,63.21,63.21,63.21,63.21,63.21,63.21,63.21,63.21,63.21,63.21,63.21,63.21,63.21
Vinh Tuy area,105.8627587,20.9999142,62.71,62.71,62.71,62.71,62.71,62.71,62.71,62.71,62.71,62.71,62.71,62.71,62.71,62.71,62.71,62.71,62.71
Vinh Tuy area,105.8631435,20.9999122,68.9,68.9,68.9,68.9,68.9,68.9,68.9,68.9,68.9,68.9,68.9,68.9,68.9,68.9,68.9,68.9,68.9
Vinh Tuy area,105.8635284,20.9999103,62.58,62.58,62.58,62.58,62.58,62.58,62.58,62.58,62.58,62.58,62.58,62.58,62.58,62.58,62.58,62.58,62.58
Vinh Tuy area,105.8639132,20.9999083,59.43,59.43,59.43,59.43,59.43,59.43,59.43,59.43,59.43,59.43,59.43,59.43,59.43,59.43,59.43,59.43,59.43
Vinh Tuy area,105.864298,20.9999064,57.79,57.79,57.79,57.79,57.79,57.79,57.79,57.79,57.79,57.79,57.79,57.79,57.79,57.79,57.79,57.79,57.79
Vinh Tuy area,105.8646829,20.9999044,58.8,58.8,58.8,58.8,58.8,58.8,58.8,58.8,58.8,58.8,58.8,58.8,58.8,58.8,58.8,58.8,58.8
Vinh Tuy area,105.8650677,20.9999025,62.09,62.09,62.09,62.09,62.09,62.09,62.09,62.09,62.09,62.09,62.09,62.09,62.09,62.09,62.09,62.09,62.09
Vinh Tuy area,105.8654525,20.9999005,68.92,68.92,68.92,68.92,68.92,68.92,68.92,68.92,68.92,68.92,68.92,68.92,68.92,68.92,68.92,68.92,68.92
Vinh Tuy area,105.8658374,20.9998986,65.77,65.77,65.77,65.77,65.77,65.77,65.77,65.77,65.77,65.77,65.77,65.77,65.77,65.77,65.77,65.77,65.77
Vinh Tuy area,105.8662222,20.9998966,62.46,62.46,62.46,62.46,62.46,62.46,62.46,62.46,62.46,62.46,62.46,62.46,62.46,62.46,62.46,62.46,62.46
Vinh Tuy area,105.8666071,20.9998946,62.03,62.03,62.03,62.03,62.03,62.03,62.03,62.03,62.03,62.03,62.03,62.03,62.03,62.03,62.03,62.03,62.03
Vinh Tuy area,105.8669919,20.9998927,66.63,66.63,66.63,66.63,66.63,66.63,66.63,66.63,66.63,66.63,66.63,66.63,66.63,66.63,66.63,66.63,66.63
Vinh Tuy area,105.8673767,20.9998907,60.5,60.5,60.5,60.5,60.5,60.5,60.5,60.5,60.5,60.5,60.5,60.5,60.5,60.5,60.5,60.5,60.5
Vinh Tuy area,105.8677616,20.9998888,58.88,58.88,58.88,58.88,58.88,58.88,58.88,58.88,58.88,58.88,58.88,58.88,58.88,58.88,58.88,58.88,58.88
Vinh Tuy area,105.8681464,20.9998868,58.21,58.21,58.21,58.21,58.21,58.21,58.21,58.21,58.21,58.21,58.21,58.21,58.21,58.21,58.21,58.21,58.21
Vinh Tuy area,105.8685312,20.9998848,58.83,58.83,58.83,58.83,58.83,58.83,58.83,58.83,58.83,58.83,58.83,58.83,58.83,58.83,58.83,58.83,58.83
Vinh Tuy area,105.8689161,20.9998829,60.16,60.16,60.16,60.16,60.16,60.16,60.16,60.16,60.16,60.16,60.16,60.16,60.16,60.16,60.16,60.16,60.16
Vinh Tuy area,105.8693009,20.9998809,62.99,62.99,62.99,62.99,62.99,62.99,62.99,62.99,62.99,62.99,62.99,62.99,62.99,62.99,62.99,62.99,62.99
Vinh Tuy area,105.8696857,20.9998789,65.79,65.79,65.79,65.79,65.79,65.79,65.79,65.79,65.79,65.79,65.79,65.79,65.79,65.79,65.79,65.79,65.79
Vinh Tuy area,105.8700706,20.999877,62.74,62.74,62.74,62.74,62.74,62.74,62.74,62.74,62.74,62.74,62.74,62.74,62.74,62.74,62.74,62.74,62.74
Vinh Tuy area,105.8704554,20.999875,69.43,69.43,69.43,69.43,69.43,69.43,69.43,69.43,69.43,69.43,69.43,69.43,69.43,69.43,69.43,69.43,69.43
Vinh Tuy area,105.8708402,20.999873,69.65,69.65,69.65,69.65,69.65,69.65,69.65,69.65,69.65,69.65,69.65,69.65,69.65,69.65,69.65,69.65,69.65
Vinh Tuy area,105.8712251,20.9998711,70.86,70.86,70.86,70.86,70.86,70.86,70.86,70.86,70.86,70.86,70.86,70.86,70.86,70.86,70.86,70.86,70.86
Vinh Tuy area,105.8716099,20.9998691,70.16,70.16,70.16,70.16,70.16,70.16,70.16,70.16,70.16,70.16,70.16,70.16,70.16,70.16,70.16,70.16,70.16
Vinh Tuy area,105.8719947,20.9998671,65.9,65.9,65.9,65.9,65.9,65.9,65.9,65.9,65.9,65.9,65.9,65.9,65.9,65.9,65.9,65.9,65.9
Vinh Tuy area,105.8723796,20.9998652,69.05,69.05,69.05,69.05,69.05,69.05,69.05,69.05,69.05,69.05,69.05,69.05,69.05,69.05,69.05,69.05,69.05
Vinh Tuy area,105.8727644,20.9998632,63.82,63.82,63.82,63.82,63.82,63.82,63.82,63.82,63.82,63.82,63.82,63.82,63.82,63.82,63.82,63.82,63.82
Vinh Tuy area,105.8731492,20.9998612,60.68,60.68,60.68,60.68,60.68,60.68,60.68,60.68,60.68,60.68,60.68,60.68,60.68,60.68,60.68,60.68,60.68
Vinh Tuy area,105.8735341,20.9998592,59.05,59.05,59.05,59.05,59.05,59.05,59.05,59.05,59.05,59.05,59.05,59.05,59.05,59.05,59.05,59.05,59.05
Vinh Tuy area,105.8739189,20.9998573,58.75,58.75,58.75,58.75,58.75,58.75,58.75,58.75,58.75,58.75,58.75,58.75,58.75,58.75,58.75,58.75,58.75
Vinh Tuy area,105.8619911,21.0002795,69.95,69.95,69.95,69.95,69.95,69.95,69.95,69.95,69.95,69.95,69.95,69.95,69.95,69.95,69.95,69.95,69.95
Vinh Tuy area,105.8623759,21.0002775,62.3,62.3,62.3,62.3,62.3,62.3,62.3,62.3,62.3,62.3,62.3,62.3,62.3,62.3,62.3,62.3,62.3
Vinh Tuy area,105.8627608,21.0002756,60.91,60.91,60.91,60.91,60.91,60.91,60.91,60.91,60.91,60.91,60.91,60.91,60.91,60.91,60.91,60.91,60.91
Vinh Tuy area,105.8631456,21.0002736,62.36,62.36,62.36,62.36,62.36,62.36,62.36,62.36,62.36,62.36,62.36,62.36,62.36,62.36,62.36,62.36,62.36
Vinh Tuy area,105.8635305,21.0002717,67.87,67.87,67.87,67.87,67.87,67.87,67.87,67.87,67.87,67.87,67.87,67.87,67.87,67.87,67.87,67.87,67.87
Vinh Tuy area,105.8639153,21.0002697,60.55,60.55,60.55,60.55,60.55,60.55,60.55,60.55,60.55,60.55,60.55,60.55,60.55,60.55,60.55,60.55,60.55
Vinh Tuy area,105.8643001,21.0002678,58.34,58.34,58.34,58.34,58.34,58.34,58.34,58.34,58.34,58.34,58.34,58.34,58.34,58.34,58.34,58.34,58.34
Vinh Tuy area,105.864685,21.0002658,59.24,59.24,59.24,59.24,59.24,59.24,59.24,59.24,59.24,59.24,59.24,59.24,59.24,59.24,59.24,59.24,59.24
Vinh Tuy area,105.8650698,21.0002639,63.59,63.59,63.59,63.59,63.59,63.59,63.59,63.59,63.59,63.59,63.59,63.59,63.59,63.59,63.59,63.59,63.59
Vinh Tuy area,105.8654546,21.0002619,62.93,62.93,62.93,62.93,62.93,62.93,62.93,62.93,62.93,62.93,62.93,62.93,62.93,62.93,62.93,62.93,62.93
Vinh Tuy area,105.8658395,21.0002599,63.69,63.69,63.69,63.69,63.69,63.69,63.69,63.69,63.69,63.69,63.69,63.69,63.69,63.69,63.69,63.69,63.69
Vinh Tuy area,105.8662243,21.000258,65.03,65.03,65.03,65.03,65.03,65.03,65.03,65.03,65.03,65.03,65.03,65.03,65.03,65.03,65.03,65.03,65.03
Vinh Tuy area,105.8666091,21.000256,65.01,65.01,65.01,65.01,65.01,65.01,65.01,65.01,65.01,65.01,65.01,65.01,65.01,65.01,65.01,65.01,65.01
Vinh Tuy area,105.866994,21.0002541,62.51,62.51,62.51,62.51,62.51,62.51,62.51,62.51,62.51,62.51,62.51,62.51,62.51,62.51,62.51,62.51,62.51
Vinh Tuy area,105.8673788,21.0002521,59.32,59.32,59.32,59.32,59.32,59.32,59.32,59.32,59.32,59.32,59.32,59.32,59.32,59.32,59.32,59.32,59.32
Vinh Tuy area,105.8677636,21.0002501,58.15,58.15,58.15,58.15,58.15,58.15,58.15,58.15,58.15,58.15,58.15,58.15,58.15,58.15,58.15,58.15,58.15
Vinh Tuy area,105.8681485,21.0002482,58.26,58.26,58.26,58.26,58.26,58.26,58.26,58.26,58.26,58.26,58.26,58.26,58.26,58.26,58.26,58.26,58.26
Vinh Tuy area,105.8685333,21.0002462,58.72,58.72,58.72,58.72,58.72,58.72,58.72,58.72,58.72,58.72,58.72,58.72,58.72,58.72,58.72,58.72,58.72
Vinh Tuy area,105.8689181,21.0002443,60.5,60.5,60.5,60.5,60.5,60.5,60.5,60.5,60.5,60.5,60.5,60.5,60.5,60.5,60.5,60.5,60.5
Vinh Tuy area,105.869303,21.0002423,65.76,65.76,65.76,65.76,65.76,65.76,65.76,65.76,65.76,65.76,65.76,65.76,65.76,65.76,65.76,65.76,65.76
Vinh Tuy area,105.8696878,21.0002403,69.05,69.05,69.05,69.05,69.05,69.05,69.05,69.05,69.05,69.05,69.05,69.05,69.05,69.05,69.05,69.05,69.05
Vinh Tuy area,105.8700727,21.0002384,66.77,66.77,66.77,66.77,66.77,66.77,66.77,66.77,66.77,66.77,66.77,66.77,66.77,66.77,66.77,66.77,66.77
Vinh Tuy area,105.8704575,21.0002364,65.65,65.65,65.65,65.65,65.65,65.65,65.65,65.65,65.65,65.65,65.65,65.65,65.65,65.65,65.65,65.65,65.65
Vinh Tuy area,105.8708423,21.0002344,70.18,70.18,70.18,70.18,70.18,70.18,70.18,70.18,70.18,70.18,70.18,70.18,70.18,70.18,70.18,70.18,70.18
Vinh Tuy area,105.8712272,21.0002325,69.64,69.64,69.64,69.64,69.64,69.64,69.64,69.64,69.64,69.64,69.64,69.64,69.64,69.64,69.64,69.64,69.64
Vinh Tuy area,105.871612,21.0002305,70.11,70.11,70.11,70.11,70.11,70.11,70.11,70.11,70.11,70.11,70.11,70.11,70.11,70.11,70.11,70.11,70.11
Vinh Tuy area,105.8719968,21.0002285,71.1,71.1,71.1,71.1,71.1,71.1,71.1,71.1,71.1,71.1,71.1,71.1,71.1,71.1,71.1,71.1,71.1
Vinh Tuy area,105.8723817,21.0002265,66.32,66.32,66.32,66.32,66.32,66.32,66.32,66.32,66.32,66.32,66.32,66.32,66.32,66.32,66.32,66.32,66.32
Vinh Tuy area,105.8727665,21.0002246,62.62,62.62,62.62,62.62,62.62,62.62,62.62,62.62,62.62,62.62,62.62,62.62,62.62,62.62,62.62,62.62,62.62
Vinh Tuy area,105.8731513,21.0002226,60.61,60.61,60.61,60.61,60.61,60.61,60.61,60.61,60.61,60.61,60.61,60.61,60.61,60.61,60.61,60.61,60.61
Vinh Tuy area,105.8735362,21.0002206,59.12,59.12,59.12,59.12,59.12,59.12,59.12,59.12,59.12,59.12,59.12,59.12,59.12,59.12,59.12,59.12,59.12
Vinh Tuy area,105.873921,21.0002187,59.38,59.38,59.38,59.38,59.38,59.38,59.38,59.38,59.38,59.38,59.38,59.38,59.38,59.38,59.38,59.38,59.38
Vinh Tuy area,105.8619932,21.0006409,70.02,70.02,70.02,70.02,70.02,70.02,70.02,70.02,70.02,70.02,70.02,70.02,70.02,70.02,70.02,70.02,70.02
Vinh Tuy area,105.862378,21.0006389,61.69,61.69,61.69,61.69,61.69,61.69,61.69,61.69,61.69,61.69,61.69,61.69,61.69,61.69,61.69,61.69,61.69
Vinh Tuy area,105.8627629,21.000637,60.17,60.17,60.17,60.17,60.17,60.17,60.17,60.17,60.17,60.17,60.17,60.17,60.17,60.17,60.17,60.17,60.17
Vinh Tuy area,105.8631477,21.000635,60.81,60.81,60.81,60.81,60.81,60.81,60.81,60.81,60.81,60.81,60.81,60.81,60.81,60.81,60.81,60.81,60.81
Vinh Tuy area,105.8635325,21.0006331,66.06,66.06,66.06,66.06,66.06,66.06,66.06,66.06,66.06,66.06,66.06,66.06,66.06,66.06,66.06,66.06,66.06
Vinh Tuy area,105.8639174,21.0006311,62.1,62.1,62.1,62.1,62.1,62.1,62.1,62.1,62.1,62.1,62.1,62.1,62.1,62.1,62.1,62.1,62.1
Vinh Tuy area,105.8643022,21.0006292,58.88,58.88,58.88,58.88,58.88,58.88,58.88,58.88,58.88,58.88,58.88,58.88,58.88,58.88,58.88,58.88,58.88
Vinh Tuy area,105.864687,21.0006272,59.84,59.84,59.84,59.84,59.84,59.84,59.84,59.84,59.84,59.84,59.84,59.84,59.84,59.84,59.84,59.84,59.84
Vinh Tuy area,105.8650719,21.0006252,66.2,66.2,66.2,66.2,66.2,66.2,66.2,66.2,66.2,66.2,66.2,66.2,66.2,66.2,66.2,66.2,66.2
Vinh Tuy area,105.8654567,21.0006233,61.67,61.67,61.67,61.67,61.67,61.67,61.67,61.67,61.67,61.67,61.67,61.67,61.67,61.67,61.67,61.67,61.67
Vinh Tuy area,105.8658416,21.0006213,63.81,63.81,63.81,63.81,63.81,63.81,63.81,63.81,63.81,63.81,63.81,63.81,63.81,63.81,63.81,63.81,63.81
Vinh Tuy area,105.8662264,21.0006194,68.28,68.28,68.28,68.28,68.28,68.28,68.28,68.28,68.28,68.28,68.28,68.28,68.28,68.28,68.28,68.28,68.28
Vinh Tuy area,105.8666112,21.0006174,63.59,63.59,63.59,63.59,63.59,63.59,63.59,63.59,63.59,63.59,63.59,63.59,63.59,63.59,63.59,63.59,63.59
Vinh Tuy area,105.8669961,21.0006155,63.3,63.3,63.3,63.3,63.3,63.3,63.3,63.3,63.3,63.3,63.3,63.3,63.3,63.3,63.3,63.3,63.3
Vinh Tuy area,105.8673809,21.0006135,59.51,59.51,59.51,59.51,59.51,59.51,59.51,59.51,59.51,59.51,59.51,59.51,59.51,59.51,59.51,59.51,59.51
Vinh Tuy area,105.8677657,21.0006115,59.57,59.57,59.57,59.57,59.57,59.57,59.57,59.57,59.57,59.57,59.57,59.57,59.57,59.57,59.57,59.57,59.57
Vinh Tuy area,105.8681506,21.0006096,59.59,59.59,59.59,59.59,59.59,59.59,59.59,59.59,59.59,59.59,59.59,59.59,59.59,59.59,59.59,59.59,59.59
Vinh Tuy area,105.8685354,21.0006076,60.07,60.07,60.07,60.07,60.07,60.07,60.07,60.07,60.07,60.07,60.07,60.07,60.07,60.07,60.07,60.07,60.07
Vinh Tuy area,105.8689202,21.0006056,61.62,61.62,61.62,61.62,61.62,61.62,61.62,61.62,61.62,61.62,61.62,61.62,61.62,61.62,61.62,61.62,61.62
Vinh Tuy area,105.8693051,21.0006037,69.0,69.0,69.0,69.0,69.0,69.0,69.0,69.0,69.0,69.0,69.0,69.0,69.0,69.0,69.0,69.0,69.0
Vinh Tuy area,105.8696899,21.0006017,61.45,61.45,61.45,61.45,61.45,61.45,61.45,61.45,61.45,61.45,61.45,61.45,61.45,61.45,61.45,61.45,61.45
Vinh Tuy area,105.8700747,21.0005997,67.48,67.48,67.48,67.48,67.48,67.48,67.48,67.48,67.48,67.48,67.48,67.48,67.48,67.48,67.48,67.48,67.48
Vinh Tuy area,105.8704596,21.0005978,65.08,65.08,65.08,65.08,65.08,65.08,65.08,65.08,65.08,65.08,65.08,65.08,65.08,65.08,65.08,65.08,65.08
Vinh Tuy area,105.8708444,21.0005958,66.42,66.42,66.42,66.42,66.42,66.42,66.42,66.42,66.42,66.42,66.42,66.42,66.42,66.42,66.42,66.42,66.42
Vinh Tuy area,105.8712293,21.0005938,64.53,64.53,64.53,64.53,64.53,64.53,64.53,64.53,64.53,64.53,64.53,64.53,64.53,64.53,64.53,64.53,64.53
Vinh Tuy area,105.8716141,21.0005919,68.13,68.13,68.13,68.13,68.13,68.13,68.13,68.13,68.13,68.13,68.13,68.13,68.13,68.13,68.13,68.13,68.13
Vinh Tuy area,105.8719989,21.0005899,68.66,68.66,68.66,68.66,68.66,68.66,68.66,68.66,68.66,68.66,68.66,68.66,68.66,68.66,68.66,68.66,68.66
Vinh Tuy area,105.8723838,21.0005879,70.09,70.09,70.09,70.09,70.09,70.09,70.09,70.09,70.09,70.09,70.09,70.09,70.09,70.09,70.09,70.09,70.09
Vinh Tuy area,105.8727686,21.000586,65.41,65.41,65.41,65.41,65.41,65.41,65.41,65.41,65.41,65.41,65.41,65.41,65.41,65.41,65.41,65.41,65.41
Vinh Tuy area,105.8731534,21.000584,61.55,61.55,61.55,61.55,61.55,61.55,61.55,61.55,61.55,61.55,61.55,61.55,61.55,61.55,61.55,61.55,61.55
Vinh Tuy area,105.8735383,21.000582,59.9,59.9,59.9,59.9,59.9,59.9,59.9,59.9,59.9,59.9,59.9,59.9,59.9,59.9,59.9,59.9,59.9
Vinh Tuy area,105.8739231,21.00058,59.56,59.56,59.56,59.56,59.56,59.56,59.56,59.56,59.56,59.56,59.56,59.56,59.56,59.56,59.56,59.56,59.56
Vinh Tuy area,105.8619953,21.0010022,68.82,68.82,68.82,68.82,68.82,68.82,68.82,68.82,68.82,68.82,68.82,68.82,68.82,68.82,68.82,68.82,68.82
Vinh Tuy area,105.8623801,21.0010003,61.52,61.52,61.52,61.52,61.52,61.52,61.52,61.52,61.52,61.52,61.52,61.52,61.52,61.52,61.52,61.52,61.52
Vinh Tuy area,105.8627649,21.0009983,59.74,59.74,59.74,59.74,59.74,59.74,59.74,59.74,59.74,59.74,59.74,59.74,59.74,59.74,59.74,59.74,59.74
Vinh Tuy area,105.8631498,21.0009964,60.17,60.17,60.17,60.17,60.17,60.17,60.17,60.17,60.17,60.17,60.17,60.17,60.17,60.17,60.17,60.17,60.17
Vinh Tuy area,105.8635346,21.0009944,63.92,63.92,63.92,63.92,63.92,63.92,63.92,63.92,63.92,63.92,63.92,63.92,63.92,63.92,63.92,63.92,63.92
Vinh Tuy area,105.8639194,21.0009925,62.83,62.83,62.83,62.83,62.83,62.83,62.83,62.83,62.83,62.83,62.83,62.83,62.83,62.83,62.83,62.83,62.83
Vinh Tuy area,105.8643043,21.0009905,59.16,59.16,59.16,59.16,59.16,59.16,59.16,59.16,59.16,59.16,59.16,59.16,59.16,59.16,59.16,59.16,59.16
Vinh Tuy area,105.8646891,21.0009886,60.64,60.64,60.64,60.64,60.64,60.64,60.64,60.64,60.64,60.64,60.64,60.64,60.64,60.64,60.64,60.64,60.64
Vinh Tuy area,105.865074,21.0009866,68.93,68.93,68.93,68.93,68.93,68.93,68.93,68.93,68.93,68.93,68.93,68.93,68.93,68.93,68.93,68.93,68.93
Vinh Tuy area,105.8654588,21.0009847,60.85,60.85,60.85,60.85,60.85,60.85,60.85,60.85,60.85,60.85,60.85,60.85,60.85,60.85,60.85,60.85,60.85
Vinh Tuy area,105.8658436,21.0009827,63.06,63.06,63.06,63.06,63.06,63.06,63.06,63.06,63.06,63.06,63.06,63.06,63.06,63.06,63.06,63.06,63.06
Vinh Tuy area,105.8662285,21.0009808,65.22,65.22,65.22,65.22,65.22,65.22,65.22,65.22,65.22,65.22,65.22,65.22,65.22,65.22,65.22,65.22,65.22
Vinh Tuy area,105.8666133,21.0009788,68.31,68.31,68.31,68.31,68.31,68.31,68.31,68.31,68.31,68.31,68.31,68.31,68.31,68.31,68.31,68.31,68.31
Vinh Tuy area,105.8669981,21.0009768,64.34,64.34,64.34,64.34,64.34,64.34,64.34,64.34,64.34,64.34,64.34,64.34,64.34,64.34,64.34,64.34,64.34
Vinh Tuy area,105.867383,21.0009749,64.5,64.5,64.5,64.5,64.5,64.5,64.5,64.5,64.5,64.5,64.5,64.5,64.5,64.5,64.5,64.5,64.5
Vinh Tuy area,105.8677678,21.0009729,64.47,64.47,64.47,64.47,64.47,64.47,64.47,64.47,64.47,64.47,64.47,64.47,64.47,64.47,64.47,64.47,64.47
Vinh Tuy area,105.8681527,21.000971,64.26,64.26,64.26,64.26,64.26,64.26,64.26,64.26,64.26,64.26,64.26,64.26,64.26,64.26,64.26,64.26,64.26
Vinh Tuy area,105.8685375,21.000969,65.04,65.04,65.04,65.04,65.04,65.04,65.04,65.04,65.04,65.04,65.04,65.04,65.04,65.04,65.04,65.04,65.04
Vinh Tuy area,105.8689223,21.000967,65.83,65.83,65.83,65.83,65.83,65.83,65.83,65.83,65.83,65.83,65.83,65.83,65.83,65.83,65.83,65.83,65.83
Vinh Tuy area,105.8693072,21.0009651,63.56,63.56,63.56,63.56,63.56,63.56,63.56,63.56,63.56,63.56,63.56,63.56,63.56,63.56,63.56,63.56,63.56
Vinh Tuy area,105.869692,21.0009631,62.57,62.57,62.57,62.57,62.57,62.57,62.57,62.57,62.57,62.57,62.57,62.57,62.57,62.57,62.57,62.57,62.57
Vinh Tuy area,105.8700768,21.0009611,68.38,68.38,68.38,68.38,68.38,68.38,68.38,68.38,68.38,68.38,68.38,68.38,68.38,68.38,68.38,68.38,68.38
Vinh Tuy area,105.8704617,21.0009592,67.23,67.23,67.23,67.23,67.23,67.23,67.23,67.23,67.23,67.23,67.23,67.23,67.23,67.23,67.23,67.23,67.23
Vinh Tuy area,105.8708465,21.0009572,63.65,63.65,63.65,63.65,63.65,63.65,63.65,63.65,63.65,63.65,63.65,63.65,63.65,63.65,63.65,63.65,63.65
Vinh Tuy area,105.8712314,21.0009552,62.31,62.31,62.31,62.31,62.31,62.31,62.31,62.31,62.31,62.31,62.31,62.31,62.31,62.31,62.31,62.31,62.31
Vinh Tuy area,105.8716162,21.0009533,65.21,65.21,65.21,65.21,65.21,65.21,65.21,65.21,65.21,65.21,65.21,65.21,65.21,65.21,65.21,65.21,65.21
Vinh Tuy area,105.872001,21.0009513,68.36,68.36,68.36,68.36,68.36,68.36,68.36,68.36,68.36,68.36,68.36,68.36,68.36,68.36,68.36,68.36,68.36
Vinh Tuy area,105.8723859,21.0009493,68.49,68.49,68.49,68.49,68.49,68.49,68.49,68.49,68.49,68.49,68.49,68.49,68.49,68.49,68.49,68.49,68.49
Vinh Tuy area,105.8727707,21.0009473,70.11,70.11,70.11,70.11,70.11,70.11,70.11,70.11,70.11,70.11,70.11,70.11,70.11,70.11,70.11,70.11,70.11
Vinh Tuy area,105.8731555,21.0009454,65.21,65.21,65.21,65.21,65.21,65.21,65.21,65.21,65.21,65.21,65.21,65.21,65.21,65.21,65.21,65.21,65.21
Vinh Tuy area,105.8735404,21.0009434,61.75,61.75,61.75,61.75,61.75,61.75,61.75,61.75,61.75,61.75,61.75,61.75,61.75,61.75,61.75,61.75,61.75
Vinh Tuy area,105.8739252,21.0009414,61.14,61.14,61.14,61.14,61.14,61.14,61.14,61.14,61.14,61.14,61.14,61.14,61.14,61.14,61.14,61.14,61.14
