{"type":"FeatureCollection","features":[{"type":"Feature","properties":{"name":"Ph\u01b0\u1eddng Ph\u00fac L\u1ee3i","kind":"phuong","osm_id":19301116},"geometry":{"type":"Polygon","coordinates":[[[105.8946236,21.045788],[105.9006656,21.0492381],[105.9178559,21.0578776],[105.9185719,21.0575589],[105.9188353,21.0565936],[105.9197812,21.055496],[105.9216809,21.0551857],[105.9231631,21.0530139],[105.9322801,21.0581716],[105.9330641,21.056503],[105.9352365,21.0483503],[105.937179,21.0431956],[105.9387681,21.0410105],[105.932995,21.0329432],[105.9290946,21.0247498],[105.9219513,21.027676],[105.9135334,21.0301491],[105.8996585,21.0369359],[105.8984546,21.0383676],[105.8970713,21.0419204],[105.8946236,21.045788]]]}},{"type":"Feature","properties":{"name":"Ph\u01b0\u1eddng Vi\u1ec7t H\u01b0ng","kind":"phuong","osm_id":19301117},"geometry":{"type":"Polygon","coordinates":[[[105.8781483,21.0711454],[105.8848871,21.0759447],[105.8907941,21.0785021],[105.8956617,21.0797776],[105.8993696,21.0798257],[105.9011892,21.0793852],[105.902726,21.0784186],[105.9157,21.076792],[105.9208897,21.0749899],[105.924045,21.072633],[105.9269924,21.0694404],[105.9322801,21.0581716],[105.9231631,21.0530139],[105.9216809,21.0551857],[105.9197812,21.055496],[105.9188353,21.0565936],[105.9185719,21.0575589],[105.9178559,21.0578776],[105.9006656,21.0492381],[105.8946236,21.045788],[105.8914652,21.0508251],[105.8886904,21.0545097],[105.883342,21.0596195],[105.8805482,21.0673037],[105.8781483,21.0711454]]]}},{"type":"Feature","properties":{"name":"Ph\u01b0\u1eddng B\u1ed3 \u0110\u1ec1","kind":"phuong","osm_id":19301118},"geometry":{"type":"Polygon","coordinates":[[[105.8410552,21.0808132],[105.846071,21.0799644],[105.859975,21.0688544],[105.861983,21.0677094],[105.864115,21.0669794],[105.866492,21.0668914],[105.86863,21.0672214],[105.8781483,21.0711454],[105.8805482,21.0673037],[105.883342,21.0596195],[105.8883841,21.0548502],[105.890548,21.0520683],[105.8811812,21.0328248],[105.8797502,21.0312014],[105.8690064,21.0219745],[105.8671036,21.0208155],[105.8653775,21.0275484],[105.8637884,21.0314079],[105.8627198,21.0406331],[105.8628097,21.0451962],[105.8624062,21.0490317],[105.8604329,21.0545803],[105.8571286,21.059984],[105.8534235,21.064826],[105.8498804,21.0690075],[105.845194,21.0735567],[105.8427745,21.0768864],[105.8410552,21.0808132]]]}},{"type":"Feature","properties":{"name":"Ph\u01b0\u1eddng Long Bi\u00ean","kind":"phuong","osm_id":19301119},"geometry":{"type":"Polygon","coordinates":[[[105.8671036,21.0208155],[105.8690064,21.0219745],[105.8797502,21.0312014],[105.8811812,21.0328248],[105.890548,21.0520683],[105.8967769,21.0424592],[105.8984546,21.0383676],[105.8993966,21.0371064],[105.9133947,21.0302066],[105.9219513,21.027676],[105.9290946,21.0247498],[105.9271807,21.0216265],[105.9209101,21.0163267],[105.9159308,21.0096493],[105.9016624,20.9933107],[105.8943127,20.9988433],[105.8874507,21.001401],[105.8814425,21.0041734],[105.8760695,21.0087887],[105.8721385,21.0127148],[105.8680358,21.0179708],[105.8671036,21.0208155]]]}},{"type":"Feature","properties":{"name":"X\u00e3 Thu\u1eadn An","kind":"xa","osm_id":19317429},"geometry":{"type":"Polygon","coordinates":[[[105.946951,21.0155612],[105.9481048,21.0169291],[105.9474672,21.0174096],[105.9502155,21.0206515],[105.951128,21.020549],[105.9515982,21.0211174],[105.9504451,21.0218616],[105.9523182,21.0270276],[105.9510777,21.0289637],[105.949006,21.0312988],[105.9498853,21.0319689],[105.9494153,21.032849],[105.949731,21.0329535],[105.9492634,21.0344719],[105.9487577,21.0344246],[105.9485383,21.0374868],[105.9523046,21.0384018],[105.963908,21.0455677],[105.9694488,21.0477736],[105.971616,21.0477936],[105.975414,21.0464719],[105.9823982,21.0418689],[105.9852231,21.0403697],[105.9895772,21.0393445],[105.9906867,21.0396613],[105.9917951,21.0403095],[105.9924116,21.041186],[105.9942798,21.0461605],[105.9949664,21.0520681],[105.9949235,21.0579355],[105.9956499,21.0618402],[105.9971551,21.0645034],[105.999464,21.0671626],[106.0025929,21.0687109],[106.0067481,21.0628828],[106.0086965,21.0642205],[106.0090461,21.0627714],[106.009572,21.0623169],[106.0086544,21.0609218],[106.0089708,21.0603712],[106.0086087,21.0592895],[106.0079133,21.0585786],[106.0082329,21.0582472],[106.0082246,21.0555325],[106.0098744,21.056015],[106.0101728,21.0577274],[106.0113455,21.0581982],[106.0110549,21.0569732],[106.0143741,21.0559555],[106.0136764,21.0537797],[106.0152474,21.0528359],[106.0139013,21.0509548],[106.0200298,21.047621],[106.0197307,21.0450574],[106.0200407,21.0413999],[106.0193285,21.0396068],[106.0182825,21.0399648],[106.0176255,21.0384012],[106.0180713,21.0382453],[106.018735,21.0391476],[106.0189589,21.0390681],[106.0163849,21.0343677],[106.0128601,21.030271],[106.0064648,21.0288541],[106.0094391,21.0243752],[106.0069665,21.0242585],[106.0045846,21.0220389],[106.0037751,21.0188409],[106.0039714,21.0187749],[106.0032778,21.0174818],[106.0061647,21.0150592],[106.0048935,21.0138224],[106.0054212,21.013456],[106.0044677,21.0116699],[106.0066249,21.0115833],[106.0096047,21.0124002],[106.0100845,21.0109586],[106.0089207,21.0105301],[106.0084532,21.0082679],[106.0048614,21.0085301],[106.0048278,21.0079687],[106.0013252,21.0074905],[106.0010455,21.0069701],[106.0011979,21.0056718],[105.9995379,21.0054657],[106.0008399,21.0011991],[106.0001533,21.0010162],[105.9999682,20.9999988],[105.9990737,20.9998644],[105.9941918,21.0006814],[105.9940317,21.0001939],[105.9913657,21.0010328],[105.9879511,20.997553],[105.9851755,20.9967649],[105.9827106,20.9968306],[105.9814641,20.997537],[105.978926,20.9982965],[105.9779664,20.9990171],[105.9766531,21.0008084],[105.9730053,21.0107942],[105.9699072,21.0161779],[105.967546,21.0183658],[105.9662606,21.0201916],[105.965538,21.019669],[105.9651423,21.0206798],[105.9648142,21.0204649],[105.9638916,21.0217447],[105.9576513,21.0194892],[105.9565657,21.0179495],[105.9567695,21.0178266],[105.9519561,21.0120525],[105.946951,21.0155612]]]}},{"type":"Feature","properties":{"name":"X\u00e3 Gia L\u00e2m","kind":"xa","osm_id":19317430},"geometry":{"type":"Polygon","coordinates":[[[105.9179062,21.0123306],[105.9214272,21.0168855],[105.9260616,21.020582],[105.9277032,21.0222638],[105.932995,21.0329432],[105.9387681,21.0410105],[105.9420214,21.039275],[105.9485383,21.0374868],[105.9487577,21.0344246],[105.9492634,21.0344719],[105.949731,21.0329535],[105.9494153,21.032849],[105.9498853,21.0319689],[105.949006,21.0312988],[105.9510777,21.0289637],[105.9523182,21.0270276],[105.9504451,21.0218616],[105.9515982,21.0211174],[105.951128,21.020549],[105.9502155,21.0206515],[105.9474672,21.0174096],[105.9481048,21.0169291],[105.946951,21.0155612],[105.9519561,21.0120525],[105.9567695,21.0178266],[105.9565657,21.0179495],[105.9576513,21.0194892],[105.9638916,21.0217447],[105.9648142,21.0204649],[105.9651423,21.0206798],[105.965538,21.019669],[105.9662606,21.0201916],[105.967546,21.0183658],[105.9699072,21.0161779],[105.9730053,21.0107942],[105.9766531,21.0008084],[105.9779664,20.9990171],[105.9771547,20.9989042],[105.9762456,20.9978808],[105.9757824,20.9981405],[105.9735226,20.9963112],[105.9728137,20.9963885],[105.9719273,20.9971985],[105.9717126,20.9970535],[105.9718446,20.9965826],[105.9714879,20.9964014],[105.9717208,20.9959883],[105.9714026,20.995732],[105.971498,20.9944829],[105.9722918,20.9933662],[105.9722503,20.9897198],[105.9688289,20.9886927],[105.9665888,20.9910518],[105.9656714,20.9903662],[105.9650611,20.9910194],[105.9616479,20.9892505],[105.9613374,20.9882622],[105.9635042,20.9860297],[105.9632827,20.9859066],[105.9639868,20.9845544],[105.9651571,20.9850201],[105.9651399,20.9841795],[105.9632321,20.9829469],[105.9627483,20.9822688],[105.9623046,20.9823275],[105.9617834,20.9813746],[105.9623534,20.981185],[105.9630105,20.9801808],[105.9613732,20.9758723],[105.9631433,20.9747275],[105.9624185,20.9734661],[105.964706,20.9724594],[105.9652195,20.9679694],[105.964483,20.9679742],[105.9644236,20.9658523],[105.9646637,20.9658465],[105.9640796,20.9634125],[105.9616444,20.9638961],[105.9611163,20.963177],[105.9591592,20.96416],[105.9593455,20.9646195],[105.9587122,20.9648282],[105.9585797,20.9660095],[105.9568115,20.9661119],[105.9567813,20.9678904],[105.9561191,20.9682138],[105.9557309,20.9671836],[105.9553852,20.967261],[105.9554182,20.967698],[105.953857,20.9680109],[105.9535148,20.9676925],[105.9524074,20.9678272],[105.9518549,20.9665833],[105.9504016,20.9667147],[105.9503998,20.9669662],[105.9495884,20.9666367],[105.9495868,20.9670082],[105.948428,20.9670239],[105.9488741,20.9674559],[105.9483724,20.9677642],[105.9484879,20.9683604],[105.9478944,20.9682241],[105.9476533,20.9692991],[105.9397863,20.9679486],[105.9395652,20.9690167],[105.938921,20.9691512],[105.9384749,20.9701572],[105.9362033,20.9697641],[105.9397544,20.9740501],[105.9417958,20.9758709],[105.9440808,20.9771625],[105.943851,20.977683],[105.944085,20.9778077],[105.9433126,20.9789129],[105.9432585,20.9794751],[105.9438048,20.9808606],[105.9444746,20.9808481],[105.9448809,20.9819948],[105.9389834,20.9894455],[105.9179062,21.0123306]]]}},{"type":"Feature","properties":{"name":"X\u00e3 B\u00e1t Tr\u00e0ng","kind":"xa","osm_id":19317431},"geometry":{"type":"Polygon","coordinates":[[[105.8814665,20.9331361],[105.8820244,20.9388416],[105.890152,20.9516888],[105.8975067,20.9601173],[105.9028778,20.9677639],[105.9078727,20.9778785],[105.9087898,20.9820266],[105.9086238,20.9846903],[105.9067548,20.9878294],[105.9016624,20.9933107],[105.9145463,21.0079997],[105.9179062,21.0123306],[105.9389834,20.9894455],[105.9425125,20.9852167],[105.9448809,20.9819948],[105.9444746,20.9808481],[105.9438048,20.9808606],[105.9432585,20.9794751],[105.9433126,20.9789129],[105.944085,20.9778077],[105.943851,20.977683],[105.9440808,20.9771625],[105.9417958,20.9758709],[105.9397544,20.9740501],[105.9362033,20.9697641],[105.9322605,20.9735945],[105.9302081,20.9725758],[105.9298386,20.9726673],[105.9244298,20.9745438],[105.9244606,20.9757426],[105.9225179,20.9757183],[105.9223799,20.9746612],[105.9197929,20.9745878],[105.9197844,20.9757135],[105.9184386,20.9757616],[105.9183193,20.9750762],[105.9148007,20.9748164],[105.9142847,20.9743793],[105.9141792,20.9736108],[105.9129866,20.9737153],[105.913257,20.9731029],[105.913199,20.9708054],[105.9123712,20.9708832],[105.9122216,20.9693414],[105.9083044,20.9622896],[105.9073081,20.9581767],[105.9053794,20.9536147],[105.9056479,20.9534362],[105.9053289,20.9514501],[105.9030199,20.9471529],[105.9100767,20.942083],[105.9115962,20.9387601],[105.9147906,20.9373247],[105.9145084,20.936691],[105.9157999,20.9357539],[105.9116392,20.9297752],[105.9084591,20.9263283],[105.9037101,20.9279501],[105.8977891,20.9290071],[105.8920425,20.929332],[105.8870391,20.928837],[105.8839721,20.9294276],[105.8818509,20.9308146],[105.8814665,20.9331361]]]}},{"type":"Feature","properties":{"name":"X\u00e3 Ph\u00f9 \u0110\u1ed5ng","kind":"xa","osm_id":19317432},"geometry":{"type":"Polygon","coordinates":[[[105.898338,21.0968676],[105.8964054,21.098329],[105.8978029,21.1011555],[105.8992861,21.1009215],[105.9002859,21.1062839],[105.9013849,21.1053256],[105.9015593,21.1054782],[105.9035924,21.1099422],[105.9047927,21.1117538],[105.9056792,21.1125157],[105.9055558,21.1141547],[105.9096783,21.117311],[105.9110784,21.1178815],[105.9155906,21.1189427],[105.9174651,21.1190573],[105.9196505,21.1189986],[105.9214751,21.1184814],[105.9225712,21.1211949],[105.9232958,21.1207782],[105.9237569,21.1203993],[105.9234711,21.1200031],[105.9232036,21.1201042],[105.9210677,21.1164267],[105.9236061,21.1156794],[105.9250286,21.114891],[105.9255362,21.1143843],[105.9248075,21.1132318],[105.9273212,21.1117232],[105.9275502,21.1125034],[105.9293402,21.1121488],[105.9294226,21.1118279],[105.9301523,21.111962],[105.9309958,21.1111297],[105.9314291,21.1100484],[105.9313942,21.1092415],[105.9309656,21.1087915],[105.933906,21.1066558],[105.9348624,21.1049381],[105.9336004,21.1037366],[105.9342441,21.103059],[105.9340086,21.1028516],[105.9351023,21.1017576],[105.9353588,21.1020061],[105.9363761,21.1015212],[105.934474,21.0965241],[105.9356295,21.095148],[105.935943,21.0952141],[105.9366811,21.0932061],[105.9381512,21.0937735],[105.9402739,21.0899458],[105.9395946,21.0895783],[105.9401551,21.0889303],[105.9395763,21.0885886],[105.9399563,21.0882554],[105.9393182,21.0876582],[105.9401924,21.0833533],[105.9445371,21.0853402],[105.9457189,21.0850473],[105.9579932,21.0913648],[105.9601092,21.0880491],[105.9618948,21.0781098],[105.9635822,21.0776083],[105.9661623,21.075743],[105.967423,21.0743728],[105.968722,21.0737364],[105.9681912,21.0721444],[105.9781735,21.0701317],[105.9866455,21.0699818],[105.9937029,21.0689285],[105.9996382,21.0745581],[105.9994348,21.0737639],[106.0003106,21.0722876],[106.0014089,21.0688777],[106.0022684,21.0692463],[106.0025929,21.0687109],[105.999464,21.0671626],[105.9971551,21.0645034],[105.9956499,21.0618402],[105.9949235,21.0579355],[105.9949664,21.0520681],[105.9942798,21.0461605],[105.9924116,21.041186],[105.9917951,21.0403095],[105.9895772,21.0393445],[105.9870372,21.0397781],[105.9852231,21.0403697],[105.9823982,21.0418689],[105.975414,21.0464719],[105.971616,21.0477936],[105.9694488,21.0477736],[105.963908,21.0455677],[105.9523046,21.0384018],[105.9485383,21.0374868],[105.9440239,21.0385636],[105.9401623,21.040078],[105.9387681,21.0410105],[105.937179,21.0431956],[105.9352365,21.0483503],[105.9330641,21.056503],[105.9269924,21.0694404],[105.924045,21.072633],[105.9208897,21.0749899],[105.9157,21.076792],[105.902726,21.0784186],[105.9048799,21.082513],[105.9049203,21.0881239],[105.9057199,21.0897177],[105.9049108,21.0899039],[105.9042884,21.0892495],[105.898338,21.0968676]]]}},{"type":"Feature","properties":{"name":"X\u00e3 \u0110\u00f4ng Anh","kind":"xa","osm_id":19322845},"geometry":{"type":"Polygon","coordinates":[[[105.8271156,21.1246052],[105.8273111,21.1305076],[105.8322799,21.1306855],[105.8422466,21.1324187],[105.8436293,21.1331871],[105.8459326,21.1489043],[105.8463882,21.1542538],[105.8557644,21.1506045],[105.8637199,21.148886],[105.8917484,21.1378334],[105.8965309,21.1355155],[105.8987962,21.1341196],[105.9045772,21.1289766],[105.9151591,21.1188497],[105.9096783,21.117311],[105.9055558,21.1141547],[105.9056792,21.1125157],[105.9047927,21.1117538],[105.9035924,21.1099422],[105.9015593,21.1054782],[105.9013849,21.1053256],[105.9002859,21.1062839],[105.8992861,21.1009215],[105.8978029,21.1011555],[105.8964054,21.098329],[105.8984587,21.0969227],[105.9013957,21.093209],[105.9020501,21.0918439],[105.9042884,21.0892495],[105.9049108,21.0899039],[105.9057199,21.0897177],[105.9049203,21.0881239],[105.9048799,21.082513],[105.9036326,21.07973],[105.902726,21.0784186],[105.9011892,21.0793852],[105.8975328,21.0799138],[105.8956617,21.0797776],[105.8907941,21.0785021],[105.8848871,21.0759447],[105.8769172,21.0704398],[105.86863,21.0672214],[105.866492,21.0668914],[105.864115,21.0669794],[105.861983,21.0677094],[105.859975,21.0688544],[105.846071,21.0799644],[105.8410552,21.0808132],[105.8460123,21.0867436],[105.8470412,21.0874177],[105.8475065,21.0883026],[105.8485658,21.0923967],[105.8486534,21.0941029],[105.8479757,21.0972386],[105.846589,21.0998174],[105.8472202,21.1003053],[105.8461468,21.1022846],[105.8457034,21.104421],[105.8501591,21.1073062],[105.8388903,21.1209643],[105.8371343,21.1226399],[105.8352246,21.1237386],[105.8330656,21.1244094],[105.8271156,21.1246052]]]}},{"type":"Feature","properties":{"name":"X\u00e3 Th\u01b0 L\u00e2m","kind":"xa","osm_id":19322846},"geometry":{"type":"Polygon","coordinates":[[[105.8463882,21.1542538],[105.8465474,21.1634062],[105.8479361,21.1631269],[105.8523326,21.1778731],[105.856284,21.1777804],[105.856183,21.1791473],[105.853206,21.1807363],[105.8555114,21.188902],[105.855514,21.1906646],[105.8549413,21.1928638],[105.8571512,21.1937921],[105.8602074,21.1958271],[105.8623668,21.1993484],[105.8641663,21.200472],[105.8654478,21.2008265],[105.8672288,21.2006435],[105.8673904,21.2001801],[105.8665822,21.198728],[105.8670481,21.1977132],[105.8701929,21.1971908],[105.8718209,21.1978267],[105.8724885,21.1990305],[105.8728504,21.2008324],[105.8714306,21.2035171],[105.8712822,21.2054999],[105.8717739,21.2062783],[105.8723929,21.2061646],[105.8741637,21.2027023],[105.8750407,21.2018848],[105.8756198,21.2018225],[105.8786984,21.2030934],[105.8829045,21.2033212],[105.8840368,21.2039257],[105.8853929,21.2052087],[105.8866201,21.2056573],[105.88746,21.2056213],[105.891367,21.2035717],[105.8918832,21.2028945],[105.8918278,21.2023094],[105.8910053,21.2014697],[105.8896387,21.2005303],[105.8867507,21.1993535],[105.8859432,21.198591],[105.8840487,21.1946334],[105.8831857,21.19112],[105.8820407,21.1895605],[105.8810941,21.1888159],[105.8798773,21.1884499],[105.8769012,21.1892184],[105.8763368,21.1889351],[105.8760014,21.1883095],[105.8761489,21.1873665],[105.8765775,21.1867768],[105.8772179,21.1865643],[105.8802173,21.1870668],[105.8826842,21.1878052],[105.88518,21.1894636],[105.8869079,21.1899039],[105.8874139,21.1895316],[105.8884958,21.1859613],[105.8894256,21.1852298],[105.8928496,21.1845161],[105.8953492,21.1851284],[105.898117,21.1833561],[105.8986677,21.1823675],[105.8985576,21.1813149],[105.8979709,21.1802467],[105.8960515,21.1781355],[105.8959128,21.1772298],[105.8964182,21.1769155],[105.8982991,21.1775766],[105.9014102,21.1780074],[105.9016801,21.1786882],[105.90055,21.1800661],[105.900189,21.1811667],[105.900268,21.1817437],[105.9008734,21.1821828],[105.9021748,21.1826656],[105.905162,21.182634],[105.9056149,21.1830111],[105.9057217,21.1844525],[105.9065754,21.187298],[105.9070493,21.1924157],[105.9123696,21.1923682],[105.9122986,21.1902265],[105.9138812,21.1901521],[105.9161766,21.1888207],[105.915353,21.1872642],[105.9185903,21.1850938],[105.9236741,21.1827229],[105.9202439,21.1783903],[105.9216735,21.1769476],[105.9209256,21.1761473],[105.9210797,21.1737396],[105.9183831,21.1735282],[105.9181351,21.1715882],[105.9168603,21.1715793],[105.917019,21.1695979],[105.9178374,21.1690538],[105.9170655,21.1687826],[105.9171827,21.1679361],[105.9192928,21.1631857],[105.9221188,21.1634582],[105.9225565,21.1631282],[105.922254,21.1623355],[105.9229154,21.1617116],[105.9211585,21.1595367],[105.920396,21.1565058],[105.9196392,21.1553141],[105.9221023,21.1518658],[105.9234417,21.1472417],[105.9256536,21.1469203],[105.9251402,21.1451192],[105.9267356,21.1445232],[105.9262444,21.1435308],[105.92619,21.142283],[105.9252582,21.1415871],[105.9263232,21.1405158],[105.9238471,21.1381543],[105.9253605,21.1363651],[105.9251796,21.1345],[105.9245443,21.1342214],[105.9245969,21.1333192],[105.923614,21.1330856],[105.9218934,21.1353555],[105.9177977,21.132107],[105.9192856,21.1299253],[105.9155937,21.1270964],[105.9157769,21.1269513],[105.9152013,21.1264112],[105.9142591,21.1272432],[105.9129209,21.126243],[105.9145478,21.1229519],[105.9137251,21.1226405],[105.9142904,21.1226986],[105.9145088,21.1219505],[105.915387,21.122021],[105.9155906,21.1189427],[105.9151591,21.1188497],[105.8987962,21.1341196],[105.8965309,21.1355155],[105.8917484,21.1378334],[105.8637199,21.148886],[105.8557644,21.1506045],[105.8463882,21.1542538]]]}},{"type":"Feature","properties":{"name":"X\u00e3 V\u0129nh Thanh","kind":"xa","osm_id":19322847},"geometry":{"type":"Polygon","coordinates":[[[105.7871887,21.106263],[105.7871885,21.1081103],[105.7812705,21.1254667],[105.7831843,21.1259913],[105.7899513,21.1256721],[105.7955313,21.1246116],[105.8309789,21.1246022],[105.8341444,21.1241545],[105.8366416,21.1229832],[105.8385925,21.1213114],[105.8501591,21.1073062],[105.8457034,21.104421],[105.8461468,21.1022846],[105.8472202,21.1003053],[105.846589,21.0998174],[105.8479757,21.0972386],[105.8486534,21.0941029],[105.8485658,21.0923967],[105.8475065,21.0883026],[105.8470412,21.0874177],[105.8460123,21.0867436],[105.8410552,21.0808132],[105.834592,21.0865736],[105.8271842,21.0913874],[105.8181654,21.0949711],[105.8093796,21.0966938],[105.7908852,21.0974865],[105.7894689,21.1027922],[105.7897237,21.1029176],[105.7884991,21.1037695],[105.7887752,21.1053147],[105.7882726,21.1057044],[105.7882392,21.1063972],[105.7871887,21.106263]]]}},{"type":"Feature","properties":{"name":"X\u00e3 Thi\u00ean L\u1ed9c","kind":"xa","osm_id":19322848},"geometry":{"type":"Polygon","coordinates":[[[105.7321391,21.1218232],[105.7358811,21.1218728],[105.736109,21.1226214],[105.7354106,21.1229539],[105.7355598,21.1238252],[105.7359995,21.1237708],[105.7372188,21.1257469],[105.7386067,21.1252093],[105.7388501,21.1268185],[105.7392193,21.1272959],[105.73891,21.127752],[105.7391817,21.1282896],[105.7389929,21.1285043],[105.7410765,21.128799],[105.7421307,21.1327349],[105.7431532,21.1325488],[105.7436403,21.1345599],[105.7496675,21.1347067],[105.7512191,21.1341762],[105.7597102,21.1337771],[105.7595767,21.134804],[105.7599741,21.1348453],[105.7604414,21.1357442],[105.761739,21.1358783],[105.76326,21.1354149],[105.764567,21.1356238],[105.765739,21.1359716],[105.7668641,21.1369391],[105.7680352,21.1381138],[105.7706395,21.1419421],[105.7725305,21.1436151],[105.7725645,21.1442791],[105.7719935,21.1451051],[105.7724467,21.1460926],[105.773705,21.147493],[105.7755314,21.1487502],[105.7811223,21.1514391],[105.7828769,21.1518033],[105.7848292,21.1517101],[105.7922288,21.1494033],[105.7936273,21.1495246],[105.794538,21.1508289],[105.7966358,21.1525124],[105.7974489,21.1536499],[105.7989612,21.1542717],[105.8003898,21.1541327],[105.8028641,21.1524669],[105.8033031,21.1501768],[105.8057099,21.1464913],[105.805775,21.1443224],[105.8064092,21.1425327],[105.8051733,21.1402728],[105.8041813,21.1362988],[105.8045553,21.1349337],[105.8068645,21.1333714],[105.8077101,21.1318091],[105.8086533,21.1310962],[105.8092713,21.1313085],[105.8094664,21.1309142],[105.808946,21.1306108],[105.8090436,21.1302467],[105.8086045,21.1297158],[105.8092387,21.1287906],[105.8092225,21.1278501],[105.8075231,21.1269855],[105.8075151,21.1246092],[105.7950792,21.1246378],[105.7899513,21.1256721],[105.7845023,21.1260719],[105.7812705,21.1254667],[105.7871885,21.1081103],[105.7871887,21.106263],[105.7882392,21.1063972],[105.7882726,21.1057044],[105.7887752,21.1053147],[105.7884991,21.1037695],[105.7897237,21.1029176],[105.7894689,21.1027922],[105.7908852,21.0974865],[105.7608903,21.0990715],[105.7517735,21.0977709],[105.748926,21.0989445],[105.740566,21.1081244],[105.738269,21.1096484],[105.735302,21.1131721],[105.7363918,21.113523],[105.7321391,21.1218232]]]}},{"type":"Feature","properties":{"name":"X\u00e3 Ph\u00fac Th\u1ecbnh","kind":"xa","osm_id":19322849},"geometry":{"type":"Polygon","coordinates":[[[105.77018,21.1693113],[105.7714329,21.1693473],[105.7707842,21.1726227],[105.7710534,21.1755317],[105.7719379,21.1782303],[105.7738646,21.1778541],[105.7740707,21.1784927],[105.7752294,21.1782377],[105.7754877,21.1790047],[105.7807676,21.1773614],[105.7809978,21.1783418],[105.7837156,21.1773915],[105.783769,21.1782525],[105.7846303,21.178109],[105.7849988,21.1795104],[105.7879426,21.1789408],[105.7881183,21.1801367],[105.7904388,21.1800757],[105.7909048,21.1817295],[105.7899272,21.1820177],[105.7906236,21.1840162],[105.788298,21.1852541],[105.788269,21.1862],[105.7879002,21.1863574],[105.7895596,21.1882304],[105.7903159,21.1905456],[105.7937101,21.1923626],[105.7954036,21.1924796],[105.7967071,21.1917971],[105.7984701,21.1899177],[105.7990856,21.1883494],[105.799889,21.1875935],[105.8006452,21.1873654],[105.8033531,21.1879181],[105.8046342,21.1889866],[105.8082912,21.1907839],[105.8096186,21.1910655],[105.812146,21.1907715],[105.8142379,21.1892775],[105.8152011,21.1874983],[105.8151877,21.186781],[105.8131057,21.1861013],[105.8126406,21.1857327],[105.8125615,21.1851721],[105.8129918,21.1845058],[105.8158662,21.1841087],[105.8188202,21.184562],[105.8228442,21.1869175],[105.8266071,21.1876794],[105.8284757,21.1883683],[105.8295957,21.1883813],[105.8324684,21.1875915],[105.8347402,21.1860633],[105.8360542,21.1866732],[105.8380624,21.1889651],[105.8399254,21.1902829],[105.8418187,21.190146],[105.8447563,21.1887592],[105.846763,21.1889342],[105.8508397,21.1906107],[105.853119,21.1920983],[105.8549413,21.1928638],[105.8552741,21.1917735],[105.8555616,21.1901327],[105.8554311,21.1884166],[105.853206,21.1807363],[105.856183,21.1791473],[105.856284,21.1777804],[105.8523326,21.1778731],[105.8479361,21.1631269],[105.8465474,21.1634062],[105.8462367,21.1513483],[105.8436293,21.1331871],[105.8422466,21.1324187],[105.8322799,21.1306855],[105.8273111,21.1305076],[105.8271156,21.1246052],[105.8075151,21.1246092],[105.8075231,21.1269855],[105.8092225,21.1278501],[105.8092387,21.1287906],[105.8086045,21.1297158],[105.8090436,21.1302467],[105.808946,21.1306108],[105.8094664,21.1309142],[105.8092713,21.1313085],[105.8086533,21.1310962],[105.8077101,21.1318091],[105.8068645,21.1333714],[105.8045553,21.1349337],[105.8041813,21.1362988],[105.8051733,21.1402728],[105.8064092,21.1425327],[105.805775,21.1443224],[105.8057099,21.1464913],[105.8033031,21.1501768],[105.8028641,21.1524669],[105.8003898,21.1541327],[105.7989612,21.1542717],[105.7974489,21.1536499],[105.7966358,21.1525124],[105.794538,21.1508289],[105.7936273,21.1495246],[105.7922288,21.1494033],[105.7848292,21.1517101],[105.7828769,21.1518033],[105.7811223,21.1514391],[105.7755314,21.1487502],[105.773705,21.147493],[105.7724467,21.1460926],[105.7709022,21.1482046],[105.7716157,21.1491592],[105.7719795,21.1489239],[105.7720221,21.1495261],[105.7711805,21.1572621],[105.7704819,21.1664831],[105.7707077,21.1665891],[105.77018,21.1693113]]]}},{"type":"Feature","properties":{"name":"Ph\u01b0\u1eddng Ho\u00e0n Ki\u1ebfm","kind":"phuong","osm_id":19331651},"geometry":{"type":"Polygon","coordinates":[[[105.8426058,21.0290607],[105.8437179,21.0342189],[105.8447768,21.0340917],[105.8449379,21.0348636],[105.8439419,21.035058],[105.8447417,21.0385729],[105.8444986,21.0386255],[105.8446653,21.0393873],[105.8454528,21.039228],[105.8456119,21.0399869],[105.8467549,21.0397937],[105.8500934,21.0408299],[105.8544278,21.0357704],[105.8583341,21.0279442],[105.8601913,21.0249863],[105.8568867,21.0244069],[105.8442319,21.0280174],[105.8426058,21.0290607]]]}},{"type":"Feature","properties":{"name":"Ph\u01b0\u1eddng Ba \u0110\u00ecnh","kind":"phuong","osm_id":19331652},"geometry":{"type":"Polygon","coordinates":[[[105.827009,21.0320818],[105.8271558,21.0347458],[105.8279532,21.034706],[105.8283641,21.0370563],[105.8265879,21.0372917],[105.8274538,21.0396876],[105.8287305,21.0396162],[105.83051,21.041507],[105.831334,21.041809],[105.835249,21.041829],[105.8353,21.042767],[105.835801,21.042768],[105.836175,21.04393],[105.83672,21.046833],[105.837847,21.047339],[105.839388,21.05014],[105.8401665,21.0506205],[105.8434194,21.0471149],[105.8470366,21.0441409],[105.8500934,21.0408299],[105.8467549,21.0397937],[105.8456119,21.0399869],[105.8454528,21.039228],[105.8446653,21.0393873],[105.8444986,21.0386255],[105.8447417,21.0385729],[105.8439419,21.035058],[105.8449379,21.0348636],[105.8447768,21.0340917],[105.8437179,21.0342189],[105.8426058,21.0290607],[105.8415596,21.0282601],[105.841569,21.0288646],[105.829017,21.032495],[105.827009,21.0320818]]]}},{"type":"Feature","properties":{"name":"Ph\u01b0\u1eddng C\u1eeda Nam","kind":"phuong","osm_id":19331653},"geometry":{"type":"Polygon","coordinates":[[[105.8414269,21.0206574],[105.8415596,21.0282601],[105.8426058,21.0290607],[105.8442319,21.0280174],[105.8568867,21.0244069],[105.8601913,21.0249863],[105.8614819,21.0212935],[105.8620546,21.0185286],[105.8609297,21.018397],[105.8587169,21.0190341],[105.8541516,21.0179251],[105.8476691,21.0190008],[105.8414269,21.0206574]]]}},{"type":"Feature","properties":{"name":"Ph\u01b0\u1eddng Hai B\u00e0 Tr\u01b0ng","kind":"phuong","osm_id":19331654},"geometry":{"type":"Polygon","coordinates":[[[105.8413643,21.0077057],[105.8414269,21.0206574],[105.8476691,21.0190008],[105.8541516,21.0179251],[105.8587169,21.0190341],[105.8609297,21.018397],[105.8620546,21.0185286],[105.8636441,21.0121973],[105.8645548,21.0103489],[105.8658715,21.0087667],[105.8560277,21.0091744],[105.8413643,21.0077057]]]}},{"type":"Feature","properties":{"name":"Ph\u01b0\u1eddng V\u0103n Mi\u1ebfu - Qu\u1ed1c T\u1eed Gi\u00e1m","kind":"phuong","osm_id":19331655},"geometry":{"type":"Polygon","coordinates":[[[105.8296874,21.0181966],[105.8341737,21.0277801],[105.8360554,21.0304445],[105.841569,21.0288646],[105.8413643,21.0077057],[105.8397371,21.0082245],[105.8388655,21.0089379],[105.8324426,21.0160018],[105.8296874,21.0181966]]]}},{"type":"Feature","properties":{"name":"Ph\u01b0\u1eddng Kim Li\u00ean","kind":"phuong","osm_id":19331656},"geometry":{"type":"Polygon","coordinates":[[[105.8202057,21.003109],[105.8220352,21.004593],[105.8251586,21.0106945],[105.826923,21.0134056],[105.8310375,21.0112994],[105.8341068,21.0142617],[105.8388655,21.0089379],[105.8397371,21.0082245],[105.8413643,21.0077057],[105.8412754,20.9977427],[105.8329565,20.9996053],[105.8202057,21.003109]]]}},{"type":"Feature","properties":{"name":"Ph\u01b0\u1eddng B\u1ea1ch Mai","kind":"phuong","osm_id":19331657},"geometry":{"type":"Polygon","coordinates":[[[105.8412754,20.9977427],[105.8413643,21.0077057],[105.8560277,21.0091744],[105.8608413,21.0090349],[105.86073,21.0081355],[105.8622273,20.9963029],[105.8589932,20.9953204],[105.8569414,20.9952043],[105.846859,20.9963809],[105.8412754,20.9977427]]]}},{"type":"Feature","properties":{"name":"Ph\u01b0\u1eddng \u00d4 Ch\u1ee3 D\u1eeba","kind":"phuong","osm_id":19331658},"geometry":{"type":"Polygon","coordinates":[[[105.8149171,21.0165734],[105.8197685,21.0234032],[105.8248194,21.0277351],[105.8296859,21.0313126],[105.8300072,21.0321616],[105.8360554,21.0304445],[105.8341737,21.0277801],[105.8296874,21.0181966],[105.8256795,21.0208061],[105.8235188,21.016655],[105.8209044,21.0161123],[105.8188301,21.0138594],[105.8149171,21.0165734]]]}},{"type":"Feature","properties":{"name":"Ph\u01b0\u1eddng \u0110\u1ed1ng \u0110a","kind":"phuong","osm_id":19331659},"geometry":{"type":"Polygon","coordinates":[[[105.8107968,21.0105531],[105.8149171,21.0165734],[105.8188301,21.0138594],[105.8209044,21.0161123],[105.8235188,21.016655],[105.8256795,21.0208061],[105.8291688,21.0186501],[105.8341068,21.0142617],[105.8310375,21.0112994],[105.826923,21.0134056],[105.8251586,21.0106945],[105.8220352,21.004593],[105.8181305,21.001585],[105.8166057,21.0051511],[105.815194,21.0073639],[105.8138247,21.0086444],[105.8107968,21.0105531]]]}},{"type":"Feature","properties":{"name":"Ph\u01b0\u1eddng L\u00e1ng","kind":"phuong","osm_id":19332318},"geometry":{"type":"Polygon","coordinates":[[[105.7976476,21.0249094],[105.7983286,21.0268031],[105.8013534,21.0302334],[105.8042423,21.0286459],[105.8076751,21.0280144],[105.809263,21.0274136],[105.8112586,21.024959],[105.8082279,21.0198912],[105.8149171,21.0165734],[105.8107968,21.0105531],[105.8071168,21.0130769],[105.8041936,21.0157182],[105.8001477,21.0219911],[105.7978696,21.023961],[105.7976476,21.0249094]]]}},{"type":"Feature","properties":{"name":"Ph\u01b0\u1eddng Gi\u1ea3ng V\u00f5","kind":"phuong","osm_id":19332319},"geometry":{"type":"Polygon","coordinates":[[[105.8013534,21.0302334],[105.8036452,21.0328399],[105.806324,21.0370683],[105.8083211,21.0362471],[105.8087642,21.0354806],[105.8140112,21.0339222],[105.8132711,21.0312753],[105.8159176,21.0306298],[105.829017,21.032495],[105.8300072,21.0321616],[105.8296859,21.0313126],[105.8248194,21.0277351],[105.8197685,21.0234032],[105.8149171,21.0165734],[105.8082279,21.0198912],[105.8112586,21.024959],[105.809263,21.0274136],[105.8076751,21.0280144],[105.8042423,21.0286459],[105.8013534,21.0302334]]]}},{"type":"Feature","properties":{"name":"Ph\u01b0\u1eddng Ng\u1ecdc H\u00e0","kind":"phuong","osm_id":19332320},"geometry":{"type":"Polygon","coordinates":[[[105.8051485,21.0479544],[105.8056485,21.0476053],[105.8060998,21.0478292],[105.8082179,21.0473423],[105.8104491,21.0464036],[105.8152124,21.042674],[105.8169378,21.042234],[105.8218842,21.0417889],[105.8274538,21.0396876],[105.8265879,21.0372917],[105.8283641,21.0370563],[105.8279532,21.034706],[105.8271558,21.0347458],[105.827009,21.0320818],[105.8164755,21.0305797],[105.8132711,21.0312753],[105.8140112,21.0339222],[105.8087642,21.0354806],[105.8083211,21.0362471],[105.806324,21.0370683],[105.806476,21.0387044],[105.8062057,21.0400902],[105.8069306,21.0402543],[105.806376,21.0421465],[105.8060925,21.0454419],[105.8051485,21.0479544]]]}},{"type":"Feature","properties":{"name":"Ph\u01b0\u1eddng T\u00e2y H\u1ed3","kind":"phuong","osm_id":19332321},"geometry":{"type":"Polygon","coordinates":[[[105.8044541,21.052675],[105.8044566,21.0615716],[105.8046947,21.0627396],[105.8081178,21.0685704],[105.8113822,21.0760875],[105.8166966,21.0846499],[105.8176306,21.0819788],[105.820634,21.0773864],[105.8256976,21.0727064],[105.8264756,21.0681477],[105.829099,21.06488],[105.8308038,21.0645967],[105.8316205,21.0641193],[105.8328001,21.0610308],[105.8351338,21.0579832],[105.837819,21.0531343],[105.8401665,21.0506205],[105.839388,21.05014],[105.837847,21.047339],[105.83672,21.046833],[105.836175,21.04393],[105.835801,21.042768],[105.8353,21.042767],[105.835249,21.041829],[105.832161,21.041887],[105.830705,21.041611],[105.8285066,21.039524],[105.8218842,21.0417889],[105.8169378,21.042234],[105.8152124,21.042674],[105.8104491,21.0464036],[105.8079976,21.0474041],[105.8060998,21.0478292],[105.8055022,21.0476812],[105.8051485,21.0479544],[105.8047424,21.0495022],[105.8044541,21.052675]]]}},{"type":"Feature","properties":{"name":"Ph\u01b0\u1eddng H\u1ed3ng H\u00e0","kind":"phuong","osm_id":19334582},"geometry":{"type":"Polygon","coordinates":[[[105.8166966,21.0846499],[105.8211303,21.0937909],[105.8271842,21.0913874],[105.834592,21.0865736],[105.8410552,21.0808132],[105.8427745,21.0768864],[105.845194,21.0735567],[105.8498804,21.0690075],[105.8571286,21.059984],[105.8604329,21.0545803],[105.8624062,21.0490317],[105.8628097,21.0451962],[105.8627198,21.0406331],[105.8637884,21.0314079],[105.8653775,21.0275484],[105.8680358,21.0179708],[105.8731684,21.011577],[105.8784987,21.0065803],[105.8741857,21.0023982],[105.8710046,21.0036352],[105.8650171,21.0096862],[105.8636441,21.0121973],[105.8614819,21.0212935],[105.8601913,21.0249863],[105.8583341,21.0279442],[105.8544278,21.0357704],[105.8513525,21.0395728],[105.8470882,21.0440884],[105.8442011,21.0463448],[105.8380951,21.052756],[105.8351338,21.0579832],[105.8328001,21.0610308],[105.8316205,21.0641193],[105.8308038,21.0645967],[105.829099,21.06488],[105.8264756,21.0681477],[105.8256976,21.0727064],[105.820634,21.0773864],[105.8176306,21.0819788],[105.8166966,21.0846499]]]}},{"type":"Feature","properties":{"name":"Ph\u01b0\u1eddng V\u0129nh Tuy","kind":"phuong","osm_id":19334583},"geometry":{"type":"Polygon","coordinates":[[[105.8608413,21.0090349],[105.8658715,21.0087667],[105.8710046,21.0036352],[105.8741857,21.0023982],[105.8719722,21.000172],[105.8733036,20.9986397],[105.8738403,20.9969317],[105.8740273,20.9943735],[105.8736207,20.9926124],[105.8723279,20.9898339],[105.8703928,20.9875641],[105.8689536,20.9866227],[105.8661077,20.9886725],[105.8627171,20.9923391],[105.86073,21.0081355],[105.8608413,21.0090349]]]}},{"type":"Feature","properties":{"name":"Ph\u01b0\u1eddng T\u01b0\u01a1ng Mai","kind":"phuong","osm_id":19334584},"geometry":{"type":"Polygon","coordinates":[[[105.8410347,20.9836706],[105.8412754,20.9977427],[105.846859,20.9963809],[105.8569414,20.9952043],[105.8589932,20.9953204],[105.8622273,20.9963029],[105.8627171,20.9923391],[105.8661077,20.9886725],[105.8672705,20.9876172],[105.8708348,20.9854065],[105.8751428,20.9837102],[105.8410347,20.9836706]]]}},{"type":"Feature","properties":{"name":"Ph\u01b0\u1eddng Ph\u01b0\u01a1ng Li\u1ec7t","kind":"phuong","osm_id":19334585},"geometry":{"type":"Polygon","coordinates":[[[105.8215335,20.992774],[105.8222702,20.9943411],[105.8218032,20.9967566],[105.8218401,20.9994392],[105.8228045,21.0024161],[105.8329565,20.9996053],[105.8412754,20.9977427],[105.8410347,20.9836706],[105.8319943,20.9836612],[105.8299769,20.9840449],[105.8285479,20.984917],[105.8256525,20.9877424],[105.8215335,20.992774]]]}},{"type":"Feature","properties":{"name":"Ph\u01b0\u1eddng V\u0129nh H\u01b0ng","kind":"phuong","osm_id":19334586},"geometry":{"type":"Polygon","coordinates":[[[105.8689536,20.9866227],[105.8703928,20.9875641],[105.8723279,20.9898339],[105.8736207,20.9926124],[105.8740273,20.9943735],[105.8738403,20.9969317],[105.8733036,20.9986397],[105.8719722,21.000172],[105.8741857,21.0023982],[105.8765913,21.0021076],[105.8794424,21.000662],[105.8817704,21.0012523],[105.8834399,21.0010338],[105.8853652,21.0002342],[105.88688,20.998939],[105.8917782,20.9967186],[105.8924365,20.9957207],[105.8924507,20.9932557],[105.8920472,20.9926213],[105.8921321,20.9921785],[105.8938805,20.9893764],[105.8950344,20.9860873],[105.889187,20.9795626],[105.8833989,20.9804418],[105.8711477,20.9852582],[105.8689536,20.9866227]]]}},{"type":"Feature","properties":{"name":"Ph\u01b0\u1eddng Ho\u00e0ng Mai","kind":"phuong","osm_id":19334587},"geometry":{"type":"Polygon","coordinates":[[[105.8408902,20.9722097],[105.8410347,20.9836706],[105.8751428,20.9837102],[105.8835122,20.9804055],[105.889187,20.9795626],[105.8855197,20.9756103],[105.8822245,20.9735873],[105.8813372,20.9727242],[105.8770607,20.9670393],[105.8742138,20.9651059],[105.8710958,20.9642773],[105.8619266,20.9639551],[105.8505143,20.9657159],[105.8419737,20.9657274],[105.8418628,20.9682822],[105.8408902,20.9722097]]]}},{"type":"Feature","properties":{"name":"Ph\u01b0\u1eddng \u0110\u1ecbnh C\u00f4ng","kind":"phuong","osm_id":19334588},"geometry":{"type":"Polygon","coordinates":[[[105.8069516,20.9732349],[105.8086924,20.9768783],[105.8063997,20.9800144],[105.8100453,20.9823151],[105.8124666,20.978962],[105.8145841,20.9823579],[105.8156492,20.9832811],[105.8183402,20.9807013],[105.8188793,20.9822628],[105.819127,20.9822661],[105.8194547,20.9848938],[105.8229859,20.9868674],[105.8249429,20.988673],[105.8285479,20.984917],[105.8299769,20.9840449],[105.8319943,20.9836612],[105.8410347,20.9836706],[105.8408902,20.9722097],[105.8413681,20.9702503],[105.8399891,20.9701837],[105.8385811,20.9710352],[105.8349331,20.9707921],[105.8304355,20.9693688],[105.8293947,20.9692967],[105.8265833,20.9673298],[105.8240443,20.9685441],[105.8249893,20.9707413],[105.8250241,20.9715625],[105.8216115,20.9719253],[105.8212107,20.9705603],[105.8190316,20.9677283],[105.8178932,20.967007],[105.8069516,20.9732349]]]}},{"type":"Feature","properties":{"name":"Ph\u01b0\u1eddng Kh\u01b0\u01a1ng \u0110\u00ecnh","kind":"phuong","osm_id":19334589},"geometry":{"type":"Polygon","coordinates":[[[105.8032196,20.9914997],[105.8202057,21.003109],[105.8228045,21.0024161],[105.8218401,20.9994392],[105.8218032,20.9967566],[105.8222702,20.9943411],[105.8215335,20.992774],[105.8249429,20.988673],[105.8229859,20.9868674],[105.8194547,20.9848938],[105.819127,20.9822661],[105.8188793,20.9822628],[105.8183402,20.9807013],[105.8156492,20.9832811],[105.8145841,20.9823579],[105.8124666,20.978962],[105.8032196,20.9914997]]]}},{"type":"Feature","properties":{"name":"Ph\u01b0\u1eddng Thanh Xu\u00e2n","kind":"phuong","osm_id":19335051},"geometry":{"type":"Polygon","coordinates":[[[105.7941053,21.0030027],[105.7976586,21.0054696],[105.8002714,21.0022851],[105.8090449,21.0083421],[105.8107968,21.0105531],[105.8138247,21.0086444],[105.815194,21.0073639],[105.8166057,21.0051511],[105.8181305,21.001585],[105.8080877,20.9949841],[105.7987384,20.9883254],[105.7954563,20.9917333],[105.7901581,20.9947901],[105.7969611,20.999496],[105.7941053,21.0030027]]]}},{"type":"Feature","properties":{"name":"Ph\u01b0\u1eddng Y\u00ean H\u00f2a","kind":"phuong","osm_id":19335052},"geometry":{"type":"Polygon","coordinates":[[[105.7822037,21.0176697],[105.7942176,21.0260753],[105.7976476,21.0249094],[105.7978696,21.023961],[105.8001477,21.0219911],[105.8041936,21.0157182],[105.8071168,21.0130769],[105.8107968,21.0105531],[105.8090449,21.0083421],[105.8002714,21.0022851],[105.7976586,21.0054696],[105.7941053,21.0030027],[105.7822037,21.0176697]]]}},{"type":"Feature","properties":{"name":"Ph\u01b0\u1eddng C\u1ea7u Gi\u1ea5y","kind":"phuong","osm_id":19335053},"geometry":{"type":"Polygon","coordinates":[[[105.7787077,21.0255679],[105.7810068,21.0418452],[105.7904034,21.0416374],[105.7905004,21.0403297],[105.7937663,21.0377419],[105.7947095,21.0377192],[105.7947014,21.0393052],[105.7956182,21.0392807],[105.7960137,21.0388844],[105.7976838,21.0390337],[105.7977644,21.0364924],[105.7973765,21.033955],[105.8013534,21.0302334],[105.7983286,21.0268031],[105.7976476,21.0249094],[105.793885,21.0260158],[105.7822037,21.0176697],[105.7794051,21.0212817],[105.7787077,21.0236351],[105.7787077,21.0255679]]]}},{"type":"Feature","properties":{"name":"Ph\u01b0\u1eddng Ngh\u0129a \u0110\u00f4","kind":"phuong","osm_id":19335054},"geometry":{"type":"Polygon","coordinates":[[[105.7810068,21.0418452],[105.7817561,21.0527298],[105.7823556,21.0562174],[105.7894749,21.0567801],[105.7899398,21.0567384],[105.789918,21.0519239],[105.8044655,21.052119],[105.8047424,21.0495022],[105.8060925,21.0454419],[105.806376,21.0421465],[105.8069306,21.0402543],[105.8062057,21.0400902],[105.806476,21.0387044],[105.8060435,21.0363421],[105.8035437,21.032707],[105.8013534,21.0302334],[105.7973765,21.033955],[105.7977644,21.0364924],[105.7976838,21.0390337],[105.7960137,21.0388844],[105.7956182,21.0392807],[105.7947014,21.0393052],[105.7947095,21.0377192],[105.7937663,21.0377419],[105.7905004,21.0403297],[105.7904034,21.0416374],[105.7810068,21.0418452]]]}},{"type":"Feature","properties":{"name":"Ph\u01b0\u1eddng Xu\u00e2n \u0110\u1ec9nh","kind":"phuong","osm_id":19335055},"geometry":{"type":"Polygon","coordinates":[[[105.7823556,21.0562174],[105.7853196,21.0688436],[105.7859496,21.0755766],[105.7879035,21.0791385],[105.7887021,21.0782626],[105.7938718,21.0762015],[105.7943808,21.0773519],[105.7988687,21.0756525],[105.7983503,21.0744933],[105.8090098,21.0704391],[105.8045219,21.062234],[105.8044655,21.052119],[105.789918,21.0519239],[105.7899398,21.0567384],[105.7823556,21.0562174]]]}},{"type":"Feature","properties":{"name":"Ph\u01b0\u1eddng Ph\u00fa Th\u01b0\u1ee3ng","kind":"phuong","osm_id":19335056},"geometry":{"type":"Polygon","coordinates":[[[105.7865014,21.0976533],[105.8093796,21.0966938],[105.8181654,21.0949711],[105.8211303,21.0937909],[105.8177054,21.0864439],[105.8113822,21.0760875],[105.8090098,21.0704391],[105.7983503,21.0744933],[105.7988687,21.0756525],[105.7943808,21.0773519],[105.7938718,21.0762015],[105.7884359,21.0784108],[105.7879035,21.0791385],[105.7884111,21.0805071],[105.7884235,21.0816398],[105.7859032,21.0896776],[105.7865014,21.0976533]]]}},{"type":"Feature","properties":{"name":"X\u00e3 M\u00ea Linh","kind":"xa","osm_id":19335112},"geometry":{"type":"Polygon","coordinates":[[[105.6960423,21.1427429],[105.6962854,21.1446453],[105.697517,21.1462502],[105.6991781,21.1616138],[105.6990386,21.1623192],[105.6978477,21.163825],[105.6981642,21.1641551],[105.6972944,21.1660318],[105.7009388,21.1648546],[105.7025478,21.1758495],[105.7033847,21.1782105],[105.7053588,21.1810316],[105.7118916,21.1878523],[105.7149287,21.1837411],[105.7306902,21.1692312],[105.7320957,21.168426],[105.7340284,21.1681097],[105.77018,21.1693113],[105.7707077,21.1665891],[105.7704819,21.1664831],[105.7711805,21.1572621],[105.7720221,21.1495261],[105.7719795,21.1489239],[105.7716157,21.1491592],[105.7709022,21.1482046],[105.7724467,21.1460926],[105.7719935,21.1451051],[105.7725645,21.1442791],[105.7725305,21.1436151],[105.7708365,21.1421671],[105.7680352,21.1381138],[105.765739,21.1359716],[105.76326,21.1354149],[105.761739,21.1358783],[105.7604414,21.1357442],[105.7599741,21.1348453],[105.7595767,21.134804],[105.7597102,21.1337771],[105.7512191,21.1341762],[105.7496675,21.1347067],[105.7436403,21.1345599],[105.7431532,21.1325488],[105.7421307,21.1327349],[105.7410765,21.128799],[105.7389929,21.1285043],[105.7391817,21.1282896],[105.73891,21.127752],[105.7392193,21.1272959],[105.7388501,21.1268185],[105.7386067,21.1252093],[105.7372188,21.1257469],[105.7359995,21.1237708],[105.7355598,21.1238252],[105.7354106,21.1229539],[105.736109,21.1226214],[105.7358811,21.1218728],[105.7321391,21.1218232],[105.7363918,21.113523],[105.735302,21.1131721],[105.738269,21.1096484],[105.740566,21.1081244],[105.736662,21.1048313],[105.727738,21.1125114],[105.7252146,21.1153619],[105.7186238,21.1243201],[105.7182203,21.1256171],[105.7179866,21.1293111],[105.7186964,21.1327781],[105.7187753,21.1363003],[105.7184993,21.1379372],[105.7177401,21.1394361],[105.7163203,21.1407787],[105.7109324,21.1427874],[105.7061088,21.1433158],[105.7006328,21.1433478],[105.6960423,21.1427429]]]}},{"type":"Feature","properties":{"name":"X\u00e3 Quang Minh","kind":"xa","osm_id":19335113},"geometry":{"type":"Polygon","coordinates":[[[105.7118916,21.1878523],[105.7280947,21.2041712],[105.7425946,21.2237365],[105.7470129,21.2291576],[105.7490656,21.22842],[105.7513293,21.2269444],[105.7520771,21.2260974],[105.7528687,21.2233574],[105.7537331,21.2218261],[105.7552108,21.2215958],[105.7572368,21.2229142],[105.7580701,21.2228099],[105.7587833,21.221364],[105.7590693,21.2169831],[105.7600475,21.2151661],[105.7618115,21.2133873],[105.7642824,21.2129381],[105.7682255,21.2140742],[105.7692809,21.2136894],[105.7698507,21.2117907],[105.7694039,21.211223],[105.769456,21.209943],[105.7702094,21.2071096],[105.7714642,21.2050727],[105.7751807,21.2025104],[105.7775666,21.2003205],[105.7793201,21.1995334],[105.7841456,21.1986102],[105.7876767,21.1970717],[105.7887979,21.1957193],[105.7897403,21.1912074],[105.7903159,21.1905456],[105.7895596,21.1882304],[105.7879002,21.1863574],[105.788269,21.1862],[105.788298,21.1852541],[105.7906236,21.1840162],[105.7899272,21.1820177],[105.7909048,21.1817295],[105.7904388,21.1800757],[105.7881183,21.1801367],[105.7879426,21.1789408],[105.7849988,21.1795104],[105.7846303,21.178109],[105.783769,21.1782525],[105.7837156,21.1773915],[105.7809978,21.1783418],[105.7807676,21.1773614],[105.7754877,21.1790047],[105.7752294,21.1782377],[105.7740707,21.1784927],[105.7738646,21.1778541],[105.7719379,21.1782303],[105.7710534,21.1755317],[105.7707842,21.1726227],[105.7714329,21.1693473],[105.7335708,21.1681184],[105.7320957,21.168426],[105.7303533,21.1695322],[105.7149287,21.1837411],[105.7118916,21.1878523]]]}},{"type":"Feature","properties":{"name":"X\u00e3 Y\u00ean L\u00e3ng","kind":"xa","osm_id":19335114},"geometry":{"type":"Polygon","coordinates":[[[105.6247827,21.188056],[105.6245753,21.1933164],[105.6242299,21.1938861],[105.6215521,21.1948829],[105.6216401,21.1951135],[105.622199,21.1948454],[105.6221642,21.1956177],[105.6216169,21.1958853],[105.6216015,21.1972251],[105.6225184,21.1999073],[105.6224995,21.2007066],[105.6208185,21.2013828],[105.6198051,21.2012457],[105.619844,21.2018823],[105.6162259,21.2025864],[105.6164957,21.2057826],[105.6161302,21.2061173],[105.6152478,21.2060008],[105.6149889,21.2076252],[105.6167811,21.2087097],[105.6185167,21.2070602],[105.6212461,21.2059047],[105.6222404,21.2065],[105.6230152,21.2079292],[105.6244581,21.2090626],[105.6282819,21.2109692],[105.6288701,21.210967],[105.6310455,21.2089363],[105.6385136,21.2072098],[105.638356,21.205854],[105.6392549,21.2055438],[105.6398707,21.2060519],[105.6417182,21.2065337],[105.6450663,21.2058144],[105.6450229,21.2053878],[105.6529018,21.2066007],[105.653284,21.2053424],[105.6540402,21.2045616],[105.6561783,21.2038824],[105.658107,21.2024692],[105.6588526,21.2023026],[105.6584326,21.2016538],[105.6599332,21.2010466],[105.6598129,21.2006639],[105.6638192,21.1987567],[105.6668077,21.2012716],[105.6779912,21.1914418],[105.6773001,21.1889666],[105.6840738,21.1828207],[105.6852785,21.1832733],[105.6901187,21.1869001],[105.7025199,21.1756957],[105.7009388,21.1648546],[105.6972944,21.1660318],[105.6981642,21.1641551],[105.6978477,21.163825],[105.6990386,21.1623192],[105.6991781,21.1616138],[105.697517,21.1462502],[105.6962854,21.1446453],[105.6960423,21.1427429],[105.6909818,21.141715],[105.6864027,21.1401529],[105.6817243,21.1378495],[105.6754328,21.1337703],[105.6716048,21.1327295],[105.6676566,21.1327295],[105.6640517,21.1336582],[105.6613394,21.1355156],[105.6487395,21.1494128],[105.6386115,21.1621241],[105.6347319,21.1656619],[105.6305777,21.1681271],[105.6265464,21.1696465],[105.6263194,21.1733562],[105.6268536,21.1762565],[105.6267857,21.1777841],[105.6265051,21.1783506],[105.6246569,21.1795758],[105.6243833,21.1807354],[105.625621,21.1816509],[105.6282925,21.1806389],[105.6283402,21.1811706],[105.6287035,21.1813431],[105.6283983,21.1818054],[105.6279282,21.1816257],[105.6270582,21.1829973],[105.6293055,21.1848807],[105.6250584,21.1873829],[105.6247827,21.188056]]]}},{"type":"Feature","properties":{"name":"X\u00e3 Ti\u1ebfn Th\u1eafng","kind":"xa","osm_id":19335115},"geometry":{"type":"Polygon","coordinates":[[[105.6355607,21.2164607],[105.6359567,21.2174108],[105.6365466,21.2177765],[105.6382461,21.2178007],[105.6431394,21.215697],[105.6453607,21.2154431],[105.6557193,21.2188224],[105.6570955,21.2196143],[105.6585726,21.2210498],[105.6589093,21.2221746],[105.6586475,21.223196],[105.654369,21.2275824],[105.6534857,21.2274019],[105.6523689,21.2261489],[105.6512884,21.2256931],[105.6493002,21.226958],[105.6472402,21.2267513],[105.6454924,21.2269572],[105.6452649,21.2272342],[105.644078,21.2323903],[105.6440824,21.2334022],[105.6446601,21.234734],[105.6476102,21.2366545],[105.6514738,21.2381423],[105.6527805,21.2379839],[105.654341,21.2360459],[105.6560029,21.2349049],[105.6601039,21.2346589],[105.6625513,21.2354092],[105.6643881,21.2367867],[105.6659089,21.2390211],[105.6667615,21.239631],[105.6673805,21.2391993],[105.6683804,21.2362209],[105.6683026,21.2334614],[105.6705061,21.2328547],[105.6718813,21.2333705],[105.6732337,21.2360943],[105.6742485,21.2364274],[105.6752224,21.2349518],[105.6749877,21.2336648],[105.6712151,21.2306133],[105.672712,21.2291661],[105.6761665,21.2269444],[105.6771152,21.2271553],[105.6781976,21.2279789],[105.6790856,21.2291712],[105.6801815,21.2329692],[105.6809069,21.2343156],[105.6835398,21.2354098],[105.6857649,21.2354448],[105.6878527,21.2347519],[105.6888384,21.2338733],[105.6889302,21.233226],[105.6881051,21.2323474],[105.6861374,21.2318188],[105.6834497,21.2318584],[105.6824745,21.2311328],[105.6825517,21.2303452],[105.6833755,21.2297673],[105.6853726,21.2301628],[105.6853691,21.2298163],[105.6858652,21.2296657],[105.6858604,21.2264987],[105.6879687,21.2227867],[105.6887055,21.2224743],[105.6886746,21.2214987],[105.6896258,21.2211281],[105.6902384,21.2198771],[105.6912649,21.2207516],[105.6915604,21.2204267],[105.6920679,21.221277],[105.6933345,21.2215051],[105.695576,21.2161739],[105.6978648,21.2135723],[105.6982197,21.2139227],[105.697325,21.2183512],[105.6973615,21.2185988],[105.6987511,21.2185819],[105.6985675,21.2196673],[105.7011713,21.219746],[105.7018087,21.2186093],[105.7023575,21.2189208],[105.7032764,21.2213119],[105.7044853,21.220898],[105.7051105,21.2214427],[105.7059349,21.2212921],[105.706406,21.2203394],[105.7069042,21.2201679],[105.7075689,21.2204518],[105.7084124,21.2195137],[105.7098469,21.2196306],[105.7106159,21.2207356],[105.711273,21.2208368],[105.7106525,21.2218474],[105.7114227,21.2223781],[105.7118987,21.2223378],[105.7115856,21.2229025],[105.7122693,21.2232782],[105.7126888,21.2226112],[105.715648,21.2245159],[105.7176983,21.2228035],[105.7195367,21.2232682],[105.719968,21.2241689],[105.7196882,21.2246165],[105.7199828,21.2246032],[105.7201555,21.225176],[105.7210357,21.2257553],[105.7214234,21.2265537],[105.7211897,21.2271488],[105.721821,21.227846],[105.7247023,21.2247895],[105.7296205,21.2284608],[105.7346389,21.2331355],[105.7380548,21.2315164],[105.7407961,21.2316935],[105.7425472,21.2313352],[105.7470129,21.2291576],[105.7425946,21.2237365],[105.7280947,21.2041712],[105.7053588,21.1810316],[105.7033847,21.1782105],[105.7025199,21.1756957],[105.6901187,21.1869001],[105.6852785,21.1832733],[105.6840738,21.1828207],[105.6773001,21.1889666],[105.6779912,21.1914418],[105.6668077,21.2012716],[105.6638192,21.1987567],[105.6598129,21.2006639],[105.6599332,21.2010466],[105.6584326,21.2016538],[105.6588526,21.2023026],[105.658107,21.2024692],[105.6561783,21.2038824],[105.6540402,21.2045616],[105.653284,21.2053424],[105.6529018,21.2066007],[105.6450229,21.2053878],[105.6450663,21.2058144],[105.6417182,21.2065337],[105.6398707,21.2060519],[105.6392549,21.2055438],[105.638356,21.205854],[105.6385136,21.2072098],[105.6392441,21.2073928],[105.6395798,21.207931],[105.6392765,21.2119543],[105.6370835,21.2139376],[105.6355607,21.2164607]]]}},{"type":"Feature","properties":{"name":"X\u00e3 N\u1ed9i B\u00e0i","kind":"xa","osm_id":19338086},"geometry":{"type":"Polygon","coordinates":[[[105.7380548,21.2315164],[105.7328076,21.2339985],[105.731903,21.2356952],[105.7302379,21.2375176],[105.7302211,21.238517],[105.7309158,21.2383101],[105.7336213,21.2358509],[105.7352275,21.2353544],[105.7368374,21.2355718],[105.7382563,21.2369055],[105.7387166,21.2367401],[105.7390271,21.2369779],[105.740469,21.2387612],[105.7400642,21.2390093],[105.740652,21.2395882],[105.7417112,21.2388232],[105.7428425,21.2399966],[105.7444175,21.2393453],[105.7445617,21.238632],[105.7456597,21.2373294],[105.7459924,21.2376034],[105.7463363,21.2372674],[105.7479667,21.2392057],[105.7492034,21.2386888],[105.7502737,21.2373139],[105.7505676,21.2371795],[105.7507783,21.2374948],[105.7531297,21.2366574],[105.7538839,21.237593],[105.7547379,21.2372312],[105.755184,21.2377788],[105.7552891,21.2373305],[105.7564485,21.2380845],[105.7596911,21.2388495],[105.7594304,21.2398169],[105.7612166,21.2401544],[105.7616608,21.2397135],[105.7623125,21.2399564],[105.7621725,21.239583],[105.7625355,21.2387062],[105.7630963,21.238233],[105.7632991,21.238992],[105.7638599,21.2384558],[105.7644304,21.2385594],[105.7643351,21.238029],[105.7646942,21.2379334],[105.7656908,21.2406381],[105.7698272,21.2415667],[105.7697946,21.242461],[105.7700223,21.242461],[105.7697621,21.2449846],[105.7692499,21.2455833],[105.7699735,21.2463866],[105.7693637,21.2470762],[105.7700955,21.2481599],[105.7711525,21.2477886],[105.7723803,21.2489708],[105.7709086,21.249774],[105.7717542,21.2511154],[105.7743317,21.2531311],[105.7739008,21.2539495],[105.7773645,21.2570413],[105.7776654,21.2567457],[105.7776572,21.2590418],[105.7811077,21.2597995],[105.7801726,21.2609589],[105.7802702,21.2621486],[105.7807336,21.2616636],[105.7819045,21.2616712],[105.7822866,21.2620046],[105.7838153,21.2606179],[105.7853927,21.2623229],[105.7890597,21.2605421],[105.793627,21.2663314],[105.795644,21.2655915],[105.7969208,21.2690009],[105.7960196,21.2694608],[105.7975323,21.2713804],[105.7978864,21.2726801],[105.7973607,21.2735599],[105.7993991,21.2744097],[105.7990451,21.2751795],[105.7997854,21.2766292],[105.8010621,21.277359],[105.8018011,21.2788981],[105.8034957,21.2796618],[105.8027809,21.2808906],[105.8033267,21.2857339],[105.8076793,21.2846336],[105.8097748,21.2775949],[105.8120694,21.280016],[105.8187642,21.2848746],[105.8190092,21.2873589],[105.8218987,21.2878603],[105.8234436,21.2846413],[105.8235938,21.2830418],[105.8216626,21.2775532],[105.8226604,21.2764835],[105.8226712,21.2728144],[105.8237328,21.27092],[105.8213936,21.269909],[105.8197511,21.2681663],[105.8191494,21.2663326],[105.8194421,21.2647565],[105.8209382,21.262847],[105.8226945,21.2614528],[105.8231336,21.2590128],[105.8230848,21.2572396],[105.8249712,21.2564364],[105.8250362,21.2558908],[105.8254509,21.2556483],[105.8250525,21.2543146],[105.8259794,21.2525489],[105.8259469,21.2519048],[105.8221293,21.248881],[105.8208193,21.2497414],[105.8205907,21.2493235],[105.8192104,21.2494628],[105.8196324,21.2490613],[105.8193335,21.2487581],[105.8198962,21.2483976],[105.8181026,21.248291],[105.8165552,21.2474716],[105.8163178,21.2463408],[105.8155177,21.2457262],[105.816098,21.2414322],[105.814788,21.2409241],[105.8155353,21.239449],[105.8138994,21.2387029],[105.8142024,21.2380379],[105.8057604,21.2342528],[105.8081822,21.2294012],[105.8130819,21.2279182],[105.8117008,21.2233655],[105.8193344,21.2211377],[105.8231901,21.2195834],[105.8280179,21.2157552],[105.8271883,21.2138244],[105.825945,21.2122449],[105.8248376,21.2114931],[105.8190608,21.2131685],[105.8166305,21.2089183],[105.8221799,21.2073525],[105.8219675,21.2029934],[105.8222893,21.2029634],[105.8221928,21.2015131],[105.8249823,21.201383],[105.8248643,21.1983222],[105.8339605,21.1981217],[105.8348155,21.1928619],[105.8354436,21.1926915],[105.8355417,21.1915856],[105.8367232,21.1913983],[105.8372509,21.1902924],[105.8383418,21.1892136],[105.8360542,21.1866732],[105.8347402,21.1860633],[105.8324684,21.1875915],[105.8295957,21.1883813],[105.8284757,21.1883683],[105.8266071,21.1876794],[105.8228442,21.1869175],[105.8188202,21.184562],[105.8158662,21.1841087],[105.8129918,21.1845058],[105.8125615,21.1851721],[105.8126406,21.1857327],[105.8131057,21.1861013],[105.8151877,21.186781],[105.8152011,21.1874983],[105.8142379,21.1892775],[105.812146,21.1907715],[105.8096186,21.1910655],[105.8082912,21.1907839],[105.8046342,21.1889866],[105.8033531,21.1879181],[105.8012831,21.1873377],[105.799889,21.1875935],[105.7990856,21.1883494],[105.7976906,21.190985],[105.7954036,21.1924796],[105.7937101,21.1923626],[105.7903159,21.1905456],[105.7897403,21.1912074],[105.7887979,21.1957193],[105.7876767,21.1970717],[105.7841456,21.1986102],[105.7793201,21.1995334],[105.7775666,21.2003205],[105.7751807,21.2025104],[105.7714642,21.2050727],[105.7702094,21.2071096],[105.769456,21.209943],[105.7694039,21.211223],[105.7698507,21.2117907],[105.7692809,21.2136894],[105.7682255,21.2140742],[105.765319,21.2130935],[105.7627858,21.2130459],[105.7618115,21.2133873],[105.7607761,21.2143053],[105.7590693,21.2169831],[105.7587833,21.221364],[105.7580701,21.2228099],[105.7572368,21.2229142],[105.7552108,21.2215958],[105.7537331,21.2218261],[105.7528687,21.2233574],[105.7520771,21.2260974],[105.7502752,21.2277939],[105.7436947,21.2305627],[105.7425472,21.2313352],[105.7407961,21.2316935],[105.7380548,21.2315164]]]}},{"type":"Feature","properties":{"name":"X\u00e3 S\u00f3c S\u01a1n","kind":"xa","osm_id":19338087},"geometry":{"type":"Polygon","coordinates":[[[105.8117008,21.2233655],[105.8130819,21.2279182],[105.8081822,21.2294012],[105.8057604,21.2342528],[105.8142024,21.2380379],[105.8138994,21.2387029],[105.8155353,21.239449],[105.814788,21.2409241],[105.816098,21.2414322],[105.8155177,21.2457262],[105.8163178,21.2463408],[105.8165552,21.2474716],[105.8181026,21.248291],[105.8198962,21.2483976],[105.8193335,21.2487581],[105.8196324,21.2490613],[105.8192104,21.2494628],[105.8205907,21.2493235],[105.8208193,21.2497414],[105.8221293,21.248881],[105.8259469,21.2519048],[105.8259794,21.2525489],[105.8250525,21.2543146],[105.8254509,21.2556483],[105.8250362,21.2558908],[105.8249712,21.2564364],[105.8230848,21.2572396],[105.8231336,21.2590128],[105.8226945,21.2614528],[105.8209382,21.262847],[105.8194421,21.2647565],[105.8191494,21.2663326],[105.8197511,21.2681663],[105.8213936,21.269909],[105.8237328,21.27092],[105.8226712,21.2728144],[105.8226604,21.2764835],[105.8216626,21.2775532],[105.8235938,21.2830418],[105.8234436,21.2846413],[105.8218987,21.2878603],[105.8238967,21.2910796],[105.8238109,21.2984369],[105.8307583,21.3005984],[105.8317668,21.3013981],[105.8332045,21.3018978],[105.8339857,21.301702],[105.8351711,21.3002678],[105.8388486,21.2984815],[105.8417679,21.2950389],[105.8443649,21.2957128],[105.8470054,21.2958833],[105.8516241,21.2975397],[105.8518316,21.2966846],[105.8532427,21.2965927],[105.8533413,21.2961474],[105.8539179,21.2963524],[105.8550103,21.2960201],[105.8558296,21.2950659],[105.8569904,21.2947054],[105.8574026,21.2939872],[105.8568104,21.2932104],[105.856086,21.2930711],[105.8559767,21.2925943],[105.8567241,21.2915122],[105.8563792,21.2902962],[105.8573163,21.2902105],[105.8571553,21.2891605],[105.85861,21.2882551],[105.8594264,21.2882069],[105.8598173,21.2874462],[105.8602655,21.2877141],[105.863048,21.2871998],[105.8651695,21.2873605],[105.8663705,21.2926149],[105.8670154,21.2923388],[105.867425,21.2929153],[105.867791,21.292623],[105.868279,21.2932482],[105.871225,21.2946691],[105.8713644,21.294182],[105.8720006,21.29432],[105.8726977,21.2951725],[105.8730986,21.2950426],[105.8727587,21.294255],[105.873177,21.29337],[105.873848,21.2936623],[105.8744058,21.2932157],[105.8767848,21.2932482],[105.8798262,21.2946123],[105.8799395,21.2937354],[105.8822074,21.293857],[105.8831485,21.2935311],[105.8837565,21.2927939],[105.8849226,21.2925223],[105.8856804,21.2911653],[105.8857824,21.2907484],[105.8854214,21.2906533],[105.8854763,21.2904047],[105.8858609,21.2904632],[105.8867714,21.2887591],[105.8866301,21.2864334],[105.8861121,21.2864041],[105.8854135,21.2854972],[105.885649,21.2850876],[105.8865987,21.2849926],[105.8862612,21.2833396],[105.8868499,21.2824693],[105.8861513,21.2823669],[105.8858648,21.2818741],[105.8853075,21.2821813],[105.8846874,21.2819912],[105.8844363,21.2811501],[105.8849229,21.2802358],[105.8849622,21.2784951],[105.8843421,21.2753719],[105.882058,21.2763301],[105.8815164,21.277771],[105.8809041,21.2784073],[105.8787064,21.2779904],[105.8783688,21.2775589],[105.8790282,21.2770834],[105.8787456,21.2762642],[105.8791852,21.2762569],[105.8794756,21.2752695],[105.8812416,21.2763959],[105.8819394,21.2754725],[105.881002,21.2717712],[105.8822863,21.2705407],[105.8822656,21.2693246],[105.8832236,21.2683015],[105.8834929,21.2668972],[105.8830424,21.2666076],[105.8845804,21.2638134],[105.8845545,21.2631088],[105.8840004,21.2622642],[105.884482,21.2617141],[105.8847565,21.2617768],[105.8846892,21.2625634],[105.8855747,21.2631426],[105.885766,21.2621843],[105.8858503,21.2587707],[105.8850009,21.2584058],[105.8849842,21.2576763],[105.884388,21.2567539],[105.8848412,21.2560798],[105.8841814,21.2556612],[105.8847338,21.254887],[105.8851949,21.2516642],[105.8856997,21.2512086],[105.8862402,21.2512605],[105.8861369,21.2504825],[105.8868642,21.249775],[105.8869113,21.2485406],[105.8874114,21.2484508],[105.8872547,21.2469628],[105.8876523,21.2466933],[105.887327,21.2468112],[105.8867728,21.246362],[105.8869354,21.2461824],[105.885586,21.2452727],[105.8841883,21.2456826],[105.883381,21.2444473],[105.8824584,21.2449516],[105.8811435,21.2440835],[105.8803925,21.2413522],[105.8746272,21.2422379],[105.8741907,21.2429118],[105.8735578,21.2431174],[105.8728016,21.2390553],[105.871769,21.2390553],[105.8718096,21.238737],[105.8713624,21.2386915],[105.8709396,21.2391917],[105.8698826,21.2386006],[105.8695411,21.2376457],[105.8695411,21.2362538],[105.868915,21.2356626],[105.8637193,21.2331313],[105.8625973,21.2341999],[105.8620037,21.234018],[105.861852,21.2282915],[105.8661433,21.225861],[105.8660618,21.2256584],[105.8715618,21.2245445],[105.8714939,21.2229114],[105.8781074,21.2194935],[105.8830505,21.2181642],[105.8835928,21.2198859],[105.8856433,21.2188306],[105.8853384,21.2169369],[105.8848315,21.2163806],[105.8843149,21.2163031],[105.8845761,21.2162201],[105.8842246,21.215176],[105.8847415,21.2136051],[105.883666,21.2127536],[105.883306,21.213022],[105.8831485,21.2125606],[105.8825905,21.2124012],[105.8824285,21.2120991],[105.8827525,21.211902],[105.8824375,21.2112014],[105.882811,21.21087],[105.8817303,21.2111637],[105.8812288,21.2106524],[105.8812758,21.2102361],[105.8807509,21.2101703],[105.8805159,21.2096591],[105.8808763,21.2094326],[105.8808371,21.2079353],[105.8829525,21.2073656],[105.8829446,21.2071172],[105.8810565,21.2076139],[105.8806882,21.2047068],[105.8798342,21.2045754],[105.8799674,21.2042321],[105.879654,21.2041517],[105.8798187,21.203116],[105.8786984,21.2030934],[105.8756198,21.2018225],[105.8750407,21.2018848],[105.8741637,21.2027023],[105.8723929,21.2061646],[105.8717739,21.2062783],[105.8712822,21.2054999],[105.8714306,21.2035171],[105.8728504,21.2008324],[105.8724885,21.1990305],[105.8718209,21.1978267],[105.8701929,21.1971908],[105.8670481,21.1977132],[105.8665822,21.198728],[105.8673904,21.2001801],[105.8672288,21.2006435],[105.8654478,21.2008265],[105.8632282,21.2000738],[105.8623668,21.1993484],[105.8611866,21.1971027],[105.8591491,21.1950304],[105.8486078,21.1896102],[105.846763,21.1889342],[105.8447563,21.1887592],[105.8418187,21.190146],[105.8407464,21.1903408],[105.8391314,21.1899159],[105.8383418,21.1892136],[105.8372509,21.1902924],[105.8367232,21.1913983],[105.8355417,21.1915856],[105.8354436,21.1926915],[105.8348155,21.1928619],[105.8339605,21.1981217],[105.8248643,21.1983222],[105.8249823,21.201383],[105.8221928,21.2015131],[105.8222893,21.2029634],[105.8219675,21.2029934],[105.8221799,21.2073525],[105.8166305,21.2089183],[105.8190608,21.2131685],[105.8248376,21.2114931],[105.825945,21.2122449],[105.8271883,21.2138244],[105.8280179,21.2157552],[105.8231901,21.2195834],[105.8193344,21.2211377],[105.8117008,21.2233655]]]}},{"type":"Feature","properties":{"name":"X\u00e3 \u0110a Ph\u00fac","kind":"xa","osm_id":19338088},"geometry":{"type":"Polygon","coordinates":[[[105.861852,21.2282915],[105.8620037,21.234018],[105.8625973,21.2341999],[105.8637193,21.2331313],[105.866866,21.2344424],[105.8695411,21.2362538],[105.8695411,21.2376457],[105.8698826,21.2386006],[105.8709396,21.2391917],[105.8713624,21.2386915],[105.8718096,21.238737],[105.871769,21.2390553],[105.8728016,21.2390553],[105.8735578,21.2431174],[105.8741907,21.2429118],[105.8746272,21.2422379],[105.8803925,21.2413522],[105.8811435,21.2440835],[105.8824584,21.2449516],[105.883381,21.2444473],[105.8841883,21.2456826],[105.885586,21.2452727],[105.8869354,21.2461824],[105.8867728,21.246362],[105.887327,21.2468112],[105.8876523,21.2466933],[105.8872547,21.2469628],[105.8874114,21.2484508],[105.8869113,21.2485406],[105.8868642,21.249775],[105.8861369,21.2504825],[105.8862402,21.2512605],[105.8856997,21.2512086],[105.8851949,21.2516642],[105.8847338,21.254887],[105.8841814,21.2556612],[105.8848412,21.2560798],[105.884388,21.2567539],[105.8849842,21.2576763],[105.8850009,21.2584058],[105.8858503,21.2587707],[105.885766,21.2621843],[105.8855747,21.2631426],[105.8846892,21.2625634],[105.8847565,21.2617768],[105.884482,21.2617141],[105.8840004,21.2622642],[105.8845545,21.2631088],[105.8845804,21.2638134],[105.8830424,21.2666076],[105.8834929,21.2668972],[105.8832236,21.2683015],[105.8822656,21.2693246],[105.8822863,21.2705407],[105.881002,21.2717712],[105.8819394,21.2754725],[105.8812416,21.2763959],[105.8794756,21.2752695],[105.8791852,21.2762569],[105.8787456,21.2762642],[105.8790282,21.2770834],[105.8783688,21.2775589],[105.8787064,21.2779904],[105.8809041,21.2784073],[105.8815164,21.277771],[105.882058,21.2763301],[105.8843421,21.2753719],[105.8849622,21.2784951],[105.8849229,21.2802358],[105.8844363,21.2811501],[105.8846874,21.2819912],[105.8853075,21.2821813],[105.8858648,21.2818741],[105.8861513,21.2823669],[105.8868499,21.2824693],[105.8862612,21.2833396],[105.8865987,21.2849926],[105.885649,21.2850876],[105.8854135,21.2854972],[105.8861121,21.2864041],[105.8866301,21.2864334],[105.8867714,21.2887591],[105.8858609,21.2904632],[105.8854763,21.2904047],[105.8854214,21.2906533],[105.8857824,21.2907484],[105.8856804,21.2911653],[105.8849226,21.2925223],[105.8837565,21.2927939],[105.8831485,21.2935311],[105.8822074,21.293857],[105.8810462,21.2937841],[105.8815778,21.2951238],[105.8813338,21.2972998],[105.880811,21.2983554],[105.8812118,21.2996577],[105.8808632,21.2998038],[105.881055,21.3002098],[105.8801312,21.3003884],[105.8800266,21.3008188],[105.8803839,21.3009162],[105.8794863,21.303019],[105.8803839,21.3037498],[105.8806279,21.3043749],[105.8810201,21.3040664],[105.8802968,21.30677],[105.8810637,21.3067538],[105.8804199,21.3080203],[105.8808382,21.3085561],[105.8807859,21.3097252],[105.8815876,21.3103747],[105.881239,21.3105939],[105.8815527,21.3112921],[105.8814395,21.3128915],[105.8817619,21.3127291],[105.8819885,21.3130376],[105.8824068,21.312721],[105.8855462,21.3146045],[105.8912182,21.3155379],[105.8961093,21.316918],[105.8960395,21.317679],[105.8991591,21.3177439],[105.8992364,21.3152585],[105.8975418,21.3104767],[105.8973572,21.3087901],[105.8980039,21.3068632],[105.9009698,21.3041979],[105.9027826,21.3029723],[105.9052748,21.3020335],[105.9090678,21.3016501],[105.9106785,21.302204],[105.9160436,21.305532],[105.9169933,21.305672],[105.9178211,21.3048871],[105.9179519,21.3041242],[105.915932,21.2968948],[105.9161567,21.2956595],[105.9168871,21.2947846],[105.9184516,21.2941591],[105.9227683,21.2939721],[105.9251128,21.2942133],[105.9279454,21.295105],[105.929708,21.295186],[105.931523,21.2943776],[105.931804,21.292888],[105.931158,21.2917665],[105.9302246,21.2911365],[105.9269863,21.290374],[105.9242832,21.2885017],[105.9231326,21.2871833],[105.9225533,21.2781314],[105.9230108,21.2707613],[105.9246756,21.2676491],[105.9297852,21.2612697],[105.9321162,21.2563754],[105.9338022,21.2536076],[105.9383145,21.2478897],[105.9390183,21.2461083],[105.9389124,21.2451239],[105.9378752,21.2433987],[105.9360416,21.2452234],[105.9335057,21.2454266],[105.9338573,21.24268],[105.9330807,21.2424156],[105.9329153,21.2416949],[105.932014,21.2414823],[105.9317234,21.2419127],[105.9309217,21.2420327],[105.9304398,21.2417714],[105.9304768,21.2414825],[105.9296113,21.2414398],[105.9291422,21.2403098],[105.9281027,21.2402766],[105.9279522,21.2393979],[105.9270924,21.2383839],[105.9217346,21.2349713],[105.9209438,21.2351358],[105.9205146,21.232714],[105.9207454,21.2321314],[105.9193531,21.2311324],[105.9176509,21.2313571],[105.9159124,21.2321787],[105.913572,21.2323016],[105.912686,21.231083],[105.9117216,21.2316298],[105.911491,21.2320932],[105.910648,21.2317829],[105.9093691,21.2320752],[105.9092226,21.2314612],[105.9079197,21.231647],[105.9068259,21.2322261],[105.9054916,21.2311185],[105.9054183,21.2305675],[105.906775,21.2292053],[105.9053464,21.227872],[105.905393,21.2273084],[105.9043102,21.2274123],[105.9040885,21.2231491],[105.9048948,21.222478],[105.9054912,21.222443],[105.9065562,21.2228511],[105.909428,21.2249977],[105.9100428,21.2249216],[105.9106304,21.2244051],[105.9119506,21.2213089],[105.9144129,21.2185795],[105.9151318,21.2170453],[105.9157429,21.2091948],[105.9155324,21.2084588],[105.9150435,21.2081271],[105.9116811,21.2080796],[105.9103295,21.2076709],[105.9098676,21.2071615],[105.9104972,21.2055991],[105.9136201,21.2035457],[105.9137319,21.2030451],[105.9095131,21.2003652],[105.9070701,21.1967699],[105.9066119,21.1945402],[105.9070068,21.1930681],[105.9070071,21.1908258],[105.9056149,21.1830111],[105.905162,21.182634],[105.9021748,21.1826656],[105.900268,21.1817437],[105.90055,21.1800661],[105.9016801,21.1786882],[105.9014102,21.1780074],[105.8982991,21.1775766],[105.8964182,21.1769155],[105.8959128,21.1772298],[105.8960515,21.1781355],[105.8979709,21.1802467],[105.8985576,21.1813149],[105.8986677,21.1823675],[105.898117,21.1833561],[105.8953492,21.1851284],[105.8928496,21.1845161],[105.8894256,21.1852298],[105.8884958,21.1859613],[105.8874139,21.1895316],[105.8869079,21.1899039],[105.88518,21.1894636],[105.8826842,21.1878052],[105.8802173,21.1870668],[105.8772179,21.1865643],[105.8765775,21.1867768],[105.8760014,21.1883095],[105.8763368,21.1889351],[105.8775037,21.1892285],[105.8788733,21.188568],[105.8798773,21.1884499],[105.8810941,21.1888159],[105.8820407,21.1895605],[105.8831857,21.19112],[105.8840487,21.1946334],[105.8859432,21.198591],[105.8867507,21.1993535],[105.8896387,21.2005303],[105.8910053,21.2014697],[105.8918278,21.2023094],[105.8918832,21.2028945],[105.891367,21.2035717],[105.8892468,21.2046907],[105.88746,21.2056213],[105.8866201,21.2056573],[105.8853929,21.2052087],[105.8840368,21.2039257],[105.8829045,21.2033212],[105.8798187,21.203116],[105.879654,21.2041517],[105.8799674,21.2042321],[105.8798342,21.2045754],[105.8806882,21.2047068],[105.8810565,21.2076139],[105.8829446,21.2071172],[105.8829525,21.2073656],[105.8808371,21.2079353],[105.8808763,21.2094326],[105.8805159,21.2096591],[105.8807509,21.2101703],[105.8812758,21.2102361],[105.8812288,21.2106524],[105.8817303,21.2111637],[105.882811,21.21087],[105.8824375,21.2112014],[105.8827525,21.211902],[105.8824285,21.2120991],[105.8825905,21.2124012],[105.8831485,21.2125606],[105.883306,21.213022],[105.883666,21.2127536],[105.8847415,21.2136051],[105.8842246,21.215176],[105.8845761,21.2162201],[105.8843149,21.2163031],[105.8848315,21.2163806],[105.8853384,21.2169369],[105.8856433,21.2188306],[105.8835928,21.2198859],[105.8830505,21.2181642],[105.8792074,21.219101],[105.8714939,21.2229114],[105.8715618,21.2245445],[105.8660618,21.2256584],[105.8661433,21.225861],[105.861852,21.2282915]]]}},{"type":"Feature","properties":{"name":"X\u00e3 Trung Gi\u00e3","kind":"xa","osm_id":19338089},"geometry":{"type":"Polygon","coordinates":[[[105.7846913,21.3595622],[105.7864075,21.3628619],[105.7867811,21.3648682],[105.7869505,21.3669001],[105.7858213,21.3704009],[105.7860195,21.3709448],[105.7869686,21.3707444],[105.7871223,21.3720341],[105.7880687,21.3716898],[105.788791,21.3727292],[105.789727,21.3733956],[105.7879359,21.3758322],[105.7894262,21.3761479],[105.7902264,21.3778978],[105.7911167,21.3780845],[105.7911794,21.378537],[105.7918177,21.3785211],[105.7923864,21.3789757],[105.7923778,21.3795407],[105.7929607,21.3792687],[105.7947668,21.3797184],[105.7953399,21.3807009],[105.7952678,21.3812599],[105.7967804,21.381178],[105.7965472,21.3818161],[105.7970863,21.3819483],[105.7965632,21.3822954],[105.7966912,21.382509],[105.7976688,21.3823707],[105.7990864,21.3815856],[105.7995689,21.3834205],[105.8003461,21.3849266],[105.8010216,21.3854144],[105.8014801,21.385354],[105.8017102,21.3847017],[105.8037201,21.3845598],[105.8037211,21.3837059],[105.8048276,21.3823535],[105.8055302,21.3828232],[105.8064696,21.3826987],[105.8072785,21.3829873],[105.8103025,21.3817971],[105.8115724,21.3818554],[105.8127961,21.3806119],[105.8134145,21.3809852],[105.8132717,21.3821218],[105.8135879,21.3827932],[105.8148503,21.3832554],[105.8159192,21.3830244],[105.8165145,21.3826912],[105.8166843,21.3818861],[105.8183357,21.3811203],[105.8191189,21.3800288],[105.8210727,21.3793735],[105.8213705,21.3779653],[105.8235446,21.3782005],[105.8238462,21.3776469],[105.8253431,21.3767702],[105.8289043,21.3760708],[105.8297662,21.3752459],[105.8303723,21.3756884],[105.8307363,21.3751622],[105.8303867,21.3746334],[105.8309071,21.3745826],[105.8317449,21.3733165],[105.8321346,21.3732365],[105.8330606,21.3734497],[105.8340238,21.3730261],[105.8340085,21.373698],[105.8349815,21.3734662],[105.8361431,21.3744125],[105.8364787,21.3752576],[105.8368729,21.3751372],[105.8371902,21.3763153],[105.8396952,21.3771567],[105.8405819,21.3770451],[105.8413231,21.3775223],[105.8447886,21.376866],[105.8451939,21.3772804],[105.8471703,21.3774927],[105.8485722,21.3749283],[105.8494638,21.3743918],[105.8555854,21.3765517],[105.8564891,21.376457],[105.8582908,21.3752486],[105.8587383,21.3744618],[105.8585975,21.3734076],[105.8575099,21.3716819],[105.8577598,21.3699495],[105.8556666,21.3665061],[105.8546694,21.3658063],[105.8529462,21.3626976],[105.8527446,21.3611027],[105.8531564,21.3591349],[105.8517245,21.3576905],[105.8515701,21.3559331],[105.8519598,21.3551286],[105.8539438,21.3539012],[105.854715,21.3525269],[105.8544329,21.3519693],[105.852579,21.3507524],[105.8524548,21.3492472],[105.8527969,21.3485061],[105.8539474,21.34786],[105.8560993,21.3473893],[105.8581419,21.3463419],[105.8592231,21.3453536],[105.8590275,21.3448045],[105.8580659,21.3448545],[105.8565027,21.345647],[105.8557726,21.3441269],[105.8558782,21.3424493],[105.8571682,21.3409821],[105.8580593,21.3387323],[105.8597755,21.3378039],[105.862356,21.3382956],[105.8629025,21.3380043],[105.863286,21.3361448],[105.8659334,21.3332819],[105.8661685,21.3300402],[105.8668367,21.3283854],[105.8683213,21.3272526],[105.8692523,21.3274655],[105.8705225,21.3293825],[105.8711253,21.3297968],[105.8739196,21.3284278],[105.8760444,21.327771],[105.8843473,21.3273734],[105.8885759,21.3264833],[105.8923021,21.3261864],[105.8981323,21.3267545],[105.8996982,21.3243293],[105.8990783,21.3211025],[105.8991591,21.3177439],[105.8960395,21.317679],[105.8961093,21.316918],[105.8912182,21.3155379],[105.8855462,21.3146045],[105.8824068,21.312721],[105.8819885,21.3130376],[105.8817619,21.3127291],[105.8814395,21.3128915],[105.8815527,21.3112921],[105.881239,21.3105939],[105.8815876,21.3103747],[105.8807859,21.3097252],[105.8808382,21.3085561],[105.8804199,21.3080203],[105.8810637,21.3067538],[105.8802968,21.30677],[105.8810201,21.3040664],[105.8806279,21.3043749],[105.8803839,21.3037498],[105.8794863,21.303019],[105.8803839,21.3009162],[105.8800266,21.3008188],[105.8801312,21.3003884],[105.881055,21.3002098],[105.8808632,21.2998038],[105.8812118,21.2996577],[105.880811,21.2983554],[105.8813338,21.2972998],[105.8815778,21.2951238],[105.8810462,21.2937841],[105.8799395,21.2937354],[105.8798262,21.2946123],[105.8767848,21.2932482],[105.8744058,21.2932157],[105.873848,21.2936623],[105.873177,21.29337],[105.8727587,21.294255],[105.8730986,21.2950426],[105.8726977,21.2951725],[105.8720006,21.29432],[105.8713644,21.294182],[105.871225,21.2946691],[105.868279,21.2932482],[105.867791,21.292623],[105.867425,21.2929153],[105.8670154,21.2923388],[105.8663705,21.2926149],[105.8651695,21.2873605],[105.863048,21.2871998],[105.8602655,21.2877141],[105.8598173,21.2874462],[105.8594264,21.2882069],[105.85861,21.2882551],[105.8571553,21.2891605],[105.8573163,21.2902105],[105.8563792,21.2902962],[105.8567241,21.2915122],[105.8559767,21.2925943],[105.856086,21.2930711],[105.8568104,21.2932104],[105.8574026,21.2939872],[105.8569904,21.2947054],[105.8558296,21.2950659],[105.8550103,21.2960201],[105.8539179,21.2963524],[105.8533413,21.2961474],[105.8532427,21.2965927],[105.8518316,21.2966846],[105.8516241,21.2975397],[105.8470054,21.2958833],[105.8443649,21.2957128],[105.8417679,21.2950389],[105.8388486,21.2984815],[105.8351711,21.3002678],[105.8339857,21.301702],[105.8332045,21.3018978],[105.8317668,21.3013981],[105.8307583,21.3005984],[105.8238109,21.2984369],[105.8238967,21.2910796],[105.8232959,21.28974],[105.8218987,21.2878603],[105.8190092,21.2873589],[105.8187642,21.2848746],[105.8120694,21.280016],[105.8097748,21.2775949],[105.8076793,21.2846336],[105.8033267,21.2857339],[105.8003575,21.2858283],[105.7989235,21.2871959],[105.7979957,21.2884534],[105.7962411,21.292226],[105.7943516,21.2946624],[105.7938455,21.2992836],[105.7931876,21.3009654],[105.7923272,21.3018456],[105.788782,21.303178],[105.7887097,21.3120171],[105.7889457,21.3140961],[105.7901044,21.3155754],[105.7914348,21.3165948],[105.7967349,21.3188137],[105.7977619,21.3200397],[105.7980172,21.3211692],[105.7976556,21.3259052],[105.7998253,21.3283622],[105.7998041,21.3293332],[105.7987192,21.3319685],[105.7986979,21.3329196],[105.7975067,21.334802],[105.7979747,21.3367438],[105.7975682,21.3391435],[105.797654,21.3444598],[105.7933625,21.3459587],[105.7926037,21.3474335],[105.7894592,21.3505271],[105.7890905,21.351534],[105.7871291,21.3531335],[105.7863417,21.3546827],[105.7865654,21.3572423],[105.7846913,21.3595622]]]}},{"type":"Feature","properties":{"name":"X\u00e3 Kim Anh","kind":"xa","osm_id":19338090},"geometry":{"type":"Polygon","coordinates":[[[105.7244755,21.2661678],[105.7260228,21.2668954],[105.7273771,21.2681133],[105.7289777,21.2685857],[105.7293956,21.2695629],[105.7290934,21.2700129],[105.7257958,21.2715773],[105.7252992,21.2723135],[105.7254336,21.2730881],[105.7262178,21.2733905],[105.7278578,21.2730062],[105.7288416,21.2740829],[105.728891,21.2752656],[105.7292415,21.2757944],[105.7324563,21.2750666],[105.7333715,21.2776426],[105.7335758,21.2793754],[105.7358597,21.2794674],[105.7359733,21.2804255],[105.7349996,21.2836216],[105.7352641,21.2843344],[105.7367711,21.2856331],[105.7363428,21.2869607],[105.7384354,21.2879305],[105.7388041,21.2877249],[105.738929,21.2866026],[105.7393635,21.2865191],[105.7397341,21.286701],[105.7397604,21.2876188],[105.74102,21.2872257],[105.7419555,21.2873031],[105.7424048,21.2880009],[105.7423881,21.2890303],[105.7415836,21.289792],[105.7407304,21.2900557],[105.7407796,21.2906621],[105.7415666,21.291005],[105.7423944,21.2902866],[105.7427873,21.2903282],[105.7429395,21.2907499],[105.7423911,21.2919437],[105.7433315,21.2929252],[105.7448386,21.2918029],[105.7452315,21.2918445],[105.745514,21.2937504],[105.7462388,21.2944383],[105.7476566,21.2943541],[105.7491324,21.2959428],[105.7534125,21.2950733],[105.7527907,21.2973599],[105.754123,21.2978766],[105.7552157,21.2998481],[105.7562248,21.30001],[105.7571078,21.3005803],[105.7565377,21.3017251],[105.7594747,21.3033254],[105.7585304,21.3042424],[105.7608074,21.3066803],[105.7603495,21.3082937],[105.7612419,21.311065],[105.7625269,21.3134937],[105.7645285,21.3159544],[105.7674674,21.3182594],[105.7687041,21.3197537],[105.7706583,21.3240602],[105.7718613,21.3253443],[105.772265,21.32627],[105.7722696,21.3282996],[105.7736327,21.3323157],[105.7761736,21.3353936],[105.7763325,21.3358683],[105.7758858,21.3368138],[105.7796924,21.3389894],[105.7829807,21.342816],[105.7850086,21.3428252],[105.7849923,21.3483012],[105.7829038,21.3535241],[105.7863417,21.3546827],[105.7865375,21.3538631],[105.7890905,21.351534],[105.7894592,21.3505271],[105.7926037,21.3474335],[105.7933625,21.3459587],[105.797654,21.3444598],[105.7975682,21.3391435],[105.7979747,21.3367438],[105.7975067,21.334802],[105.7986979,21.3329196],[105.7987192,21.3319685],[105.7998041,21.3293332],[105.7998253,21.3283622],[105.7976556,21.3259052],[105.7980172,21.3211692],[105.7977619,21.3200397],[105.7967349,21.3188137],[105.7914348,21.3165948],[105.7901044,21.3155754],[105.7889457,21.3140961],[105.7887097,21.3120171],[105.788782,21.303178],[105.7923272,21.3018456],[105.7931876,21.3009654],[105.7938455,21.2992836],[105.7943516,21.2946624],[105.7962411,21.292226],[105.7979957,21.2884534],[105.7989235,21.2871959],[105.8003575,21.2858283],[105.8033267,21.2857339],[105.8027809,21.2808906],[105.8034957,21.2796618],[105.8018011,21.2788981],[105.8010621,21.277359],[105.7997854,21.2766292],[105.7990451,21.2751795],[105.7993991,21.2744097],[105.7973607,21.2735599],[105.7978864,21.2726801],[105.7975323,21.2713804],[105.7960196,21.2694608],[105.7969208,21.2690009],[105.795644,21.2655915],[105.793627,21.2663314],[105.7890597,21.2605421],[105.7853927,21.2623229],[105.7838153,21.2606179],[105.7822866,21.2620046],[105.7819045,21.2616712],[105.7807336,21.2616636],[105.7802702,21.2621486],[105.7801726,21.2609589],[105.7811077,21.2597995],[105.7776572,21.2590418],[105.7776654,21.2567457],[105.7773645,21.2570413],[105.7739008,21.2539495],[105.7743317,21.2531311],[105.7717542,21.2511154],[105.7709086,21.249774],[105.7723803,21.2489708],[105.7711525,21.2477886],[105.7700955,21.2481599],[105.7693637,21.2470762],[105.7699735,21.2463866],[105.7692499,21.2455833],[105.7697621,21.2449846],[105.7700223,21.242461],[105.7697946,21.242461],[105.7698272,21.2415667],[105.7656908,21.2406381],[105.7646942,21.2379334],[105.7643351,21.238029],[105.7644304,21.2385594],[105.7638599,21.2384558],[105.7632991,21.238992],[105.7630963,21.238233],[105.7625355,21.2387062],[105.7621725,21.239583],[105.7623125,21.2399564],[105.7616608,21.2397135],[105.7612166,21.2401544],[105.7594304,21.2398169],[105.7596911,21.2388495],[105.7564485,21.2380845],[105.7552891,21.2373305],[105.755184,21.2377788],[105.7547379,21.2372312],[105.7538839,21.237593],[105.7531297,21.2366574],[105.7507783,21.2374948],[105.7505676,21.2371795],[105.7502737,21.2373139],[105.7492034,21.2386888],[105.7479667,21.2392057],[105.7463363,21.2372674],[105.7459924,21.2376034],[105.7456597,21.2373294],[105.7445617,21.238632],[105.7444175,21.2393453],[105.7428425,21.2399966],[105.7417112,21.2388232],[105.740652,21.2395882],[105.7400642,21.2390093],[105.740469,21.2387612],[105.7396261,21.2375672],[105.7387166,21.2367401],[105.7382563,21.2369055],[105.7375564,21.2364095],[105.7360026,21.2403989],[105.7346938,21.2417201],[105.732261,21.2421591],[105.7284279,21.2408091],[105.7274124,21.24091],[105.7251643,21.2423537],[105.7253288,21.2428417],[105.7270384,21.243436],[105.7290132,21.2470987],[105.7291845,21.2487602],[105.728558,21.2495992],[105.7263477,21.2507154],[105.723483,21.2511802],[105.7232872,21.2514475],[105.7240192,21.2529125],[105.7246835,21.2575906],[105.723771,21.2627122],[105.7244755,21.2661678]]]}},{"type":"Feature","properties":{"name":"Ph\u01b0\u1eddng T\u1eeb Li\u00eam","kind":"phuong","osm_id":19338313},"geometry":{"type":"Polygon","coordinates":[[[105.7537573,21.0186726],[105.755169,21.0219986],[105.7552214,21.022776],[105.7543239,21.0244415],[105.7542343,21.0254059],[105.7579379,21.0296402],[105.7586212,21.0308228],[105.7588439,21.0340366],[105.7585526,21.0383606],[105.7606735,21.0400505],[105.7614552,21.0416514],[105.7769513,21.0368813],[105.7805736,21.0366027],[105.7787077,21.0255679],[105.7787077,21.0236351],[105.7790832,21.0220628],[105.7804673,21.0197194],[105.7923279,21.0051517],[105.7879459,21.0025666],[105.7859294,21.002096],[105.7838316,21.0020581],[105.7628208,21.0063691],[105.7633215,21.0081581],[105.7627849,21.009435],[105.7622223,21.0102634],[105.7577002,21.0137638],[105.7540436,21.0177879],[105.7537573,21.0186726]]]}},{"type":"Feature","properties":{"name":"Ph\u01b0\u1eddng \u0110\u1ea1i M\u1ed7","kind":"phuong","osm_id":19338314},"geometry":{"type":"Polygon","coordinates":[[[105.7526722,20.9916197],[105.7598468,20.9919928],[105.7628022,20.9969881],[105.7622375,20.9977283],[105.7628326,21.0004787],[105.761863,21.0029406],[105.7628208,21.0063691],[105.7838316,21.0020581],[105.7859294,21.002096],[105.7879459,21.0025666],[105.7923279,21.0051517],[105.7969611,20.999496],[105.7901581,20.9947901],[105.7954563,20.9917333],[105.7987384,20.9883254],[105.792346,20.9837354],[105.7910197,20.9852574],[105.7864091,20.9856433],[105.7840789,20.9865921],[105.7814921,20.9886629],[105.7808284,20.9888672],[105.7760811,20.9856467],[105.7749279,20.9858929],[105.7733568,20.9848879],[105.7728386,20.9854614],[105.7721358,20.98516],[105.7716595,20.9857806],[105.7681407,20.9834497],[105.7673187,20.9834042],[105.7669373,20.9847527],[105.7659272,20.984543],[105.7660663,20.9830231],[105.7647552,20.9829025],[105.7641513,20.9801265],[105.7615828,20.97966],[105.7546149,20.9847393],[105.7537276,20.9865096],[105.7526722,20.9916197]]]}},{"type":"Feature","properties":{"name":"Ph\u01b0\u1eddng Thanh Li\u1ec7t","kind":"phuong","osm_id":19338315},"geometry":{"type":"Polygon","coordinates":[[[105.7921002,20.9697092],[105.7936575,20.9712463],[105.7940402,20.9729903],[105.793659,20.973713],[105.7948616,20.974012],[105.7948739,20.973615],[105.7960684,20.9737665],[105.7999935,20.974973],[105.7988574,20.9770987],[105.798668,20.9783551],[105.7971903,20.9780898],[105.7923657,20.9837506],[105.8032196,20.9914997],[105.8100453,20.9823151],[105.8063997,20.9800144],[105.8086924,20.9768783],[105.8069516,20.9732349],[105.8178932,20.967007],[105.8190316,20.9677283],[105.8212107,20.9705603],[105.8216115,20.9719253],[105.8250241,20.9715625],[105.8249893,20.9707413],[105.8237194,20.967736],[105.8180924,20.963129],[105.8130036,20.9602276],[105.8132394,20.9597416],[105.8139468,20.9594607],[105.815825,20.9599011],[105.817469,20.9597115],[105.8182167,20.959376],[105.8203648,20.9573014],[105.8212204,20.9571343],[105.8209151,20.9555531],[105.8205269,20.9555246],[105.8200849,20.9549499],[105.8199067,20.9540681],[105.8193593,20.9537162],[105.8168265,20.9496099],[105.8160552,20.9501666],[105.8155561,20.9513844],[105.8141479,20.9524199],[105.8148222,20.9534308],[105.7968304,20.9630724],[105.7921002,20.9697092]]]}},{"type":"Feature","properties":{"name":"Ph\u01b0\u1eddng Ho\u00e0ng Li\u1ec7t","kind":"phuong","osm_id":19338316},"geometry":{"type":"Polygon","coordinates":[[[105.8130036,20.9602276],[105.8180924,20.963129],[105.8237194,20.967736],[105.8240443,20.9685441],[105.8265833,20.9673298],[105.8293947,20.9692967],[105.8304355,20.9693688],[105.8349331,20.9707921],[105.8385811,20.9710352],[105.8399891,20.9701837],[105.8413681,20.9702503],[105.8419614,20.967327],[105.842081,20.9609183],[105.8441773,20.9511261],[105.8427294,20.9511742],[105.8424858,20.9530997],[105.841756,20.9538837],[105.8408207,20.954244],[105.8391323,20.9539508],[105.8358152,20.9523171],[105.8325295,20.9522145],[105.8289386,20.954084],[105.8256989,20.956419],[105.8203648,20.9573014],[105.8182167,20.959376],[105.817469,20.9597115],[105.815825,20.9599011],[105.8139468,20.9594607],[105.8132394,20.9597416],[105.8130036,20.9602276]]]}},{"type":"Feature","properties":{"name":"Ph\u01b0\u1eddng Y\u00ean S\u1edf","kind":"phuong","osm_id":19338317},"geometry":{"type":"Polygon","coordinates":[[[105.8419737,20.9657274],[105.8505143,20.9657159],[105.8607804,20.9640702],[105.8641203,20.9639896],[105.8695922,20.9641622],[105.8728458,20.9645996],[105.8742138,20.9651059],[105.8763432,20.9664765],[105.8767154,20.9649721],[105.8753229,20.9645316],[105.8743739,20.9609985],[105.8732894,20.9600203],[105.8726485,20.9586392],[105.8696167,20.9545075],[105.8678667,20.9536558],[105.866502,20.950883],[105.8665083,20.9500494],[105.8649281,20.949077],[105.8645028,20.9478987],[105.8646015,20.9469668],[105.8641716,20.9461335],[105.8642429,20.9432589],[105.8590809,20.9449615],[105.8541961,20.9471553],[105.8523234,20.9469808],[105.8490638,20.9478095],[105.8479487,20.9501287],[105.8475748,20.9521136],[105.8441773,20.9511261],[105.842081,20.9609183],[105.8419737,20.9657274]]]}},{"type":"Feature","properties":{"name":"Ph\u01b0\u1eddng L\u0129nh Nam","kind":"phuong","osm_id":19338318},"geometry":{"type":"Polygon","coordinates":[[[105.8710473,20.9565806],[105.8726485,20.9586392],[105.8732894,20.9600203],[105.8747066,20.9616085],[105.8753229,20.9645316],[105.8767154,20.9649721],[105.8763432,20.9664765],[105.8770607,20.9670393],[105.8813372,20.9727242],[105.8822245,20.9735873],[105.8855197,20.9756103],[105.8950344,20.9860873],[105.8938805,20.9893764],[105.8921321,20.9921785],[105.8920472,20.9926213],[105.8924507,20.9932557],[105.8924365,20.9957207],[105.8917782,20.9967186],[105.88688,20.998939],[105.8853652,21.0002342],[105.8834399,21.0010338],[105.8817704,21.0012523],[105.8794424,21.000662],[105.8765913,21.0021076],[105.8741857,21.0023982],[105.8784987,21.0065803],[105.8814425,21.0041734],[105.8874507,21.001401],[105.8943127,20.9988433],[105.9007397,20.9941093],[105.9035184,20.9915822],[105.9067548,20.9878294],[105.9086238,20.9846903],[105.9087898,20.9820266],[105.9078727,20.9778785],[105.9028778,20.9677639],[105.8975067,20.9601173],[105.890152,20.9516888],[105.8860035,20.9454443],[105.8792114,20.951191],[105.8710473,20.9565806]]]}},{"type":"Feature","properties":{"name":"Ph\u01b0\u1eddng Ph\u00fa Di\u1ec5n","kind":"phuong","osm_id":19338319},"geometry":{"type":"Polygon","coordinates":[[[105.7453232,21.0477734],[105.7462101,21.0493453],[105.7455255,21.0501881],[105.7487414,21.0521488],[105.7478256,21.0544167],[105.7488403,21.0547867],[105.7485123,21.0555115],[105.7608109,21.0603638],[105.7681122,21.057354],[105.7709348,21.0567652],[105.7726258,21.0571232],[105.7724344,21.055029],[105.7720697,21.0542996],[105.7822137,21.055682],[105.7817561,21.0527298],[105.7805736,21.0366027],[105.7769513,21.0368813],[105.7644221,21.0406108],[105.7453232,21.0477734]]]}},{"type":"Feature","properties":{"name":"Ph\u01b0\u1eddng \u0110\u00f4ng Ng\u1ea1c","kind":"phuong","osm_id":19338320},"geometry":{"type":"Polygon","coordinates":[[[105.7560622,21.0669724],[105.7589967,21.0659312],[105.760517,21.0665444],[105.7603182,21.0675449],[105.7610111,21.0676169],[105.7608321,21.0683098],[105.7611776,21.0714176],[105.7627075,21.0712163],[105.7627123,21.0716166],[105.7717155,21.0714816],[105.770607,21.0893898],[105.7731891,21.0982549],[105.7865014,21.0976533],[105.7859032,21.0896776],[105.7882756,21.0822895],[105.7884111,21.0805071],[105.7859496,21.0755766],[105.7853196,21.0688436],[105.7822137,21.055682],[105.7720697,21.0542996],[105.7724344,21.055029],[105.7726258,21.0571232],[105.7709348,21.0567652],[105.7681122,21.057354],[105.7608109,21.0603638],[105.7555143,21.0650588],[105.7560622,21.0669724]]]}},{"type":"Feature","properties":{"name":"Ph\u01b0\u1eddng Th\u01b0\u1ee3ng C\u00e1t","kind":"phuong","osm_id":19341250},"geometry":{"type":"Polygon","coordinates":[[[105.7247853,21.0969532],[105.7252674,21.096873],[105.7262363,21.0991244],[105.7274975,21.0988334],[105.7286733,21.0998273],[105.7294277,21.0995887],[105.7298323,21.1009218],[105.7310919,21.100615],[105.7311677,21.101054],[105.7335099,21.1022258],[105.740566,21.1081244],[105.748926,21.0989445],[105.7517735,21.0977709],[105.7608903,21.0990715],[105.7731891,21.0982549],[105.770607,21.0893898],[105.7717155,21.0714816],[105.7627123,21.0716166],[105.7627075,21.0712163],[105.7611776,21.0714176],[105.7608321,21.0683098],[105.7610111,21.0676169],[105.7603182,21.0675449],[105.760517,21.0665444],[105.7589967,21.0659312],[105.74053,21.072859],[105.7280892,21.0827244],[105.7279064,21.0844887],[105.726599,21.0853843],[105.7269955,21.0884496],[105.726252,21.0884495],[105.7261578,21.0891501],[105.7265122,21.0919147],[105.7261293,21.0935348],[105.7269542,21.0939562],[105.7259417,21.095795],[105.7247853,21.0969532]]]}},{"type":"Feature","properties":{"name":"Ph\u01b0\u1eddng T\u00e2y T\u1ef1u","kind":"phuong","osm_id":19341251},"geometry":{"type":"Polygon","coordinates":[[[105.7246617,21.0597791],[105.7240934,21.0760277],[105.7254197,21.0789995],[105.7284699,21.0824165],[105.74053,21.072859],[105.7560622,21.0669724],[105.7555143,21.0650588],[105.7608109,21.0603638],[105.7485123,21.0555115],[105.7488403,21.0547867],[105.7478256,21.0544167],[105.7487414,21.0521488],[105.7455255,21.0501881],[105.7462101,21.0493453],[105.7453232,21.0477734],[105.7379264,21.0507498],[105.7246617,21.0597791]]]}},{"type":"Feature","properties":{"name":"Ph\u01b0\u1eddng Xu\u00e2n Ph\u01b0\u01a1ng","kind":"phuong","osm_id":19341252},"geometry":{"type":"Polygon","coordinates":[[[105.7265554,21.0527566],[105.7294564,21.0565602],[105.7379264,21.0507498],[105.7614552,21.0416514],[105.7606735,21.0400505],[105.7585526,21.0383606],[105.7588439,21.0340366],[105.7586212,21.0308228],[105.7579379,21.0296402],[105.7542343,21.0254059],[105.7543239,21.0244415],[105.7552214,21.022776],[105.755169,21.0219986],[105.7537573,21.0186726],[105.7540436,21.0177879],[105.7577002,21.0137638],[105.7622223,21.0102634],[105.7633215,21.0081581],[105.7628208,21.0063691],[105.7472758,21.0094847],[105.7325332,21.0105183],[105.7329965,21.011089],[105.7323249,21.0120093],[105.7339706,21.0154285],[105.7325516,21.0168076],[105.7314199,21.0170569],[105.7312698,21.016531],[105.7298245,21.0179927],[105.7339401,21.0214691],[105.7344356,21.0226617],[105.7350108,21.0225604],[105.7349928,21.0219194],[105.7354556,21.0216839],[105.7361321,21.0218284],[105.7360296,21.022637],[105.7365049,21.0223737],[105.7371102,21.0234593],[105.7346465,21.0250265],[105.7348376,21.0263206],[105.7381531,21.0276093],[105.7382135,21.0284153],[105.7377724,21.0283352],[105.7372438,21.0292288],[105.7374506,21.0299225],[105.7371934,21.0314655],[105.7386467,21.0317996],[105.7384347,21.0326087],[105.738947,21.0327142],[105.7385907,21.0356285],[105.7382584,21.035574],[105.7381194,21.0361481],[105.7385201,21.0365003],[105.7364153,21.0369263],[105.7347716,21.0368658],[105.7347822,21.0373786],[105.7335914,21.0382606],[105.7341082,21.0397201],[105.7336209,21.0402557],[105.7340858,21.0407417],[105.7331304,21.0425022],[105.733554,21.0427936],[105.7334706,21.0432823],[105.7330194,21.0437805],[105.7323085,21.0437831],[105.7320982,21.0447302],[105.7325861,21.0449842],[105.732584,21.0454148],[105.731203,21.0467185],[105.7309605,21.0464972],[105.7293435,21.047176],[105.729502,21.0480528],[105.7279511,21.0484161],[105.7286835,21.050539],[105.7265554,21.0527566]]]}},{"type":"Feature","properties":{"name":"Ph\u01b0\u1eddng T\u00e2y M\u1ed7","kind":"phuong","osm_id":19341253},"geometry":{"type":"Polygon","coordinates":[[[105.7305049,21.0106264],[105.7472758,21.0094847],[105.7628208,21.0063691],[105.761863,21.0029406],[105.7628326,21.0004787],[105.7622375,20.9977283],[105.7628022,20.9969881],[105.7598468,20.9919928],[105.7528683,20.991672],[105.7464637,20.9895866],[105.7443237,20.9941521],[105.7441635,20.9955025],[105.7356933,20.9932998],[105.7305049,21.0106264]]]}},{"type":"Feature","properties":{"name":"Ph\u01b0\u1eddng D\u01b0\u01a1ng N\u1ed9i","kind":"phuong","osm_id":19341254},"geometry":{"type":"Polygon","coordinates":[[[105.7302422,20.9913187],[105.7306018,20.9914108],[105.7305062,20.9918457],[105.7325775,20.9926157],[105.7441635,20.9955025],[105.7443237,20.9941521],[105.7464637,20.9895866],[105.7526722,20.9916197],[105.7537276,20.9865096],[105.7546149,20.9847393],[105.7639573,20.9779401],[105.7557647,20.9715057],[105.7536372,20.9686703],[105.7648943,20.9623544],[105.754785,20.9545727],[105.751886,20.9557393],[105.7450561,20.9601048],[105.7379069,20.9632078],[105.7390373,20.9637789],[105.7396247,20.9626102],[105.7427492,20.9642108],[105.7420633,20.9654155],[105.7410143,20.9649485],[105.7405945,20.9660002],[105.7412927,20.966237],[105.7412186,20.9669018],[105.7419954,20.967038],[105.7416509,20.9680551],[105.7411897,20.9681203],[105.7410076,20.9689222],[105.740101,20.9686923],[105.7399653,20.9694408],[105.7394114,20.9694156],[105.7391588,20.9699935],[105.7393144,20.9715675],[105.7385634,20.9727396],[105.7406984,20.9749436],[105.7395933,20.9767518],[105.7378827,20.9856155],[105.7351653,20.9862791],[105.7328356,20.9906428],[105.7307073,20.9904841],[105.7302422,20.9913187]]]}},{"type":"Feature","properties":{"name":"Ph\u01b0\u1eddng H\u00e0 \u0110\u00f4ng","kind":"phuong","osm_id":19341924},"geometry":{"type":"Polygon","coordinates":[[[105.7615828,20.97966],[105.7641513,20.9801265],[105.7647552,20.9829025],[105.7660663,20.9830231],[105.7659272,20.984543],[105.7669373,20.9847527],[105.7673187,20.9834042],[105.7681407,20.9834497],[105.7716595,20.9857806],[105.7721358,20.98516],[105.7728386,20.9854614],[105.7733568,20.9848879],[105.7749279,20.9858929],[105.7760811,20.9856467],[105.7808261,20.9888688],[105.7814921,20.9886629],[105.7840789,20.9865921],[105.7864091,20.9856433],[105.7910197,20.9852574],[105.7971903,20.9780898],[105.798668,20.9783551],[105.7988574,20.9770987],[105.7999935,20.974973],[105.7960684,20.9737665],[105.7948739,20.973615],[105.7948616,20.974012],[105.793659,20.973713],[105.7940402,20.9729903],[105.7936575,20.9712463],[105.7921002,20.9697092],[105.7968304,20.9630724],[105.7963372,20.9619922],[105.7965088,20.9611806],[105.7949216,20.959806],[105.7913801,20.9593825],[105.7881965,20.9610618],[105.7870376,20.9613508],[105.7866722,20.961763],[105.7867796,20.9634634],[105.7778488,20.9643442],[105.7721683,20.9599249],[105.7721035,20.9624829],[105.7691561,20.9656936],[105.7648943,20.9623544],[105.7536372,20.9686703],[105.7557647,20.9715057],[105.7639573,20.9779401],[105.7615828,20.97966]]]}},{"type":"Feature","properties":{"name":"Ph\u01b0\u1eddng Ki\u1ebfn H\u01b0ng","kind":"phuong","osm_id":19341926},"geometry":{"type":"Polygon","coordinates":[[[105.754785,20.9545727],[105.7691561,20.9656936],[105.7721035,20.9624829],[105.7721683,20.9599249],[105.7778488,20.9643442],[105.7867796,20.9634634],[105.7866722,20.961763],[105.7870376,20.9613508],[105.7881965,20.9610618],[105.7913801,20.9593825],[105.7953319,20.960011],[105.7965088,20.9611806],[105.7963372,20.9619922],[105.7968304,20.9630724],[105.8035548,20.9593938],[105.8021675,20.9570053],[105.8009378,20.9582824],[105.8003666,20.9583935],[105.7984431,20.9573641],[105.7983118,20.9560107],[105.7978648,20.9556936],[105.7947532,20.9549966],[105.7942111,20.9519721],[105.7947778,20.9505875],[105.7918576,20.9425016],[105.754785,20.9545727]]]}},{"type":"Feature","properties":{"name":"Ph\u01b0\u1eddng Y\u00ean Ngh\u0129a","kind":"phuong","osm_id":19341927},"geometry":{"type":"Polygon","coordinates":[[[105.7241736,20.9419202],[105.7232412,20.941801],[105.7228202,20.9411291],[105.7227487,20.9379561],[105.7220628,20.9358939],[105.7213795,20.9351926],[105.7192936,20.9344719],[105.7165506,20.9346216],[105.7140359,20.9357725],[105.7120288,20.9377495],[105.7113964,20.9389919],[105.7111557,20.9403409],[105.7114629,20.9416936],[105.7137747,20.9447244],[105.7152879,20.9456488],[105.7163572,20.9458064],[105.7178057,20.9469006],[105.722507,20.9489459],[105.7251162,20.950964],[105.7258913,20.953227],[105.7251828,20.9554222],[105.7305304,20.9608227],[105.7316259,20.9596319],[105.7379069,20.9632078],[105.7450561,20.9601048],[105.751886,20.9557393],[105.754785,20.9545727],[105.7503658,20.9512802],[105.7511329,20.9503083],[105.7496953,20.9488455],[105.7491106,20.9495218],[105.7479626,20.9471872],[105.7465477,20.9457857],[105.7452758,20.9455319],[105.745955,20.9435311],[105.7463429,20.9399302],[105.7487846,20.9395083],[105.748408,20.938474],[105.749227,20.9382968],[105.7491334,20.9369334],[105.7509019,20.9339601],[105.7499461,20.9285979],[105.749132,20.926273],[105.7508375,20.926195],[105.7514579,20.9233237],[105.7504492,20.9231715],[105.7507684,20.9208514],[105.7500498,20.920753],[105.7501009,20.9201953],[105.7495293,20.920119],[105.7487433,20.9205814],[105.7496384,20.9166544],[105.7420345,20.9153793],[105.7421264,20.9136884],[105.7407441,20.912531],[105.7392499,20.913441],[105.7392864,20.9137554],[105.7369144,20.9139622],[105.7364295,20.9130754],[105.7359758,20.9132093],[105.731704,20.915578],[105.73088,20.9165773],[105.7300936,20.9186604],[105.7301311,20.9274961],[105.7298443,20.9307515],[105.7261417,20.9405401],[105.7255063,20.9413113],[105.7241736,20.9419202]]]}},{"type":"Feature","properties":{"name":"Ph\u01b0\u1eddng Ph\u00fa L\u01b0\u01a1ng","kind":"phuong","osm_id":19341928},"geometry":{"type":"Polygon","coordinates":[[[105.7452758,20.9455319],[105.7465477,20.9457857],[105.7479626,20.9471872],[105.7491106,20.9495218],[105.7496953,20.9488455],[105.7511329,20.9503083],[105.7503658,20.9512802],[105.754785,20.9545727],[105.7918576,20.9425016],[105.7917659,20.9422477],[105.7885041,20.9420581],[105.7882132,20.9409868],[105.7897311,20.9410536],[105.7897834,20.9396512],[105.7884802,20.939733],[105.7879831,20.9383639],[105.786322,20.9389221],[105.785567,20.936885],[105.7856354,20.9358147],[105.7835311,20.9357415],[105.7837308,20.9285088],[105.7811577,20.9284055],[105.7811408,20.9290365],[105.7789707,20.9289748],[105.7784045,20.9296124],[105.7778889,20.9292198],[105.7769078,20.9303501],[105.7723781,20.9268156],[105.7739873,20.9248486],[105.7726703,20.9238923],[105.7728698,20.9235108],[105.7705375,20.9226289],[105.7678464,20.9255272],[105.7664545,20.9240373],[105.7645473,20.9248261],[105.7647782,20.925362],[105.7601776,20.9284042],[105.7621434,20.9298993],[105.7595027,20.9316798],[105.757984,20.9306096],[105.7578973,20.9321349],[105.7567082,20.9321444],[105.757193,20.9304666],[105.7551975,20.9298707],[105.7545749,20.930867],[105.7539532,20.9297905],[105.752094,20.9307155],[105.7517183,20.9297661],[105.750283,20.9302995],[105.7509019,20.9339601],[105.7491334,20.9369334],[105.749227,20.9382968],[105.748408,20.938474],[105.7487846,20.9395083],[105.7463429,20.9399302],[105.745955,20.9435311],[105.7452758,20.9455319]]]}},{"type":"Feature","properties":{"name":"X\u00e3 Th\u01b0\u1eddng T\u00edn","kind":"xa","osm_id":19411380},"geometry":{"type":"Polygon","coordinates":[[[105.8156497,20.8859688],[105.8142009,20.8868864],[105.8127481,20.8932842],[105.8128461,20.8952841],[105.8150027,20.8954559],[105.8127469,20.8967974],[105.8126726,20.898138],[105.8162264,20.8995012],[105.8159674,20.9002457],[105.816212,20.9018007],[105.815652,20.9027631],[105.8223519,20.9034738],[105.8249814,20.9030104],[105.8255492,20.90066],[105.826189,20.9006521],[105.8262416,20.8999954],[105.8280081,20.8989936],[105.8272395,20.8977295],[105.8287091,20.8969881],[105.8291588,20.8976189],[105.8303416,20.8982673],[105.828676,20.8997172],[105.8293441,20.9008224],[105.8305972,20.9004041],[105.8310248,20.9010723],[105.8328938,20.9015828],[105.8327262,20.903445],[105.8337577,20.9043031],[105.8358221,20.9042102],[105.8391395,20.9031316],[105.8411065,20.9020607],[105.8512687,20.899146],[105.8543923,20.8966509],[105.8551395,20.8954816],[105.8575182,20.8952296],[105.8575504,20.8942824],[105.8582048,20.8944528],[105.8588529,20.8921894],[105.8591538,20.8918704],[105.859833,20.8920476],[105.8602354,20.8911105],[105.8607825,20.890905],[105.8621618,20.8906402],[105.8636037,20.8910317],[105.8657728,20.8921715],[105.8668696,20.8934726],[105.8712077,20.8927588],[105.8706162,20.8907899],[105.8746602,20.8900806],[105.8746453,20.8851629],[105.8742713,20.8819874],[105.8753771,20.8819874],[105.8749986,20.8724362],[105.8758891,20.872356],[105.8758355,20.8717645],[105.8755983,20.8708134],[105.8699117,20.8716189],[105.869847,20.8702428],[105.8676009,20.8703925],[105.8679635,20.8700415],[105.8675301,20.8695231],[105.8669172,20.8695164],[105.8662396,20.8674933],[105.8663603,20.8670797],[105.8668837,20.866885],[105.8677757,20.8671904],[105.8681383,20.8660574],[105.8668394,20.8653662],[105.8674304,20.8641691],[105.8662554,20.864093],[105.8659203,20.8626485],[105.8651028,20.8624115],[105.865719,20.8612993],[105.866219,20.8612955],[105.866359,20.860298],[105.8656516,20.8584288],[105.8636514,20.8576842],[105.8628058,20.8595838],[105.8557888,20.8576462],[105.8546098,20.8611109],[105.8480137,20.8595108],[105.8483313,20.8598949],[105.8476728,20.8605276],[105.847911,20.8609378],[105.8454545,20.8620419],[105.8448147,20.8609378],[105.8460964,20.8601969],[105.8456655,20.8595054],[105.8439254,20.8609718],[105.845885,20.8633044],[105.8446328,20.8642237],[105.8422868,20.8613643],[105.8461587,20.8588364],[105.8469364,20.8579832],[105.8474436,20.8562689],[105.8428991,20.8547074],[105.843288,20.8538542],[105.8400678,20.8527308],[105.8389811,20.8534532],[105.837582,20.8521299],[105.8365739,20.8496634],[105.8350063,20.8477858],[105.8318118,20.8464059],[105.8292286,20.846062],[105.8281615,20.837499],[105.8262735,20.8357402],[105.8240866,20.8372444],[105.8218357,20.8411519],[105.8236214,20.8415095],[105.8214455,20.8538888],[105.8222261,20.8563898],[105.8206083,20.8566038],[105.8194205,20.8574408],[105.81945,20.85857],[105.8207432,20.859312],[105.820589,20.8604184],[105.8244695,20.861487],[105.8224921,20.8661245],[105.82426,20.8698452],[105.8221685,20.8698525],[105.8194897,20.8705521],[105.8153637,20.8703164],[105.8152625,20.8706828],[105.8157209,20.8714046],[105.8153484,20.8717409],[105.8167759,20.8740865],[105.8154516,20.8780858],[105.8166438,20.8807004],[105.8145056,20.8811148],[105.8146315,20.8827523],[105.8156497,20.8859688]]]}},{"type":"Feature","properties":{"name":"X\u00e3 Th\u01b0\u1ee3ng Ph\u00fac","kind":"xa","osm_id":19411381},"geometry":{"type":"Polygon","coordinates":[[[105.8262735,20.8357402],[105.8281615,20.837499],[105.8292286,20.846062],[105.8318118,20.8464059],[105.8350063,20.8477858],[105.8365739,20.8496634],[105.837582,20.8521299],[105.8389811,20.8534532],[105.8400678,20.8527308],[105.843288,20.8538542],[105.8428991,20.8547074],[105.8474436,20.8562689],[105.8469364,20.8579832],[105.8461587,20.8588364],[105.8422868,20.8613643],[105.8446328,20.8642237],[105.845885,20.8633044],[105.8439254,20.8609718],[105.8456655,20.8595054],[105.8460964,20.8601969],[105.8448147,20.8609378],[105.8454545,20.8620419],[105.847911,20.8609378],[105.8476728,20.8605276],[105.8483313,20.8598949],[105.8480137,20.8595108],[105.8546098,20.8611109],[105.8557888,20.8576462],[105.8628058,20.8595838],[105.8636514,20.8576842],[105.8656516,20.8584288],[105.8649757,20.8565539],[105.8681081,20.8576663],[105.868478,20.8571863],[105.8687294,20.8573428],[105.8689241,20.8568079],[105.8693194,20.8569292],[105.8706707,20.8550709],[105.8712726,20.8551867],[105.8719748,20.8542493],[105.8725649,20.8546077],[105.8735916,20.8518285],[105.8727714,20.8514039],[105.8735798,20.8503341],[105.8753206,20.850676],[105.8756333,20.8500749],[105.8771617,20.8504554],[105.8774626,20.8496724],[105.8804839,20.8503884],[105.8814668,20.8477849],[105.8878041,20.8506223],[105.8888008,20.8498219],[105.8912592,20.8491267],[105.8907268,20.8482364],[105.88969,20.8480094],[105.8894846,20.8466303],[105.8905351,20.8425052],[105.8901641,20.8421083],[105.8884695,20.842068],[105.8885489,20.8410168],[105.8844709,20.8404787],[105.8848008,20.8374205],[105.8833122,20.8373252],[105.8838806,20.8339436],[105.8772198,20.8314269],[105.8677742,20.8303503],[105.8691718,20.8193541],[105.872735,20.8194689],[105.8735656,20.8118189],[105.872836,20.8117901],[105.873228,20.8091853],[105.8722566,20.8090718],[105.8731346,20.8028729],[105.8730226,20.7972054],[105.8724193,20.7959975],[105.8595519,20.8000703],[105.8584805,20.799534],[105.8576882,20.7996405],[105.8541781,20.801537],[105.8529454,20.8018787],[105.8518723,20.801679],[105.845809,20.7976654],[105.8417641,20.795911],[105.8384139,20.7952958],[105.8341801,20.7950485],[105.8340155,20.7982558],[105.833284,20.7984851],[105.8331448,20.8005794],[105.836745,20.8003638],[105.836719,20.8051067],[105.8385938,20.8050842],[105.8395636,20.8099065],[105.8390522,20.8099338],[105.8391171,20.8115339],[105.8383832,20.8115332],[105.8389287,20.8141909],[105.8410599,20.8139559],[105.8412344,20.8147071],[105.83844,20.8157509],[105.8372437,20.8170863],[105.8366841,20.8170671],[105.8363898,20.8214811],[105.8367135,20.8230188],[105.8373139,20.8238359],[105.8313818,20.8253254],[105.8302251,20.82531],[105.8273047,20.8275787],[105.8274968,20.8278791],[105.8289938,20.8273852],[105.829077,20.8276371],[105.8276343,20.8303183],[105.8279735,20.8317812],[105.8271688,20.8344488],[105.8262735,20.8357402]]]}},{"type":"Feature","properties":{"name":"X\u00e3 Ch\u01b0\u01a1ng D\u01b0\u01a1ng","kind":"xa","osm_id":19411382},"geometry":{"type":"Polygon","coordinates":[[[105.8677742,20.8303503],[105.8772198,20.8314269],[105.8838806,20.8339436],[105.8833122,20.8373252],[105.8848008,20.8374205],[105.8844709,20.8404787],[105.8885489,20.8410168],[105.8884695,20.842068],[105.8901641,20.8421083],[105.8905351,20.8425052],[105.8894846,20.8466303],[105.88969,20.8480094],[105.8907268,20.8482364],[105.8912592,20.8491267],[105.8899235,20.8497027],[105.8899828,20.8501144],[105.888282,20.8511452],[105.8884669,20.8521875],[105.8887072,20.8521126],[105.888584,20.8516347],[105.8898718,20.8516865],[105.8900197,20.851007],[105.8905531,20.8512814],[105.8912727,20.850058],[105.8946327,20.8517193],[105.8950887,20.8525815],[105.8947829,20.8563363],[105.8951691,20.8578853],[105.8958772,20.8587224],[105.8970359,20.8589229],[105.8970467,20.8595896],[105.8980498,20.8600608],[105.8980176,20.860507],[105.8997079,20.8610343],[105.8998774,20.8605765],[105.9001177,20.8605881],[105.9001085,20.8610199],[105.9007154,20.8607982],[105.9011375,20.8629662],[105.9014395,20.8630151],[105.9013039,20.8646648],[105.9018616,20.8681483],[105.9023938,20.8685038],[105.9023518,20.8689096],[105.9049296,20.8691453],[105.9049763,20.8686434],[105.9114906,20.8672586],[105.9111438,20.8665343],[105.9117596,20.866584],[105.9119437,20.865906],[105.9140424,20.8660416],[105.915595,20.8657361],[105.9164029,20.8681754],[105.917024,20.8679136],[105.9184577,20.8700081],[105.9191909,20.8696503],[105.9212597,20.870955],[105.9224227,20.8735853],[105.9243552,20.876647],[105.9284923,20.8754785],[105.9303876,20.8744598],[105.9323752,20.8726158],[105.9355079,20.8667326],[105.9361711,20.8636127],[105.9356239,20.8567922],[105.9340836,20.8528793],[105.9332806,20.851543],[105.9316077,20.84985],[105.9229096,20.8460201],[105.9168525,20.8421182],[105.9144457,20.8387514],[105.9127678,20.8351027],[105.9110864,20.8300843],[105.9107142,20.8249639],[105.9109611,20.820299],[105.9141391,20.8101602],[105.8843851,20.8023366],[105.8863258,20.7979383],[105.885437,20.7977458],[105.8851768,20.7980803],[105.8852012,20.7977838],[105.883079,20.7967348],[105.8830058,20.7958607],[105.8803551,20.7947813],[105.8755985,20.7954654],[105.8726877,20.7965068],[105.8730226,20.7972054],[105.8731346,20.8028729],[105.8722566,20.8090718],[105.873228,20.8091853],[105.872836,20.8117901],[105.8735656,20.8118189],[105.872735,20.8194689],[105.8691718,20.8193541],[105.8677742,20.8303503]]]}},{"type":"Feature","properties":{"name":"X\u00e3 Ph\u01b0\u1ee3ng D\u1ef1c","kind":"xa","osm_id":19411383},"geometry":{"type":"Polygon","coordinates":[[[105.794692,20.7506804],[105.7939748,20.7505532],[105.7937805,20.7494462],[105.793574,20.7504236],[105.7939511,20.7576339],[105.7937726,20.7589327],[105.7923109,20.7586372],[105.7921087,20.7615278],[105.7918016,20.7614232],[105.7921036,20.7625957],[105.7960936,20.7616554],[105.7972138,20.765753],[105.7980581,20.7658985],[105.7996298,20.7714926],[105.8002862,20.7711412],[105.8003695,20.7707208],[105.8035886,20.7713625],[105.8034213,20.7752983],[105.8054094,20.7757131],[105.8045476,20.7787753],[105.802789,20.7784894],[105.8026106,20.7796047],[105.8049443,20.7796027],[105.8069862,20.7806051],[105.8075986,20.7813756],[105.8087732,20.7845135],[105.810621,20.7869597],[105.8100248,20.7874026],[105.8097023,20.7872529],[105.8100909,20.7877148],[105.81031,20.7886374],[105.8100005,20.7889432],[105.8102651,20.7890645],[105.8083247,20.7922702],[105.8097871,20.7947669],[105.8086451,20.7968245],[105.809807,20.79868],[105.8138532,20.8020056],[105.8184515,20.7941254],[105.8208572,20.7951485],[105.8169087,20.8044978],[105.824453,20.8068411],[105.8246672,20.8063287],[105.8257732,20.8066234],[105.8266296,20.8057458],[105.8316228,20.8062585],[105.8326112,20.8006144],[105.8331448,20.8005794],[105.833284,20.7984851],[105.8340155,20.7982558],[105.8341801,20.7950485],[105.8384139,20.7952958],[105.8417641,20.795911],[105.845809,20.7976654],[105.8518723,20.801679],[105.8529454,20.8018787],[105.8541781,20.801537],[105.8576882,20.7996405],[105.8584805,20.799534],[105.8595519,20.8000703],[105.8698143,20.7968309],[105.8693137,20.7958536],[105.8716816,20.7944584],[105.8708771,20.7928734],[105.8683471,20.7897415],[105.8765071,20.7851415],[105.8778239,20.7860074],[105.8804351,20.7843016],[105.8789663,20.7835461],[105.8818496,20.7817476],[105.8842296,20.7826577],[105.884801,20.7806407],[105.8869055,20.7813539],[105.889785,20.7722449],[105.8882564,20.7714163],[105.8870205,20.7724806],[105.8859065,20.7712414],[105.8832802,20.7729672],[105.8810605,20.7730204],[105.8797677,20.7700326],[105.8793936,20.7702683],[105.8790684,20.7695917],[105.8779789,20.7686718],[105.8784423,20.7682536],[105.8783122,20.767577],[105.8776374,20.7668243],[105.877865,20.7663834],[105.8771739,20.7652734],[105.8778325,20.7650225],[105.8758838,20.7592496],[105.8738917,20.7601696],[105.8707694,20.7627317],[105.869192,20.762747],[105.8686472,20.7618042],[105.8683464,20.7620399],[105.8673544,20.7611275],[105.8673137,20.7619791],[105.8660453,20.7623212],[105.8633296,20.7618118],[105.8581827,20.7592648],[105.8573127,20.7596145],[105.8564427,20.7584285],[105.8552637,20.757805],[105.849598,20.7584268],[105.8491409,20.7553217],[105.8494336,20.7534665],[105.8499377,20.7523412],[105.8532244,20.7481048],[105.8519305,20.747222],[105.8514426,20.7462335],[105.8497758,20.745572],[105.845198,20.7452374],[105.8453037,20.7442261],[105.8445476,20.7428498],[105.8437019,20.7421275],[105.8440076,20.7417816],[105.8427569,20.7411728],[105.8428334,20.7407474],[105.8367981,20.7398846],[105.8367446,20.7406306],[105.8341409,20.7401762],[105.83186,20.7394999],[105.831931,20.7391558],[105.8303101,20.7389239],[105.8263076,20.7371107],[105.8248136,20.7378335],[105.8255172,20.7389261],[105.8220012,20.7416705],[105.8204767,20.7391756],[105.8152832,20.7417477],[105.8154686,20.7420779],[105.8137099,20.743293],[105.8138588,20.7441558],[105.8111787,20.746021],[105.8099654,20.7444595],[105.8082744,20.7452963],[105.8069131,20.7463162],[105.8033271,20.75066],[105.798498,20.7493263],[105.7947068,20.7494707],[105.794692,20.7506804]]]}},{"type":"Feature","properties":{"name":"X\u00e3 Ph\u00fa Xuy\u00ean","kind":"xa","osm_id":19411384},"geometry":{"type":"Polygon","coordinates":[[[105.8698143,20.7968309],[105.8724193,20.7959975],[105.8726877,20.7965068],[105.8755985,20.7954654],[105.8803551,20.7947813],[105.8830058,20.7958607],[105.883079,20.7967348],[105.8852012,20.7977838],[105.8851768,20.7980803],[105.885437,20.7977458],[105.8863258,20.7979383],[105.8843851,20.8023366],[105.9141391,20.8101602],[105.9173327,20.8016898],[105.9199229,20.7964297],[105.9235666,20.7912904],[105.9282665,20.7871085],[105.9324192,20.7853399],[105.9376332,20.7836804],[105.9491919,20.7819316],[105.9575902,20.780082],[105.962099,20.7782424],[105.9640389,20.776736],[105.9656656,20.7749368],[105.9669104,20.7732365],[105.9684458,20.7695427],[105.9682978,20.7647242],[105.9676704,20.7606605],[105.9668785,20.7423489],[105.9534121,20.7435878],[105.9525552,20.742189],[105.9444891,20.7392189],[105.9449763,20.7314664],[105.9417812,20.7315609],[105.9402381,20.7285422],[105.9358354,20.7300516],[105.935892,20.7316801],[105.9317299,20.7317066],[105.9318573,20.7352549],[105.9254371,20.7352726],[105.9213033,20.7304996],[105.9169926,20.732704],[105.9167307,20.7318103],[105.9168369,20.7303076],[105.9163131,20.7300031],[105.9152159,20.7303274],[105.9152456,20.7297621],[105.9145804,20.7299678],[105.914339,20.7296066],[105.9124186,20.7303542],[105.9124241,20.7291678],[105.9119945,20.7291634],[105.9117283,20.7296307],[105.91128,20.7296963],[105.9114014,20.7306597],[105.9107569,20.7311577],[105.9093092,20.7300657],[105.9101685,20.7293494],[105.9099817,20.7286943],[105.9087768,20.7294106],[105.9073291,20.7276024],[105.9058628,20.7248944],[105.9050035,20.725139],[105.9051864,20.7222694],[105.9044627,20.722201],[105.9047066,20.7211515],[105.9041862,20.7209994],[105.9042269,20.7187939],[105.9037878,20.7187331],[105.9034285,20.7221136],[105.9009988,20.7209695],[105.8999526,20.7231936],[105.898354,20.7226016],[105.8971288,20.7257151],[105.8916359,20.7255033],[105.8937595,20.7315144],[105.8914288,20.7317078],[105.8872632,20.730244],[105.8861787,20.7296792],[105.8843793,20.728054],[105.8836399,20.7279157],[105.8827648,20.7286764],[105.8817789,20.730244],[105.8819022,20.7308664],[105.8825923,20.7311085],[105.8836645,20.7321458],[105.8869551,20.7361569],[105.8889023,20.7419658],[105.8863507,20.7426665],[105.8853343,20.7411153],[105.8837447,20.7413341],[105.8840293,20.7425963],[105.8833382,20.7426191],[105.8840924,20.7456804],[105.8825178,20.7487724],[105.8755315,20.7556761],[105.8762464,20.7562917],[105.8758005,20.7571323],[105.8747458,20.7566624],[105.8754802,20.7594257],[105.8758838,20.7592496],[105.8778325,20.7650225],[105.8771739,20.7652734],[105.877865,20.7663834],[105.8776374,20.7668243],[105.8783122,20.767577],[105.8784423,20.7682536],[105.8779789,20.7686718],[105.8790684,20.7695917],[105.8793936,20.7702683],[105.8797677,20.7700326],[105.8810605,20.7730204],[105.8832802,20.7729672],[105.8859065,20.7712414],[105.8870205,20.7724806],[105.8882564,20.7714163],[105.889785,20.7722449],[105.8869055,20.7813539],[105.884801,20.7806407],[105.8842296,20.7826577],[105.8818496,20.7817476],[105.8789663,20.7835461],[105.8804351,20.7843016],[105.8778239,20.7860074],[105.8765071,20.7851415],[105.8683471,20.7897415],[105.8708771,20.7928734],[105.8716816,20.7944584],[105.8693137,20.7958536],[105.8698143,20.7968309]]]}},{"type":"Feature","properties":{"name":"X\u00e3 \u0110\u1ea1i Xuy\u00ean","kind":"xa","osm_id":19411385},"geometry":{"type":"Polygon","coordinates":[[[105.9037878,20.7187331],[105.9042269,20.7187939],[105.9041862,20.7209994],[105.9047066,20.7211515],[105.9044627,20.722201],[105.9051864,20.7222694],[105.9050035,20.725139],[105.9058628,20.7248944],[105.9073291,20.7276024],[105.9087768,20.7294106],[105.9099817,20.7286943],[105.9101685,20.7293494],[105.9093092,20.7300657],[105.9107569,20.7311577],[105.9114014,20.7306597],[105.91128,20.7296963],[105.9117283,20.7296307],[105.9119945,20.7291634],[105.9124241,20.7291678],[105.9124186,20.7303542],[105.914339,20.7296066],[105.9145804,20.7299678],[105.9152456,20.7297621],[105.9152159,20.7303274],[105.9163131,20.7300031],[105.9168369,20.7303076],[105.9167307,20.7318103],[105.9169926,20.732704],[105.9213033,20.7304996],[105.9254371,20.7352726],[105.9318573,20.7352549],[105.9317299,20.7317066],[105.935892,20.7316801],[105.9358354,20.7300516],[105.9402381,20.7285422],[105.9417812,20.7315609],[105.9449763,20.7314664],[105.9444891,20.7392189],[105.9525552,20.742189],[105.9534121,20.7435878],[105.9668785,20.7423489],[105.9680904,20.7341563],[105.9663274,20.7308591],[105.9641467,20.7249735],[105.9731613,20.7005034],[105.9748874,20.699623],[105.978881,20.6993243],[105.9844492,20.7008693],[105.986676,20.7019418],[105.9868724,20.7028355],[105.9889836,20.7038413],[105.9941812,20.7042574],[106.0039162,20.7043467],[106.0014322,20.7008549],[105.9956344,20.6974382],[105.9979886,20.6933859],[105.9976003,20.6931347],[105.9980262,20.6923715],[105.9928988,20.6900033],[105.9930961,20.6896339],[105.9918727,20.6892017],[105.9937782,20.6841239],[105.99451,20.6844425],[105.9940835,20.6831613],[105.9956581,20.6819932],[105.9974938,20.6783681],[105.9945853,20.6772066],[105.99234,20.678587],[105.9947938,20.6815937],[105.9935422,20.6824662],[105.9926368,20.6812993],[105.9904689,20.6827475],[105.9906624,20.6836036],[105.9900779,20.6846205],[105.988602,20.6825407],[105.9857758,20.6806349],[105.9848001,20.6805417],[105.9784601,20.6738029],[105.9789663,20.6716943],[105.9780049,20.6665907],[105.9775313,20.6657404],[105.9671733,20.6649065],[105.9641532,20.6637528],[105.9601709,20.661107],[105.9578433,20.6586508],[105.9570263,20.656691],[105.9570588,20.654773],[105.9582732,20.6515183],[105.9579854,20.650792],[105.949117,20.6529379],[105.9452237,20.6551131],[105.9434954,20.6579511],[105.9429359,20.6610914],[105.9432402,20.6637179],[105.9456217,20.665704],[105.9464966,20.6668642],[105.9467655,20.667785],[105.9466882,20.6763499],[105.9455108,20.6796552],[105.943554,20.681794],[105.9422035,20.6818962],[105.9386879,20.6805099],[105.9323559,20.6801072],[105.920699,20.6760646],[105.918581,20.6762057],[105.9182069,20.6768599],[105.9182232,20.6778489],[105.9186623,20.6792942],[105.9207601,20.6832194],[105.9226464,20.6859122],[105.9228904,20.6875857],[105.9195242,20.6948575],[105.9186298,20.695679],[105.9173613,20.6961049],[105.9152798,20.696181],[105.9107935,20.6956333],[105.9101979,20.7049511],[105.9108267,20.709469],[105.9108055,20.7114288],[105.9063461,20.7106211],[105.9057657,20.7113428],[105.9047561,20.7116113],[105.9054074,20.712909],[105.9042745,20.7158624],[105.9032886,20.7159315],[105.9030914,20.7152168],[105.9022041,20.7153436],[105.9035597,20.7174877],[105.9037878,20.7187331]]]}},{"type":"Feature","properties":{"name":"X\u00e3 Chuy\u00ean M\u1ef9","kind":"xa","osm_id":19411386},"geometry":{"type":"Polygon","coordinates":[[[105.8448846,20.7410944],[105.8437019,20.7421275],[105.8445476,20.7428498],[105.8453037,20.7442261],[105.845198,20.7452374],[105.8497758,20.745572],[105.8514426,20.7462335],[105.8519305,20.747222],[105.8532244,20.7481048],[105.8499377,20.7523412],[105.8494336,20.7534665],[105.8491409,20.7553217],[105.849598,20.7584268],[105.8552637,20.757805],[105.8564427,20.7584285],[105.8573127,20.7596145],[105.8581827,20.7592648],[105.8633296,20.7618118],[105.8660453,20.7623212],[105.8673137,20.7619791],[105.8673544,20.7611275],[105.8683464,20.7620399],[105.8686472,20.7618042],[105.869192,20.762747],[105.8707694,20.7627317],[105.8738917,20.7601696],[105.8754802,20.7594257],[105.8747458,20.7566624],[105.8758005,20.7571323],[105.8762464,20.7562917],[105.8755315,20.7556761],[105.8825178,20.7487724],[105.8840924,20.7456804],[105.8833382,20.7426191],[105.8840293,20.7425963],[105.8837447,20.7413341],[105.8853343,20.7411153],[105.8863507,20.7426665],[105.8889023,20.7419658],[105.8869551,20.7361569],[105.8836645,20.7321458],[105.8825923,20.7311085],[105.8819022,20.7308664],[105.8817789,20.730244],[105.8827648,20.7286764],[105.8840219,20.7279041],[105.8872632,20.730244],[105.8914288,20.7317078],[105.8937595,20.7315144],[105.8916359,20.7255033],[105.8971288,20.7257151],[105.898354,20.7226016],[105.8999526,20.7231936],[105.9009988,20.7209695],[105.9034285,20.7221136],[105.9038185,20.71826],[105.9022041,20.7153436],[105.9030914,20.7152168],[105.9032886,20.7159315],[105.9042745,20.7158624],[105.9054074,20.712909],[105.9047561,20.7116113],[105.9057657,20.7113428],[105.9063461,20.7106211],[105.9108055,20.7114288],[105.9108267,20.709469],[105.9101979,20.7049511],[105.9107935,20.6956333],[105.91295,20.6960448],[105.9173613,20.6961049],[105.9186298,20.695679],[105.9195242,20.6948575],[105.9206462,20.6926821],[105.9228904,20.6875857],[105.9229229,20.6868402],[105.9226464,20.6859122],[105.9207601,20.6832194],[105.9186623,20.6792942],[105.9182069,20.6768599],[105.918581,20.6762057],[105.9199161,20.6759646],[105.9180857,20.6733055],[105.9173748,20.6743504],[105.9145522,20.6727382],[105.9146498,20.6724037],[105.9083005,20.6690652],[105.9054072,20.6684059],[105.9048443,20.6698957],[105.9037136,20.6710106],[105.8947326,20.6756145],[105.8939495,20.6799087],[105.8934437,20.6791825],[105.8885545,20.6764019],[105.8861825,20.675683],[105.8855863,20.6792025],[105.8833796,20.6779436],[105.882401,20.6853927],[105.8841956,20.6856735],[105.8842997,20.6880856],[105.88615,20.6914857],[105.886842,20.6907831],[105.8874659,20.6906306],[105.8921893,20.6921339],[105.8914484,20.6934633],[105.889237,20.6921227],[105.8890731,20.6931711],[105.8884299,20.69332],[105.8877253,20.6957013],[105.8871745,20.6958948],[105.887447,20.6964248],[105.876972,20.7024524],[105.8774332,20.7032012],[105.8753098,20.7042777],[105.8755076,20.7047468],[105.8748072,20.7049763],[105.8744609,20.7046939],[105.8720895,20.7059038],[105.8726661,20.7068757],[105.8722268,20.7070596],[105.8735301,20.709978],[105.8703663,20.7092269],[105.868755,20.7093487],[105.8675393,20.7098687],[105.8637173,20.7141422],[105.8600781,20.7149635],[105.8601862,20.7185074],[105.8586339,20.7164327],[105.8580244,20.7171526],[105.8591808,20.7191346],[105.8554403,20.7210048],[105.8548528,20.7217655],[105.8573672,20.7250519],[105.8543984,20.7315829],[105.852838,20.7316095],[105.8529752,20.7323432],[105.849606,20.7328341],[105.8505427,20.7376966],[105.848248,20.7376676],[105.8459651,20.7370401],[105.8456044,20.7411541],[105.8448846,20.7410944]]]}},{"type":"Feature","properties":{"name":"X\u00e3 \u1ee8ng H\u00f2a","kind":"xa","osm_id":19411387},"geometry":{"type":"Polygon","coordinates":[[[105.7932447,20.6968032],[105.794633,20.6973571],[105.7966903,20.6946699],[105.797967,20.6955305],[105.7988897,20.6945268],[105.800491,20.695666],[105.8008906,20.6948229],[105.8030069,20.6960198],[105.8017248,20.6979919],[105.8069846,20.7008748],[105.804643,20.7041516],[105.8112642,20.7078081],[105.8135989,20.7125038],[105.8133817,20.7126267],[105.8146638,20.7159534],[105.8153772,20.71641],[105.8149266,20.7167362],[105.8162248,20.7200427],[105.8182901,20.727644],[105.8192691,20.7280102],[105.8186924,20.728823],[105.8201677,20.7295756],[105.8189687,20.7315473],[105.8203876,20.7325256],[105.8194327,20.734713],[105.8197707,20.7351144],[105.815227,20.738719],[105.8167794,20.7409877],[105.8204767,20.7391756],[105.8220012,20.7416705],[105.8255172,20.7389261],[105.8248136,20.7378335],[105.8263076,20.7371107],[105.8303101,20.7389239],[105.831931,20.7391558],[105.83186,20.7394999],[105.8341409,20.7401762],[105.8367446,20.7406306],[105.8367981,20.7398846],[105.8428334,20.7407474],[105.8427569,20.7411728],[105.8440076,20.7417816],[105.8448846,20.7410944],[105.8456044,20.7411541],[105.8459651,20.7370401],[105.848248,20.7376676],[105.8505427,20.7376966],[105.849606,20.7328341],[105.8529752,20.7323432],[105.852838,20.7316095],[105.8543984,20.7315829],[105.8573672,20.7250519],[105.8548528,20.7217655],[105.8554403,20.7210048],[105.8591808,20.7191346],[105.8580244,20.7171526],[105.8586339,20.7164327],[105.8601862,20.7185074],[105.8600781,20.7149635],[105.8637173,20.7141422],[105.8675393,20.7098687],[105.868755,20.7093487],[105.8703663,20.7092269],[105.8735301,20.709978],[105.8722268,20.7070596],[105.8726661,20.7068757],[105.8720895,20.7059038],[105.8744609,20.7046939],[105.8748072,20.7049763],[105.8755076,20.7047468],[105.8753098,20.7042777],[105.8774332,20.7032012],[105.876972,20.7024524],[105.887447,20.6964248],[105.8871745,20.6958948],[105.8877253,20.6957013],[105.8884299,20.69332],[105.8890731,20.6931711],[105.889237,20.6921227],[105.8914484,20.6934633],[105.8921893,20.6921339],[105.8874659,20.6906306],[105.886842,20.6907831],[105.88615,20.6914857],[105.8842997,20.6880856],[105.8841956,20.6856735],[105.882401,20.6853927],[105.8833796,20.6779436],[105.8855863,20.6792025],[105.8861825,20.675683],[105.8885545,20.6764019],[105.8934437,20.6791825],[105.8939495,20.6799087],[105.8947326,20.6756145],[105.8967311,20.6744048],[105.9013077,20.6724103],[105.9045153,20.6703911],[105.9054072,20.6684059],[105.9056175,20.6646676],[105.9034045,20.6645441],[105.8987897,20.6681498],[105.8978535,20.6686765],[105.8961211,20.668914],[105.8957057,20.6656884],[105.8960416,20.6617849],[105.8960653,20.6518419],[105.8925506,20.6488988],[105.8856456,20.6452149],[105.8799261,20.6432292],[105.877024,20.6430066],[105.8733918,20.6433399],[105.8664201,20.64534],[105.8649581,20.6453223],[105.8620064,20.6446316],[105.8579283,20.6449094],[105.8548767,20.6461796],[105.8528832,20.648064],[105.8509832,20.6503715],[105.8491983,20.6532324],[105.8483577,20.6524727],[105.8430684,20.6561822],[105.8429772,20.6559815],[105.8402306,20.6571661],[105.8406115,20.658446],[105.8403593,20.6585514],[105.840491,20.6590594],[105.8337925,20.6616656],[105.8333266,20.6605743],[105.8316046,20.661267],[105.8311111,20.661533],[105.8312882,20.6622096],[105.8287185,20.6628832],[105.8289385,20.6636361],[105.8251512,20.6658647],[105.8255788,20.6665734],[105.8255568,20.6674388],[105.82241,20.6792755],[105.819878,20.678874],[105.8196366,20.6795666],[105.8178019,20.6792755],[105.8147952,20.6780434],[105.8149856,20.6774963],[105.8053619,20.6706053],[105.7995737,20.6768012],[105.7974172,20.6752955],[105.796929,20.6758426],[105.8001155,20.6783219],[105.7971597,20.681815],[105.7964462,20.681278],[105.7958462,20.6820392],[105.794177,20.6843845],[105.7954913,20.6853431],[105.7910711,20.6901358],[105.7934636,20.6915861],[105.7923478,20.6915309],[105.7906741,20.69403],[105.7904488,20.6950738],[105.7933509,20.6964689],[105.7932447,20.6968032]]]}},{"type":"Feature","properties":{"name":"X\u00e3 H\u00f2a X\u00e1","kind":"xa","osm_id":19411388},"geometry":{"type":"Polygon","coordinates":[[[105.7624411,20.70509],[105.7630332,20.706969],[105.7631707,20.7087831],[105.7620635,20.7165177],[105.7628618,20.7190284],[105.7652169,20.7212869],[105.7686412,20.7223448],[105.7695163,20.7224334],[105.7715982,20.7211466],[105.7715285,20.7204592],[105.772537,20.7202836],[105.7730895,20.7211265],[105.7731593,20.7225715],[105.7739049,20.7224511],[105.7743929,20.7206832],[105.7761446,20.7172204],[105.775246,20.7169168],[105.7749724,20.7065527],[105.7773918,20.7066957],[105.7803771,20.7004333],[105.7818389,20.6991285],[105.7907867,20.7025459],[105.7919347,20.7007293],[105.7933509,20.6964689],[105.7904488,20.6950738],[105.7906741,20.69403],[105.7923478,20.6915309],[105.7934636,20.6915861],[105.7910711,20.6901358],[105.7954913,20.6853431],[105.794177,20.6843845],[105.7958462,20.6820392],[105.7964462,20.681278],[105.7971597,20.681815],[105.8001155,20.6783219],[105.796929,20.6758426],[105.7974172,20.6752955],[105.7995737,20.6768012],[105.8053619,20.6706053],[105.8149856,20.6774963],[105.8147952,20.6780434],[105.8175685,20.6792242],[105.8196366,20.6795666],[105.819878,20.678874],[105.82241,20.6792755],[105.8226353,20.6790245],[105.8255568,20.6674388],[105.8255788,20.6665734],[105.8251512,20.6658647],[105.8289385,20.6636361],[105.8288535,20.663399],[105.8262046,20.6642056],[105.8261543,20.6638319],[105.8230624,20.6644749],[105.8230116,20.6620581],[105.8218899,20.6621541],[105.819506,20.66082],[105.822554,20.65762],[105.8252799,20.6538682],[105.8264923,20.652784],[105.8292221,20.6512985],[105.8327698,20.6500086],[105.8336002,20.6493705],[105.8340482,20.6481319],[105.8326449,20.6454293],[105.831553,20.6444278],[105.8265352,20.6414491],[105.8207094,20.6385701],[105.8136568,20.6333655],[105.8132851,20.6334118],[105.8113413,20.629447],[105.8110696,20.6281153],[105.8117613,20.6281946],[105.8120827,20.6257988],[105.8131761,20.6259356],[105.8131276,20.6252096],[105.8147711,20.624872],[105.8144814,20.6243699],[105.8133798,20.6238637],[105.8132745,20.6223777],[105.8136569,20.6210565],[105.8148532,20.6195401],[105.814814,20.618556],[105.8140046,20.618935],[105.8126518,20.6185362],[105.8112869,20.6189556],[105.8083598,20.618116],[105.8050561,20.6159753],[105.8042709,20.6148731],[105.8038418,20.6132939],[105.803151,20.6127514],[105.8011683,20.6120497],[105.7975285,20.6119704],[105.7957648,20.6126013],[105.7934515,20.6145932],[105.7916177,20.6157021],[105.784274,20.6184144],[105.7805365,20.6221269],[105.7771362,20.6238617],[105.7770214,20.6247269],[105.777661,20.62561],[105.7790447,20.6264751],[105.7808249,20.6270254],[105.7848426,20.6274622],[105.7925519,20.6275116],[105.7959525,20.6284121],[105.7988719,20.6302945],[105.8024794,20.633431],[105.8035453,20.6356084],[105.8035678,20.6381973],[105.8027387,20.6407262],[105.8012559,20.6425673],[105.7947269,20.6451364],[105.7913165,20.6475384],[105.7894942,20.6495676],[105.783523,20.6582289],[105.7799673,20.6614943],[105.7765017,20.6639304],[105.7730383,20.6681529],[105.768887,20.6714633],[105.7598081,20.6769371],[105.751878,20.6825649],[105.7455856,20.6873655],[105.7433443,20.6898185],[105.7427324,20.6912646],[105.7425576,20.6928203],[105.7428376,20.694209],[105.7436273,20.6952416],[105.7454122,20.6963925],[105.746854,20.6968932],[105.7544339,20.6977451],[105.7570474,20.698609],[105.7586685,20.6996885],[105.7604782,20.701453],[105.7624411,20.70509]]]}},{"type":"Feature","properties":{"name":"X\u00e3 Qu\u1ed1c Oai","kind":"xa","osm_id":19435863},"geometry":{"type":"Polygon","coordinates":[[[105.6255073,21.0050923],[105.631307,21.0093934],[105.6395909,21.0102056],[105.6398249,21.0096996],[105.6398551,21.0108473],[105.6388773,21.0131832],[105.6382894,21.0131044],[105.6347485,21.0163224],[105.6321265,21.0137197],[105.631544,21.0139868],[105.6299586,21.0159036],[105.6279083,21.0176869],[105.6322159,21.0226273],[105.6326948,21.0224945],[105.6341968,21.0251036],[105.6307312,21.0270896],[105.6331175,21.0354312],[105.6321736,21.0355448],[105.6323421,21.036973],[105.6345865,21.0366939],[105.6345084,21.0411722],[105.6355167,21.0412098],[105.634466,21.0440778],[105.6348051,21.0440513],[105.634662,21.0443423],[105.6430079,21.0439157],[105.6432911,21.0408669],[105.6445457,21.0433971],[105.6468658,21.0423581],[105.6466777,21.0443381],[105.6472042,21.0443916],[105.647391,21.0461363],[105.6479772,21.0461552],[105.6479105,21.0429515],[105.6469989,21.042642],[105.6473145,21.0405408],[105.6482845,21.0402605],[105.6497665,21.0432264],[105.6503866,21.0439941],[105.6509286,21.0440936],[105.6517279,21.043116],[105.6526124,21.0426333],[105.6529441,21.0403285],[105.6545968,21.039539],[105.654338,21.038877],[105.6546282,21.0387009],[105.654665,21.0376245],[105.6613679,21.0349645],[105.6612937,21.0347113],[105.6630262,21.0343972],[105.6634477,21.0336031],[105.6644271,21.0337274],[105.6672682,21.0305539],[105.6670713,21.0302076],[105.6675828,21.0294937],[105.6668703,21.0289556],[105.667487,21.0282956],[105.6680089,21.0267209],[105.668915,21.0267646],[105.66906,21.0248418],[105.66929,21.0248206],[105.6687226,21.0237912],[105.677228,21.0191626],[105.6766821,21.0148487],[105.676846,21.009492],[105.676213,21.008538],[105.675073,21.00812],[105.6710172,21.0093009],[105.667922,21.009752],[105.6664971,21.0094811],[105.6648282,21.0083749],[105.6636875,21.0073779],[105.6633809,21.0066383],[105.6642988,21.0019419],[105.6665362,20.9988061],[105.6671062,20.9986229],[105.6669896,20.9970568],[105.66747,20.9962392],[105.6675717,20.9936043],[105.6670625,20.9905668],[105.6659968,20.9863825],[105.6656097,20.9859001],[105.6651284,20.9829873],[105.6640792,20.9827231],[105.6644279,20.9823775],[105.6622285,20.9819267],[105.6618664,20.9841781],[105.6591761,20.984431],[105.6609464,20.9881549],[105.6599486,20.9891291],[105.6595194,20.9902009],[105.6565207,20.9897651],[105.656569,20.9882075],[105.6553861,20.98819],[105.6553969,20.9895698],[105.6536803,20.9898127],[105.6531036,20.9905114],[105.6483936,20.989069],[105.6486458,20.9883628],[105.6480181,20.9881324],[105.6482381,20.9872859],[105.6473422,20.9858234],[105.6470364,20.9860087],[105.6447458,20.9850721],[105.6429943,20.9834243],[105.6436783,20.9823023],[105.6409317,20.9817514],[105.64098,20.9800284],[105.6372142,20.9793221],[105.6383729,20.9757333],[105.6381047,20.9737046],[105.632582,20.9714381],[105.6315225,20.9717687],[105.6314555,20.9705464],[105.630675,20.9707067],[105.6294706,20.9730535],[105.6308413,20.9752324],[105.6302538,20.9767125],[105.6324989,20.977519],[105.6307045,20.9795275],[105.6324184,20.9825728],[105.6319731,20.9828082],[105.6323701,20.9833967],[105.6314313,20.9848367],[105.6305623,20.9854904],[105.6305543,20.9868727],[105.6300151,20.9878644],[105.6302083,20.9886933],[105.6296611,20.9893294],[105.6303263,20.9898127],[105.6301841,20.9910097],[105.6318954,20.9921241],[105.6328288,20.9920239],[105.6333545,20.9923169],[105.6335422,20.9931508],[105.6325445,20.9936016],[105.631831,20.9932635],[105.630734,20.994458],[105.6301546,20.9954296],[105.6323326,20.9970322],[105.6296718,21.0006481],[105.6255073,21.0050923]]]}},{"type":"Feature","properties":{"name":"X\u00e3 H\u01b0ng \u0110\u1ea1o","kind":"xa","osm_id":19435864},"geometry":{"type":"Polygon","coordinates":[[[105.6308037,20.9706316],[105.6314555,20.9705464],[105.6315225,20.9717687],[105.632582,20.9714381],[105.6381047,20.9737046],[105.6383729,20.9757333],[105.6372142,20.9793221],[105.64098,20.9800284],[105.6409317,20.9817514],[105.6436783,20.9823023],[105.6429943,20.9834243],[105.6447458,20.9850721],[105.6470364,20.9860087],[105.6473422,20.9858234],[105.6482381,20.9872859],[105.6480181,20.9881324],[105.6486458,20.9883628],[105.6483936,20.989069],[105.6531036,20.9905114],[105.6536803,20.9898127],[105.6553969,20.9895698],[105.6553861,20.98819],[105.656569,20.9882075],[105.6565207,20.9897651],[105.6595194,20.9902009],[105.6599486,20.9891291],[105.6609464,20.9881549],[105.6591761,20.984431],[105.6618664,20.9841781],[105.6622285,20.9819267],[105.6644279,20.9823775],[105.6640792,20.9827231],[105.6651284,20.9829873],[105.6658076,20.9823415],[105.6679803,20.9821856],[105.6716949,20.9843637],[105.6732645,20.9846979],[105.6743132,20.9864694],[105.6747049,20.9866067],[105.6759747,20.986173],[105.6772876,20.9841436],[105.679225,20.9826489],[105.681959,20.97835],[105.6836676,20.9773252],[105.6860555,20.9751586],[105.6874366,20.9747981],[105.6862465,20.9726347],[105.6839398,20.970281],[105.685034,20.9696415],[105.6852319,20.9692101],[105.686151,20.969642],[105.6861523,20.9701183],[105.68708,20.9699495],[105.6875769,20.9705307],[105.6891693,20.972666],[105.6887474,20.9728753],[105.6893041,20.9744639],[105.6936493,20.9775314],[105.694745,20.977816],[105.696653,20.978045],[105.698656,20.977708],[105.70151,20.976105],[105.703875,20.97401],[105.708344,20.972364],[105.710826,20.970342],[105.712102,20.968489],[105.7136762,20.9677362],[105.7138556,20.965589],[105.7152962,20.9631485],[105.7171874,20.9614192],[105.724106,20.9565706],[105.7251828,20.9554222],[105.7258451,20.9526529],[105.7251162,20.950964],[105.7201469,20.9538777],[105.7179755,20.9538752],[105.7171977,20.9548471],[105.7155079,20.9559242],[105.7142633,20.9561947],[105.7123241,20.9555081],[105.7123455,20.9559592],[105.7116645,20.9557694],[105.7114765,20.9562322],[105.7107538,20.9564332],[105.7091553,20.9577158],[105.7072374,20.9562704],[105.7061416,20.9572467],[105.7046554,20.9579054],[105.7044421,20.9568261],[105.7007168,20.9570765],[105.6991759,20.9558665],[105.6975108,20.9568559],[105.696373,20.9549022],[105.6945035,20.9552504],[105.6935774,20.9557532],[105.6933415,20.9567301],[105.6951874,20.9598366],[105.6949353,20.9602875],[105.6962086,20.9643896],[105.6953819,20.9648413],[105.6924923,20.9615606],[105.6903058,20.9624114],[105.6898338,20.9620708],[105.6887171,20.962232],[105.6857625,20.9618187],[105.6864539,20.9584498],[105.6829412,20.9579154],[105.6833107,20.9553459],[105.6797111,20.9544764],[105.6799284,20.9540919],[105.6794941,20.9537736],[105.6797057,20.9532966],[105.6789252,20.9525511],[105.6792471,20.9509596],[105.6784934,20.9506139],[105.6765724,20.9515407],[105.6632584,20.9490258],[105.6520146,20.9515908],[105.6461897,20.9511052],[105.6456533,20.9522663],[105.6448746,20.9521419],[105.6416578,20.9554093],[105.6393786,20.9540981],[105.63944,20.9550175],[105.6363827,20.9545315],[105.6362766,20.9554456],[105.6339828,20.9557324],[105.6348538,20.9589048],[105.6367206,20.960598],[105.6320858,20.9616801],[105.6332284,20.9657927],[105.6320161,20.9671202],[105.6316352,20.9667395],[105.6309217,20.9675735],[105.631198,20.9691614],[105.6308037,20.9706316]]]}},{"type":"Feature","properties":{"name":"X\u00e3 Thanh Tr\u00ec","kind":"xa","osm_id":19437088},"geometry":{"type":"Polygon","coordinates":[[[105.8357895,20.9292796],[105.8355852,20.9318585],[105.8371627,20.9351678],[105.839455,20.9379821],[105.8421359,20.9433165],[105.8441536,20.9430119],[105.8444805,20.945088],[105.8441773,20.9511261],[105.8475748,20.9521136],[105.8479487,20.9501287],[105.8490638,20.9478095],[105.8523234,20.9469808],[105.8541961,20.9471553],[105.8590809,20.9449615],[105.8642429,20.9432589],[105.8641716,20.9461335],[105.8646015,20.9469668],[105.8645028,20.9478987],[105.8649281,20.949077],[105.8665083,20.9500494],[105.866502,20.950883],[105.8678667,20.9536558],[105.869247,20.9541622],[105.8710473,20.9565806],[105.8792114,20.951191],[105.8860035,20.9454443],[105.8820244,20.9388416],[105.8817007,20.9354156],[105.865708,20.9341653],[105.8623461,20.9334813],[105.8591042,20.9323773],[105.8598268,20.9257567],[105.8598341,20.9222704],[105.8511666,20.9245752],[105.8505228,20.9245051],[105.8491281,20.9251164],[105.8477012,20.9246955],[105.8457592,20.9235631],[105.8444289,20.9233426],[105.8363179,20.9279223],[105.8357895,20.9292796]]]}},{"type":"Feature","properties":{"name":"X\u00e3 \u0110\u1ea1i Thanh","kind":"xa","osm_id":19437089},"geometry":{"type":"Polygon","coordinates":[[[105.7897834,20.9396512],[105.7897311,20.9410536],[105.7882132,20.9409868],[105.7885041,20.9420581],[105.7917659,20.9422477],[105.7947778,20.9505875],[105.7942111,20.9519721],[105.7947532,20.9549966],[105.7978648,20.9556936],[105.7983118,20.9560107],[105.7984431,20.9573641],[105.8003666,20.9583935],[105.8009378,20.9582824],[105.8021675,20.9570053],[105.8035548,20.9593938],[105.8148222,20.9534308],[105.8141479,20.9524199],[105.8155561,20.9513844],[105.8160552,20.9501666],[105.8168265,20.9496099],[105.8193593,20.9537162],[105.8199067,20.9540681],[105.8200849,20.9549499],[105.8205269,20.9555246],[105.8209151,20.9555531],[105.8212204,20.9571343],[105.8256989,20.956419],[105.8289386,20.954084],[105.8320092,20.9523968],[105.8330824,20.9521234],[105.8358152,20.9523171],[105.8397312,20.9541681],[105.8411572,20.9541875],[105.8424858,20.9530997],[105.8427294,20.9511742],[105.8441773,20.9511261],[105.8444805,20.945088],[105.8441536,20.9430119],[105.8421359,20.9433165],[105.839455,20.9379821],[105.8371627,20.9351678],[105.8355852,20.9318585],[105.8357895,20.9292796],[105.8343665,20.9288391],[105.8310837,20.9257843],[105.8303085,20.9263514],[105.8280202,20.9242838],[105.828487,20.9237219],[105.8270947,20.9228233],[105.8246754,20.9250881],[105.8146642,20.9194236],[105.8124496,20.9188455],[105.80672,20.912046],[105.8061825,20.9112635],[105.8063436,20.9098622],[105.8054853,20.9092765],[105.8049891,20.9092765],[105.8037878,20.9102097],[105.8030894,20.9114127],[105.8032704,20.9121923],[105.8029782,20.9124906],[105.7994689,20.9125367],[105.797944,20.9130305],[105.7976312,20.9122029],[105.7968878,20.9118911],[105.7953434,20.9126563],[105.7948798,20.9133059],[105.7948243,20.9143579],[105.7944366,20.9150554],[105.7930186,20.9154472],[105.7917521,20.9151529],[105.7910821,20.9153124],[105.789864,20.9176553],[105.7893275,20.9196155],[105.7895053,20.9199999],[105.7911893,20.9207995],[105.7916546,20.9215662],[105.7907218,20.9242913],[105.7912567,20.9256678],[105.7913144,20.9267732],[105.7917738,20.927493],[105.7925374,20.9281101],[105.7949673,20.9290035],[105.7962598,20.9304057],[105.7976934,20.9308917],[105.7990359,20.9341669],[105.8011401,20.9342694],[105.8015913,20.9356749],[105.7992147,20.9368016],[105.7990279,20.9378161],[105.7983658,20.9385498],[105.799039,20.9391278],[105.7975985,20.9396015],[105.7974131,20.938936],[105.796407,20.9393574],[105.7927467,20.9385412],[105.7897834,20.9396512]]]}},{"type":"Feature","properties":{"name":"X\u00e3 An Kh\u00e1nh","kind":"xa","osm_id":19437090},"geometry":{"type":"Polygon","coordinates":[[[105.6639482,21.00311],[105.6889057,21.0052164],[105.7159092,21.010971],[105.7203582,21.0111896],[105.7305049,21.0106264],[105.7356933,20.9932998],[105.7325775,20.9926157],[105.7305062,20.9918457],[105.7306018,20.9914108],[105.7302422,20.9913187],[105.7307073,20.9904841],[105.7328356,20.9906428],[105.7351653,20.9862791],[105.7378827,20.9856155],[105.7395933,20.9767518],[105.7406984,20.9749436],[105.7385634,20.9727396],[105.7393144,20.9715675],[105.7391588,20.9699935],[105.7394114,20.9694156],[105.7399653,20.9694408],[105.740101,20.9686923],[105.7410076,20.9689222],[105.7411897,20.9681203],[105.7416509,20.9680551],[105.7419954,20.967038],[105.7412186,20.9669018],[105.7412927,20.966237],[105.7405945,20.9660002],[105.7410143,20.9649485],[105.7420633,20.9654155],[105.7427492,20.9642108],[105.7396247,20.9626102],[105.7390373,20.9637789],[105.7316259,20.9596319],[105.7305304,20.9608227],[105.7251828,20.9554222],[105.724106,20.9565706],[105.7171874,20.9614192],[105.7152962,20.9631485],[105.7138556,20.965589],[105.7136762,20.9677362],[105.712102,20.968489],[105.710031,20.97104],[105.708344,20.972364],[105.703875,20.97401],[105.70151,20.976105],[105.698656,20.977708],[105.696653,20.978045],[105.6936493,20.9775314],[105.6893041,20.9744639],[105.6887474,20.9728753],[105.6891693,20.972666],[105.6875769,20.9705307],[105.68708,20.9699495],[105.6861523,20.9701183],[105.686151,20.969642],[105.6852319,20.9692101],[105.685034,20.9696415],[105.6839398,20.970281],[105.6862465,20.9726347],[105.6874366,20.9747981],[105.6860555,20.9751586],[105.6836676,20.9773252],[105.681959,20.97835],[105.679225,20.9826489],[105.6772876,20.9841436],[105.6759747,20.986173],[105.6747049,20.9866067],[105.6743132,20.9864694],[105.6732645,20.9846979],[105.6716949,20.9843637],[105.6679803,20.9821856],[105.6658076,20.9823415],[105.6650959,20.9830384],[105.6656097,20.9859001],[105.6659968,20.9863825],[105.6670625,20.9905668],[105.6675717,20.9936043],[105.66747,20.9962392],[105.6669896,20.9970568],[105.6671062,20.9986229],[105.6665362,20.9988061],[105.6646016,21.0014754],[105.6639482,21.00311]]]}},{"type":"Feature","properties":{"name":"X\u00e3 S\u01a1n \u0110\u1ed3ng","kind":"xa","osm_id":19437091},"geometry":{"type":"Polygon","coordinates":[[[105.6639482,21.00311],[105.6633809,21.0066383],[105.6636875,21.0073779],[105.6664971,21.0094811],[105.6694534,21.0096411],[105.675073,21.00812],[105.676213,21.008538],[105.676846,21.009492],[105.6766821,21.0148487],[105.677228,21.0191626],[105.6721059,21.0218762],[105.6745442,21.0259929],[105.6780862,21.0240145],[105.6790805,21.0256173],[105.6797057,21.0253247],[105.6818152,21.0289127],[105.6814986,21.0295994],[105.6805876,21.0302918],[105.6821068,21.0307581],[105.6827365,21.0335927],[105.6834683,21.0340252],[105.6855368,21.0320602],[105.6872334,21.03153],[105.6958531,21.0300292],[105.69733,21.0306482],[105.6945384,21.032381],[105.693444,21.0349296],[105.6924878,21.0351774],[105.6924972,21.0512313],[105.6927332,21.0515242],[105.7006216,21.0513389],[105.7008094,21.0506105],[105.7011232,21.0505029],[105.7041407,21.0508408],[105.7040777,21.0475908],[105.7050201,21.0474062],[105.7048129,21.0446595],[105.7104016,21.0354152],[105.7108157,21.0359059],[105.7113501,21.0355546],[105.7111727,21.0352729],[105.7115804,21.0350575],[105.7113531,21.034713],[105.7122463,21.034131],[105.7152405,21.0336742],[105.7154876,21.0342107],[105.7158449,21.034272],[105.715974,21.0338137],[105.7168423,21.0336348],[105.7172852,21.0340782],[105.7179634,21.0336924],[105.7197994,21.0344614],[105.7201293,21.0341986],[105.7211995,21.0355555],[105.7216796,21.0368648],[105.7214769,21.0377249],[105.7232339,21.0383307],[105.7231677,21.0401205],[105.7253177,21.0401402],[105.7274384,21.0455594],[105.728845,21.0466977],[105.7300681,21.0470382],[105.7318508,21.046273],[105.7326648,21.0452374],[105.7320982,21.0447302],[105.7323085,21.0437831],[105.7330194,21.0437805],[105.7335461,21.0431529],[105.733554,21.0427936],[105.7331304,21.0425022],[105.7340858,21.0407417],[105.7336209,21.0402557],[105.7341082,21.0397201],[105.7335914,21.0382606],[105.7347822,21.0373786],[105.7347716,21.0368658],[105.7364153,21.0369263],[105.7385201,21.0365003],[105.7381194,21.0361481],[105.7382584,21.035574],[105.7385907,21.0356285],[105.738947,21.0327142],[105.7384347,21.0326087],[105.7386467,21.0317996],[105.7371934,21.0314655],[105.7371318,21.031008],[105.7374506,21.0299225],[105.7372438,21.0292288],[105.7377724,21.0283352],[105.7382135,21.0284153],[105.7383666,21.0280314],[105.7379724,21.0277714],[105.7381531,21.0276093],[105.7348376,21.0263206],[105.7346465,21.0250265],[105.7371102,21.0234593],[105.7365049,21.0223737],[105.7360296,21.022637],[105.7361321,21.0218284],[105.7356748,21.0216587],[105.7349928,21.0219194],[105.7350108,21.0225604],[105.7344356,21.0226617],[105.7339401,21.0214691],[105.7298245,21.0179927],[105.7312698,21.016531],[105.7314199,21.0170569],[105.7325516,21.0168076],[105.7339706,21.0154285],[105.7323249,21.0120093],[105.7329965,21.011089],[105.7325332,21.0105183],[105.7203582,21.0111896],[105.7159092,21.010971],[105.6889057,21.0052164],[105.6639482,21.00311]]]}},{"type":"Feature","properties":{"name":"X\u00e3 Ho\u00e0i \u0110\u1ee9c","kind":"xa","osm_id":19437092},"geometry":{"type":"Polygon","coordinates":[[[105.681725,21.0703627],[105.6755436,21.0766896],[105.6795661,21.0810304],[105.6774992,21.0815813],[105.6774119,21.0834286],[105.6770984,21.0835894],[105.6773275,21.0843117],[105.6787659,21.0849019],[105.6799874,21.0846818],[105.6837754,21.0875349],[105.6850631,21.0878272],[105.6857241,21.0894216],[105.6868217,21.090284],[105.6868197,21.0898583],[105.6881985,21.0892207],[105.6887389,21.0884804],[105.6900243,21.0885836],[105.6901243,21.0883206],[105.6955784,21.0863373],[105.6968242,21.0867724],[105.6976076,21.084954],[105.6964687,21.0849105],[105.6964734,21.0834671],[105.6982362,21.0835771],[105.6980501,21.0825966],[105.7014809,21.0808355],[105.7011983,21.0800199],[105.7014318,21.0797668],[105.7005633,21.07777],[105.6999267,21.0773198],[105.6988449,21.0750055],[105.7048673,21.0714623],[105.7053572,21.0722031],[105.706726,21.0718596],[105.7076695,21.0719715],[105.7082411,21.071109],[105.7096083,21.0752335],[105.7107402,21.0750683],[105.7191301,21.0725005],[105.7242957,21.0692751],[105.7246617,21.0597791],[105.7294564,21.0565602],[105.7265554,21.0527566],[105.7286835,21.050539],[105.7279511,21.0484161],[105.729502,21.0480528],[105.7293435,21.047176],[105.7298558,21.0470149],[105.728845,21.0466977],[105.7274384,21.0455594],[105.7253177,21.0401402],[105.7231677,21.0401205],[105.7232339,21.0383307],[105.7214769,21.0377249],[105.7216796,21.0368648],[105.7211995,21.0355555],[105.7201293,21.0341986],[105.7197994,21.0344614],[105.7179634,21.0336924],[105.7172852,21.0340782],[105.7168423,21.0336348],[105.715974,21.0338137],[105.7158449,21.034272],[105.7154876,21.0342107],[105.7152405,21.0336742],[105.7122463,21.034131],[105.7113531,21.034713],[105.7115804,21.0350575],[105.7111727,21.0352729],[105.7113501,21.0355546],[105.7108157,21.0359059],[105.7104016,21.0354152],[105.7048129,21.0446595],[105.7050201,21.0474062],[105.7040777,21.0475908],[105.7041407,21.0508408],[105.7011232,21.0505029],[105.7008094,21.0506105],[105.7006216,21.0513389],[105.6929311,21.0515602],[105.6908691,21.0567032],[105.6899437,21.0566281],[105.688781,21.0594028],[105.6850655,21.0709187],[105.681725,21.0703627]]]}},{"type":"Feature","properties":{"name":"X\u00e3 \u00d4 Di\u00ean","kind":"xa","osm_id":19437093},"geometry":{"type":"Polygon","coordinates":[[[105.6722855,21.123023],[105.6770549,21.1263224],[105.6762258,21.1277095],[105.6765391,21.1279025],[105.6733998,21.1332012],[105.6754328,21.1337703],[105.6817243,21.1378495],[105.6864027,21.1401529],[105.6909818,21.141715],[105.6960423,21.1427429],[105.7006328,21.1433478],[105.7061088,21.1433158],[105.7109324,21.1427874],[105.7144343,21.1416827],[105.7163203,21.1407787],[105.7177401,21.1394361],[105.7184993,21.1379372],[105.7187753,21.1363003],[105.7186964,21.1327781],[105.7179866,21.1293111],[105.7182203,21.1256171],[105.7186238,21.1243201],[105.7252146,21.1153619],[105.727738,21.1125114],[105.736662,21.1048313],[105.7335099,21.1022258],[105.7311677,21.101054],[105.7310919,21.100615],[105.7298323,21.1009218],[105.7294277,21.0995887],[105.7286733,21.0998273],[105.7274975,21.0988334],[105.7262363,21.0991244],[105.7252674,21.096873],[105.7247853,21.0969532],[105.7259417,21.095795],[105.7269542,21.0939562],[105.7261293,21.0935348],[105.7265122,21.0919147],[105.726252,21.0884495],[105.7269955,21.0884496],[105.726599,21.0853843],[105.7279064,21.0844887],[105.7279997,21.083015],[105.7284699,21.0824165],[105.7254197,21.0789995],[105.7240934,21.0760277],[105.7242957,21.0692751],[105.7191301,21.0725005],[105.7107402,21.0750683],[105.7096083,21.0752335],[105.7082411,21.071109],[105.7076695,21.0719715],[105.706726,21.0718596],[105.7053572,21.0722031],[105.7048673,21.0714623],[105.6988449,21.0750055],[105.6999267,21.0773198],[105.7005633,21.07777],[105.7014318,21.0797668],[105.7011983,21.0800199],[105.7014809,21.0808355],[105.6980501,21.0825966],[105.6982362,21.0835771],[105.6964734,21.0834671],[105.6964687,21.0849105],[105.6976076,21.084954],[105.6968242,21.0867724],[105.6955784,21.0863373],[105.6901243,21.0883206],[105.6900243,21.0885836],[105.6887389,21.0884804],[105.6881985,21.0892207],[105.6868197,21.0898583],[105.6869955,21.0908864],[105.6852404,21.0942513],[105.6844934,21.0946794],[105.6852383,21.0950042],[105.6866008,21.0967158],[105.6868154,21.0965857],[105.687545,21.0993984],[105.6829316,21.1031019],[105.6852061,21.1049236],[105.6843562,21.1066401],[105.6860093,21.1068057],[105.6857198,21.107555],[105.6861106,21.1077358],[105.6860736,21.1080922],[105.6853465,21.1096903],[105.6846879,21.110244],[105.6826633,21.1097661],[105.6816713,21.1111391],[105.6808095,21.1095158],[105.6787686,21.1121934],[105.6797768,21.1144689],[105.6767684,21.1160845],[105.6765245,21.1156977],[105.6757276,21.1161376],[105.6729818,21.1185682],[105.6725628,21.1197754],[105.6737459,21.1217182],[105.6722855,21.123023]]]}},{"type":"Feature","properties":{"name":"X\u00e3 Ng\u1ecdc H\u1ed3i","kind":"xa","osm_id":19437094},"geometry":{"type":"Polygon","coordinates":[[[105.8063436,20.9098622],[105.8061825,20.9112635],[105.8124496,20.9188455],[105.8146642,20.9194236],[105.8246754,20.9250881],[105.8270947,20.9228233],[105.828487,20.9237219],[105.8280202,20.9242838],[105.8303085,20.9263514],[105.8310837,20.9257843],[105.8343665,20.9288391],[105.8357895,20.9292796],[105.8363179,20.9279223],[105.8444289,20.9233426],[105.8457592,20.9235631],[105.8477012,20.9246955],[105.8491281,20.9251164],[105.8505228,20.9245051],[105.8511666,20.9245752],[105.8598341,20.9222704],[105.8598625,20.9160143],[105.8602507,20.9120599],[105.8609532,20.9085025],[105.8627463,20.9030281],[105.8596098,20.8974614],[105.8582911,20.8960913],[105.8566813,20.8952597],[105.8551395,20.8954816],[105.8543923,20.8966509],[105.8512687,20.899146],[105.8411065,20.9020607],[105.8391395,20.9031316],[105.8350415,20.9043469],[105.8337577,20.9043031],[105.8327262,20.903445],[105.8328938,20.9015828],[105.8310248,20.9010723],[105.8305972,20.9004041],[105.8293441,20.9008224],[105.828676,20.8997172],[105.8303416,20.8982673],[105.8291588,20.8976189],[105.8287091,20.8969881],[105.8272395,20.8977295],[105.8280081,20.8989936],[105.8262416,20.8999954],[105.826189,20.9006521],[105.8255492,20.90066],[105.8249814,20.9030104],[105.8223519,20.9034738],[105.815652,20.9027631],[105.8068511,20.9097657],[105.8063436,20.9098622]]]}},{"type":"Feature","properties":{"name":"X\u00e3 Nam Ph\u00f9","kind":"xa","osm_id":19437095},"geometry":{"type":"Polygon","coordinates":[[[105.8598625,20.9160143],[105.8598268,20.9257567],[105.8591042,20.9323773],[105.8623461,20.9334813],[105.865708,20.9341653],[105.8817007,20.9354156],[105.8814665,20.9331361],[105.8818509,20.9308146],[105.8839721,20.9294276],[105.8870391,20.928837],[105.8920425,20.929332],[105.8955991,20.9292713],[105.9002531,20.9286871],[105.9063461,20.9271171],[105.9084591,20.9263283],[105.911351,20.9239991],[105.9126875,20.9221014],[105.9131088,20.9193079],[105.9126904,20.9171944],[105.9118518,20.9157613],[105.9079628,20.9114968],[105.9043782,20.9085936],[105.899158,20.9051853],[105.8963432,20.9074619],[105.8931104,20.9092695],[105.892394,20.9093933],[105.8922012,20.9090179],[105.891758,20.9065928],[105.8911541,20.9062216],[105.8900357,20.9065525],[105.8896659,20.9059827],[105.8893247,20.9059724],[105.887707,20.9062932],[105.8873958,20.9083976],[105.8784443,20.9103298],[105.8749092,20.9121037],[105.8741474,20.9107457],[105.8736593,20.9106154],[105.8741796,20.909052],[105.8737344,20.9066466],[105.8677579,20.9090672],[105.8654986,20.9056728],[105.8627463,20.9030281],[105.8609532,20.9085025],[105.8602507,20.9120599],[105.8598625,20.9160143]]]}},{"type":"Feature","properties":{"name":"X\u00e3 H\u1ed3ng V\u00e2n","kind":"xa","osm_id":19437096},"geometry":{"type":"Polygon","coordinates":[[[105.8571588,20.8953449],[105.8596098,20.8974614],[105.8627463,20.9030281],[105.8654986,20.9056728],[105.8677579,20.9090672],[105.8737344,20.9066466],[105.8741796,20.909052],[105.8736593,20.9106154],[105.8741474,20.9107457],[105.8749092,20.9121037],[105.8784443,20.9103298],[105.8873958,20.9083976],[105.887707,20.9062932],[105.8893247,20.9059724],[105.8896659,20.9059827],[105.8900357,20.9065525],[105.8911541,20.9062216],[105.891758,20.9065928],[105.8922012,20.9090179],[105.892394,20.9093933],[105.8931104,20.9092695],[105.8963432,20.9074619],[105.899158,20.9051853],[105.8966667,20.9020466],[105.8954291,20.8989371],[105.8953656,20.8964629],[105.8956999,20.8952697],[105.8962284,20.8939379],[105.8971964,20.8927413],[105.8985559,20.8917717],[105.9096428,20.8867171],[105.915051,20.8838571],[105.9204284,20.8803346],[105.9243552,20.876647],[105.9224227,20.8735853],[105.9212597,20.870955],[105.9191909,20.8696503],[105.9184577,20.8700081],[105.917024,20.8679136],[105.9164029,20.8681754],[105.915595,20.8657361],[105.9140424,20.8660416],[105.9119437,20.865906],[105.9117596,20.866584],[105.9111438,20.8665343],[105.9114906,20.8672586],[105.9049763,20.8686434],[105.9049296,20.8691453],[105.9023518,20.8689096],[105.9023938,20.8685038],[105.9018616,20.8681483],[105.9013039,20.8646648],[105.9014395,20.8630151],[105.9011375,20.8629662],[105.9007154,20.8607982],[105.9001085,20.8610199],[105.9001177,20.8605881],[105.8998774,20.8605765],[105.8997079,20.8610343],[105.8980176,20.860507],[105.8980498,20.8600608],[105.8970467,20.8595896],[105.8970359,20.8589229],[105.8958772,20.8587224],[105.8951691,20.8578853],[105.8947829,20.8563363],[105.8950887,20.8525815],[105.8946327,20.8517193],[105.8912727,20.850058],[105.8905531,20.8512814],[105.8900197,20.851007],[105.8898718,20.8516865],[105.888584,20.8516347],[105.8887072,20.8521126],[105.8884669,20.8521875],[105.888282,20.8511452],[105.8899828,20.8501144],[105.8899235,20.8497027],[105.8888008,20.8498219],[105.8878041,20.8506223],[105.8814668,20.8477849],[105.8804839,20.8503884],[105.8774626,20.8496724],[105.8771617,20.8504554],[105.8756333,20.8500749],[105.8753206,20.850676],[105.8735798,20.8503341],[105.8727714,20.8514039],[105.8735916,20.8518285],[105.8725649,20.8546077],[105.8719748,20.8542493],[105.8712726,20.8551867],[105.8706707,20.8550709],[105.8687294,20.8573428],[105.868478,20.8571863],[105.8681081,20.8576663],[105.8649757,20.8565539],[105.866424,20.8605487],[105.866219,20.8612955],[105.865719,20.8612993],[105.8651028,20.8624115],[105.8659203,20.8626485],[105.8662554,20.864093],[105.8674304,20.8641691],[105.8668394,20.8653662],[105.8681383,20.8660574],[105.8677757,20.8671904],[105.8668837,20.866885],[105.8663603,20.8670797],[105.8662868,20.8680895],[105.8669172,20.8695164],[105.8675301,20.8695231],[105.8679635,20.8700415],[105.8676009,20.8703925],[105.869847,20.8702428],[105.8699117,20.8716189],[105.8755983,20.8708134],[105.8758891,20.872356],[105.8749986,20.8724362],[105.8753771,20.8819874],[105.8742713,20.8819874],[105.8746453,20.8851629],[105.8746602,20.8900806],[105.8706162,20.8907899],[105.8712077,20.8927588],[105.8668696,20.8934726],[105.8657728,20.8921715],[105.8636037,20.8910317],[105.8621618,20.8906402],[105.8607825,20.890905],[105.8602354,20.8911105],[105.859833,20.8920476],[105.8591538,20.8918704],[105.8588529,20.8921894],[105.8582048,20.8944528],[105.8575504,20.8942824],[105.8575182,20.8952296],[105.8571588,20.8953449]]]}},{"type":"Feature","properties":{"name":"X\u00e3 \u0110an Ph\u01b0\u1ee3ng","kind":"xa","osm_id":19446382},"geometry":{"type":"Polygon","coordinates":[[[105.6452748,21.0873441],[105.647399,21.0894163],[105.647461,21.0904323],[105.6470453,21.0916675],[105.648962,21.0923256],[105.6485984,21.0934511],[105.6491542,21.0936864],[105.6497146,21.0927975],[105.6510724,21.0932223],[105.6520156,21.094163],[105.6528798,21.0953576],[105.6552551,21.1002728],[105.6548375,21.1009926],[105.6529096,21.1000595],[105.6499337,21.1020697],[105.6485026,21.1054453],[105.6513403,21.1062342],[105.6511289,21.1069927],[105.6530641,21.1079712],[105.6556172,21.1084567],[105.6597315,21.1019483],[105.6594387,21.1010229],[105.6603669,21.0979824],[105.6637755,21.099902],[105.6640371,21.0996885],[105.6659751,21.1015881],[105.6667784,21.101135],[105.6665308,21.1007429],[105.6682019,21.099916],[105.6684452,21.1008571],[105.6705588,21.0999262],[105.6714171,21.1003166],[105.6716317,21.1024586],[105.6728011,21.1049009],[105.6728333,21.1064323],[105.6694001,21.1066024],[105.6659132,21.1076234],[105.6660312,21.1079737],[105.6645077,21.1092048],[105.6647438,21.1096652],[105.6642932,21.1100055],[105.6655806,21.1111965],[105.665366,21.1113366],[105.6661707,21.1131883],[105.6671041,21.1144693],[105.6655055,21.1189831],[105.6677478,21.1198939],[105.669679,21.1194035],[105.6692606,21.1198939],[105.6701833,21.1205144],[105.6694323,21.1217554],[105.6722855,21.123023],[105.6737459,21.1217182],[105.6725628,21.1197754],[105.6729818,21.1185682],[105.6757276,21.1161376],[105.6765245,21.1156977],[105.6767684,21.1160845],[105.6797768,21.1144689],[105.6787686,21.1121934],[105.6808095,21.1095158],[105.6816713,21.1111391],[105.6826633,21.1097661],[105.6843139,21.1102895],[105.6853465,21.1096903],[105.6860736,21.1080922],[105.6861106,21.1077358],[105.6857198,21.107555],[105.6860093,21.1068057],[105.6843562,21.1066401],[105.6852061,21.1049236],[105.6829316,21.1031019],[105.687545,21.0993984],[105.6868154,21.0965857],[105.6866008,21.0967158],[105.6852383,21.0950042],[105.6844934,21.0946794],[105.6852404,21.0942513],[105.6869955,21.0908864],[105.6869524,21.0903172],[105.6857241,21.0894216],[105.6850631,21.0878272],[105.6837754,21.0875349],[105.6799874,21.0846818],[105.6787659,21.0849019],[105.6773275,21.0843117],[105.6770984,21.0835894],[105.6774119,21.0834286],[105.6774992,21.0815813],[105.6795661,21.0810304],[105.6755436,21.0766896],[105.6759457,21.0762558],[105.6748646,21.0755127],[105.6760818,21.073839],[105.6730113,21.0725328],[105.6718014,21.0716138],[105.6725343,21.0703123],[105.6709285,21.0703379],[105.6704125,21.0700465],[105.6687745,21.0718207],[105.6667732,21.0726336],[105.6637555,21.0706619],[105.6638742,21.0680984],[105.6656136,21.0679953],[105.6660082,21.0683503],[105.6667126,21.0675512],[105.6655423,21.0666612],[105.6636599,21.0661423],[105.661558,21.0687133],[105.660167,21.0713533],[105.6591826,21.0721043],[105.657941,21.0717683],[105.656842,21.0704743],[105.651964,21.0681883],[105.649902,21.0682543],[105.648172,21.0688803],[105.647143,21.0695243],[105.646384,21.0704763],[105.645231,21.075942],[105.645715,21.0828633],[105.644735,21.0851033],[105.6452748,21.0873441]]]}},{"type":"Feature","properties":{"name":"X\u00e3 D\u01b0\u01a1ng H\u00f2a","kind":"xa","osm_id":19446383},"geometry":{"type":"Polygon","coordinates":[[[105.6494088,21.0649488],[105.6556605,21.0600539],[105.6576489,21.0591792],[105.6616822,21.058737],[105.6638605,21.0600991],[105.6643097,21.0617342],[105.6649137,21.0622934],[105.6645363,21.0645686],[105.6636599,21.0661423],[105.6655423,21.0666612],[105.6667126,21.0675512],[105.6660082,21.0683503],[105.6656136,21.0679953],[105.6638742,21.0680984],[105.6637555,21.0706619],[105.6667732,21.0726336],[105.6687745,21.0718207],[105.6704125,21.0700465],[105.6714671,21.0704021],[105.6723339,21.0702111],[105.6725343,21.0703123],[105.6718014,21.0716138],[105.6730113,21.0725328],[105.6760818,21.073839],[105.6748646,21.0755127],[105.6759457,21.0762558],[105.681725,21.0703627],[105.6850655,21.0709187],[105.6898767,21.0567207],[105.6908691,21.0567032],[105.6930068,21.0515041],[105.6924972,21.0512313],[105.6924878,21.0351774],[105.693444,21.0349296],[105.6945384,21.032381],[105.69733,21.0306482],[105.6958531,21.0300292],[105.6872334,21.03153],[105.6855368,21.0320602],[105.6834683,21.0340252],[105.6826145,21.0333726],[105.6821068,21.0307581],[105.6805876,21.0302918],[105.6814986,21.0295994],[105.6818152,21.0289127],[105.6797057,21.0253247],[105.6790805,21.0256173],[105.6780862,21.0240145],[105.6745442,21.0259929],[105.6721059,21.0218762],[105.6687226,21.0237912],[105.66929,21.0248206],[105.66906,21.0248418],[105.668915,21.0267646],[105.6680089,21.0267209],[105.667487,21.0282956],[105.6668703,21.0289556],[105.6675828,21.0294937],[105.6670713,21.0302076],[105.6672682,21.0305539],[105.6644271,21.0337274],[105.6634477,21.0336031],[105.6630262,21.0343972],[105.6612937,21.0347113],[105.6613679,21.0349645],[105.654665,21.0376245],[105.6546282,21.0387009],[105.654338,21.038877],[105.6545968,21.039539],[105.6529441,21.0403285],[105.6526124,21.0426333],[105.6517279,21.043116],[105.6509286,21.0440936],[105.649678,21.0502741],[105.649136,21.0556883],[105.64787,21.0587543],[105.647054,21.0597343],[105.646147,21.0626873],[105.647497,21.0652368],[105.6480121,21.0651588],[105.6483134,21.0646755],[105.6494088,21.0649488]]]}},{"type":"Feature","properties":{"name":"Ph\u01b0\u1eddng Ch\u01b0\u01a1ng M\u1ef9","kind":"phuong","osm_id":19446384},"geometry":{"type":"Polygon","coordinates":[[[105.6621613,20.9492229],[105.6636125,20.9490659],[105.6765724,20.9515407],[105.6784934,20.9506139],[105.6792471,20.9509596],[105.6789252,20.9525511],[105.6797057,20.9532966],[105.6794941,20.9537736],[105.6799284,20.9540919],[105.6797111,20.9544764],[105.6833107,20.9553459],[105.6829412,20.9579154],[105.6864539,20.9584498],[105.6857625,20.9618187],[105.6887171,20.962232],[105.6898338,20.9620708],[105.6903058,20.9624114],[105.6924923,20.9615606],[105.6953819,20.9648413],[105.6962086,20.9643896],[105.6949353,20.9602875],[105.6951874,20.9598366],[105.6933415,20.9567301],[105.6935774,20.9557532],[105.6945035,20.9552504],[105.696373,20.9549022],[105.6975108,20.9568559],[105.6991759,20.9558665],[105.7007168,20.9570765],[105.7044421,20.9568261],[105.7046554,20.9579054],[105.7061416,20.9572467],[105.7072374,20.9562704],[105.7091553,20.9577158],[105.7107538,20.9564332],[105.7114765,20.9562322],[105.7116645,20.9557694],[105.7123455,20.9559592],[105.7123241,20.9555081],[105.7142633,20.9561947],[105.7150237,20.9561114],[105.7167363,20.9552078],[105.7179755,20.9538752],[105.7204633,20.9537216],[105.7251162,20.950964],[105.722507,20.9489459],[105.7178057,20.9469006],[105.7163572,20.9458064],[105.7152879,20.9456488],[105.7137747,20.9447244],[105.7114629,20.9416936],[105.7111557,20.9403409],[105.7113964,20.9389919],[105.7120288,20.9377495],[105.7140359,20.9357725],[105.7165506,20.9346216],[105.7192936,20.9344719],[105.7213795,20.9351926],[105.7220628,20.9358939],[105.7225675,20.9369273],[105.7228202,20.9411291],[105.7232412,20.941801],[105.7241736,20.9419202],[105.7255063,20.9413113],[105.7261417,20.9405401],[105.7298443,20.9307515],[105.7301764,20.924655],[105.7299253,20.9204143],[105.7301871,20.9181442],[105.73088,20.9165773],[105.731704,20.915578],[105.7330925,20.9146037],[105.7364295,20.9130754],[105.7364945,20.9121322],[105.735119,20.9109113],[105.7332692,20.9101781],[105.7294651,20.9054936],[105.7280904,20.9013199],[105.7270727,20.8997354],[105.7251205,20.8983059],[105.7233505,20.896431],[105.7192001,20.8983822],[105.703743,20.8990231],[105.7038116,20.898468],[105.7008209,20.8985596],[105.7009964,20.8953915],[105.7040305,20.8855407],[105.7013252,20.885474],[105.7012317,20.885983],[105.7006463,20.8860134],[105.700132,20.8867426],[105.6998769,20.8880493],[105.6973289,20.8874619],[105.6972652,20.888689],[105.6966041,20.8888697],[105.6967475,20.8902188],[105.6916028,20.8903392],[105.6874513,20.8897837],[105.6867113,20.8908641],[105.6832101,20.8879629],[105.6806157,20.8922983],[105.6783115,20.8914887],[105.6740045,20.8963917],[105.674184,20.8983002],[105.6732725,20.8986944],[105.6730207,20.8995023],[105.6733081,20.8998672],[105.6748507,20.8997558],[105.6756762,20.9006669],[105.6769077,20.9010692],[105.6754956,20.9062397],[105.6726218,20.9136825],[105.676497,20.9174055],[105.6769735,20.9183171],[105.677347,20.922836],[105.675428,20.9225439],[105.6747053,20.928374],[105.6730485,20.9297822],[105.6735957,20.932548],[105.671348,20.9324728],[105.6713181,20.9333724],[105.670201,20.9334732],[105.6704364,20.9349106],[105.6648793,20.9348008],[105.6645613,20.9402162],[105.6627642,20.940111],[105.6621613,20.9492229]]]}},{"type":"Feature","properties":{"name":"X\u00e3 Ph\u00fa Ngh\u0129a","kind":"xa","osm_id":19446385},"geometry":{"type":"Polygon","coordinates":[[[105.5976167,20.9147691],[105.5974517,20.9176177],[105.5977772,20.9180685],[105.6023257,20.9184353],[105.6023971,20.918827],[105.6012596,20.9203622],[105.6011512,20.921101],[105.6021222,20.9225091],[105.6042576,20.9225622],[105.605418,20.9238699],[105.6062187,20.9240721],[105.6083197,20.9233277],[105.609415,20.9233652],[105.6149974,20.92606],[105.6154617,20.9280976],[105.6148382,20.9291871],[105.6127364,20.9309984],[105.6127394,20.9320038],[105.6139969,20.9329414],[105.6148846,20.9331437],[105.6163632,20.9320354],[105.6167545,20.930593],[105.6171263,20.9302367],[105.617919,20.9301179],[105.6188178,20.9304315],[105.620255,20.9324539],[105.6202269,20.9328465],[105.6184915,20.9340204],[105.6182329,20.9361215],[105.620107,20.9363754],[105.6236261,20.9380689],[105.6235434,20.9386079],[105.6220942,20.9400569],[105.6242667,20.9403827],[105.6245738,20.9408746],[105.626024,20.9411351],[105.6259757,20.9427684],[105.6262439,20.9432869],[105.6267321,20.9432819],[105.6265607,20.94392],[105.6274429,20.9449803],[105.6274429,20.9453936],[105.6283568,20.9462522],[105.6286984,20.9459717],[105.6292816,20.9462579],[105.6291868,20.9466614],[105.6306331,20.9473232],[105.6299041,20.9481538],[105.6328046,20.9498324],[105.6339828,20.9557324],[105.6362766,20.9554456],[105.6363827,20.9545315],[105.63944,20.9550175],[105.6393786,20.9540981],[105.6416578,20.9554093],[105.6448746,20.9521419],[105.6456533,20.9522663],[105.6461897,20.9511052],[105.6520146,20.9515908],[105.6621613,20.9492229],[105.6627642,20.940111],[105.6645613,20.9402162],[105.6648793,20.9348008],[105.6704364,20.9349106],[105.670201,20.9334732],[105.6713181,20.9333724],[105.671348,20.9324728],[105.6735957,20.932548],[105.6730485,20.9297822],[105.6747053,20.928374],[105.675428,20.9225439],[105.677347,20.922836],[105.6769735,20.9183171],[105.676497,20.9174055],[105.6726218,20.9136825],[105.6754956,20.9062397],[105.6769077,20.9010692],[105.6756762,20.9006669],[105.6748507,20.8997558],[105.6733081,20.8998672],[105.6730207,20.8995023],[105.6732725,20.8986944],[105.674184,20.8983002],[105.6742692,20.8978917],[105.6712679,20.8977089],[105.6697685,20.8970274],[105.6696723,20.8958086],[105.6680753,20.8959095],[105.6681216,20.8948259],[105.6585383,20.8916407],[105.6576988,20.8918791],[105.6568655,20.8915355],[105.6549387,20.8919345],[105.6533952,20.8901051],[105.6516082,20.8904867],[105.6500182,20.8870414],[105.6496028,20.8872157],[105.6486905,20.8869564],[105.6483946,20.8862556],[105.6464692,20.8859479],[105.6457083,20.8841245],[105.648447,20.882377],[105.6493387,20.8810243],[105.6485851,20.8807043],[105.6422879,20.8820353],[105.6417608,20.8828099],[105.6417961,20.8864557],[105.6424033,20.8879434],[105.6420566,20.8889132],[105.6377938,20.8908832],[105.6358542,20.8921947],[105.6338777,20.8950002],[105.6328679,20.8951722],[105.6306257,20.8943948],[105.6288176,20.8924029],[105.6276818,20.8914527],[105.6269551,20.8912994],[105.6236031,20.8920511],[105.6222615,20.8931495],[105.6204158,20.8953564],[105.6192902,20.8953992],[105.6187989,20.8949842],[105.6168729,20.890523],[105.6162979,20.8898199],[105.6125358,20.8892022],[105.6111264,20.8875804],[105.6094035,20.8875686],[105.6092155,20.8888114],[105.6100225,20.8926339],[105.6109931,20.894614],[105.6109067,20.8952875],[105.6123548,20.8964966],[105.6122836,20.8972133],[105.612691,20.8972541],[105.61255,20.897691],[105.6128159,20.8979969],[105.6111551,20.8993768],[105.6106771,20.9013998],[105.6111883,20.90188],[105.6123704,20.9020567],[105.6124032,20.9026193],[105.6117383,20.9034151],[105.6120503,20.9037932],[105.611928,20.9042552],[105.6125202,20.9046039],[105.6133141,20.9045716],[105.6141173,20.9057321],[105.6140613,20.9064388],[105.6124351,20.907879],[105.6125038,20.9092628],[105.612203,20.9098695],[105.6107432,20.9104811],[105.6091891,20.9089874],[105.6082519,20.9093829],[105.6072895,20.9086405],[105.6033204,20.9136361],[105.6010908,20.9145384],[105.5976167,20.9147691]]]}},{"type":"Feature","properties":{"name":"X\u00e3 Xu\u00e2n Mai","kind":"xa","osm_id":19446386},"geometry":{"type":"Polygon","coordinates":[[[105.5592755,20.8808011],[105.5564755,20.8795511],[105.5541199,20.879681],[105.5536539,20.8803393],[105.5536848,20.8825232],[105.5529419,20.8827499],[105.5528535,20.8832445],[105.5561685,20.883689],[105.5560389,20.8850858],[105.5549762,20.8863467],[105.5555575,20.8867038],[105.5555983,20.8874863],[105.5563422,20.887853],[105.5573265,20.8894526],[105.5598422,20.8907502],[105.5600015,20.8938443],[105.5604636,20.8962482],[105.5612452,20.8980797],[105.5622308,20.8986533],[105.563792,20.898672],[105.5638082,20.8990084],[105.5633796,20.8993987],[105.5624991,20.8994189],[105.5611855,20.9007876],[105.5593013,20.9012933],[105.5596043,20.9019367],[105.5561847,20.9040305],[105.5554955,20.9047452],[105.5558198,20.905326],[105.5568023,20.9066946],[105.5575742,20.9070302],[105.5584671,20.9067519],[105.5600032,20.9055552],[105.560289,20.905846],[105.5579179,20.9081797],[105.5599121,20.9097901],[105.5604344,20.9098805],[105.5617242,20.9091671],[105.5629105,20.9093269],[105.5720406,20.9135931],[105.574885,20.9134702],[105.577289,20.9151819],[105.5790278,20.915995],[105.5791122,20.9157168],[105.5794635,20.9157619],[105.5801421,20.9138928],[105.5815959,20.9138377],[105.5818836,20.9124293],[105.5823479,20.9117832],[105.5822425,20.9111506],[105.5813697,20.9104759],[105.581703,20.9097215],[105.5823711,20.9093853],[105.5825266,20.9101646],[105.5830621,20.9106532],[105.5837486,20.9105088],[105.5839907,20.9109623],[105.5850248,20.9101417],[105.5858472,20.9111931],[105.5871186,20.9112169],[105.5878025,20.9116629],[105.5881024,20.9122967],[105.5908712,20.9127469],[105.5923408,20.9125799],[105.5911057,20.9116315],[105.5918848,20.9115677],[105.5927836,20.9110265],[105.5928911,20.9124407],[105.593529,20.9132927],[105.5946293,20.91371],[105.5966353,20.9128799],[105.5974625,20.9129618],[105.597749,20.9133589],[105.5976167,20.9147691],[105.6010908,20.9145384],[105.6033204,20.9136361],[105.6072895,20.9086405],[105.6082519,20.9093829],[105.6091891,20.9089874],[105.6107432,20.9104811],[105.612203,20.9098695],[105.6125038,20.9092628],[105.6124351,20.907879],[105.6140613,20.9064388],[105.6141173,20.9057321],[105.6133141,20.9045716],[105.6125202,20.9046039],[105.611928,20.9042552],[105.6120503,20.9037932],[105.6117383,20.9034151],[105.6124032,20.9026193],[105.6123704,20.9020567],[105.6111883,20.90188],[105.6106771,20.9013998],[105.6111551,20.8993768],[105.6128159,20.8979969],[105.61255,20.897691],[105.612691,20.8972541],[105.6122836,20.8972133],[105.6123548,20.8964966],[105.6109067,20.8952875],[105.6109931,20.894614],[105.6100225,20.8926339],[105.6092155,20.8888114],[105.6094035,20.8875686],[105.6111264,20.8875804],[105.6125358,20.8892022],[105.6162979,20.8898199],[105.6168729,20.890523],[105.6187989,20.8949842],[105.6198286,20.8954852],[105.6204158,20.8953564],[105.6222615,20.8931495],[105.6236031,20.8920511],[105.6269551,20.8912994],[105.6276818,20.8914527],[105.6288176,20.8924029],[105.6306257,20.8943948],[105.6328679,20.8951722],[105.6338777,20.8950002],[105.6358542,20.8921947],[105.6377938,20.8908832],[105.6420566,20.8889132],[105.6424033,20.8879434],[105.6417961,20.8864557],[105.6417608,20.8828099],[105.6422879,20.8820353],[105.6388352,20.8801969],[105.6367117,20.8807921],[105.6346065,20.8750345],[105.6339268,20.8748832],[105.6335547,20.875785],[105.6321349,20.8753988],[105.6322457,20.8744689],[105.6303914,20.8738135],[105.6296874,20.8730582],[105.6298274,20.8724704],[105.6302993,20.872208],[105.63096,20.8724802],[105.6313293,20.8722625],[105.6308521,20.8709797],[105.6295811,20.8697431],[105.6301307,20.8693357],[105.6313245,20.8700695],[105.6317225,20.8699026],[105.631122,20.8692646],[105.6319202,20.8686885],[105.6308975,20.8683754],[105.6315408,20.86748],[105.6307706,20.8678961],[105.6298789,20.8675393],[105.6291066,20.8676458],[105.62876,20.8675148],[105.6285493,20.8663444],[105.6272001,20.8651124],[105.6258479,20.8655055],[105.6254471,20.8652393],[105.625496,20.8638597],[105.6261758,20.8630955],[105.6254898,20.863278],[105.6252633,20.8620271],[105.6244191,20.8621005],[105.6239316,20.8618035],[105.6239724,20.8607411],[105.6243638,20.8601001],[105.6237351,20.859507],[105.6233454,20.8582609],[105.6229725,20.8582828],[105.6224861,20.8576967],[105.6221534,20.8561162],[105.6212857,20.8551178],[105.6233604,20.8531587],[105.6228879,20.8521761],[105.6205545,20.8512971],[105.6214764,20.8500505],[105.6202982,20.8495193],[105.6229951,20.8488319],[105.6228884,20.8452143],[105.6187074,20.8389744],[105.6168395,20.8382883],[105.6140251,20.8350135],[105.6114116,20.8363472],[105.6101282,20.837825],[105.6091331,20.8383982],[105.6068528,20.8381887],[105.6042521,20.838974],[105.6032884,20.8385827],[105.600946,20.8414176],[105.5969697,20.8386404],[105.5966287,20.8374298],[105.596735,20.8352408],[105.5980001,20.8338451],[105.5960475,20.8312754],[105.5948075,20.8306687],[105.5922935,20.8310176],[105.5903075,20.8308354],[105.5885173,20.829861],[105.5878828,20.8290827],[105.5872781,20.8275024],[105.5871297,20.8255624],[105.5880586,20.8209432],[105.5878369,20.8202742],[105.5854056,20.8192708],[105.5839458,20.8171709],[105.5833854,20.8143713],[105.5833585,20.8118179],[105.5809106,20.8110788],[105.5784666,20.8090077],[105.5754867,20.8079185],[105.5715136,20.8084946],[105.5612385,20.8083947],[105.5594282,20.8080935],[105.5559542,20.806451],[105.5530561,20.8064595],[105.5520462,20.8069012],[105.5510221,20.807929],[105.555495,20.8089949],[105.558464,20.8113967],[105.5593104,20.8125059],[105.5597568,20.813822],[105.560521,20.8191907],[105.5622482,20.8218964],[105.5638585,20.8222254],[105.5718978,20.8217013],[105.5746458,20.8223396],[105.5756388,20.8227667],[105.5766518,20.8240962],[105.5777986,20.8248367],[105.5794818,20.8265957],[105.5795998,20.8294649],[105.5805201,20.8310509],[105.5805977,20.8349907],[105.580354,20.8361482],[105.5810558,20.8363284],[105.5820847,20.8374613],[105.5834556,20.8377915],[105.5835997,20.8387954],[105.5851759,20.8395424],[105.5861833,20.8406644],[105.5862503,20.8412725],[105.5852026,20.8419219],[105.5852803,20.842784],[105.5859213,20.8431721],[105.5874073,20.8432209],[105.5876388,20.8439726],[105.587107,20.8443506],[105.5878317,20.8445811],[105.5881574,20.8450639],[105.5881787,20.8456372],[105.5874738,20.8456217],[105.5871464,20.844709],[105.5866114,20.8442807],[105.5862706,20.8448194],[105.5855285,20.845055],[105.5855331,20.8462376],[105.5862768,20.846432],[105.5858213,20.8468458],[105.5864508,20.8475278],[105.5847518,20.8484014],[105.5847946,20.850652],[105.5862413,20.8529227],[105.5862269,20.8535033],[105.5851014,20.8544799],[105.5844949,20.8559743],[105.5857391,20.8572037],[105.582339,20.8594208],[105.5807994,20.8612906],[105.5801959,20.8625287],[105.5793931,20.8614299],[105.5754679,20.8640169],[105.5755328,20.8672943],[105.5749904,20.8671612],[105.5737099,20.8676356],[105.5731287,20.8690613],[105.5718963,20.8687919],[105.5695455,20.8702581],[105.5685533,20.8723219],[105.5677281,20.8726212],[105.5663737,20.8738324],[105.5659375,20.875105],[105.564589,20.8750175],[105.5636909,20.8761862],[105.5616646,20.8755648],[105.561783,20.8764117],[105.5595933,20.8776812],[105.5599935,20.8784445],[105.5593896,20.8788554],[105.559297,20.879389],[105.5601309,20.8797953],[105.5592755,20.8808011]]]}},{"type":"Feature","properties":{"name":"X\u00e3 Ph\u00fa C\u00e1t","kind":"xa","osm_id":19514767},"geometry":{"type":"Polygon","coordinates":[[[105.5036613,20.9294064],[105.5071311,20.9313013],[105.5101131,20.9341434],[105.5116695,20.9346526],[105.5160012,20.9399566],[105.51638,20.9429857],[105.517413,20.942889],[105.5174336,20.9433531],[105.5160356,20.948496],[105.5182325,20.9493403],[105.5197545,20.950887],[105.5200644,20.9508677],[105.5204982,20.9500685],[105.5216759,20.9501459],[105.5223163,20.951061],[105.522151,20.9514477],[105.5226331,20.9518795],[105.5225298,20.9522791],[105.5229637,20.9524982],[105.5231289,20.951944],[105.5239347,20.9513575],[105.5249195,20.9519246],[105.5252707,20.9527882],[105.5264897,20.9525176],[105.5269855,20.9533232],[105.5276122,20.9530331],[105.5277912,20.9518022],[105.528838,20.9522082],[105.5291204,20.9539354],[105.5284592,20.9543737],[105.5279978,20.9552566],[105.5291755,20.9569902],[105.5280667,20.9578023],[105.5273918,20.9576283],[105.5270819,20.958247],[105.5271645,20.9584661],[105.5277155,20.9583308],[105.5283491,20.9595811],[105.5278808,20.9597164],[105.5272403,20.9593748],[105.5270681,20.9595875],[105.5280323,20.9609731],[105.5277224,20.9611923],[105.5281425,20.9616176],[105.5281631,20.9628679],[105.5290377,20.9633899],[105.5288793,20.9642664],[105.5298366,20.9645371],[105.5301465,20.9651816],[105.5295542,20.9663545],[105.529327,20.9679464],[105.5262004,20.9724835],[105.5271163,20.9735598],[105.5270406,20.9743332],[105.527564,20.9752677],[105.5290653,20.9765824],[105.5289482,20.977504],[105.5301878,20.979141],[105.5301947,20.9795921],[105.5307181,20.9798113],[105.5316822,20.9792183],[105.5319783,20.9793344],[105.5324398,20.9787994],[105.5342234,20.9779423],[105.5358418,20.9784321],[105.5353459,20.9791539],[105.5360071,20.9796373],[105.538018,20.9791281],[105.5389683,20.9794439],[105.5419641,20.9781807],[105.5449598,20.9810036],[105.5486648,20.9836781],[105.5486304,20.9859789],[105.5490367,20.986617],[105.550111,20.9867459],[105.5513782,20.9855858],[105.5518327,20.9868619],[105.5528313,20.9868619],[105.5532445,20.9876159],[105.5550557,20.9892851],[105.554973,20.9833946],[105.5568393,20.9815771],[105.5582855,20.9815191],[105.558685,20.9819187],[105.5585954,20.9822732],[105.5593048,20.9823634],[105.5592565,20.9820541],[105.5622178,20.9818801],[105.5619424,20.981474],[105.5626104,20.9805975],[105.5633059,20.9805975],[105.564029,20.9811325],[105.5640772,20.980314],[105.564759,20.9799079],[105.5651034,20.9790572],[105.5666047,20.9785803],[105.5656887,20.9772205],[105.5670592,20.976808],[105.5692216,20.9771753],[105.5693524,20.9766082],[105.5685054,20.9754546],[105.5709364,20.9760797],[105.5724997,20.9742881],[105.5745657,20.9751259],[105.5748825,20.9728058],[105.5774168,20.9706081],[105.5776785,20.9707434],[105.5783051,20.9698863],[105.5809221,20.9700087],[105.581473,20.9697187],[105.5822375,20.9700152],[105.5825474,20.9692547],[105.5818174,20.9682493],[105.5814386,20.9647884],[105.5806879,20.9645822],[105.5806397,20.963854],[105.5815281,20.9630677],[105.582327,20.9631579],[105.5832705,20.9645178],[105.5841726,20.9645758],[105.5847098,20.9617465],[105.5853916,20.9615145],[105.5865003,20.9618367],[105.587127,20.9615467],[105.5891379,20.9587175],[105.5901916,20.9563264],[105.5920923,20.9546637],[105.5944958,20.9540385],[105.5955357,20.9534392],[105.5957767,20.9513382],[105.5953428,20.9484702],[105.5972298,20.9453574],[105.5985934,20.9449836],[105.6051495,20.9456732],[105.6059828,20.9450738],[105.6062996,20.9433079],[105.6074703,20.9426828],[105.6086273,20.9428568],[105.6101217,20.943714],[105.6109274,20.9436495],[105.6113819,20.9433208],[105.6119122,20.9420577],[105.6147151,20.9407365],[105.6158101,20.9393122],[105.6157963,20.9387708],[105.6145705,20.9369469],[105.614784,20.9354968],[105.6154726,20.9352197],[105.6171323,20.9360704],[105.6182329,20.9361215],[105.6184915,20.9340204],[105.6199309,20.933239],[105.620255,20.9324539],[105.6188178,20.9304315],[105.617919,20.9301179],[105.6167545,20.930593],[105.6163632,20.9320354],[105.6148846,20.9331437],[105.6139969,20.9329414],[105.6127394,20.9320038],[105.6127364,20.9309984],[105.6148382,20.9291871],[105.6154617,20.9280976],[105.6149974,20.92606],[105.609415,20.9233652],[105.6083197,20.9233277],[105.6062187,20.9240721],[105.605418,20.9238699],[105.6042576,20.9225622],[105.6021222,20.9225091],[105.6011512,20.921101],[105.6012596,20.9203622],[105.6023971,20.918827],[105.6023257,20.9184353],[105.6017324,20.9182065],[105.5986666,20.9183388],[105.5977772,20.9180685],[105.5974517,20.9176177],[105.597749,20.9133589],[105.5974625,20.9129618],[105.5966353,20.9128799],[105.5946293,20.91371],[105.5940946,20.9136232],[105.5929778,20.9126548],[105.5927836,20.9110265],[105.5918848,20.9115677],[105.5911057,20.9116315],[105.5923408,20.9125799],[105.5908712,20.9127469],[105.5881024,20.9122967],[105.5878025,20.9116629],[105.5871186,20.9112169],[105.5858472,20.9111931],[105.5850248,20.9101417],[105.5839907,20.9109623],[105.5837486,20.9105088],[105.5830621,20.9106532],[105.5825266,20.9101646],[105.5823711,20.9093853],[105.581703,20.9097215],[105.5813697,20.9104759],[105.5822425,20.9111506],[105.5823479,20.9117832],[105.5818836,20.9124293],[105.5815959,20.9138377],[105.5801421,20.9138928],[105.5794635,20.9157619],[105.5791122,20.9157168],[105.5790278,20.915995],[105.5792748,20.9163566],[105.5802893,20.9164156],[105.5799432,20.9172292],[105.5809598,20.9178194],[105.5803469,20.9184309],[105.5800677,20.9193224],[105.5794512,20.9189965],[105.5788698,20.9206657],[105.5792083,20.922266],[105.5803436,20.9225265],[105.5815193,20.924165],[105.5814769,20.9282042],[105.5801451,20.9282186],[105.5775751,20.9292981],[105.5761098,20.9292059],[105.5755839,20.9302005],[105.5734118,20.9284362],[105.5707853,20.930106],[105.5701499,20.9297342],[105.5710683,20.9277823],[105.5690868,20.9270338],[105.5634106,20.9266023],[105.5605319,20.9243895],[105.5578882,20.9262397],[105.5557474,20.9271459],[105.5517111,20.927035],[105.546135,20.9231166],[105.5431169,20.9246211],[105.5413597,20.9250445],[105.5386369,20.9275121],[105.5338254,20.9237166],[105.5292026,20.9206998],[105.5258028,20.9190059],[105.5245981,20.9193326],[105.5234931,20.9208636],[105.5209204,20.9224409],[105.5197822,20.9225888],[105.5163171,20.9219013],[105.513808,20.9219713],[105.5125563,20.9223143],[105.5062828,20.925856],[105.5036613,20.9294064]]]}},{"type":"Feature","properties":{"name":"X\u00e3 Y\u00ean Xu\u00e2n","kind":"xa","osm_id":19514768},"geometry":{"type":"Polygon","coordinates":[[[105.393694,21.0141685],[105.3953463,21.0141298],[105.3969716,21.0149096],[105.3980252,21.0150643],[105.400105,21.0138978],[105.4015512,21.0138334],[105.403142,21.0143747],[105.4064477,21.0167722],[105.4088855,21.0177647],[105.4110342,21.0182029],[105.4109722,21.0172878],[105.4115851,21.015741],[105.4125355,21.0149999],[105.4129005,21.0139622],[105.4167019,21.011365],[105.419739,21.0127764],[105.4221975,21.0127829],[105.4230928,21.0134402],[105.4267496,21.0140331],[105.4276036,21.0144327],[105.4311089,21.0147292],[105.4336983,21.0169591],[105.434814,21.0171202],[105.4366734,21.0160117],[105.4407847,21.0157217],[105.4417764,21.0145487],[105.4429265,21.0140718],[105.4438424,21.0140847],[105.4456605,21.0150256],[105.4480295,21.0149225],[105.4494551,21.014046],[105.450798,21.0140525],[105.452499,21.0123253],[105.4548129,21.011481],[105.461493,21.0129117],[105.4657214,21.0123575],[105.4679596,21.0103725],[105.4887092,20.9950468],[105.4921732,20.9929393],[105.496202,20.9912057],[105.4998932,20.9901487],[105.5049825,20.9895042],[105.5168621,20.9902454],[105.5249677,20.9901358],[105.5269993,20.9812807],[105.5294716,20.978213],[105.5289482,20.977504],[105.5290653,20.9765824],[105.527564,20.9752677],[105.5270406,20.9743332],[105.5271163,20.9735598],[105.5262004,20.9724835],[105.529327,20.9679464],[105.5295542,20.9663545],[105.5301465,20.9651816],[105.5298366,20.9645371],[105.5288793,20.9642664],[105.5290377,20.9633899],[105.5281631,20.9628679],[105.5281425,20.9616176],[105.5277224,20.9611923],[105.5280323,20.9609731],[105.5270681,20.9595875],[105.5272403,20.9593748],[105.5278808,20.9597164],[105.5283491,20.9595811],[105.5277155,20.9583308],[105.5271645,20.9584661],[105.5270819,20.958247],[105.5273918,20.9576283],[105.5280667,20.9578023],[105.5291755,20.9569902],[105.5279978,20.9552566],[105.5284592,20.9543737],[105.5291204,20.9539354],[105.528838,20.9522082],[105.5277912,20.9518022],[105.5276122,20.9530331],[105.5269855,20.9533232],[105.5264897,20.9525176],[105.5252707,20.9527882],[105.5249195,20.9519246],[105.5239347,20.9513575],[105.5231289,20.951944],[105.5229637,20.9524982],[105.5225298,20.9522791],[105.5226331,20.9518795],[105.522151,20.9514477],[105.5223163,20.951061],[105.5216759,20.9501459],[105.5204982,20.9500685],[105.5200644,20.9508677],[105.5197545,20.950887],[105.5182325,20.9493403],[105.5160356,20.948496],[105.5174336,20.9433531],[105.517413,20.942889],[105.51638,20.9429857],[105.5160012,20.9399566],[105.5116695,20.9346526],[105.5101131,20.9341434],[105.5071311,20.9313013],[105.5036613,20.9294064],[105.5025286,20.9303984],[105.4993734,20.930468],[105.4982239,20.9313597],[105.4945893,20.933197],[105.4930311,20.933819],[105.4908691,20.9339796],[105.488561,20.9353978],[105.4889132,20.935939],[105.4889365,20.9368096],[105.487851,20.9384184],[105.4862914,20.9398158],[105.4840001,20.9433346],[105.4832908,20.9434876],[105.4815508,20.9455572],[105.4808336,20.9459506],[105.4806345,20.9469949],[105.4782027,20.9487148],[105.4765624,20.9483835],[105.4705587,20.9486082],[105.4685914,20.9477294],[105.4670644,20.946095],[105.466012,20.9457338],[105.461064,20.9469793],[105.4596272,20.9477074],[105.4579206,20.9500776],[105.4556416,20.9511225],[105.4532952,20.9533159],[105.4510266,20.9543021],[105.4442091,20.9564159],[105.4440319,20.9579935],[105.442719,20.9610046],[105.442725,20.9630315],[105.4422415,20.9642096],[105.4395021,20.9675725],[105.4380985,20.9673208],[105.4368478,20.9677287],[105.434802,20.9692853],[105.433896,20.9706341],[105.4305172,20.9734203],[105.4307919,20.9746925],[105.4301352,20.9778261],[105.428685,20.9798709],[105.4285661,20.9813598],[105.4260691,20.9821396],[105.4228364,20.9826779],[105.4216089,20.9834448],[105.421646,20.9848635],[105.4213331,20.9854424],[105.4209843,20.9855005],[105.4212932,20.9876973],[105.4203486,20.9890258],[105.4200225,20.9904699],[105.4195977,20.9906656],[105.4191798,20.9916771],[105.4179337,20.992606],[105.4183569,20.9934893],[105.4182838,20.99407],[105.41866,20.9943113],[105.4181267,20.9949324],[105.4185456,20.9949651],[105.4183614,20.9956986],[105.4186278,20.9956912],[105.4190886,20.9965029],[105.4184209,20.997657],[105.4175406,20.9978313],[105.4170581,20.9975429],[105.4166061,20.9981914],[105.4159656,20.9982635],[105.4153415,20.9973442],[105.414519,20.9973526],[105.4144142,20.9978561],[105.4140985,20.997777],[105.4136212,20.9969357],[105.4123935,20.9986116],[105.4095135,20.999738],[105.4085402,20.9995321],[105.4075133,20.9987282],[105.4033341,20.9980722],[105.4027951,20.9982465],[105.4017159,20.999967],[105.3997391,20.9998971],[105.393449,21.0028749],[105.3935078,21.0038454],[105.3919436,21.0066055],[105.3919157,21.0072738],[105.3923657,21.0092775],[105.3923436,21.0121733],[105.393694,21.0141685]]]}},{"type":"Feature","properties":{"name":"X\u00e3 Ki\u1ec1u Ph\u00fa","kind":"xa","osm_id":19514769},"geometry":{"type":"Polygon","coordinates":[[[105.5745657,20.9751259],[105.5747585,20.9762344],[105.5737668,20.9768273],[105.5737048,20.9772462],[105.5746965,20.9776587],[105.5759912,20.9772978],[105.57637,20.9777038],[105.5757915,20.9799208],[105.5759774,20.9812162],[105.5748893,20.9826019],[105.5758466,20.9838264],[105.5761221,20.9853087],[105.5775545,20.9858694],[105.5781605,20.9855149],[105.5781468,20.9844],[105.5771138,20.9823892],[105.5772171,20.9819961],[105.5778231,20.9817898],[105.5792555,20.981648],[105.5793313,20.9829499],[105.5811631,20.9834655],[105.5815075,20.9845353],[105.5802128,20.9858823],[105.5825887,20.9890402],[105.5814799,20.9897298],[105.5806879,20.9892465],[105.5790833,20.9914055],[105.5797376,20.9945699],[105.5805089,20.9954077],[105.581597,20.9955946],[105.5818725,20.9960199],[105.5815557,20.9965226],[105.5805433,20.9964388],[105.5804125,20.9971671],[105.5807224,20.9979985],[105.5801439,20.9982498],[105.5809772,20.9992552],[105.5813146,21.0017945],[105.5816452,21.0018138],[105.5821755,21.0028256],[105.5835941,21.0040502],[105.5842277,21.0041404],[105.5846891,21.0033219],[105.5853227,21.0031092],[105.5870857,21.003367],[105.5875058,21.0041533],[105.5880361,21.0043659],[105.5913072,21.0039921],[105.5918237,21.0034895],[105.5927259,21.003889],[105.5927672,21.0044304],[105.5920441,21.0053713],[105.5915689,21.0055002],[105.5906668,21.005004],[105.5911626,21.0070341],[105.5924298,21.0069632],[105.5924849,21.0073177],[105.5932768,21.0076721],[105.5934559,21.0089611],[105.5938897,21.0095282],[105.5931942,21.0106045],[105.5937313,21.0108107],[105.5938002,21.0118612],[105.5964585,21.0089353],[105.5956183,21.0087613],[105.601231,21.0025292],[105.6055007,21.0028256],[105.6050531,21.0041339],[105.6054043,21.0043853],[105.6067128,21.0043144],[105.606823,21.0031672],[105.607732,21.003251],[105.607732,21.0040437],[105.6082623,21.0046946],[105.6107277,21.005236],[105.6102319,21.0056549],[105.610404,21.0057967],[105.6124838,21.0059771],[105.6134755,21.0064541],[105.6137992,21.006106],[105.6149699,21.0071114],[105.6148528,21.0068279],[105.6152385,21.0069825],[105.6169739,21.0044691],[105.6236529,21.0070183],[105.6296718,21.0006481],[105.6323326,20.9970322],[105.6301546,20.9954296],[105.630734,20.994458],[105.631831,20.9932635],[105.6325445,20.9936016],[105.6335422,20.9931508],[105.6333545,20.9923169],[105.6328288,20.9920239],[105.6318954,20.9921241],[105.6301841,20.9910097],[105.6303263,20.9898127],[105.6296611,20.9893294],[105.6302083,20.9886933],[105.6300151,20.9878644],[105.6305543,20.9868727],[105.6305623,20.9854904],[105.6314313,20.9848367],[105.6323701,20.9833967],[105.6319731,20.9828082],[105.6324184,20.9825728],[105.6307045,20.9795275],[105.6324989,20.977519],[105.6302538,20.9767125],[105.6308413,20.9752324],[105.6294706,20.9730535],[105.6309861,20.9704713],[105.6312248,20.9683124],[105.6309217,20.9675735],[105.6316352,20.9667395],[105.6320161,20.9671202],[105.6332284,20.9657927],[105.6320858,20.9616801],[105.6367206,20.960598],[105.6348538,20.9589048],[105.6334162,20.9538953],[105.6328046,20.9498324],[105.6299041,20.9481538],[105.6306331,20.9473232],[105.6291868,20.9466614],[105.6292816,20.9462579],[105.6286984,20.9459717],[105.6283568,20.9462522],[105.6274429,20.9453936],[105.6274429,20.9449803],[105.6265607,20.94392],[105.6267321,20.9432819],[105.6262439,20.9432869],[105.6259757,20.9427684],[105.626024,20.9411351],[105.6245738,20.9408746],[105.6242667,20.9403827],[105.6220942,20.9400569],[105.6235434,20.9386079],[105.6236261,20.9380689],[105.620107,20.9363754],[105.6171323,20.9360704],[105.6151283,20.9352391],[105.6145429,20.9359351],[105.6145705,20.9369469],[105.6157963,20.9387708],[105.6158101,20.9393122],[105.6147151,20.9407365],[105.6119122,20.9420577],[105.6113819,20.9433208],[105.6109274,20.9436495],[105.6101217,20.943714],[105.6086273,20.9428568],[105.6074703,20.9426828],[105.6062996,20.9433079],[105.6059828,20.9450738],[105.6051495,20.9456732],[105.5985934,20.9449836],[105.5972298,20.9453574],[105.5953428,20.9484702],[105.5957767,20.9513382],[105.5955357,20.9534392],[105.5944958,20.9540385],[105.5920923,20.9546637],[105.5901916,20.9563264],[105.5891379,20.9587175],[105.587127,20.9615467],[105.5865003,20.9618367],[105.5853916,20.9615145],[105.5847098,20.9617465],[105.5841726,20.9645758],[105.5832705,20.9645178],[105.582327,20.9631579],[105.5815281,20.9630677],[105.5809014,20.9634737],[105.5806879,20.9645822],[105.5814386,20.9647884],[105.5818174,20.9682493],[105.5825474,20.9692547],[105.5822375,20.9700152],[105.581473,20.9697187],[105.5809221,20.9700087],[105.5783051,20.9698863],[105.5776785,20.9707434],[105.5774168,20.9706081],[105.5748825,20.9728058],[105.5745657,20.9751259]]]}},{"type":"Feature","properties":{"name":"X\u00e3 H\u00f2a L\u1ea1c","kind":"xa","osm_id":19514770},"geometry":{"type":"Polygon","coordinates":[[[105.461493,21.0129117],[105.4690271,21.0211031],[105.4692405,21.021812],[105.4704457,21.0218829],[105.481189,21.0330453],[105.4874765,21.0401281],[105.4904034,21.0425771],[105.4992321,21.0469274],[105.5023931,21.0478554],[105.5053957,21.0482679],[105.5117728,21.0398381],[105.5129848,21.0372537],[105.5192104,21.0270259],[105.5234113,21.0263427],[105.5264552,21.0279346],[105.5291823,21.0287788],[105.5316822,21.02894],[105.5350911,21.0303514],[105.5366338,21.0323879],[105.5379353,21.0331549],[105.5386447,21.0340249],[105.5398567,21.0342505],[105.5440507,21.033664],[105.5447532,21.0339669],[105.54549,21.0349594],[105.5455796,21.0291333],[105.5479761,21.0266327],[105.5497116,21.0231783],[105.5497185,21.0214382],[105.5493397,21.0205811],[105.5494706,21.0195177],[105.5483067,21.017784],[105.5474114,21.0148452],[105.547804,21.0144456],[105.5499871,21.0146325],[105.5508548,21.0143941],[105.552845,21.0115906],[105.553031,21.0093156],[105.5564812,20.9935451],[105.5565363,20.9920628],[105.5559509,20.9896847],[105.5549179,20.9891756],[105.5528313,20.9868619],[105.5518327,20.9868619],[105.5513782,20.9855858],[105.550111,20.9867459],[105.5490367,20.986617],[105.5486304,20.9859789],[105.5486648,20.9836781],[105.5449598,20.9810036],[105.5419641,20.9781807],[105.5389683,20.9794439],[105.538018,20.9791281],[105.5360071,20.9796373],[105.5353459,20.9791539],[105.5358418,20.9784321],[105.5342234,20.9779423],[105.5307181,20.9798113],[105.5301947,20.9795921],[105.5301878,20.979141],[105.5294716,20.978213],[105.5269993,20.9812807],[105.5249677,20.9901358],[105.5168621,20.9902454],[105.5049825,20.9895042],[105.4998932,20.9901487],[105.496202,20.9912057],[105.4921732,20.9929393],[105.4887092,20.9950468],[105.4679596,21.0103725],[105.4657214,21.0123575],[105.461493,21.0129117]]]}},{"type":"Feature","properties":{"name":"X\u00e3 H\u1ea1 B\u1eb1ng","kind":"xa","osm_id":19514771},"geometry":{"type":"Polygon","coordinates":[[[105.5154916,21.0330453],[105.5172821,21.0330969],[105.5171926,21.0357714],[105.5193068,21.0359648],[105.5201814,21.0356812],[105.5211111,21.0367704],[105.5226882,21.037112],[105.5234939,21.0380851],[105.5236868,21.0395094],[105.5253258,21.0402055],[105.5259456,21.0409917],[105.5260489,21.0421453],[105.5266205,21.0432603],[105.5274744,21.0435696],[105.5283215,21.0430927],[105.5295336,21.0445493],[105.5289482,21.0453613],[105.528411,21.0452195],[105.5281769,21.0455611],[105.5283973,21.0465923],[105.5293407,21.0467534],[105.5290997,21.0481648],[105.5298779,21.0480423],[105.530904,21.0485579],[105.5299468,21.0491444],[105.5317304,21.0500016],[105.5323571,21.0495891],[105.5333557,21.0498404],[105.5335898,21.0500209],[105.5334659,21.0506331],[105.5343956,21.0502529],[105.5346228,21.050472],[105.5349809,21.0512841],[105.5346986,21.0517481],[105.533459,21.0514903],[105.5326257,21.0520123],[105.53182,21.0517352],[105.5315376,21.0520317],[105.5335416,21.0531531],[105.5341063,21.0537911],[105.5351325,21.0538942],[105.5342785,21.054732],[105.5348639,21.0551832],[105.5358556,21.0553056],[105.5348363,21.0558276],[105.5338584,21.055441],[105.5343887,21.0570715],[105.5348088,21.0571231],[105.536193,21.0555441],[105.5368128,21.0543067],[105.5367026,21.0538813],[105.5374464,21.0529533],[105.5371985,21.0526053],[105.5373706,21.052341],[105.5384243,21.0521026],[105.538686,21.0515999],[105.5395399,21.0515547],[105.5406831,21.0503882],[105.541661,21.0511938],[105.5425288,21.0515612],[105.5429971,21.0513936],[105.5436169,21.0517932],[105.5442642,21.0532626],[105.5464266,21.0550801],[105.5477007,21.0547578],[105.5483274,21.0555054],[105.5490023,21.0551896],[105.5501386,21.0558405],[105.5503107,21.055673],[105.5509512,21.0561048],[105.5525489,21.0564141],[105.5531894,21.0570264],[105.5546562,21.0564012],[105.5571699,21.0567621],[105.5596078,21.0566913],[105.5597662,21.0570199],[105.5615774,21.0576515],[105.5626586,21.0587407],[105.5631613,21.058702],[105.5639946,21.0581607],[105.5638018,21.0567041],[105.563299,21.0558534],[105.5633197,21.0555054],[105.5642976,21.0554539],[105.5642356,21.0534817],[105.5631338,21.0527019],[105.5631475,21.052225],[105.562693,21.0519801],[105.56312,21.0513936],[105.5616669,21.0501369],[105.5620939,21.0499049],[105.5619699,21.0490735],[105.5627825,21.0493313],[105.562879,21.0487899],[105.5631682,21.048777],[105.5633059,21.0479779],[105.5629272,21.0472561],[105.5636296,21.0463087],[105.5632646,21.0458704],[105.5633541,21.0453935],[105.5626448,21.0452195],[105.5634919,21.043589],[105.5625415,21.0427254],[105.5622523,21.0415975],[105.5617495,21.0412366],[105.5624038,21.0407082],[105.5630924,21.0408242],[105.5640566,21.0415266],[105.5643527,21.0407919],[105.5650896,21.0409144],[105.5656543,21.040431],[105.5647659,21.040257],[105.5642976,21.0388005],[105.5645042,21.0381754],[105.5662328,21.038214],[105.5661364,21.039039],[105.5665633,21.0393741],[105.5669972,21.0390905],[105.566708,21.0378596],[105.5675826,21.037286],[105.5669903,21.0366673],[105.5662052,21.0368864],[105.5656681,21.037576],[105.5642976,21.03717],[105.5644147,21.036635],[105.5639395,21.036693],[105.5636503,21.0363773],[105.5643183,21.0342569],[105.5634023,21.0333869],[105.5660606,21.0327617],[105.5663292,21.0327939],[105.5662879,21.033606],[105.5665771,21.0336833],[105.5680784,21.0332902],[105.568161,21.0336769],[105.57011,21.0333611],[105.5705921,21.0338831],[105.5723482,21.0339282],[105.5724033,21.0334513],[105.5733812,21.0337349],[105.573815,21.0317628],[105.5757571,21.0319175],[105.5759843,21.0311892],[105.5769072,21.0306478],[105.5778713,21.0316854],[105.5787597,21.0337929],[105.5780159,21.0347209],[105.5791384,21.035997],[105.5803574,21.036113],[105.5813009,21.035765],[105.5830294,21.0359648],[105.5839385,21.0352881],[105.5841451,21.0353719],[105.5834633,21.0371055],[105.5845514,21.036635],[105.5851918,21.0371957],[105.5868584,21.0373891],[105.5868447,21.036635],[105.5862799,21.0363966],[105.586335,21.0359132],[105.5851712,21.0352559],[105.587492,21.0324008],[105.5863213,21.032027],[105.5863626,21.0316919],[105.5855637,21.0314083],[105.5856877,21.0309765],[105.585364,21.0307445],[105.5855913,21.0306607],[105.5848819,21.030042],[105.5852056,21.0297842],[105.5849577,21.0294555],[105.5830363,21.028173],[105.5831947,21.0270065],[105.5835459,21.0270194],[105.5833049,21.0260785],[105.5840487,21.0249442],[105.5859769,21.0241644],[105.5855568,21.0229205],[105.5862524,21.0229205],[105.5861078,21.0236681],[105.5870788,21.0237648],[105.587368,21.0234039],[105.5876642,21.0236617],[105.5873887,21.0240419],[105.5878363,21.0242739],[105.5893514,21.0238679],[105.5894547,21.0232234],[105.5909353,21.0218571],[105.5912453,21.0220054],[105.5913899,21.0217218],[105.59223,21.0222696],[105.5948057,21.019363],[105.5938278,21.017378],[105.595942,21.0133822],[105.5947299,21.0132727],[105.5939517,21.0127957],[105.5937313,21.0108107],[105.5931942,21.0106045],[105.5938897,21.0095282],[105.5934559,21.0089611],[105.5932768,21.0076721],[105.5924849,21.0073177],[105.5924298,21.0069632],[105.5911626,21.0070341],[105.5906668,21.005004],[105.5915689,21.0055002],[105.5920441,21.0053713],[105.5927672,21.0044304],[105.5927259,21.003889],[105.5918237,21.0034895],[105.5913072,21.0039921],[105.5880361,21.0043659],[105.5875058,21.0041533],[105.5870857,21.003367],[105.5853227,21.0031092],[105.5846891,21.0033219],[105.5842277,21.0041404],[105.5835941,21.0040502],[105.5821755,21.0028256],[105.5816452,21.0018138],[105.5813146,21.0017945],[105.5809772,20.9992552],[105.5801439,20.9982498],[105.5807224,20.9979985],[105.5804125,20.9971671],[105.5805433,20.9964388],[105.5815557,20.9965226],[105.5818725,20.9960199],[105.581597,20.9955946],[105.5805089,20.9954077],[105.5797376,20.9945699],[105.5790833,20.9914055],[105.5806879,20.9892465],[105.5814799,20.9897298],[105.5825887,20.9890402],[105.5802128,20.9858823],[105.5815075,20.9845353],[105.5811631,20.9834655],[105.5793313,20.9829499],[105.5792555,20.981648],[105.5778231,20.9817898],[105.5772171,20.9819961],[105.5771138,20.9823892],[105.5781468,20.9844],[105.5781605,20.9855149],[105.5775545,20.9858694],[105.5761221,20.9853087],[105.5758466,20.9838264],[105.5748893,20.9826019],[105.5759774,20.9812162],[105.5757915,20.9799208],[105.57637,20.9777038],[105.5759912,20.9772978],[105.5746965,20.9776587],[105.5739872,20.9775169],[105.5737668,20.9768273],[105.5747585,20.9762344],[105.5745657,20.9751259],[105.5724997,20.9742881],[105.5709364,20.9760797],[105.5685054,20.9754546],[105.5693524,20.9766082],[105.5692216,20.9771753],[105.5670592,20.976808],[105.5656887,20.9772205],[105.5666047,20.9785803],[105.5651034,20.9790572],[105.564759,20.9799079],[105.5640772,20.980314],[105.564029,20.9811325],[105.5633059,20.9805975],[105.5626104,20.9805975],[105.5619424,20.981474],[105.5622178,20.9818801],[105.5592565,20.9820541],[105.5593048,20.9823634],[105.5585954,20.9822732],[105.558685,20.9819187],[105.5582855,20.9815191],[105.5568393,20.9815771],[105.554973,20.9833946],[105.5550557,20.9892851],[105.5559509,20.9896847],[105.5565363,20.9920628],[105.5564812,20.9935451],[105.553031,21.0093156],[105.552845,21.0115906],[105.5508548,21.0143941],[105.5499871,21.0146325],[105.547804,21.0144456],[105.5474114,21.0148452],[105.5483067,21.017784],[105.5494706,21.0195177],[105.5493397,21.0205811],[105.5497185,21.0214382],[105.5497116,21.0231783],[105.5479761,21.0266327],[105.5455796,21.0291333],[105.54549,21.0349594],[105.5447532,21.0339669],[105.5440507,21.033664],[105.5398567,21.0342505],[105.5386447,21.0340249],[105.5379353,21.0331549],[105.5366338,21.0323879],[105.5350911,21.0303514],[105.5316822,21.02894],[105.5291823,21.0287788],[105.5264552,21.0279346],[105.5234113,21.0263427],[105.5192104,21.0270259],[105.5154916,21.0330453]]]}},{"type":"Feature","properties":{"name":"X\u00e3 Th\u1ea1ch Th\u1ea5t","kind":"xa","osm_id":19514772},"geometry":{"type":"Polygon","coordinates":[[[105.5246234,21.0894244],[105.5271921,21.0893535],[105.5276948,21.0908229],[105.5284524,21.0914029],[105.529506,21.0913191],[105.5301121,21.0907327],[105.5377563,21.0910549],[105.5389477,21.0913771],[105.539354,21.0910485],[105.5394917,21.0923632],[105.5403801,21.0929239],[105.5404903,21.0936006],[105.5420536,21.0944191],[105.5423428,21.0952505],[105.543548,21.0961527],[105.5439474,21.0953665],[105.5437615,21.095012],[105.5450837,21.0944707],[105.5456416,21.0943675],[105.5466332,21.0949153],[105.547136,21.0941549],[105.5493879,21.0939937],[105.5492502,21.0957596],[105.5498149,21.0969519],[105.5504003,21.0966619],[105.551082,21.0971066],[105.5511302,21.0966297],[105.5519222,21.097287],[105.5524663,21.0964428],[105.5539813,21.0971904],[105.5548422,21.0962301],[105.5550419,21.096533],[105.5548284,21.0966941],[105.5573765,21.1019531],[105.563182,21.1000196],[105.5722517,21.1003483],[105.5754265,21.0996394],[105.5751717,21.0989949],[105.5755642,21.0986662],[105.5754127,21.097519],[105.5758053,21.0963783],[105.5755023,21.0946898],[105.5762047,21.0944578],[105.5761014,21.0940646],[105.57637,21.0940711],[105.576673,21.0927886],[105.5757571,21.0903975],[105.5753921,21.0883674],[105.5762323,21.087839],[105.5760876,21.0866016],[105.5766868,21.0861826],[105.5749238,21.0820838],[105.5783878,21.0790934],[105.5795861,21.0783909],[105.5797582,21.0787002],[105.5807981,21.0780558],[105.5815212,21.0781331],[105.582389,21.0766959],[105.5820997,21.0764574],[105.5830088,21.0756132],[105.5831052,21.0750654],[105.5874094,21.0759225],[105.587733,21.0735315],[105.5928912,21.0738537],[105.5939035,21.0729773],[105.594055,21.0723972],[105.5935454,21.0698064],[105.5940068,21.0671318],[105.593325,21.0653659],[105.5932768,21.064077],[105.5919133,21.0640448],[105.5913348,21.0624916],[105.5921887,21.0608804],[105.5934972,21.0597332],[105.5919546,21.0591789],[105.5909009,21.0595463],[105.590894,21.0590114],[105.5899161,21.0588438],[105.5893996,21.057774],[105.5879878,21.0563497],[105.5882909,21.0562143],[105.5884424,21.0548738],[105.5892343,21.0530693],[105.5901778,21.0521283],[105.5906805,21.0523088],[105.5901847,21.0501885],[105.5905979,21.049428],[105.590591,21.048545],[105.5911695,21.0481197],[105.5909009,21.0475654],[105.5917273,21.0470176],[105.5918719,21.0458833],[105.5903706,21.0433183],[105.589131,21.0424611],[105.5877606,21.0424547],[105.5879327,21.0419971],[105.5876848,21.0419327],[105.5892343,21.039155],[105.587492,21.0388521],[105.5876366,21.0380658],[105.5866449,21.0377307],[105.5866105,21.0373504],[105.5851918,21.0371957],[105.5845514,21.036635],[105.5834633,21.0371055],[105.5841451,21.0353719],[105.5839385,21.0352881],[105.5830294,21.0359648],[105.5813009,21.035765],[105.5803574,21.036113],[105.5791384,21.035997],[105.5780159,21.0347209],[105.5787597,21.0337929],[105.5778713,21.0316854],[105.5769072,21.0306478],[105.5759843,21.0311892],[105.5757571,21.0319175],[105.573815,21.0317628],[105.5733812,21.0337349],[105.5724033,21.0334513],[105.5723482,21.0339282],[105.5705921,21.0338831],[105.57011,21.0333611],[105.568161,21.0336769],[105.5680784,21.0332902],[105.5665771,21.0336833],[105.5662879,21.033606],[105.5663292,21.0327939],[105.5660606,21.0327617],[105.5634023,21.0333869],[105.5643183,21.0342569],[105.5636503,21.0363773],[105.5639395,21.036693],[105.5644147,21.036635],[105.5642976,21.03717],[105.5656681,21.037576],[105.5662052,21.0368864],[105.5669903,21.0366673],[105.5675826,21.037286],[105.566708,21.0378596],[105.5669972,21.0390905],[105.5665633,21.0393741],[105.5661364,21.039039],[105.5662328,21.038214],[105.5645042,21.0381754],[105.5642976,21.0388005],[105.5647659,21.040257],[105.5656543,21.040431],[105.5650896,21.0409144],[105.5643527,21.0407919],[105.5640566,21.0415266],[105.5630924,21.0408242],[105.5624038,21.0407082],[105.5617495,21.0412366],[105.5622523,21.0415975],[105.5625415,21.0427254],[105.5634919,21.043589],[105.5626448,21.0452195],[105.5633541,21.0453935],[105.5632646,21.0458704],[105.5636296,21.0463087],[105.5629272,21.0472561],[105.5633059,21.0479779],[105.5631682,21.048777],[105.562879,21.0487899],[105.5627825,21.0493313],[105.5619699,21.0490735],[105.5620939,21.0499049],[105.5616669,21.0501369],[105.56312,21.0513936],[105.562693,21.0519801],[105.5631475,21.052225],[105.5631338,21.0527019],[105.5642356,21.0534817],[105.5642976,21.0554539],[105.5633197,21.0555054],[105.563299,21.0558534],[105.5638018,21.0567041],[105.5639946,21.0581607],[105.5631613,21.058702],[105.5626586,21.0587407],[105.5615774,21.0576515],[105.5597662,21.0570199],[105.5596078,21.0566913],[105.5571699,21.0567621],[105.5546562,21.0564012],[105.5531894,21.0570264],[105.5525489,21.0564141],[105.5509512,21.0561048],[105.5503107,21.055673],[105.5501386,21.0558405],[105.5490023,21.0551896],[105.5483274,21.0555054],[105.5477007,21.0547578],[105.5464266,21.0550801],[105.5442642,21.0532626],[105.5436169,21.0517932],[105.5429971,21.0513936],[105.5425288,21.0515612],[105.541661,21.0511938],[105.5406831,21.0503882],[105.5395399,21.0515547],[105.538686,21.0515999],[105.5384243,21.0521026],[105.5373706,21.052341],[105.5371985,21.0526053],[105.5374464,21.0529533],[105.5367026,21.0538813],[105.5368128,21.0543067],[105.536193,21.0555441],[105.5348088,21.0571231],[105.5343887,21.0570715],[105.5342854,21.0581027],[105.5335829,21.0586762],[105.5343129,21.0607966],[105.5339617,21.060919],[105.5336312,21.060571],[105.5316684,21.0610479],[105.5303393,21.0621629],[105.5300432,21.0628138],[105.5304357,21.0629363],[105.5303462,21.0632714],[105.5287003,21.0636967],[105.5293958,21.0644508],[105.5297126,21.064135],[105.5304564,21.0644637],[105.5294854,21.0661458],[105.5310693,21.0692199],[105.5335554,21.0705089],[105.5346504,21.0703478],[105.5350842,21.0707474],[105.5355663,21.070554],[105.535704,21.0709343],[105.5351118,21.0718752],[105.5353941,21.0725003],[105.5371158,21.0723392],[105.5379767,21.0725777],[105.5375566,21.0732479],[105.5369505,21.0730546],[105.5364203,21.0737442],[105.5351187,21.0741438],[105.5349121,21.0745949],[105.5325086,21.0742018],[105.5320403,21.0749816],[105.5326601,21.0749945],[105.5327428,21.0758516],[105.5318062,21.0781266],[105.5320885,21.080595],[105.5308352,21.0804919],[105.5300225,21.0816391],[105.5291686,21.0821933],[105.5239003,21.0837465],[105.523432,21.0849001],[105.5238934,21.0864211],[105.5230876,21.0879227],[105.5247886,21.0882579],[105.5249884,21.0889023],[105.5246234,21.0894244]]]}},{"type":"Feature","properties":{"name":"X\u00e3 T\u00e2y Ph\u01b0\u01a1ng","kind":"xa","osm_id":19514773},"geometry":{"type":"Polygon","coordinates":[[[105.5865898,21.037344],[105.5866449,21.0377307],[105.5876366,21.0380658],[105.587492,21.0388521],[105.5892343,21.039155],[105.5876848,21.0419327],[105.5879327,21.0419971],[105.5877606,21.0424547],[105.589131,21.0424611],[105.5903706,21.0433183],[105.5918719,21.0458833],[105.5917273,21.0470176],[105.5909009,21.0475654],[105.5911695,21.0481197],[105.590591,21.048545],[105.5905979,21.049428],[105.5901847,21.0501885],[105.5906805,21.0523088],[105.5901778,21.0521283],[105.5892343,21.0530693],[105.5884424,21.0548738],[105.5882909,21.0562143],[105.5879878,21.0563497],[105.5893996,21.057774],[105.5899161,21.0588438],[105.590894,21.0590114],[105.5909009,21.0595463],[105.5919546,21.0591789],[105.5934972,21.0597332],[105.5921887,21.0608804],[105.5913348,21.0624916],[105.5919133,21.0640448],[105.5932768,21.064077],[105.593325,21.0653659],[105.5940068,21.0671318],[105.5935454,21.0698064],[105.594055,21.0723972],[105.5939035,21.0729773],[105.5928912,21.0738537],[105.587733,21.0735315],[105.5874094,21.0759225],[105.5918995,21.0766637],[105.5919477,21.0775144],[105.5935385,21.0777722],[105.5946817,21.0765348],[105.5949641,21.0745885],[105.5981113,21.0736024],[105.6012103,21.0732479],[105.6029389,21.0721845],[105.6072706,21.0704573],[105.6093091,21.072423],[105.6157275,21.0674863],[105.6159754,21.0678408],[105.6150732,21.0685497],[105.6163335,21.0694391],[105.6172219,21.067873],[105.6193499,21.0674412],[105.6241637,21.0649084],[105.6266291,21.0630265],[105.6292116,21.0598814],[105.6288604,21.0597268],[105.6305132,21.0562272],[105.6301689,21.056079],[105.6319525,21.0521734],[105.6306234,21.0515096],[105.6331646,21.0463345],[105.6335502,21.0464891],[105.6348051,21.0440513],[105.634466,21.0440778],[105.6355167,21.0412098],[105.6345084,21.0411722],[105.6345865,21.0366939],[105.6323421,21.036973],[105.6321736,21.0355448],[105.6331175,21.0354312],[105.6307312,21.0270896],[105.6341968,21.0251036],[105.6326948,21.0224945],[105.6322159,21.0226273],[105.6279083,21.0176869],[105.6299586,21.0159036],[105.631544,21.0139868],[105.6321265,21.0137197],[105.6347485,21.0163224],[105.6382894,21.0131044],[105.6388773,21.0131832],[105.6398551,21.0108473],[105.6398249,21.0096996],[105.6395909,21.0102056],[105.631307,21.0093934],[105.6255073,21.0050923],[105.6236529,21.0070183],[105.6169739,21.0044691],[105.6152385,21.0069825],[105.6148528,21.0068279],[105.6149699,21.0071114],[105.6137992,21.006106],[105.6134755,21.0064541],[105.6124838,21.0059771],[105.610404,21.0057967],[105.6102319,21.0056549],[105.6107277,21.005236],[105.6082623,21.0046946],[105.607732,21.0040437],[105.607732,21.003251],[105.606823,21.0031672],[105.6067128,21.0043144],[105.6054043,21.0043853],[105.6050531,21.0041339],[105.6055007,21.0028256],[105.601231,21.0025292],[105.5956183,21.0087613],[105.5964585,21.0089353],[105.5938002,21.0118612],[105.5939517,21.0127957],[105.5947299,21.0132727],[105.595942,21.0133822],[105.5938278,21.017378],[105.5948057,21.019363],[105.59223,21.0222696],[105.5913899,21.0217218],[105.5912453,21.0220054],[105.5909353,21.0218571],[105.5894547,21.0232234],[105.5893514,21.0238679],[105.5888831,21.0240548],[105.5878363,21.0242739],[105.5873887,21.0240419],[105.5876642,21.0236617],[105.587368,21.0234039],[105.5870788,21.0237648],[105.5861078,21.0236681],[105.5862524,21.0229205],[105.5855568,21.0229205],[105.5859769,21.0241644],[105.5840487,21.0249442],[105.5833049,21.0260785],[105.5835459,21.0270194],[105.5831947,21.0270065],[105.5830363,21.028173],[105.5849577,21.0294555],[105.5852056,21.0297842],[105.5848819,21.030042],[105.5855913,21.0306607],[105.585364,21.0307445],[105.5856877,21.0309765],[105.5855637,21.0314083],[105.5863626,21.0316919],[105.5863213,21.032027],[105.587492,21.0324008],[105.5851712,21.0352559],[105.586335,21.0359132],[105.5862799,21.0363966],[105.5868447,21.036635],[105.5868584,21.0373891],[105.5865898,21.037344]]]}},{"type":"Feature","properties":{"name":"X\u00e3 \u0110o\u00e0i Ph\u01b0\u01a1ng","kind":"xa","osm_id":19514774},"geometry":{"type":"Polygon","coordinates":[[[105.4435601,21.0931688],[105.4461839,21.0965459],[105.4465351,21.0976802],[105.4473822,21.0982666],[105.4481535,21.0982344],[105.4487939,21.0974675],[105.4496823,21.0977962],[105.4511217,21.097461],[105.4529673,21.099981],[105.4556669,21.1005159],[105.4570924,21.1014181],[105.4590896,21.1017855],[105.4601226,21.1033645],[105.4623676,21.1025846],[105.470308,21.1031131],[105.4707625,21.1022431],[105.4703837,21.1015922],[105.4704526,21.1007801],[105.471768,21.1025138],[105.4726288,21.1027844],[105.472312,21.1033065],[105.4725048,21.10359],[105.4747912,21.1025331],[105.4749083,21.1032549],[105.4744262,21.1042667],[105.4758724,21.1048145],[105.4757898,21.1052786],[105.4770569,21.1053817],[105.4777594,21.1061293],[105.4787511,21.1049757],[105.4799494,21.1046212],[105.4811752,21.1046083],[105.4839092,21.1054655],[105.4846667,21.1053108],[105.4851764,21.1048145],[105.4853623,21.103532],[105.4878209,21.1019144],[105.4881308,21.1005159],[105.4875729,21.0988724],[105.488661,21.0970679],[105.4880137,21.0960561],[105.4882409,21.0940324],[105.4886335,21.093375],[105.4907752,21.0932268],[105.491822,21.0942129],[105.4921388,21.0940131],[105.4925451,21.0944707],[105.4931305,21.0942],[105.4931167,21.0948122],[105.493523,21.0950056],[105.4934679,21.0958369],[105.4962777,21.0952376],[105.4964774,21.0959465],[105.4978272,21.0971001],[105.4978617,21.0977253],[105.4989084,21.0982409],[105.5006094,21.098402],[105.5017733,21.0974095],[105.5018628,21.0965137],[105.5011948,21.0962494],[105.5011879,21.0957918],[105.5016769,21.0956565],[105.5018904,21.0951474],[105.5025928,21.0954051],[105.5035845,21.0949991],[105.5055679,21.0955276],[105.507386,21.0964492],[105.5071862,21.0974804],[105.5077372,21.0977317],[105.5102164,21.095476],[105.5114284,21.09507],[105.5113114,21.0945802],[105.5103954,21.0945222],[105.5101957,21.0940066],[105.5113458,21.0932397],[105.5124339,21.0914867],[105.514431,21.0902235],[105.5152781,21.0904684],[105.5157533,21.0918863],[105.5167725,21.0918154],[105.5168001,21.0921956],[105.5171513,21.0918863],[105.5173441,21.0903202],[105.5181636,21.0901333],[105.5194101,21.0905007],[105.5206084,21.0897917],[105.5215519,21.0901526],[105.5222681,21.0890699],[105.5236523,21.089289],[105.5241069,21.0889926],[105.5246234,21.0894244],[105.5249884,21.0889023],[105.5247886,21.0882579],[105.5230876,21.0879227],[105.5238934,21.0864211],[105.523432,21.0849001],[105.5239003,21.0837465],[105.5291686,21.0821933],[105.5300225,21.0816391],[105.5308352,21.0804919],[105.5320885,21.080595],[105.5318062,21.0781266],[105.5327428,21.0758516],[105.5326601,21.0749945],[105.5320403,21.0749816],[105.5325086,21.0742018],[105.5349121,21.0745949],[105.5351187,21.0741438],[105.5364203,21.0737442],[105.5369505,21.0730546],[105.5375566,21.0732479],[105.5379767,21.0725777],[105.5371158,21.0723392],[105.5353941,21.0725003],[105.5351118,21.0718752],[105.535704,21.0709343],[105.5355663,21.070554],[105.5350842,21.0707474],[105.5346504,21.0703478],[105.5335554,21.0705089],[105.5310693,21.0692199],[105.5294854,21.0661458],[105.5304564,21.0644637],[105.5297126,21.064135],[105.5293958,21.0644508],[105.5287003,21.0636967],[105.5303462,21.0632714],[105.5304357,21.0629363],[105.5300432,21.0628138],[105.5303393,21.0621629],[105.5316684,21.0610479],[105.5336312,21.060571],[105.5339617,21.060919],[105.5343129,21.0607966],[105.5335829,21.0586762],[105.5342854,21.0581027],[105.5343887,21.0570715],[105.5338584,21.055441],[105.5348363,21.0558276],[105.5358556,21.0553056],[105.5348639,21.0551832],[105.5342785,21.054732],[105.5351325,21.0538942],[105.5341063,21.0537911],[105.5335416,21.0531531],[105.5315376,21.0520317],[105.53182,21.0517352],[105.5326257,21.0520123],[105.533459,21.0514903],[105.5346986,21.0517481],[105.5349809,21.0512841],[105.5346228,21.050472],[105.5343956,21.0502529],[105.5334659,21.0506331],[105.5335898,21.0500209],[105.5333557,21.0498404],[105.5323571,21.0495891],[105.5317304,21.0500016],[105.5299468,21.0491444],[105.530904,21.0485579],[105.5298779,21.0480423],[105.5290997,21.0481648],[105.5293407,21.0467534],[105.5283973,21.0465923],[105.5281769,21.0455611],[105.528411,21.0452195],[105.5289482,21.0453613],[105.5295336,21.0445493],[105.5283215,21.0430927],[105.5274744,21.0435696],[105.5266205,21.0432603],[105.5260489,21.0421453],[105.5259456,21.0409917],[105.5253258,21.0402055],[105.5236868,21.0395094],[105.5234939,21.0380851],[105.5226882,21.037112],[105.5211111,21.0367704],[105.5201814,21.0356812],[105.5193068,21.0359648],[105.5171926,21.0357714],[105.5172821,21.0330969],[105.5168621,21.0328906],[105.5154916,21.0330453],[105.5117728,21.0398381],[105.5053957,21.0482679],[105.5023931,21.0478554],[105.4992321,21.0469274],[105.4904034,21.0425771],[105.4874765,21.0401281],[105.481189,21.0330453],[105.4704457,21.0218829],[105.4687585,21.0219022],[105.4649915,21.0242997],[105.4619957,21.0270194],[105.4603498,21.0293266],[105.4567619,21.0326522],[105.4566035,21.0337671],[105.4580083,21.0403537],[105.4583045,21.051413],[105.4596129,21.0526053],[105.4597231,21.0531208],[105.4594408,21.0540811],[105.4583802,21.0550156],[105.458518,21.0565044],[105.460887,21.0586311],[105.4609696,21.060919],[105.4606322,21.0623498],[105.4610454,21.0631812],[105.4607561,21.0644637],[105.4613002,21.0657784],[105.4621266,21.0661651],[105.4623194,21.0676023],[105.4627877,21.0675701],[105.4630632,21.0669127],[105.4634902,21.0670674],[105.4637932,21.0677312],[105.4637587,21.0696582],[105.4642339,21.0704896],[105.4653633,21.0713016],[105.4654115,21.0723586],[105.4651705,21.0725261],[105.4647711,21.072133],[105.4650121,21.0711405],[105.463077,21.0709471],[105.4616239,21.0696066],[105.460646,21.0681243],[105.4612175,21.0663133],[105.4604738,21.0656495],[105.460646,21.0647279],[105.4598953,21.0635678],[105.459303,21.0591789],[105.4584147,21.0578449],[105.4573403,21.0579158],[105.4575056,21.0589405],[105.4554121,21.0598299],[105.4559905,21.0603068],[105.456817,21.059991],[105.4575401,21.0605259],[105.4574092,21.061093],[105.4578293,21.0618213],[105.4571337,21.0619567],[105.456996,21.0624078],[105.4585868,21.063497],[105.4595579,21.0663778],[105.4589105,21.0681179],[105.4590758,21.0693811],[105.459668,21.0701802],[105.4594821,21.0705411],[105.4572715,21.0685819],[105.4568789,21.0674541],[105.4569822,21.0666936],[105.4558872,21.0666678],[105.4552674,21.065772],[105.454689,21.0638256],[105.4533874,21.0627171],[105.4529673,21.0630329],[105.4537661,21.0641479],[105.4543928,21.0673058],[105.4539314,21.0670094],[105.4535802,21.0661007],[105.4523613,21.0654691],[105.4517621,21.065482],[105.4489937,21.06302],[105.4477265,21.0628138],[105.4464043,21.0633745],[105.4448341,21.0624593],[105.4423205,21.0646506],[105.440406,21.0654046],[105.4397655,21.06612],[105.4406263,21.0672478],[105.4403646,21.0680019],[105.4392559,21.0690395],[105.4391939,21.0697613],[105.4408123,21.071553],[105.4405781,21.0724101],[105.4412324,21.0730739],[105.4415629,21.074466],[105.4402131,21.0775208],[105.4383675,21.079364],[105.4398688,21.079667],[105.4398137,21.0816455],[105.4387945,21.0818711],[105.4385397,21.0823351],[105.4388633,21.0833405],[105.4397242,21.0843008],[105.4390355,21.0870527],[105.4395589,21.0877616],[105.4394212,21.0885285],[105.4403577,21.0895984],[105.4407365,21.0919121],[105.4432226,21.0933041],[105.4435601,21.0931688]]]}},{"type":"Feature","properties":{"name":"X\u00e3 Y\u00ean B\u00e0i","kind":"xa","osm_id":19514775},"geometry":{"type":"Polygon","coordinates":[[[105.3816005,21.0824704],[105.3819723,21.082348],[105.382296,21.0831794],[105.3816211,21.0839785],[105.3836802,21.0833856],[105.3828676,21.0842943],[105.3848165,21.0841912],[105.3854777,21.084739],[105.3845617,21.0845263],[105.3854914,21.0858217],[105.3891827,21.0875554],[105.389651,21.0881032],[105.3903328,21.0879292],[105.3904361,21.0887026],[105.3911316,21.0888766],[105.3915655,21.089521],[105.3913796,21.0908036],[105.3917721,21.0917445],[105.3938519,21.0916801],[105.3951879,21.0921505],[105.3957733,21.0927886],[105.396765,21.0921634],[105.3983833,21.0921312],[105.398893,21.0924599],[105.3995265,21.0941355],[105.4013997,21.0942838],[105.4018129,21.0945802],[105.4023776,21.0955405],[105.4023156,21.096301],[105.403142,21.0963396],[105.4049119,21.0954954],[105.4053458,21.0963139],[105.4046778,21.0977768],[105.4122118,21.10243],[105.4138302,21.1018951],[105.4189264,21.1013988],[105.4229964,21.1044343],[105.4261092,21.1040734],[105.4268667,21.1037318],[105.427762,21.1041314],[105.4303169,21.1039445],[105.4344283,21.101199],[105.4357505,21.1015019],[105.4417351,21.104937],[105.4419692,21.104705],[105.4411773,21.1039123],[105.441253,21.1033902],[105.4398826,21.1025782],[105.4401305,21.1019659],[105.4414941,21.1020046],[105.4419899,21.0998521],[105.4427268,21.0989369],[105.4412186,21.0977575],[105.442472,21.0967586],[105.4442143,21.0959723],[105.4451509,21.0950636],[105.4435601,21.0931688],[105.4432226,21.0933041],[105.4407365,21.0919121],[105.4403577,21.0895984],[105.4394212,21.0885285],[105.4395589,21.0877616],[105.4390355,21.0870527],[105.4397242,21.0843008],[105.4388633,21.0833405],[105.4385397,21.0823351],[105.4387945,21.0818711],[105.4398137,21.0816455],[105.4398688,21.079667],[105.4383675,21.079364],[105.4402131,21.0775208],[105.4415629,21.074466],[105.4412324,21.0730739],[105.4405781,21.0724101],[105.4408123,21.071553],[105.4391939,21.0697613],[105.4392559,21.0690395],[105.4403646,21.0680019],[105.4406263,21.0672478],[105.4397655,21.06612],[105.440406,21.0654046],[105.4423205,21.0646506],[105.4448341,21.0624593],[105.4464043,21.0633745],[105.4477265,21.0628138],[105.4489937,21.06302],[105.4517621,21.065482],[105.4523613,21.0654691],[105.4535802,21.0661007],[105.4539314,21.0670094],[105.4543928,21.0673058],[105.4537661,21.0641479],[105.4529673,21.0630329],[105.4533874,21.0627171],[105.454689,21.0638256],[105.4552674,21.065772],[105.4558872,21.0666678],[105.4569822,21.0666936],[105.4568789,21.0674541],[105.4572715,21.0685819],[105.4594821,21.0705411],[105.459668,21.0701802],[105.4590758,21.0693811],[105.4589105,21.0681179],[105.4595579,21.0663778],[105.4585868,21.063497],[105.456996,21.0624078],[105.4571337,21.0619567],[105.4578293,21.0618213],[105.4574092,21.061093],[105.4575401,21.0605259],[105.456817,21.059991],[105.4559905,21.0603068],[105.4554121,21.0598299],[105.4575056,21.0589405],[105.4573403,21.0579158],[105.4584147,21.0578449],[105.459303,21.0591789],[105.4598953,21.0635678],[105.460646,21.0647279],[105.4604738,21.0656495],[105.4612175,21.0663133],[105.460646,21.0681243],[105.4616239,21.0696066],[105.463077,21.0709471],[105.4650121,21.0711405],[105.4647711,21.072133],[105.4651705,21.0725261],[105.4654115,21.0723586],[105.4653633,21.0713016],[105.4642339,21.0704896],[105.4637587,21.0696582],[105.4637932,21.0677312],[105.4634902,21.0670674],[105.4630632,21.0669127],[105.4627877,21.0675701],[105.4623194,21.0676023],[105.4621266,21.0661651],[105.4613002,21.0657784],[105.4607561,21.0644637],[105.4610454,21.0631812],[105.4606322,21.0623498],[105.4609696,21.060919],[105.460887,21.0586311],[105.458518,21.0565044],[105.4583802,21.0550156],[105.4594408,21.0540811],[105.4597231,21.0531208],[105.4596129,21.0526053],[105.4583045,21.051413],[105.4580083,21.0403537],[105.4566035,21.0337671],[105.4567619,21.0326522],[105.4603498,21.0293266],[105.4619957,21.0270194],[105.4649915,21.0242997],[105.4692405,21.021812],[105.4690271,21.0211031],[105.461493,21.0129117],[105.4548129,21.011481],[105.452499,21.0123253],[105.450798,21.0140525],[105.4494551,21.014046],[105.4480295,21.0149225],[105.4456605,21.0150256],[105.4438424,21.0140847],[105.4429265,21.0140718],[105.4417764,21.0145487],[105.4407847,21.0157217],[105.4366734,21.0160117],[105.434814,21.0171202],[105.4336983,21.0169591],[105.4311089,21.0147292],[105.4276036,21.0144327],[105.4267496,21.0140331],[105.4230928,21.0134402],[105.4221975,21.0127829],[105.419739,21.0127764],[105.4167019,21.011365],[105.4129005,21.0139622],[105.4125355,21.0149999],[105.4115851,21.015741],[105.4109722,21.0172878],[105.4110342,21.0182029],[105.4088855,21.0177647],[105.4064477,21.0167722],[105.403142,21.0143747],[105.4008075,21.0137431],[105.3980252,21.0150643],[105.3969716,21.0149096],[105.3953463,21.0141298],[105.3922659,21.014423],[105.3876111,21.0170426],[105.3868074,21.0177178],[105.3866013,21.0199365],[105.3876507,21.0217499],[105.3875139,21.0244072],[105.3862352,21.0250022],[105.385216,21.0271225],[105.3842036,21.0283921],[105.3825164,21.0294169],[105.3807672,21.029984],[105.3796446,21.0313761],[105.3788182,21.03407],[105.3782053,21.0347918],[105.376642,21.0351656],[105.3816005,21.0824704]]]}},{"type":"Feature","properties":{"name":"Ph\u01b0\u1eddng T\u00f9ng Thi\u1ec7n","kind":"phuong","osm_id":19514776},"geometry":{"type":"Polygon","coordinates":[[[105.41299,21.136639],[105.4168259,21.1394231],[105.4171289,21.1388302],[105.4180311,21.1393264],[105.418947,21.1391589],[105.4191467,21.1402545],[105.4188093,21.1404478],[105.4195117,21.1417239],[105.420407,21.1414339],[105.4206825,21.1416723],[105.4208546,21.1425359],[105.4202693,21.1433544],[105.421137,21.1443856],[105.4215226,21.1440311],[105.421378,21.1446241],[105.4226796,21.1462868],[105.42436,21.1475564],[105.4252828,21.1474211],[105.4265568,21.1484909],[105.4266808,21.1481945],[105.4270802,21.148362],[105.4277964,21.1495737],[105.4289603,21.1499668],[105.4296903,21.1509077],[105.4296834,21.1513331],[105.4304685,21.1519131],[105.4355371,21.1512235],[105.4373138,21.1500699],[105.4382504,21.1485103],[105.4399583,21.1492385],[105.4405988,21.1478078],[105.4426786,21.1483234],[105.443746,21.1477562],[105.4452473,21.1481429],[105.4457156,21.1462868],[105.4492209,21.1467444],[105.4493655,21.1453394],[105.4482981,21.1440247],[105.4507429,21.1426971],[105.4511974,21.1426842],[105.4508118,21.1430773],[105.4512387,21.1437862],[105.4517139,21.1438958],[105.4522373,21.1435607],[105.4524714,21.1437798],[105.4521065,21.1442632],[105.4523819,21.1449076],[105.4535664,21.145333],[105.4548336,21.1446305],[105.4557289,21.1436122],[105.4559423,21.1412019],[105.4564864,21.1421364],[105.4565897,21.1435156],[105.4570304,21.1440182],[105.459062,21.1414017],[105.4589243,21.1389849],[105.4603016,21.1378764],[105.4712033,21.1338612],[105.4753559,21.1319149],[105.4789164,21.1311222],[105.4804659,21.13109],[105.4845566,21.1323274],[105.4911402,21.1240136],[105.4916912,21.1214163],[105.4953756,21.1163185],[105.495348,21.1127094],[105.4962088,21.1127545],[105.4965325,21.1131541],[105.498206,21.1132186],[105.497779,21.1153325],[105.4988396,21.1160865],[105.4989291,21.1164603],[105.498082,21.1167052],[105.4979994,21.1165054],[105.4974416,21.1169114],[105.4990806,21.118658],[105.4995558,21.1188707],[105.5002307,21.1186129],[105.5007265,21.1175366],[105.5014565,21.1180006],[105.5018766,21.1176848],[105.5023518,21.1185549],[105.5027512,21.1179039],[105.5034123,21.1178008],[105.5029922,21.1170532],[105.50313,21.1163314],[105.5025997,21.1165119],[105.5026066,21.1168212],[105.5018628,21.1169372],[105.502214,21.1161381],[105.5018697,21.1155838],[105.5024689,21.1153905],[105.5022347,21.1151069],[105.502462,21.1144431],[105.5019248,21.1145011],[105.5017871,21.1138308],[105.5010433,21.1139855],[105.5006645,21.1129285],[105.501608,21.1114205],[105.5014152,21.1102282],[105.5022072,21.1098866],[105.5024964,21.1092872],[105.502641,21.1085396],[105.5022691,21.1082625],[105.5029991,21.1070444],[105.5061326,21.1069091],[105.5059742,21.1063677],[105.5056367,21.1063806],[105.5054095,21.1048597],[105.5062772,21.1038285],[105.5054439,21.101663],[105.503192,21.0998005],[105.5029234,21.0990465],[105.5018973,21.0990529],[105.5002927,21.0982473],[105.4989084,21.0982409],[105.4978617,21.0977253],[105.4978272,21.0971001],[105.4964774,21.0959465],[105.4962777,21.0952376],[105.4934679,21.0958369],[105.493523,21.0950056],[105.4931167,21.0948122],[105.4931305,21.0942],[105.4925451,21.0944707],[105.4921388,21.0940131],[105.491822,21.0942129],[105.4907752,21.0932268],[105.4886335,21.093375],[105.4882409,21.0940324],[105.4880137,21.0960561],[105.488661,21.0970679],[105.4875729,21.0988724],[105.4880963,21.1012957],[105.4878209,21.1019144],[105.4853623,21.103532],[105.4851764,21.1048145],[105.4846667,21.1053108],[105.4839092,21.1054655],[105.4811752,21.1046083],[105.4799494,21.1046212],[105.4787511,21.1049757],[105.4777594,21.1061293],[105.4770569,21.1053817],[105.4757898,21.1052786],[105.4758724,21.1048145],[105.4744262,21.1042667],[105.4749083,21.1032549],[105.4747912,21.1025331],[105.4725048,21.10359],[105.472312,21.1033065],[105.4726288,21.1027844],[105.471768,21.1025138],[105.4704526,21.1007801],[105.4703837,21.1015922],[105.4707625,21.1022431],[105.470308,21.1031131],[105.4623676,21.1025846],[105.4601226,21.1033645],[105.4590896,21.1017855],[105.4570924,21.1014181],[105.4556669,21.1005159],[105.4529673,21.099981],[105.4511217,21.097461],[105.4496823,21.0977962],[105.4487939,21.0974675],[105.4481535,21.0982344],[105.4473822,21.0982666],[105.4465351,21.0976802],[105.4461839,21.0965459],[105.4451509,21.0950636],[105.4442143,21.0959723],[105.442472,21.0967586],[105.4412186,21.0977575],[105.4427268,21.0989369],[105.4419899,21.0998521],[105.4414941,21.1020046],[105.4401305,21.1019659],[105.4398826,21.1025782],[105.441253,21.1033902],[105.4411773,21.1039123],[105.4419692,21.104705],[105.4417351,21.104937],[105.4357505,21.1015019],[105.4344283,21.101199],[105.4303169,21.1039445],[105.427762,21.1041314],[105.4268667,21.1037318],[105.4256547,21.1040476],[105.4257235,21.1043699],[105.4262125,21.1044343],[105.4263295,21.1055041],[105.4236851,21.1047372],[105.4237746,21.1054332],[105.430193,21.1066191],[105.4302481,21.1090681],[105.4307852,21.1095773],[105.429642,21.1099704],[105.4293735,21.1120069],[105.4296214,21.1159769],[105.429222,21.117369],[105.4284231,21.1178588],[105.42989,21.1181037],[105.4306613,21.1188707],[105.4310745,21.1200694],[105.428189,21.1207139],[105.4268943,21.1215001],[105.4267083,21.121281],[105.4253172,21.1219255],[105.425269,21.1221317],[105.4260472,21.1220157],[105.4259577,21.1227891],[105.4265706,21.1229695],[105.4261712,21.1241296],[105.4274452,21.1251221],[105.4259714,21.125773],[105.4245252,21.1250899],[105.4244219,21.1266366],[105.424904,21.1277258],[105.4241189,21.1309031],[105.4224937,21.1309289],[105.4218876,21.1323725],[105.4202417,21.1324369],[105.4194429,21.1332232],[105.4195117,21.1338419],[105.4198836,21.134061],[105.4196357,21.1349762],[105.4188644,21.1346217],[105.4153728,21.1345895],[105.41299,21.136639]]]}},{"type":"Feature","properties":{"name":"X\u00e3 Ph\u00fac Th\u1ecd","kind":"xa","osm_id":19514777},"geometry":{"type":"Polygon","coordinates":[[[105.5006094,21.098402],[105.5018973,21.0990529],[105.5029234,21.0990465],[105.503192,21.0998005],[105.5054439,21.101663],[105.5062772,21.1038285],[105.5054095,21.1048597],[105.5056367,21.1063806],[105.5059742,21.1063677],[105.5061326,21.1069091],[105.5029991,21.1070444],[105.5022691,21.1082625],[105.502641,21.1085396],[105.5024964,21.1092872],[105.5022072,21.1098866],[105.5014152,21.1102282],[105.501608,21.1114205],[105.5006645,21.1129285],[105.5010433,21.1139855],[105.5017871,21.1138308],[105.5019248,21.1145011],[105.502462,21.1144431],[105.5022347,21.1151069],[105.5024689,21.1153905],[105.5018697,21.1155838],[105.502214,21.1161381],[105.5018628,21.1169372],[105.5026066,21.1168212],[105.5025997,21.1165119],[105.50313,21.1163314],[105.5029922,21.1170532],[105.5034123,21.1178008],[105.5053406,21.1201532],[105.5050445,21.1222993],[105.50459,21.1230469],[105.5058571,21.1239105],[105.5074204,21.1234465],[105.5078887,21.1242972],[105.5090939,21.1248514],[105.5102026,21.1243423],[105.5115524,21.1249481],[105.5123719,21.1255603],[105.5127989,21.1276871],[105.513646,21.1286667],[105.5140661,21.128525],[105.514617,21.1289761],[105.5157395,21.1278934],[105.5162629,21.1284283],[105.5159668,21.1287247],[105.5167725,21.1294852],[105.5170411,21.1290663],[105.5177573,21.1297301],[105.5185424,21.1289181],[105.5197613,21.1298784],[105.5197751,21.1311222],[105.5209941,21.1324498],[105.5225711,21.1334423],[105.5236041,21.1334488],[105.5236179,21.1339257],[105.5256908,21.1340546],[105.5261591,21.1343382],[105.5266412,21.1336937],[105.5275158,21.1337646],[105.5290722,21.1329525],[105.530236,21.1339644],[105.5315651,21.1340353],[105.5340926,21.1329654],[105.5349741,21.1306002],[105.5353597,21.1254701],[105.5371571,21.123962],[105.5404008,21.1220995],[105.5424943,21.1219642],[105.5435411,21.1213519],[105.5494843,21.1196054],[105.5496772,21.1200887],[105.5513919,21.1198631],[105.5544496,21.1208492],[105.5559303,21.1205334],[105.5577484,21.1210683],[105.5592428,21.1209072],[105.5616187,21.1171757],[105.5630305,21.117543],[105.5622454,21.1202305],[105.5626104,21.1208363],[105.5621214,21.1209137],[105.5618459,21.1215581],[105.5624726,21.1218739],[105.5631889,21.1213648],[105.5643114,21.1213068],[105.5638224,21.1223508],[105.5685674,21.1242327],[105.570475,21.1256248],[105.5733743,21.1287054],[105.5735809,21.1290083],[105.573085,21.1295626],[105.5746139,21.1315153],[105.5745312,21.1318891],[105.5729886,21.1328687],[105.5734018,21.1333908],[105.5744693,21.1331008],[105.5749995,21.1345508],[105.5761152,21.1348086],[105.5775132,21.1369805],[105.5792142,21.1383017],[105.5817692,21.1350535],[105.5846478,21.1348473],[105.5845307,21.1333908],[105.5848682,21.1326561],[105.5869411,21.1311609],[105.5856877,21.1286216],[105.5864797,21.1282801],[105.5860458,21.1276807],[105.5881394,21.1264175],[105.5899437,21.1306517],[105.5902054,21.1305873],[105.5907563,21.1317345],[105.5914519,21.1338355],[105.5909422,21.1341062],[105.591259,21.1346346],[105.592657,21.1342157],[105.5963552,21.134293],[105.6001566,21.132018],[105.6068367,21.139436],[105.6080075,21.1380504],[105.6114577,21.1354144],[105.6103903,21.1343511],[105.6085791,21.1316442],[105.6073808,21.1316185],[105.6075667,21.1304842],[105.6063271,21.1305293],[105.6053079,21.1301362],[105.6055283,21.1290083],[105.6059001,21.1287119],[105.6059621,21.1267011],[105.6057211,21.1267075],[105.6057624,21.1240523],[105.6050462,21.1232467],[105.6050255,21.1210619],[105.6051357,21.1201338],[105.6063202,21.1201274],[105.6061894,21.1148169],[105.6066783,21.1137535],[105.6046743,21.1125483],[105.6045297,21.1137922],[105.602202,21.117949],[105.5988344,21.120585],[105.5983248,21.1201274],[105.5971954,21.1206816],[105.596307,21.1108275],[105.5903087,21.1099704],[105.5905153,21.1087974],[105.5899506,21.1087201],[105.5893032,21.1079596],[105.5895718,21.1066642],[105.5928981,21.1066384],[105.5937245,21.0978928],[105.5936349,21.0976673],[105.5930014,21.0977704],[105.5929118,21.096649],[105.5936349,21.0956952],[105.5940137,21.0925823],[105.5931115,21.092273],[105.5925468,21.0905651],[105.5929256,21.0903782],[105.5930771,21.0886446],[105.5925193,21.0867176],[105.5930496,21.0867949],[105.5936143,21.0862149],[105.5926915,21.0847197],[105.5912935,21.0847261],[105.5922576,21.0798603],[105.5935385,21.0777722],[105.5919477,21.0775144],[105.5918995,21.0766637],[105.5831052,21.0750654],[105.5830088,21.0756132],[105.5820997,21.0764574],[105.582389,21.0766959],[105.5815212,21.0781331],[105.5807981,21.0780558],[105.5797582,21.0787002],[105.5795861,21.0783909],[105.5783878,21.0790934],[105.5749238,21.0820838],[105.5766868,21.0861826],[105.5760876,21.0866016],[105.5762323,21.087839],[105.5753921,21.0883674],[105.5757571,21.0903975],[105.576673,21.0927886],[105.57637,21.0940711],[105.5761014,21.0940646],[105.5762047,21.0944578],[105.5755023,21.0946898],[105.5758053,21.0963783],[105.5754127,21.097519],[105.5755642,21.0986662],[105.5751717,21.0989949],[105.5754265,21.0996394],[105.5739183,21.1000647],[105.5707642,21.1003741],[105.563182,21.1000196],[105.5573765,21.1019531],[105.5548284,21.0966941],[105.5550419,21.096533],[105.5548422,21.0962301],[105.5539813,21.0971904],[105.5524663,21.0964428],[105.5519222,21.097287],[105.5511302,21.0966297],[105.551082,21.0971066],[105.5504003,21.0966619],[105.5498149,21.0969519],[105.5492502,21.0957596],[105.5493879,21.0939937],[105.547136,21.0941549],[105.5466332,21.0949153],[105.5456416,21.0943675],[105.5450837,21.0944707],[105.5437615,21.095012],[105.5439474,21.0953665],[105.543548,21.0961527],[105.5423428,21.0952505],[105.5420536,21.0944191],[105.5404903,21.0936006],[105.5403801,21.0929239],[105.5394917,21.0923632],[105.539354,21.0910485],[105.5389477,21.0913771],[105.5377563,21.0910549],[105.5301121,21.0907327],[105.529506,21.0913191],[105.5284524,21.0914029],[105.5276948,21.0908229],[105.5271921,21.0893535],[105.5246234,21.0894244],[105.5241069,21.0889926],[105.5236523,21.089289],[105.5222681,21.0890699],[105.5215519,21.0901526],[105.5206084,21.0897917],[105.5194101,21.0905007],[105.5181636,21.0901333],[105.5173441,21.0903202],[105.5171513,21.0918863],[105.5168001,21.0921956],[105.5167725,21.0918154],[105.5157533,21.0918863],[105.5152781,21.0904684],[105.514431,21.0902235],[105.5124339,21.0914867],[105.5113458,21.0932397],[105.5101957,21.0940066],[105.5103954,21.0945222],[105.5113114,21.0945802],[105.5114284,21.09507],[105.5102164,21.095476],[105.5077372,21.0977317],[105.5071862,21.0974804],[105.507386,21.0964492],[105.5055679,21.0955276],[105.5035845,21.0949991],[105.5025928,21.0954051],[105.5018904,21.0951474],[105.5016769,21.0956565],[105.5011879,21.0957918],[105.5011948,21.0962494],[105.5018628,21.0965137],[105.5017733,21.0974095],[105.5006094,21.098402]]]}},{"type":"Feature","properties":{"name":"X\u00e3 H\u00e1t M\u00f4n","kind":"xa","osm_id":19514778},"geometry":{"type":"Polygon","coordinates":[[[105.5946817,21.0765348],[105.5922576,21.0798603],[105.5912935,21.0847261],[105.5926915,21.0847197],[105.5936143,21.0862149],[105.5930496,21.0867949],[105.5925193,21.0867176],[105.5930771,21.0886446],[105.5929256,21.0903782],[105.5925468,21.0905651],[105.5931115,21.092273],[105.5940137,21.0925823],[105.5936349,21.0956952],[105.5929118,21.096649],[105.5930014,21.0977704],[105.5936349,21.0976673],[105.5937245,21.0978928],[105.5928981,21.1066384],[105.5895718,21.1066642],[105.5893032,21.1079596],[105.5899506,21.1087201],[105.5905153,21.1087974],[105.5903087,21.1099704],[105.596307,21.1108275],[105.5971954,21.1206816],[105.5983248,21.1201274],[105.5988344,21.120585],[105.602202,21.117949],[105.6045297,21.1137922],[105.6046743,21.1125483],[105.6066783,21.1137535],[105.6061894,21.1148169],[105.6063202,21.1201274],[105.6051357,21.1201338],[105.6050255,21.1210619],[105.6050462,21.1232467],[105.6057624,21.1240523],[105.6057211,21.1267075],[105.6059621,21.1267011],[105.6059001,21.1287119],[105.6055283,21.1290083],[105.6053079,21.1301362],[105.6063271,21.1305293],[105.6075667,21.1304842],[105.6073808,21.1316185],[105.6085791,21.1316442],[105.6103903,21.1343511],[105.6114577,21.1354144],[105.6138405,21.1348215],[105.6147633,21.135002],[105.6157619,21.135582],[105.6172081,21.137335],[105.6197768,21.1372125],[105.6209958,21.1364005],[105.6217051,21.1376701],[105.6237642,21.1367743],[105.6232408,21.1351244],[105.6233235,21.1341319],[105.6254721,21.1316636],[105.6285505,21.1290341],[105.6302653,21.126656],[105.6305958,21.1254121],[105.6299554,21.1239556],[105.6245355,21.1201918],[105.6242876,21.1189544],[105.6247284,21.1178137],[105.6268288,21.1158545],[105.6293631,21.1141144],[105.6310572,21.1135666],[105.6313534,21.113863],[105.6336811,21.1131026],[105.6352237,21.1120585],[105.6374205,21.1114527],[105.6371589,21.1100864],[105.639335,21.1095515],[105.6384604,21.1055235],[105.6364013,21.1069929],[105.6353476,21.1034676],[105.6349482,21.1035449],[105.634053,21.1005803],[105.6397551,21.0986082],[105.6422963,21.0972097],[105.6456984,21.0941484],[105.647371,21.0909683],[105.647399,21.0894163],[105.645531,21.0878063],[105.644736,21.0853553],[105.644816,21.0846963],[105.645676,21.0833093],[105.645231,21.075942],[105.646589,21.0700493],[105.648913,21.0684903],[105.651964,21.0681883],[105.656842,21.0704743],[105.658479,21.0720763],[105.6595379,21.071964],[105.6645363,21.0645686],[105.6649137,21.0622934],[105.6643097,21.0617342],[105.6641838,21.0607214],[105.6633068,21.059619],[105.6616822,21.058737],[105.6602624,21.0586929],[105.6576489,21.0591792],[105.6556605,21.0600539],[105.6510104,21.0634914],[105.6496911,21.0649535],[105.6483134,21.0646755],[105.6480121,21.0651588],[105.647497,21.0652368],[105.6470973,21.0641841],[105.6462651,21.0633146],[105.646225,21.0621423],[105.647054,21.0597343],[105.64787,21.0587543],[105.649136,21.0556883],[105.649678,21.0502741],[105.6509286,21.0440936],[105.6503866,21.0439941],[105.6497665,21.0432264],[105.6482845,21.0402605],[105.6473145,21.0405408],[105.6469989,21.042642],[105.6479105,21.0429515],[105.6481585,21.0452594],[105.6479772,21.0461552],[105.647391,21.0461363],[105.6472042,21.0443916],[105.6466777,21.0443381],[105.6468658,21.0423581],[105.6445457,21.0433971],[105.6432911,21.0408669],[105.6430079,21.0439157],[105.634662,21.0443423],[105.6335502,21.0464891],[105.6331646,21.0463345],[105.6306234,21.0515096],[105.6319525,21.0521734],[105.6301689,21.056079],[105.6305132,21.0562272],[105.6288604,21.0597268],[105.6292116,21.0598814],[105.6266291,21.0630265],[105.6241637,21.0649084],[105.6193499,21.0674412],[105.6172219,21.067873],[105.6163335,21.0694391],[105.6150732,21.0685497],[105.6159754,21.0678408],[105.6157275,21.0674863],[105.6093091,21.072423],[105.6072706,21.0704573],[105.6029389,21.0721845],[105.6012103,21.0732479],[105.5981113,21.0736024],[105.5949641,21.0745885],[105.5946817,21.0765348]]]}},{"type":"Feature","properties":{"name":"X\u00e3 Li\u00ean Minh","kind":"xa","osm_id":19514779},"geometry":{"type":"Polygon","coordinates":[[[105.6237642,21.1367743],[105.6256443,21.1404221],[105.622869,21.141537],[105.6236816,21.1429355],[105.6247559,21.1426455],[105.6254859,21.1438571],[105.6272489,21.143058],[105.6277103,21.1439925],[105.6269872,21.1615739],[105.6263467,21.1645191],[105.6265464,21.1696465],[105.6305777,21.1681271],[105.6347319,21.1656619],[105.6386115,21.1621241],[105.6487395,21.1494128],[105.6613394,21.1355156],[105.6640517,21.1336582],[105.6676566,21.1327295],[105.6716048,21.1327295],[105.6733998,21.1332012],[105.6765391,21.1279025],[105.6762258,21.1277095],[105.6770549,21.1263224],[105.6732391,21.1235443],[105.6694323,21.1217554],[105.6701833,21.1205144],[105.6692606,21.1198939],[105.669679,21.1194035],[105.6677478,21.1198939],[105.6655055,21.1189831],[105.6671041,21.1144693],[105.6661707,21.1131883],[105.665366,21.1113366],[105.6655806,21.1111965],[105.6642932,21.1100055],[105.6647438,21.1096652],[105.6645077,21.1092048],[105.6660312,21.1079737],[105.6659132,21.1076234],[105.6694001,21.1066024],[105.6728333,21.1064323],[105.6728011,21.1049009],[105.6716317,21.1024586],[105.6714171,21.1003166],[105.6705588,21.0999262],[105.6684452,21.1008571],[105.6682019,21.099916],[105.6665308,21.1007429],[105.6667784,21.101135],[105.6659751,21.1015881],[105.6640371,21.0996885],[105.6637755,21.099902],[105.6603669,21.0979824],[105.6594387,21.1010229],[105.6597315,21.1019483],[105.6556172,21.1084567],[105.6530641,21.1079712],[105.6511289,21.1069927],[105.6513403,21.1062342],[105.6485026,21.1054453],[105.6499337,21.1020697],[105.6529096,21.1000595],[105.6548375,21.1009926],[105.6552551,21.1002728],[105.6528798,21.0953576],[105.6520156,21.094163],[105.6510724,21.0932223],[105.6497146,21.0927975],[105.6491542,21.0936864],[105.6485984,21.0934511],[105.648962,21.0923256],[105.6470453,21.0916675],[105.6456984,21.0941484],[105.6422963,21.0972097],[105.6397551,21.0986082],[105.634053,21.1005803],[105.6349482,21.1035449],[105.6353476,21.1034676],[105.6364013,21.1069929],[105.6384604,21.1055235],[105.639335,21.1095515],[105.6371589,21.1100864],[105.6374205,21.1114527],[105.6352237,21.1120585],[105.6336811,21.1131026],[105.6313534,21.113863],[105.6310572,21.1135666],[105.6293631,21.1141144],[105.6268288,21.1158545],[105.6247284,21.1178137],[105.6242876,21.1189544],[105.6245355,21.1201918],[105.6299554,21.1239556],[105.6305958,21.1254121],[105.6302653,21.126656],[105.6285505,21.1290341],[105.6254721,21.1316636],[105.6233235,21.1341319],[105.6232408,21.1351244],[105.6237642,21.1367743]]]}},{"type":"Feature","properties":{"name":"X\u00e3 Ph\u00fac L\u1ed9c","kind":"xa","osm_id":19514780},"geometry":{"type":"Polygon","coordinates":[[[105.5155663,21.1564173],[105.5214269,21.1557544],[105.5267469,21.1556001],[105.5341467,21.1559042],[105.5523094,21.1570881],[105.5536712,21.1574948],[105.5671771,21.159252],[105.5707526,21.160188],[105.5706938,21.1608532],[105.5734172,21.1616838],[105.5736537,21.1611292],[105.5750747,21.1616276],[105.5763925,21.1629715],[105.5759067,21.1632253],[105.5763338,21.1640525],[105.6000641,21.1696631],[105.6049652,21.1745186],[105.6089401,21.1765423],[105.6173096,21.1791248],[105.6220322,21.1781864],[105.6258469,21.1755333],[105.6263194,21.1733562],[105.6265464,21.1696465],[105.6263467,21.1645191],[105.6269872,21.1615739],[105.6277103,21.1439925],[105.6272489,21.143058],[105.6254859,21.1438571],[105.6247559,21.1426455],[105.6236816,21.1429355],[105.622869,21.141537],[105.6256443,21.1404221],[105.6237642,21.1367743],[105.6217051,21.1376701],[105.6209958,21.1364005],[105.6197768,21.1372125],[105.6174009,21.1373801],[105.6157619,21.135582],[105.6138405,21.1348215],[105.6105142,21.1359365],[105.6068367,21.139436],[105.6001566,21.132018],[105.5963552,21.134293],[105.592657,21.1342157],[105.591259,21.1346346],[105.5909422,21.1341062],[105.5914519,21.1338355],[105.5907563,21.1317345],[105.5902054,21.1305873],[105.5899437,21.1306517],[105.5881394,21.1264175],[105.5860458,21.1276807],[105.5864797,21.1282801],[105.5856877,21.1286216],[105.5869411,21.1311609],[105.5848682,21.1326561],[105.5845307,21.1333908],[105.5846478,21.1348473],[105.5817692,21.1350535],[105.5792142,21.1383017],[105.5775132,21.1369805],[105.5761152,21.1348086],[105.5749995,21.1345508],[105.5744693,21.1331008],[105.5734018,21.1333908],[105.5729886,21.1328687],[105.5745312,21.1318891],[105.5746139,21.1315153],[105.573085,21.1295626],[105.5735809,21.1290083],[105.5733743,21.1287054],[105.570475,21.1256248],[105.5685674,21.1242327],[105.5638224,21.1223508],[105.5643114,21.1213068],[105.5631889,21.1213648],[105.5624726,21.1218739],[105.5618459,21.1215581],[105.5621214,21.1209137],[105.5626104,21.1208363],[105.5622454,21.1202305],[105.5630305,21.117543],[105.5616187,21.1171757],[105.5592428,21.1209072],[105.5577484,21.1210683],[105.5559303,21.1205334],[105.5544496,21.1208492],[105.5513919,21.1198631],[105.5496772,21.1200887],[105.5494843,21.1196054],[105.5435411,21.1213519],[105.5424943,21.1219642],[105.5404008,21.1220995],[105.5390097,21.1227246],[105.5353597,21.1254701],[105.5349741,21.1306002],[105.5340926,21.1329654],[105.5315651,21.1340353],[105.530236,21.1339644],[105.5290722,21.1329525],[105.5275158,21.1337646],[105.5266412,21.1336937],[105.5261591,21.1343382],[105.5245958,21.1339321],[105.5242033,21.1351115],[105.5225918,21.1352147],[105.522151,21.1355111],[105.5214968,21.1369161],[105.5213728,21.1381599],[105.5209596,21.1381341],[105.5207599,21.1391782],[105.5169722,21.139552],[105.516559,21.1397711],[105.5165659,21.1401514],[105.5160907,21.1401191],[105.5155674,21.1447014],[105.5166761,21.1477111],[105.5160632,21.1478851],[105.5170342,21.1507982],[105.5170824,21.1520678],[105.5153057,21.1523191],[105.5155663,21.1564173]]]}},{"type":"Feature","properties":{"name":"Ph\u01b0\u1eddng S\u01a1n T\u00e2y","kind":"phuong","osm_id":19514781},"geometry":{"type":"Polygon","coordinates":[[[105.4548336,21.1446305],[105.4509082,21.1468282],[105.4505432,21.1474275],[105.4513076,21.1478336],[105.4524164,21.1465768],[105.4537179,21.146435],[105.4555223,21.1452041],[105.4560525,21.1452879],[105.4559492,21.1458872],[105.4575332,21.146377],[105.4580497,21.147608],[105.457602,21.148188],[105.4584973,21.1492192],[105.4589036,21.149187],[105.4593581,21.1498637],[105.4602603,21.1499732],[105.4604876,21.1497348],[105.4608388,21.1500635],[105.4606391,21.1508304],[105.4614448,21.1523385],[105.4603636,21.153505],[105.4613484,21.1535308],[105.4612864,21.1542784],[105.4615963,21.1544459],[105.4619682,21.1562891],[105.4637312,21.1558316],[105.4641719,21.1568756],[105.4638689,21.156953],[105.4639653,21.1575394],[105.4628428,21.1587317],[105.4630287,21.1591829],[105.464048,21.1601302],[105.4652256,21.1603365],[105.4661209,21.1609423],[105.4649846,21.1621668],[105.4654047,21.162489],[105.4657903,21.1619412],[105.4659556,21.1630175],[105.4671883,21.1634493],[105.4667751,21.1655052],[105.4671539,21.1654536],[105.4671608,21.1657372],[105.4665754,21.1660659],[105.4673536,21.1670004],[105.4677599,21.1684569],[105.4688205,21.1683345],[105.4691304,21.1678511],[105.4698328,21.1689467],[105.4752382,21.1718775],[105.4836739,21.1655141],[105.492218,21.1609418],[105.4943997,21.1600933],[105.4984913,21.1589081],[105.5155663,21.1564173],[105.5153057,21.1523191],[105.5170824,21.1520678],[105.5170342,21.1507982],[105.5160632,21.1478851],[105.5166761,21.1477111],[105.5155674,21.1447014],[105.5160907,21.1401191],[105.5165659,21.1401514],[105.516559,21.1397711],[105.5169722,21.139552],[105.5207599,21.1391782],[105.5209596,21.1381341],[105.5213728,21.1381599],[105.5214968,21.1369161],[105.522151,21.1355111],[105.5225918,21.1352147],[105.5242033,21.1351115],[105.5245958,21.1339321],[105.5236179,21.1339257],[105.5236041,21.1334488],[105.5225711,21.1334423],[105.5209941,21.1324498],[105.5197751,21.1311222],[105.5197613,21.1298784],[105.5185424,21.1289181],[105.5177573,21.1297301],[105.5170411,21.1290663],[105.5167725,21.1294852],[105.5159668,21.1287247],[105.5162629,21.1284283],[105.5157395,21.1278934],[105.514617,21.1289761],[105.5140661,21.128525],[105.5133774,21.1285121],[105.5127989,21.1276871],[105.5123719,21.1255603],[105.5109395,21.1245807],[105.5102026,21.1243423],[105.5090939,21.1248514],[105.5078887,21.1242972],[105.5074204,21.1234465],[105.5058571,21.1239105],[105.50459,21.1230469],[105.5050445,21.1222993],[105.5053406,21.1201532],[105.5034123,21.1178008],[105.5027512,21.1179039],[105.5023518,21.1185549],[105.5018766,21.1176848],[105.5014565,21.1180006],[105.5007265,21.1175366],[105.5002307,21.1186129],[105.4995558,21.1188707],[105.4990806,21.118658],[105.4974416,21.1169114],[105.4979994,21.1165054],[105.498082,21.1167052],[105.4989291,21.1164603],[105.4988396,21.1160865],[105.497779,21.1153325],[105.498206,21.1132186],[105.4965325,21.1131541],[105.4962088,21.1127545],[105.495348,21.1127094],[105.4953756,21.1163185],[105.4916912,21.1214163],[105.4911402,21.1240136],[105.4845566,21.1323274],[105.4804659,21.13109],[105.4789164,21.1311222],[105.4753559,21.1319149],[105.4712033,21.1338612],[105.4603016,21.1378764],[105.4589243,21.1389849],[105.459062,21.1414017],[105.4570304,21.1440182],[105.4565897,21.1435156],[105.4564864,21.1421364],[105.4559423,21.1412019],[105.4557289,21.1436122],[105.4548336,21.1446305]]]}},{"type":"Feature","properties":{"name":"X\u00e3 Ba V\u00ec","kind":"xa","osm_id":19514782},"geometry":{"type":"Polygon","coordinates":[[[105.2949262,21.045843],[105.2941628,21.0534178],[105.29449,21.055989],[105.2954074,21.0584079],[105.2995788,21.0667194],[105.3014133,21.0711532],[105.3123622,21.0857824],[105.3150558,21.0899375],[105.3168032,21.0935251],[105.3182346,21.0974808],[105.3190758,21.101702],[105.3202733,21.1091748],[105.3202411,21.1107995],[105.3224782,21.11066],[105.3237798,21.1110531],[105.3254739,21.1136761],[105.3260937,21.1139855],[105.334158,21.1122583],[105.3382143,21.1126772],[105.3423119,21.1100348],[105.3436134,21.1096804],[105.3427664,21.1084752],[105.3443779,21.1066513],[105.3442126,21.1055041],[105.3454315,21.102662],[105.3465403,21.1013021],[105.3496393,21.1003354],[105.3508996,21.0991109],[105.35373,21.0983891],[105.355369,21.0970486],[105.3589639,21.1008446],[105.3595975,21.1026491],[105.3604927,21.1034483],[105.3607682,21.1048468],[105.3615189,21.1057555],[105.3611814,21.1067029],[105.36145,21.1072056],[105.3625037,21.1074569],[105.3642116,21.1090746],[105.3652239,21.1084881],[105.3664842,21.1087201],[105.3663533,21.1090681],[105.3674827,21.1100542],[105.3676618,21.111124],[105.367951,21.1107051],[105.367772,21.1100606],[105.3691631,21.1098093],[105.370568,21.1103764],[105.3704165,21.1107953],[105.3730265,21.1114978],[105.3730816,21.1109242],[105.3715046,21.1072378],[105.3726684,21.1061035],[105.3759465,21.1041701],[105.3750374,21.1022753],[105.3752854,21.1010572],[105.374397,21.0986211],[105.3736394,21.0978284],[105.3711878,21.0967843],[105.3706162,21.0945609],[105.3713117,21.0935233],[105.3724067,21.0941162],[105.3731849,21.0939615],[105.3747689,21.0958241],[105.3762702,21.0964943],[105.3770139,21.0974868],[105.3791557,21.0962301],[105.3797893,21.0946189],[105.3794174,21.0932204],[105.3785359,21.0919894],[105.3776337,21.0914223],[105.3771792,21.0879421],[105.3757054,21.0855962],[105.3764217,21.0849001],[105.3786874,21.0846488],[105.3798581,21.0836498],[105.3809944,21.083392],[105.3816005,21.0824704],[105.376642,21.0351656],[105.3782053,21.0347918],[105.3788182,21.03407],[105.3796446,21.0313761],[105.3807672,21.029984],[105.3825164,21.0294169],[105.3842036,21.0283921],[105.385216,21.0271225],[105.3862352,21.0250022],[105.3875139,21.0244072],[105.3872383,21.0241746],[105.3800347,21.0197719],[105.376584,21.0155019],[105.3742523,21.013613],[105.3709133,21.0129672],[105.3687419,21.0131704],[105.3680566,21.0127621],[105.3651435,21.0122716],[105.3631801,21.0110128],[105.357395,21.0084534],[105.3534631,21.0074013],[105.3522217,21.0080673],[105.3504635,21.0097902],[105.3493293,21.0127063],[105.3478825,21.0142451],[105.3460762,21.0130054],[105.3449023,21.0132709],[105.3427104,21.012726],[105.3388574,21.0134639],[105.3384258,21.0120406],[105.3359057,21.0113823],[105.3336391,21.0101933],[105.3337472,21.0097571],[105.3352155,21.0093826],[105.3341246,21.0086552],[105.332447,21.00831],[105.3322384,21.0086056],[105.3312829,21.0083643],[105.3309375,21.0087126],[105.3307512,21.0081606],[105.3302051,21.0083338],[105.3295025,21.0079841],[105.3287244,21.0085998],[105.3282694,21.00856],[105.3278461,21.0091114],[105.3272781,21.0088203],[105.3268131,21.0090791],[105.3264897,21.0087076],[105.3264154,21.0094567],[105.325539,21.0097149],[105.3260789,21.009961],[105.3259118,21.0102268],[105.3252561,21.0102615],[105.3250038,21.0099715],[105.3253569,21.011124],[105.326278,21.011037],[105.327168,21.0121625],[105.3267385,21.0131189],[105.3277372,21.0138193],[105.3268939,21.014578],[105.326699,21.0163527],[105.3269936,21.0167726],[105.3279185,21.0170535],[105.3286946,21.0165154],[105.328817,21.0174382],[105.3300103,21.0182976],[105.3305898,21.0196455],[105.3301832,21.019951],[105.3301698,21.0205304],[105.3303405,21.0207671],[105.3307322,21.020631],[105.3311601,21.0211343],[105.3313179,21.0228905],[105.3302624,21.0229822],[105.3297595,21.0235089],[105.3291142,21.0236169],[105.3288614,21.0240712],[105.3283807,21.0237202],[105.3273996,21.0237305],[105.3265574,21.021511],[105.325631,21.0211739],[105.3242853,21.0215984],[105.323806,21.020286],[105.3231561,21.0201284],[105.3230969,21.0206846],[105.3217358,21.0202024],[105.3203682,21.0202668],[105.3202211,21.0200773],[105.3220232,21.0196591],[105.322138,21.0190863],[105.3205304,21.0183477],[105.3207471,21.0175204],[105.3203582,21.0176696],[105.3201731,21.0182907],[105.3198139,21.0181991],[105.3164205,21.0138547],[105.3142517,21.0161265],[105.3062455,21.0206774],[105.3048259,21.0220667],[105.3042408,21.0246647],[105.3023715,21.0287377],[105.2974779,21.0356943],[105.2959834,21.039958],[105.2955922,21.0433206],[105.2949262,21.045843]]]}},{"type":"Feature","properties":{"name":"X\u00e3 Su\u1ed1i Hai","kind":"xa","osm_id":19514783},"geometry":{"type":"Polygon","coordinates":[[[105.3297505,21.1132895],[105.3310039,21.1169114],[105.3308111,21.1179362],[105.3301224,21.1181939],[105.3308111,21.1193411],[105.3308593,21.1201596],[105.3305356,21.120817],[105.3271818,21.1228149],[105.3260111,21.124497],[105.3220305,21.1265271],[105.3215072,21.1274229],[105.3214796,21.1283058],[105.319696,21.1314058],[105.3200059,21.1326496],[105.3186698,21.133481],[105.3183186,21.1343639],[105.3198199,21.1355627],[105.3198888,21.1361556],[105.3208116,21.1367614],[105.3224093,21.1371416],[105.3197166,21.1391138],[105.3199232,21.1399838],[105.3187662,21.1422459],[105.322306,21.143232],[105.3239932,21.1450687],[105.324923,21.1445209],[105.3258802,21.1448367],[105.3260524,21.1453781],[105.3266997,21.144695],[105.3271956,21.145739],[105.3292753,21.1454683],[105.3294406,21.1460612],[105.3289104,21.1470022],[105.332092,21.1499281],[105.332395,21.1486005],[105.336892,21.1462868],[105.3360932,21.1440763],[105.3380352,21.1419108],[105.3389925,21.1422008],[105.339509,21.1427486],[105.3412789,21.1414919],[105.3458792,21.145681],[105.3463199,21.1452814],[105.3473391,21.1428002],[105.3494396,21.1409441],[105.3517329,21.1416208],[105.3539366,21.1407894],[105.3560095,21.1392813],[105.3561748,21.1380375],[105.3565191,21.1376895],[105.3579171,21.1374639],[105.3602448,21.1381857],[105.3611401,21.1381277],[105.3618219,21.1376186],[105.3635367,21.1379215],[105.3634196,21.1399],[105.3662087,21.1409054],[105.3678133,21.1467508],[105.3705473,21.1503084],[105.3707126,21.1582161],[105.3765732,21.1665621],[105.3801749,21.165879],[105.3829365,21.164358],[105.386614,21.1578552],[105.387709,21.1569787],[105.3915586,21.1557929],[105.3916068,21.155258],[105.3924401,21.1545748],[105.3941618,21.15491],[105.3943133,21.1538401],[105.3955598,21.1532021],[105.3984178,21.1500184],[105.4000706,21.1466477],[105.4015788,21.1446434],[105.4031352,21.1434189],[105.4049601,21.1432191],[105.4052287,21.1457068],[105.4063719,21.1456101],[105.4068884,21.1429226],[105.4078732,21.141943],[105.4084448,21.1408216],[105.4090577,21.1383275],[105.4110342,21.1371545],[105.4135203,21.1363425],[105.4153728,21.1345895],[105.4188644,21.1346217],[105.4196357,21.1349762],[105.4198836,21.134061],[105.4195117,21.1338419],[105.4194429,21.1332232],[105.4202417,21.1324369],[105.4218876,21.1323725],[105.4224937,21.1309289],[105.4241189,21.1309031],[105.424904,21.1277258],[105.4244219,21.1266366],[105.4245252,21.1250899],[105.4259714,21.125773],[105.4274452,21.1251221],[105.4261712,21.1241296],[105.4265706,21.1229695],[105.4259577,21.1227891],[105.4260472,21.1220157],[105.425269,21.1221317],[105.4253172,21.1219255],[105.4267083,21.121281],[105.4268943,21.1215001],[105.428189,21.1207139],[105.4310745,21.1200694],[105.4306613,21.1188707],[105.42989,21.1181037],[105.4284231,21.1178588],[105.429222,21.117369],[105.4296214,21.1159769],[105.4293735,21.1120069],[105.429642,21.1099704],[105.4307852,21.1095773],[105.4302481,21.1090681],[105.430193,21.1066191],[105.4237746,21.1054332],[105.4236851,21.1047372],[105.4263295,21.1055041],[105.4262125,21.1044343],[105.4255514,21.1040412],[105.4229964,21.1044343],[105.4189264,21.1013988],[105.4138302,21.1018951],[105.4122118,21.10243],[105.4046778,21.0977768],[105.4053458,21.0963139],[105.4049119,21.0954954],[105.403142,21.0963396],[105.4023156,21.096301],[105.4023776,21.0955405],[105.4018129,21.0945802],[105.4013997,21.0942838],[105.3995265,21.0941355],[105.398893,21.0924599],[105.3983833,21.0921312],[105.396765,21.0921634],[105.3957733,21.0927886],[105.3951879,21.0921505],[105.3938519,21.0916801],[105.3917721,21.0917445],[105.3913796,21.0908036],[105.3915655,21.089521],[105.3911316,21.0888766],[105.3904361,21.0887026],[105.3903328,21.0879292],[105.389651,21.0881032],[105.3891827,21.0875554],[105.3854914,21.0858217],[105.3845617,21.0845263],[105.3854777,21.084739],[105.3848165,21.0841912],[105.3828676,21.0842943],[105.3836802,21.0833856],[105.3816211,21.0839785],[105.382296,21.0831794],[105.3819723,21.082348],[105.3812837,21.0827411],[105.3809944,21.083392],[105.3798581,21.0836498],[105.3786874,21.0846488],[105.3764217,21.0849001],[105.3757054,21.0855962],[105.3771792,21.0879421],[105.3776337,21.0914223],[105.3785359,21.0919894],[105.3794174,21.0932204],[105.3797893,21.0946189],[105.3791557,21.0962301],[105.3770139,21.0974868],[105.3762702,21.0964943],[105.3747689,21.0958241],[105.3731849,21.0939615],[105.3724067,21.0941162],[105.3713117,21.0935233],[105.3706162,21.0945609],[105.3711878,21.0967843],[105.3736394,21.0978284],[105.374397,21.0986211],[105.3752854,21.1010572],[105.3750374,21.1022753],[105.3759465,21.1041701],[105.3726684,21.1061035],[105.3715046,21.1072378],[105.3730816,21.1109242],[105.3730265,21.1114978],[105.3704165,21.1107953],[105.370568,21.1103764],[105.3691631,21.1098093],[105.367772,21.1100606],[105.367951,21.1107051],[105.3676618,21.111124],[105.3674827,21.1100542],[105.3663533,21.1090681],[105.3664842,21.1087201],[105.3652239,21.1084881],[105.3642116,21.1090746],[105.3625037,21.1074569],[105.36145,21.1072056],[105.3611814,21.1067029],[105.3615189,21.1057555],[105.3607682,21.1048468],[105.3604927,21.1034483],[105.3595975,21.1026491],[105.3589639,21.1008446],[105.355369,21.0970486],[105.35373,21.0983891],[105.3508996,21.0991109],[105.3496393,21.1003354],[105.3465403,21.1013021],[105.3459343,21.1018757],[105.3442126,21.1055041],[105.3443779,21.1066513],[105.3427664,21.1084752],[105.3436134,21.1096804],[105.3423119,21.1100348],[105.3382143,21.1126772],[105.334158,21.1122583],[105.3297505,21.1132895]]]}},{"type":"Feature","properties":{"name":"X\u00e3 B\u1ea5t B\u1ea1t","kind":"xa","osm_id":19514784},"geometry":{"type":"Polygon","coordinates":[[[105.2905331,21.1645247],[105.2922364,21.1698565],[105.2932485,21.1719729],[105.2959469,21.1752606],[105.3032963,21.1897521],[105.3036905,21.1915845],[105.3122152,21.1960522],[105.3247809,21.2032259],[105.3291914,21.2041128],[105.3356159,21.2013573],[105.3374719,21.2012472],[105.3390169,21.2017574],[105.3417688,21.2037179],[105.3440377,21.2082164],[105.3504864,21.2071773],[105.3508032,21.2069388],[105.3517742,21.2035424],[105.3533168,21.2012223],[105.356285,21.1996368],[105.3581444,21.1997077],[105.36917,21.1986057],[105.3688463,21.1915486],[105.369652,21.1904659],[105.3736326,21.1869793],[105.3738323,21.1864508],[105.3726546,21.182803],[105.3733433,21.1740639],[105.3741628,21.1729618],[105.374094,21.1721369],[105.3747,21.171196],[105.3748308,21.1700552],[105.3765732,21.1665621],[105.3707126,21.1582161],[105.3705473,21.1503084],[105.3678133,21.1467508],[105.3662087,21.1409054],[105.3634196,21.1399],[105.3635367,21.1379215],[105.3618219,21.1376186],[105.3611401,21.1381277],[105.3602448,21.1381857],[105.3579171,21.1374639],[105.3565191,21.1376895],[105.3561748,21.1380375],[105.3560095,21.1392813],[105.3539366,21.1407894],[105.3517329,21.1416208],[105.3494396,21.1409441],[105.3473391,21.1428002],[105.3463199,21.1452814],[105.3458792,21.145681],[105.3412789,21.1414919],[105.339509,21.1427486],[105.3389925,21.1422008],[105.3380352,21.1419108],[105.3360932,21.1440763],[105.336892,21.1462868],[105.332395,21.1486005],[105.332092,21.1499281],[105.3289104,21.1470022],[105.3294406,21.1460612],[105.3292753,21.1454683],[105.3271956,21.145739],[105.3266997,21.144695],[105.3260524,21.1453781],[105.3258802,21.1448367],[105.324923,21.1445209],[105.3239932,21.1450687],[105.322306,21.143232],[105.3187662,21.1422459],[105.3199232,21.1399838],[105.3197166,21.1391138],[105.3224093,21.1371416],[105.3208116,21.1367614],[105.3198888,21.1361556],[105.3198199,21.1355627],[105.3183186,21.1343639],[105.3186698,21.133481],[105.3200059,21.1326496],[105.319696,21.1314058],[105.3214796,21.1283058],[105.3215072,21.1274229],[105.3220305,21.1265271],[105.3260111,21.124497],[105.3271818,21.1228149],[105.3305356,21.120817],[105.3308593,21.1201596],[105.3308111,21.1193411],[105.3301224,21.1181939],[105.3308111,21.1179362],[105.3310039,21.1169114],[105.3297505,21.1132895],[105.3260937,21.1139855],[105.3254739,21.1136761],[105.3242274,21.1113947],[105.3224782,21.11066],[105.3202411,21.1107995],[105.31988,21.1136129],[105.3137003,21.1236069],[105.3112141,21.1290575],[105.308515,21.1331797],[105.3040393,21.137726],[105.2978297,21.1448353],[105.2927702,21.151339],[105.2889615,21.1570007],[105.2905331,21.1645247]]]}},{"type":"Feature","properties":{"name":"X\u00e3 Qu\u1ea3ng Oai","kind":"xa","osm_id":19514785},"geometry":{"type":"Polygon","coordinates":[[[105.3744865,21.1715182],[105.3756159,21.1739672],[105.3763528,21.1745279],[105.3773789,21.174457],[105.379073,21.1732261],[105.3802782,21.173471],[105.3809875,21.1740317],[105.3816211,21.1753593],[105.3830742,21.1758813],[105.3829778,21.1769447],[105.3832602,21.1772798],[105.3911523,21.177673],[105.3918616,21.1789362],[105.3915862,21.1797804],[105.3909182,21.1804249],[105.3919443,21.1804571],[105.3919512,21.1820103],[105.3923368,21.1820812],[105.3924195,21.1814754],[105.3927638,21.1815012],[105.3930668,21.1807407],[105.3936866,21.1807085],[105.3937073,21.1802896],[105.3943822,21.180296],[105.3944166,21.1799287],[105.3957388,21.1799351],[105.3969234,21.1817461],[105.400043,21.1827579],[105.4013859,21.1825581],[105.4043885,21.1842016],[105.4040924,21.1849943],[105.4030663,21.1850394],[105.4036723,21.1866892],[105.404175,21.1867795],[105.4052425,21.1879138],[105.4063512,21.18783],[105.4088305,21.1899568],[105.410986,21.1911748],[105.4106141,21.1914133],[105.4092437,21.194655],[105.4095467,21.1954671],[105.4089269,21.1950868],[105.4084586,21.1956733],[105.4120879,21.1989215],[105.4145464,21.2017572],[105.4145946,21.2023501],[105.4136649,21.2042255],[105.4158824,21.2069388],[105.4173906,21.2054372],[105.4190916,21.2067455],[105.4191674,21.2105028],[105.4188988,21.2123524],[105.41998,21.2145179],[105.4186647,21.2149819],[105.418279,21.2164835],[105.4186991,21.2176178],[105.4198629,21.2187263],[105.4207582,21.2165287],[105.4233063,21.2160582],[105.4295043,21.2138927],[105.4311916,21.214273],[105.4388633,21.2175856],[105.4387049,21.2132676],[105.4390286,21.2097423],[105.4397999,21.2081311],[105.4525885,21.1948484],[105.4549231,21.1934563],[105.4611556,21.1858192],[105.46526,21.1826677],[105.4693818,21.1789103],[105.4695613,21.1766479],[105.4698751,21.1761782],[105.4752382,21.1718775],[105.4698328,21.1689467],[105.4691304,21.1678511],[105.4688205,21.1683345],[105.4677599,21.1684569],[105.4673536,21.1670004],[105.4665754,21.1660659],[105.4671608,21.1657372],[105.4671539,21.1654536],[105.4667751,21.1655052],[105.4671883,21.1634493],[105.4659556,21.1630175],[105.4657903,21.1619412],[105.4654047,21.162489],[105.4649846,21.1621668],[105.4661209,21.1609423],[105.4652256,21.1603365],[105.464048,21.1601302],[105.4628428,21.1587317],[105.4639653,21.1575394],[105.4638689,21.156953],[105.4641719,21.1568756],[105.4637312,21.1558316],[105.4619682,21.1562891],[105.4615963,21.1544459],[105.4612864,21.1542784],[105.4613484,21.1535308],[105.4603636,21.153505],[105.4614448,21.1523385],[105.4606391,21.1508304],[105.4608388,21.1500635],[105.4604876,21.1497348],[105.4602603,21.1499732],[105.4593581,21.1498637],[105.4589036,21.149187],[105.4584973,21.1492192],[105.457602,21.148188],[105.4580497,21.147608],[105.4575332,21.146377],[105.4559492,21.1458872],[105.4560525,21.1452879],[105.4555223,21.1452041],[105.4537179,21.146435],[105.4524164,21.1465768],[105.4513076,21.1478336],[105.4505432,21.1474275],[105.4509082,21.1468282],[105.4535664,21.145333],[105.4523819,21.1449076],[105.4521065,21.1442632],[105.4524714,21.1437798],[105.4522373,21.1435607],[105.4517139,21.1438958],[105.4512387,21.1437862],[105.4508118,21.1430773],[105.4511974,21.1426842],[105.4507429,21.1426971],[105.4482981,21.1440247],[105.4493655,21.1453394],[105.4492209,21.1467444],[105.4457156,21.1462868],[105.4452473,21.1481429],[105.443746,21.1477562],[105.4426786,21.1483234],[105.4405988,21.1478078],[105.4399583,21.1492385],[105.4382504,21.1485103],[105.4373138,21.1500699],[105.4355371,21.1512235],[105.4304685,21.1519131],[105.4296834,21.1513331],[105.4296903,21.1509077],[105.4289603,21.1499668],[105.4277964,21.1495737],[105.4270802,21.148362],[105.4266808,21.1481945],[105.4265568,21.1484909],[105.4252828,21.1474211],[105.42436,21.1475564],[105.4226796,21.1462868],[105.421378,21.1446241],[105.4215226,21.1440311],[105.421137,21.1443856],[105.4202693,21.1433544],[105.4208546,21.1425359],[105.4206825,21.1416723],[105.420407,21.1414339],[105.4195117,21.1417239],[105.4188093,21.1404478],[105.4191467,21.1402545],[105.418947,21.1391589],[105.4180311,21.1393264],[105.4171289,21.1388302],[105.4168259,21.1394231],[105.41299,21.136639],[105.4110342,21.1371545],[105.4090577,21.1383275],[105.4084448,21.1408216],[105.4078732,21.141943],[105.4068884,21.1429226],[105.4063719,21.1456101],[105.4052287,21.1457068],[105.4049601,21.1432191],[105.4031352,21.1434189],[105.4015788,21.1446434],[105.4000706,21.1466477],[105.3984178,21.1500184],[105.3955598,21.1532021],[105.3943133,21.1538401],[105.3941618,21.15491],[105.3924401,21.1545748],[105.3916068,21.155258],[105.3915586,21.1557929],[105.387709,21.1569787],[105.386614,21.1578552],[105.3829365,21.164358],[105.3801749,21.165879],[105.3765732,21.1665621],[105.3748308,21.1700552],[105.3744865,21.1715182]]]}},{"type":"Feature","properties":{"name":"X\u00e3 Minh Ch\u00e2u","kind":"xa","osm_id":19514786},"geometry":{"type":"Polygon","coordinates":[[[105.4388633,21.2175856],[105.4385534,21.2242109],[105.444841,21.2342325],[105.4513468,21.2375536],[105.4536154,21.2341854],[105.4564893,21.2282016],[105.4593901,21.2233799],[105.4610781,21.21888],[105.4623195,21.2145953],[105.4632375,21.2086839],[105.4612532,21.2081406],[105.4624713,21.2060325],[105.4639109,21.2063089],[105.4644572,21.2033913],[105.4630307,21.2031028],[105.4638956,21.2012593],[105.4647003,21.2006506],[105.466331,21.2009119],[105.4668973,21.1863902],[105.4691242,21.1836487],[105.4698484,21.1818564],[105.4699563,21.1804871],[105.4693818,21.1789103],[105.46526,21.1826677],[105.4611556,21.1858192],[105.4549231,21.1934563],[105.4525885,21.1948484],[105.4397999,21.2081311],[105.4390286,21.2097423],[105.4387049,21.2132676],[105.4388633,21.2175856]]]}},{"type":"Feature","properties":{"name":"X\u00e3 V\u1eadt L\u1ea1i","kind":"xa","osm_id":19514787},"geometry":{"type":"Polygon","coordinates":[[[105.3440377,21.2082164],[105.339315,21.2100551],[105.3464557,21.2244267],[105.3481789,21.2253751],[105.3486331,21.2263937],[105.3498371,21.230034],[105.3531527,21.2451188],[105.3562919,21.2452402],[105.3570769,21.2446795],[105.3582683,21.2447182],[105.3596112,21.2441188],[105.3608853,21.2439577],[105.362056,21.2452724],[105.3625243,21.2443315],[105.3630339,21.2448278],[105.3643149,21.2444282],[105.3665668,21.244744],[105.366739,21.2452016],[105.3670833,21.2452402],[105.3678202,21.2443573],[105.3678615,21.2437901],[105.3690736,21.2437773],[105.3691355,21.2442671],[105.3697416,21.2443444],[105.3707264,21.2460523],[105.3844584,21.2367524],[105.3879087,21.2401424],[105.3912074,21.24031],[105.3952912,21.2377836],[105.4024327,21.2413862],[105.4041544,21.2405549],[105.4046778,21.2412509],[105.4050772,21.2409222],[105.4060689,21.241238],[105.4069366,21.2410253],[105.4073636,21.2414442],[105.4074531,21.2406902],[105.4119019,21.2406322],[105.4118399,21.2401939],[105.4150078,21.2383636],[105.4194635,21.2404646],[105.4247318,21.2423078],[105.4246561,21.2426945],[105.4253723,21.2431392],[105.4262951,21.2432488],[105.4263709,21.2425527],[105.429463,21.2435646],[105.4293528,21.2437773],[105.4316048,21.2468385],[105.4325276,21.2504283],[105.4332507,21.2503767],[105.4335881,21.2512983],[105.4346142,21.2510728],[105.4350068,21.2523037],[105.4373414,21.2514401],[105.4447492,21.2512919],[105.445567,21.2470016],[105.4468477,21.2433124],[105.4502701,21.2395016],[105.4513468,21.2375536],[105.444841,21.2342325],[105.4385534,21.2242109],[105.4388633,21.2175856],[105.4311916,21.214273],[105.4295043,21.2138927],[105.4233063,21.2160582],[105.4207582,21.2165287],[105.4198629,21.2187263],[105.4186991,21.2176178],[105.4183065,21.2158004],[105.4186647,21.2149819],[105.41998,21.2145179],[105.4188988,21.2123524],[105.4191674,21.2105028],[105.4190916,21.2067455],[105.4173906,21.2054372],[105.4158824,21.2069388],[105.4136649,21.2042255],[105.4145946,21.2023501],[105.4145464,21.2017572],[105.4120879,21.1989215],[105.4084586,21.1956733],[105.4089269,21.1950868],[105.4095467,21.1954671],[105.4092437,21.194655],[105.4106141,21.1914133],[105.410986,21.1911748],[105.4088305,21.1899568],[105.4063512,21.18783],[105.4052425,21.1879138],[105.404175,21.1867795],[105.4036723,21.1866892],[105.4030663,21.1850394],[105.4040924,21.1849943],[105.4043885,21.1842016],[105.4013859,21.1825581],[105.400043,21.1827579],[105.3969234,21.1817461],[105.3957388,21.1799351],[105.3944166,21.1799287],[105.3943822,21.180296],[105.3937073,21.1802896],[105.3936866,21.1807085],[105.3930668,21.1807407],[105.3927638,21.1815012],[105.3924195,21.1814754],[105.3923368,21.1820812],[105.3919512,21.1820103],[105.3919443,21.1804571],[105.3909182,21.1804249],[105.3915862,21.1797804],[105.3918616,21.1789362],[105.3911523,21.177673],[105.3832602,21.1772798],[105.3829778,21.1769447],[105.3830742,21.1758813],[105.3816211,21.1753593],[105.3809875,21.1740317],[105.3802782,21.173471],[105.379073,21.1732261],[105.3773789,21.174457],[105.3763528,21.1745279],[105.3756159,21.1739672],[105.3744865,21.1715182],[105.374094,21.1721369],[105.3741628,21.1729618],[105.3733433,21.1740639],[105.3727166,21.1807085],[105.3726546,21.182803],[105.3738323,21.1864508],[105.3736326,21.1869793],[105.369652,21.1904659],[105.3688463,21.1915486],[105.36917,21.1986057],[105.3581444,21.1997077],[105.356285,21.1996368],[105.3533168,21.2012223],[105.3517742,21.2035424],[105.3508032,21.2069388],[105.3504864,21.2071773],[105.3440377,21.2082164]]]}},{"type":"Feature","properties":{"name":"X\u00e3 C\u1ed5 \u0110\u00f4","kind":"xa","osm_id":19514788},"geometry":{"type":"Polygon","coordinates":[[[105.3531527,21.2451188],[105.3539287,21.2481823],[105.3543555,21.2555082],[105.3562619,21.2607843],[105.3562961,21.2785341],[105.3605148,21.2823372],[105.3620018,21.2847086],[105.3648481,21.2868911],[105.3686708,21.2891617],[105.3763641,21.293018],[105.3771467,21.2938334],[105.3771714,21.2951936],[105.3775291,21.2956744],[105.3828133,21.2961757],[105.3881739,21.3016703],[105.3895351,21.3021833],[105.3933598,21.3024856],[105.3946561,21.3034131],[105.3950882,21.3043087],[105.395805,21.3045067],[105.3967678,21.3043122],[105.4060857,21.2996708],[105.4066001,21.2988004],[105.4116546,21.295162],[105.4140927,21.2930874],[105.4202505,21.285276],[105.4211444,21.2847771],[105.4261718,21.2791347],[105.4326187,21.2741139],[105.4439745,21.2700524],[105.4431678,21.2663221],[105.4447492,21.2512919],[105.4373414,21.2514401],[105.4350068,21.2523037],[105.4346142,21.2510728],[105.4335881,21.2512983],[105.4332507,21.2503767],[105.4325276,21.2504283],[105.4316048,21.2468385],[105.4293528,21.2437773],[105.429463,21.2435646],[105.4263709,21.2425527],[105.4262951,21.2432488],[105.4253723,21.2431392],[105.4246561,21.2426945],[105.4247318,21.2423078],[105.4194635,21.2404646],[105.4150078,21.2383636],[105.4118399,21.2401939],[105.4119019,21.2406322],[105.4074531,21.2406902],[105.4073636,21.2414442],[105.4069366,21.2410253],[105.4060689,21.241238],[105.4050772,21.2409222],[105.4046778,21.2412509],[105.4041544,21.2405549],[105.4024327,21.2413862],[105.3952912,21.2377836],[105.3912074,21.24031],[105.3879087,21.2401424],[105.3844584,21.2367524],[105.3707264,21.2460523],[105.3697416,21.2443444],[105.3691355,21.2442671],[105.3690736,21.2437773],[105.3678615,21.2437901],[105.3678202,21.2443573],[105.3670833,21.2452402],[105.366739,21.2452016],[105.3665668,21.244744],[105.3643149,21.2444282],[105.3630339,21.2448278],[105.3625243,21.2443315],[105.362056,21.2452724],[105.3608853,21.2439577],[105.3596112,21.2441188],[105.3582683,21.2447182],[105.3570769,21.2446795],[105.3562919,21.2452402],[105.3531527,21.2451188]]]}},{"type":"Feature","properties":{"name":"X\u00e3 H\u01b0\u01a1ng S\u01a1n","kind":"xa","osm_id":19514789},"geometry":{"type":"Polygon","coordinates":[[[105.7273474,20.6053554],[105.7256942,20.605723],[105.7216999,20.6082623],[105.721273,20.6091968],[105.7200609,20.6092097],[105.7171685,20.610402],[105.719627,20.6139079],[105.7219616,20.6188124],[105.7228638,20.6221831],[105.7230428,20.6244452],[105.7223404,20.6266622],[105.7243238,20.6288728],[105.7253292,20.6295237],[105.725467,20.63089],[105.7230979,20.634209],[105.7224781,20.6361812],[105.7227329,20.6373992],[105.7237935,20.6385464],[105.7235593,20.6393391],[105.7214245,20.6408794],[105.7209286,20.6439214],[105.7190072,20.6463639],[105.7173062,20.6503726],[105.7172442,20.6509977],[105.7178709,20.6516744],[105.7178503,20.6528474],[105.7168792,20.6530085],[105.7168655,20.6533436],[105.7154193,20.653131],[105.7150061,20.6534016],[105.7150198,20.6541299],[105.7156259,20.6564823],[105.7164316,20.6577648],[105.7165693,20.6591182],[105.7192276,20.6601429],[105.7196752,20.6593373],[105.7208735,20.6599367],[105.7245923,20.6626177],[105.7243857,20.6628433],[105.7258044,20.6639389],[105.7239725,20.6671677],[105.7242962,20.6673095],[105.7228087,20.6706866],[105.7294337,20.6749853],[105.7402527,20.6663364],[105.7411686,20.6677349],[105.7417815,20.6672644],[105.7422636,20.6680571],[105.7425735,20.6677349],[105.7438475,20.6692236],[105.7446257,20.6688434],[105.743882,20.6675931],[105.7445638,20.6671484],[105.7437856,20.6664781],[105.7465884,20.6638229],[105.7482413,20.6619926],[105.7480278,20.6617992],[105.7501764,20.6595887],[105.7473322,20.6571332],[105.7488404,20.6554189],[105.7463336,20.6529956],[105.748806,20.6522674],[105.750569,20.6544328],[105.7514642,20.6535628],[105.7510235,20.6530021],[105.752332,20.6513135],[105.7522631,20.649857],[105.7506309,20.648394],[105.7524559,20.6467957],[105.7522562,20.6466024],[105.7527314,20.6460675],[105.7522906,20.6456486],[105.7539021,20.6435476],[105.7572697,20.6471889],[105.7559612,20.6494574],[105.7572559,20.6508044],[105.7622419,20.6502695],[105.7624072,20.6524865],[105.7649553,20.6523963],[105.7650172,20.6532985],[105.7666287,20.6519773],[105.7668835,20.6514231],[105.7668284,20.6528281],[105.7665668,20.6528667],[105.7666701,20.6543233],[105.7692732,20.6536788],[105.769528,20.6554704],[105.7709054,20.6552642],[105.7710293,20.6593502],[105.7733433,20.6598207],[105.7728681,20.6601107],[105.776855,20.663615],[105.7788648,20.6623118],[105.7839555,20.6577237],[105.7894942,20.6495676],[105.7918645,20.6470372],[105.7947269,20.6451364],[105.8003793,20.6430743],[105.8017866,20.6420909],[105.8031008,20.6398872],[105.8036799,20.6366421],[105.8032953,20.6348083],[105.8022376,20.6331503],[105.7985544,20.6300532],[105.7957169,20.6282953],[105.7921966,20.6274807],[105.7848426,20.6274622],[105.7808249,20.6270254],[105.7790447,20.6264751],[105.777661,20.62561],[105.7769962,20.6246323],[105.7771944,20.6237735],[105.7805365,20.6221269],[105.784274,20.6184144],[105.7916177,20.6157021],[105.7934515,20.6145932],[105.7957648,20.6126013],[105.7975285,20.6119704],[105.8011683,20.6120497],[105.803151,20.6127514],[105.8038418,20.6132939],[105.8042709,20.6148731],[105.8050561,20.6159753],[105.8083598,20.618116],[105.8116075,20.618949],[105.8126518,20.6185362],[105.8129246,20.617818],[105.8127612,20.6168464],[105.8117859,20.6155883],[105.8076394,20.6128185],[105.8061238,20.6113776],[105.8058185,20.6106889],[105.8057228,20.608863],[105.8067877,20.6070943],[105.8087102,20.6054887],[105.8116282,20.6044403],[105.8083496,20.6023058],[105.8069296,20.6005813],[105.8085201,20.5990387],[105.8077641,20.5973129],[105.8068795,20.5976474],[105.8063071,20.5992298],[105.8054223,20.5994603],[105.8012826,20.59322],[105.8007521,20.5878673],[105.8017608,20.5855958],[105.801728,20.5845543],[105.8015113,20.5838602],[105.7994275,20.58163],[105.7968301,20.5728267],[105.7965875,20.5703385],[105.7960224,20.5686839],[105.7946422,20.567375],[105.7902461,20.5665193],[105.7856613,20.5665559],[105.7836954,20.5660057],[105.7821504,20.5648546],[105.7816581,20.5648843],[105.7796983,20.5661965],[105.7771343,20.5645154],[105.7687658,20.5650784],[105.7679117,20.569362],[105.7671266,20.5716033],[105.7659493,20.5733578],[105.7648151,20.5758768],[105.7563976,20.5842512],[105.7549076,20.5853386],[105.754124,20.5865114],[105.7538181,20.5876403],[105.7523441,20.5895231],[105.7493462,20.5907788],[105.747508,20.5921948],[105.7443228,20.5979295],[105.7416502,20.5995783],[105.7396479,20.5984527],[105.7355042,20.5986907],[105.7328788,20.5996192],[105.730975,20.6007729],[105.7279305,20.6041973],[105.7273474,20.6053554]]]}},{"type":"Feature","properties":{"name":"X\u00e3 M\u1ef9 \u0110\u1ee9c","kind":"xa","osm_id":19514790},"geometry":{"type":"Polygon","coordinates":[[[105.6661899,20.6169932],[105.6653945,20.6213332],[105.6668116,20.6226336],[105.666751,20.6235303],[105.6635553,20.6281329],[105.6656995,20.6301801],[105.6664919,20.6295263],[105.6686039,20.6292274],[105.670208,20.6321304],[105.6710863,20.6322227],[105.6721352,20.6319176],[105.6732511,20.6291938],[105.6744228,20.6290559],[105.6770066,20.6298264],[105.6780822,20.6283789],[105.6783591,20.6284076],[105.6811927,20.6301113],[105.6847663,20.6330004],[105.6835685,20.6351134],[105.6865574,20.6379162],[105.6843738,20.639307],[105.6820941,20.6402436],[105.6803536,20.6424071],[105.6785904,20.6466674],[105.6809072,20.6524089],[105.6806554,20.653039],[105.6793743,20.6542101],[105.6803307,20.6560316],[105.6789916,20.6581974],[105.6783355,20.6605474],[105.6798139,20.6614719],[105.6800295,20.6625663],[105.6778121,20.6667581],[105.6769146,20.6714981],[105.6764388,20.6715965],[105.676294,20.6676816],[105.6770825,20.6676214],[105.6775385,20.6656739],[105.6769967,20.6654179],[105.6770886,20.664331],[105.6752717,20.6636473],[105.6745644,20.6649636],[105.6737438,20.664937],[105.6721945,20.6678755],[105.6735527,20.6703217],[105.671981,20.6714911],[105.6711341,20.673818],[105.6703019,20.6745577],[105.6698895,20.6754653],[105.67131,20.6761518],[105.6733278,20.6760293],[105.6731349,20.6750111],[105.6748153,20.674721],[105.6742085,20.6717035],[105.6771066,20.6716675],[105.6803729,20.667664],[105.6817571,20.6673804],[105.6837818,20.6681989],[105.6866949,20.6671291],[105.6868739,20.6675609],[105.6907029,20.666375],[105.6932097,20.672504],[105.6999173,20.6715115],[105.6989256,20.6747984],[105.7000344,20.6739734],[105.7030508,20.6744246],[105.7024103,20.6781754],[105.709841,20.6809532],[105.7087392,20.6827899],[105.7100545,20.6833506],[105.7107983,20.6821261],[105.7114181,20.6824161],[105.7117142,20.6819585],[105.7174715,20.6852712],[105.71951,20.6825708],[105.7210388,20.6836406],[105.7191312,20.686109],[105.719145,20.6870113],[105.7202262,20.6869468],[105.7160115,20.6924636],[105.7200884,20.6986377],[105.7244202,20.6959502],[105.727285,20.6995786],[105.730081,20.7021179],[105.7324501,20.7049536],[105.7335106,20.7035873],[105.7359072,20.7058494],[105.7448737,20.7114886],[105.7463199,20.7110181],[105.7542809,20.7048311],[105.7569874,20.7067452],[105.7578757,20.7055658],[105.7594803,20.706829],[105.7624411,20.70509],[105.7604782,20.701453],[105.7586685,20.6996885],[105.7570474,20.698609],[105.7544339,20.6977451],[105.746854,20.6968932],[105.7438839,20.6954436],[105.7429937,20.6944997],[105.7426318,20.6935884],[105.7428718,20.6908183],[105.7437157,20.6892625],[105.7454504,20.6874811],[105.751878,20.6825649],[105.7598081,20.6769371],[105.7695185,20.6709944],[105.7736998,20.6675237],[105.776855,20.663615],[105.7728681,20.6601107],[105.7733433,20.6598207],[105.7710293,20.6593502],[105.7709054,20.6552642],[105.769528,20.6554704],[105.7692732,20.6536788],[105.7666701,20.6543233],[105.7665668,20.6528667],[105.7668284,20.6528281],[105.7668835,20.6514231],[105.7666287,20.6519773],[105.7650172,20.6532985],[105.7649553,20.6523963],[105.7624072,20.6524865],[105.7622419,20.6502695],[105.7572559,20.6508044],[105.7559612,20.6494574],[105.7572697,20.6471889],[105.7539021,20.6435476],[105.7522906,20.6456486],[105.7527314,20.6460675],[105.7522562,20.6466024],[105.7524559,20.6467957],[105.7506309,20.648394],[105.7522631,20.649857],[105.752332,20.6513135],[105.7510235,20.6530021],[105.7514642,20.6535628],[105.750569,20.6544328],[105.748806,20.6522674],[105.7463336,20.6529956],[105.7488404,20.6554189],[105.7473322,20.6571332],[105.7501764,20.6595887],[105.7480278,20.6617992],[105.7482413,20.6619926],[105.7465884,20.6638229],[105.7437856,20.6664781],[105.7445638,20.6671484],[105.743882,20.6675931],[105.7446257,20.6688434],[105.7438475,20.6692236],[105.7425735,20.6677349],[105.7422636,20.6680571],[105.7417815,20.6672644],[105.7411686,20.6677349],[105.7402527,20.6663364],[105.7294337,20.6749853],[105.7228087,20.6706866],[105.7242962,20.6673095],[105.7239725,20.6671677],[105.7258044,20.6639389],[105.7243857,20.6628433],[105.7245923,20.6626177],[105.7208735,20.6599367],[105.7196752,20.6593373],[105.7192276,20.6601429],[105.7165693,20.6591182],[105.7164316,20.6577648],[105.7156259,20.6564823],[105.7150061,20.6534016],[105.7154193,20.653131],[105.7168655,20.6533436],[105.7168792,20.6530085],[105.7178503,20.6528474],[105.7178709,20.6516744],[105.7172442,20.6509977],[105.7173062,20.6503726],[105.7190072,20.6463639],[105.7209286,20.6439214],[105.7214245,20.6408794],[105.7235593,20.6393391],[105.7237935,20.6385464],[105.7227329,20.6373992],[105.7224781,20.6361812],[105.7230979,20.634209],[105.725467,20.63089],[105.7253292,20.6295237],[105.7243238,20.6288728],[105.7223404,20.6266622],[105.7230428,20.6244452],[105.7228638,20.6221831],[105.7219616,20.6188124],[105.719627,20.6139079],[105.7171685,20.610402],[105.7200609,20.6092097],[105.721273,20.6091968],[105.7216999,20.6082623],[105.7256942,20.605723],[105.7273474,20.6053554],[105.7228428,20.5977807],[105.7201941,20.5964532],[105.7184718,20.5972944],[105.7109955,20.5990686],[105.7082867,20.5986957],[105.7044488,20.6021429],[105.7040077,20.6030733],[105.7052895,20.6051047],[105.7053245,20.6057635],[105.7042876,20.6074828],[105.7053085,20.609208],[105.7036604,20.6105926],[105.7041127,20.6120884],[105.7037298,20.6133856],[105.7040325,20.6156276],[105.7012281,20.6213556],[105.6986833,20.6217672],[105.6980095,20.6202606],[105.696989,20.6197557],[105.6954176,20.6199181],[105.692096,20.6216878],[105.6909563,20.6210115],[105.6906488,20.6213134],[105.6881595,20.6185356],[105.6873497,20.6167743],[105.6864253,20.6159941],[105.6848868,20.6164587],[105.6828546,20.6158822],[105.6821819,20.6170901],[105.6815944,20.617388],[105.6794695,20.6165224],[105.6776233,20.617074],[105.6773147,20.616293],[105.6767539,20.6160494],[105.6751169,20.6167289],[105.6734358,20.6158919],[105.6708565,20.6160916],[105.6691139,20.6172797],[105.6681754,20.6174299],[105.6661899,20.6169932]]]}},{"type":"Feature","properties":{"name":"X\u00e3 H\u1ed3ng S\u01a1n","kind":"xa","osm_id":19514791},"geometry":{"type":"Polygon","coordinates":[[[105.6670618,20.7350442],[105.6693817,20.737068],[105.6708692,20.7369391],[105.6715097,20.7360884],[105.6717094,20.7347737],[105.6748911,20.7326018],[105.6773496,20.7340454],[105.6788027,20.7332591],[105.6794294,20.7334589],[105.6820945,20.7393172],[105.6821978,20.7423398],[105.685655,20.7444408],[105.6847735,20.7459618],[105.6850558,20.7470252],[105.6830449,20.7482948],[105.6837198,20.7602564],[105.6867706,20.7584841],[105.688568,20.7578009],[105.6903241,20.7655476],[105.6943873,20.7648322],[105.7010398,20.7642908],[105.7007162,20.7624798],[105.7017147,20.7623767],[105.7016321,20.7610233],[105.7026651,20.7610104],[105.7028304,20.7630728],[105.7034089,20.7637172],[105.7057917,20.7600695],[105.7096895,20.7624089],[105.7110875,20.7636721],[105.7141383,20.7606688],[105.7172373,20.7630985],[105.7188075,20.7618998],[105.7141934,20.7568277],[105.7095242,20.7533218],[105.7078783,20.7524388],[105.705165,20.7515946],[105.6985124,20.7515946],[105.6974656,20.7509565],[105.6963913,20.7457363],[105.6969147,20.7428103],[105.6974106,20.7420949],[105.698292,20.7417405],[105.7005853,20.7427201],[105.7030783,20.7430874],[105.7084568,20.7426105],[105.7207358,20.7399295],[105.7290825,20.7377254],[105.7306044,20.7369262],[105.7314033,20.7362882],[105.7321126,20.7349799],[105.7333867,20.7297016],[105.7332627,20.7279937],[105.7326222,20.7262343],[105.7306182,20.724056],[105.7304185,20.7233341],[105.7303772,20.7228314],[105.7315686,20.7220001],[105.7336897,20.7218325],[105.7353631,20.7221225],[105.741513,20.7265823],[105.7448392,20.7277359],[105.7478556,20.7282322],[105.7517948,20.7282644],[105.7554103,20.7287091],[105.7596318,20.7312935],[105.7610712,20.731635],[105.7619251,20.7313837],[105.7684124,20.727201],[105.7701203,20.725506],[105.7710018,20.7240044],[105.7710293,20.7233793],[105.7705473,20.722825],[105.7695163,20.7224334],[105.766984,20.7219966],[105.7652169,20.7212869],[105.7636489,20.7200323],[105.7624716,20.7183049],[105.762073,20.7161072],[105.763183,20.7083054],[105.7624411,20.70509],[105.7594803,20.706829],[105.7578757,20.7055658],[105.7569874,20.7067452],[105.7542809,20.7048311],[105.7463199,20.7110181],[105.7448737,20.7114886],[105.7359072,20.7058494],[105.7335106,20.7035873],[105.7324501,20.7049536],[105.730081,20.7021179],[105.727285,20.6995786],[105.7244202,20.6959502],[105.7200884,20.6986377],[105.7160115,20.6924636],[105.7202262,20.6869468],[105.719145,20.6870113],[105.7191312,20.686109],[105.7210388,20.6836406],[105.71951,20.6825708],[105.7174715,20.6852712],[105.7117142,20.6819585],[105.7114181,20.6824161],[105.7107983,20.6821261],[105.7100545,20.6833506],[105.7087392,20.6827899],[105.709841,20.6809532],[105.7024103,20.6781754],[105.7030508,20.6744246],[105.7000344,20.6739734],[105.6989256,20.6747984],[105.6999173,20.6715115],[105.6932097,20.672504],[105.6907029,20.666375],[105.6868739,20.6675609],[105.6866949,20.6671291],[105.6837818,20.6681989],[105.6817571,20.6673804],[105.6803729,20.667664],[105.6771066,20.6716675],[105.6742085,20.6717035],[105.6748153,20.674721],[105.6731349,20.6750111],[105.6733278,20.6760293],[105.67131,20.6761518],[105.6698895,20.6754653],[105.669556,20.6761991],[105.6699682,20.6769421],[105.6687101,20.6802398],[105.6689477,20.6806405],[105.6719382,20.6802746],[105.6750758,20.68198],[105.6769106,20.6835205],[105.6786474,20.6836699],[105.6791303,20.6840626],[105.6797672,20.6877469],[105.6794648,20.6910281],[105.6807514,20.6911478],[105.6815052,20.6935632],[105.6825309,20.6954645],[105.68124,20.6969695],[105.6816111,20.6984728],[105.671521,20.7074901],[105.6705857,20.7090903],[105.6701765,20.7119015],[105.6691314,20.7132905],[105.6666561,20.715201],[105.6650106,20.716938],[105.6640239,20.7172345],[105.6621883,20.7218072],[105.6616115,20.7249296],[105.6618047,20.7259732],[105.6643581,20.7290237],[105.6659245,20.7331979],[105.6670618,20.7350442]]]}},{"type":"Feature","properties":{"name":"X\u00e3 V\u00e2n \u0110\u00ecnh","kind":"xa","osm_id":19514792},"geometry":{"type":"Polygon","coordinates":[[[105.7141934,20.7568277],[105.7231117,20.7668301],[105.7249573,20.7696271],[105.7258113,20.7718055],[105.7261901,20.7745638],[105.7256942,20.7763104],[105.7300948,20.7768195],[105.7353012,20.7778893],[105.7386963,20.7719215],[105.7360174,20.7703683],[105.7379112,20.7678935],[105.7372501,20.7667978],[105.7401563,20.7649482],[105.7438957,20.7636399],[105.7446189,20.7628021],[105.7440059,20.7623509],[105.7442883,20.7621125],[105.7436547,20.7614809],[105.7449838,20.7605915],[105.7444054,20.7593799],[105.7458722,20.7588707],[105.7453488,20.7575496],[105.748806,20.7564604],[105.7478212,20.7544238],[105.7474493,20.754527],[105.7463336,20.7519813],[105.7514711,20.7497836],[105.7562505,20.7450982],[105.766732,20.7468448],[105.7672623,20.7446922],[105.7635228,20.743487],[105.7637432,20.7421143],[105.7640187,20.7421465],[105.7642528,20.7407866],[105.7685363,20.7414118],[105.7688049,20.739053],[105.7691493,20.7390594],[105.7693352,20.7380154],[105.7691424,20.737184],[105.780409,20.7369262],[105.7809806,20.7386792],[105.7871442,20.7391174],[105.7870753,20.738241],[105.788253,20.7382281],[105.7894719,20.7399939],[105.7884251,20.740516],[105.7890656,20.7482368],[105.7947068,20.7494707],[105.798498,20.7493263],[105.8033271,20.75066],[105.8069131,20.7463162],[105.8082744,20.7452963],[105.8099654,20.7444595],[105.8111787,20.746021],[105.8132535,20.7447533],[105.8138588,20.7441558],[105.8137099,20.743293],[105.8154686,20.7420779],[105.8152832,20.7417477],[105.8167794,20.7409877],[105.815227,20.738719],[105.8197707,20.7351144],[105.8194327,20.734713],[105.8203876,20.7325256],[105.8189687,20.7315473],[105.8201677,20.7295756],[105.8186924,20.728823],[105.8192691,20.7280102],[105.8182901,20.727644],[105.8162248,20.7200427],[105.8149266,20.7167362],[105.8153772,20.71641],[105.8146638,20.7159534],[105.8133817,20.7126267],[105.8135989,20.7125038],[105.8111447,20.7076115],[105.804643,20.7041516],[105.8069846,20.7008748],[105.8017248,20.6979919],[105.8030069,20.6960198],[105.8008906,20.6948229],[105.800491,20.695666],[105.7988897,20.6945268],[105.797967,20.6955305],[105.7966903,20.6946699],[105.794633,20.6973571],[105.7932447,20.6968032],[105.7921278,20.7003178],[105.7907867,20.7025459],[105.7818389,20.6991285],[105.7803771,20.7004333],[105.7773918,20.7066957],[105.7749724,20.7065527],[105.775246,20.7169168],[105.7761446,20.7172204],[105.7743929,20.7206832],[105.7739049,20.7224511],[105.7731593,20.7225715],[105.7730895,20.7211265],[105.772537,20.7202836],[105.7715285,20.7204592],[105.7715982,20.7211466],[105.7695163,20.7224334],[105.7705473,20.722825],[105.7710293,20.7233793],[105.7710018,20.7240044],[105.7701203,20.725506],[105.7684124,20.727201],[105.7619251,20.7313837],[105.7602585,20.7315577],[105.7554103,20.7287091],[105.7517948,20.7282644],[105.7478556,20.7282322],[105.7448392,20.7277359],[105.741513,20.7265823],[105.7353631,20.7221225],[105.7336897,20.7218325],[105.7315686,20.7220001],[105.7303772,20.7228314],[105.7304185,20.7233341],[105.7306182,20.724056],[105.7326222,20.7262343],[105.7332627,20.7279937],[105.7333867,20.7297016],[105.7321126,20.7349799],[105.7314033,20.7362882],[105.7306044,20.7369262],[105.7290825,20.7377254],[105.7207358,20.7399295],[105.7084568,20.7426105],[105.7030783,20.7430874],[105.7005853,20.7427201],[105.698292,20.7417405],[105.6974106,20.7420949],[105.6969147,20.7428103],[105.6963913,20.7457363],[105.6974656,20.7509565],[105.6985124,20.7515946],[105.705165,20.7515946],[105.7078783,20.7524388],[105.7095242,20.7533218],[105.7141934,20.7568277]]]}},{"type":"Feature","properties":{"name":"X\u00e3 Ph\u00fac S\u01a1n","kind":"xa","osm_id":19514793},"geometry":{"type":"Polygon","coordinates":[[[105.6483218,20.7923282],[105.6479503,20.7935373],[105.6505259,20.7941625],[105.6501885,20.7992152],[105.6505259,20.8023538],[105.6494241,20.8090048],[105.6538247,20.8091079],[105.6564967,20.8083346],[105.6595475,20.8079737],[105.6630941,20.8081348],[105.6599125,20.8138964],[105.6620543,20.8137611],[105.662371,20.8152821],[105.6630597,20.8153401],[105.6645748,20.8145602],[105.6661243,20.8131359],[105.6673364,20.8128781],[105.668211,20.8137611],[105.6676945,20.815701],[105.6684176,20.8155978],[105.6690787,20.8145087],[105.6692646,20.8150694],[105.6686517,20.8159072],[105.6668818,20.8165259],[105.6671573,20.8177633],[105.6704285,20.8158299],[105.6718058,20.8136773],[105.6727837,20.8138835],[105.6735757,20.814586],[105.6777904,20.8146247],[105.6798701,20.8143218],[105.6803729,20.8140253],[105.6809238,20.8128653],[105.6815849,20.8126461],[105.6821359,20.8129104],[105.6818122,20.8140575],[105.6844773,20.8140962],[105.6848217,20.813484],[105.6859924,20.8134582],[105.6859167,20.8127686],[105.6884716,20.8129104],[105.6896837,20.8127041],[105.6899454,20.8121048],[105.6926932,20.8121499],[105.6940843,20.8129233],[105.6952275,20.815701],[105.696894,20.8157074],[105.6973073,20.8159845],[105.6973486,20.8171382],[105.6983058,20.817512],[105.6982576,20.8183111],[105.699146,20.8193487],[105.6988361,20.8202188],[105.6980992,20.8204508],[105.6966668,20.8251877],[105.6970249,20.8262704],[105.6967701,20.8282039],[105.706804,20.8286937],[105.7068178,20.8294735],[105.7072723,20.8294606],[105.7073618,20.82977],[105.7096482,20.8298409],[105.7105917,20.8273532],[105.7105779,20.8266829],[105.7100958,20.826148],[105.7072792,20.8252393],[105.7067558,20.8245948],[105.7065836,20.8232672],[105.7071828,20.818498],[105.7096344,20.814528],[105.7098273,20.8124786],[105.7090353,20.8092755],[105.7053096,20.8000723],[105.7053922,20.7981905],[105.7144138,20.7872536],[105.7166451,20.7831547],[105.7189246,20.7813244],[105.7247094,20.7780891],[105.7255289,20.7771546],[105.7261901,20.7745638],[105.7258113,20.7718055],[105.7249573,20.7696271],[105.7231117,20.7668301],[105.7188075,20.7618998],[105.7172373,20.7630985],[105.7141383,20.7606688],[105.7110875,20.7636721],[105.7096895,20.7624089],[105.7057917,20.7600695],[105.7034089,20.7637172],[105.7028304,20.7630728],[105.7026651,20.7610104],[105.7016321,20.7610233],[105.7017147,20.7623767],[105.7007162,20.7624798],[105.7010398,20.7642908],[105.6943873,20.7648322],[105.6903241,20.7655476],[105.688568,20.7578009],[105.6867706,20.7584841],[105.6837198,20.7602564],[105.6830449,20.7482948],[105.6850558,20.7470252],[105.6847735,20.7459618],[105.685655,20.7444408],[105.6821978,20.7423398],[105.6820945,20.7393172],[105.6794294,20.7334589],[105.6788027,20.7332591],[105.6773496,20.7340454],[105.6748911,20.7326018],[105.6717094,20.7347737],[105.6715097,20.7360884],[105.6708692,20.7369391],[105.6693817,20.737068],[105.6670618,20.7350442],[105.6653345,20.7354455],[105.6615257,20.7385158],[105.6604206,20.7400911],[105.6590152,20.7408436],[105.6578565,20.7410644],[105.6575775,20.7430309],[105.6557429,20.7452483],[105.6549275,20.7467834],[105.6542168,20.7473621],[105.653574,20.7507266],[105.6538997,20.7517583],[105.6537857,20.7528976],[105.6512547,20.7534777],[105.6510544,20.7578796],[105.6490426,20.7620592],[105.6495127,20.7624927],[105.6492593,20.7634229],[105.649718,20.7643078],[105.648853,20.7652287],[105.6483936,20.7668684],[105.6483507,20.7679719],[105.6493358,20.7721349],[105.6487391,20.7747735],[105.6493701,20.7764663],[105.6476787,20.7764954],[105.6479698,20.7787104],[105.6483137,20.7793304],[105.6485461,20.7825571],[105.64831,20.7845216],[105.648651,20.7885656],[105.6483383,20.7898403],[105.6483218,20.7923282]]]}},{"type":"Feature","properties":{"name":"X\u00e3 \u1ee8ng Thi\u00ean","kind":"xa","osm_id":19514794},"geometry":{"type":"Polygon","coordinates":[[[105.7090353,20.8092755],[105.7160735,20.8080574],[105.7261969,20.8072454],[105.7291789,20.8078963],[105.7320024,20.8089726],[105.7335313,20.8091853],[105.7347915,20.8089855],[105.7360931,20.8057244],[105.7359278,20.8054022],[105.7383588,20.800517],[105.7383795,20.7978295],[105.739261,20.7969079],[105.7384071,20.7931506],[105.7415474,20.791823],[105.7410102,20.7899218],[105.7448255,20.7878659],[105.7463818,20.7902118],[105.7483239,20.7916941],[105.7487991,20.7912945],[105.7511819,20.7924546],[105.7530895,20.7901345],[105.7545426,20.7912752],[105.7572973,20.787273],[105.7594872,20.7901409],[105.7635366,20.7878852],[105.7632336,20.787041],[105.7644939,20.7864416],[105.7636606,20.7852944],[105.7650379,20.784173],[105.7645352,20.7834834],[105.7658781,20.7824458],[105.7664015,20.7829807],[105.7669455,20.7827552],[105.7686259,20.787969],[105.7761461,20.7878143],[105.7768624,20.790302],[105.7784807,20.7902376],[105.7800784,20.7888197],[105.7816073,20.7893804],[105.7823304,20.7913332],[105.7845617,20.7916554],[105.7858702,20.7889228],[105.7874334,20.7894191],[105.7883356,20.7890324],[105.7891,20.7877499],[105.7908699,20.7861],[105.7957112,20.7832192],[105.8066395,20.7803322],[105.8049443,20.7796027],[105.8026106,20.7796047],[105.802789,20.7784894],[105.8045476,20.7787753],[105.8054094,20.7757131],[105.8034213,20.7752983],[105.8035886,20.7713625],[105.8003695,20.7707208],[105.8002862,20.7711412],[105.7996298,20.7714926],[105.7980581,20.7658985],[105.7972138,20.765753],[105.7960936,20.7616554],[105.7921036,20.7625957],[105.7918016,20.7614232],[105.7921087,20.7615278],[105.7923109,20.7586372],[105.7937726,20.7589327],[105.7939511,20.7576339],[105.793574,20.7504236],[105.7939766,20.7494906],[105.7939748,20.7505532],[105.794692,20.7506804],[105.7947068,20.7494707],[105.7890656,20.7482368],[105.7884251,20.740516],[105.7894719,20.7399939],[105.788253,20.7382281],[105.7870753,20.738241],[105.7871442,20.7391174],[105.7809806,20.7386792],[105.780409,20.7369262],[105.7691424,20.737184],[105.7693352,20.7380154],[105.7691493,20.7390594],[105.7688049,20.739053],[105.7685363,20.7414118],[105.7642528,20.7407866],[105.7640187,20.7421465],[105.7637432,20.7421143],[105.7635228,20.743487],[105.7672623,20.7446922],[105.766732,20.7468448],[105.7562505,20.7450982],[105.7514711,20.7497836],[105.7463336,20.7519813],[105.7474493,20.754527],[105.7478212,20.7544238],[105.748806,20.7564604],[105.7453488,20.7575496],[105.7458722,20.7588707],[105.7444054,20.7593799],[105.7449838,20.7605915],[105.7436547,20.7614809],[105.7442883,20.7621125],[105.7440059,20.7623509],[105.7446189,20.7628021],[105.7438957,20.7636399],[105.7401563,20.7649482],[105.7372501,20.7667978],[105.7379112,20.7678935],[105.7360174,20.7703683],[105.7386963,20.7719215],[105.7353012,20.7778893],[105.7300948,20.7768195],[105.7256942,20.7763104],[105.7255289,20.7771546],[105.7247094,20.7780891],[105.7189246,20.7813244],[105.7166451,20.7831547],[105.7144138,20.7872536],[105.7053922,20.7981905],[105.7053096,20.8000723],[105.7090353,20.8092755]]]}},{"type":"Feature","properties":{"name":"X\u00e3 D\u00e2n H\u00f2a","kind":"xa","osm_id":19514795},"geometry":{"type":"Polygon","coordinates":[[[105.7347915,20.8089855],[105.7426975,20.8050864],[105.7439302,20.805009],[105.7450803,20.8055633],[105.7494051,20.810094],[105.7545357,20.8130715],[105.7551624,20.8137289],[105.755004,20.814992],[105.7529035,20.8180855],[105.752511,20.820657],[105.7589638,20.8211533],[105.7590258,20.8207988],[105.7604376,20.8207859],[105.7596181,20.8224487],[105.7621248,20.8218686],[105.7610023,20.8197805],[105.7617116,20.8192778],[105.7629099,20.8206699],[105.7637914,20.8192778],[105.764184,20.8195421],[105.7693145,20.8130779],[105.7690046,20.8125495],[105.7690391,20.811499],[105.7715183,20.8115699],[105.7753611,20.8122143],[105.7754299,20.8137031],[105.7756847,20.813774],[105.7735912,20.8197805],[105.7766764,20.8228354],[105.7772687,20.8230029],[105.7772893,20.8233187],[105.7783292,20.8233574],[105.7784876,20.8229771],[105.7800716,20.8231834],[105.7852435,20.8252135],[105.7834598,20.8286034],[105.7848647,20.8295057],[105.7859872,20.8271147],[105.7864693,20.8270374],[105.7869996,20.8258386],[105.7874266,20.8258129],[105.787399,20.8243305],[105.7920062,20.8237247],[105.7922059,20.8244014],[105.7960831,20.8264316],[105.7957801,20.8269923],[105.7985279,20.8282941],[105.7982111,20.8289321],[105.7986381,20.8290933],[105.7985072,20.8293446],[105.7969991,20.8290288],[105.7962553,20.8303242],[105.7985968,20.8315423],[105.7958008,20.8362019],[105.7968682,20.8396369],[105.8040373,20.8407197],[105.8140505,20.8395725],[105.8218357,20.8411519],[105.8240866,20.8372444],[105.8263504,20.8356749],[105.8271688,20.8344488],[105.8279735,20.8317812],[105.8276343,20.8303183],[105.829077,20.8276371],[105.8289938,20.8273852],[105.8274968,20.8278791],[105.8273047,20.8275787],[105.8302251,20.82531],[105.8313818,20.8253254],[105.8373139,20.8238359],[105.8367135,20.8230188],[105.8363898,20.8214811],[105.8366841,20.8170671],[105.8372437,20.8170863],[105.83844,20.8157509],[105.8412344,20.8147071],[105.8410599,20.8139559],[105.8389287,20.8141909],[105.8383832,20.8115332],[105.8391171,20.8115339],[105.8390522,20.8099338],[105.8395636,20.8099065],[105.8385938,20.8050842],[105.836719,20.8051067],[105.836745,20.8003638],[105.8326112,20.8006144],[105.8316228,20.8062585],[105.8266296,20.8057458],[105.8257732,20.8066234],[105.8246672,20.8063287],[105.824453,20.8068411],[105.8169087,20.8044978],[105.8208572,20.7951485],[105.8184515,20.7941254],[105.8138532,20.8020056],[105.809807,20.79868],[105.8086451,20.7968245],[105.8097871,20.7947669],[105.8083247,20.7922702],[105.8102651,20.7890645],[105.8100005,20.7889432],[105.81031,20.7886374],[105.8100909,20.7877148],[105.8097023,20.7872529],[105.8100248,20.7874026],[105.810621,20.7869597],[105.8087732,20.7845135],[105.8075986,20.7813756],[105.8066395,20.7803322],[105.7957112,20.7832192],[105.7908699,20.7861],[105.7891,20.7877499],[105.7883356,20.7890324],[105.7874334,20.7894191],[105.7858702,20.7889228],[105.7845617,20.7916554],[105.7823304,20.7913332],[105.7816073,20.7893804],[105.7800784,20.7888197],[105.7784807,20.7902376],[105.7768624,20.790302],[105.7761461,20.7878143],[105.7686259,20.787969],[105.7669455,20.7827552],[105.7664015,20.7829807],[105.7658781,20.7824458],[105.7645352,20.7834834],[105.7650379,20.784173],[105.7636606,20.7852944],[105.7644939,20.7864416],[105.7632336,20.787041],[105.7635366,20.7878852],[105.7594872,20.7901409],[105.7572973,20.787273],[105.7545426,20.7912752],[105.7530895,20.7901345],[105.7511819,20.7924546],[105.7487991,20.7912945],[105.7483239,20.7916941],[105.7463818,20.7902118],[105.7448255,20.7878659],[105.7410102,20.7899218],[105.7415474,20.791823],[105.7384071,20.7931506],[105.739261,20.7969079],[105.7383795,20.7978295],[105.7383588,20.800517],[105.7359278,20.8054022],[105.7360931,20.8057244],[105.7347915,20.8089855]]]}},{"type":"Feature","properties":{"name":"X\u00e3 Thanh Oai","kind":"xa","osm_id":19514796},"geometry":{"type":"Polygon","coordinates":[[[105.7358452,20.8449217],[105.7405832,20.8465264],[105.7457414,20.8463718],[105.7499147,20.8466167],[105.7541845,20.8476156],[105.7560232,20.8485759],[105.7564158,20.8503869],[105.7561816,20.8514374],[105.7553001,20.8527779],[105.754639,20.8530163],[105.7535578,20.8543891],[105.7525179,20.8547113],[105.7505965,20.8560583],[105.7493362,20.8559745],[105.7454315,20.8577855],[105.7439233,20.8581657],[105.742966,20.8589004],[105.7417953,20.8591325],[105.7361895,20.8629607],[105.7335795,20.8651841],[105.7306113,20.8686901],[105.7293924,20.8707202],[105.7285109,20.8728405],[105.728504,20.8753733],[105.7291927,20.8758631],[105.7304047,20.8757471],[105.7311485,20.8744131],[105.7344472,20.8728921],[105.7349913,20.8729694],[105.7370435,20.8743808],[105.7379319,20.8757471],[105.7391852,20.8739426],[105.7405557,20.8750253],[105.7409758,20.8742133],[105.743152,20.8747998],[105.7455279,20.8738266],[105.7461615,20.8752509],[105.7479107,20.8752251],[105.7487302,20.8738781],[105.749047,20.8738781],[105.7519119,20.8773197],[105.7518017,20.8742197],[105.7587435,20.8750124],[105.7598935,20.8747675],[105.7674965,20.8698244],[105.768922,20.8697986],[105.770809,20.8653323],[105.7719246,20.8659962],[105.7780606,20.8598607],[105.7807671,20.861865],[105.781628,20.8603892],[105.7823373,20.8609434],[105.7848854,20.8582431],[105.7906633,20.8551818],[105.792867,20.8523074],[105.7946989,20.8521592],[105.795243,20.848621],[105.7955942,20.8479765],[105.7991133,20.8466553],[105.7989962,20.8456951],[105.7996229,20.8447412],[105.8014479,20.8434845],[105.8012413,20.8419635],[105.8001394,20.8419442],[105.8001876,20.8401783],[105.7968682,20.8396369],[105.7958008,20.8362019],[105.7985968,20.8315423],[105.7962553,20.8303242],[105.7969991,20.8290288],[105.7985072,20.8293446],[105.7986381,20.8290933],[105.7982111,20.8289321],[105.7985279,20.8282941],[105.7957801,20.8269923],[105.7960831,20.8264316],[105.7922059,20.8244014],[105.7920062,20.8237247],[105.787399,20.8243305],[105.7874266,20.8258129],[105.7869996,20.8258386],[105.7864693,20.8270374],[105.7859872,20.8271147],[105.7848647,20.8295057],[105.7834598,20.8286034],[105.7852435,20.8252135],[105.7800716,20.8231834],[105.7784876,20.8229771],[105.7783292,20.8233574],[105.7772893,20.8233187],[105.7772687,20.8230029],[105.7766764,20.8228354],[105.7735912,20.8197805],[105.7756847,20.813774],[105.7754299,20.8137031],[105.7753611,20.8122143],[105.7715183,20.8115699],[105.7690391,20.811499],[105.7690046,20.8125495],[105.7693145,20.8130779],[105.764184,20.8195421],[105.7637914,20.8192778],[105.7629099,20.8206699],[105.7617116,20.8192778],[105.7610023,20.8197805],[105.7621248,20.8218686],[105.7596181,20.8224487],[105.7604376,20.8207859],[105.7590258,20.8207988],[105.7589638,20.8211533],[105.752511,20.820657],[105.7529862,20.8237827],[105.754274,20.8269471],[105.7552106,20.8282425],[105.7612984,20.8341653],[105.7614775,20.8357507],[105.7611814,20.8366208],[105.760658,20.8370655],[105.7596318,20.8372846],[105.7575107,20.8369495],[105.7524215,20.8368592],[105.7469948,20.8372201],[105.7439715,20.8366466],[105.7403835,20.8364403],[105.7395296,20.8367174],[105.7346263,20.8393727],[105.7337654,20.840565],[105.7335795,20.8415639],[105.7338894,20.8428787],[105.7358452,20.8449217]]]}},{"type":"Feature","properties":{"name":"X\u00e3 H\u00f2a Ph\u00fa","kind":"xa","osm_id":19514797},"geometry":{"type":"Polygon","coordinates":[[[105.6620543,20.8137611],[105.6568617,20.8145216],[105.6581702,20.8165839],[105.6605667,20.8175893],[105.661221,20.8182853],[105.666992,20.8213144],[105.6675292,20.8220491],[105.6703458,20.8223584],[105.6703596,20.8230803],[105.6715648,20.8236345],[105.6715097,20.8243112],[105.6739958,20.8242854],[105.6741817,20.8246657],[105.6738787,20.8251942],[105.6748222,20.826148],[105.675683,20.8261867],[105.6772532,20.8269923],[105.6780383,20.826902],[105.6789818,20.8255808],[105.6809376,20.8261351],[105.6810271,20.8265669],[105.6821427,20.827134],[105.6835201,20.8256002],[105.6843189,20.8261222],[105.6848492,20.825858],[105.6852073,20.8274756],[105.6863712,20.8278687],[105.6853451,20.8292028],[105.6878243,20.8303887],[105.6908613,20.8311814],[105.6897525,20.8372653],[105.6870461,20.8372137],[105.686805,20.8395983],[105.6864469,20.8396756],[105.6867637,20.8417959],[105.6854621,20.8411579],[105.6857445,20.8437423],[105.6890501,20.8435683],[105.6914122,20.8453793],[105.693313,20.8461655],[105.6953032,20.846288],[105.6966186,20.8460173],[105.6973899,20.8477316],[105.6983471,20.8483116],[105.6990702,20.8481312],[105.699876,20.8484276],[105.7003718,20.8478798],[105.7065285,20.8476092],[105.708994,20.851128],[105.7106468,20.8505995],[105.7109567,20.8523461],[105.7113768,20.8522881],[105.7113699,20.8534933],[105.7097033,20.8535319],[105.7092075,20.8567737],[105.7105022,20.856445],[105.7104746,20.8560647],[105.711604,20.8556845],[105.7123616,20.8570766],[105.712031,20.8572377],[105.7124373,20.8581593],[105.7144207,20.8579659],[105.7144069,20.8582495],[105.7162663,20.8592742],[105.7188557,20.8582495],[105.7198887,20.8568574],[105.7201504,20.856967],[105.7239588,20.8548596],[105.7244408,20.8550593],[105.7254256,20.854576],[105.7271335,20.8507993],[105.7285522,20.8514825],[105.7301706,20.8490463],[105.7304598,20.8492268],[105.7331456,20.8449152],[105.7348053,20.8449539],[105.7354389,20.8453535],[105.7358452,20.8449217],[105.7336552,20.8423115],[105.7337654,20.840565],[105.7346263,20.8393727],[105.7395296,20.8367174],[105.7403835,20.8364403],[105.7439715,20.8366466],[105.7469948,20.8372201],[105.7524215,20.8368592],[105.7575107,20.8369495],[105.7596318,20.8372846],[105.760658,20.8370655],[105.7614499,20.8362019],[105.7612984,20.8341653],[105.7552106,20.8282425],[105.754274,20.8269471],[105.7529862,20.8237827],[105.752511,20.820657],[105.7526005,20.8192972],[105.7529035,20.8180855],[105.755004,20.814992],[105.7551624,20.8137289],[105.7545357,20.8130715],[105.7504932,20.8109512],[105.7462648,20.8066138],[105.7439302,20.805009],[105.7426975,20.8050864],[105.741327,20.8056213],[105.7372914,20.8079092],[105.7347915,20.8089855],[105.7335313,20.8091853],[105.7261969,20.8072454],[105.7160735,20.8080574],[105.7090353,20.8092755],[105.7098273,20.8124786],[105.7096344,20.814528],[105.7071828,20.818498],[105.7065836,20.8232672],[105.7067558,20.8245948],[105.7072792,20.8252393],[105.7100958,20.826148],[105.7105779,20.8266829],[105.7105917,20.8273532],[105.7096482,20.8298409],[105.7073618,20.82977],[105.7072723,20.8294606],[105.7068178,20.8294735],[105.706804,20.8286937],[105.6967701,20.8282039],[105.6970249,20.8262704],[105.6966668,20.8251877],[105.6980992,20.8204508],[105.6988361,20.8202188],[105.699146,20.8193487],[105.6982576,20.8183111],[105.6983058,20.817512],[105.6973486,20.8171382],[105.6973073,20.8159845],[105.696894,20.8157074],[105.6952275,20.815701],[105.6940843,20.8129233],[105.6926932,20.8121499],[105.6899454,20.8121048],[105.6896837,20.8127041],[105.6884716,20.8129104],[105.6859167,20.8127686],[105.6859924,20.8134582],[105.6848217,20.813484],[105.6844773,20.8140962],[105.6818122,20.8140575],[105.6821359,20.8129104],[105.6815849,20.8126461],[105.6809238,20.8128653],[105.6803729,20.8140253],[105.6798701,20.8143218],[105.6777904,20.8146247],[105.6735757,20.814586],[105.6727837,20.8138835],[105.6718058,20.8136773],[105.6704285,20.8158299],[105.6671573,20.8177633],[105.6668818,20.8165259],[105.6686517,20.8159072],[105.6692646,20.8150694],[105.6690787,20.8145087],[105.6684176,20.8155978],[105.6676945,20.815701],[105.668211,20.8137611],[105.6673364,20.8128781],[105.6661243,20.8131359],[105.6645748,20.8145602],[105.6630597,20.8153401],[105.662371,20.8152821],[105.6620543,20.8137611]]]}},{"type":"Feature","properties":{"name":"X\u00e3 Tr\u1ea7n Ph\u00fa","kind":"xa","osm_id":19514798},"geometry":{"type":"Polygon","coordinates":[[[105.6140251,20.8350135],[105.6168395,20.8382883],[105.6187074,20.8389744],[105.6228884,20.8452143],[105.6229951,20.8488319],[105.6202982,20.8495193],[105.6214764,20.8500505],[105.6205545,20.8512971],[105.6228879,20.8521761],[105.6233604,20.8531587],[105.6212857,20.8551178],[105.6221534,20.8561162],[105.6224861,20.8576967],[105.6229725,20.8582828],[105.6233454,20.8582609],[105.6237351,20.859507],[105.6243638,20.8601001],[105.6239724,20.8607411],[105.6239316,20.8618035],[105.6244191,20.8621005],[105.6252633,20.8620271],[105.6254898,20.863278],[105.6261758,20.8630955],[105.625496,20.8638597],[105.6254471,20.8652393],[105.6258479,20.8655055],[105.6272001,20.8651124],[105.6285493,20.8663444],[105.62876,20.8675148],[105.6291066,20.8676458],[105.6298789,20.8675393],[105.6307706,20.8678961],[105.6315408,20.86748],[105.6308975,20.8683754],[105.6319202,20.8686885],[105.631122,20.8692646],[105.6317225,20.8699026],[105.6313245,20.8700695],[105.6301307,20.8693357],[105.6295811,20.8697431],[105.6308521,20.8709797],[105.6313293,20.8722625],[105.63096,20.8724802],[105.6302993,20.872208],[105.6298274,20.8724704],[105.6296874,20.8730582],[105.6303914,20.8738135],[105.6322457,20.8744689],[105.6321349,20.8753988],[105.6335547,20.875785],[105.6339268,20.8748832],[105.6346065,20.8750345],[105.6367117,20.8807921],[105.6388352,20.8801969],[105.6422879,20.8820353],[105.6495756,20.8803874],[105.6498235,20.8800394],[105.6486252,20.876527],[105.6490109,20.8753153],[105.6495342,20.8749158],[105.6501609,20.8749931],[105.6535492,20.8789695],[105.6606563,20.8791758],[105.6605392,20.8783959],[105.662192,20.877049],[105.6616411,20.8764238],[105.6622126,20.8758889],[105.6634316,20.8766945],[105.6639274,20.8760887],[105.6646781,20.8761854],[105.6653323,20.8767461],[105.665897,20.8763787],[105.6666064,20.8738781],[105.6638517,20.8729888],[105.6641409,20.8722154],[105.6638586,20.8718416],[105.664017,20.8714162],[105.66505,20.8705849],[105.6668818,20.871558],[105.6670678,20.8713067],[105.6679286,20.8714549],[105.6689134,20.871964],[105.6705456,20.8694957],[105.6723981,20.8698566],[105.6729559,20.8711198],[105.6737961,20.870282],[105.6789198,20.8637727],[105.6796911,20.8599187],[105.6810202,20.8573795],[105.6843878,20.8539959],[105.6852624,20.8525072],[105.685531,20.849607],[105.684622,20.8469582],[105.6844636,20.8455275],[105.6847321,20.8445608],[105.6857445,20.8437423],[105.6854621,20.8411579],[105.6867637,20.8417959],[105.6864469,20.8396756],[105.686805,20.8395983],[105.6870461,20.8372137],[105.6897525,20.8372653],[105.6908613,20.8311814],[105.6878243,20.8303887],[105.6853451,20.8292028],[105.6863712,20.8278687],[105.6852073,20.8274756],[105.6848492,20.825858],[105.6843189,20.8261222],[105.6835201,20.8256002],[105.6821427,20.827134],[105.6810271,20.8265669],[105.6809376,20.8261351],[105.6789818,20.8255808],[105.6780383,20.826902],[105.6772532,20.8269923],[105.675683,20.8261867],[105.6748222,20.826148],[105.6738787,20.8251942],[105.6741817,20.8246657],[105.6739958,20.8242854],[105.6715097,20.8243112],[105.6715648,20.8236345],[105.6703596,20.8230803],[105.6703458,20.8223584],[105.6675292,20.8220491],[105.666992,20.8213144],[105.661221,20.8182853],[105.6605667,20.8175893],[105.6581702,20.8165839],[105.6568617,20.8145216],[105.6599125,20.8138964],[105.6630941,20.8081348],[105.6595475,20.8079737],[105.6564967,20.8083346],[105.6538247,20.8091079],[105.6494241,20.8090048],[105.6505259,20.8023538],[105.6501885,20.7992152],[105.6505259,20.7941625],[105.6479503,20.7935373],[105.6483218,20.7923282],[105.6463695,20.7924326],[105.6465972,20.7957565],[105.6459478,20.7964474],[105.6450286,20.7964431],[105.6435572,20.7926178],[105.6420866,20.792688],[105.6421016,20.7921178],[105.6414916,20.791901],[105.6408212,20.7927326],[105.6373022,20.7936242],[105.6364114,20.7953026],[105.6359046,20.7954517],[105.6351073,20.7950908],[105.6350181,20.7942487],[105.6346074,20.7940138],[105.6348498,20.7937117],[105.6333798,20.7929626],[105.630706,20.793671],[105.6312946,20.7946055],[105.6331594,20.7962369],[105.6332531,20.797742],[105.634845,20.8006969],[105.6346882,20.8020195],[105.6343229,20.8024894],[105.6324956,20.803021],[105.6330238,20.8053812],[105.6322407,20.8078232],[105.6323335,20.8098738],[105.6314225,20.8104848],[105.631052,20.8113092],[105.6319444,20.8116439],[105.6322802,20.8139163],[105.6308022,20.8140193],[105.6314453,20.8148871],[105.6307012,20.815942],[105.6282366,20.8154429],[105.6280253,20.814426],[105.6273827,20.8144688],[105.6273782,20.8157109],[105.6283154,20.8161807],[105.6293227,20.8161057],[105.6296269,20.8167155],[105.6313204,20.8171464],[105.6311909,20.8178342],[105.6316497,20.8185328],[105.6315335,20.8190824],[105.6323176,20.8198472],[105.6322283,20.8203057],[105.6311654,20.8204359],[105.6303288,20.8198271],[105.6305652,20.8206189],[105.6302156,20.820837],[105.6327393,20.820748],[105.6331471,20.8219701],[105.6334914,20.8220428],[105.6336689,20.8215653],[105.6343341,20.8221296],[105.6350967,20.8219711],[105.635578,20.8214685],[105.6365113,20.8214526],[105.637254,20.8220972],[105.6386362,20.8226234],[105.6396764,20.8238281],[105.6411842,20.8241009],[105.6409797,20.825255],[105.6417665,20.8261276],[105.6420537,20.8278257],[105.6406408,20.8305543],[105.6424009,20.8310516],[105.6416854,20.8330324],[105.6363318,20.8320591],[105.6355323,20.8328299],[105.6353945,20.8333785],[105.6359763,20.8341345],[105.6361447,20.8353937],[105.635369,20.8357157],[105.635221,20.8361473],[105.6357518,20.837471],[105.6363412,20.8380266],[105.6367098,20.8393545],[105.6353163,20.8391226],[105.6351185,20.8386975],[105.6337691,20.8385583],[105.6337835,20.8369666],[105.632156,20.835341],[105.6284033,20.8342912],[105.6259716,20.8328361],[105.6249009,20.8325999],[105.6238661,20.8317376],[105.6218362,20.83186],[105.6207219,20.8312806],[105.619629,20.8315792],[105.6166469,20.8314673],[105.6159049,20.832063],[105.6147205,20.8343318],[105.6140251,20.8350135]]]}},{"type":"Feature","properties":{"name":"X\u00e3 Qu\u1ea3ng B\u1ecb","kind":"xa","osm_id":19514799},"geometry":{"type":"Polygon","coordinates":[[[105.6485851,20.8807043],[105.6493387,20.8810243],[105.648447,20.882377],[105.6457083,20.8841245],[105.6464692,20.8859479],[105.6483946,20.8862556],[105.6486905,20.8869564],[105.6496028,20.8872157],[105.6500182,20.8870414],[105.6516082,20.8904867],[105.6533952,20.8901051],[105.6549387,20.8919345],[105.6568655,20.8915355],[105.6576988,20.8918791],[105.6585383,20.8916407],[105.6681216,20.8948259],[105.6680753,20.8959095],[105.6696723,20.8958086],[105.6697685,20.8970274],[105.6712679,20.8977089],[105.6739342,20.8976849],[105.6740045,20.8963917],[105.6783115,20.8914887],[105.6806157,20.8922983],[105.6832101,20.8879629],[105.6867113,20.8908641],[105.6874513,20.8897837],[105.6916028,20.8903392],[105.6967475,20.8902188],[105.6966041,20.8888697],[105.6972652,20.888689],[105.6973289,20.8874619],[105.6998769,20.8880493],[105.700132,20.8867426],[105.7006463,20.8860134],[105.7012317,20.885983],[105.7013252,20.885474],[105.7040305,20.8855407],[105.7009964,20.8953915],[105.7008209,20.8985596],[105.7038116,20.898468],[105.703743,20.8990231],[105.7192001,20.8983822],[105.7233505,20.896431],[105.7226365,20.8952555],[105.7225745,20.8943017],[105.7235042,20.8933092],[105.7268374,20.8930901],[105.730694,20.8938441],[105.733242,20.8935863],[105.7341717,20.8933737],[105.7359898,20.8922265],[105.7370986,20.8909117],[105.7387583,20.8877538],[105.7392541,20.8851888],[105.7391302,20.8810319],[105.7382555,20.8765334],[105.7370435,20.8743808],[105.7349913,20.8729694],[105.7344472,20.8728921],[105.7311485,20.8744131],[105.7304047,20.8757471],[105.7291927,20.8758631],[105.728504,20.8753733],[105.7283318,20.8745097],[105.7285109,20.8728405],[105.7293924,20.8707202],[105.7306113,20.8686901],[105.7335795,20.8651841],[105.7361895,20.8629607],[105.7417953,20.8591325],[105.742966,20.8589004],[105.7439233,20.8581657],[105.7454315,20.8577855],[105.7493362,20.8559745],[105.7505965,20.8560583],[105.7525179,20.8547113],[105.7535578,20.8543891],[105.754639,20.8530163],[105.7553001,20.8527779],[105.7561816,20.8514374],[105.7564158,20.8503869],[105.7560232,20.8485759],[105.7541845,20.8476156],[105.7499147,20.8466167],[105.7457414,20.8463718],[105.7405832,20.8465264],[105.7358452,20.8449217],[105.7354389,20.8453535],[105.7348053,20.8449539],[105.7331456,20.8449152],[105.7304598,20.8492268],[105.7301706,20.8490463],[105.7285522,20.8514825],[105.7271335,20.8507993],[105.7254256,20.854576],[105.7244408,20.8550593],[105.7239588,20.8548596],[105.7201504,20.856967],[105.7198887,20.8568574],[105.7188557,20.8582495],[105.7162663,20.8592742],[105.7144069,20.8582495],[105.7144207,20.8579659],[105.7124373,20.8581593],[105.712031,20.8572377],[105.7123616,20.8570766],[105.711604,20.8556845],[105.7104746,20.8560647],[105.7105022,20.856445],[105.7092075,20.8567737],[105.7097033,20.8535319],[105.7113699,20.8534933],[105.7113768,20.8522881],[105.7109567,20.8523461],[105.7106468,20.8505995],[105.708994,20.851128],[105.7065285,20.8476092],[105.7003718,20.8478798],[105.699876,20.8484276],[105.6990702,20.8481312],[105.6983471,20.8483116],[105.6973899,20.8477316],[105.6966186,20.8460173],[105.6953032,20.846288],[105.693313,20.8461655],[105.6914122,20.8453793],[105.6890501,20.8435683],[105.6857445,20.8437423],[105.6847321,20.8445608],[105.6844636,20.8455275],[105.684622,20.8469582],[105.685531,20.849607],[105.6852624,20.8525072],[105.6843878,20.8539959],[105.6810202,20.8573795],[105.6801525,20.8587393],[105.6789198,20.8637727],[105.6729559,20.8711198],[105.6723981,20.8698566],[105.6714408,20.8695344],[105.6705456,20.8694957],[105.6689134,20.871964],[105.6679286,20.8714549],[105.6670678,20.8713067],[105.6668818,20.871558],[105.66505,20.8705849],[105.664017,20.8714162],[105.6638586,20.8718416],[105.6641409,20.8722154],[105.6638517,20.8729888],[105.6666064,20.8738781],[105.665897,20.8763787],[105.6653323,20.8767461],[105.6646781,20.8761854],[105.6639274,20.8760887],[105.6634316,20.8766945],[105.6622126,20.8758889],[105.6616411,20.8764238],[105.662192,20.877049],[105.6605392,20.8783959],[105.6606563,20.8791758],[105.6535492,20.8789695],[105.6501609,20.8749931],[105.6495342,20.8749158],[105.6490109,20.8753153],[105.6486252,20.876527],[105.6498235,20.8800394],[105.6485851,20.8807043]]]}},{"type":"Feature","properties":{"name":"X\u00e3 Tam H\u01b0ng","kind":"xa","osm_id":19514800},"geometry":{"type":"Polygon","coordinates":[[[105.7674965,20.8698244],[105.7675378,20.8721574],[105.7683986,20.8743422],[105.7719177,20.8775581],[105.7707883,20.8791564],[105.7723309,20.8835905],[105.7719177,20.8837129],[105.7729163,20.8874638],[105.7734948,20.8873929],[105.7744865,20.8903575],[105.7753886,20.8903382],[105.7757261,20.8913693],[105.7778678,20.8914144],[105.78065,20.8908666],[105.7819516,20.8924456],[105.7826128,20.8920718],[105.7827574,20.8922458],[105.7823924,20.8925165],[105.7827574,20.8930901],[105.7852435,20.8925294],[105.785333,20.8942501],[105.7856498,20.8943082],[105.7853192,20.8990322],[105.7871649,20.8994189],[105.7864073,20.9001407],[105.7871304,20.9002116],[105.7870271,20.9014103],[105.7874059,20.9018486],[105.7857118,20.9023061],[105.7865519,20.9057477],[105.7861112,20.9059732],[105.7866346,20.9076167],[105.7867723,20.909621],[105.7873095,20.909621],[105.7885353,20.9146995],[105.788253,20.9150411],[105.7893135,20.9157887],[105.7893479,20.916446],[105.7902492,20.9171642],[105.7910821,20.9153124],[105.7917521,20.9151529],[105.7930186,20.9154472],[105.7944366,20.9150554],[105.7948243,20.9143579],[105.7948798,20.9133059],[105.7953434,20.9126563],[105.7968878,20.9118911],[105.7976312,20.9122029],[105.797944,20.9130305],[105.7994689,20.9125367],[105.8031579,20.9124186],[105.80326,20.9109444],[105.8046122,20.9094877],[105.8054853,20.9092765],[105.8063436,20.9098622],[105.8068511,20.9097657],[105.815652,20.9027631],[105.816212,20.9018007],[105.8159674,20.9002457],[105.8162264,20.8995012],[105.8126726,20.898138],[105.8127469,20.8967974],[105.8150027,20.8954559],[105.8128461,20.8952841],[105.8127543,20.8936846],[105.8142009,20.8868864],[105.8156497,20.8859688],[105.8146315,20.8827523],[105.8145056,20.8811148],[105.8166438,20.8807004],[105.8154516,20.8780858],[105.8167759,20.8740865],[105.8153484,20.8717409],[105.8157209,20.8714046],[105.8152625,20.8706828],[105.8153637,20.8703164],[105.8194897,20.8705521],[105.8221685,20.8698525],[105.82426,20.8698452],[105.8224921,20.8661245],[105.8244695,20.861487],[105.820589,20.8604184],[105.8207432,20.859312],[105.81945,20.85857],[105.8194064,20.8578348],[105.8194205,20.8574408],[105.8200731,20.8568598],[105.8222261,20.8563898],[105.8214455,20.8538888],[105.8236214,20.8415095],[105.8140505,20.8395725],[105.8040373,20.8407197],[105.8001876,20.8401654],[105.8001394,20.8419442],[105.8012413,20.8419635],[105.8014479,20.8434845],[105.7996229,20.8447412],[105.7989962,20.8456951],[105.7991133,20.8466553],[105.7955942,20.8479765],[105.795243,20.848621],[105.7946989,20.8521592],[105.792867,20.8523074],[105.7906633,20.8551818],[105.7848854,20.8582431],[105.7823373,20.8609434],[105.781628,20.8603892],[105.7807671,20.861865],[105.7780606,20.8598607],[105.7719246,20.8659962],[105.770809,20.8653323],[105.768922,20.8697986],[105.7674965,20.8698244]]]}},{"type":"Feature","properties":{"name":"X\u00e3 B\u00ecnh Minh","kind":"xa","osm_id":19514801},"geometry":{"type":"Polygon","coordinates":[[[105.7226365,20.8952555],[105.7251205,20.8983059],[105.7270727,20.8997354],[105.7280904,20.9013199],[105.7294651,20.9054936],[105.7332692,20.9101781],[105.735119,20.9109113],[105.736173,20.911696],[105.7369144,20.9139622],[105.7392864,20.9137554],[105.7392499,20.913441],[105.7407441,20.912531],[105.7421264,20.9136884],[105.7420345,20.9153793],[105.7496384,20.9166544],[105.7487433,20.9205814],[105.7495293,20.920119],[105.7501009,20.9201953],[105.7500498,20.920753],[105.7507684,20.9208514],[105.7504492,20.9231715],[105.7514579,20.9233237],[105.7508375,20.926195],[105.749132,20.926273],[105.750283,20.9302995],[105.7517183,20.9297661],[105.752094,20.9307155],[105.7539532,20.9297905],[105.7545749,20.930867],[105.7551975,20.9298707],[105.757193,20.9304666],[105.7567082,20.9321444],[105.7578973,20.9321349],[105.757984,20.9306096],[105.7595027,20.9316798],[105.7621434,20.9298993],[105.7601776,20.9284042],[105.7647782,20.925362],[105.7645473,20.9248261],[105.7664545,20.9240373],[105.7678464,20.9255272],[105.7705375,20.9226289],[105.7728698,20.9235108],[105.7726703,20.9238923],[105.7739873,20.9248486],[105.7723781,20.9268156],[105.7769078,20.9303501],[105.7778889,20.9292198],[105.7784045,20.9296124],[105.7789707,20.9289748],[105.7811408,20.9290365],[105.7811577,20.9284055],[105.7837308,20.9285088],[105.7835311,20.9357415],[105.7856354,20.9358147],[105.785567,20.936885],[105.786322,20.9389221],[105.7879831,20.9383639],[105.7884802,20.939733],[105.7897834,20.9396512],[105.7927467,20.9385412],[105.796407,20.9393574],[105.7974131,20.938936],[105.7975985,20.9396015],[105.799039,20.9391278],[105.7983658,20.9385498],[105.7990279,20.9378161],[105.7995255,20.9364607],[105.8015913,20.9356749],[105.8011401,20.9342694],[105.7990359,20.9341669],[105.7976934,20.9308917],[105.795905,20.9301903],[105.7949673,20.9290035],[105.7925374,20.9281101],[105.7913144,20.9267732],[105.7912567,20.9256678],[105.7907218,20.9242913],[105.7916546,20.9215662],[105.7911893,20.9207995],[105.7895053,20.9199999],[105.7893275,20.9196155],[105.7902492,20.9171642],[105.7893479,20.916446],[105.7893135,20.9157887],[105.788253,20.9150411],[105.7885353,20.9146995],[105.7873095,20.909621],[105.7867723,20.909621],[105.7866346,20.9076167],[105.7861112,20.9059732],[105.7865519,20.9057477],[105.7857118,20.9023061],[105.7874059,20.9018486],[105.7870271,20.9014103],[105.7871304,20.9002116],[105.7864073,20.9001407],[105.7871649,20.8994189],[105.7853192,20.8990322],[105.7856498,20.8943082],[105.785333,20.8942501],[105.7852435,20.8925294],[105.7827574,20.8930901],[105.7823924,20.8925165],[105.7827574,20.8922458],[105.7826128,20.8920718],[105.7819516,20.8924456],[105.78065,20.8908666],[105.7778678,20.8914144],[105.7757261,20.8913693],[105.7753886,20.8903382],[105.7744865,20.8903575],[105.7734948,20.8873929],[105.7729163,20.8874638],[105.7719177,20.8837129],[105.7723309,20.8835905],[105.7707883,20.8791564],[105.7719177,20.8775581],[105.7683986,20.8743422],[105.7675378,20.8721574],[105.7674965,20.8698244],[105.7598935,20.8747675],[105.7587435,20.8750124],[105.7518017,20.8742197],[105.7519119,20.8773197],[105.749047,20.8738781],[105.7487302,20.8738781],[105.7479107,20.8752251],[105.7461615,20.8752509],[105.7455279,20.8738266],[105.743152,20.8747998],[105.7409758,20.8742133],[105.7405557,20.8750253],[105.7391852,20.8739426],[105.7379319,20.8757471],[105.7391302,20.8810319],[105.7392541,20.8851888],[105.7387583,20.8877538],[105.7370986,20.8909117],[105.7359898,20.8922265],[105.7341717,20.8933737],[105.733242,20.8935863],[105.730694,20.8938441],[105.7268374,20.8930901],[105.7235042,20.8933092],[105.7225745,20.8943017],[105.7226365,20.8952555]]]}}]}