x,y,noise_dB
105.8291663,20.9920637,69.68721731670522
105.8294663,20.9920637,71.61830776435004
105.8297663,20.9920637,71.61830776435004
105.83006629999998,20.9920637,71.60731145408405
105.83036629999998,20.9920637,71.60731145408405
105.83066629999998,20.9920637,71.60731145408405
105.83096629999996,20.9920637,71.61830776435004
105.83126629999995,20.9920637,71.60731145408405
105.83156629999996,20.9920637,71.60731145408405
105.83186629999996,20.9920637,73.56892693912079
105.83216629999995,20.9920637,75.25850909848742
105.83246629999996,20.9920637,75.25850909848742
105.83276629999996,20.9920637,74.34352907379136
105.83306629999994,20.9920637,74.34352907379136
105.83336629999994,20.9920637,75.25850909848742
105.83366629999992,20.9920637,74.34352907379136
105.83396629999991,20.9920637,75.04195882547197
105.83426629999992,20.9920637,75.04195882547197
105.83456629999992,20.9920637,75.84185296004246
105.83486629999992,20.9920637,76.35582576031742
105.83516629999993,20.9920637,76.4594691106653
105.83546629999992,20.9920637,74.32279025298331
105.8357662999999,20.9920637,75.12554613398866
105.8360662999999,20.9920637,72.13568325846943
105.8363662999999,20.9920637,71.20662603561802
105.83666629999988,20.9920637,71.09925688581225
105.83696629999989,20.9920637,61.980673368618625
105.83726629999988,20.9920637,63.556189707937875
105.83756629999988,20.9920637,62.10446697845488
105.83786629999987,20.9920637,55.96613493832314
105.83816629999988,20.9920637,55.41777304780146
105.83846629999988,20.9920637,55.7772056797068
105.83876629999986,20.9920637,56.031796150923114
105.83906629999986,20.9920637,56.22537591388196
105.83936629999984,20.9920637,55.89731096030897
105.83966629999983,20.9920637,56.060430645283105
105.83996629999984,20.9920637,55.53512150322754
105.84026629999984,20.9920637,57.12136583679512
105.84056629999984,20.9920637,55.176886580159405
105.84086629999985,20.9920637,50.257364210417634
105.84116629999984,20.9920637,50.95789740307109
105.84146629999982,20.9920637,44.73156507913089
105.84176629999982,20.9920637,45.86964989731803
105.8420662999998,20.9920637,51.55483384271267
105.8423662999998,20.9920637,48.95057914834054
105.8426662999998,20.9920637,62.42754126829912
105.8429662999998,20.9920637,59.67983794230403
105.8432662999998,20.9920637,59.084636367896294
105.8435662999998,20.9920637,57.3839442555515
105.8438662999998,20.9920637,49.46214457799448
105.84416629999978,20.9920637,48.383660749723674
105.84446629999978,20.9920637,50.65067476079404
105.84476629999978,20.9920637,50.900994112429856
105.84506629999976,20.9920637,52.41180808348513
105.84536629999975,20.9920637,59.79474960917089
105.84566629999976,20.9920637,61.79025042338782
105.84596629999976,20.9920637,71.03056792573632
105.84626629999975,20.9920637,72.91571474892207
105.84656629999976,20.9920637,75.80175697422457
105.84686629999976,20.9920637,76.04544271799644
105.84716629999974,20.9920637,64.92177292800648
105.84746629999974,20.9920637,68.97463578658821
105.84776629999972,20.9920637,67.087108138607
105.84806629999972,20.9920637,68.97463578658821
105.84836629999973,20.9920637,68.97463578658821
105.84866629999972,20.9920637,57.92034486911612
105.84896629999972,20.9920637,59.12286306726229
105.84926629999973,20.9920637,59.33762756488868
105.84956629999972,20.9920637,59.22510174721654
105.8498662999997,20.9920637,59.22510174721654
105.8501662999997,20.9920637,66.00603990359113
105.8504662999997,20.9920637,66.4180187927687
105.85076629999968,20.9920637,76.97499849070738
105.85106629999969,20.9920637,73.1613959614723
105.85136629999968,20.9920637,75.70419803620482
105.85166629999968,20.9920637,73.3903159161267
105.85196629999967,20.9920637,73.3903159161267
105.85226629999968,20.9920637,72.86261106332948
105.85256629999968,20.9920637,72.86261106332948
105.85286629999966,20.9920637,72.86261106332948
105.85316629999966,20.9920637,72.86261106332948
105.85346629999964,20.9920637,72.86261106332948
105.85376629999963,20.9920637,74.01391990089277
105.85406629999964,20.9920637,74.81381403546325
105.85436629999964,20.9920637,74.81381403546325
105.85466629999964,20.9920637,75.36322625401077
105.85496629999965,20.9920637,76.49202454186525
105.85526629999964,20.9920637,73.4218815595152
105.85556629999962,20.9920637,73.39164353369611
105.85586629999962,20.9920637,73.01167537299473
105.8561662999996,20.9920637,72.30098098395459
105.8564662999996,20.9920637,64.51018805061472
105.8567662999996,20.9920637,64.51018805061472
105.8570662999996,20.9920637,64.51018805061472
105.8573662999996,20.9920637,64.51018805061472
105.8576662999996,20.9920637,67.10292267720867
105.8291663,20.9923637,71.61830776435004
105.8294663,20.9923637,69.29794617920753
105.8297663,20.9923637,69.29794617920753
105.83006629999998,20.9923637,71.61830776435004
105.83036629999998,20.9923637,71.60731145408405
105.83066629999998,20.9923637,71.60731145408405
105.83096629999996,20.9923637,73.56892693912079
105.83126629999995,20.9923637,71.60731145408405
105.83156629999996,20.9923637,73.56892693912079
105.83186629999996,20.9923637,75.25850909848742
105.83216629999995,20.9923637,75.25850909848742
105.83246629999996,20.9923637,74.34352907379136
105.83276629999996,20.9923637,76.97065124789694
105.83306629999994,20.9923637,76.97065124789694
105.83336629999994,20.9923637,76.97065124789694
105.83366629999992,20.9923637,75.84185296004246
105.83396629999991,20.9923637,75.04195882547197
105.83426629999992,20.9923637,75.04195882547197
105.83456629999992,20.9923637,74.71017068511539
105.83486629999992,20.9923637,74.63859109541313
105.83516629999993,20.9923637,74.63859109541313
105.83546629999992,20.9923637,73.07451507369687
105.8357662999999,20.9923637,72.61559066216604
105.8360662999999,20.9923637,72.74874703766281
105.8363662999999,20.9923637,72.74874703766281
105.83666629999988,20.9923637,65.20323465660695
105.83696629999989,20.9923637,63.967881381694525
105.83726629999988,20.9923637,62.37002505728845
105.83756629999988,20.9923637,56.293372751234315
105.83786629999987,20.9923637,55.70486253671196
105.83816629999988,20.9923637,61.9786428540327
105.83846629999988,20.9923637,57.886961988576914
105.83876629999986,20.9923637,57.42843132089649
105.83906629999986,20.9923637,57.52387915956727
105.83936629999984,20.9923637,57.00405162575221
105.83966629999983,20.9923637,57.615713804753895
105.83996629999984,20.9923637,60.23541188407096
105.84026629999984,20.9923637,55.04617049624967
105.84056629999984,20.9923637,53.340215911685505
105.84086629999985,20.9923637,56.6081894904392
105.84116629999984,20.9923637,57.05459621140946
105.84146629999982,20.9923637,59.05141145106107
105.84176629999982,20.9923637,56.97968760563295
105.8420662999998,20.9923637,61.69471952552339
105.8423662999998,20.9923637,58.13213792018148
105.8426662999998,20.9923637,56.74915905468289
105.8429662999998,20.9923637,56.131089088699895
105.8432662999998,20.9923637,56.98855742263436
105.8435662999998,20.9923637,59.96406143652216
105.8438662999998,20.9923637,61.62913311041464
105.84416629999978,20.9923637,57.582490805357864
105.84446629999978,20.9923637,53.99505745276345
105.84476629999978,20.9923637,47.153834921690375
105.84506629999976,20.9923637,49.98134108819259
105.84536629999975,20.9923637,61.48052515698494
105.84566629999976,20.9923637,62.52405436234716
105.84596629999976,20.9923637,64.72602453978133
105.84626629999975,20.9923637,66.4897127945058
105.84656629999976,20.9923637,70.2089909059913
105.84686629999976,20.9923637,65.1546121929838
105.84716629999974,20.9923637,65.88458994046083
105.84746629999974,20.9923637,61.0103907152435
105.84776629999972,20.9923637,61.0103907152435
105.84806629999972,20.9923637,61.0103907152435
105.84836629999973,20.9923637,61.0103907152435
105.84866629999972,20.9923637,57.92034486911612
105.84896629999972,20.9923637,59.33762756488868
105.84926629999973,20.9923637,58.79757048776115
105.84956629999972,20.9923637,59.39148310020471
105.8498662999997,20.9923637,58.79757048776115
105.8501662999997,20.9923637,59.22510174721654
105.8504662999997,20.9923637,59.01033724959015
105.85076629999968,20.9923637,68.22644489789349
105.85106629999969,20.9923637,76.63375380891576
105.85136629999968,20.9923637,73.4183465431714
105.85166629999968,20.9923637,72.61559066216604
105.85196629999967,20.9923637,75.70419803620482
105.85226629999968,20.9923637,75.70419803620482
105.85256629999968,20.9923637,75.1005522430817
105.85286629999966,20.9923637,75.1005522430817
105.85316629999966,20.9923637,75.1005522430817
105.85346629999964,20.9923637,75.1005522430817
105.85376629999963,20.9923637,72.86261106332948
105.85406629999964,20.9923637,73.59925156371644
105.85436629999964,20.9923637,74.81381403546325
105.85466629999964,20.9923637,76.4594691106653
105.85496629999965,20.9923637,75.93396150687376
105.85526629999964,20.9923637,75.1005522430817
105.85556629999962,20.9923637,71.42135776310509
105.85586629999962,20.9923637,74.89371561054855
105.8561662999996,20.9923637,64.51018805061472
105.8564662999996,20.9923637,64.51018805061472
105.8567662999996,20.9923637,64.72495254824109
105.8570662999996,20.9923637,66.4649907466083
105.8573662999996,20.9923637,66.4649907466083
105.8576662999996,20.9923637,64.72495254824109
105.8291663,20.9926637,69.00759606469633
105.8294663,20.9926637,69.00759606469633
105.8297663,20.9926637,70.50133110273542
105.83006629999998,20.9926637,69.68721731670522
105.83036629999998,20.9926637,71.60731145408405
105.83066629999998,20.9926637,73.56892693912079
105.83096629999996,20.9926637,73.56892693912079
105.83126629999995,20.9926637,73.56892693912079
105.83156629999996,20.9926637,73.56892693912079
105.83186629999996,20.9926637,75.25850909848742
105.83216629999995,20.9926637,74.34352907379136
105.83246629999996,20.9926637,76.97065124789694
105.83276629999996,20.9926637,74.34352907379136
105.83306629999994,20.9926637,76.97065124789694
105.83336629999994,20.9926637,75.04195882547197
105.83366629999992,20.9926637,75.04195882547197
105.83396629999991,20.9926637,75.04195882547197
105.83426629999992,20.9926637,75.84185296004246
105.83456629999992,20.9926637,75.43848522998363
105.83486629999992,20.9926637,74.63859109541313
105.83516629999993,20.9926637,73.3903159161267
105.83546629999992,20.9926637,72.61559066216604
105.8357662999999,20.9926637,72.56043579220402
105.8360662999999,20.9926637,76.19068996923819
105.8363662999999,20.9926637,73.97028497493584
105.83666629999988,20.9926637,67.1782406751271
105.83696629999989,20.9926637,66.50705878287847
105.83726629999988,20.9926637,63.36194320367997
105.83756629999988,20.9926637,57.8356972132473
105.83786629999987,20.9926637,56.117486294841
105.83816629999988,20.9926637,65.0315304405418
105.83846629999988,20.9926637,55.29711509491737
105.83876629999986,20.9926637,53.1859010182861
105.83906629999986,20.9926637,54.00977505073813
105.83936629999984,20.9926637,53.29845099253651
105.83966629999983,20.9926637,56.10447230801759
105.83996629999984,20.9926637,55.68728186563541
105.84026629999984,20.9926637,57.46001497865751
105.84056629999984,20.9926637,55.373883462640165
105.84086629999985,20.9926637,60.55327341589259
105.84116629999984,20.9926637,59.919566812726075
105.84146629999982,20.9926637,63.22247318551065
105.84176629999982,20.9926637,62.213516385708104
105.8420662999998,20.9926637,64.32997881793365
105.8423662999998,20.9926637,67.43919149495461
105.8426662999998,20.9926637,67.44831801473062
105.8429662999998,20.9926637,60.51916412565109
105.8432662999998,20.9926637,48.58628875140012
105.8435662999998,20.9926637,48.65274089763701
105.8438662999998,20.9926637,57.861607073036055
105.84416629999978,20.9926637,55.751632603448854
105.84446629999978,20.9926637,57.369031906758735
105.84476629999978,20.9926637,57.75329148260218
105.84506629999976,20.9926637,57.13341761072026
105.84536629999975,20.9926637,61.37583674574867
105.84566629999976,20.9926637,62.41415545084887
105.84596629999976,20.9926637,60.849086619663666
105.84626629999975,20.9926637,62.56386992942278
105.84656629999976,20.9926637,63.956618793133245
105.84686629999976,20.9926637,64.61832628746409
105.84716629999974,20.9926637,58.97853173699653
105.84746629999974,20.9926637,61.0103907152435
105.84776629999972,20.9926637,61.22515521286989
105.84806629999972,20.9926637,61.22515521286989
105.84836629999973,20.9926637,58.13510936674251
105.84866629999972,20.9926637,61.22515521286989
105.84896629999972,20.9926637,59.39148310020471
105.84926629999973,20.9926637,64.05709179759857
105.84956629999972,20.9926637,62.08926222232127
105.8498662999997,20.9926637,62.41855144178602
105.8501662999997,20.9926637,58.63993192614615
105.8504662999997,20.9926637,60.334103896681526
105.85076629999968,20.9926637,56.94121232872864
105.85106629999969,20.9926637,73.29455233696906
105.85136629999968,20.9926637,73.96415184247765
105.85166629999968,20.9926637,73.4183465431714
105.85196629999967,20.9926637,73.96415184247765
105.85226629999968,20.9926637,73.1613959614723
105.85256629999968,20.9926637,74.89371561054855
105.85286629999966,20.9926637,74.89371561054855
105.85316629999966,20.9926637,74.89371561054855
105.85346629999964,20.9926637,74.89371561054855
105.85376629999963,20.9926637,75.1005522430817
105.85406629999964,20.9926637,72.93235813584351
105.85436629999964,20.9926637,73.56514341204179
105.85466629999964,20.9926637,75.27405212142736
105.85496629999965,20.9926637,76.04544271799644
105.85526629999964,20.9926637,73.43875106400664
105.85556629999962,20.9926637,76.9111089114501
105.85586629999962,20.9926637,64.59619072085931
105.8561662999996,20.9926637,68.44120939551986
105.8564662999996,20.9926637,66.22080440121752
105.8567662999996,20.9926637,64.24964409677689
105.8570662999996,20.9926637,64.84355670922045
105.8573662999996,20.9926637,64.49383044216766
105.8576662999996,20.9926637,64.49383044216766
105.8291663,20.992963699999997,70.13083524741488
105.8294663,20.992963699999997,70.07316108755003
105.8297663,20.992963699999997,70.77258006968567
105.83006629999998,20.992963699999997,69.00759606469633
105.83036629999998,20.992963699999997,69.29794617920753
105.83066629999998,20.992963699999997,71.61830776435004
105.83096629999996,20.992963699999997,73.56892693912079
105.83126629999995,20.992963699999997,75.25850909848742
105.83156629999996,20.992963699999997,75.25850909848742
105.83186629999996,20.992963699999997,75.25850909848742
105.83216629999995,20.992963699999997,75.25850909848742
105.83246629999996,20.992963699999997,75.25850909848742
105.83276629999996,20.992963699999997,75.04195882547197
105.83306629999994,20.992963699999997,75.04195882547197
105.83336629999994,20.992963699999997,75.04195882547197
105.83366629999992,20.992963699999997,75.04195882547197
105.83396629999991,20.992963699999997,75.04195882547197
105.83426629999992,20.992963699999997,74.01391990089277
105.83456629999992,20.992963699999997,74.63859109541313
105.83486629999992,20.992963699999997,74.19021005069719
105.83516629999993,20.992963699999997,73.25864882643229
105.83546629999992,20.992963699999997,76.19068996923819
105.8357662999999,20.992963699999997,76.19068996923819
105.8360662999999,20.992963699999997,66.77998792681481
105.8363662999999,20.992963699999997,58.52777562125824
105.83666629999988,20.992963699999997,58.751917775327726
105.83696629999989,20.992963699999997,56.38541068150569
105.83726629999988,20.992963699999997,55.17640530550352
105.83756629999988,20.992963699999997,48.18845276101388
105.83786629999987,20.992963699999997,54.98634803227266
105.83816629999988,20.992963699999997,57.96925870356056
105.83846629999988,20.992963699999997,52.59213535372024
105.83876629999986,20.992963699999997,49.22483284138255
105.83906629999986,20.992963699999997,51.045086128174844
105.83936629999984,20.992963699999997,53.09631040038816
105.83966629999983,20.992963699999997,56.7013117908178
105.83996629999984,20.992963699999997,60.3012218480209
105.84026629999984,20.992963699999997,60.80856528368129
105.84056629999984,20.992963699999997,61.22402074167523
105.84086629999985,20.992963699999997,64.07408129098786
105.84116629999984,20.992963699999997,59.59200559869939
105.84146629999982,20.992963699999997,68.470523540105
105.84176629999982,20.992963699999997,62.09495208835453
105.8420662999998,20.992963699999997,60.109953775539694
105.8423662999998,20.992963699999997,65.37332424577612
105.8426662999998,20.992963699999997,67.89718859297643
105.8429662999998,20.992963699999997,62.610511171632
105.8432662999998,20.992963699999997,60.85290199429197
105.8435662999998,20.992963699999997,58.22854116079584
105.8438662999998,20.992963699999997,48.41425429498929
105.84416629999978,20.992963699999997,55.151180429137
105.84446629999978,20.992963699999997,45.9038249791398
105.84476629999978,20.992963699999997,53.03706429071079
105.84506629999976,20.992963699999997,52.408347984608355
105.84536629999975,20.992963699999997,54.00656095280645
105.84566629999976,20.992963699999997,60.24350709983953
105.84596629999976,20.992963699999997,60.85225104992439
105.84626629999975,20.992963699999997,58.45861680656559
105.84656629999976,20.992963699999997,60.702478991049944
105.84686629999976,20.992963699999997,65.46557810487586
105.84716629999974,20.992963699999997,57.241363110281696
105.84746629999974,20.992963699999997,58.13510936674251
105.84776629999972,20.992963699999997,58.686776237324025
105.84806629999972,20.992963699999997,57.95013378757558
105.84836629999973,20.992963699999997,62.86968019511926
105.84866629999972,20.992963699999997,59.407008173639454
105.84896629999972,20.992963699999997,62.08962138857159
105.84926629999973,20.992963699999997,63.31005494281102
105.84956629999972,20.992963699999997,68.09453318865175
105.8498662999997,20.992963699999997,63.28836465109312
105.8501662999997,20.992963699999997,59.99739930691537
105.8504662999997,20.992963699999997,60.04975208792369
105.85076629999968,20.992963699999997,57.53437592090849
105.85106629999969,20.992963699999997,64.93482256800279
105.85136629999968,20.992963699999997,74.24150694501199
105.85166629999968,20.992963699999997,74.24150694501199
105.85196629999967,20.992963699999997,64.59619072085931
105.85226629999968,20.992963699999997,64.59619072085931
105.85256629999968,20.992963699999997,64.49228775632979
105.85286629999966,20.992963699999997,68.12254193336396
105.85316629999966,20.992963699999997,60.87147969091493
105.85346629999964,20.992963699999997,60.87147969091493
105.85376629999963,20.992963699999997,66.77474497627358
105.85406629999964,20.992963699999997,67.087108138607
105.85436629999964,20.992963699999997,67.92063711171113
105.85466629999964,20.992963699999997,64.94441944914611
105.85496629999965,20.992963699999997,66.55232557394451
105.85526629999964,20.992963699999997,68.97463578658821
105.85556629999962,20.992963699999997,57.687505604138806
105.85586629999962,20.992963699999997,57.687505604138806
105.8561662999996,20.992963699999997,57.362213024637654
105.8564662999996,20.992963699999997,60.61244220794306
105.8567662999996,20.992963699999997,65.03312702607583
105.8570662999996,20.992963699999997,65.34301555181781
105.8573662999996,20.992963699999997,65.34301555181781
105.8576662999996,20.992963699999997,65.30026480461909
105.8291663,20.993263699999996,71.66023641818627
105.8294663,20.993263699999996,71.36683690614616
105.8297663,20.993263699999996,71.77182666791018
105.83006629999998,20.993263699999996,70.77258006968567
105.83036629999998,20.993263699999996,69.00759606469633
105.83066629999998,20.993263699999996,71.61830776435004
105.83096629999996,20.993263699999996,71.60731145408405
105.83126629999995,20.993263699999996,75.25850909848742
105.83156629999996,20.993263699999996,75.25850909848742
105.83186629999996,20.993263699999996,75.25850909848742
105.83216629999995,20.993263699999996,74.34352907379136
105.83246629999996,20.993263699999996,74.34352907379136
105.83276629999996,20.993263699999996,76.97065124789694
105.83306629999994,20.993263699999996,75.04195882547197
105.83336629999994,20.993263699999996,75.04195882547197
105.83366629999992,20.993263699999996,75.04195882547197
105.83396629999991,20.993263699999996,75.04195882547197
105.83426629999992,20.993263699999996,74.63859109541313
105.83456629999992,20.993263699999996,73.3903159161267
105.83486629999992,20.993263699999996,73.25864882643229
105.83516629999993,20.993263699999996,74.04101918232179
105.83546629999992,20.993263699999996,76.19068996923819
105.8357662999999,20.993263699999996,68.22644489789349
105.8360662999999,20.993263699999996,66.77998792681481
105.8363662999999,20.993263699999996,58.95958590237217
105.83666629999988,20.993263699999996,58.95958590237217
105.83696629999989,20.993263699999996,59.16563816595625
105.83726629999988,20.993263699999996,52.90119766377944
105.83756629999988,20.993263699999996,48.032338852183344
105.83786629999987,20.993263699999996,58.46869666631717
105.83816629999988,20.993263699999996,54.121908575086835
105.83846629999988,20.993263699999996,51.47239532771236
105.83876629999986,20.993263699999996,48.56541698109395
105.83906629999986,20.993263699999996,55.48967446434766
105.83936629999984,20.993263699999996,55.3164140921707
105.83966629999983,20.993263699999996,58.61496195667644
105.83996629999984,20.993263699999996,58.87111082753762
105.84026629999984,20.993263699999996,64.47728171842323
105.84056629999984,20.993263699999996,63.83328796581711
105.84086629999985,20.993263699999996,63.17390583402069
105.84116629999984,20.993263699999996,64.40821418159278
105.84146629999982,20.993263699999996,63.597095807994336
105.84176629999982,20.993263699999996,64.0543282844014
105.8420662999998,20.993263699999996,60.84894255776493
105.8423662999998,20.993263699999996,57.9117046522195
105.8426662999998,20.993263699999996,64.22566699829191
105.8429662999998,20.993263699999996,61.34981835995049
105.8432662999998,20.993263699999996,59.63887293179576
105.8435662999998,20.993263699999996,59.742154993457774
105.8438662999998,20.993263699999996,56.4465659251655
105.84416629999978,20.993263699999996,55.83027403071574
105.84446629999978,20.993263699999996,52.72081981316214
105.84476629999978,20.993263699999996,45.881864934601566
105.84506629999976,20.993263699999996,44.97151963411596
105.84536629999975,20.993263699999996,44.306592215158354
105.84566629999976,20.993263699999996,54.69639673647457
105.84596629999976,20.993263699999996,64.00862455729622
105.84626629999975,20.993263699999996,47.48177972744671
105.84656629999976,20.993263699999996,50.79134281901289
105.84686629999976,20.993263699999996,54.5310585385442
105.84716629999974,20.993263699999996,58.014042886389646
105.84746629999974,20.993263699999996,57.531557158988406
105.84776629999972,20.993263699999996,57.95013378757558
105.84806629999972,20.993263699999996,62.8681627350644
105.84836629999973,20.993263699999996,65.5666610868227
105.84866629999972,20.993263699999996,61.45787506251111
105.84896629999972,20.993263699999996,59.922240158253715
105.84926629999973,20.993263699999996,64.11410301622062
105.84956629999972,20.993263699999996,65.6823961649948
105.8498662999997,20.993263699999996,62.24377666104398
105.8501662999997,20.993263699999996,59.899898956191095
105.8504662999997,20.993263699999996,57.459099940666306
105.85076629999968,20.993263699999996,55.17640530550352
105.85106629999969,20.993263699999996,56.38541068150569
105.85136629999968,20.993263699999996,66.80721486770328
105.85166629999968,20.993263699999996,57.687505604138806
105.85196629999967,20.993263699999996,64.59619072085931
105.85226629999968,20.993263699999996,57.90227010176518
105.85256629999968,20.993263699999996,58.13510936674251
105.85286629999966,20.993263699999996,61.22515521286989
105.85316629999966,20.993263699999996,61.18462309576549
105.85346629999964,20.993263699999996,59.17854554150935
105.85376629999963,20.993263699999996,59.17854554150935
105.85406629999964,20.993263699999996,66.74865637408598
105.85436629999964,20.993263699999996,64.98866398739673
105.85466629999964,20.993263699999996,63.2571059244151
105.85496629999965,20.993263699999996,65.14640399847671
105.85526629999964,20.993263699999996,58.750664899175206
105.85556629999962,20.993263699999996,58.202468390913154
105.85586629999962,20.993263699999996,58.72827295892236
105.8561662999996,20.993263699999996,57.41465397562639
105.8564662999996,20.993263699999996,62.44474687279374
105.8567662999996,20.993263699999996,63.313694784433466
105.8570662999996,20.993263699999996,64.42174674757375
105.8573662999996,20.993263699999996,68.11857165922859
105.8576662999996,20.993263699999996,70.67363068433352
105.8291663,20.993563699999996,74.29047514379582
105.8294663,20.993563699999996,71.73034593450657
105.8297663,20.993563699999996,71.8595324520755
105.83006629999998,20.993563699999996,71.77182666791018
105.83036629999998,20.993563699999996,70.77258006968567
105.83066629999998,20.993563699999996,69.29794617920753
105.83096629999996,20.993563699999996,71.61830776435004
105.83126629999995,20.993563699999996,71.60731145408405
105.83156629999996,20.993563699999996,73.56892693912079
105.83186629999996,20.993563699999996,75.25850909848742
105.83216629999995,20.993563699999996,75.25850909848742
105.83246629999996,20.993563699999996,76.97065124789694
105.83276629999996,20.993563699999996,76.97065124789694
105.83306629999994,20.993563699999996,76.97065124789694
105.83336629999994,20.993563699999996,76.97065124789694
105.83366629999992,20.993563699999996,76.97065124789694
105.83396629999991,20.993563699999996,76.35582576031742
105.83426629999992,20.993563699999996,77.08414030518566
105.83456629999992,20.993563699999996,75.83586512589922
105.83486629999992,20.993563699999996,75.70419803620482
105.83516629999993,20.993563699999996,76.19068996923819
105.83546629999992,20.993563699999996,68.22644489789349
105.8357662999999,20.993563699999996,66.00603990359113
105.8360662999999,20.993563699999996,58.95958590237217
105.8363662999999,20.993563699999996,59.0134414376882
105.83666629999988,20.993563699999996,62.93665825645755
105.83696629999989,20.993563699999996,56.772491201487426
105.83726629999988,20.993563699999996,53.68841629859179
105.83756629999988,20.993563699999996,55.05189429466047
105.83786629999987,20.993563699999996,57.206296350991295
105.83816629999988,20.993563699999996,49.10759324686755
105.83846629999988,20.993563699999996,54.33069860131927
105.83876629999986,20.993563699999996,55.46029977416899
105.83906629999986,20.993563699999996,55.40303457745
105.83936629999984,20.993563699999996,60.231127351416305
105.83966629999983,20.993563699999996,56.90149840772405
105.83996629999984,20.993563699999996,61.39519790836644
105.84026629999984,20.993563699999996,64.08709375324696
105.84056629999984,20.993563699999996,62.038014789064064
105.84086629999985,20.993563699999996,62.19835059755923
105.84116629999984,20.993563699999996,64.13311207857996
105.84146629999982,20.993563699999996,63.69867449676802
105.84176629999982,20.993563699999996,62.49980212559615
105.8420662999998,20.993563699999996,61.92344913360163
105.8423662999998,20.993563699999996,60.79060208487526
105.8426662999998,20.993563699999996,59.67938520237735
105.8429662999998,20.993563699999996,62.905085432870024
105.8432662999998,20.993563699999996,61.40763835082582
105.8435662999998,20.993563699999996,67.28167251199869
105.8438662999998,20.993563699999996,60.309638159141585
105.84416629999978,20.993563699999996,56.13836630618961
105.84446629999978,20.993563699999996,56.75939011763231
105.84476629999978,20.993563699999996,52.27621187129675
105.84506629999976,20.993563699999996,45.825708092124174
105.84536629999975,20.993563699999996,46.081565708768544
105.84566629999976,20.993563699999996,52.6378318133973
105.84596629999976,20.993563699999996,52.6535789624937
105.84626629999975,20.993563699999996,55.06658830129841
105.84656629999976,20.993563699999996,47.75258030867818
105.84686629999976,20.993563699999996,51.87192792969941
105.84716629999974,20.993563699999996,58.78767991948001
105.84746629999974,20.993563699999996,58.763142158974944
105.84776629999972,20.993563699999996,59.855262096915425
105.84806629999972,20.993563699999996,64.13809853357576
105.84836629999973,20.993563699999996,65.90431269095949
105.84866629999972,20.993563699999996,62.99172126163177
105.84896629999972,20.993563699999996,55.42641943527066
105.84926629999973,20.993563699999996,60.163784569930016
105.84956629999972,20.993563699999996,60.925859523864304
105.8498662999997,20.993563699999996,62.13962744851989
105.8501662999997,20.993563699999996,57.40700439662575
105.8504662999997,20.993563699999996,53.838954323964714
105.85076629999968,20.993563699999996,52.85163952908036
105.85106629999969,20.993563699999996,52.479214942056785
105.85136629999968,20.993563699999996,55.17640530550352
105.85166629999968,20.993563699999996,57.22333585052567
105.85196629999967,20.993563699999996,57.837221642733994
105.85226629999968,20.993563699999996,56.87829193874444
105.85256629999968,20.993563699999996,58.87433055292416
105.85286629999966,20.993563699999996,61.003423367930864
105.85316629999966,20.993563699999996,58.54756022361636
105.85346629999964,20.993563699999996,58.167245237944115
105.85376629999963,20.993563699999996,57.07064652535077
105.85406629999964,20.993563699999996,63.34667270503719
105.85436629999964,20.993563699999996,63.3665689410866
105.85466629999964,20.993563699999996,60.39869948742394
105.85496629999965,20.993563699999996,61.335918177262215
105.85526629999964,20.993563699999996,53.11265412826906
105.85556629999962,20.993563699999996,56.36955728718239
105.85586629999962,20.993563699999996,57.56100192717351
105.8561662999996,20.993563699999996,61.65546464739721
105.8564662999996,20.993563699999996,66.08135046536837
105.8567662999996,20.993563699999996,68.47950119015873
105.8570662999996,20.993563699999996,66.73527238690453
105.8573662999996,20.993563699999996,66.63417822662062
105.8576662999996,20.993563699999996,66.29918191497127
105.8291663,20.993863699999995,75.24587435023717
105.8294663,20.993863699999995,75.18881313679854
105.8297663,20.993863699999995,71.82401988549309
105.83006629999998,20.993863699999995,71.36683690614616
105.83036629999998,20.993863699999995,69.78162317718566
105.83066629999998,20.993863699999995,70.6024085369089
105.83096629999996,20.993863699999995,69.29794617920753
105.83126629999995,20.993863699999995,71.61830776435004
105.83156629999996,20.993863699999995,71.60731145408405
105.83186629999996,20.993863699999995,73.56892693912079
105.83216629999995,20.993863699999995,73.56892693912079
105.83246629999996,20.993863699999995,75.25850909848742
105.83276629999996,20.993863699999995,74.34352907379136
105.83306629999994,20.993863699999995,74.34352907379136
105.83336629999994,20.993863699999995,74.34352907379136
105.83366629999992,20.993863699999995,76.97065124789694
105.83396629999991,20.993863699999995,74.32279025298331
105.83426629999992,20.993863699999995,74.32279025298331
105.83456629999992,20.993863699999995,73.07451507369687
105.83486629999992,20.993863699999995,72.61559066216604
105.83516629999993,20.993863699999995,76.19068996923819
105.83546629999992,20.993863699999995,68.22644489789349
105.8357662999999,20.993863699999995,68.44120939551986
105.8360662999999,20.993863699999995,59.00457221799405
105.8363662999999,20.993863699999995,62.39022086096844
105.83666629999988,20.993863699999995,65.15429346387546
105.83696629999989,20.993863699999995,61.71501812335764
105.83726629999988,20.993863699999995,57.093029938365234
105.83756629999988,20.993863699999995,58.8061312659751
105.83786629999987,20.993863699999995,56.703164637725365
105.83816629999988,20.993863699999995,51.51964109447743
105.83846629999988,20.993863699999995,55.46557559488353
105.83876629999986,20.993863699999995,56.317470268151595
105.83906629999986,20.993863699999995,55.741268426039014
105.83936629999984,20.993863699999995,62.37210366778419
105.83966629999983,20.993863699999995,57.79688921783965
105.83996629999984,20.993863699999995,59.14828445969475
105.84026629999984,20.993863699999995,65.60241348849549
105.84056629999984,20.993863699999995,62.06070855245363
105.84086629999985,20.993863699999995,61.786007244607816
105.84116629999984,20.993863699999995,66.01696453600131
105.84146629999982,20.993863699999995,66.10102102539214
105.84176629999982,20.993863699999995,69.9480772547791
105.8420662999998,20.993863699999995,68.80221361454312
105.8423662999998,20.993863699999995,66.05199170543602
105.8426662999998,20.993863699999995,67.03172354199454
105.8429662999998,20.993863699999995,64.07167367960903
105.8432662999998,20.993863699999995,61.35591232419648
105.8435662999998,20.993863699999995,61.59932705972271
105.8438662999998,20.993863699999995,60.070556563732296
105.84416629999978,20.993863699999995,54.81120987038214
105.84446629999978,20.993863699999995,53.39589483808285
105.84476629999978,20.993863699999995,53.82029875394079
105.84506629999976,20.993863699999995,52.36620431849842
105.84536629999975,20.993863699999995,47.31043261694988
105.84566629999976,20.993863699999995,56.3988291970968
105.84596629999976,20.993863699999995,59.439038705871184
105.84626629999975,20.993863699999995,58.66749738302532
105.84656629999976,20.993863699999995,59.270589747552265
105.84686629999976,20.993863699999995,60.81029217757026
105.84716629999974,20.993863699999995,64.83530279389633
105.84746629999974,20.993863699999995,63.68749801713372
105.84776629999972,20.993863699999995,63.430247378263104
105.84806629999972,20.993863699999995,65.26760329446482
105.84836629999973,20.993863699999995,64.85225978167307
105.84866629999972,20.993863699999995,61.55510317865971
105.84896629999972,20.993863699999995,56.66992167227936
105.84926629999973,20.993863699999995,58.276398103170536
105.84956629999972,20.993863699999995,60.33079950734374
105.8498662999997,20.993863699999995,60.11138990146672
105.8501662999997,20.993863699999995,60.82104188370475
105.8504662999997,20.993863699999995,55.849515494527296
105.85076629999968,20.993863699999995,55.351383221025486
105.85106629999969,20.993863699999995,52.472837179536114
105.85136629999968,20.993863699999995,51.63110594063279
105.85166629999968,20.993863699999995,52.76536121889407
105.85196629999967,20.993863699999995,56.68849073197772
105.85226629999968,20.993863699999995,61.57257892814432
105.85256629999968,20.993863699999995,63.943117597654506
105.85286629999966,20.993863699999995,61.13034230243903
105.85316629999966,20.993863699999995,60.110465098301304
105.85346629999964,20.993863699999995,57.06191085919127
105.85376629999963,20.993863699999995,56.22210671997931
105.85406629999964,20.993863699999995,56.06062734588232
105.85436629999964,20.993863699999995,59.765260301211654
105.85466629999964,20.993863699999995,59.43621514861067
105.85496629999965,20.993863699999995,59.48077949904908
105.85526629999964,20.993863699999995,52.84009975056619
105.85556629999962,20.993863699999995,54.32168386111009
105.85586629999962,20.993863699999995,55.35159660425363
105.8561662999996,20.993863699999995,59.720085209507616
105.8564662999996,20.993863699999995,65.84683492206644
105.8567662999996,20.993863699999995,68.97827249111408
105.8570662999996,20.993863699999995,69.12405387061342
105.8573662999996,20.993863699999995,68.27744836576744
105.8576662999996,20.993863699999995,62.82262978410607
105.8291663,20.99416369999999,72.56488266515065
105.8294663,20.99416369999999,75.97535188206726
105.8297663,20.99416369999999,74.36703174840315
105.83006629999998,20.99416369999999,71.73034593450657
105.83036629999998,20.99416369999999,71.77182666791018
105.83066629999998,20.99416369999999,69.71383917442326
105.83096629999996,20.99416369999999,70.50133110273542
105.83126629999995,20.99416369999999,69.68721731670522
105.83156629999996,20.99416369999999,71.60731145408405
105.83186629999996,20.99416369999999,73.56892693912079
105.83216629999995,20.99416369999999,73.56892693912079
105.83246629999996,20.99416369999999,74.34352907379136
105.83276629999996,20.99416369999999,76.97065124789694
105.83306629999994,20.99416369999999,76.97065124789694
105.83336629999994,20.99416369999999,76.97065124789694
105.83366629999992,20.99416369999999,76.97065124789694
105.83396629999991,20.99416369999999,77.08414030518566
105.83426629999992,20.99416369999999,77.08414030518566
105.83456629999992,20.99416369999999,75.70419803620482
105.83486629999992,20.99416369999999,74.04101918232179
105.83516629999993,20.99416369999999,73.97028497493584
105.83546629999992,20.99416369999999,68.22644489789349
105.8357662999999,20.99416369999999,61.22515521286989
105.8360662999999,20.99416369999999,59.64408299287896
105.8363662999999,20.99416369999999,61.48593612612086
105.83666629999988,20.99416369999999,65.67586224614973
105.83696629999989,20.99416369999999,65.64275004945617
105.83726629999988,20.99416369999999,55.73245594411239
105.83756629999988,20.99416369999999,59.702254602634895
105.83786629999987,20.99416369999999,57.836810968055474
105.83816629999988,20.99416369999999,55.26552911398794
105.83846629999988,20.99416369999999,57.39283783462051
105.83876629999986,20.99416369999999,56.84043148431816
105.83906629999986,20.99416369999999,59.55659421787263
105.83936629999984,20.99416369999999,61.77740405342257
105.83966629999983,20.99416369999999,59.34405512075092
105.83996629999984,20.99416369999999,61.68387728555764
105.84026629999984,20.99416369999999,65.21266172984127
105.84056629999984,20.99416369999999,62.028462654105155
105.84086629999985,20.99416369999999,62.32641480958455
105.84116629999984,20.99416369999999,63.04532577243573
105.84146629999982,20.99416369999999,69.91684721514702
105.84176629999982,20.99416369999999,65.11095055194632
105.8420662999998,20.99416369999999,66.99613642228115
105.8423662999998,20.99416369999999,68.34380332876786
105.8426662999998,20.99416369999999,64.81757165065704
105.8429662999998,20.99416369999999,59.85708088542229
105.8432662999998,20.99416369999999,64.59958841417684
105.8435662999998,20.99416369999999,59.75605862795885
105.8438662999998,20.99416369999999,58.62619459061872
105.84416629999978,20.99416369999999,57.75810492980578
105.84446629999978,20.99416369999999,56.78286433650793
105.84476629999978,20.99416369999999,59.130499803020115
105.84506629999976,20.99416369999999,59.67517671223885
105.84536629999975,20.99416369999999,57.82270700223869
105.84566629999976,20.99416369999999,53.69325903377353
105.84596629999976,20.99416369999999,51.32769399951717
105.84626629999975,20.99416369999999,61.2751463217718
105.84656629999976,20.99416369999999,61.13648278224852
105.84686629999976,20.99416369999999,60.632738081872645
105.84716629999974,20.99416369999999,63.28426349449899
105.84746629999974,20.99416369999999,63.35106030914933
105.84776629999972,20.99416369999999,65.98546939015952
105.84806629999972,20.99416369999999,68.74187554345349
105.84836629999973,20.99416369999999,68.70981240270105
105.84866629999972,20.99416369999999,67.15411093043951
105.84896629999972,20.99416369999999,63.19134558330833
105.84926629999973,20.99416369999999,56.78884069264016
105.84956629999972,20.99416369999999,59.98873965706045
105.8498662999997,20.99416369999999,62.2352864669367
105.8501662999997,20.99416369999999,58.905641010870426
105.8504662999997,20.99416369999999,52.078353083742286
105.85076629999968,20.99416369999999,52.32867243537811
105.85106629999969,20.99416369999999,50.25781011315959
105.85136629999968,20.99416369999999,51.98405585285868
105.85166629999968,20.99416369999999,52.142425035626104
105.85196629999967,20.99416369999999,53.48989422353938
105.85226629999968,20.99416369999999,56.77238995441192
105.85256629999968,20.99416369999999,60.48585292320733
105.85286629999966,20.99416369999999,61.13879074607638
105.85316629999966,20.99416369999999,56.5074587815498
105.85346629999964,20.99416369999999,55.55669999664782
105.85376629999963,20.99416369999999,53.647748113502885
105.85406629999964,20.99416369999999,53.4862687394059
105.85436629999964,20.99416369999999,50.72837157574676
105.85466629999964,20.99416369999999,50.38894885251682
105.85496629999965,20.99416369999999,50.38894885251682
105.85526629999964,20.99416369999999,52.03403113831859
105.85556629999962,20.99416369999999,52.36963757035387
105.85586629999962,20.99416369999999,52.95886876627249
105.8561662999996,20.99416369999999,55.32005581296258
105.8564662999996,20.99416369999999,65.34185965413039
105.8567662999996,20.99416369999999,67.54884387565573
105.8570662999996,20.99416369999999,66.07993535229261
105.8573662999996,20.99416369999999,68.64290620058154
105.8576662999996,20.99416369999999,62.44474687279374
105.8291663,20.994463699999994,72.45838932843508
105.8294663,20.994463699999994,75.87056910052456
105.8297663,20.994463699999994,76.50796000968928
105.83006629999998,20.994463699999994,71.66023641818627
105.83036629999998,20.994463699999994,71.82401988549309
105.83066629999998,20.994463699999994,71.77182666791018
105.83096629999996,20.994463699999994,69.64572636219334
105.83126629999995,20.994463699999994,69.00759606469633
105.83156629999996,20.994463699999994,69.68721731670522
105.83186629999996,20.994463699999994,71.60731145408405
105.83216629999995,20.994463699999994,73.56892693912079
105.83246629999996,20.994463699999994,75.25850909848742
105.83276629999996,20.994463699999994,76.97065124789694
105.83306629999994,20.994463699999994,75.25850909848742
105.83336629999994,20.994463699999994,74.34352907379136
105.83366629999992,20.994463699999994,74.34352907379136
105.83396629999991,20.994463699999994,77.08414030518566
105.83426629999992,20.994463699999994,77.08414030518566
105.83456629999992,20.994463699999994,75.70419803620482
105.83486629999992,20.994463699999994,76.63375380891576
105.83516629999993,20.994463699999994,76.19068996923819
105.83546629999992,20.994463699999994,68.22644489789349
105.8357662999999,20.994463699999994,57.837221642733994
105.8360662999999,20.994463699999994,56.530527681154695
105.8363662999999,20.994463699999994,60.31336670072088
105.83666629999988,20.994463699999994,63.784123648794946
105.83696629999989,20.994463699999994,66.01370988887555
105.83726629999988,20.994463699999994,56.88223938593413
105.83756629999988,20.994463699999994,58.39443383937427
105.83786629999987,20.994463699999994,59.49967384851813
105.83816629999988,20.994463699999994,58.00934664122309
105.83846629999988,20.994463699999994,53.86989732151811
105.83876629999986,20.994463699999994,56.52130066629451
105.83906629999986,20.994463699999994,58.76913828349912
105.83936629999984,20.994463699999994,61.293550418566454
105.83966629999983,20.994463699999994,56.76521268080232
105.83996629999984,20.994463699999994,59.8790392710344
105.84026629999984,20.994463699999994,64.03233446780055
105.84056629999984,20.994463699999994,62.65752002506129
105.84086629999985,20.994463699999994,64.50119561083413
105.84116629999984,20.994463699999994,66.47129014983429
105.84146629999982,20.994463699999994,69.31152995642508
105.84176629999982,20.994463699999994,65.19228895879361
105.8420662999998,20.994463699999994,58.89730467040846
105.8423662999998,20.994463699999994,66.10369779320988
105.8426662999998,20.994463699999994,63.35674724887872
105.8429662999998,20.994463699999994,66.13922232587004
105.8432662999998,20.994463699999994,63.3590572177452
105.8435662999998,20.994463699999994,58.17808240099616
105.8438662999998,20.994463699999994,60.79344331433188
105.84416629999978,20.994463699999994,57.58647966053046
105.84446629999978,20.994463699999994,59.37210937541025
105.84476629999978,20.994463699999994,62.67435659047884
105.84506629999976,20.994463699999994,62.30856439811933
105.84536629999975,20.994463699999994,60.388477975772105
105.84566629999976,20.994463699999994,54.706808817646646
105.84596629999976,20.994463699999994,55.69013631413945
105.84626629999975,20.994463699999994,57.668277222537014
105.84656629999976,20.994463699999994,67.99922210115976
105.84686629999976,20.994463699999994,65.59837530324019
105.84716629999974,20.994463699999994,66.34783763021775
105.84746629999974,20.994463699999994,70.01896031239274
105.84776629999972,20.994463699999994,66.71849598559704
105.84806629999972,20.994463699999994,65.35393882956804
105.84836629999973,20.994463699999994,71.1744271532713
105.84866629999972,20.994463699999994,66.91710653908395
105.84896629999972,20.994463699999994,66.15109126405717
105.84926629999973,20.994463699999994,64.08808373394166
105.84956629999972,20.994463699999994,60.569219081688374
105.8498662999997,20.994463699999994,60.38289099990263
105.8501662999997,20.994463699999994,52.390321663576074
105.8504662999997,20.994463699999994,50.99179774190039
105.85076629999968,20.994463699999994,50.19156238055653
105.85106629999969,20.994463699999994,48.94043572629275
105.85136629999968,20.994463699999994,46.68578205369383
105.85166629999968,20.994463699999994,46.11374600638338
105.85196629999967,20.994463699999994,49.563857724504416
105.85226629999968,20.994463699999994,53.22697096421767
105.85256629999968,20.994463699999994,60.753068917305725
105.85286629999966,20.994463699999994,59.998570568223755
105.85316629999966,20.994463699999994,56.845266598366834
105.85346629999964,20.994463699999994,53.36825604132011
105.85376629999963,20.994463699999994,53.13679833308083
105.85406629999964,20.994463699999994,53.16628764104007
105.85436629999964,20.994463699999994,51.09745994308888
105.85466629999964,20.994463699999994,49.5183824870802
105.85496629999965,20.994463699999994,49.26806313544438
105.85526629999964,20.994463699999994,49.26806313544438
105.85556629999962,20.994463699999994,50.47423593291619
105.85586629999962,20.994463699999994,51.597475719224654
105.8561662999996,20.994463699999994,54.18229438823827
105.8564662999996,20.994463699999994,60.854665568479845
105.8567662999996,20.994463699999994,64.33108301466885
105.8570662999996,20.994463699999994,68.544409966918
105.8573662999996,20.994463699999994,69.07676872477762
105.8576662999996,20.994463699999994,62.44474687279374
105.8291663,20.994763699999993,70.83319220311333
105.8294663,20.994763699999993,72.92047022318093
105.8297663,20.994763699999993,76.01192747503684
105.83006629999998,20.994763699999993,73.49285892426869
105.83036629999998,20.994763699999993,72.15550112117263
105.83066629999998,20.994763699999993,72.55523944753418
105.83096629999996,20.994763699999993,72.55523944753418
105.83126629999995,20.994763699999993,69.78162317718566
105.83156629999996,20.994763699999993,70.3469351780542
105.83186629999996,20.994763699999993,70.6024085369089
105.83216629999995,20.994763699999993,69.29794617920753
105.83246629999996,20.994763699999993,69.68721731670522
105.83276629999996,20.994763699999993,71.60731145408405
105.83306629999994,20.994763699999993,75.25850909848742
105.83336629999994,20.994763699999993,75.25850909848742
105.83366629999992,20.994763699999993,74.34352907379136
105.83396629999991,20.994763699999993,74.32279025298331
105.83426629999992,20.994763699999993,75.12554613398866
105.83456629999992,20.994763699999993,75.70419803620482
105.83486629999992,20.994763699999993,73.1613959614723
105.83516629999993,20.994763699999993,65.65175067548351
105.83546629999992,20.994763699999993,56.94121232872864
105.8357662999999,20.994763699999993,56.64206765038374
105.8360662999999,20.994763699999993,52.882813623880224
105.8363662999999,20.994763699999993,58.47220363978937
105.83666629999988,20.994763699999993,60.29971423539695
105.83696629999989,20.994763699999993,60.40851939301098
105.83726629999988,20.994763699999993,50.60747554554928
105.83756629999988,20.994763699999993,55.26159901335295
105.83786629999987,20.994763699999993,50.6504410870842
105.83816629999988,20.994763699999993,58.82945818851616
105.83846629999988,20.994763699999993,61.20195954479205
105.83876629999986,20.994763699999993,54.75321651776224
105.83906629999986,20.994763699999993,55.36976418305939
105.83936629999984,20.994763699999993,57.826118826757835
105.83966629999983,20.994763699999993,59.96049355271799
105.83996629999984,20.994763699999993,61.63904133802512
105.84026629999984,20.994763699999993,62.202006299144216
105.84056629999984,20.994763699999993,62.62417481833636
105.84086629999985,20.994763699999993,64.1649903645322
105.84116629999984,20.994763699999993,65.60644679611056
105.84146629999982,20.994763699999993,69.05792942829049
105.84176629999982,20.994763699999993,56.36986542234612
105.8420662999998,20.994763699999993,62.969523017618855
105.8423662999998,20.994763699999993,54.89726535657131
105.8426662999998,20.994763699999993,61.70589037305021
105.8429662999998,20.994763699999993,60.207016701909694
105.8432662999998,20.994763699999993,61.880738114924995
105.8435662999998,20.994763699999993,60.66636114686084
105.8438662999998,20.994763699999993,56.5677382991351
105.84416629999978,20.994763699999993,56.13174995255838
105.84446629999978,20.994763699999993,60.944701699279065
105.84476629999978,20.994763699999993,61.93888096680317
105.84506629999976,20.994763699999993,61.44668650780066
105.84536629999975,20.994763699999993,61.859641094411046
105.84566629999976,20.994763699999993,52.276078552420685
105.84596629999976,20.994763699999993,57.7404968386102
105.84626629999975,20.994763699999993,66.47711531480051
105.84656629999976,20.994763699999993,69.00264511333975
105.84686629999976,20.994763699999993,62.35179022930883
105.84716629999974,20.994763699999993,64.63602830053696
105.84746629999974,20.994763699999993,65.14669833719053
105.84776629999972,20.994763699999993,65.19924332174152
105.84806629999972,20.994763699999993,67.17221728895206
105.84836629999973,20.994763699999993,68.06420568873308
105.84866629999972,20.994763699999993,69.03932829604227
105.84896629999972,20.994763699999993,58.00669530152051
105.84926629999973,20.994763699999993,56.06872229816385
105.84956629999972,20.994763699999993,60.71350636897802
105.8498662999997,20.994763699999993,56.768972317240696
105.8501662999997,20.994763699999993,52.45908658260234
105.8504662999997,20.994763699999993,50.99179774190039
105.85076629999968,20.994763699999993,51.040329237462174
105.85106629999969,20.994763699999993,52.37974715748629
105.85136629999968,20.994763699999993,46.956582634925304
105.85166629999968,20.994763699999993,47.75258030867818
105.85196629999967,20.994763699999993,46.82196794497909
105.85226629999968,20.994763699999993,48.59284305697082
105.85256629999968,20.994763699999993,53.74647903368489
105.85286629999966,20.994763699999993,54.47350937395977
105.85316629999966,20.994763699999993,49.941506627603616
105.85346629999964,20.994763699999993,46.527580254973145
105.85376629999963,20.994763699999993,53.67124668847222
105.85406629999964,20.994763699999993,52.87803971511255
105.85436629999964,20.994763699999993,51.10920759040859
105.85466629999964,20.994763699999993,51.318996016248576
105.85496629999965,20.994763699999993,50.60404513202333
105.85526629999964,20.994763699999993,51.81540198763945
105.85556629999962,20.994763699999993,51.58153239812398
105.85586629999962,20.994763699999993,52.48188695167025
105.8561662999996,20.994763699999993,53.10046143724517
105.8564662999996,20.994763699999993,55.25135492198979
105.8567662999996,20.994763699999993,61.52947729573292
105.8570662999996,20.994763699999993,67.62275783294909
105.8573662999996,20.994763699999993,69.14895237360456
105.8576662999996,20.994763699999993,62.177609094250485
105.8291663,20.995063699999992,72.79022435012993
105.8294663,20.995063699999992,69.60822340710328
105.8297663,20.995063699999992,73.35876023048975
105.83006629999998,20.995063699999992,75.97535188206726
105.83036629999998,20.995063699999992,76.00417890467969
105.83066629999998,20.995063699999992,77.96887350909182
105.83096629999996,20.995063699999992,74.29047514379582
105.83126629999995,20.995063699999992,72.30133143616706
105.83156629999996,20.995063699999992,71.77182666791018
105.83186629999996,20.995063699999992,70.07316108755003
105.83216629999995,20.995063699999992,70.6024085369089
105.83246629999996,20.995063699999992,69.29794617920753
105.83276629999996,20.995063699999992,71.61830776435004
105.83306629999994,20.995063699999992,71.60731145408405
105.83336629999994,20.995063699999992,71.60731145408405
105.83366629999992,20.995063699999992,75.25850909848742
105.83396629999991,20.995063699999992,74.5008749394683
105.83426629999992,20.995063699999992,73.43596397462203
105.83456629999992,20.995063699999992,71.820861928187
105.83486629999992,20.995063699999992,71.75188510749986
105.83516629999993,20.995063699999992,66.80721486770328
105.83546629999992,20.995063699999992,57.66995361433952
105.8357662999999,20.995063699999992,53.05592986693404
105.8360662999999,20.995063699999992,50.70115952507969
105.8363662999999,20.995063699999992,57.29320869520319
105.83666629999988,20.995063699999992,58.26520090696491
105.83696629999989,20.995063699999992,54.53479257871801
105.83726629999988,20.995063699999992,53.37867580836206
105.83756629999988,20.995063699999992,56.7457928693964
105.83786629999987,20.995063699999992,49.098278678124124
105.83816629999988,20.995063699999992,53.73648818242761
105.83846629999988,20.995063699999992,60.2354356535085
105.83876629999986,20.995063699999992,53.06062777612179
105.83906629999986,20.995063699999992,55.97416181602373
105.83936629999984,20.995063699999992,59.24372137077522
105.83966629999983,20.995063699999992,59.913385926742905
105.83996629999984,20.995063699999992,62.505719363140955
105.84026629999984,20.995063699999992,61.624024410324154
105.84056629999984,20.995063699999992,58.68053072502779
105.84086629999985,20.995063699999992,63.01860104045174
105.84116629999984,20.995063699999992,60.08086713511561
105.84146629999982,20.995063699999992,61.93375584718099
105.84176629999982,20.995063699999992,55.223560118244905
105.8420662999998,20.995063699999992,54.61391624671994
105.8423662999998,20.995063699999992,54.81898805434648
105.8426662999998,20.995063699999992,48.1220601671501
105.8429662999998,20.995063699999992,59.52772526977522
105.8432662999998,20.995063699999992,59.74861282268657
105.8435662999998,20.995063699999992,61.24205788299992
105.8438662999998,20.995063699999992,59.47545821679458
105.84416629999978,20.995063699999992,59.04371476083058
105.84446629999978,20.995063699999992,63.62387299174139
105.84476629999978,20.995063699999992,64.91674392978972
105.84506629999976,20.995063699999992,63.33011271944598
105.84536629999975,20.995063699999992,65.64521126820382
105.84566629999976,20.995063699999992,57.36554083018325
105.84596629999976,20.995063699999992,61.09740140061332
105.84626629999975,20.995063699999992,57.16807212193818
105.84656629999976,20.995063699999992,55.62937590526184
105.84686629999976,20.995063699999992,56.120171679672865
105.84716629999974,20.995063699999992,60.042349923183934
105.84746629999974,20.995063699999992,53.886181544861415
105.84776629999972,20.995063699999992,57.72317346549448
105.84806629999972,20.995063699999992,64.06306988163499
105.84836629999973,20.995063699999992,64.93423955492038
105.84866629999972,20.995063699999992,61.24419669673303
105.84896629999972,20.995063699999992,62.17408099606671
105.84926629999973,20.995063699999992,58.825841482878914
105.84956629999972,20.995063699999992,66.75497327951155
105.8498662999997,20.995063699999992,52.86582636508223
105.8501662999997,20.995063699999992,56.92667520073827
105.8504662999997,20.995063699999992,58.93282434258859
105.85076629999968,20.995063699999992,52.55282843721342
105.85106629999969,20.995063699999992,54.06036209644053
105.85136629999968,20.995063699999992,52.87747808597943
105.85166629999968,20.995063699999992,57.66857025720621
105.85196629999967,20.995063699999992,58.762534508871866
105.85226629999968,20.995063699999992,53.475349867903105
105.85256629999968,20.995063699999992,57.152722938317766
105.85286629999966,20.995063699999992,52.27737546151798
105.85316629999966,20.995063699999992,48.44817881351122
105.85346629999964,20.995063699999992,47.6484983378453
105.85376629999963,20.995063699999992,49.12395105119312
105.85406629999964,20.995063699999992,56.359098422337
105.85436629999964,20.995063699999992,55.28092397821702
105.85466629999964,20.995063699999992,53.52931747058976
105.85496629999965,20.995063699999992,53.38007025517912
105.85526629999964,20.995063699999992,52.78799512420359
105.85556629999962,20.995063699999992,54.0667493940889
105.85586629999962,20.995063699999992,54.91225855361526
105.8561662999996,20.995063699999992,58.0263932413492
105.8564662999996,20.995063699999992,56.854542001197245
105.8567662999996,20.995063699999992,59.25293706130054
105.8570662999996,20.995063699999992,64.99205942859457
105.8573662999996,20.995063699999992,68.42994124801073
105.8576662999996,20.995063699999992,62.44474687279374
105.8291663,20.99536369999999,73.84633180758586
105.8294663,20.99536369999999,72.86092110993819
105.8297663,20.99536369999999,69.60822340710328
105.83006629999998,20.99536369999999,70.91285486897074
105.83036629999998,20.99536369999999,75.87056910052456
105.83066629999998,20.99536369999999,75.24587435023717
105.83096629999996,20.99536369999999,75.97535188206726
105.83126629999995,20.99536369999999,75.18881313679854
105.83156629999996,20.99536369999999,71.73034593450657
105.83186629999996,20.99536369999999,71.76281715815887
105.83216629999995,20.99536369999999,69.87889679174751
105.83246629999996,20.99536369999999,70.6024085369089
105.83276629999996,20.99536369999999,69.68721731670522
105.83306629999994,20.99536369999999,69.68721731670522
105.83336629999994,20.99536369999999,69.68721731670522
105.83366629999992,20.99536369999999,69.68721731670522
105.83396629999991,20.99536369999999,71.07738424168053
105.83426629999992,20.99536369999999,73.38395843775587
105.83456629999992,20.99536369999999,70.1099210569946
105.83486629999992,20.99536369999999,64.73920694982795
105.83516629999993,20.99536369999999,64.89158092385576
105.83546629999992,20.99536369999999,53.65620587284512
105.8357662999999,20.99536369999999,49.484900551773336
105.8360662999999,20.99536369999999,49.69817423279795
105.8363662999999,20.99536369999999,54.35014351155647
105.83666629999988,20.99536369999999,53.13705182513442
105.83696629999989,20.99536369999999,54.9498338925102
105.83726629999988,20.99536369999999,59.80480588661537
105.83756629999988,20.99536369999999,58.940287260063414
105.83786629999987,20.99536369999999,51.51964109447743
105.83816629999988,20.99536369999999,56.465306099490434
105.83846629999988,20.99536369999999,52.12566727647399
105.83876629999986,20.99536369999999,52.78615003235075
105.83906629999986,20.99536369999999,62.30990788076302
105.83936629999984,20.99536369999999,59.931061033175254
105.83966629999983,20.99536369999999,66.34310521376452
105.83996629999984,20.99536369999999,57.04621420509723
105.84026629999984,20.99536369999999,60.935761806429255
105.84056629999984,20.99536369999999,60.909748866825694
105.84086629999985,20.99536369999999,57.26076825697318
105.84116629999984,20.99536369999999,53.350617708489835
105.84146629999982,20.99536369999999,60.65494297166562
105.84176629999982,20.99536369999999,55.223560118244905
105.8420662999998,20.99536369999999,54.16674293929448
105.8423662999998,20.99536369999999,61.81516966548118
105.8426662999998,20.99536369999999,53.211840968512064
105.8429662999998,20.99536369999999,60.69752426858369
105.8432662999998,20.99536369999999,61.48577196221929
105.8435662999998,20.99536369999999,61.5388697761542
105.8438662999998,20.99536369999999,58.11522263259914
105.84416629999978,20.99536369999999,59.264381684406345
105.84446629999978,20.99536369999999,64.66264690366442
105.84476629999978,20.99536369999999,63.74962300679417
105.84506629999976,20.99536369999999,62.733148778682946
105.84536629999975,20.99536369999999,59.17969023219314
105.84566629999976,20.99536369999999,59.126029196249945
105.84596629999976,20.99536369999999,58.63476336620121
105.84626629999975,20.99536369999999,59.14480476456619
105.84656629999976,20.99536369999999,63.18499945068534
105.84686629999976,20.99536369999999,46.50406846561015
105.84716629999974,20.99536369999999,58.668802364056305
105.84746629999974,20.99536369999999,57.12774418625507
105.84776629999972,20.99536369999999,57.27864211099286
105.84806629999972,20.99536369999999,56.81820900369284
105.84836629999973,20.99536369999999,57.17334680197541
105.84866629999972,20.99536369999999,58.61336010269886
105.84896629999972,20.99536369999999,58.54853097799479
105.84926629999973,20.99536369999999,61.7822962948963
105.84956629999972,20.99536369999999,69.83667236655805
105.8498662999997,20.99536369999999,61.98563101978293
105.8501662999997,20.99536369999999,55.313502219355215
105.8504662999997,20.99536369999999,53.47186769315455
105.85076629999968,20.99536369999999,53.77462648511518
105.85106629999969,20.99536369999999,58.94194665046794
105.85136629999968,20.99536369999999,56.572821396983855
105.85166629999968,20.99536369999999,58.44402983811989
105.85196629999967,20.99536369999999,59.8349504465731
105.85226629999968,20.99536369999999,58.63165540791623
105.85256629999968,20.99536369999999,57.21606892206235
105.85286629999966,20.99536369999999,58.9935693827682
105.85316629999966,20.99536369999999,55.33955899107238
105.85346629999964,20.99536369999999,57.86636978543984
105.85376629999963,20.99536369999999,54.63602444426489
105.85406629999964,20.99536369999999,56.33970049116738
105.85436629999964,20.99536369999999,58.10483530632678
105.85466629999964,20.99536369999999,56.529368275830066
105.85496629999965,20.99536369999999,54.27650108050972
105.85526629999964,20.99536369999999,54.09375145112682
105.85556629999962,20.99536369999999,54.086410983955346
105.85586629999962,20.99536369999999,52.794069590761666
105.8561662999996,20.99536369999999,53.70641453460259
105.8564662999996,20.99536369999999,53.82519345136791
105.8567662999996,20.99536369999999,58.715910634719066
105.8570662999996,20.99536369999999,62.36304465909373
105.8573662999996,20.99536369999999,63.195048393418176
105.8576662999996,20.99536369999999,62.73443661062272
105.8291663,20.99566369999999,69.7326703382395
105.8294663,20.99566369999999,77.3613089613746
105.8297663,20.99566369999999,70.07175604074223
105.83006629999998,20.99566369999999,70.85839324462647
105.83036629999998,20.99566369999999,72.1419547407817
105.83066629999998,20.99566369999999,71.58608735180623
105.83096629999996,20.99566369999999,75.24587435023717
105.83126629999995,20.99566369999999,75.08228442039483
105.83156629999996,20.99566369999999,76.50796000968928
105.83186629999996,20.99566369999999,71.73034593450657
105.83216629999995,20.99566369999999,71.63478016176177
105.83246629999996,20.99566369999999,69.87889679174751
105.83276629999996,20.99566369999999,70.50133110273542
105.83306629999994,20.99566369999999,69.00759606469633
105.83336629999994,20.99566369999999,69.00759606469633
105.83366629999992,20.99566369999999,69.00759606469633
105.83396629999991,20.99566369999999,68.47766885229281
105.83426629999992,20.99566369999999,71.29416524090333
105.83456629999992,20.99566369999999,61.44176756204294
105.83486629999992,20.99566369999999,63.11857808379084
105.83516629999993,20.99566369999999,60.67972885422648
105.83546629999992,20.99566369999999,49.30857105478017
105.8357662999999,20.99566369999999,50.43059872195116
105.8360662999999,20.99566369999999,51.24385528692226
105.8363662999999,20.99566369999999,53.842705007159466
105.83666629999988,20.99566369999999,55.71290235314889
105.83696629999989,20.99566369999999,60.13708376103155
105.83726629999988,20.99566369999999,60.82202279742374
105.83756629999988,20.99566369999999,57.78537357583423
105.83786629999987,20.99566369999999,51.36868786752887
105.83816629999988,20.99566369999999,54.42700247787573
105.83846629999988,20.99566369999999,53.121857088710414
105.83876629999986,20.99566369999999,62.84234870274888
105.83906629999986,20.99566369999999,61.04555865044077
105.83936629999984,20.99566369999999,60.2874022532241
105.83966629999983,20.99566369999999,60.297847631870425
105.83996629999984,20.99566369999999,60.8902185661772
105.84026629999984,20.99566369999999,63.28073047886919
105.84056629999984,20.99566369999999,59.843355403006925
105.84086629999985,20.99566369999999,56.92636738945943
105.84116629999984,20.99566369999999,57.72572187811342
105.84146629999982,20.99566369999999,60.25910443626552
105.84176629999982,20.99566369999999,60.15208080337045
105.8420662999998,20.99566369999999,54.17745255370983
105.8423662999998,20.99566369999999,59.061539797159696
105.8426662999998,20.99566369999999,63.31601464550907
105.8429662999998,20.99566369999999,60.16931023827537
105.8432662999998,20.99566369999999,57.680450290000394
105.8435662999998,20.99566369999999,60.446502252540185
105.8438662999998,20.99566369999999,55.329918590399345
105.84416629999978,20.99566369999999,56.811870026973864
105.84446629999978,20.99566369999999,62.87470565986381
105.84476629999978,20.99566369999999,64.64038294447401
105.84506629999976,20.99566369999999,66.65687312694263
105.84536629999975,20.99566369999999,62.5949086605267
105.84566629999976,20.99566369999999,63.37715445038002
105.84596629999976,20.99566369999999,52.74933090527702
105.84626629999975,20.99566369999999,57.356893247754
105.84656629999976,20.99566369999999,58.76861932451496
105.84686629999976,20.99566369999999,49.68711756313439
105.84716629999974,20.99566369999999,60.05197972412934
105.84746629999974,20.99566369999999,58.614173394968816
105.84776629999972,20.99566369999999,53.915315314024085
105.84806629999972,20.99566369999999,55.50134341346633
105.84836629999973,20.99566369999999,54.27443025911376
105.84866629999972,20.99566369999999,58.9945841680936
105.84896629999972,20.99566369999999,59.27007861670572
105.84926629999973,20.99566369999999,60.63239008008435
105.84956629999972,20.99566369999999,62.31534026110654
105.8498662999997,20.99566369999999,60.5780546500377
105.8501662999997,20.99566369999999,53.078224760469894
105.8504662999997,20.99566369999999,52.951031688021985
105.85076629999968,20.99566369999999,61.69655839423612
105.85106629999969,20.99566369999999,61.44971630254115
105.85136629999968,20.99566369999999,58.49637519900553
105.85166629999968,20.99566369999999,51.0547621162643
105.85196629999967,20.99566369999999,55.25029775760993
105.85226629999968,20.99566369999999,60.41645958912265
105.85256629999968,20.99566369999999,57.63460359859022
105.85286629999966,20.99566369999999,57.89241259257069
105.85316629999966,20.99566369999999,57.887134111809544
105.85346629999964,20.99566369999999,56.33651638339978
105.85376629999963,20.99566369999999,55.722553224218274
105.85406629999964,20.99566369999999,55.93640468050155
105.85436629999964,20.99566369999999,54.862049829177366
105.85466629999964,20.99566369999999,52.72958499039784
105.85496629999965,20.99566369999999,50.91709537045268
105.85526629999964,20.99566369999999,55.6357617314612
105.85556629999962,20.99566369999999,55.39744175304034
105.85586629999962,20.99566369999999,53.23755293307052
105.8561662999996,20.99566369999999,52.075767160865325
105.8564662999996,20.99566369999999,50.32099892159003
105.8567662999996,20.99566369999999,52.941861934391994
105.8570662999996,20.99566369999999,53.049640633446955
105.8573662999996,20.99566369999999,56.530527681154695
105.8576662999996,20.99566369999999,57.59505228961498
105.8291663,20.99596369999999,61.31961434490256
105.8294663,20.99596369999999,68.41021417458934
105.8297663,20.99596369999999,70.10665767799209
105.83006629999998,20.99596369999999,73.02785133656705
105.83036629999998,20.99596369999999,70.83319220311333
105.83066629999998,20.99596369999999,72.45838932843508
105.83096629999996,20.99596369999999,75.29107689033631
105.83126629999995,20.99596369999999,73.85423190589611
105.83156629999996,20.99596369999999,78.01774975945598
105.83186629999996,20.99596369999999,71.59384548499233
105.83216629999995,20.99596369999999,72.15550112117263
105.83246629999996,20.99596369999999,71.77182666791018
105.83276629999996,20.99596369999999,69.87889679174751
105.83306629999994,20.99596369999999,69.87889679174751
105.83336629999994,20.99596369999999,70.6024085369089
105.83366629999992,20.99596369999999,70.3469351780542
105.83396629999991,20.99596369999999,70.04605298210343
105.83426629999992,20.99596369999999,70.66442983023963
105.83456629999992,20.99596369999999,60.80796624543322
105.83486629999992,20.99596369999999,62.39569406693235
105.83516629999993,20.99596369999999,54.26261581501062
105.83546629999992,20.99596369999999,50.483362757546224
105.8357662999999,20.99596369999999,50.74506900192927
105.8360662999999,20.99596369999999,51.484775263112994
105.8363662999999,20.99596369999999,54.37155857009711
105.83666629999988,20.99596369999999,66.14232106328446
105.83696629999989,20.99596369999999,58.39056628700929
105.83726629999988,20.99596369999999,53.75089641207624
105.83756629999988,20.99596369999999,59.783009375006216
105.83786629999987,20.99596369999999,58.68618419990392
105.83816629999988,20.99596369999999,63.14734867754392
105.83846629999988,20.99596369999999,56.27080223039398
105.83876629999986,20.99596369999999,61.06372605299967
105.83906629999986,20.99596369999999,59.01351965433544
105.83936629999984,20.99596369999999,59.37557633598769
105.83966629999983,20.99596369999999,60.69925050759048
105.83996629999984,20.99596369999999,58.85138209627641
105.84026629999984,20.99596369999999,56.75755086579598
105.84056629999984,20.99596369999999,58.769319551101106
105.84086629999985,20.99596369999999,56.50332789025292
105.84116629999984,20.99596369999999,59.83683834718411
105.84146629999982,20.99596369999999,59.913715730826524
105.84176629999982,20.99596369999999,60.64155107966863
105.8420662999998,20.99596369999999,59.561503134577634
105.8423662999998,20.99596369999999,58.932125005379405
105.8426662999998,20.99596369999999,61.121738653422
105.8429662999998,20.99596369999999,61.922957545795114
105.8432662999998,20.99596369999999,59.70505499217265
105.8435662999998,20.99596369999999,60.18769788245355
105.8438662999998,20.99596369999999,60.432041336441785
105.84416629999978,20.99596369999999,57.72570163899839
105.84446629999978,20.99596369999999,62.95644771491229
105.84476629999978,20.99596369999999,60.03791122472754
105.84506629999976,20.99596369999999,61.61901494947158
105.84536629999975,20.99596369999999,62.04680783054461
105.84566629999976,20.99596369999999,60.81703614351237
105.84596629999976,20.99596369999999,57.56043130361297
105.84626629999975,20.99596369999999,59.745569835886
105.84656629999976,20.99596369999999,62.15412370152879
105.84686629999976,20.99596369999999,57.6648925233814
105.84716629999974,20.99596369999999,64.42003731766854
105.84746629999974,20.99596369999999,60.00712803503069
105.84776629999972,20.99596369999999,65.60003330502494
105.84806629999972,20.99596369999999,61.3498435549766
105.84836629999973,20.99596369999999,62.78202143587755
105.84866629999972,20.99596369999999,62.00003131529133
105.84896629999972,20.99596369999999,61.445192223653166
105.84926629999973,20.99596369999999,61.783027949261665
105.84956629999972,20.99596369999999,64.91443575612328
105.8498662999997,20.99596369999999,65.19855848247816
105.8501662999997,20.99596369999999,53.80172354957139
105.8504662999997,20.99596369999999,55.57312639826107
105.85076629999968,20.99596369999999,55.90433751621195
105.85106629999969,20.99596369999999,58.00807834885785
105.85136629999968,20.99596369999999,59.4664865217576
105.85166629999968,20.99596369999999,55.4245624344274
105.85196629999967,20.99596369999999,57.04624203052562
105.85226629999968,20.99596369999999,51.35140354436048
105.85256629999968,20.99596369999999,53.18142129750028
105.85286629999966,20.99596369999999,61.38245637947534
105.85316629999966,20.99596369999999,59.02472351310281
105.85346629999964,20.99596369999999,59.29454523841595
105.85376629999963,20.99596369999999,56.06836613909523
105.85406629999964,20.99596369999999,58.452401445826894
105.85436629999964,20.99596369999999,55.751722854145584
105.85466629999964,20.99596369999999,57.96929838601464
105.85496629999965,20.99596369999999,52.364685760853206
105.85526629999964,20.99596369999999,49.87882626059582
105.85556629999962,20.99596369999999,51.90535152396517
105.85586629999962,20.99596369999999,52.053513718188995
105.8561662999996,20.99596369999999,50.659220105611666
105.8564662999996,20.99596369999999,50.84769000185762
105.8567662999996,20.99596369999999,52.08910831787077
105.8570662999996,20.99596369999999,53.2142380442197
105.8573662999996,20.99596369999999,56.594499327090986
105.8576662999996,20.99596369999999,58.13513002655503
105.8291663,20.99626369999999,60.50049159015731
105.8294663,20.99626369999999,60.313957664929035
105.8297663,20.99626369999999,73.84633180758586
105.83006629999998,20.99626369999999,72.47717343200247
105.83036629999998,20.99626369999999,70.8945298222186
105.83066629999998,20.99626369999999,70.35700621288001
105.83096629999996,20.99626369999999,71.81382043371136
105.83126629999995,20.99626369999999,72.92047022318093
105.83156629999996,20.99626369999999,75.97535188206726
105.83186629999996,20.99626369999999,75.18881313679854
105.83216629999995,20.99626369999999,72.30133143616706
105.83246629999996,20.99626369999999,72.15550112117263
105.83276629999996,20.99626369999999,71.63478016176177
105.83306629999994,20.99626369999999,69.78162317718566
105.83336629999994,20.99626369999999,70.13083524741488
105.83366629999992,20.99626369999999,69.71383917442326
105.83396629999991,20.99626369999999,68.59949299952886
105.83426629999992,20.99626369999999,69.21786984766504
105.83456629999992,20.99626369999999,61.568501814424664
105.83486629999992,20.99626369999999,61.51532858738865
105.83516629999993,20.99626369999999,51.22635779913002
105.83546629999992,20.99626369999999,50.70199847954013
105.8357662999999,20.99626369999999,50.53151150802719
105.8360662999999,20.99626369999999,53.111255917525355
105.8363662999999,20.99626369999999,58.77307427518073
105.83666629999988,20.99626369999999,55.31807143763635
105.83696629999989,20.99626369999999,57.55026601690402
105.83726629999988,20.99626369999999,53.98511199711179
105.83756629999988,20.99626369999999,56.16187413116721
105.83786629999987,20.99626369999999,57.27285724805475
105.83816629999988,20.99626369999999,60.201767143776294
105.83846629999988,20.99626369999999,56.46324634659099
105.83876629999986,20.99626369999999,60.24121200156317
105.83906629999986,20.99626369999999,56.39137261361451
105.83936629999984,20.99626369999999,57.03463917982691
105.83966629999983,20.99626369999999,58.88637269523235
105.83996629999984,20.99626369999999,59.178593512015496
105.84026629999984,20.99626369999999,60.27859236494959
105.84056629999984,20.99626369999999,58.248242674931646
105.84086629999985,20.99626369999999,59.2593166937077
105.84116629999984,20.99626369999999,58.17423262873784
105.84146629999982,20.99626369999999,55.32598881489737
105.84176629999982,20.99626369999999,61.641754770303635
105.8420662999998,20.99626369999999,59.183564970430936
105.8423662999998,20.99626369999999,59.93064170752909
105.8426662999998,20.99626369999999,63.14745318988993
105.8429662999998,20.99626369999999,60.54918329650589
105.8432662999998,20.99626369999999,60.2302481300228
105.8435662999998,20.99626369999999,60.816601678339865
105.8438662999998,20.99626369999999,60.42477036182217
105.84416629999978,20.99626369999999,61.256465064161546
105.84446629999978,20.99626369999999,60.393658801625975
105.84476629999978,20.99626369999999,59.62921492984216
105.84506629999976,20.99626369999999,59.6068752894993
105.84536629999975,20.99626369999999,61.986784760721875
105.84566629999976,20.99626369999999,58.20499655301992
105.84596629999976,20.99626369999999,61.88213604295856
105.84626629999975,20.99626369999999,58.36085893074191
105.84656629999976,20.99626369999999,60.84052975923187
105.84686629999976,20.99626369999999,60.580044302923795
105.84716629999974,20.99626369999999,64.74366851431002
105.84746629999974,20.99626369999999,60.000991219233825
105.84776629999972,20.99626369999999,62.50623604624515
105.84806629999972,20.99626369999999,57.58111061715853
105.84836629999973,20.99626369999999,60.637623086586515
105.84866629999972,20.99626369999999,57.60503475608593
105.84896629999972,20.99626369999999,60.93652566140764
105.84926629999973,20.99626369999999,63.44415931025591
105.84956629999972,20.99626369999999,64.13952913038787
105.8498662999997,20.99626369999999,64.13952913038787
105.8501662999997,20.99626369999999,57.392604340000275
105.8504662999997,20.99626369999999,57.089027950052795
105.85076629999968,20.99626369999999,55.101917900847894
105.85106629999969,20.99626369999999,59.23154860760651
105.85136629999968,20.99626369999999,61.18625351030819
105.85166629999968,20.99626369999999,53.90438812587877
105.85196629999967,20.99626369999999,56.34182947564635
105.85226629999968,20.99626369999999,54.330745657357966
105.85256629999968,20.99626369999999,51.609690308009704
105.85286629999966,20.99626369999999,54.84094739525209
105.85316629999966,20.99626369999999,56.31346538160203
105.85346629999964,20.99626369999999,56.58754562940614
105.85376629999963,20.99626369999999,57.07348749053462
105.85406629999964,20.99626369999999,56.54187680820172
105.85436629999964,20.99626369999999,58.95430540867265
105.85466629999964,20.99626369999999,57.95648248112305
105.85496629999965,20.99626369999999,57.905934254880705
105.85526629999964,20.99626369999999,50.84887296765152
105.85556629999962,20.99626369999999,53.08259461796412
105.85586629999962,20.99626369999999,50.34957599844781
105.8561662999996,20.99626369999999,51.52340911918533
105.8564662999996,20.99626369999999,51.530048233505056
105.8567662999996,20.99626369999999,50.478601634515506
105.8570662999996,20.99626369999999,51.279884690905334
105.8573662999996,20.99626369999999,54.23666258353883
105.8576662999996,20.99626369999999,57.39385695242208
105.8291663,20.99656369999999,59.12310140764384
105.8294663,20.99656369999999,60.50049159015731
105.8297663,20.99656369999999,72.35759376831942
105.83006629999998,20.99656369999999,70.28875651903383
105.83036629999998,20.99656369999999,73.1422103023031
105.83066629999998,20.99656369999999,70.46756912056412
105.83096629999996,20.99656369999999,70.07383865374294
105.83126629999995,20.99656369999999,71.94715034255661
105.83156629999996,20.99656369999999,75.24587435023717
105.83186629999996,20.99656369999999,77.96887350909182
105.83216629999995,20.99656369999999,74.29047514379582
105.83246629999996,20.99656369999999,71.73034593450657
105.83276629999996,20.99656369999999,71.66023641818627
105.83306629999994,20.99656369999999,71.66023641818627
105.83336629999994,20.99656369999999,71.36683690614616
105.83366629999992,20.99656369999999,70.98619899416823
105.83396629999991,20.99656369999999,70.19342270539352
105.83426629999992,20.99656369999999,65.61708290063207
105.83456629999992,20.99656369999999,57.71804491573474
105.83486629999992,20.99656369999999,61.838222521416014
105.83516629999993,20.99656369999999,52.533746380413575
105.83546629999992,20.99656369999999,50.55919212235698
105.8357662999999,20.99656369999999,50.406281581746015
105.8360662999999,20.99656369999999,55.15016852397274
105.8363662999999,20.99656369999999,57.54289023637641
105.83666629999988,20.99656369999999,58.0544075290297
105.83696629999989,20.99656369999999,56.524237219765965
105.83726629999988,20.99656369999999,54.75724432099953
105.83756629999988,20.99656369999999,56.50799631984778
105.83786629999987,20.99656369999999,56.59452804900384
105.83816629999988,20.99656369999999,60.73015348328179
105.83846629999988,20.99656369999999,52.26516159152429
105.83876629999986,20.99656369999999,62.30538999574587
105.83906629999986,20.99656369999999,61.22718317792595
105.83936629999984,20.99656369999999,58.1596183847612
105.83966629999983,20.99656369999999,61.13018484805332
105.83996629999984,20.99656369999999,59.99954064590507
105.84026629999984,20.99656369999999,62.6606581200614
105.84056629999984,20.99656369999999,64.43252516746989
105.84086629999985,20.99656369999999,57.89573339406526
105.84116629999984,20.99656369999999,56.44075770407474
105.84146629999982,20.99656369999999,56.97348683117973
105.84176629999982,20.99656369999999,59.19658864460021
105.8420662999998,20.99656369999999,60.12333147266732
105.8423662999998,20.99656369999999,60.4811653201711
105.8426662999998,20.99656369999999,62.22136822224512
105.8429662999998,20.99656369999999,54.87191425597511
105.8432662999998,20.99656369999999,59.45025329475811
105.8435662999998,20.99656369999999,59.93650038086581
105.8438662999998,20.99656369999999,60.904382078328965
105.84416629999978,20.99656369999999,59.4378688712856
105.84446629999978,20.99656369999999,58.83612244633832
105.84476629999978,20.99656369999999,57.65046518914592
105.84506629999976,20.99656369999999,58.71724787753594
105.84536629999975,20.99656369999999,62.42280505682737
105.84566629999976,20.99656369999999,58.55199194195583
105.84596629999976,20.99656369999999,52.42477478175988
105.84626629999975,20.99656369999999,55.64610821736515
105.84656629999976,20.99656369999999,54.79532580774628
105.84686629999976,20.99656369999999,56.304126367245544
105.84716629999974,20.99656369999999,60.297074703801286
105.84746629999974,20.99656369999999,58.66780516835297
105.84776629999972,20.99656369999999,58.88882694329643
105.84806629999972,20.99656369999999,55.5484536454791
105.84836629999973,20.99656369999999,58.51274425684409
105.84866629999972,20.99656369999999,55.7305773492469
105.84896629999972,20.99656369999999,53.47446175430747
105.84926629999973,20.99656369999999,54.6745556124697
105.84956629999972,20.99656369999999,58.639114223178325
105.8498662999997,20.99656369999999,61.94337412476981
105.8501662999997,20.99656369999999,60.35399437772345
105.8504662999997,20.99656369999999,53.398452468039736
105.85076629999968,20.99656369999999,52.11443247313558
105.85106629999969,20.99656369999999,54.88390997450762
105.85136629999968,20.99656369999999,62.63279909060489
105.85166629999968,20.99656369999999,55.98738582758115
105.85196629999967,20.99656369999999,59.90807416230186
105.85226629999968,20.99656369999999,56.38716227335031
105.85256629999968,20.99656369999999,50.6944902474026
105.85286629999966,20.99656369999999,48.75075747764641
105.85316629999966,20.99656369999999,49.02298950798162
105.85346629999964,20.99656369999999,50.898645433824335
105.85376629999963,20.99656369999999,52.94357277119957
105.85406629999964,20.99656369999999,56.853391098082966
105.85436629999964,20.99656369999999,58.54690807322004
105.85466629999964,20.99656369999999,61.70796239720251
105.85496629999965,20.99656369999999,61.47290309765293
105.85526629999964,20.99656369999999,58.868691131763256
105.85556629999962,20.99656369999999,51.07923509754264
105.85586629999962,20.99656369999999,52.223896258795875
105.8561662999996,20.99656369999999,51.06280225673639
105.8564662999996,20.99656369999999,48.39358250363377
105.8567662999996,20.99656369999999,57.598031541622234
105.8570662999996,20.99656369999999,57.77437828357233
105.8573662999996,20.99656369999999,62.75930107212113
105.8576662999996,20.99656369999999,66.00560275479317
105.8291663,20.996863699999988,59.12310140764384
105.8294663,20.996863699999988,61.371970554557606
105.8297663,20.996863699999988,67.22702307454534
105.83006629999998,20.996863699999988,77.58688094788725
105.83036629999998,20.996863699999988,77.415781331089
105.83066629999998,20.996863699999988,72.76988741081253
105.83096629999996,20.996863699999988,72.80632043712126
105.83126629999995,20.996863699999988,69.67739499504333
105.83156629999996,20.996863699999988,73.49994000749047
105.83186629999996,20.996863699999988,78.88365569821892
105.83216629999995,20.996863699999988,74.24392119587537
105.83246629999996,20.996863699999988,73.59154957416442
105.83276629999996,20.996863699999988,70.45598485820985
105.83306629999994,20.996863699999988,70.45598485820985
105.83336629999994,20.996863699999988,71.00304739169353
105.83366629999992,20.996863699999988,69.58253285023275
105.83396629999991,20.996863699999988,63.62967610816506
105.83426629999992,20.996863699999988,60.89081487205763
105.83456629999992,20.996863699999988,56.83840223886415
105.83486629999992,20.996863699999988,56.89981147029742
105.83516629999993,20.996863699999988,49.94605216528885
105.83546629999992,20.996863699999988,52.32380795038934
105.8357662999999,20.996863699999988,50.19598792662171
105.8360662999999,20.996863699999988,56.575880328588525
105.8363662999999,20.996863699999988,58.09907162644656
105.83666629999988,20.996863699999988,59.758708766045686
105.83696629999989,20.996863699999988,58.56793356145292
105.83726629999988,20.996863699999988,58.42253790405354
105.83756629999988,20.996863699999988,57.89665999207412
105.83786629999987,20.996863699999988,57.75452984866216
105.83816629999988,20.996863699999988,57.51887236075305
105.83846629999988,20.996863699999988,50.10319396332149
105.83876629999986,20.996863699999988,57.273182837633115
105.83906629999986,20.996863699999988,60.387034987476454
105.83936629999984,20.996863699999988,58.67008427937941
105.83966629999983,20.996863699999988,59.99545728204578
105.83996629999984,20.996863699999988,60.501772184184674
105.84026629999984,20.996863699999988,61.45666436471396
105.84056629999984,20.996863699999988,64.21338827402957
105.84086629999985,20.996863699999988,59.6485120909028
105.84116629999984,20.996863699999988,56.529054356130416
105.84146629999982,20.996863699999988,58.23111233665544
105.84176629999982,20.996863699999988,58.49196706780948
105.8420662999998,20.996863699999988,61.621066979656746
105.8423662999998,20.996863699999988,60.230758017608
105.8426662999998,20.996863699999988,57.64223844516481
105.8429662999998,20.996863699999988,61.39266456900225
105.8432662999998,20.996863699999988,61.56281472157181
105.8435662999998,20.996863699999988,61.67163620435724
105.8438662999998,20.996863699999988,60.72063510869066
105.84416629999978,20.996863699999988,59.18776189916207
105.84446629999978,20.996863699999988,56.6238894489897
105.84476629999978,20.996863699999988,57.542944950497045
105.84506629999976,20.996863699999988,58.79737368836297
105.84536629999975,20.996863699999988,61.325048688733915
105.84566629999976,20.996863699999988,60.35251171147437
105.84596629999976,20.996863699999988,59.17113687949593
105.84626629999975,20.996863699999988,58.962938468194224
105.84656629999976,20.996863699999988,58.15687965715671
105.84686629999976,20.996863699999988,55.671851420717914
105.84716629999974,20.996863699999988,56.62013566638045
105.84746629999974,20.996863699999988,54.97998552811032
105.84776629999972,20.996863699999988,57.5809027292712
105.84806629999972,20.996863699999988,54.81996175894065
105.84836629999973,20.996863699999988,52.96664370602697
105.84866629999972,20.996863699999988,55.77131421482616
105.84896629999972,20.996863699999988,52.721866556070694
105.84926629999973,20.996863699999988,52.91709733659779
105.84956629999972,20.996863699999988,54.108387771519034
105.8498662999997,20.996863699999988,58.81264114389745
105.8501662999997,20.996863699999988,52.59739827477054
105.8504662999997,20.996863699999988,47.910396197341555
105.85076629999968,20.996863699999988,51.226419305069285
105.85106629999969,20.996863699999988,56.63770083382087
105.85136629999968,20.996863699999988,58.040345200186735
105.85166629999968,20.996863699999988,61.30448357051717
105.85196629999967,20.996863699999988,57.3695740987675
105.85226629999968,20.996863699999988,56.55208497415161
105.85256629999968,20.996863699999988,51.87269169655448
105.85286629999966,20.996863699999988,53.74169494701992
105.85316629999966,20.996863699999988,52.831130094264125
105.85346629999964,20.996863699999988,50.96898439026639
105.85376629999963,20.996863699999988,53.29782978279587
105.85406629999964,20.996863699999988,57.359314784560596
105.85436629999964,20.996863699999988,54.701506637595614
105.85466629999964,20.996863699999988,57.07248039381598
105.85496629999965,20.996863699999988,58.30711526187166
105.85526629999964,20.996863699999988,55.55648019822773
105.85556629999962,20.996863699999988,49.517542664305225
105.85586629999962,20.996863699999988,47.519434410623255
105.8561662999996,20.996863699999988,47.58258009393496
105.8564662999996,20.996863699999988,49.31894793981894
105.8567662999996,20.996863699999988,59.812242667891425
105.8570662999996,20.996863699999988,56.33748351168775
105.8573662999996,20.996863699999988,58.98232207092903
105.8576662999996,20.996863699999988,63.8090408812953
105.8291663,20.997163699999987,58.74748428337253
105.8294663,20.997163699999987,60.889729807295794
105.8297663,20.997163699999987,72.35759376831942
105.83006629999998,20.997163699999987,77.58688094788725
105.83036629999998,20.997163699999987,70.28875651903383
105.83066629999998,20.997163699999987,72.5011060920884
105.83096629999996,20.997163699999987,71.05095935040659
105.83126629999995,20.997163699999987,73.3441874489226
105.83156629999996,20.997163699999987,76.09115259212335
105.83186629999996,20.997163699999987,73.99107723337008
105.83216629999995,20.997163699999987,75.42061967781939
105.83246629999996,20.997163699999987,73.76170598819381
105.83276629999996,20.997163699999987,72.1209285135151
105.83306629999994,20.997163699999987,74.25594199669789
105.83336629999994,20.997163699999987,66.74232991559849
105.83366629999992,20.997163699999987,61.316322953513435
105.83396629999991,20.997163699999987,60.67147787840452
105.83426629999992,20.997163699999987,61.45243572342318
105.83456629999992,20.997163699999987,60.3708401059496
105.83486629999992,20.997163699999987,58.141787610914065
105.83516629999993,20.997163699999987,51.658810308502794
105.83546629999992,20.997163699999987,51.189849012699966
105.8357662999999,20.997163699999987,52.01820351971155
105.8360662999999,20.997163699999987,57.510184831209685
105.8363662999999,20.997163699999987,58.55623779854203
105.83666629999988,20.997163699999987,57.18714822153761
105.83696629999989,20.997163699999987,55.23186608269849
105.83726629999988,20.997163699999987,56.30136601309909
105.83756629999988,20.997163699999987,56.6031163076392
105.83786629999987,20.997163699999987,56.68180897089832
105.83816629999988,20.997163699999987,56.54146110183595
105.83846629999988,20.997163699999987,58.65182060282166
105.83876629999986,20.997163699999987,53.37552976423599
105.83906629999986,20.997163699999987,61.193574915396795
105.83936629999984,20.997163699999987,63.679705343393294
105.83966629999983,20.997163699999987,60.266801775997365
105.83996629999984,20.997163699999987,60.45646834379137
105.84026629999984,20.997163699999987,60.60799714424434
105.84056629999984,20.997163699999987,56.76683395081814
105.84086629999985,20.997163699999987,56.48091554891151
105.84116629999984,20.997163699999987,56.316487927575466
105.84146629999982,20.997163699999987,55.746402435068745
105.84176629999982,20.997163699999987,52.56035433576916
105.8420662999998,20.997163699999987,57.54772484607497
105.8423662999998,20.997163699999987,59.69832330156045
105.8426662999998,20.997163699999987,55.37655763076541
105.8429662999998,20.997163699999987,57.74108823064853
105.8432662999998,20.997163699999987,58.60804954382775
105.8435662999998,20.997163699999987,58.91489180136135
105.8438662999998,20.997163699999987,57.27718934978735
105.84416629999978,20.997163699999987,57.33738602048602
105.84446629999978,20.997163699999987,57.12984457560091
105.84476629999978,20.997163699999987,58.87718307742246
105.84506629999976,20.997163699999987,59.58473955412056
105.84536629999975,20.997163699999987,52.74733569854608
105.84566629999976,20.997163699999987,53.99961797067681
105.84596629999976,20.997163699999987,60.354090094905814
105.84626629999975,20.997163699999987,53.277105085524
105.84656629999976,20.997163699999987,54.300253250271325
105.84686629999976,20.997163699999987,53.819704122413896
105.84716629999974,20.997163699999987,51.00559128070503
105.84746629999974,20.997163699999987,53.800644798035805
105.84776629999972,20.997163699999987,51.16786285326285
105.84806629999972,20.997163699999987,50.80954454956672
105.84836629999973,20.997163699999987,50.33933509626766
105.84866629999972,20.997163699999987,50.624063776031235
105.84896629999972,20.997163699999987,49.36968452937765
105.84926629999973,20.997163699999987,49.78506220256908
105.84956629999972,20.997163699999987,56.848823220219
105.8498662999997,20.997163699999987,62.23134528384982
105.8501662999997,20.997163699999987,58.2900957453101
105.8504662999997,20.997163699999987,53.31250121481628
105.85076629999968,20.997163699999987,47.75106351865478
105.85106629999969,20.997163699999987,55.2226019671868
105.85136629999968,20.997163699999987,55.11732149649892
105.85166629999968,20.997163699999987,58.57889517977296
105.85196629999967,20.997163699999987,60.30451367910156
105.85226629999968,20.997163699999987,56.76792170091761
105.85256629999968,20.997163699999987,54.97171556841394
105.85286629999966,20.997163699999987,57.89197600978088
105.85316629999966,20.997163699999987,55.129976981905855
105.85346629999964,20.997163699999987,52.58082661170103
105.85376629999963,20.997163699999987,52.86050959027813
105.85406629999964,20.997163699999987,58.58884483855685
105.85436629999964,20.997163699999987,55.87652261869326
105.85466629999964,20.997163699999987,57.1216275255792
105.85496629999965,20.997163699999987,56.66252043445501
105.85526629999964,20.997163699999987,50.47136778188084
105.85556629999962,20.997163699999987,51.05262199078436
105.85586629999962,20.997163699999987,50.34669024079024
105.8561662999996,20.997163699999987,51.70498930378625
105.8564662999996,20.997163699999987,60.580295538516395
105.8567662999996,20.997163699999987,59.8361807040975
105.8570662999996,20.997163699999987,59.4439611961286
105.8573662999996,20.997163699999987,59.61276559011531
105.8576662999996,20.997163699999987,66.3496920268433
105.8291663,20.997463699999987,60.628756270969504
105.8294663,20.997463699999987,59.12310140764384
105.8297663,20.997463699999987,72.29949934188258
105.83006629999998,20.997463699999987,70.85371534224514
105.83036629999998,20.997463699999987,68.0700191421302
105.83066629999998,20.997463699999987,64.08609343710988
105.83096629999996,20.997463699999987,62.76423555728309
105.83126629999995,20.997463699999987,72.59595970436635
105.83156629999996,20.997463699999987,75.71146400136898
105.83186629999996,20.997463699999987,77.05705857025677
105.83216629999995,20.997463699999987,76.12656455982734
105.83246629999996,20.997463699999987,71.17648096421682
105.83276629999996,20.997463699999987,69.7268852928514
105.83306629999994,20.997463699999987,69.17763112424291
105.83336629999994,20.997463699999987,66.73216640357676
105.83366629999992,20.997463699999987,65.71684000674486
105.83396629999991,20.997463699999987,60.68726369375855
105.83426629999992,20.997463699999987,62.06958399504164
105.83456629999992,20.997463699999987,61.20757574935429
105.83486629999992,20.997463699999987,59.08032305975445
105.83516629999993,20.997463699999987,47.25947468928619
105.83546629999992,20.997463699999987,52.45405954738597
105.8357662999999,20.997463699999987,53.33450232164263
105.8360662999999,20.997463699999987,56.23045841408043
105.8363662999999,20.997463699999987,57.4441996311145
105.83666629999988,20.997463699999987,57.63919663643482
105.83696629999989,20.997463699999987,54.113330237853376
105.83726629999988,20.997463699999987,57.63622940361759
105.83756629999988,20.997463699999987,58.38969191431012
105.83786629999987,20.997463699999987,57.58865488119656
105.83816629999988,20.997463699999987,56.01047832932504
105.83846629999988,20.997463699999987,59.71773739692792
105.83876629999986,20.997463699999987,56.33863139317478
105.83906629999986,20.997463699999987,56.84171745483505
105.83936629999984,20.997463699999987,62.12396569136469
105.83966629999983,20.997463699999987,61.89404017591826
105.83996629999984,20.997463699999987,65.6840739057315
105.84026629999984,20.997463699999987,60.597436335154114
105.84056629999984,20.997463699999987,57.49178171351949
105.84086629999985,20.997463699999987,53.65071637307871
105.84116629999984,20.997463699999987,55.35059691482246
105.84146629999982,20.997463699999987,51.852059383719194
105.84176629999982,20.997463699999987,50.25650349345338
105.8420662999998,20.997463699999987,53.64971466660565
105.8423662999998,20.997463699999987,56.237880881774984
105.8426662999998,20.997463699999987,57.08669246625388
105.8429662999998,20.997463699999987,61.48427823266324
105.8432662999998,20.997463699999987,59.33376988581409
105.8435662999998,20.997463699999987,60.19670852080573
105.8438662999998,20.997463699999987,58.01533878042571
105.84416629999978,20.997463699999987,60.74240397260512
105.84446629999978,20.997463699999987,59.67343655650751
105.84476629999978,20.997463699999987,62.16630236938414
105.84506629999976,20.997463699999987,54.14386568936308
105.84536629999975,20.997463699999987,52.87227187880717
105.84566629999976,20.997463699999987,58.227539825255406
105.84596629999976,20.997463699999987,53.83457477570781
105.84626629999975,20.997463699999987,55.54951401388507
105.84656629999976,20.997463699999987,53.736513040465624
105.84686629999976,20.997463699999987,54.47802606755258
105.84716629999974,20.997463699999987,51.23018330948141
105.84746629999974,20.997463699999987,52.66823736937374
105.84776629999972,20.997463699999987,52.218719589860875
105.84806629999972,20.997463699999987,53.00766937526944
105.84836629999973,20.997463699999987,50.57138289645137
105.84866629999972,20.997463699999987,50.425932794773615
105.84896629999972,20.997463699999987,51.18845288670691
105.84926629999973,20.997463699999987,51.378221246719086
105.84956629999972,20.997463699999987,56.38631933887895
105.8498662999997,20.997463699999987,61.74934806415352
105.8501662999997,20.997463699999987,59.47086285204732
105.8504662999997,20.997463699999987,57.14933370223939
105.85076629999968,20.997463699999987,55.76165444814808
105.85106629999969,20.997463699999987,57.68164895587283
105.85136629999968,20.997463699999987,60.620368218809446
105.85166629999968,20.997463699999987,52.429308370649835
105.85196629999967,20.997463699999987,53.80866283403935
105.85226629999968,20.997463699999987,55.08076153374229
105.85256629999968,20.997463699999987,59.21143998082232
105.85286629999966,20.997463699999987,55.98916203523808
105.85316629999966,20.997463699999987,56.21563772859872
105.85346629999964,20.997463699999987,53.70091490071957
105.85376629999963,20.997463699999987,55.592854890061886
105.85406629999964,20.997463699999987,57.79447531460971
105.85436629999964,20.997463699999987,55.42740029710403
105.85466629999964,20.997463699999987,59.82752169277144
105.85496629999965,20.997463699999987,58.228743472278495
105.85526629999964,20.997463699999987,59.85552638991493
105.85556629999962,20.997463699999987,56.316955377174864
105.85586629999962,20.997463699999987,51.43367508311279
105.8561662999996,20.997463699999987,50.017032188935275
105.8564662999996,20.997463699999987,59.276348800975825
105.8567662999996,20.997463699999987,59.96658510993308
105.8570662999996,20.997463699999987,59.25155239804885
105.8573662999996,20.997463699999987,53.37050335183628
105.8576662999996,20.997463699999987,53.77242370195678
105.8291663,20.997763699999982,55.09615080758441
105.8294663,20.997763699999982,52.96811513599404
105.8297663,20.997763699999982,53.70464037950528
105.83006629999998,20.997763699999982,71.59478672205607
105.83036629999998,20.997763699999982,67.02172269357588
105.83066629999998,20.997763699999982,69.07581538259778
105.83096629999996,20.997763699999982,71.4893328070552
105.83126629999995,20.997763699999982,74.1772956416979
105.83156629999996,20.997763699999982,77.45987296453048
105.83186629999996,20.997763699999982,75.55782911140973
105.83216629999995,20.997763699999982,71.17745240530827
105.83246629999996,20.997763699999982,70.35317711363676
105.83276629999996,20.997763699999982,68.07859153116699
105.83306629999994,20.997763699999982,72.7884099147165
105.83336629999994,20.997763699999982,71.24352615497978
105.83366629999992,20.997763699999982,71.26131320867876
105.83396629999991,20.997763699999982,62.69072995889442
105.83426629999992,20.997763699999982,53.94595431485784
105.83456629999992,20.997763699999982,52.63536699196872
105.83486629999992,20.997763699999982,48.45603422933748
105.83516629999993,20.997763699999982,51.89550870594528
105.83546629999992,20.997763699999982,55.42142418594301
105.8357662999999,20.997763699999982,56.16827454135509
105.8360662999999,20.997763699999982,56.16620201265745
105.8363662999999,20.997763699999982,57.88656931587323
105.83666629999988,20.997763699999982,53.9313282768084
105.83696629999989,20.997763699999982,56.555329873046475
105.83726629999988,20.997763699999982,55.49223162699991
105.83756629999988,20.997763699999982,56.512817949163306
105.83786629999987,20.997763699999982,54.859420362714715
105.83816629999988,20.997763699999982,58.041939529507886
105.83846629999988,20.997763699999982,57.89869535798477
105.83876629999986,20.997763699999982,60.87980717215342
105.83906629999986,20.997763699999982,56.11797403504484
105.83936629999984,20.997763699999982,59.2945123394808
105.83966629999983,20.997763699999982,65.97269767335699
105.83996629999984,20.997763699999982,61.73730796268104
105.84026629999984,20.997763699999982,55.45252537599394
105.84056629999984,20.997763699999982,51.87952776898911
105.84086629999985,20.997763699999982,51.8278003117245
105.84116629999984,20.997763699999982,49.879236507901325
105.84146629999982,20.997763699999982,58.45696478089877
105.84176629999982,20.997763699999982,52.73698742324014
105.8420662999998,20.997763699999982,59.43611628433567
105.8423662999998,20.997763699999982,47.84705361817388
105.8426662999998,20.997763699999982,60.38060766556684
105.8429662999998,20.997763699999982,65.85733496381367
105.8432662999998,20.997763699999982,61.98983894373124
105.8435662999998,20.997763699999982,61.20499290716862
105.8438662999998,20.997763699999982,59.867830800229584
105.84416629999978,20.997763699999982,61.35740530477699
105.84446629999978,20.997763699999982,54.37613710148129
105.84476629999978,20.997763699999982,59.97029961229053
105.84506629999976,20.997763699999982,58.99344145018877
105.84536629999975,20.997763699999982,59.28591412544531
105.84566629999976,20.997763699999982,56.18244214677955
105.84596629999976,20.997763699999982,56.20649645675667
105.84626629999975,20.997763699999982,57.66579748509052
105.84656629999976,20.997763699999982,59.006850944821466
105.84686629999976,20.997763699999982,57.987776155965165
105.84716629999974,20.997763699999982,55.93184939657445
105.84746629999974,20.997763699999982,50.917957116829704
105.84776629999972,20.997763699999982,51.10897560577781
105.84806629999972,20.997763699999982,50.38371345681151
105.84836629999973,20.997763699999982,50.56446302890616
105.84866629999972,20.997763699999982,51.45114858317259
105.84896629999972,20.997763699999982,53.23202803550937
105.84926629999973,20.997763699999982,50.59522113274967
105.84956629999972,20.997763699999982,54.21885610901501
105.8498662999997,20.997763699999982,56.94650226202671
105.8501662999997,20.997763699999982,52.14718110762815
105.8504662999997,20.997763699999982,55.428199724188374
105.85076629999968,20.997763699999982,55.47018665749634
105.85106629999969,20.997763699999982,59.842720482159734
105.85136629999968,20.997763699999982,59.06020005114932
105.85166629999968,20.997763699999982,53.382532226586775
105.85196629999967,20.997763699999982,53.265782475905056
105.85226629999968,20.997763699999982,54.82508325915761
105.85256629999968,20.997763699999982,58.01611573701237
105.85286629999966,20.997763699999982,59.51994828344047
105.85316629999966,20.997763699999982,56.40971547832389
105.85346629999964,20.997763699999982,57.03868773857556
105.85376629999963,20.997763699999982,55.87078875325357
105.85406629999964,20.997763699999982,53.27475991569859
105.85436629999964,20.997763699999982,59.49770201682111
105.85466629999964,20.997763699999982,63.640082055774
105.85496629999965,20.997763699999982,55.98515734400853
105.85526629999964,20.997763699999982,58.60010863400883
105.85556629999962,20.997763699999982,60.46108843063132
105.85586629999962,20.997763699999982,53.38608947463712
105.8561662999996,20.997763699999982,52.87669520764814
105.8564662999996,20.997763699999982,51.593978911314096
105.8567662999996,20.997763699999982,53.559670189092714
105.8570662999996,20.997763699999982,53.03986459912888
105.8573662999996,20.997763699999982,52.638331981458805
105.8576662999996,20.997763699999982,54.20916343903099
105.8291663,20.998063699999985,53.6740137286785
105.8294663,20.998063699999985,59.765763332377006
105.8297663,20.998063699999985,67.71504022922626
105.83006629999998,20.998063699999985,74.40953332686199
105.83036629999998,20.998063699999985,77.79414363106773
105.83066629999998,20.998063699999985,70.96891699931714
105.83096629999996,20.998063699999985,71.0634894265498
105.83126629999995,20.998063699999985,75.28367011962658
105.83156629999996,20.998063699999985,77.73021731685283
105.83186629999996,20.998063699999985,78.45366897786946
105.83216629999995,20.998063699999985,70.01805483993088
105.83246629999996,20.998063699999985,70.35317711363676
105.83276629999996,20.998063699999985,73.21592288842078
105.83306629999994,20.998063699999985,70.5781561570946
105.83336629999994,20.998063699999985,66.27253782353093
105.83366629999992,20.998063699999985,69.47949408768147
105.83396629999991,20.998063699999985,61.13206603333768
105.83426629999992,20.998063699999985,53.29324684638405
105.83456629999992,20.998063699999985,53.227015329188845
105.83486629999992,20.998063699999985,55.16177090523962
105.83516629999993,20.998063699999985,55.81397041735234
105.83546629999992,20.998063699999985,55.49917320969358
105.8357662999999,20.998063699999985,60.89299272679584
105.8360662999999,20.998063699999985,55.09051147587443
105.8363662999999,20.998063699999985,56.514455298378095
105.83666629999988,20.998063699999985,55.38837569381326
105.83696629999989,20.998063699999985,54.71238919667542
105.83726629999988,20.998063699999985,57.01681793838918
105.83756629999988,20.998063699999985,50.06215112849901
105.83786629999987,20.998063699999985,57.3835170399703
105.83816629999988,20.998063699999985,58.26573474593437
105.83846629999988,20.998063699999985,60.90301451171055
105.83876629999986,20.998063699999985,54.607000270001905
105.83906629999986,20.998063699999985,59.233376689596966
105.83936629999984,20.998063699999985,51.44843897586961
105.83966629999983,20.998063699999985,60.52460952542273
105.83996629999984,20.998063699999985,49.16684956034936
105.84026629999984,20.998063699999985,53.21415317328028
105.84056629999984,20.998063699999985,57.8990521248688
105.84086629999985,20.998063699999985,61.27582123039869
105.84116629999984,20.998063699999985,60.22916025045251
105.84146629999982,20.998063699999985,52.95426183696736
105.84176629999982,20.998063699999985,55.354027274171514
105.8420662999998,20.998063699999985,58.77538280263022
105.8423662999998,20.998063699999985,58.883329369268466
105.8426662999998,20.998063699999985,59.657958820100774
105.8429662999998,20.998063699999985,54.92351014221724
105.8432662999998,20.998063699999985,61.330527681116834
105.8435662999998,20.998063699999985,61.65641547311748
105.8438662999998,20.998063699999985,54.78490852667088
105.84416629999978,20.998063699999985,52.503936042703245
105.84446629999978,20.998063699999985,55.69422043279344
105.84476629999978,20.998063699999985,57.91436977250994
105.84506629999976,20.998063699999985,60.4077409283597
105.84536629999975,20.998063699999985,57.06154794750279
105.84566629999976,20.998063699999985,59.22116484982732
105.84596629999976,20.998063699999985,60.67473444398826
105.84626629999975,20.998063699999985,58.42799971631585
105.84656629999976,20.998063699999985,57.8364423936398
105.84686629999976,20.998063699999985,56.84192157552748
105.84716629999974,20.998063699999985,64.46543816783962
105.84746629999974,20.998063699999985,56.878051254941624
105.84776629999972,20.998063699999985,53.7567713152832
105.84806629999972,20.998063699999985,51.15380543098182
105.84836629999973,20.998063699999985,51.45123630943244
105.84866629999972,20.998063699999985,53.98744856271125
105.84896629999972,20.998063699999985,52.58158386469965
105.84926629999973,20.998063699999985,52.52069795848976
105.84956629999972,20.998063699999985,54.59576229992776
105.8498662999997,20.998063699999985,57.40171176882734
105.8501662999997,20.998063699999985,53.40143142243383
105.8504662999997,20.998063699999985,53.516308755557745
105.85076629999968,20.998063699999985,57.390208420105054
105.85106629999969,20.998063699999985,58.38806856166903
105.85136629999968,20.998063699999985,51.614775906905905
105.85166629999968,20.998063699999985,50.93183102133517
105.85196629999967,20.998063699999985,55.54626023615799
105.85226629999968,20.998063699999985,58.20066882707846
105.85256629999968,20.998063699999985,57.85314533269285
105.85286629999966,20.998063699999985,58.98687552846522
105.85316629999966,20.998063699999985,55.44678234211808
105.85346629999964,20.998063699999985,53.71296463271155
105.85376629999963,20.998063699999985,51.70087267177453
105.85406629999964,20.998063699999985,57.62717773746199
105.85436629999964,20.998063699999985,57.59496814923074
105.85466629999964,20.998063699999985,59.98057586986282
105.85496629999965,20.998063699999985,57.61780915670025
105.85526629999964,20.998063699999985,55.790319192474655
105.85556629999962,20.998063699999985,54.123070489642
105.85586629999962,20.998063699999985,52.93819669899574
105.8561662999996,20.998063699999985,53.203281191725665
105.8564662999996,20.998063699999985,52.576268551219925
105.8567662999996,20.998063699999985,53.15173377381501
105.8570662999996,20.998063699999985,53.422534355046494
105.8573662999996,20.998063699999985,52.63733826734192
105.8576662999996,20.998063699999985,52.88006337789024
105.8291663,20.998363699999985,61.340851313942565
105.8294663,20.998363699999985,62.08210022648464
105.8297663,20.998363699999985,68.93377196518068
105.83006629999998,20.998363699999985,77.78589820496694
105.83036629999998,20.998363699999985,71.64870925360177
105.83066629999998,20.998363699999985,72.01990886258551
105.83096629999996,20.998363699999985,72.2445532546203
105.83126629999995,20.998363699999985,75.10447779996683
105.83156629999996,20.998363699999985,75.34717039919929
105.83186629999996,20.998363699999985,69.92725481567544
105.83216629999995,20.998363699999985,71.72064898049663
105.83246629999996,20.998363699999985,70.59745648280335
105.83276629999996,20.998363699999985,73.96314555046894
105.83306629999994,20.998363699999985,71.12224407969956
105.83336629999994,20.998363699999985,72.58310491166723
105.83366629999992,20.998363699999985,72.00301028446763
105.83396629999991,20.998363699999985,60.71243514411418
105.83426629999992,20.998363699999985,54.650562799625675
105.83456629999992,20.998363699999985,53.25548927586652
105.83486629999992,20.998363699999985,57.47467153196784
105.83516629999993,20.998363699999985,60.07056142201998
105.83546629999992,20.998363699999985,59.59796244548784
105.8357662999999,20.998363699999985,57.43961308973152
105.8360662999999,20.998363699999985,58.97183567738368
105.8363662999999,20.998363699999985,54.893326476274325
105.83666629999988,20.998363699999985,58.01155436963843
105.83696629999989,20.998363699999985,57.71636895313924
105.83726629999988,20.998363699999985,59.27431601666537
105.83756629999988,20.998363699999985,57.638683740086705
105.83786629999987,20.998363699999985,54.8265393133707
105.83816629999988,20.998363699999985,50.28832098146603
105.83846629999988,20.998363699999985,64.97256306431711
105.83876629999986,20.998363699999985,59.44025717466759
105.83906629999986,20.998363699999985,48.59363205253696
105.83936629999984,20.998363699999985,62.58291167973552
105.83966629999983,20.998363699999985,50.59020861075712
105.83996629999984,20.998363699999985,53.055871506229735
105.84026629999984,20.998363699999985,54.72549211201836
105.84056629999984,20.998363699999985,58.009788568333434
105.84086629999985,20.998363699999985,58.056944371509374
105.84116629999984,20.998363699999985,60.56703220595392
105.84146629999982,20.998363699999985,62.814646919121955
105.84176629999982,20.998363699999985,52.48021835046144
105.8420662999998,20.998363699999985,53.51431061773049
105.8423662999998,20.998363699999985,63.01516316799194
105.8426662999998,20.998363699999985,53.98379309465342
105.8429662999998,20.998363699999985,55.28501354304527
105.8432662999998,20.998363699999985,51.63424575374543
105.8435662999998,20.998363699999985,57.25844300643027
105.8438662999998,20.998363699999985,58.30024644865337
105.84416629999978,20.998363699999985,56.27533288357057
105.84446629999978,20.998363699999985,52.43951946904167
105.84476629999978,20.998363699999985,56.990014247891494
105.84506629999976,20.998363699999985,59.14922421145765
105.84536629999975,20.998363699999985,56.97509178265953
105.84566629999976,20.998363699999985,52.81012694470219
105.84596629999976,20.998363699999985,53.08264683633229
105.84626629999975,20.998363699999985,55.46645638314203
105.84656629999976,20.998363699999985,59.540774209917785
105.84686629999976,20.998363699999985,57.3500457495752
105.84716629999974,20.998363699999985,58.73201770345503
105.84746629999974,20.998363699999985,59.614388981384835
105.84776629999972,20.998363699999985,58.26144443102595
105.84806629999972,20.998363699999985,53.66484600891839
105.84836629999973,20.998363699999985,52.56823093938486
105.84866629999972,20.998363699999985,54.51948097464235
105.84896629999972,20.998363699999985,51.32641945220291
105.84926629999973,20.998363699999985,53.89305502120486
105.84956629999972,20.998363699999985,56.3452786214404
105.8498662999997,20.998363699999985,57.18262081792959
105.8501662999997,20.998363699999985,57.868502243910385
105.8504662999997,20.998363699999985,57.45041185127336
105.85076629999968,20.998363699999985,57.445349670739816
105.85106629999969,20.998363699999985,55.20104052281036
105.85136629999968,20.998363699999985,55.19775151363221
105.85166629999968,20.998363699999985,60.97226090464481
105.85196629999967,20.998363699999985,56.80965078658499
105.85226629999968,20.998363699999985,56.63064499079357
105.85256629999968,20.998363699999985,57.1896671213957
105.85286629999966,20.998363699999985,57.27975576616373
105.85316629999966,20.998363699999985,59.25337660873089
105.85346629999964,20.998363699999985,56.53907234332179
105.85376629999963,20.998363699999985,57.78594514164516
105.85406629999964,20.998363699999985,59.33928722406807
105.85436629999964,20.998363699999985,60.37603357262421
105.85466629999964,20.998363699999985,57.97167934211363
105.85496629999965,20.998363699999985,60.79235823649334
105.85526629999964,20.998363699999985,56.01759451552887
105.85556629999962,20.998363699999985,54.77707349930077
105.85586629999962,20.998363699999985,55.08308539070164
105.8561662999996,20.998363699999985,50.72375573356496
105.8564662999996,20.998363699999985,52.88820436540503
105.8567662999996,20.998363699999985,53.422534355046494
105.8570662999996,20.998363699999985,51.5397061870635
105.8573662999996,20.998363699999985,56.431906905554
105.8576662999996,20.998363699999985,53.944256099710856
105.8291663,20.998663699999984,61.414207579267895
105.8294663,20.998663699999984,60.46203671082877
105.8297663,20.998663699999984,71.39287652524285
105.83006629999998,20.998663699999984,76.7318767161237
105.83036629999998,20.998663699999984,72.92179581007004
105.83066629999998,20.998663699999984,66.97901447084118
105.83096629999996,20.998663699999984,69.49950423037247
105.83126629999995,20.998663699999984,74.35996246621141
105.83156629999996,20.998663699999984,70.25938012632982
105.83186629999996,20.998663699999984,70.88527076313518
105.83216629999995,20.998663699999984,71.00846277884393
105.83246629999996,20.998663699999984,68.62686219540316
105.83276629999996,20.998663699999984,63.00267562419539
105.83306629999994,20.998663699999984,63.642046833914904
105.83336629999994,20.998663699999984,70.44354312243046
105.83366629999992,20.998663699999984,60.157922696861405
105.83396629999991,20.998663699999984,56.462219254952274
105.83426629999992,20.998663699999984,51.952783741807025
105.83456629999992,20.998663699999984,57.42944139382551
105.83486629999992,20.998663699999984,57.06720252837363
105.83516629999993,20.998663699999984,54.19341866536334
105.83546629999992,20.998663699999984,57.34361957113309
105.8357662999999,20.998663699999984,56.7845646076009
105.8360662999999,20.998663699999984,54.50670274398152
105.8363662999999,20.998663699999984,57.71856247614046
105.83666629999988,20.998663699999984,56.277186037370655
105.83696629999989,20.998663699999984,52.28702060564969
105.83726629999988,20.998663699999984,58.69779785726496
105.83756629999988,20.998663699999984,56.68681573085928
105.83786629999987,20.998663699999984,57.7375795705648
105.83816629999988,20.998663699999984,63.13498840759158
105.83846629999988,20.998663699999984,67.81957227668377
105.83876629999986,20.998663699999984,60.39740898325087
105.83906629999986,20.998663699999984,61.64903717240938
105.83936629999984,20.998663699999984,62.23221489126813
105.83966629999983,20.998663699999984,61.67526847520173
105.83996629999984,20.998663699999984,51.71113023808849
105.84026629999984,20.998663699999984,72.66804112772837
105.84056629999984,20.998663699999984,65.10456694341683
105.84086629999985,20.998663699999984,62.70285390218259
105.84116629999984,20.998663699999984,52.49363256781059
105.84146629999982,20.998663699999984,53.45854442002815
105.84176629999982,20.998663699999984,58.69238463441587
105.8420662999998,20.998663699999984,55.848366048171016
105.8423662999998,20.998663699999984,57.5233376383233
105.8426662999998,20.998663699999984,56.27971443151296
105.8429662999998,20.998663699999984,56.8178816772282
105.8432662999998,20.998663699999984,61.12914395206023
105.8435662999998,20.998663699999984,57.830683716336424
105.8438662999998,20.998663699999984,55.98679496437727
105.84416629999978,20.998663699999984,56.95361595708714
105.84446629999978,20.998663699999984,56.02130553682508
105.84476629999978,20.998663699999984,55.805001384161926
105.84506629999976,20.998663699999984,58.06353486141978
105.84536629999975,20.998663699999984,53.45905769328595
105.84566629999976,20.998663699999984,57.6709298796262
105.84596629999976,20.998663699999984,57.53866630940534
105.84626629999975,20.998663699999984,61.23619713741826
105.84656629999976,20.998663699999984,57.19284383709691
105.84686629999976,20.998663699999984,55.38337066243486
105.84716629999974,20.998663699999984,59.716073204180304
105.84746629999974,20.998663699999984,57.263320489308995
105.84776629999972,20.998663699999984,65.2034633481899
105.84806629999972,20.998663699999984,55.77006748552705
105.84836629999973,20.998663699999984,56.99582216534981
105.84866629999972,20.998663699999984,55.493060484649504
105.84896629999972,20.998663699999984,53.590062497976646
105.84926629999973,20.998663699999984,56.98846503164991
105.84956629999972,20.998663699999984,51.92071908358389
105.8498662999997,20.998663699999984,55.72468595970243
105.8501662999997,20.998663699999984,52.58764724671572
105.8504662999997,20.998663699999984,57.55181362633756
105.85076629999968,20.998663699999984,55.75291683047543
105.85106629999969,20.998663699999984,56.78722402561068
105.85136629999968,20.998663699999984,57.06253481827156
105.85166629999968,20.998663699999984,56.676146339546335
105.85196629999967,20.998663699999984,56.7384343304109
105.85226629999968,20.998663699999984,58.2313657698097
105.85256629999968,20.998663699999984,55.80402960004079
105.85286629999966,20.998663699999984,55.54815759291303
105.85316629999966,20.998663699999984,53.877857824547704
105.85346629999964,20.998663699999984,56.34619765205264
105.85376629999963,20.998663699999984,57.89277952069365
105.85406629999964,20.998663699999984,57.38560673000178
105.85436629999964,20.998663699999984,58.61528303116836
105.85466629999964,20.998663699999984,58.820950767943515
105.85496629999965,20.998663699999984,57.11586524583824
105.85526629999964,20.998663699999984,57.03870412822141
105.85556629999962,20.998663699999984,57.031904435574006
105.85586629999962,20.998663699999984,57.34322061879739
105.8561662999996,20.998663699999984,54.80199350662028
105.8564662999996,20.998663699999984,53.67092066366038
105.8567662999996,20.998663699999984,51.5397061870635
105.8570662999996,20.998663699999984,54.353181341818384
105.8573662999996,20.998663699999984,56.40196541641069
105.8576662999996,20.998663699999984,58.16642137666253
105.8291663,20.998963699999983,59.85646137079149
105.8294663,20.998963699999983,71.2793508755465
105.8297663,20.998963699999983,69.1159178500917
105.83006629999998,20.998963699999983,75.98393097050753
105.83036629999998,20.998963699999983,73.4072375245277
105.83066629999998,20.998963699999983,67.340601753096
105.83096629999996,20.998963699999983,66.73528431417435
105.83126629999995,20.998963699999983,71.07404067992486
105.83156629999996,20.998963699999983,70.32173870633164
105.83186629999996,20.998963699999983,70.76138389267595
105.83216629999995,20.998963699999983,66.48485212933143
105.83246629999996,20.998963699999983,65.20275289123445
105.83276629999996,20.998963699999983,68.95450590585122
105.83306629999994,20.998963699999983,67.56770904094573
105.83336629999994,20.998963699999983,60.66628323442946
105.83366629999992,20.998963699999983,60.56452114506921
105.83396629999991,20.998963699999983,56.63993272961862
105.83426629999992,20.998963699999983,59.13096555999911
105.83456629999992,20.998963699999983,58.445461073291085
105.83486629999992,20.998963699999983,60.720494823125875
105.83516629999993,20.998963699999983,53.78881773715629
105.83546629999992,20.998963699999983,48.888002507491805
105.8357662999999,20.998963699999983,53.30617327074168
105.8360662999999,20.998963699999983,53.73132566457838
105.8363662999999,20.998963699999983,49.68876724260715
105.83666629999988,20.998963699999983,54.67211922420685
105.83696629999989,20.998963699999983,50.93914132156749
105.83726629999988,20.998963699999983,59.57841698706652
105.83756629999988,20.998963699999983,59.09270728488619
105.83786629999987,20.998963699999983,61.29424291847771
105.83816629999988,20.998963699999983,69.94670958026742
105.83846629999988,20.998963699999983,74.17760465774046
105.83876629999986,20.998963699999983,78.13539572649213
105.83906629999986,20.998963699999983,81.03359992399554
105.83936629999984,20.998963699999983,78.90932198227206
105.83966629999983,20.998963699999983,74.28625945747488
105.83996629999984,20.998963699999983,57.467425788358895
105.84026629999984,20.998963699999983,70.91285777186954
105.84056629999984,20.998963699999983,60.4534124924909
105.84086629999985,20.998963699999983,60.542713536248726
105.84116629999984,20.998963699999983,50.58490967532414
105.84146629999982,20.998963699999983,53.118783460004394
105.84176629999982,20.998963699999983,58.65584553967662
105.8420662999998,20.998963699999983,55.52131381242104
105.8423662999998,20.998963699999983,55.52859663343736
105.8426662999998,20.998963699999983,57.92672047875055
105.8429662999998,20.998963699999983,55.84348135362343
105.8432662999998,20.998963699999983,55.05285953016289
105.8435662999998,20.998963699999983,53.539927863060015
105.8438662999998,20.998963699999983,56.04397601974935
105.84416629999978,20.998963699999983,59.358375406781235
105.84446629999978,20.998963699999983,57.73864158596065
105.84476629999978,20.998963699999983,54.75794148837822
105.84506629999976,20.998963699999983,55.78720793877541
105.84536629999975,20.998963699999983,59.02970931794799
105.84566629999976,20.998963699999983,58.705518102212025
105.84596629999976,20.998963699999983,55.36932181656965
105.84626629999975,20.998963699999983,56.2619357278268
105.84656629999976,20.998963699999983,52.46862926693254
105.84686629999976,20.998963699999983,59.5904391360269
105.84716629999974,20.998963699999983,59.24420498298224
105.84746629999974,20.998963699999983,57.00882487360751
105.84776629999972,20.998963699999983,59.76187492929694
105.84806629999972,20.998963699999983,58.06049758696629
105.84836629999973,20.998963699999983,57.3117624451218
105.84866629999972,20.998963699999983,56.214917352641834
105.84896629999972,20.998963699999983,56.382741613255305
105.84926629999973,20.998963699999983,55.81027897928422
105.84956629999972,20.998963699999983,54.74706892619372
105.8498662999997,20.998963699999983,53.609724148211086
105.8501662999997,20.998963699999983,56.24913522559493
105.8504662999997,20.998963699999983,55.89334236754553
105.85076629999968,20.998963699999983,56.304280600909905
105.85106629999969,20.998963699999983,57.46314716987469
105.85136629999968,20.998963699999983,56.41353535738651
105.85166629999968,20.998963699999983,54.750691676506094
105.85196629999967,20.998963699999983,53.06706590061728
105.85226629999968,20.998963699999983,58.94686888374925
105.85256629999968,20.998963699999983,61.48000727705619
105.85286629999966,20.998963699999983,55.02217580218125
105.85316629999966,20.998963699999983,57.30866832157734
105.85346629999964,20.998963699999983,57.61010032912496
105.85376629999963,20.998963699999983,59.388561723838535
105.85406629999964,20.998963699999983,58.12451416098831
105.85436629999964,20.998963699999983,57.50064148844034
105.85466629999964,20.998963699999983,57.31734250879002
105.85496629999965,20.998963699999983,55.9678147916929
105.85526629999964,20.998963699999983,56.650048487525325
105.85556629999962,20.998963699999983,58.01232116975463
105.85586629999962,20.998963699999983,57.85400637398021
105.8561662999996,20.998963699999983,57.9528859415726
105.8564662999996,20.998963699999983,57.03121056998822
105.8567662999996,20.998963699999983,54.05413174884042
105.8570662999996,20.998963699999983,56.250351094149224
105.8573662999996,20.998963699999983,57.46847691110737
105.8576662999996,20.998963699999983,58.90387925749356
105.8291663,20.999263699999982,69.27807524457292
105.8294663,20.999263699999982,72.23691539879971
105.8297663,20.999263699999982,76.11966603405924
105.83006629999998,20.999263699999982,75.94239564377146
105.83036629999998,20.999263699999982,72.22439786604245
105.83066629999998,20.999263699999982,67.1329866240808
105.83096629999996,20.999263699999982,67.35055991824767
105.83126629999995,20.999263699999982,65.99205905987365
105.83156629999996,20.999263699999982,67.57282696333552
105.83186629999996,20.999263699999982,66.47751510281681
105.83216629999995,20.999263699999982,71.81675339753056
105.83246629999996,20.999263699999982,70.61604008549722
105.83276629999996,20.999263699999982,70.10331265061919
105.83306629999994,20.999263699999982,62.74617898114887
105.83336629999994,20.999263699999982,66.56444611651673
105.83366629999992,20.999263699999982,58.18216186937256
105.83396629999991,20.999263699999982,56.68377941268774
105.83426629999992,20.999263699999982,56.99918844742584
105.83456629999992,20.999263699999982,62.348540741884605
105.83486629999992,20.999263699999982,62.4307780520283
105.83516629999993,20.999263699999982,52.849151775702666
105.83546629999992,20.999263699999982,52.796313660403
105.8357662999999,20.999263699999982,52.3158498867338
105.8360662999999,20.999263699999982,56.63201843304441
105.8363662999999,20.999263699999982,56.90192560009272
105.83666629999988,20.999263699999982,56.17885112485746
105.83696629999989,20.999263699999982,54.986921156808094
105.83726629999988,20.999263699999982,58.411608614444475
105.83756629999988,20.999263699999982,62.79474900911163
105.83786629999987,20.999263699999982,75.73395109033774
105.83816629999988,20.999263699999982,65.58578808657347
105.83846629999988,20.999263699999982,66.03442510312661
105.83876629999986,20.999263699999982,76.1260452863527
105.83906629999986,20.999263699999982,86.61205207022348
105.83936629999984,20.999263699999982,73.94679805669041
105.83966629999983,20.999263699999982,72.04165597576123
105.83996629999984,20.999263699999982,69.89313285218535
105.84026629999984,20.999263699999982,69.74797420493702
105.84056629999984,20.999263699999982,70.92128787125425
105.84086629999985,20.999263699999982,69.54172280877458
105.84116629999984,20.999263699999982,56.196294985964144
105.84146629999982,20.999263699999982,66.71146484464018
105.84176629999982,20.999263699999982,60.81771088847589
105.8420662999998,20.999263699999982,67.42374839708205
105.8423662999998,20.999263699999982,54.43185713941617
105.8426662999998,20.999263699999982,53.576038788103176
105.8429662999998,20.999263699999982,54.21030079483019
105.8432662999998,20.999263699999982,56.50553907412527
105.8435662999998,20.999263699999982,60.68831637934716
105.8438662999998,20.999263699999982,57.258587267401765
105.84416629999978,20.999263699999982,58.79041048459452
105.84446629999978,20.999263699999982,56.07985719592901
105.84476629999978,20.999263699999982,58.61030747642859
105.84506629999976,20.999263699999982,56.858322825783574
105.84536629999975,20.999263699999982,61.09976938640146
105.84566629999976,20.999263699999982,57.51903909359413
105.84596629999976,20.999263699999982,55.66800446023478
105.84626629999975,20.999263699999982,55.823751484214014
105.84656629999976,20.999263699999982,52.1643208785044
105.84686629999976,20.999263699999982,63.81693397656687
105.84716629999974,20.999263699999982,64.0412326536383
105.84746629999974,20.999263699999982,57.30085985088887
105.84776629999972,20.999263699999982,54.93742109578022
105.84806629999972,20.999263699999982,57.26441043219502
105.84836629999973,20.999263699999982,55.79379547896764
105.84866629999972,20.999263699999982,56.54754312533959
105.84896629999972,20.999263699999982,56.97808379942201
105.84926629999973,20.999263699999982,55.39986433319646
105.84956629999972,20.999263699999982,55.29718265050721
105.8498662999997,20.999263699999982,55.18153159040574
105.8501662999997,20.999263699999982,56.47092433874083
105.8504662999997,20.999263699999982,61.46843251513276
105.85076629999968,20.999263699999982,58.14757586538063
105.85106629999969,20.999263699999982,51.24147331369083
105.85136629999968,20.999263699999982,52.41278885883136
105.85166629999968,20.999263699999982,50.89168603105401
105.85196629999967,20.999263699999982,52.981948491213856
105.85226629999968,20.999263699999982,63.40602622997858
105.85256629999968,20.999263699999982,57.24173089773133
105.85286629999966,20.999263699999982,57.4092534767032
105.85316629999966,20.999263699999982,55.46128758094483
105.85346629999964,20.999263699999982,57.34825518348062
105.85376629999963,20.999263699999982,60.939508819639485
105.85406629999964,20.999263699999982,58.489474350182505
105.85436629999964,20.999263699999982,58.47810455119651
105.85466629999964,20.999263699999982,59.055626069183646
105.85496629999965,20.999263699999982,57.50998458550751
105.85526629999964,20.999263699999982,57.697768190467926
105.85556629999962,20.999263699999982,55.28409911071398
105.85586629999962,20.999263699999982,57.85718941696997
105.8561662999996,20.999263699999982,61.31830035000284
105.8564662999996,20.999263699999982,58.05907971265354
105.8567662999996,20.999263699999982,58.42248203598655
105.8570662999996,20.999263699999982,58.86706165230737
105.8573662999996,20.999263699999982,57.22870576608939
105.8576662999996,20.999263699999982,57.39455571758886
105.8291663,20.99956369999998,70.94620218597468
105.8294663,20.99956369999998,71.41977045985065
105.8297663,20.99956369999998,70.78963125317057
105.83006629999998,20.99956369999998,70.02747775558393
105.83036629999998,20.99956369999998,72.1526672987912
105.83066629999998,20.99956369999998,72.58692485262097
105.83096629999996,20.99956369999998,75.05112222837211
105.83126629999995,20.99956369999998,70.70665853258284
105.83156629999996,20.99956369999998,69.40924896375584
105.83186629999996,20.99956369999998,73.14395363325652
105.83216629999995,20.99956369999998,68.1366933652306
105.83246629999996,20.99956369999998,65.73585331690776
105.83276629999996,20.99956369999998,66.38078967901905
105.83306629999994,20.99956369999998,64.11430491513642
105.83336629999994,20.99956369999998,67.34191016834258
105.83366629999992,20.99956369999998,61.74540794674367
105.83396629999991,20.99956369999998,55.52333037485418
105.83426629999992,20.99956369999998,55.50489435833791
105.83456629999992,20.99956369999998,57.39837303039758
105.83486629999992,20.99956369999998,61.75700781173411
105.83516629999993,20.99956369999998,58.20420819315213
105.83546629999992,20.99956369999998,56.58087643714532
105.8357662999999,20.99956369999998,54.81747893652941
105.8360662999999,20.99956369999998,55.52421550708442
105.8363662999999,20.99956369999998,56.38602052208691
105.83666629999988,20.99956369999998,54.3546593442063
105.83696629999989,20.99956369999998,61.85250427989355
105.83726629999988,20.99956369999998,61.19222177015058
105.83756629999988,20.99956369999998,72.02660448265429
105.83786629999987,20.99956369999998,71.84311679036382
105.83816629999988,20.99956369999998,63.99984088029002
105.83846629999988,20.99956369999998,62.276484864853174
105.83876629999986,20.99956369999998,65.65071988763118
105.83906629999986,20.99956369999998,66.5944212269711
105.83936629999984,20.99956369999998,64.22209950108524
105.83966629999983,20.99956369999998,66.54658640868202
105.83996629999984,20.99956369999998,66.1018366936259
105.84026629999984,20.99956369999998,68.28849272785608
105.84056629999984,20.99956369999998,67.60306553500764
105.84086629999985,20.99956369999998,63.66303295120471
105.84116629999984,20.99956369999998,61.586605826919666
105.84146629999982,20.99956369999998,69.48181440400727
105.84176629999982,20.99956369999998,58.033473809702855
105.8420662999998,20.99956369999998,61.951499491471466
105.8423662999998,20.99956369999998,56.24364510805465
105.8426662999998,20.99956369999998,54.82472088950853
105.8429662999998,20.99956369999998,56.55352159764625
105.8432662999998,20.99956369999998,55.75937714576092
105.8435662999998,20.99956369999998,70.23316549327384
105.8438662999998,20.99956369999998,62.988281199309824
105.84416629999978,20.99956369999998,55.25200909529033
105.84446629999978,20.99956369999998,57.37978335450177
105.84476629999978,20.99956369999998,58.42856392433505
105.84506629999976,20.99956369999998,59.20425440467534
105.84536629999975,20.99956369999998,64.36884093902951
105.84566629999976,20.99956369999998,52.325151116087554
105.84596629999976,20.99956369999998,56.94556860584437
105.84626629999975,20.99956369999998,58.8228569972277
105.84656629999976,20.99956369999998,60.485720906571856
105.84686629999976,20.99956369999998,64.04111324052725
105.84716629999974,20.99956369999998,58.40247304244183
105.84746629999974,20.99956369999998,61.44245027023963
105.84776629999972,20.99956369999998,56.380918212966705
105.84806629999972,20.99956369999998,58.07415004551504
105.84836629999973,20.99956369999998,54.33207503306754
105.84866629999972,20.99956369999998,58.814775423560405
105.84896629999972,20.99956369999998,61.348909708563426
105.84926629999973,20.99956369999998,62.55200645005006
105.84956629999972,20.99956369999998,53.63108164310634
105.8498662999997,20.99956369999998,57.23043748036915
105.8501662999997,20.99956369999998,55.16838003939226
105.8504662999997,20.99956369999998,61.69739288924117
105.85076629999968,20.99956369999998,57.83987061782096
105.85106629999969,20.99956369999998,59.71178171150848
105.85136629999968,20.99956369999998,56.171545958093034
105.85166629999968,20.99956369999998,55.275953485452234
105.85196629999967,20.99956369999998,54.29157939729902
105.85226629999968,20.99956369999998,55.885570659271394
105.85256629999968,20.99956369999998,61.00816452999659
105.85286629999966,20.99956369999998,57.51289991618012
105.85316629999966,20.99956369999998,57.90601682875716
105.85346629999964,20.99956369999998,55.98119846150547
105.85376629999963,20.99956369999998,54.78660857629585
105.85406629999964,20.99956369999998,54.89183800387508
105.85436629999964,20.99956369999998,54.23268219568956
105.85466629999964,20.99956369999998,49.39961801292897
105.85496629999965,20.99956369999998,51.76369418623643
105.85526629999964,20.99956369999998,53.59757853389674
105.85556629999962,20.99956369999998,55.66946942367535
105.85586629999962,20.99956369999998,57.54546099408398
105.8561662999996,20.99956369999998,61.65802243348401
105.8564662999996,20.99956369999998,61.15493934499597
105.8567662999996,20.99956369999998,59.3097016513199
105.8570662999996,20.99956369999998,56.709219234295105
105.8573662999996,20.99956369999998,56.92561495789246
105.8576662999996,20.99956369999998,54.99110803489188
105.8291663,20.99986369999998,62.0438152739131
105.8294663,20.99986369999998,69.79738933751221
105.8297663,20.99986369999998,73.787343945463
105.83006629999998,20.99986369999998,75.76457075173023
105.83036629999998,20.99986369999998,77.25598439085587
105.83066629999998,20.99986369999998,77.23332441508083
105.83096629999996,20.99986369999998,69.40084219142251
105.83126629999995,20.99986369999998,73.57500307465119
105.83156629999996,20.99986369999998,69.04613832110137
105.83186629999996,20.99986369999998,70.68532027922339
105.83216629999995,20.99986369999998,69.58420156003747
105.83246629999996,20.99986369999998,67.19623162198855
105.83276629999996,20.99986369999998,68.9529914917459
105.83306629999994,20.99986369999998,66.22343282157289
105.83336629999994,20.99986369999998,57.23381944145788
105.83366629999992,20.99986369999998,58.30695433723288
105.83396629999991,20.99986369999998,55.312148742063385
105.83426629999992,20.99986369999998,59.13792036391064
105.83456629999992,20.99986369999998,59.55667592831446
105.83486629999992,20.99986369999998,53.20441941405254
105.83516629999993,20.99986369999998,57.278095923599025
105.83546629999992,20.99986369999998,57.06713911829287
105.8357662999999,20.99986369999998,56.323354386070974
105.8360662999999,20.99986369999998,53.12854835584727
105.8363662999999,20.99986369999998,53.25521167509386
105.83666629999988,20.99986369999998,55.76795833539791
105.83696629999989,20.99986369999998,68.9140388992522
105.83726629999988,20.99986369999998,59.77496266557149
105.83756629999988,20.99986369999998,64.83016898776451
105.83786629999987,20.99986369999998,67.08637268489225
105.83816629999988,20.99986369999998,64.79319430656106
105.83846629999988,20.99986369999998,61.96281333533632
105.83876629999986,20.99986369999998,64.56772819079033
105.83906629999986,20.99986369999998,59.75879403072959
105.83936629999984,20.99986369999998,59.95095492748494
105.83966629999983,20.99986369999998,59.00269205900037
105.83996629999984,20.99986369999998,62.68241426770753
105.84026629999984,20.99986369999998,57.67237468037362
105.84056629999984,20.99986369999998,66.14316551795733
105.84086629999985,20.99986369999998,62.7587270229394
105.84116629999984,20.99986369999998,69.10113133969344
105.84146629999982,20.99986369999998,69.72804660239692
105.84176629999982,20.99986369999998,56.71186569798793
105.8420662999998,20.99986369999998,55.97070810665289
105.8423662999998,20.99986369999998,58.43353811230703
105.8426662999998,20.99986369999998,55.91295465663059
105.8429662999998,20.99986369999998,58.2984254654604
105.8432662999998,20.99986369999998,67.27681010707524
105.8435662999998,20.99986369999998,61.76445967848396
105.8438662999998,20.99986369999998,54.947426455478634
105.84416629999978,20.99986369999998,56.683997099445335
105.84446629999978,20.99986369999998,53.69296422316789
105.84476629999978,20.99986369999998,58.94606602745209
105.84506629999976,20.99986369999998,60.98825085646993
105.84536629999975,20.99986369999998,62.05575323324625
105.84566629999976,20.99986369999998,58.227204836045146
105.84596629999976,20.99986369999998,57.072832758446
105.84626629999975,20.99986369999998,56.981796273459494
105.84656629999976,20.99986369999998,60.26345690705686
105.84686629999976,20.99986369999998,63.311457669373496
105.84716629999974,20.99986369999998,64.82787456375944
105.84746629999974,20.99986369999998,63.12068049070734
105.84776629999972,20.99986369999998,56.913571716725485
105.84806629999972,20.99986369999998,57.85277838450816
105.84836629999973,20.99986369999998,57.99749645969561
105.84866629999972,20.99986369999998,55.828481575910814
105.84896629999972,20.99986369999998,59.37438695877306
105.84926629999973,20.99986369999998,57.473949497091226
105.84956629999972,20.99986369999998,52.912193430303475
105.8498662999997,20.99986369999998,53.73545567639087
105.8501662999997,20.99986369999998,56.91315907877379
105.8504662999997,20.99986369999998,59.227807048155995
105.85076629999968,20.99986369999998,58.16710470836192
105.85106629999969,20.99986369999998,56.45718221513273
105.85136629999968,20.99986369999998,56.495345987909715
105.85166629999968,20.99986369999998,52.94123478485908
105.85196629999967,20.99986369999998,55.85226569667637
105.85226629999968,20.99986369999998,57.67353032167683
105.85256629999968,20.99986369999998,53.29180614746275
105.85286629999966,20.99986369999998,58.29426354496836
105.85316629999966,20.99986369999998,57.00535117977182
105.85346629999964,20.99986369999998,56.768710590431425
105.85376629999963,20.99986369999998,55.316389509409134
105.85406629999964,20.99986369999998,56.16371982448695
105.85436629999964,20.99986369999998,54.893296352898034
105.85466629999964,20.99986369999998,51.207179703517674
105.85496629999965,20.99986369999998,52.12658032221013
105.85526629999964,20.99986369999998,55.61626534631006
105.85556629999962,20.99986369999998,58.84950634572692
105.85586629999962,20.99986369999998,56.0742888461326
105.8561662999996,20.99986369999998,60.02067795804082
105.8564662999996,20.99986369999998,59.248316727471135
105.8567662999996,20.99986369999998,59.68806994183194
105.8570662999996,20.99986369999998,57.83686303448012
105.8573662999996,20.99986369999998,55.62896809886503
105.8576662999996,20.99986369999998,53.76644427739176
105.8291663,21.00016369999998,76.72958760953082
105.8294663,21.00016369999998,76.3971361161339
105.8297663,21.00016369999998,79.94915977998052
105.83006629999998,21.00016369999998,80.53498525709387
105.83036629999998,21.00016369999998,71.37549719963744
105.83066629999998,21.00016369999998,73.36058684571474
105.83096629999996,21.00016369999998,71.65481420368576
105.83126629999995,21.00016369999998,70.4480333082758
105.83156629999996,21.00016369999998,69.23337182963331
105.83186629999996,21.00016369999998,69.90935166222472
105.83216629999995,21.00016369999998,63.4023312404813
105.83246629999996,21.00016369999998,68.46572008394641
105.83276629999996,21.00016369999998,62.60187028317752
105.83306629999994,21.00016369999998,65.62495326900134
105.83336629999994,21.00016369999998,54.141299533887334
105.83366629999992,21.00016369999998,58.46628812033149
105.83396629999991,21.00016369999998,57.668824404069085
105.83426629999992,21.00016369999998,56.78237060661857
105.83456629999992,21.00016369999998,55.00406909626828
105.83486629999992,21.00016369999998,59.444591737321616
105.83516629999993,21.00016369999998,55.777577539036784
105.83546629999992,21.00016369999998,56.071798495923645
105.8357662999999,21.00016369999998,53.756871687481365
105.8360662999999,21.00016369999998,54.17714609808955
105.8363662999999,21.00016369999998,58.26134136327819
105.83666629999988,21.00016369999998,59.743493306870675
105.83696629999989,21.00016369999998,70.15830598444734
105.83726629999988,21.00016369999998,68.66852448541876
105.83756629999988,21.00016369999998,61.027684857815146
105.83786629999987,21.00016369999998,63.39963374839931
105.83816629999988,21.00016369999998,61.4222155350749
105.83846629999988,21.00016369999998,60.526262496027314
105.83876629999986,21.00016369999998,59.12787642095387
105.83906629999986,21.00016369999998,59.30350672586992
105.83936629999984,21.00016369999998,57.35363262316473
105.83966629999983,21.00016369999998,57.24565809302182
105.83996629999984,21.00016369999998,60.1651690782375
105.84026629999984,21.00016369999998,69.67042134125441
105.84056629999984,21.00016369999998,66.623060836688
105.84086629999985,21.00016369999998,62.50348173158278
105.84116629999984,21.00016369999998,65.1920312785168
105.84146629999982,21.00016369999998,69.27937972587607
105.84176629999982,21.00016369999998,66.67499865048084
105.8420662999998,21.00016369999998,62.171309521703066
105.8423662999998,21.00016369999998,57.04316067017229
105.8426662999998,21.00016369999998,52.90646798653009
105.8429662999998,21.00016369999998,56.646194300547265
105.8432662999998,21.00016369999998,61.26022704126996
105.8435662999998,21.00016369999998,61.0793402866055
105.8438662999998,21.00016369999998,54.54716790980976
105.84416629999978,21.00016369999998,51.18452144420404
105.84446629999978,21.00016369999998,57.70014664514456
105.84476629999978,21.00016369999998,62.37764851218142
105.84506629999976,21.00016369999998,64.11634736893085
105.84536629999975,21.00016369999998,62.938921298202715
105.84566629999976,21.00016369999998,57.50913738160877
105.84596629999976,21.00016369999998,59.163510206761416
105.84626629999975,21.00016369999998,57.185229673525086
105.84656629999976,21.00016369999998,61.58326475507393
105.84686629999976,21.00016369999998,62.98914312741287
105.84716629999974,21.00016369999998,60.763888189848
105.84746629999974,21.00016369999998,60.709934853642835
105.84776629999972,21.00016369999998,56.862877139489726
105.84806629999972,21.00016369999998,62.93493728295334
105.84836629999973,21.00016369999998,58.17441185349216
105.84866629999972,21.00016369999998,65.2829082841377
105.84896629999972,21.00016369999998,56.082373212360835
105.84926629999973,21.00016369999998,56.86994567690415
105.84956629999972,21.00016369999998,55.705617416541855
105.8498662999997,21.00016369999998,53.815502255442325
105.8501662999997,21.00016369999998,58.62963095220276
105.8504662999997,21.00016369999998,60.70791216991489
105.85076629999968,21.00016369999998,58.71289111689374
105.85106629999969,21.00016369999998,54.77040548324515
105.85136629999968,21.00016369999998,55.99850012540664
105.85166629999968,21.00016369999998,52.0639493454532
105.85196629999967,21.00016369999998,55.87689080678916
105.85226629999968,21.00016369999998,51.75066596126689
105.85256629999968,21.00016369999998,52.474715771152376
105.85286629999966,21.00016369999998,53.17224751381498
105.85316629999966,21.00016369999998,61.45264344846952
105.85346629999964,21.00016369999998,56.08781331297614
105.85376629999963,21.00016369999998,58.93479437834611
105.85406629999964,21.00016369999998,61.02697721400743
105.85436629999964,21.00016369999998,56.815673377072386
105.85466629999964,21.00016369999998,56.848463628681614
105.85496629999965,21.00016369999998,55.08273903024923
105.85526629999964,21.00016369999998,55.557550058099054
105.85556629999962,21.00016369999998,58.71610564380914
105.85586629999962,21.00016369999998,62.64678745653093
105.8561662999996,21.00016369999998,58.01588312518001
105.8564662999996,21.00016369999998,59.743434484631365
105.8567662999996,21.00016369999998,57.01511975580932
105.8570662999996,21.00016369999998,55.64736451202013
105.8573662999996,21.00016369999998,52.530487508474465
105.8576662999996,21.00016369999998,52.59574645387667
105.8291663,21.00046369999998,80.30856252928025
105.8294663,21.00046369999998,73.31537386359126
105.8297663,21.00046369999998,72.73075224411599
105.83006629999998,21.00046369999998,66.3804927661271
105.83036629999998,21.00046369999998,67.93941546670952
105.83066629999998,21.00046369999998,72.96876839536176
105.83096629999996,21.00046369999998,73.17320065889975
105.83126629999995,21.00046369999998,71.38025234018419
105.83156629999996,21.00046369999998,71.94461121484328
105.83186629999996,21.00046369999998,64.13993864959582
105.83216629999995,21.00046369999998,66.2557752269477
105.83246629999996,21.00046369999998,67.51401602596711
105.83276629999996,21.00046369999998,56.836544668376206
105.83306629999994,21.00046369999998,58.437489209109486
105.83336629999994,21.00046369999998,53.798066305851336
105.83366629999992,21.00046369999998,58.91383261156787
105.83396629999991,21.00046369999998,61.08220816551335
105.83426629999992,21.00046369999998,60.225122106598675
105.83456629999992,21.00046369999998,58.75235004225864
105.83486629999992,21.00046369999998,58.508369012457194
105.83516629999993,21.00046369999998,69.85547470039386
105.83546629999992,21.00046369999998,56.40111040822677
105.8357662999999,21.00046369999998,59.056642761367
105.8360662999999,21.00046369999998,58.070542769455784
105.8363662999999,21.00046369999998,58.77166192732561
105.83666629999988,21.00046369999998,64.12100423857196
105.83696629999989,21.00046369999998,66.92244215959977
105.83726629999988,21.00046369999998,63.57212877943939
105.83756629999988,21.00046369999998,65.89324874249432
105.83786629999987,21.00046369999998,65.3976326528454
105.83816629999988,21.00046369999998,62.262177055865834
105.83846629999988,21.00046369999998,62.50892722527958
105.83876629999986,21.00046369999998,57.72335301276823
105.83906629999986,21.00046369999998,60.5013735830499
105.83936629999984,21.00046369999998,63.82561973894752
105.83966629999983,21.00046369999998,59.30484520797182
105.83996629999984,21.00046369999998,61.08475773227195
105.84026629999984,21.00046369999998,56.43425574069397
105.84056629999984,21.00046369999998,64.90513399598512
105.84086629999985,21.00046369999998,69.98747683777701
105.84116629999984,21.00046369999998,66.85834270748101
105.84146629999982,21.00046369999998,69.25135187952414
105.84176629999982,21.00046369999998,70.30145676693058
105.8420662999998,21.00046369999998,67.21813844403516
105.8423662999998,21.00046369999998,65.910976718419
105.8426662999998,21.00046369999998,62.84949667617717
105.8429662999998,21.00046369999998,55.16322136985683
105.8432662999998,21.00046369999998,55.99310622940436
105.8435662999998,21.00046369999998,53.14067763572075
105.8438662999998,21.00046369999998,51.33483915010946
105.84416629999978,21.00046369999998,50.19464153825566
105.84446629999978,21.00046369999998,58.77243851815092
105.84476629999978,21.00046369999998,61.58892851745853
105.84506629999976,21.00046369999998,58.91676390150114
105.84536629999975,21.00046369999998,60.867629026192375
105.84566629999976,21.00046369999998,59.1858362132952
105.84596629999976,21.00046369999998,59.16352261596744
105.84626629999975,21.00046369999998,62.106561361025726
105.84656629999976,21.00046369999998,65.2784534367944
105.84686629999976,21.00046369999998,64.29046937353152
105.84716629999974,21.00046369999998,57.29595753198845
105.84746629999974,21.00046369999998,54.756588905087185
105.84776629999972,21.00046369999998,56.82595860315858
105.84806629999972,21.00046369999998,59.10644010762212
105.84836629999973,21.00046369999998,56.83855935804891
105.84866629999972,21.00046369999998,58.789984205085645
105.84896629999972,21.00046369999998,60.430270953308906
105.84926629999973,21.00046369999998,56.08847002304894
105.84956629999972,21.00046369999998,54.179911020746545
105.8498662999997,21.00046369999998,54.70437505212786
105.8501662999997,21.00046369999998,59.689512179465424
105.8504662999997,21.00046369999998,55.02321254526714
105.85076629999968,21.00046369999998,58.89187132346926
105.85106629999969,21.00046369999998,59.566211318386934
105.85136629999968,21.00046369999998,57.22966727950066
105.85166629999968,21.00046369999998,58.01691748079611
105.85196629999967,21.00046369999998,53.52698730015679
105.85226629999968,21.00046369999998,52.39062236762017
105.85256629999968,21.00046369999998,55.65629688081263
105.85286629999966,21.00046369999998,59.46482509556078
105.85316629999966,21.00046369999998,55.11401994735857
105.85346629999964,21.00046369999998,61.90126844849715
105.85376629999963,21.00046369999998,61.25449146301854
105.85406629999964,21.00046369999998,60.2789662975112
105.85436629999964,21.00046369999998,56.77185587113189
105.85466629999964,21.00046369999998,54.817909998359454
105.85496629999965,21.00046369999998,59.76738635832497
105.85526629999964,21.00046369999998,56.71872398822243
105.85556629999962,21.00046369999998,58.103396591811304
105.85586629999962,21.00046369999998,54.32785191927859
105.8561662999996,21.00046369999998,57.610634685767266
105.8564662999996,21.00046369999998,55.0654138560559
105.8567662999996,21.00046369999998,57.27653384427688
105.8570662999996,21.00046369999998,52.956689741394385
105.8573662999996,21.00046369999998,53.73563034126403
105.8576662999996,21.00046369999998,52.59574645387667
105.8291663,21.00076369999998,68.90970450554506
105.8294663,21.00076369999998,71.41288840917696
105.8297663,21.00076369999998,75.60520825657782
105.83006629999998,21.00076369999998,73.05999570034123
105.83036629999998,21.00076369999998,69.63879382140347
105.83066629999998,21.00076369999998,66.67557277741355
105.83096629999996,21.00076369999998,65.79018996856783
105.83126629999995,21.00076369999998,71.48988376263884
105.83156629999996,21.00076369999998,67.13690203355802
105.83186629999996,21.00076369999998,68.0921147668018
105.83216629999995,21.00076369999998,64.72686877545887
105.83246629999996,21.00076369999998,66.69683671715066
105.83276629999996,21.00076369999998,65.43426432621774
105.83306629999994,21.00076369999998,59.45969243517989
105.83336629999994,21.00076369999998,62.02628550738959
105.83366629999992,21.00076369999998,55.168140638056855
105.83396629999991,21.00076369999998,57.05215135606218
105.83426629999992,21.00076369999998,60.41734308450805
105.83456629999992,21.00076369999998,61.50369549429526
105.83486629999992,21.00076369999998,61.554570836145174
105.83516629999993,21.00076369999998,58.95933993469792
105.83546629999992,21.00076369999998,60.29865833666078
105.8357662999999,21.00076369999998,56.95743158828522
105.8360662999999,21.00076369999998,61.44137859084452
105.8363662999999,21.00076369999998,60.02299295354534
105.83666629999988,21.00076369999998,61.23398742898111
105.83696629999989,21.00076369999998,60.072257511537714
105.83726629999988,21.00076369999998,59.75408417778553
105.83756629999988,21.00076369999998,65.04375515781881
105.83786629999987,21.00076369999998,69.08193976033677
105.83816629999988,21.00076369999998,62.37205205231254
105.83846629999988,21.00076369999998,59.05669212876644
105.83876629999986,21.00076369999998,59.293771206144626
105.83906629999986,21.00076369999998,55.98316526978719
105.83936629999984,21.00076369999998,55.40546629050998
105.83966629999983,21.00076369999998,55.499053281432026
105.83996629999984,21.00076369999998,57.761268152508094
105.84026629999984,21.00076369999998,55.49300968726787
105.84056629999984,21.00076369999998,59.17820885317816
105.84086629999985,21.00076369999998,68.43620718481485
105.84116629999984,21.00076369999998,64.66997323687102
105.84146629999982,21.00076369999998,65.96648162839647
105.84176629999982,21.00076369999998,64.3067032365731
105.8420662999998,21.00076369999998,69.06446193656777
105.8423662999998,21.00076369999998,63.71815062317353
105.8426662999998,21.00076369999998,70.24596528980429
105.8429662999998,21.00076369999998,58.81304164404261
105.8432662999998,21.00076369999998,56.87241164515767
105.8435662999998,21.00076369999998,51.516945358689185
105.8438662999998,21.00076369999998,51.52862870985021
105.84416629999978,21.00076369999998,59.279432815495056
105.84446629999978,21.00076369999998,64.25846778084382
105.84476629999978,21.00076369999998,65.04068057611106
105.84506629999976,21.00076369999998,59.3498787291295
105.84536629999975,21.00076369999998,62.572877606750026
105.84566629999976,21.00076369999998,60.270198965164525
105.84596629999976,21.00076369999998,61.52121319270749
105.84626629999975,21.00076369999998,64.42483220490577
105.84656629999976,21.00076369999998,64.99576122302365
105.84686629999976,21.00076369999998,57.84767319557024
105.84716629999974,21.00076369999998,64.07719692934936
105.84746629999974,21.00076369999998,69.37267072067637
105.84776629999972,21.00076369999998,56.00949611553145
105.84806629999972,21.00076369999998,56.59286617601879
105.84836629999973,21.00076369999998,53.28351475937116
105.84866629999972,21.00076369999998,59.87150608635028
105.84896629999972,21.00076369999998,56.07416201602719
105.84926629999973,21.00076369999998,56.03966880549508
105.84956629999972,21.00076369999998,55.218804607315946
105.8498662999997,21.00076369999998,58.239588064358784
105.8501662999997,21.00076369999998,55.16179635292225
105.8504662999997,21.00076369999998,53.29509762535534
105.85076629999968,21.00076369999998,56.29011694036228
105.85106629999969,21.00076369999998,56.679130392440115
105.85136629999968,21.00076369999998,58.724873562895624
105.85166629999968,21.00076369999998,57.226560746239386
105.85196629999967,21.00076369999998,53.166955908868275
105.85226629999968,21.00076369999998,54.105329458105984
105.85256629999968,21.00076369999998,60.95073645172289
105.85286629999966,21.00076369999998,59.04826235923995
105.85316629999966,21.00076369999998,59.741953673902614
105.85346629999964,21.00076369999998,59.58818078294368
105.85376629999963,21.00076369999998,60.22386052732986
105.85406629999964,21.00076369999998,60.30664877892822
105.85436629999964,21.00076369999998,58.64555332591301
105.85466629999964,21.00076369999998,54.12781774645251
105.85496629999965,21.00076369999998,57.81408419484568
105.85526629999964,21.00076369999998,56.66815049085005
105.85556629999962,21.00076369999998,53.2925317756747
105.85586629999962,21.00076369999998,51.76568194964423
105.8561662999996,21.00076369999998,52.66389503546924
105.8564662999996,21.00076369999998,54.736292923517155
105.8567662999996,21.00076369999998,52.70104484159778
105.8570662999996,21.00076369999998,54.37579360334961
105.8573662999996,21.00076369999998,53.64314645987146
105.8576662999996,21.00076369999998,52.35454124700358
105.8291663,21.00106369999998,71.67679499372122
105.8294663,21.00106369999998,72.48349607958511
105.8297663,21.00106369999998,69.57278791430794
105.83006629999998,21.00106369999998,68.15566680352124
105.83036629999998,21.00106369999998,63.86258911654435
105.83066629999998,21.00106369999998,65.25016363973447
105.83096629999996,21.00106369999998,69.53937684356931
105.83126629999995,21.00106369999998,71.57309857778682
105.83156629999996,21.00106369999998,72.7681630764483
105.83186629999996,21.00106369999998,67.42801573597241
105.83216629999995,21.00106369999998,67.1318085032279
105.83246629999996,21.00106369999998,69.5913429663561
105.83276629999996,21.00106369999998,64.25411505280721
105.83306629999994,21.00106369999998,65.17138772674535
105.83336629999994,21.00106369999998,58.10027443625913
105.83366629999992,21.00106369999998,61.306730665792784
105.83396629999991,21.00106369999998,56.588192351045336
105.83426629999992,21.00106369999998,63.62770486866073
105.83456629999992,21.00106369999998,64.75407038653444
105.83486629999992,21.00106369999998,63.185981874587455
105.83516629999993,21.00106369999998,62.334201564798775
105.83546629999992,21.00106369999998,60.0155752461784
105.8357662999999,21.00106369999998,56.77055267108784
105.8360662999999,21.00106369999998,55.69794813758614
105.8363662999999,21.00106369999998,57.6487848721348
105.83666629999988,21.00106369999998,55.32236886044939
105.83696629999989,21.00106369999998,55.13390421706609
105.83726629999988,21.00106369999998,61.584381805574694
105.83756629999988,21.00106369999998,63.5500090426451
105.83786629999987,21.00106369999998,70.0183706522611
105.83816629999988,21.00106369999998,67.6335098161053
105.83846629999988,21.00106369999998,56.979898840782795
105.83876629999986,21.00106369999998,56.09148606405408
105.83906629999986,21.00106369999998,57.62781863114198
105.83936629999984,21.00106369999998,60.89226149259373
105.83966629999983,21.00106369999998,62.94231915907761
105.83996629999984,21.00106369999998,61.535463070270936
105.84026629999984,21.00106369999998,62.93508530349459
105.84056629999984,21.00106369999998,65.66503514567651
105.84086629999985,21.00106369999998,62.89443528408246
105.84116629999984,21.00106369999998,64.7054967764455
105.84146629999982,21.00106369999998,61.82010582959499
105.84176629999982,21.00106369999998,64.59533640309225
105.8420662999998,21.00106369999998,65.79010725618058
105.8423662999998,21.00106369999998,64.45935884908648
105.8426662999998,21.00106369999998,62.52302553107718
105.8429662999998,21.00106369999998,58.04027316061254
105.8432662999998,21.00106369999998,62.60792870312584
105.8435662999998,21.00106369999998,61.39588164496088
105.8438662999998,21.00106369999998,54.05921178288011
105.84416629999978,21.00106369999998,58.099469442937675
105.84446629999978,21.00106369999998,70.31003449561864
105.84476629999978,21.00106369999998,73.20597553811216
105.84506629999976,21.00106369999998,71.4078273812494
105.84536629999975,21.00106369999998,64.53968741327644
105.84566629999976,21.00106369999998,59.16067984880634
105.84596629999976,21.00106369999998,60.65903772163355
105.84626629999975,21.00106369999998,66.06852893259544
105.84656629999976,21.00106369999998,56.51921984340463
105.84686629999976,21.00106369999998,70.4784845683661
105.84716629999974,21.00106369999998,62.23565476878347
105.84746629999974,21.00106369999998,58.15634953562643
105.84776629999972,21.00106369999998,53.68863142908599
105.84806629999972,21.00106369999998,51.6975935976476
105.84836629999973,21.00106369999998,52.00896514474916
105.84866629999972,21.00106369999998,59.62415865221335
105.84896629999972,21.00106369999998,56.59658702191969
105.84926629999973,21.00106369999998,57.154386871401925
105.84956629999972,21.00106369999998,54.96519502219486
105.8498662999997,21.00106369999998,55.9135078256232
105.8501662999997,21.00106369999998,53.79220455237317
105.8504662999997,21.00106369999998,57.394976528583854
105.85076629999968,21.00106369999998,56.22662678897258
105.85106629999969,21.00106369999998,57.09739509347975
105.85136629999968,21.00106369999998,56.424381438986515
105.85166629999968,21.00106369999998,56.33762616212121
105.85196629999967,21.00106369999998,53.81278782325237
105.85226629999968,21.00106369999998,51.64878871735344
105.85256629999968,21.00106369999998,53.66945087670639
105.85286629999966,21.00106369999998,59.41327033798639
105.85316629999966,21.00106369999998,61.19325863378192
105.85346629999964,21.00106369999998,60.70784111191722
105.85376629999963,21.00106369999998,57.114183645801134
105.85406629999964,21.00106369999998,61.88734904822148
105.85436629999964,21.00106369999998,58.49111682443625
105.85466629999964,21.00106369999998,52.75394277838787
105.85496629999965,21.00106369999998,52.79410804928375
105.85526629999964,21.00106369999998,50.967604687084815
105.85556629999962,21.00106369999998,53.34064411875127
105.85586629999962,21.00106369999998,54.02670672144568
105.8561662999996,21.00106369999998,49.63459970621405
105.8564662999996,21.00106369999998,52.62688475964984
105.8567662999996,21.00106369999998,52.64824817792157
105.8570662999996,21.00106369999998,52.30854913064876
105.8573662999996,21.00106369999998,54.00089782981864
105.8576662999996,21.00106369999998,52.171291019879234
105.8291663,21.001363699999978,72.5580721104464
105.8294663,21.001363699999978,73.80444329472164
105.8297663,21.001363699999978,69.0874682415139
105.83006629999998,21.001363699999978,73.05439804191171
105.83036629999998,21.001363699999978,72.88768554089724
105.83066629999998,21.001363699999978,68.17189341249507
105.83096629999996,21.001363699999978,66.35818379475536
105.83126629999995,21.001363699999978,64.79563241486876
105.83156629999996,21.001363699999978,61.27048508394617
105.83186629999996,21.001363699999978,64.71409296043686
105.83216629999995,21.001363699999978,62.54360103839177
105.83246629999996,21.001363699999978,68.77363934456866
105.83276629999996,21.001363699999978,67.80911335039309
105.83306629999994,21.001363699999978,65.60247042581774
105.83336629999994,21.001363699999978,66.20984533031933
105.83366629999992,21.001363699999978,63.07036308400201
105.83396629999991,21.001363699999978,62.59635160644514
105.83426629999992,21.001363699999978,65.23116153774122
105.83456629999992,21.001363699999978,64.43965590978102
105.83486629999992,21.001363699999978,64.82602101526355
105.83516629999993,21.001363699999978,61.36414667796028
105.83546629999992,21.001363699999978,60.35572041889273
105.8357662999999,21.001363699999978,62.54708425789933
105.8360662999999,21.001363699999978,62.364381384148786
105.8363662999999,21.001363699999978,62.10800283892003
105.83666629999988,21.001363699999978,62.53380187979283
105.83696629999989,21.001363699999978,59.23298653590573
105.83726629999988,21.001363699999978,66.25124911725048
105.83756629999988,21.001363699999978,73.35579757207441
105.83786629999987,21.001363699999978,67.23526734662563
105.83816629999988,21.001363699999978,58.66044787201088
105.83846629999988,21.001363699999978,58.997858293570985
105.83876629999986,21.001363699999978,58.196901657052805
105.83906629999986,21.001363699999978,67.60495048390676
105.83936629999984,21.001363699999978,68.55416426239503
105.83966629999983,21.001363699999978,65.62661544137343
105.83996629999984,21.001363699999978,61.82700046981883
105.84026629999984,21.001363699999978,63.868000480445716
105.84056629999984,21.001363699999978,63.17170597917517
105.84086629999985,21.001363699999978,69.66963813225742
105.84116629999984,21.001363699999978,67.16104560422141
105.84146629999982,21.001363699999978,64.64041099197209
105.84176629999982,21.001363699999978,67.77117723320183
105.8420662999998,21.001363699999978,67.96202481072343
105.8423662999998,21.001363699999978,72.08537910644209
105.8426662999998,21.001363699999978,71.35296848172172
105.8429662999998,21.001363699999978,63.31661606976796
105.8432662999998,21.001363699999978,61.139002083156086
105.8435662999998,21.001363699999978,55.9266820465413
105.8438662999998,21.001363699999978,57.03695286178507
105.84416629999978,21.001363699999978,61.56506800110547
105.84446629999978,21.001363699999978,68.14314718365529
105.84476629999978,21.001363699999978,63.21014529915753
105.84506629999976,21.001363699999978,64.18935319883843
105.84536629999975,21.001363699999978,66.90080667763385
105.84566629999976,21.001363699999978,68.9356920182278
105.84596629999976,21.001363699999978,62.6096590040748
105.84626629999975,21.001363699999978,56.704612108540175
105.84656629999976,21.001363699999978,62.83520855618097
105.84686629999976,21.001363699999978,67.94192614486613
105.84716629999974,21.001363699999978,61.65778877327493
105.84746629999974,21.001363699999978,62.49223578154407
105.84776629999972,21.001363699999978,55.50223265798786
105.84806629999972,21.001363699999978,56.70666481168668
105.84836629999973,21.001363699999978,53.19260581340562
105.84866629999972,21.001363699999978,53.102692341902426
105.84896629999972,21.001363699999978,60.822146107310445
105.84926629999973,21.001363699999978,55.99116393098295
105.84956629999972,21.001363699999978,56.15921053330608
105.8498662999997,21.001363699999978,53.50208685032901
105.8501662999997,21.001363699999978,55.65588579717324
105.8504662999997,21.001363699999978,54.76125252742395
105.85076629999968,21.001363699999978,53.478406185055746
105.85106629999969,21.001363699999978,58.13838774047501
105.85136629999968,21.001363699999978,51.02755532308042
105.85166629999968,21.001363699999978,50.1946995910958
105.85196629999967,21.001363699999978,52.51354691412658
105.85226629999968,21.001363699999978,58.277230787747754
105.85256629999968,21.001363699999978,59.22373941962711
105.85286629999966,21.001363699999978,61.13158262311721
105.85316629999966,21.001363699999978,61.09479343384659
105.85346629999964,21.001363699999978,59.604417890105864
105.85376629999963,21.001363699999978,58.71757971236168
105.85406629999964,21.001363699999978,59.842720482159734
105.85436629999964,21.001363699999978,63.64347034474696
105.85466629999964,21.001363699999978,54.42675760656245
105.85496629999965,21.001363699999978,53.92008931215463
105.85526629999964,21.001363699999978,50.597352107706214
105.85556629999962,21.001363699999978,55.230769586065605
105.85586629999962,21.001363699999978,49.67773980652444
105.8561662999996,21.001363699999978,47.258881343640354
105.8564662999996,21.001363699999978,51.903625778501905
105.8567662999996,21.001363699999978,52.64824817792157
105.8570662999996,21.001363699999978,53.69234829063372
105.8573662999996,21.001363699999978,53.7345809632357
105.8576662999996,21.001363699999978,53.79728680873991
105.8291663,21.001663699999977,69.4513385427827
105.8294663,21.001663699999977,71.2777005668079
105.8297663,21.001663699999977,72.35709722878099
105.83006629999998,21.001663699999977,71.18997455330624
105.83036629999998,21.001663699999977,70.67067838810647
105.83066629999998,21.001663699999977,65.23680400612803
105.83096629999996,21.001663699999977,63.13553692470961
105.83126629999995,21.001663699999977,62.56611447450905
105.83156629999996,21.001663699999977,66.30181175378756
105.83186629999996,21.001663699999977,66.36162022495527
105.83216629999995,21.001663699999977,68.20838238577825
105.83246629999996,21.001663699999977,68.56823960177204
105.83276629999996,21.001663699999977,67.43149501668957
105.83306629999994,21.001663699999977,66.07759954518644
105.83336629999994,21.001663699999977,64.88120508475104
105.83366629999992,21.001663699999977,64.05096065253336
105.83396629999991,21.001663699999977,67.39371897528979
105.83426629999992,21.001663699999977,61.21810238589299
105.83456629999992,21.001663699999977,69.54508127151072
105.83486629999992,21.001663699999977,63.932489357289626
105.83516629999993,21.001663699999977,55.50399121428147
105.83546629999992,21.001663699999977,59.692994875622006
105.8357662999999,21.001663699999977,59.984171303238455
105.8360662999999,21.001663699999977,62.51125007830936
105.8363662999999,21.001663699999977,63.03189045849989
105.83666629999988,21.001663699999977,61.61173751620099
105.83696629999989,21.001663699999977,59.70711258563374
105.83726629999988,21.001663699999977,73.90579887781037
105.83756629999988,21.001663699999977,71.85283540864425
105.83786629999987,21.001663699999977,60.59749557304153
105.83816629999988,21.001663699999977,57.621678574400065
105.83846629999988,21.001663699999977,68.6261251059313
105.83876629999986,21.001663699999977,64.21655966925245
105.83906629999986,21.001663699999977,62.25376632004467
105.83936629999984,21.001663699999977,59.9684151341485
105.83966629999983,21.001663699999977,58.84481420010185
105.83996629999984,21.001663699999977,60.956814103036265
105.84026629999984,21.001663699999977,59.212636131772655
105.84056629999984,21.001663699999977,64.93548922843848
105.84086629999985,21.001663699999977,68.83134027357607
105.84116629999984,21.001663699999977,69.30894396943098
105.84146629999982,21.001663699999977,66.9252462283792
105.84176629999982,21.001663699999977,67.07793007767727
105.8420662999998,21.001663699999977,68.04460373621127
105.8423662999998,21.001663699999977,64.0518840143193
105.8426662999998,21.001663699999977,68.16276620753675
105.8429662999998,21.001663699999977,68.4320739472573
105.8432662999998,21.001663699999977,64.81341529301464
105.8435662999998,21.001663699999977,61.84072262731438
105.8438662999998,21.001663699999977,62.553128927115935
105.84416629999978,21.001663699999977,66.02601222737192
105.84446629999978,21.001663699999977,63.39595135138228
105.84476629999978,21.001663699999977,68.50710133212026
105.84506629999976,21.001663699999977,60.94295253031474
105.84536629999975,21.001663699999977,62.20650682459551
105.84566629999976,21.001663699999977,57.03485072586379
105.84596629999976,21.001663699999977,58.469263955839224
105.84626629999975,21.001663699999977,61.19261759225053
105.84656629999976,21.001663699999977,61.22886333136141
105.84686629999976,21.001663699999977,60.64406554518425
105.84716629999974,21.001663699999977,63.6577859263153
105.84746629999974,21.001663699999977,59.06939162969974
105.84776629999972,21.001663699999977,63.58481223948948
105.84806629999972,21.001663699999977,55.00568591984552
105.84836629999973,21.001663699999977,60.16362756800979
105.84866629999972,21.001663699999977,54.31093283067051
105.84896629999972,21.001663699999977,51.90894273466479
105.84926629999973,21.001663699999977,55.395851825927
105.84956629999972,21.001663699999977,55.81124571177706
105.8498662999997,21.001663699999977,55.47366955270243
105.8501662999997,21.001663699999977,52.98518071454737
105.8504662999997,21.001663699999977,56.3054978625168
105.85076629999968,21.001663699999977,55.0619859341041
105.85106629999969,21.001663699999977,54.57639907814841
105.85136629999968,21.001663699999977,52.87413388741284
105.85166629999968,21.001663699999977,56.38231089496004
105.85196629999967,21.001663699999977,58.655479057402616
105.85226629999968,21.001663699999977,55.90206997060258
105.85256629999968,21.001663699999977,58.15214281333583
105.85286629999966,21.001663699999977,64.46447012714407
105.85316629999966,21.001663699999977,59.23276769291884
105.85346629999964,21.001663699999977,53.84249677749722
105.85376629999963,21.001663699999977,59.92744672685501
105.85406629999964,21.001663699999977,56.25713101039713
105.85436629999964,21.001663699999977,56.50651474938462
105.85466629999964,21.001663699999977,54.66378436176251
105.85496629999965,21.001663699999977,52.23216648355873
105.85526629999964,21.001663699999977,48.82760109253547
105.85556629999962,21.001663699999977,49.43564729169261
105.85586629999962,21.001663699999977,49.26836188286916
105.8561662999996,21.001663699999977,48.67199162058655
105.8564662999996,21.001663699999977,51.65692762624744
105.8567662999996,21.001663699999977,54.67285132597452
105.8570662999996,21.001663699999977,52.66644805366657
105.8573662999996,21.001663699999977,49.76691559858985
105.8576662999996,21.001663699999977,52.39008454137705
105.8291663,21.001963699999976,68.63678042375172
105.8294663,21.001963699999976,69.686134887902
105.8297663,21.001963699999976,71.1779475470473
105.83006629999998,21.001963699999976,74.80803398649934
105.83036629999998,21.001963699999976,71.22913482249314
105.83066629999998,21.001963699999976,63.668591256325016
105.83096629999996,21.001963699999976,65.68220936464863
105.83126629999995,21.001963699999976,66.7225032915425
105.83156629999996,21.001963699999976,64.18916434528607
105.83186629999996,21.001963699999976,63.54140230210501
105.83216629999995,21.001963699999976,63.16142596100457
105.83246629999996,21.001963699999976,67.13001941367983
105.83276629999996,21.001963699999976,69.97374602352475
105.83306629999994,21.001963699999976,70.6892862601708
105.83336629999994,21.001963699999976,69.75004144088028
105.83366629999992,21.001963699999976,63.68008738201702
105.83396629999991,21.001963699999976,62.485786028841645
105.83426629999992,21.001963699999976,63.7810749574535
105.83456629999992,21.001963699999976,65.29720886346252
105.83486629999992,21.001963699999976,66.99168276497724
105.83516629999993,21.001963699999976,67.72936859490223
105.83546629999992,21.001963699999976,57.985328590031685
105.8357662999999,21.001963699999976,66.31212093482904
105.8360662999999,21.001963699999976,63.88594431797752
105.8363662999999,21.001963699999976,66.9109725292184
105.83666629999988,21.001963699999976,68.1507257285404
105.83696629999989,21.001963699999976,69.12098520059368
105.83726629999988,21.001963699999976,70.85014577680182
105.83756629999988,21.001963699999976,67.12944555878875
105.83786629999987,21.001963699999976,61.4795960657389
105.83816629999988,21.001963699999976,62.888793556092594
105.83846629999988,21.001963699999976,64.3177206518359
105.83876629999986,21.001963699999976,62.08303276085796
105.83906629999986,21.001963699999976,57.988118922678595
105.83936629999984,21.001963699999976,57.43499883791709
105.83966629999983,21.001963699999976,57.29480368462009
105.83996629999984,21.001963699999976,59.12691700395516
105.84026629999984,21.001963699999976,59.229984021903746
105.84056629999984,21.001963699999976,63.2502436391527
105.84086629999985,21.001963699999976,68.14345930867377
105.84116629999984,21.001963699999976,69.24975564149045
105.84146629999982,21.001963699999976,68.13693746519174
105.84176629999982,21.001963699999976,65.65514536797122
105.8420662999998,21.001963699999976,66.86616007418137
105.8423662999998,21.001963699999976,67.7928112148452
105.8426662999998,21.001963699999976,66.04726129149138
105.8429662999998,21.001963699999976,65.4820007870924
105.8432662999998,21.001963699999976,61.6444847909915
105.8435662999998,21.001963699999976,66.83566353268198
105.8438662999998,21.001963699999976,64.02863226052466
105.84416629999978,21.001963699999976,69.62186248706924
105.84446629999978,21.001963699999976,71.67497613013099
105.84476629999978,21.001963699999976,66.71280073943632
105.84506629999976,21.001963699999976,63.531861463270815
105.84536629999975,21.001963699999976,64.04123648439561
105.84566629999976,21.001963699999976,62.21121118471889
105.84596629999976,21.001963699999976,65.3825944181394
105.84626629999975,21.001963699999976,73.0636098429211
105.84656629999976,21.001963699999976,65.71806296136774
105.84686629999976,21.001963699999976,60.63257796518401
105.84716629999974,21.001963699999976,69.71427068816641
105.84746629999974,21.001963699999976,68.77752516754185
105.84776629999972,21.001963699999976,59.44633330686291
105.84806629999972,21.001963699999976,53.49615180532976
105.84836629999973,21.001963699999976,52.97133944648462
105.84866629999972,21.001963699999976,55.26551931699929
105.84896629999972,21.001963699999976,58.35771946157976
105.84926629999973,21.001963699999976,55.76160337109202
105.84956629999972,21.001963699999976,57.85053625945922
105.8498662999997,21.001963699999976,55.875231028076115
105.8501662999997,21.001963699999976,54.821041559128886
105.8504662999997,21.001963699999976,54.01605721324635
105.85076629999968,21.001963699999976,55.61690833669226
105.85106629999969,21.001963699999976,52.176004887338664
105.85136629999968,21.001963699999976,56.13165975700096
105.85166629999968,21.001963699999976,56.67503528719473
105.85196629999967,21.001963699999976,57.35309872660616
105.85226629999968,21.001963699999976,55.48850310572555
105.85256629999968,21.001963699999976,55.49421423466117
105.85286629999966,21.001963699999976,57.9264059274074
105.85316629999966,21.001963699999976,54.78787225556232
105.85346629999964,21.001963699999976,54.201190197065955
105.85376629999963,21.001963699999976,50.43971051014809
105.85406629999964,21.001963699999976,55.21463229613192
105.85436629999964,21.001963699999976,55.755122675956386
105.85466629999964,21.001963699999976,55.755122675956386
105.85496629999965,21.001963699999976,54.30660833812627
105.85526629999964,21.001963699999976,49.67052028839085
105.85556629999962,21.001963699999976,49.360700044623286
105.85586629999962,21.001963699999976,49.360700044623286
105.8561662999996,21.001963699999976,51.832989649624125
105.8564662999996,21.001963699999976,50.71302904917082
105.8567662999996,21.001963699999976,54.09259973840645
105.8570662999996,21.001963699999976,55.949026320057584
105.8573662999996,21.001963699999976,48.72141279686809
105.8576662999996,21.001963699999976,52.0584207613592
105.8291663,21.002263699999975,68.12764635197722
105.8294663,21.002263699999975,71.1645453211184
105.8297663,21.002263699999975,63.56804604496524
105.83006629999998,21.002263699999975,67.91852951660074
105.83036629999998,21.002263699999975,71.97632871509587
105.83066629999998,21.002263699999975,66.29018977758528
105.83096629999996,21.002263699999975,62.26095670156933
105.83126629999995,21.002263699999975,63.68525673516984
105.83156629999996,21.002263699999975,63.38626630912216
105.83186629999996,21.002263699999975,64.29318457523495
105.83216629999995,21.002263699999975,65.5067030303343
105.83246629999996,21.002263699999975,67.59084446481046
105.83276629999996,21.002263699999975,70.84585881581759
105.83306629999994,21.002263699999975,71.98707543819738
105.83336629999994,21.002263699999975,60.2093309702008
105.83366629999992,21.002263699999975,61.69602489899172
105.83396629999991,21.002263699999975,63.15976009142247
105.83426629999992,21.002263699999975,72.2567072880242
105.83456629999992,21.002263699999975,67.07426648570457
105.83486629999992,21.002263699999975,66.76837000100514
105.83516629999993,21.002263699999975,60.09846076650527
105.83546629999992,21.002263699999975,57.6289038943241
105.8357662999999,21.002263699999975,63.61541777584611
105.8360662999999,21.002263699999975,65.04579083736425
105.8363662999999,21.002263699999975,69.39201946146298
105.83666629999988,21.002263699999975,65.62579925111966
105.83696629999989,21.002263699999975,61.001893894266715
105.83726629999988,21.002263699999975,71.38467177183641
105.83756629999988,21.002263699999975,60.55670626788904
105.83786629999987,21.002263699999975,58.48112597460771
105.83816629999988,21.002263699999975,61.1735282859494
105.83846629999988,21.002263699999975,56.74065436351039
105.83876629999986,21.002263699999975,58.07222340367589
105.83906629999986,21.002263699999975,58.792413226914704
105.83936629999984,21.002263699999975,55.58463073640145
105.83966629999983,21.002263699999975,57.14059340444871
105.83996629999984,21.002263699999975,63.79859296057231
105.84026629999984,21.002263699999975,63.93022856314288
105.84056629999984,21.002263699999975,63.41983344227772
105.84086629999985,21.002263699999975,66.43127387466156
105.84116629999984,21.002263699999975,70.20182200470163
105.84146629999982,21.002263699999975,66.48156091741569
105.84176629999982,21.002263699999975,68.26942542578888
105.8420662999998,21.002263699999975,69.9009993077255
105.8423662999998,21.002263699999975,71.49248128724325
105.8426662999998,21.002263699999975,71.04469716936254
105.8429662999998,21.002263699999975,68.30488408141629
105.8432662999998,21.002263699999975,68.6693121378105
105.8435662999998,21.002263699999975,67.83372139018579
105.8438662999998,21.002263699999975,61.2497716702682
105.84416629999978,21.002263699999975,68.83433747353673
105.84446629999978,21.002263699999975,69.49456850639244
105.84476629999978,21.002263699999975,68.55505288051242
105.84506629999976,21.002263699999975,65.18990516639828
105.84536629999975,21.002263699999975,59.65245840295951
105.84566629999976,21.002263699999975,60.2338377246991
105.84596629999976,21.002263699999975,61.33234520697722
105.84626629999975,21.002263699999975,70.66980924318878
105.84656629999976,21.002263699999975,61.57262050033063
105.84686629999976,21.002263699999975,70.63494866938088
105.84716629999974,21.002263699999975,63.799405061155454
105.84746629999974,21.002263699999975,58.691593676604896
105.84776629999972,21.002263699999975,58.33260255167821
105.84806629999972,21.002263699999975,51.98729422427784
105.84836629999973,21.002263699999975,52.88846909884889
105.84866629999972,21.002263699999975,47.50681367814647
105.84896629999972,21.002263699999975,48.804729932815434
105.84926629999973,21.002263699999975,57.62689337185827
105.84956629999972,21.002263699999975,56.22880123739496
105.8498662999997,21.002263699999975,53.1608051418585
105.8501662999997,21.002263699999975,52.087962545906066
105.8504662999997,21.002263699999975,55.674145118846255
105.85076629999968,21.002263699999975,57.36194413144055
105.85106629999969,21.002263699999975,56.24423619252701
105.85136629999968,21.002263699999975,56.52341220551291
105.85166629999968,21.002263699999975,55.014518990212125
105.85196629999967,21.002263699999975,56.124731887533585
105.85226629999968,21.002263699999975,55.93141113288472
105.85256629999968,21.002263699999975,56.025175773872434
105.85286629999966,21.002263699999975,57.89239650696307
105.85316629999966,21.002263699999975,56.93649145405931
105.85346629999964,21.002263699999975,55.472053353681744
105.85376629999963,21.002263699999975,50.716260998343785
105.85406629999964,21.002263699999975,60.5146175581646
105.85436629999964,21.002263699999975,58.49198531020326
105.85466629999964,21.002263699999975,59.343311561597446
105.85496629999965,21.002263699999975,58.65907437662629
105.85526629999964,21.002263699999975,50.093897621451426
105.85556629999962,21.002263699999975,56.07516052060561
105.85586629999962,21.002263699999975,51.84572677499952
105.8561662999996,21.002263699999975,52.16489402759576
105.8564662999996,21.002263699999975,56.01114554628633
105.8567662999996,21.002263699999975,58.95629353395739
105.8570662999996,21.002263699999975,57.26264046327272
105.8573662999996,21.002263699999975,52.296758716844664
105.8576662999996,21.002263699999975,56.1630668007066
105.8291663,21.002563699999975,63.13034925008064
105.8294663,21.002563699999975,65.75255751323351
105.8297663,21.002563699999975,67.62997538644586
105.83006629999998,21.002563699999975,69.67946891899591
105.83036629999998,21.002563699999975,69.85241229854206
105.83066629999998,21.002563699999975,68.21614625362326
105.83096629999996,21.002563699999975,67.464564316876
105.83126629999995,21.002563699999975,62.94008558566044
105.83156629999996,21.002563699999975,63.120700317641166
105.83186629999996,21.002563699999975,64.77501440797535
105.83216629999995,21.002563699999975,62.43715227199242
105.83246629999996,21.002563699999975,66.8784869148274
105.83276629999996,21.002563699999975,68.41463725146514
105.83306629999994,21.002563699999975,76.51239770873472
105.83336629999994,21.002563699999975,65.95821148029773
105.83366629999992,21.002563699999975,61.633465838724234
105.83396629999991,21.002563699999975,60.75411186778685
105.83426629999992,21.002563699999975,65.90433179793636
105.83456629999992,21.002563699999975,63.87371515393437
105.83486629999992,21.002563699999975,60.97052683302911
105.83516629999993,21.002563699999975,60.49940823754166
105.83546629999992,21.002563699999975,59.45333006077776
105.8357662999999,21.002563699999975,62.38875124985121
105.8360662999999,21.002563699999975,60.55162581415772
105.8363662999999,21.002563699999975,65.5918447267972
105.83666629999988,21.002563699999975,66.29555291272686
105.83696629999989,21.002563699999975,66.41711323025022
105.83726629999988,21.002563699999975,61.17374882071141
105.83756629999988,21.002563699999975,73.85050179149856
105.83786629999987,21.002563699999975,56.20763045825517
105.83816629999988,21.002563699999975,57.68303183411807
105.83846629999988,21.002563699999975,57.459283974010646
105.83876629999986,21.002563699999975,57.24554428285286
105.83906629999986,21.002563699999975,57.340856754571234
105.83936629999984,21.002563699999975,56.273512835669905
105.83966629999983,21.002563699999975,56.58009909137208
105.83996629999984,21.002563699999975,58.42141488736007
105.84026629999984,21.002563699999975,64.140720177329
105.84056629999984,21.002563699999975,63.01330485335225
105.84086629999985,21.002563699999975,67.10524448507948
105.84116629999984,21.002563699999975,68.58344194671909
105.84146629999982,21.002563699999975,67.32949625404453
105.84176629999982,21.002563699999975,63.859226253026605
105.8420662999998,21.002563699999975,67.05526167127677
105.8423662999998,21.002563699999975,70.65265252611876
105.8426662999998,21.002563699999975,70.27489682743706
105.8429662999998,21.002563699999975,66.16790860561987
105.8432662999998,21.002563699999975,62.61637498562597
105.8435662999998,21.002563699999975,60.40196695344345
105.8438662999998,21.002563699999975,70.38224901035262
105.84416629999978,21.002563699999975,65.92785893003949
105.84446629999978,21.002563699999975,66.73996359641508
105.84476629999978,21.002563699999975,65.05928468498095
105.84506629999976,21.002563699999975,64.51778313689175
105.84536629999975,21.002563699999975,59.826349088022184
105.84566629999976,21.002563699999975,59.45735186566455
105.84596629999976,21.002563699999975,63.48561112192105
105.84626629999975,21.002563699999975,58.559158407851626
105.84656629999976,21.002563699999975,57.37565990028544
105.84686629999976,21.002563699999975,61.737444643825455
105.84716629999974,21.002563699999975,61.71447255142837
105.84746629999974,21.002563699999975,62.30473895615911
105.84776629999972,21.002563699999975,61.90478900813825
105.84806629999972,21.002563699999975,51.556499866499294
105.84836629999973,21.002563699999975,56.796471662592865
105.84866629999972,21.002563699999975,58.63850572845257
105.84896629999972,21.002563699999975,53.863770770668
105.84926629999973,21.002563699999975,58.47954416404805
105.84956629999972,21.002563699999975,57.68289634104369
105.8498662999997,21.002563699999975,54.53975838029051
105.8501662999997,21.002563699999975,53.538033894716065
105.8504662999997,21.002563699999975,54.618383207351755
105.85076629999968,21.002563699999975,55.50702714008972
105.85106629999969,21.002563699999975,55.18574655933929
105.85136629999968,21.002563699999975,51.81283972522053
105.85166629999968,21.002563699999975,57.457255172167635
105.85196629999967,21.002563699999975,56.09117654983527
105.85226629999968,21.002563699999975,49.8990232187859
105.85256629999968,21.002563699999975,51.259546250942705
105.85286629999966,21.002563699999975,54.979863047441995
105.85316629999966,21.002563699999975,58.018150612170274
105.85346629999964,21.002563699999975,55.31110129911926
105.85376629999963,21.002563699999975,55.90621461554801
105.85406629999964,21.002563699999975,56.82556506449285
105.85436629999964,21.002563699999975,59.91229073677252
105.85466629999964,21.002563699999975,59.456040671169234
105.85496629999965,21.002563699999975,61.513932256910365
105.85526629999964,21.002563699999975,58.497780025585186
105.85556629999962,21.002563699999975,57.78230778774072
105.85586629999962,21.002563699999975,52.24072291700648
105.8561662999996,21.002563699999975,56.74822310442434
105.8564662999996,21.002563699999975,57.478355869051086
105.8567662999996,21.002563699999975,57.20130444705262
105.8570662999996,21.002563699999975,57.09993754551127
105.8573662999996,21.002563699999975,56.2366408689705
105.8576662999996,21.002563699999975,60.04305105613176
105.8291663,21.002863699999978,64.0654029774764
105.8294663,21.002863699999978,64.08858841864142
105.8297663,21.002863699999978,71.63694509760474
105.83006629999998,21.002863699999978,71.12426499133952
105.83036629999998,21.002863699999978,67.93396064883909
105.83066629999998,21.002863699999978,68.34564899912797
105.83096629999996,21.002863699999978,65.29976965179539
105.83126629999995,21.002863699999978,69.171768036383
105.83156629999996,21.002863699999978,70.89613313388331
105.83186629999996,21.002863699999978,66.29735000880446
105.83216629999995,21.002863699999978,66.9473419037045
105.83246629999996,21.002863699999978,69.37671476020596
105.83276629999996,21.002863699999978,65.36697317513445
105.83306629999994,21.002863699999978,74.41918539843374
105.83336629999994,21.002863699999978,65.96501214546602
105.83366629999992,21.002863699999978,68.32451554047611
105.83396629999991,21.002863699999978,64.2800058375851
105.83426629999992,21.002863699999978,62.988954639785405
105.83456629999992,21.002863699999978,66.26383819707439
105.83486629999992,21.002863699999978,61.91105465999293
105.83516629999993,21.002863699999978,62.605926636178594
105.83546629999992,21.002863699999978,59.600008602359694
105.8357662999999,21.002863699999978,63.79162396178387
105.8360662999999,21.002863699999978,62.02770949243694
105.8363662999999,21.002863699999978,69.461685941793
105.83666629999988,21.002863699999978,65.93774891886103
105.83696629999989,21.002863699999978,54.54641297066402
105.83726629999988,21.002863699999978,76.04363402086389
105.83756629999988,21.002863699999978,72.8949270508063
105.83786629999987,21.002863699999978,58.422148414011104
105.83816629999988,21.002863699999978,57.77247437855952
105.83846629999988,21.002863699999978,61.28275454866623
105.83876629999986,21.002863699999978,55.78041793829624
105.83906629999986,21.002863699999978,62.88796712158094
105.83936629999984,21.002863699999978,58.10739194664454
105.83966629999983,21.002863699999978,58.282466214964685
105.83996629999984,21.002863699999978,57.31115768508763
105.84026629999984,21.002863699999978,64.08605814284186
105.84056629999984,21.002863699999978,66.7285420647228
105.84086629999985,21.002863699999978,66.9645140976011
105.84116629999984,21.002863699999978,68.15568541013339
105.84146629999982,21.002863699999978,65.39918458625712
105.84176629999982,21.002863699999978,64.20947343682084
105.8420662999998,21.002863699999978,69.67556844418334
105.8423662999998,21.002863699999978,66.16938583350701
105.8426662999998,21.002863699999978,65.9575322750136
105.8429662999998,21.002863699999978,67.87603002379694
105.8432662999998,21.002863699999978,71.58798903537526
105.8435662999998,21.002863699999978,73.67440608075864
105.8438662999998,21.002863699999978,69.48538476763538
105.84416629999978,21.002863699999978,76.43698544633025
105.84446629999978,21.002863699999978,62.211368692657715
105.84476629999978,21.002863699999978,60.721574716983326
105.84506629999976,21.002863699999978,70.05398193326641
105.84536629999975,21.002863699999978,59.835925525757034
105.84566629999976,21.002863699999978,65.44568527591166
105.84596629999976,21.002863699999978,64.92449172641341
105.84626629999975,21.002863699999978,64.26510664457324
105.84656629999976,21.002863699999978,59.51146717518756
105.84686629999976,21.002863699999978,61.5142146252891
105.84716629999974,21.002863699999978,56.999717099034115
105.84746629999974,21.002863699999978,59.16842591746726
105.84776629999972,21.002863699999978,56.17338567946048
105.84806629999972,21.002863699999978,52.571398704694545
105.84836629999973,21.002863699999978,52.760981795306094
105.84866629999972,21.002863699999978,53.08101144460724
105.84896629999972,21.002863699999978,51.74641610690636
105.84926629999973,21.002863699999978,56.01772740316627
105.84956629999972,21.002863699999978,56.99192260739845
105.8498662999997,21.002863699999978,53.44884392049647
105.8501662999997,21.002863699999978,53.20518144905064
105.8504662999997,21.002863699999978,52.60108171414012
105.85076629999968,21.002863699999978,55.47905157352149
105.85106629999969,21.002863699999978,54.84013527612933
105.85136629999968,21.002863699999978,57.9347325442785
105.85166629999968,21.002863699999978,61.67213335829814
105.85196629999967,21.002863699999978,55.32220179582097
105.85226629999968,21.002863699999978,57.52634324544182
105.85256629999968,21.002863699999978,55.67231575104206
105.85286629999966,21.002863699999978,54.589534638032745
105.85316629999966,21.002863699999978,60.02225358662322
105.85346629999964,21.002863699999978,60.27671362908248
105.85376629999963,21.002863699999978,56.24056523900529
105.85406629999964,21.002863699999978,54.51030164596378
105.85436629999964,21.002863699999978,61.73473768170501
105.85466629999964,21.002863699999978,63.08758542288081
105.85496629999965,21.002863699999978,59.732081032919154
105.85526629999964,21.002863699999978,58.51534270349091
105.85556629999962,21.002863699999978,55.93830984001441
105.85586629999962,21.002863699999978,54.61641726745731
105.8561662999996,21.002863699999978,58.99080660637047
105.8564662999996,21.002863699999978,56.902149570313966
105.8567662999996,21.002863699999978,58.14569563942544
105.8570662999996,21.002863699999978,58.289518040662045
105.8573662999996,21.002863699999978,57.49177377142381
105.8576662999996,21.002863699999978,59.53604066176061
105.8291663,21.003163699999973,69.21836692639447
105.8294663,21.003163699999973,68.17907905678068
105.8297663,21.003163699999973,69.78209889836937
105.83006629999998,21.003163699999973,68.69653839702087
105.83036629999998,21.003163699999973,71.23844242646095
105.83066629999998,21.003163699999973,64.84225025116311
105.83096629999996,21.003163699999973,68.70135461059186
105.83126629999995,21.003163699999973,67.8823262377238
105.83156629999996,21.003163699999973,66.29735000880446
105.83186629999996,21.003163699999973,69.4184664888164
105.83216629999995,21.003163699999973,71.12016027279613
105.83246629999996,21.003163699999973,70.19565911270551
105.83276629999996,21.003163699999973,70.5561593541834
105.83306629999994,21.003163699999973,71.64910288251588
105.83336629999994,21.003163699999973,66.75782155967826
105.83366629999992,21.003163699999973,63.90837584524608
105.83396629999991,21.003163699999973,67.64568104602066
105.83426629999992,21.003163699999973,58.87046260458044
105.83456629999992,21.003163699999973,60.47426949463339
105.83486629999992,21.003163699999973,62.22785047449891
105.83516629999993,21.003163699999973,61.912864146318626
105.83546629999992,21.003163699999973,61.79276034401627
105.8357662999999,21.003163699999973,66.36694181885946
105.8360662999999,21.003163699999973,63.76045891297268
105.8363662999999,21.003163699999973,65.90940301335091
105.83666629999988,21.003163699999973,66.4173425307826
105.83696629999989,21.003163699999973,70.00557463641982
105.83726629999988,21.003163699999973,77.09660637500734
105.83756629999988,21.003163699999973,73.49850614365106
105.83786629999987,21.003163699999973,58.24019790525088
105.83816629999988,21.003163699999973,58.59313661583913
105.83846629999988,21.003163699999973,60.741186736789075
105.83876629999986,21.003163699999973,57.25710224230758
105.83906629999986,21.003163699999973,63.16598885322951
105.83936629999984,21.003163699999973,57.38059326955822
105.83966629999983,21.003163699999973,57.38059326955822
105.83996629999984,21.003163699999973,59.45942405152209
105.84026629999984,21.003163699999973,59.678559945012765
105.84056629999984,21.003163699999973,66.03862379312866
105.84086629999985,21.003163699999973,67.3041907725857
105.84116629999984,21.003163699999973,66.64399540432078
105.84146629999982,21.003163699999973,65.16806912006254
105.84176629999982,21.003163699999973,70.38372141504496
105.8420662999998,21.003163699999973,68.59364405018648
105.8423662999998,21.003163699999973,68.98262509375203
105.8426662999998,21.003163699999973,68.91785949596662
105.8429662999998,21.003163699999973,67.07679793798566
105.8432662999998,21.003163699999973,68.46348245933315
105.8435662999998,21.003163699999973,68.52649520222268
105.8438662999998,21.003163699999973,68.36950045072788
105.84416629999978,21.003163699999973,70.14587332700202
105.84446629999978,21.003163699999973,73.41147317485735
105.84476629999978,21.003163699999973,64.65282550695649
105.84506629999976,21.003163699999973,68.47903481158829
105.84536629999975,21.003163699999973,69.55435307103424
105.84566629999976,21.003163699999973,67.89135225563136
105.84596629999976,21.003163699999973,66.69780073311584
105.84626629999975,21.003163699999973,61.989362845353526
105.84656629999976,21.003163699999973,61.11617213517325
105.84686629999976,21.003163699999973,62.29810888790283
105.84716629999974,21.003163699999973,67.18758664328308
105.84746629999974,21.003163699999973,54.31646239171758
105.84776629999972,21.003163699999973,57.82483965645571
105.84806629999972,21.003163699999973,53.00589507842531
105.84836629999973,21.003163699999973,51.62486180484876
105.84866629999972,21.003163699999973,53.126773001906585
105.84896629999972,21.003163699999973,51.53750129901706
105.84926629999973,21.003163699999973,57.78426133529528
105.84956629999972,21.003163699999973,56.11958810991942
105.8498662999997,21.003163699999973,52.223543469330025
105.8501662999997,21.003163699999973,54.82608878946915
105.8504662999997,21.003163699999973,54.07029721182657
105.85076629999968,21.003163699999973,55.36132462775608
105.85106629999969,21.003163699999973,57.98938306973193
105.85136629999968,21.003163699999973,60.41719730738707
105.85166629999968,21.003163699999973,62.78470690612694
105.85196629999967,21.003163699999973,56.753197226855946
105.85226629999968,21.003163699999973,52.08437424470066
105.85256629999968,21.003163699999973,58.37012638470446
105.85286629999966,21.003163699999973,58.39050151718726
105.85316629999966,21.003163699999973,58.327566846536456
105.85346629999964,21.003163699999973,58.68210185599182
105.85376629999963,21.003163699999973,54.34002840975816
105.85406629999964,21.003163699999973,52.07567970074274
105.85436629999964,21.003163699999973,58.289207752868464
105.85466629999964,21.003163699999973,61.81165511739073
105.85496629999965,21.003163699999973,57.82865391071188
105.85526629999964,21.003163699999973,56.980072691984574
105.85556629999962,21.003163699999973,53.07564038438504
105.85586629999962,21.003163699999973,56.52268068513628
105.8561662999996,21.003163699999973,53.96361348199824
105.8564662999996,21.003163699999973,51.80101934330723
105.8567662999996,21.003163699999973,55.19555111638782
105.8570662999996,21.003163699999973,53.481352718058886
105.8573662999996,21.003163699999973,54.32929036977568
105.8576662999996,21.003163699999973,55.121266252127086
105.8291663,21.003463699999973,71.17103286530099
105.8294663,21.003463699999973,62.8192446826794
105.8297663,21.003463699999973,67.62223722771343
105.83006629999998,21.003463699999973,71.49923079440792
105.83036629999998,21.003463699999973,72.8912299364396
105.83066629999998,21.003463699999973,69.13468433493016
105.83096629999996,21.003463699999973,68.26802850791779
105.83126629999995,21.003463699999973,66.99193782266609
105.83156629999996,21.003463699999973,67.18081119188135
105.83186629999996,21.003463699999973,73.08241252027793
105.83216629999995,21.003463699999973,71.41326479349422
105.83246629999996,21.003463699999973,73.06854162484852
105.83276629999996,21.003463699999973,71.53121543816874
105.83306629999994,21.003463699999973,66.28231241195849
105.83336629999994,21.003463699999973,59.93815935716549
105.83366629999992,21.003463699999973,61.875330322052605
105.83396629999991,21.003463699999973,65.78995984708703
105.83426629999992,21.003463699999973,67.31777987574044
105.83456629999992,21.003463699999973,67.08360470611318
105.83486629999992,21.003463699999973,57.31043053855572
105.83516629999993,21.003463699999973,59.51897724299913
105.83546629999992,21.003463699999973,57.51702747220044
105.8357662999999,21.003463699999973,58.376217321553426
105.8360662999999,21.003463699999973,64.09699806005281
105.8363662999999,21.003463699999973,66.69428139644714
105.83666629999988,21.003463699999973,65.61425526753513
105.83696629999989,21.003463699999973,75.72896053874311
105.83726629999988,21.003463699999973,81.86164394289679
105.83756629999988,21.003463699999973,65.79303075857332
105.83786629999987,21.003463699999973,67.0245916376186
105.83816629999988,21.003463699999973,60.59971401488937
105.83846629999988,21.003463699999973,66.7781918958026
105.83876629999986,21.003463699999973,64.84143754662342
105.83906629999986,21.003463699999973,74.35388994661618
105.83936629999984,21.003463699999973,62.65668063228489
105.83966629999983,21.003463699999973,65.76067482602818
105.83996629999984,21.003463699999973,63.43257292374883
105.84026629999984,21.003463699999973,62.77687389873161
105.84056629999984,21.003463699999973,62.441973407397555
105.84086629999985,21.003463699999973,67.60122233107363
105.84116629999984,21.003463699999973,64.61906367561318
105.84146629999982,21.003463699999973,63.93304985627464
105.84176629999982,21.003463699999973,68.27651753864438
105.8420662999998,21.003463699999973,63.86496527830394
105.8423662999998,21.003463699999973,70.14010224009814
105.8426662999998,21.003463699999973,67.58363013533403
105.8429662999998,21.003463699999973,65.5924390594351
105.8432662999998,21.003463699999973,68.32702127855447
105.8435662999998,21.003463699999973,72.171713625934
105.8438662999998,21.003463699999973,71.20536473754501
105.84416629999978,21.003463699999973,66.06260477011502
105.84446629999978,21.003463699999973,66.59100302804848
105.84476629999978,21.003463699999973,64.3599578291283
105.84506629999976,21.003463699999973,70.32952765001536
105.84536629999975,21.003463699999973,54.70310832719055
105.84566629999976,21.003463699999973,60.51017161031044
105.84596629999976,21.003463699999973,66.20572924513104
105.84626629999975,21.003463699999973,57.52831974929124
105.84656629999976,21.003463699999973,62.46615944023449
105.84686629999976,21.003463699999973,58.52846765627348
105.84716629999974,21.003463699999973,57.75590871172129
105.84746629999974,21.003463699999973,55.085526730524066
105.84776629999972,21.003463699999973,56.34347276246052
105.84806629999972,21.003463699999973,52.45754257240334
105.84836629999973,21.003463699999973,51.11131626875875
105.84866629999972,21.003463699999973,58.387405431794946
105.84896629999972,21.003463699999973,59.81490954409962
105.84926629999973,21.003463699999973,55.795494960242
105.84956629999972,21.003463699999973,56.6876380534093
105.8498662999997,21.003463699999973,54.23827924505797
105.8501662999997,21.003463699999973,55.42369048318248
105.8504662999997,21.003463699999973,52.35008528623631
105.85076629999968,21.003463699999973,55.06835550774585
105.85106629999969,21.003463699999973,57.99760643870492
105.85136629999968,21.003463699999973,55.59167943270903
105.85166629999968,21.003463699999973,56.38231089496004
105.85196629999967,21.003463699999973,49.51005130822861
105.85226629999968,21.003463699999973,58.683139007346526
105.85256629999968,21.003463699999973,60.26105586288509
105.85286629999966,21.003463699999973,58.58835028918294
105.85316629999966,21.003463699999973,60.738160903502845
105.85346629999964,21.003463699999973,55.60307779331845
105.85376629999963,21.003463699999973,52.465270229839106
105.85406629999964,21.003463699999973,51.95904133674553
105.85436629999964,21.003463699999973,55.50186805940412
105.85466629999964,21.003463699999973,55.241318233676935
105.85496629999965,21.003463699999973,55.66421680982103
105.85526629999964,21.003463699999973,49.70122011418347
105.85556629999962,21.003463699999973,49.65130425639204
105.85586629999962,21.003463699999973,47.73429901380146
105.8561662999996,21.003463699999973,51.26445500484229
105.8564662999996,21.003463699999973,54.86494492110562
105.8567662999996,21.003463699999973,52.556574044615374
105.8570662999996,21.003463699999973,50.75728839829705
105.8573662999996,21.003463699999973,54.343491760126454
105.8576662999996,21.003463699999973,53.51582686531333
105.8291663,21.003763699999972,70.58115845948184
105.8294663,21.003763699999972,71.9401714636136
105.8297663,21.003763699999972,72.2123964741748
105.83006629999998,21.003763699999972,70.71073806145584
105.83036629999998,21.003763699999972,72.48962147035633
105.83066629999998,21.003763699999972,73.62057145170817
105.83096629999996,21.003763699999972,79.91833641100831
105.83126629999995,21.003763699999972,79.0199958442639
105.83156629999996,21.003763699999972,76.07849757173524
105.83186629999996,21.003763699999972,80.98569207820303
105.83216629999995,21.003763699999972,76.34194077373431
105.83246629999996,21.003763699999972,82.89521708323345
105.83276629999996,21.003763699999972,79.49968946456256
105.83306629999994,21.003763699999972,67.12681394738777
105.83336629999994,21.003763699999972,64.97725844598324
105.83366629999992,21.003763699999972,63.90623231696655
105.83396629999991,21.003763699999972,62.6114059952459
105.83426629999992,21.003763699999972,58.02696507667547
105.83456629999992,21.003763699999972,61.97940137220142
105.83486629999992,21.003763699999972,59.934964141067354
105.83516629999993,21.003763699999972,57.80960161563681
105.83546629999992,21.003763699999972,58.96488978254776
105.8357662999999,21.003763699999972,60.70103099491945
105.8360662999999,21.003763699999972,63.4935073700608
105.8363662999999,21.003763699999972,67.72488255078996
105.83666629999988,21.003763699999972,69.44728424245841
105.83696629999989,21.003763699999972,67.15027784803962
105.83726629999988,21.003763699999972,83.91132942678537
105.83756629999988,21.003763699999972,72.26466812020168
105.83786629999987,21.003763699999972,80.0793690984731
105.83816629999988,21.003763699999972,71.42168617616105
105.83846629999988,21.003763699999972,73.88218171961921
105.83876629999986,21.003763699999972,68.59341692755528
105.83906629999986,21.003763699999972,77.70487155969613
105.83936629999984,21.003763699999972,74.70938310968806
105.83966629999983,21.003763699999972,66.29163829266834
105.83996629999984,21.003763699999972,63.69020183468986
105.84026629999984,21.003763699999972,61.25879382919567
105.84056629999984,21.003763699999972,63.29417780500701
105.84086629999985,21.003763699999972,67.2191294900495
105.84116629999984,21.003763699999972,63.496323183797784
105.84146629999982,21.003763699999972,64.13536190642272
105.84176629999982,21.003763699999972,64.59431283819822
105.8420662999998,21.003763699999972,64.70707669487766
105.8423662999998,21.003763699999972,70.05909625310736
105.8426662999998,21.003763699999972,70.7795935629192
105.8429662999998,21.003763699999972,69.25909445234191
105.8432662999998,21.003763699999972,64.92943807627798
105.8435662999998,21.003763699999972,64.51215858039531
105.8438662999998,21.003763699999972,65.50576610645162
105.84416629999978,21.003763699999972,66.72750789080429
105.84446629999978,21.003763699999972,71.28553881191871
105.84476629999978,21.003763699999972,66.63737563220025
105.84506629999976,21.003763699999972,65.62430765256089
105.84536629999975,21.003763699999972,61.98306913358232
105.84566629999976,21.003763699999972,60.80659862009071
105.84596629999976,21.003763699999972,65.05703052913837
105.84626629999975,21.003763699999972,65.33644547264547
105.84656629999976,21.003763699999972,63.13854989846881
105.84686629999976,21.003763699999972,65.1789486893927
105.84716629999974,21.003763699999972,64.4851602712571
105.84746629999974,21.003763699999972,58.983128220352256
105.84776629999972,21.003763699999972,52.41996404653537
105.84806629999972,21.003763699999972,51.01720872136273
105.84836629999973,21.003763699999972,54.94042203339043
105.84866629999972,21.003763699999972,54.96425342562321
105.84896629999972,21.003763699999972,55.28145091152116
105.84926629999973,21.003763699999972,55.20350305395783
105.84956629999972,21.003763699999972,54.25655148831494
105.8498662999997,21.003763699999972,52.590212167933785
105.8501662999997,21.003763699999972,53.93701301857881
105.8504662999997,21.003763699999972,53.55513187435821
105.85076629999968,21.003763699999972,56.54304533085688
105.85106629999969,21.003763699999972,55.68635017070102
105.85136629999968,21.003763699999972,60.66085997294046
105.85166629999968,21.003763699999972,52.3719962478126
105.85196629999967,21.003763699999972,58.98686997932991
105.85226629999968,21.003763699999972,58.84108811347129
105.85256629999968,21.003763699999972,60.160513813606585
105.85286629999966,21.003763699999972,55.44210656554873
105.85316629999966,21.003763699999972,54.36026662362916
105.85346629999964,21.003763699999972,56.165000146806904
105.85376629999963,21.003763699999972,52.54534061682094
105.85406629999964,21.003763699999972,54.67550119960016
105.85436629999964,21.003763699999972,55.00628440320105
105.85466629999964,21.003763699999972,55.611924059458914
105.85496629999965,21.003763699999972,55.51098262300373
105.85526629999964,21.003763699999972,48.35202568540673
105.85556629999962,21.003763699999972,48.9651767539046
105.85586629999962,21.003763699999972,52.41818470383268
105.8561662999996,21.003763699999972,54.15826923972389
105.8564662999996,21.003763699999972,52.36943772810088
105.8567662999996,21.003763699999972,50.881567375394745
105.8570662999996,21.003763699999972,51.693529473853914
105.8573662999996,21.003763699999972,54.66649011007878
105.8576662999996,21.003763699999972,55.376764937089646
105.8291663,21.00406369999997,72.74803019176471
105.8294663,21.00406369999997,68.42987084789387
105.8297663,21.00406369999997,69.83176411858551
105.83006629999998,21.00406369999997,72.18188338646861
105.83036629999998,21.00406369999997,75.52879417300908
105.83066629999998,21.00406369999997,78.41857495323205
105.83096629999996,21.00406369999997,67.11652440978447
105.83126629999995,21.00406369999997,66.12323171771254
105.83156629999996,21.00406369999997,71.38148906383327
105.83186629999996,21.00406369999997,71.23308346406296
105.83216629999995,21.00406369999997,78.5744018372121
105.83246629999996,21.00406369999997,76.73569492805127
105.83276629999996,21.00406369999997,78.65811801314771
105.83306629999994,21.00406369999997,67.60447499655031
105.83336629999994,21.00406369999997,69.35554701557312
105.83366629999992,21.00406369999997,65.61380649428075
105.83396629999991,21.00406369999997,64.96568090413456
105.83426629999992,21.00406369999997,55.9868410968637
105.83456629999992,21.00406369999997,63.58448009979395
105.83486629999992,21.00406369999997,57.4457327526635
105.83516629999993,21.00406369999997,60.84860006341751
105.83546629999992,21.00406369999997,63.68348368028147
105.8357662999999,21.00406369999997,59.43830688379214
105.8360662999999,21.00406369999997,69.44690796634336
105.8363662999999,21.00406369999997,67.4405533258753
105.83666629999988,21.00406369999997,64.15518207826648
105.83696629999989,21.00406369999997,65.47983116274145
105.83726629999988,21.00406369999997,84.45058147548154
105.83756629999988,21.00406369999997,68.6633524400274
105.83786629999987,21.00406369999997,82.94921536321982
105.83816629999988,21.00406369999997,80.3449498813287
105.83846629999988,21.00406369999997,82.09054771782195
105.83876629999986,21.00406369999997,81.99352929096618
105.83906629999986,21.00406369999997,75.32336509421236
105.83936629999984,21.00406369999997,72.97876013754922
105.83966629999983,21.00406369999997,75.78832899714978
105.83996629999984,21.00406369999997,70.62066079632686
105.84026629999984,21.00406369999997,67.2095539850037
105.84056629999984,21.00406369999997,63.82348368612867
105.84086629999985,21.00406369999997,64.07745668710304
105.84116629999984,21.00406369999997,64.26650880144382
105.84146629999982,21.00406369999997,65.31393687131795
105.84176629999982,21.00406369999997,63.79519844051549
105.8420662999998,21.00406369999997,64.96117822441857
105.8423662999998,21.00406369999997,68.02700648795049
105.8426662999998,21.00406369999997,67.52283883286933
105.8429662999998,21.00406369999997,73.91211848805474
105.8432662999998,21.00406369999997,73.95584513148269
105.8435662999998,21.00406369999997,66.73402797294293
105.8438662999998,21.00406369999997,65.68805981613359
105.84416629999978,21.00406369999997,73.94459206892239
105.84446629999978,21.00406369999997,76.53793343128447
105.84476629999978,21.00406369999997,71.8162428124908
105.84506629999976,21.00406369999997,69.24465595439034
105.84536629999975,21.00406369999997,62.53765031732735
105.84566629999976,21.00406369999997,68.99769051231063
105.84596629999976,21.00406369999997,65.12215845409068
105.84626629999975,21.00406369999997,62.84186026346302
105.84656629999976,21.00406369999997,63.888506905219046
105.84686629999976,21.00406369999997,67.28568638867418
105.84716629999974,21.00406369999997,64.14335054224169
105.84746629999974,21.00406369999997,53.844512440211474
105.84776629999972,21.00406369999997,52.875398642955375
105.84806629999972,21.00406369999997,55.61235069648073
105.84836629999973,21.00406369999997,58.290825213251736
105.84866629999972,21.00406369999997,56.29152103645454
105.84896629999972,21.00406369999997,53.83120182814851
105.84926629999973,21.00406369999997,55.27530468716719
105.84956629999972,21.00406369999997,51.51798328664405
105.8498662999997,21.00406369999997,55.11210295937873
105.8501662999997,21.00406369999997,57.675984071440936
105.8504662999997,21.00406369999997,57.897701135287434
105.85076629999968,21.00406369999997,59.651351870261706
105.85106629999969,21.00406369999997,59.195549421574896
105.85136629999968,21.00406369999997,55.65890186331155
105.85166629999968,21.00406369999997,51.37907498508039
105.85196629999967,21.00406369999997,58.943564112086605
105.85226629999968,21.00406369999997,59.26047254164224
105.85256629999968,21.00406369999997,59.24756520924713
105.85286629999966,21.00406369999997,56.30624928933071
105.85316629999966,21.00406369999997,57.12626349748244
105.85346629999964,21.00406369999997,57.16612348998518
105.85376629999963,21.00406369999997,55.074730054577785
105.85406629999964,21.00406369999997,58.902714718087054
105.85436629999964,21.00406369999997,58.53176321523087
105.85466629999964,21.00406369999997,55.26993225441096
105.85496629999965,21.00406369999997,54.224349616999035
105.85526629999964,21.00406369999997,56.87490668543646
105.85556629999962,21.00406369999997,55.42319089035213
105.85586629999962,21.00406369999997,51.25635489623461
105.8561662999996,21.00406369999997,53.70044229752807
105.8564662999996,21.00406369999997,52.277521335196155
105.8567662999996,21.00406369999997,50.18616266990817
105.8570662999996,21.00406369999997,53.492311796007726
105.8573662999996,21.00406369999997,54.74100660509245
105.8576662999996,21.00406369999997,55.08091473645639
105.8291663,21.00436369999997,75.22529721394451
105.8294663,21.00436369999997,73.43064233917501
105.8297663,21.00436369999997,70.12265988540933
105.83006629999998,21.00436369999997,68.99081783117663
105.83036629999998,21.00436369999997,73.99390085674926
105.83066629999998,21.00436369999997,79.07895602636704
105.83096629999996,21.00436369999997,74.56848051381941
105.83126629999995,21.00436369999997,69.16757402712743
105.83156629999996,21.00436369999997,64.1123029854742
105.83186629999996,21.00436369999997,64.67858211625922
105.83216629999995,21.00436369999997,67.69784241200642
105.83246629999996,21.00436369999997,64.45606717150164
105.83276629999996,21.00436369999997,70.39233902386556
105.83306629999994,21.00436369999997,69.77210834212012
105.83336629999994,21.00436369999997,67.9108612055054
105.83366629999992,21.00436369999997,69.24241698001207
105.83396629999991,21.00436369999997,61.8340952810469
105.83426629999992,21.00436369999997,57.22807889071942
105.83456629999992,21.00436369999997,61.910528647581245
105.83486629999992,21.00436369999997,62.98784029856917
105.83516629999993,21.00436369999997,70.93134961030398
105.83546629999992,21.00436369999997,67.00717400215939
105.8357662999999,21.00436369999997,66.1739525490753
105.8360662999999,21.00436369999997,70.311463691216
105.8363662999999,21.00436369999997,68.06310459543153
105.83666629999988,21.00436369999997,67.58905952177808
105.83696629999989,21.00436369999997,68.14713829895601
105.83726629999988,21.00436369999997,69.29181580483879
105.83756629999988,21.00436369999997,71.88336848318272
105.83786629999987,21.00436369999997,79.91863935153292
105.83816629999988,21.00436369999997,78.92630468447057
105.83846629999988,21.00436369999997,75.5163115570138
105.83876629999986,21.00436369999997,74.92271875498979
105.83906629999986,21.00436369999997,75.19543908607847
105.83936629999984,21.00436369999997,69.99562271913004
105.83966629999983,21.00436369999997,69.30681416510008
105.83996629999984,21.00436369999997,68.16193902930874
105.84026629999984,21.00436369999997,67.03887139629522
105.84056629999984,21.00436369999997,69.896314596939
105.84086629999985,21.00436369999997,62.72572110807447
105.84116629999984,21.00436369999997,62.94092009275988
105.84146629999982,21.00436369999997,63.404754283926366
105.84176629999982,21.00436369999997,63.85012929173422
105.8420662999998,21.00436369999997,64.38372360087997
105.8423662999998,21.00436369999997,69.98746383726802
105.8426662999998,21.00436369999997,74.0073221026458
105.8429662999998,21.00436369999997,69.01238993671355
105.8432662999998,21.00436369999997,74.09033769838344
105.8435662999998,21.00436369999997,70.01760441394961
105.8438662999998,21.00436369999997,69.73546958480271
105.84416629999978,21.00436369999997,76.78729175760922
105.84446629999978,21.00436369999997,72.2354720607183
105.84476629999978,21.00436369999997,73.12954383623973
105.84506629999976,21.00436369999997,68.95867105660672
105.84536629999975,21.00436369999997,63.97777764430499
105.84566629999976,21.00436369999997,65.7978464187374
105.84596629999976,21.00436369999997,57.485740801988584
105.84626629999975,21.00436369999997,65.02853214002948
105.84656629999976,21.00436369999997,65.21773722233907
105.84686629999976,21.00436369999997,67.18207479758262
105.84716629999974,21.00436369999997,61.578004292074326
105.84746629999974,21.00436369999997,60.574115977716986
105.84776629999972,21.00436369999997,54.183950285886255
105.84806629999972,21.00436369999997,55.03898925972479
105.84836629999973,21.00436369999997,56.664839617609104
105.84866629999972,21.00436369999997,57.929742309414266
105.84896629999972,21.00436369999997,52.75116615977686
105.84926629999973,21.00436369999997,53.719089419048544
105.84956629999972,21.00436369999997,53.28447491246376
105.8498662999997,21.00436369999997,55.54517569098326
105.8501662999997,21.00436369999997,56.04577770245838
105.8504662999997,21.00436369999997,62.65959018436631
105.85076629999968,21.00436369999997,60.95559724392864
105.85106629999969,21.00436369999997,60.50210563824308
105.85136629999968,21.00436369999997,55.23194265488437
105.85166629999968,21.00436369999997,54.14309269038717
105.85196629999967,21.00436369999997,59.56166206295288
105.85226629999968,21.00436369999997,54.202558261938634
105.85256629999968,21.00436369999997,55.85786946952108
105.85286629999966,21.00436369999997,54.63735234688028
105.85316629999966,21.00436369999997,55.7572462205397
105.85346629999964,21.00436369999997,55.010390629108414
105.85376629999963,21.00436369999997,54.21428041742152
105.85406629999964,21.00436369999997,50.16860240412777
105.85436629999964,21.00436369999997,50.18614757048647
105.85466629999964,21.00436369999997,57.41059621286928
105.85496629999965,21.00436369999997,58.21880575783112
105.85526629999964,21.00436369999997,55.75989359110454
105.85556629999962,21.00436369999997,54.194476559387624
105.85586629999962,21.00436369999997,51.83395054612428
105.8561662999996,21.00436369999997,53.71830545614179
105.8564662999996,21.00436369999997,58.631699622878486
105.8567662999996,21.00436369999997,57.46778800657539
105.8570662999996,21.00436369999997,63.378001415826546
105.8573662999996,21.00436369999997,63.41841578747783
105.8576662999996,21.00436369999997,62.949254391649106
105.8291663,21.00466369999997,75.37407945606108
105.8294663,21.00466369999997,74.05155812389812
105.8297663,21.00466369999997,59.936345080317494
105.83006629999998,21.00466369999997,66.9666675075602
105.83036629999998,21.00466369999997,66.24587923647036
105.83066629999998,21.00466369999997,69.39082364791176
105.83096629999996,21.00466369999997,68.91411064251193
105.83126629999995,21.00466369999997,62.769864767700426
105.83156629999996,21.00466369999997,59.87483000889421
105.83186629999996,21.00466369999997,58.05219615309386
105.83216629999995,21.00466369999997,64.65592559535054
105.83246629999996,21.00466369999997,67.0327113171956
105.83276629999996,21.00466369999997,61.927323896166925
105.83306629999994,21.00466369999997,60.71678450611287
105.83336629999994,21.00466369999997,53.617057293753575
105.83366629999992,21.00466369999997,66.74111877314638
105.83396629999991,21.00466369999997,64.08831964663081
105.83426629999992,21.00466369999997,61.814632949178545
105.83456629999992,21.00466369999997,57.09181964573999
105.83486629999992,21.00466369999997,65.00993144619999
105.83516629999993,21.00466369999997,71.18929661691115
105.83546629999992,21.00466369999997,64.8868821930778
105.8357662999999,21.00466369999997,62.20002236794784
105.8360662999999,21.00466369999997,68.94358263044488
105.8363662999999,21.00466369999997,67.93812118218906
105.83666629999988,21.00466369999997,67.21469062511856
105.83696629999989,21.00466369999997,70.37408685264882
105.83726629999988,21.00466369999997,69.85611005405573
105.83756629999988,21.00466369999997,66.35598641723197
105.83786629999987,21.00466369999997,82.63348159678792
105.83816629999988,21.00466369999997,79.77966576541478
105.83846629999988,21.00466369999997,80.6634719909333
105.83876629999986,21.00466369999997,73.25715266312423
105.83906629999986,21.00466369999997,71.97013510529298
105.83936629999984,21.00466369999997,69.02310419408953
105.83966629999983,21.00466369999997,65.8438509458525
105.83996629999984,21.00466369999997,69.78926315323244
105.84026629999984,21.00466369999997,66.61087953646086
105.84056629999984,21.00466369999997,66.83123110308433
105.84086629999985,21.00466369999997,64.74346073092086
105.84116629999984,21.00466369999997,65.18755503533838
105.84146629999982,21.00466369999997,62.47555541772634
105.84176629999982,21.00466369999997,64.26157252315188
105.8420662999998,21.00466369999997,57.759808300118
105.8423662999998,21.00466369999997,63.757653445872705
105.8426662999998,21.00466369999997,66.13052977189786
105.8429662999998,21.00466369999997,74.68781900700003
105.8432662999998,21.00466369999997,72.779153148439
105.8435662999998,21.00466369999997,67.51637524528395
105.8438662999998,21.00466369999997,69.42549912652127
105.84416629999978,21.00466369999997,66.33945396614666
105.84446629999978,21.00466369999997,56.69518781682733
105.84476629999978,21.00466369999997,56.76547948449482
105.84506629999976,21.00466369999997,54.22360297500589
105.84536629999975,21.00466369999997,69.70104115533904
105.84566629999976,21.00466369999997,65.24792172415808
105.84596629999976,21.00466369999997,67.74331184182651
105.84626629999975,21.00466369999997,66.09463687784346
105.84656629999976,21.00466369999997,66.2791486940973
105.84686629999976,21.00466369999997,63.921685625493595
105.84716629999974,21.00466369999997,62.67877609324057
105.84746629999974,21.00466369999997,64.37680269031574
105.84776629999972,21.00466369999997,60.38028673216069
105.84806629999972,21.00466369999997,52.84864840804332
105.84836629999973,21.00466369999997,55.48037223158953
105.84866629999972,21.00466369999997,58.52095520531529
105.84896629999972,21.00466369999997,54.72880953970096
105.84926629999973,21.00466369999997,50.27542085572321
105.84956629999972,21.00466369999997,55.68868624116928
105.8498662999997,21.00466369999997,57.568586210423575
105.8501662999997,21.00466369999997,59.09532773248273
105.8504662999997,21.00466369999997,54.20044612259736
105.85076629999968,21.00466369999997,55.56657217428413
105.85106629999969,21.00466369999997,55.985768175348525
105.85136629999968,21.00466369999997,61.095972484954146
105.85166629999968,21.00466369999997,51.403120804410605
105.85196629999967,21.00466369999997,53.413032887694754
105.85226629999968,21.00466369999997,49.4282835863295
105.85256629999968,21.00466369999997,52.68629179220703
105.85286629999966,21.00466369999997,57.55650745052088
105.85316629999966,21.00466369999997,53.209670005997594
105.85346629999964,21.00466369999997,55.29390320560873
105.85376629999963,21.00466369999997,54.08330978978139
105.85406629999964,21.00466369999997,52.86347131537313
105.85436629999964,21.00466369999997,57.142644759221355
105.85466629999964,21.00466369999997,54.97577048438103
105.85496629999965,21.00466369999997,58.882622570708634
105.85526629999964,21.00466369999997,56.28396631740736
105.85556629999962,21.00466369999997,51.06215398058515
105.85586629999962,21.00466369999997,54.19640049851313
105.8561662999996,21.00466369999997,52.929043251572566
105.8564662999996,21.00466369999997,57.87355199714197
105.8567662999996,21.00466369999997,57.46778800657539
105.8570662999996,21.00466369999997,62.50446954555281
105.8573662999996,21.00466369999997,60.00894175092279
105.8576662999996,21.00466369999997,61.07750288831974
105.8291663,21.00496369999997,75.4438359157772
105.8294663,21.00496369999997,62.764470014791726
105.8297663,21.00496369999997,60.403908333653035
105.83006629999998,21.00496369999997,57.37426388913276
105.83036629999998,21.00496369999997,66.43515615049785
105.83066629999998,21.00496369999997,61.05181307894776
105.83096629999996,21.00496369999997,69.16360312991026
105.83126629999995,21.00496369999997,63.13382033182242
105.83156629999996,21.00496369999997,58.53597298822234
105.83186629999996,21.00496369999997,57.835968740018515
105.83216629999995,21.00496369999997,61.732520879728966
105.83246629999996,21.00496369999997,63.56688261829731
105.83276629999996,21.00496369999997,60.97886726536346
105.83306629999994,21.00496369999997,59.10217180414664
105.83336629999994,21.00496369999997,53.695113770960546
105.83366629999992,21.00496369999997,50.59388181990008
105.83396629999991,21.00496369999997,56.62112227251187
105.83426629999992,21.00496369999997,62.04277296347017
105.83456629999992,21.00496369999997,65.49026244215732
105.83486629999992,21.00496369999997,69.16257298492667
105.83516629999993,21.00496369999997,65.97883347127564
105.83546629999992,21.00496369999997,65.80660637017827
105.8357662999999,21.00496369999997,62.884053120617125
105.8360662999999,21.00496369999997,68.126245492727
105.8363662999999,21.00496369999997,67.50833865730378
105.83666629999988,21.00496369999997,66.84718337718654
105.83696629999989,21.00496369999997,70.14431473792891
105.83726629999988,21.00496369999997,71.17112621226906
105.83756629999988,21.00496369999997,67.5435798675552
105.83786629999987,21.00496369999997,64.64874916133479
105.83816629999988,21.00496369999997,66.56239386820192
105.83846629999988,21.00496369999997,64.58833975890703
105.83876629999986,21.00496369999997,72.96998374359445
105.83906629999986,21.00496369999997,75.04450969069553
105.83936629999984,21.00496369999997,71.39405405539449
105.83966629999983,21.00496369999997,66.17485011736123
105.83996629999984,21.00496369999997,66.96454339416479
105.84026629999984,21.00496369999997,69.54532891954872
105.84056629999984,21.00496369999997,69.77484387827445
105.84086629999985,21.00496369999997,64.66620544773879
105.84116629999984,21.00496369999997,62.33121638000836
105.84146629999982,21.00496369999997,62.58036811131347
105.84176629999982,21.00496369999997,62.21735852491835
105.8420662999998,21.00496369999997,68.12797641370264
105.8423662999998,21.00496369999997,67.72688520646975
105.8426662999998,21.00496369999997,75.97166516376848
105.8429662999998,21.00496369999997,77.93139441036624
105.8432662999998,21.00496369999997,76.04536290912372
105.8435662999998,21.00496369999997,73.00777189593268
105.8438662999998,21.00496369999997,68.26078606203819
105.84416629999978,21.00496369999997,56.55500709152585
105.84446629999978,21.00496369999997,56.12352664370418
105.84476629999978,21.00496369999997,57.34244922704178
105.84506629999976,21.00496369999997,55.19456650901951
105.84536629999975,21.00496369999997,69.60132225725835
105.84566629999976,21.00496369999997,67.77887354233647
105.84596629999976,21.00496369999997,65.51961917455849
105.84626629999975,21.00496369999997,66.5747495692537
105.84656629999976,21.00496369999997,65.65022854835844
105.84686629999976,21.00496369999997,62.8550239562865
105.84716629999974,21.00496369999997,63.369578079361744
105.84746629999974,21.00496369999997,70.69110296791567
105.84776629999972,21.00496369999997,66.53543460204585
105.84806629999972,21.00496369999997,52.76208433343801
105.84836629999973,21.00496369999997,50.22725882297246
105.84866629999972,21.00496369999997,55.526897387406336
105.84896629999972,21.00496369999997,53.04107300346707
105.84926629999973,21.00496369999997,56.45916030917891
105.84956629999972,21.00496369999997,57.007632178223375
105.8498662999997,21.00496369999997,56.575367267781786
105.8501662999997,21.00496369999997,57.09455598976085
105.8504662999997,21.00496369999997,60.31670537411294
105.85076629999968,21.00496369999997,59.32505505516153
105.85106629999969,21.00496369999997,55.56219265090729
105.85136629999968,21.00496369999997,60.462532341730906
105.85166629999968,21.00496369999997,56.96302992881063
105.85196629999967,21.00496369999997,49.24681449327995
105.85226629999968,21.00496369999997,55.49287817770386
105.85256629999968,21.00496369999997,57.59682232128449
105.85286629999966,21.00496369999997,56.0724580414811
105.85316629999966,21.00496369999997,57.6294378597492
105.85346629999964,21.00496369999997,53.69866179453078
105.85376629999963,21.00496369999997,53.73960950587151
105.85406629999964,21.00496369999997,48.68424457112157
105.85436629999964,21.00496369999997,56.924145640531094
105.85466629999964,21.00496369999997,57.46895942561672
105.85496629999965,21.00496369999997,57.88032430981728
105.85526629999964,21.00496369999997,57.447437966923374
105.85556629999962,21.00496369999997,56.39789852956467
105.85586629999962,21.00496369999997,48.50103193381578
105.8561662999996,21.00496369999997,51.60112734846793
105.8564662999996,21.00496369999997,57.12030273092422
105.8567662999996,21.00496369999997,58.3880403138989
105.8570662999996,21.00496369999997,62.18776639090399
105.8573662999996,21.00496369999997,63.60893834719175
105.8576662999996,21.00496369999997,63.494524043702825
105.8291663,21.00526369999997,63.005523389820794
105.8294663,21.00526369999997,62.70352351577293
105.8297663,21.00526369999997,62.726372460320206
105.83006629999998,21.00526369999997,65.78962372553553
105.83036629999998,21.00526369999997,68.24574567596068
105.83066629999998,21.00526369999997,64.24260813113816
105.83096629999996,21.00526369999997,66.68533898701534
105.83126629999995,21.00526369999997,58.8653757310592
105.83156629999996,21.00526369999997,55.932951533953855
105.83186629999996,21.00526369999997,60.277454619642185
105.83216629999995,21.00526369999997,61.68776633571743
105.83246629999996,21.00526369999997,64.94326732376413
105.83276629999996,21.00526369999997,59.038100105644645
105.83306629999994,21.00526369999997,61.231157774396536
105.83336629999994,21.00526369999997,55.64852957485279
105.83366629999992,21.00526369999997,50.41689633706144
105.83396629999991,21.00526369999997,57.155624929048145
105.83426629999992,21.00526369999997,56.46400107768115
105.83456629999992,21.00526369999997,61.4007106176352
105.83486629999992,21.00526369999997,64.44054918213395
105.83516629999993,21.00526369999997,70.99248383025994
105.83546629999992,21.00526369999997,64.73701604130979
105.8357662999999,21.00526369999997,67.54140140671086
105.8360662999999,21.00526369999997,70.05386584171252
105.8363662999999,21.00526369999997,69.43354641532542
105.83666629999988,21.00526369999997,68.55420390754385
105.83696629999989,21.00526369999997,69.47682997007752
105.83726629999988,21.00526369999997,68.54891967985759
105.83756629999988,21.00526369999997,75.42134367040273
105.83786629999987,21.00526369999997,85.1480224615121
105.83816629999988,21.00526369999997,70.29837539120396
105.83846629999988,21.00526369999997,69.66343557652577
105.83876629999986,21.00526369999997,73.29058899118779
105.83906629999986,21.00526369999997,76.55053146183533
105.83936629999984,21.00526369999997,68.63105669786422
105.83966629999983,21.00526369999997,64.24939294831465
105.83996629999984,21.00526369999997,62.65332238147107
105.84026629999984,21.00526369999997,62.26708240854889
105.84056629999984,21.00526369999997,69.37172270809884
105.84086629999985,21.00526369999997,65.558082067037
105.84116629999984,21.00526369999997,60.915797350341975
105.84146629999982,21.00526369999997,63.13788541846564
105.84176629999982,21.00526369999997,67.44557825346453
105.8420662999998,21.00526369999997,65.7679449846839
105.8423662999998,21.00526369999997,61.573344875829136
105.8426662999998,21.00526369999997,64.70371406811104
105.8429662999998,21.00526369999997,75.38441461683966
105.8432662999998,21.00526369999997,73.90972557377602
105.8435662999998,21.00526369999997,75.8312853853702
105.8438662999998,21.00526369999997,56.347737728694895
105.84416629999978,21.00526369999997,59.60678197562317
105.84446629999978,21.00526369999997,61.61412788537778
105.84476629999978,21.00526369999997,62.260984953359895
105.84506629999976,21.00526369999997,64.39801148209138
105.84536629999975,21.00526369999997,72.46247928406204
105.84566629999976,21.00526369999997,66.66146168833119
105.84596629999976,21.00526369999997,68.04223888295125
105.84626629999975,21.00526369999997,62.0155174411488
105.84656629999976,21.00526369999997,60.636844475900304
105.84686629999976,21.00526369999997,65.67880036228911
105.84716629999974,21.00526369999997,66.34387192809457
105.84746629999974,21.00526369999997,69.53560264771995
105.84776629999972,21.00526369999997,67.07814578392004
105.84806629999972,21.00526369999997,52.85026352934214
105.84836629999973,21.00526369999997,50.9907421924504
105.84866629999972,21.00526369999997,57.3945167918816
105.84896629999972,21.00526369999997,57.51675250071685
105.84926629999973,21.00526369999997,58.51437628573487
105.84956629999972,21.00526369999997,53.61333787778731
105.8498662999997,21.00526369999997,57.70564471490762
105.8501662999997,21.00526369999997,56.13760264586156
105.8504662999997,21.00526369999997,58.30743284335989
105.85076629999968,21.00526369999997,58.17667641530872
105.85106629999969,21.00526369999997,56.617200076589214
105.85136629999968,21.00526369999997,55.291258475096086
105.85166629999968,21.00526369999997,55.2974414859527
105.85196629999967,21.00526369999997,51.693426364540784
105.85226629999968,21.00526369999997,56.57228554898174
105.85256629999968,21.00526369999997,60.235141096768
105.85286629999966,21.00526369999997,56.40316113371355
105.85316629999966,21.00526369999997,56.357558689401216
105.85346629999964,21.00526369999997,53.072949168991315
105.85376629999963,21.00526369999997,57.558722279188544
105.85406629999964,21.00526369999997,58.67203523741503
105.85436629999964,21.00526369999997,59.69981471189743
105.85466629999964,21.00526369999997,60.45758947306328
105.85496629999965,21.00526369999997,61.89016410617725
105.85526629999964,21.00526369999997,56.670818968838105
105.85556629999962,21.00526369999997,53.610505406409914
105.85586629999962,21.00526369999997,48.742435614400094
105.8561662999996,21.00526369999997,51.60112734846793
105.8564662999996,21.00526369999997,58.89071465595459
105.8567662999996,21.00526369999997,60.087709527659555
105.8570662999996,21.00526369999997,62.18776639090399
105.8573662999996,21.00526369999997,63.2249874008163
105.8576662999996,21.00526369999997,64.7187224388554
105.8291663,21.005563699999968,65.3735698652879
105.8294663,21.005563699999968,65.01995473835554
105.8297663,21.005563699999968,62.15411050341808
105.83006629999998,21.005563699999968,58.188374040864346
105.83036629999998,21.005563699999968,62.196106774007376
105.83066629999998,21.005563699999968,66.35401937676255
105.83096629999996,21.005563699999968,62.64299360890912
105.83126629999995,21.005563699999968,62.7918530007601
105.83156629999996,21.005563699999968,65.76429083873357
105.83186629999996,21.005563699999968,67.89324945032638
105.83216629999995,21.005563699999968,64.80752753938678
105.83246629999996,21.005563699999968,65.01662061987943
105.83276629999996,21.005563699999968,57.15967381669336
105.83306629999994,21.005563699999968,60.64699714955226
105.83336629999994,21.005563699999968,61.654634174600005
105.83366629999992,21.005563699999968,55.97147561983434
105.83396629999991,21.005563699999968,56.28979149915059
105.83426629999992,21.005563699999968,61.85160044766015
105.83456629999992,21.005563699999968,55.238470747977146
105.83486629999992,21.005563699999968,74.56180561439123
105.83516629999993,21.005563699999968,68.47599638815676
105.83546629999992,21.005563699999968,61.313580042072786
105.8357662999999,21.005563699999968,66.48476233777492
105.8360662999999,21.005563699999968,67.6248880802236
105.8363662999999,21.005563699999968,65.54373994644689
105.83666629999988,21.005563699999968,67.77814189629392
105.83696629999989,21.005563699999968,72.98204962920589
105.83726629999988,21.005563699999968,70.01695462427378
105.83756629999988,21.005563699999968,70.46444056195918
105.83786629999987,21.005563699999968,80.60613371798495
105.83816629999988,21.005563699999968,76.81449879707823
105.83846629999988,21.005563699999968,71.96142123953743
105.83876629999986,21.005563699999968,71.18106326234715
105.83906629999986,21.005563699999968,70.55835807244367
105.83936629999984,21.005563699999968,63.43042540081174
105.83966629999983,21.005563699999968,60.9092011887455
105.83996629999984,21.005563699999968,63.493564661978525
105.84026629999984,21.005563699999968,67.3348984958655
105.84056629999984,21.005563699999968,71.38789013815396
105.84086629999985,21.005563699999968,64.29914952538522
105.84116629999984,21.005563699999968,67.22126057582703
105.84146629999982,21.005563699999968,67.13654895459027
105.84176629999982,21.005563699999968,61.71798396003493
105.8420662999998,21.005563699999968,69.72844290532453
105.8423662999998,21.005563699999968,63.87197163194594
105.8426662999998,21.005563699999968,72.00244147613583
105.8429662999998,21.005563699999968,71.1401925591674
105.8432662999998,21.005563699999968,75.01312494948353
105.8435662999998,21.005563699999968,76.79486727890253
105.8438662999998,21.005563699999968,71.99545617008415
105.84416629999978,21.005563699999968,59.29201507457361
105.84446629999978,21.005563699999968,59.87128700775435
105.84476629999978,21.005563699999968,62.3684441016414
105.84506629999976,21.005563699999968,60.121708934166506
105.84536629999975,21.005563699999968,65.36619562173007
105.84566629999976,21.005563699999968,61.64155973922034
105.84596629999976,21.005563699999968,65.49699762811557
105.84626629999975,21.005563699999968,62.102880642306104
105.84656629999976,21.005563699999968,59.22145878346403
105.84686629999976,21.005563699999968,66.5525235871873
105.84716629999974,21.005563699999968,63.08553971740173
105.84746629999974,21.005563699999968,62.44466749050255
105.84776629999972,21.005563699999968,63.383818510600335
105.84806629999972,21.005563699999968,56.95370945239911
105.84836629999973,21.005563699999968,53.057919760570826
105.84866629999972,21.005563699999968,53.96945207636942
105.84896629999972,21.005563699999968,56.209701131101355
105.84926629999973,21.005563699999968,56.528435709123016
105.84956629999972,21.005563699999968,57.927028601608015
105.8498662999997,21.005563699999968,53.45471996131039
105.8501662999997,21.005563699999968,57.432542500539626
105.8504662999997,21.005563699999968,53.6351847472864
105.85076629999968,21.005563699999968,57.71743018656244
105.85106629999969,21.005563699999968,55.13143198318629
105.85136629999968,21.005563699999968,53.29657674657426
105.85166629999968,21.005563699999968,56.36085290946686
105.85196629999967,21.005563699999968,53.35593632209296
105.85226629999968,21.005563699999968,55.23684904009221
105.85256629999968,21.005563699999968,57.89725172993535
105.85286629999966,21.005563699999968,55.36314783090872
105.85316629999966,21.005563699999968,55.66173313491262
105.85346629999964,21.005563699999968,55.87219504749642
105.85376629999963,21.005563699999968,57.868194565242064
105.85406629999964,21.005563699999968,56.92744093097867
105.85436629999964,21.005563699999968,58.50294335672895
105.85466629999964,21.005563699999968,58.77595957595311
105.85496629999965,21.005563699999968,55.440249168802694
105.85526629999964,21.005563699999968,53.55489403620402
105.85556629999962,21.005563699999968,45.5074501420529
105.85586629999962,21.005563699999968,47.31776879543446
105.8561662999996,21.005563699999968,49.49763251070689
105.8564662999996,21.005563699999968,59.32946314806114
105.8567662999996,21.005563699999968,59.4028955203014
105.8570662999996,21.005563699999968,63.13231615015931
105.8573662999996,21.005563699999968,68.62428394800472
105.8576662999996,21.005563699999968,69.62657621274514
105.8291663,21.005863699999967,69.81217209162038
105.8294663,21.005863699999967,66.8419055612953
105.8297663,21.005863699999967,65.6934693056408
105.83006629999998,21.005863699999967,59.893350315341365
105.83036629999998,21.005863699999967,60.590980638648944
105.83066629999998,21.005863699999967,65.46722018560156
105.83096629999996,21.005863699999967,63.634998717425816
105.83126629999995,21.005863699999967,65.42576170202791
105.83156629999996,21.005863699999967,64.24878316764683
105.83186629999996,21.005863699999967,64.27500978608283
105.83216629999995,21.005863699999967,59.02288208713148
105.83246629999996,21.005863699999967,53.64956839314985
105.83276629999996,21.005863699999967,60.29151889047232
105.83306629999994,21.005863699999967,60.29479537499198
105.83336629999994,21.005863699999967,60.84347572033971
105.83366629999992,21.005863699999967,59.48137022663137
105.83396629999991,21.005863699999967,68.15377959603701
105.83426629999992,21.005863699999967,58.302820575918176
105.83456629999992,21.005863699999967,59.9090782538033
105.83486629999992,21.005863699999967,63.7586043461709
105.83516629999993,21.005863699999967,66.53305846318426
105.83546629999992,21.005863699999967,64.8817663071421
105.8357662999999,21.005863699999967,64.59576637803599
105.8360662999999,21.005863699999967,68.03693028361602
105.8363662999999,21.005863699999967,66.12507181701014
105.83666629999988,21.005863699999967,70.16059095650611
105.83696629999989,21.005863699999967,66.50617153299802
105.83726629999988,21.005863699999967,63.61907823697943
105.83756629999988,21.005863699999967,81.14932939618278
105.83786629999987,21.005863699999967,78.9824995172903
105.83816629999988,21.005863699999967,77.58299195792704
105.83846629999988,21.005863699999967,83.31068322325085
105.83876629999986,21.005863699999967,64.99186718155548
105.83906629999986,21.005863699999967,66.24742235655036
105.83936629999984,21.005863699999967,58.48423065092464
105.83966629999983,21.005863699999967,57.451858313257105
105.83996629999984,21.005863699999967,62.92393278974939
105.84026629999984,21.005863699999967,67.0915894795663
105.84056629999984,21.005863699999967,64.12532342244765
105.84086629999985,21.005863699999967,69.03107305482818
105.84116629999984,21.005863699999967,62.09491082322751
105.84146629999982,21.005863699999967,66.70935028651695
105.84176629999982,21.005863699999967,59.85946758443724
105.8420662999998,21.005863699999967,62.9586641542068
105.8423662999998,21.005863699999967,66.47789575115186
105.8426662999998,21.005863699999967,71.37074194625004
105.8429662999998,21.005863699999967,66.24562996242955
105.8432662999998,21.005863699999967,63.793659349254526
105.8435662999998,21.005863699999967,76.18544492607091
105.8438662999998,21.005863699999967,77.5162370843765
105.84416629999978,21.005863699999967,67.95973502128737
105.84446629999978,21.005863699999967,73.135215567005
105.84476629999978,21.005863699999967,70.00708894377108
105.84506629999976,21.005863699999967,62.02398178586907
105.84536629999975,21.005863699999967,61.530195114972784
105.84566629999976,21.005863699999967,60.10373250527233
105.84596629999976,21.005863699999967,65.25788611159275
105.84626629999975,21.005863699999967,62.61429686428693
105.84656629999976,21.005863699999967,57.744982916339325
105.84686629999976,21.005863699999967,59.74873893419398
105.84716629999974,21.005863699999967,67.32373522137512
105.84746629999974,21.005863699999967,65.15738261641737
105.84776629999972,21.005863699999967,62.6064870496284
105.84806629999972,21.005863699999967,51.60565648680937
105.84836629999973,21.005863699999967,54.444615952474976
105.84866629999972,21.005863699999967,51.89564140785913
105.84896629999972,21.005863699999967,56.450009007086095
105.84926629999973,21.005863699999967,53.71066847191862
105.84956629999972,21.005863699999967,55.560939982882815
105.8498662999997,21.005863699999967,57.85415774889297
105.8501662999997,21.005863699999967,55.00561468036777
105.8504662999997,21.005863699999967,53.18696402954069
105.85076629999968,21.005863699999967,56.441228475881005
105.85106629999969,21.005863699999967,53.23256915449507
105.85136629999968,21.005863699999967,57.40728588241477
105.85166629999968,21.005863699999967,54.68116913717443
105.85196629999967,21.005863699999967,54.88415808790269
105.85226629999968,21.005863699999967,57.0170841509638
105.85256629999968,21.005863699999967,55.44570482436788
105.85286629999966,21.005863699999967,52.786169680053945
105.85316629999966,21.005863699999967,53.42661835264644
105.85346629999964,21.005863699999967,59.6158015428787
105.85376629999963,21.005863699999967,53.73763360173791
105.85406629999964,21.005863699999967,57.430883670672
105.85436629999964,21.005863699999967,57.91757577412372
105.85466629999964,21.005863699999967,58.95628452807408
105.85496629999965,21.005863699999967,52.634465004221966
105.85526629999964,21.005863699999967,51.57768125189384
105.85556629999962,21.005863699999967,49.85398584216885
105.85586629999962,21.005863699999967,50.27964014453809
105.8561662999996,21.005863699999967,50.570238778125294
105.8564662999996,21.005863699999967,60.34141756945614
105.8567662999996,21.005863699999967,58.63410847025147
105.8570662999996,21.005863699999967,61.07750288831974
105.8573662999996,21.005863699999967,63.494524043702825
105.8576662999996,21.005863699999967,68.89944582525028
105.8291663,21.006163699999966,70.90998856051283
105.8294663,21.006163699999966,70.94892558149479
105.8297663,21.006163699999966,68.36676601456544
105.83006629999998,21.006163699999966,67.32751777792757
105.83036629999998,21.006163699999966,66.39032339601124
105.83066629999998,21.006163699999966,64.42791856073633
105.83096629999996,21.006163699999966,63.14621500376094
105.83126629999995,21.006163699999966,59.09755980424754
105.83156629999996,21.006163699999966,67.47521459038974
105.83186629999996,21.006163699999966,67.79985128655072
105.83216629999995,21.006163699999966,71.20659464617705
105.83246629999996,21.006163699999966,64.99937234574472
105.83276629999996,21.006163699999966,64.81649035873004
105.83306629999994,21.006163699999966,66.71333861051687
105.83336629999994,21.006163699999966,72.07831328551325
105.83366629999992,21.006163699999966,64.92734523031876
105.83396629999991,21.006163699999966,61.59678750380496
105.83426629999992,21.006163699999966,59.041477029203946
105.83456629999992,21.006163699999966,58.554793530462035
105.83486629999992,21.006163699999966,60.12883947102095
105.83516629999993,21.006163699999966,67.15835612790778
105.83546629999992,21.006163699999966,66.50824534397404
105.8357662999999,21.006163699999966,71.88554493277015
105.8360662999999,21.006163699999966,66.55940995792764
105.8363662999999,21.006163699999966,71.76834299893402
105.83666629999988,21.006163699999966,66.38917218479443
105.83696629999989,21.006163699999966,69.41429507580392
105.83726629999988,21.006163699999966,71.02461986442377
105.83756629999988,21.006163699999966,62.90706252647054
105.83786629999987,21.006163699999966,66.55755817366583
105.83816629999988,21.006163699999966,60.69005173659587
105.83846629999988,21.006163699999966,64.78680118891253
105.83876629999986,21.006163699999966,63.31132684516061
105.83906629999986,21.006163699999966,62.07489865789354
105.83936629999984,21.006163699999966,55.112206453351774
105.83966629999983,21.006163699999966,69.93230936700321
105.83996629999984,21.006163699999966,59.92468546028039
105.84026629999984,21.006163699999966,56.30167115250161
105.84056629999984,21.006163699999966,63.24029927715206
105.84086629999985,21.006163699999966,67.59641830713768
105.84116629999984,21.006163699999966,66.8400294419802
105.84146629999982,21.006163699999966,63.07751118652179
105.84176629999982,21.006163699999966,63.07871134076089
105.8420662999998,21.006163699999966,62.29204518963616
105.8423662999998,21.006163699999966,58.302220889287725
105.8426662999998,21.006163699999966,62.54072211498291
105.8429662999998,21.006163699999966,62.56458105650407
105.8432662999998,21.006163699999966,66.1005372540178
105.8435662999998,21.006163699999966,67.63657851884065
105.8438662999998,21.006163699999966,76.31068513719555
105.84416629999978,21.006163699999966,75.03507540715435
105.84446629999978,21.006163699999966,80.5293550505418
105.84476629999978,21.006163699999966,75.63439758748244
105.84506629999976,21.006163699999966,66.76810429487972
105.84536629999975,21.006163699999966,66.30519358886464
105.84566629999976,21.006163699999966,60.895889425313214
105.84596629999976,21.006163699999966,66.49364451044579
105.84626629999975,21.006163699999966,63.037972064144455
105.84656629999976,21.006163699999966,67.2661670728123
105.84686629999976,21.006163699999966,65.72725726242446
105.84716629999974,21.006163699999966,65.36438616400915
105.84746629999974,21.006163699999966,70.36191631136589
105.84776629999972,21.006163699999966,68.82315092073587
105.84806629999972,21.006163699999966,64.19643223778385
105.84836629999973,21.006163699999966,55.37147218604264
105.84866629999972,21.006163699999966,55.21428825692594
105.84896629999972,21.006163699999966,59.13301403443326
105.84926629999973,21.006163699999966,58.39056938304151
105.84956629999972,21.006163699999966,55.531013985134166
105.8498662999997,21.006163699999966,56.475330129653656
105.8501662999997,21.006163699999966,58.1771161538568
105.8504662999997,21.006163699999966,58.323908760699865
105.85076629999968,21.006163699999966,58.236258449702376
105.85106629999969,21.006163699999966,55.66676793720839
105.85136629999968,21.006163699999966,59.68225982195348
105.85166629999968,21.006163699999966,52.497777462736536
105.85196629999967,21.006163699999966,53.30797968498236
105.85226629999968,21.006163699999966,56.24712838984671
105.85256629999968,21.006163699999966,55.6831119251176
105.85286629999966,21.006163699999966,52.89022248893587
105.85316629999966,21.006163699999966,54.638200688312125
105.85346629999964,21.006163699999966,51.95238649638056
105.85376629999963,21.006163699999966,54.65794702972891
105.85406629999964,21.006163699999966,56.67461751931592
105.85436629999964,21.006163699999966,58.84323281085838
105.85466629999964,21.006163699999966,58.665767319119865
105.85496629999965,21.006163699999966,58.04549121989842
105.85526629999964,21.006163699999966,57.5639885791488
105.85556629999962,21.006163699999966,52.898782118239765
105.85586629999962,21.006163699999966,50.99092945821211
105.8561662999996,21.006163699999966,50.58164195816704
105.8564662999996,21.006163699999966,58.9944095012018
105.8567662999996,21.006163699999966,58.40861663926744
105.8570662999996,21.006163699999966,61.90989458556143
105.8573662999996,21.006163699999966,63.30157821343549
105.8576662999996,21.006163699999966,69.62040809047195
105.8291663,21.00646369999997,68.45814086221328
105.8294663,21.00646369999997,65.9030133334564
105.8297663,21.00646369999997,69.71623022583547
105.83006629999998,21.00646369999997,68.66776897012844
105.83036629999998,21.00646369999997,69.66595956392258
105.83066629999998,21.00646369999997,61.14966978453383
105.83096629999996,21.00646369999997,62.53204483123143
105.83126629999995,21.00646369999997,64.59896600577186
105.83156629999996,21.00646369999997,63.09977868551316
105.83186629999996,21.00646369999997,66.00746003566015
105.83216629999995,21.00646369999997,70.63038444195989
105.83246629999996,21.00646369999997,67.1497781063974
105.83276629999996,21.00646369999997,63.704272991419046
105.83306629999994,21.00646369999997,72.45154129462396
105.83336629999994,21.00646369999997,65.41304415769284
105.83366629999992,21.00646369999997,61.11247439172652
105.83396629999991,21.00646369999997,64.99684467257707
105.83426629999992,21.00646369999997,64.14658970222203
105.83456629999992,21.00646369999997,63.838257174216054
105.83486629999992,21.00646369999997,64.1141958138478
105.83516629999993,21.00646369999997,65.42457107719073
105.83546629999992,21.00646369999997,65.08516682222991
105.8357662999999,21.00646369999997,68.10370019652213
105.8360662999999,21.00646369999997,75.69142841490712
105.8363662999999,21.00646369999997,70.38928171148865
105.83666629999988,21.00646369999997,70.43017122829234
105.83696629999989,21.00646369999997,73.00617616990766
105.83726629999988,21.00646369999997,71.50935768311511
105.83756629999988,21.00646369999997,72.5515002540556
105.83786629999987,21.00646369999997,59.61937114851929
105.83816629999988,21.00646369999997,62.42516633606392
105.83846629999988,21.00646369999997,63.96869451911208
105.83876629999986,21.00646369999997,65.63440642711723
105.83906629999986,21.00646369999997,59.70879786660602
105.83936629999984,21.00646369999997,55.71930864907297
105.83966629999983,21.00646369999997,56.763695432549426
105.83996629999984,21.00646369999997,60.25393263067565
105.84026629999984,21.00646369999997,57.12526538893583
105.84056629999984,21.00646369999997,65.02746462081372
105.84086629999985,21.00646369999997,64.81535339938802
105.84116629999984,21.00646369999997,62.84618989767121
105.84146629999982,21.00646369999997,59.4715811061092
105.84176629999982,21.00646369999997,63.355269985584016
105.8420662999998,21.00646369999997,62.718862736662686
105.8423662999998,21.00646369999997,53.549302514656645
105.8426662999998,21.00646369999997,58.58566553235589
105.8429662999998,21.00646369999997,57.44855122442192
105.8432662999998,21.00646369999997,64.95254503797557
105.8435662999998,21.00646369999997,64.95508151554273
105.8438662999998,21.00646369999997,61.64869164959447
105.84416629999978,21.00646369999997,65.77270488307329
105.84446629999978,21.00646369999997,77.25258837572679
105.84476629999978,21.00646369999997,82.96563296551653
105.84506629999976,21.00646369999997,73.41329568349938
105.84536629999975,21.00646369999997,64.99774622135223
105.84566629999976,21.00646369999997,66.69282242690481
105.84596629999976,21.00646369999997,67.13190392451291
105.84626629999975,21.00646369999997,66.48872420483266
105.84656629999976,21.00646369999997,71.68455839178505
105.84686629999976,21.00646369999997,64.76650766609959
105.84716629999974,21.00646369999997,72.43686046598572
105.84746629999974,21.00646369999997,63.16948273943433
105.84776629999972,21.00646369999997,64.83797884506198
105.84806629999972,21.00646369999997,66.20703067424388
105.84836629999973,21.00646369999997,70.13143573049784
105.84866629999972,21.00646369999997,56.892713936947885
105.84896629999972,21.00646369999997,60.27291270284736
105.84926629999973,21.00646369999997,53.60276986504654
105.84956629999972,21.00646369999997,50.90662385434939
105.8498662999997,21.00646369999997,54.34769870053039
105.8501662999997,21.00646369999997,56.26798132140189
105.8504662999997,21.00646369999997,53.0088798035287
105.85076629999968,21.00646369999997,60.09673494647825
105.85106629999969,21.00646369999997,62.81161348398359
105.85136629999968,21.00646369999997,59.32330493924148
105.85166629999968,21.00646369999997,59.70744316163445
105.85196629999967,21.00646369999997,60.00339650085847
105.85226629999968,21.00646369999997,60.3663814945089
105.85256629999968,21.00646369999997,55.79978121607705
105.85286629999966,21.00646369999997,46.06025240024624
105.85316629999966,21.00646369999997,52.82904340609613
105.85346629999964,21.00646369999997,56.65237845328082
105.85376629999963,21.00646369999997,54.97224193399772
105.85406629999964,21.00646369999997,54.64324045083487
105.85436629999964,21.00646369999997,55.456363165379
105.85466629999964,21.00646369999997,53.39922018839344
105.85496629999965,21.00646369999997,58.633221211885626
105.85526629999964,21.00646369999997,55.88257647662179
105.85556629999962,21.00646369999997,56.76989572330166
105.85586629999962,21.00646369999997,50.84500729427216
105.8561662999996,21.00646369999997,51.88486663273498
105.8564662999996,21.00646369999997,58.65394507299406
105.8567662999996,21.00646369999997,56.56794668999326
105.8570662999996,21.00646369999997,57.540912455956786
105.8573662999996,21.00646369999997,61.06090050647727
105.8576662999996,21.00646369999997,67.50325071937863
105.8291663,21.006763699999965,67.46748971722091
105.8294663,21.006763699999965,70.4422953544037
105.8297663,21.006763699999965,69.1998833627186
105.83006629999998,21.006763699999965,64.47389367437852
105.83036629999998,21.006763699999965,67.19511846936162
105.83066629999998,21.006763699999965,66.22576208084467
105.83096629999996,21.006763699999965,66.71547817142806
105.83126629999995,21.006763699999965,64.11471641184973
105.83156629999996,21.006763699999965,66.38028353733898
105.83186629999996,21.006763699999965,57.224698867022155
105.83216629999995,21.006763699999965,66.55430760376042
105.83246629999996,21.006763699999965,68.93327004774726
105.83276629999996,21.006763699999965,69.05063309677388
105.83306629999994,21.006763699999965,69.37482974800659
105.83336629999994,21.006763699999965,59.65331522097043
105.83366629999992,21.006763699999965,63.52345801044714
105.83396629999991,21.006763699999965,61.257901420866034
105.83426629999992,21.006763699999965,57.28057880091925
105.83456629999992,21.006763699999965,64.22202564807336
105.83486629999992,21.006763699999965,62.48659124772131
105.83516629999993,21.006763699999965,62.64019660497733
105.83546629999992,21.006763699999965,60.04721362314832
105.8357662999999,21.006763699999965,68.39908837688643
105.8360662999999,21.006763699999965,77.74249382755706
105.8363662999999,21.006763699999965,81.19535847070294
105.83666629999988,21.006763699999965,79.39495079916972
105.83696629999989,21.006763699999965,73.24544536344405
105.83726629999988,21.006763699999965,61.08459096568255
105.83756629999988,21.006763699999965,62.04895173772191
105.83786629999987,21.006763699999965,57.76021021130357
105.83816629999988,21.006763699999965,58.37949967063278
105.83846629999988,21.006763699999965,59.44904887779418
105.83876629999986,21.006763699999965,62.09039628297337
105.83906629999986,21.006763699999965,60.50274618505587
105.83936629999984,21.006763699999965,54.53157139895008
105.83966629999983,21.006763699999965,55.89184273509625
105.83996629999984,21.006763699999965,49.62820681823881
105.84026629999984,21.006763699999965,53.44990906453069
105.84056629999984,21.006763699999965,57.9992508963613
105.84086629999985,21.006763699999965,62.840500658663146
105.84116629999984,21.006763699999965,62.947036817034586
105.84146629999982,21.006763699999965,60.035107935443605
105.84176629999982,21.006763699999965,62.91572503891996
105.8420662999998,21.006763699999965,58.54686371658845
105.8423662999998,21.006763699999965,54.2199501389244
105.8426662999998,21.006763699999965,62.27196760033941
105.8429662999998,21.006763699999965,60.57427004282559
105.8432662999998,21.006763699999965,63.34563744789679
105.8435662999998,21.006763699999965,59.97984859847814
105.8438662999998,21.006763699999965,64.70462504791178
105.84416629999978,21.006763699999965,68.06697355152166
105.84446629999978,21.006763699999965,79.40686293391741
105.84476629999978,21.006763699999965,78.03626887587876
105.84506629999976,21.006763699999965,74.28767875414977
105.84536629999975,21.006763699999965,73.35395239020123
105.84566629999976,21.006763699999965,65.69072969783498
105.84596629999976,21.006763699999965,67.52233610222251
105.84626629999975,21.006763699999965,67.01724735231117
105.84656629999976,21.006763699999965,63.6324007399229
105.84686629999976,21.006763699999965,59.61150807703291
105.84716629999974,21.006763699999965,74.15645884499477
105.84746629999974,21.006763699999965,68.37862176319354
105.84776629999972,21.006763699999965,64.66669287308994
105.84806629999972,21.006763699999965,72.04324940191886
105.84836629999973,21.006763699999965,64.14432586334799
105.84866629999972,21.006763699999965,57.588667435570926
105.84896629999972,21.006763699999965,54.716137510598685
105.84926629999973,21.006763699999965,51.218269419992765
105.84956629999972,21.006763699999965,50.717881583466905
105.8498662999997,21.006763699999965,58.087909570857505
105.8501662999997,21.006763699999965,59.236004779701176
105.8504662999997,21.006763699999965,60.25269264047503
105.85076629999968,21.006763699999965,59.87329842348797
105.85106629999969,21.006763699999965,57.22257149244709
105.85136629999968,21.006763699999965,57.22955493504085
105.85166629999968,21.006763699999965,58.373845907775305
105.85196629999967,21.006763699999965,60.827387726282055
105.85226629999968,21.006763699999965,57.26344845757127
105.85256629999968,21.006763699999965,58.95000510049282
105.85286629999966,21.006763699999965,60.21035324125714
105.85316629999966,21.006763699999965,53.01982523189649
105.85346629999964,21.006763699999965,59.29498385197388
105.85376629999963,21.006763699999965,54.50540246250213
105.85406629999964,21.006763699999965,57.81521612111203
105.85436629999964,21.006763699999965,49.61403228785235
105.85466629999964,21.006763699999965,55.13767459487488
105.85496629999965,21.006763699999965,60.39845795923924
105.85526629999964,21.006763699999965,56.850682139330445
105.85556629999962,21.006763699999965,55.04974129482498
105.85586629999962,21.006763699999965,60.765600270482125
105.8561662999996,21.006763699999965,58.59843870122543
105.8564662999996,21.006763699999965,62.45335821652144
105.8567662999996,21.006763699999965,56.525076533430095
105.8570662999996,21.006763699999965,58.208828083462535
105.8573662999996,21.006763699999965,57.936661010194854
105.8576662999996,21.006763699999965,62.70821136491999
105.8291663,21.007063699999964,68.1052962819176
105.8294663,21.007063699999964,70.73735397986601
105.8297663,21.007063699999964,70.82220855118821
105.83006629999998,21.007063699999964,68.92396258317267
105.83036629999998,21.007063699999964,67.27649915703138
105.83066629999998,21.007063699999964,67.51882846006411
105.83096629999996,21.007063699999964,65.33877245012947
105.83126629999995,21.007063699999964,68.23782923709157
105.83156629999996,21.007063699999964,72.08562160763641
105.83186629999996,21.007063699999964,67.50684532287652
105.83216629999995,21.007063699999964,60.496293716043056
105.83246629999996,21.007063699999964,60.3574727220804
105.83276629999996,21.007063699999964,70.3891954160474
105.83306629999994,21.007063699999964,61.835567997815005
105.83336629999994,21.007063699999964,62.136840431496395
105.83366629999992,21.007063699999964,60.34866658263533
105.83396629999991,21.007063699999964,58.628322973684206
105.83426629999992,21.007063699999964,59.598254811883336
105.83456629999992,21.007063699999964,57.18366532493562
105.83486629999992,21.007063699999964,67.37704800233986
105.83516629999993,21.007063699999964,67.06025868165854
105.83546629999992,21.007063699999964,64.36420851569575
105.8357662999999,21.007063699999964,65.7814404414406
105.8360662999999,21.007063699999964,65.04882698068084
105.8363662999999,21.007063699999964,67.49277859136491
105.83666629999988,21.007063699999964,75.30308404314968
105.83696629999989,21.007063699999964,61.70943676922499
105.83726629999988,21.007063699999964,54.837919405575335
105.83756629999988,21.007063699999964,52.462889974823526
105.83786629999987,21.007063699999964,58.45926607278699
105.83816629999988,21.007063699999964,54.51455635176431
105.83846629999988,21.007063699999964,58.54089798074969
105.83876629999986,21.007063699999964,58.36729545788177
105.83906629999986,21.007063699999964,64.5399439519398
105.83936629999984,21.007063699999964,53.36685404537626
105.83966629999983,21.007063699999964,51.170523632656455
105.83996629999984,21.007063699999964,52.70400716318663
105.84026629999984,21.007063699999964,56.94458611729229
105.84056629999984,21.007063699999964,59.782414534325056
105.84086629999985,21.007063699999964,61.817118842554606
105.84116629999984,21.007063699999964,58.83393975776269
105.84146629999982,21.007063699999964,60.386594626360946
105.84176629999982,21.007063699999964,61.00795973317352
105.8420662999998,21.007063699999964,57.454887605756014
105.8423662999998,21.007063699999964,57.56767211894868
105.8426662999998,21.007063699999964,60.59490585395889
105.8429662999998,21.007063699999964,55.43854538189743
105.8432662999998,21.007063699999964,59.987691893059534
105.8435662999998,21.007063699999964,68.6285921030055
105.8438662999998,21.007063699999964,66.81741875389469
105.84416629999978,21.007063699999964,65.89196918062899
105.84446629999978,21.007063699999964,71.33032662183878
105.84476629999978,21.007063699999964,70.60935503502019
105.84506629999976,21.007063699999964,82.56356493607515
105.84536629999975,21.007063699999964,68.90435022776603
105.84566629999976,21.007063699999964,66.20298704057734
105.84596629999976,21.007063699999964,64.9285784752643
105.84626629999975,21.007063699999964,65.61157772130873
105.84656629999976,21.007063699999964,67.08303944892734
105.84686629999976,21.007063699999964,71.0142116257337
105.84716629999974,21.007063699999964,71.2216332229558
105.84746629999974,21.007063699999964,70.02627754587529
105.84776629999972,21.007063699999964,66.29453511457238
105.84806629999972,21.007063699999964,66.99289744612527
105.84836629999973,21.007063699999964,68.84611797339574
105.84866629999972,21.007063699999964,65.86871233558566
105.84896629999972,21.007063699999964,56.14288745618457
105.84926629999973,21.007063699999964,58.86473902583671
105.84956629999972,21.007063699999964,60.29392428727277
105.8498662999997,21.007063699999964,63.20536610398938
105.8501662999997,21.007063699999964,57.32483722037568
105.8504662999997,21.007063699999964,55.76373822070761
105.85076629999968,21.007063699999964,60.189633396595326
105.85106629999969,21.007063699999964,62.94277595282567
105.85136629999968,21.007063699999964,59.29295952555623
105.85166629999968,21.007063699999964,62.08691376801919
105.85196629999967,21.007063699999964,60.06053189482486
105.85226629999968,21.007063699999964,53.473641681334826
105.85256629999968,21.007063699999964,56.550037884034765
105.85286629999966,21.007063699999964,58.954697485159784
105.85316629999966,21.007063699999964,53.860644453254295
105.85346629999964,21.007063699999964,60.51529160920727
105.85376629999963,21.007063699999964,58.96751546066491
105.85406629999964,21.007063699999964,55.07472366675742
105.85436629999964,21.007063699999964,58.12770261589621
105.85466629999964,21.007063699999964,51.33425076663932
105.85496629999965,21.007063699999964,67.02300557370567
105.85526629999964,21.007063699999964,63.76846703320128
105.85556629999962,21.007063699999964,60.9175107681416
105.85586629999962,21.007063699999964,64.2435853182165
105.8561662999996,21.007063699999964,71.01790612443708
105.8564662999996,21.007063699999964,65.51211857344522
105.8567662999996,21.007063699999964,58.36913487013464
105.8570662999996,21.007063699999964,58.46139257539268
105.8573662999996,21.007063699999964,60.58164464989218
105.8576662999996,21.007063699999964,65.24198922187297
105.8291663,21.007363699999964,65.83860222932006
105.8294663,21.007363699999964,69.26668754408492
105.8297663,21.007363699999964,69.04615666602633
105.83006629999998,21.007363699999964,67.17084750267574
105.83036629999998,21.007363699999964,63.23433607566895
105.83066629999998,21.007363699999964,58.36598441950835
105.83096629999996,21.007363699999964,57.81258519875365
105.83126629999995,21.007363699999964,66.5750886203252
105.83156629999996,21.007363699999964,66.04149287981235
105.83186629999996,21.007363699999964,67.73233677864599
105.83216629999995,21.007363699999964,74.796447458994
105.83246629999996,21.007363699999964,72.02154356458551
105.83276629999996,21.007363699999964,73.65421233717673
105.83306629999994,21.007363699999964,72.7356856380716
105.83336629999994,21.007363699999964,69.81071641534334
105.83366629999992,21.007363699999964,68.70775048115324
105.83396629999991,21.007363699999964,64.44643042930034
105.83426629999992,21.007363699999964,66.00976471285858
105.83456629999992,21.007363699999964,60.706889057903766
105.83486629999992,21.007363699999964,74.1734378627338
105.83516629999993,21.007363699999964,64.56906698242068
105.83546629999992,21.007363699999964,59.80167607293576
105.8357662999999,21.007363699999964,65.57742015254193
105.8360662999999,21.007363699999964,58.53422053869342
105.8363662999999,21.007363699999964,61.97139797316001
105.83666629999988,21.007363699999964,64.4173372518558
105.83696629999989,21.007363699999964,58.92504069859288
105.83726629999988,21.007363699999964,51.333394468567235
105.83756629999988,21.007363699999964,51.71006507485791
105.83786629999987,21.007363699999964,54.173905825117146
105.83816629999988,21.007363699999964,50.571543417821786
105.83846629999988,21.007363699999964,54.97690427174077
105.83876629999986,21.007363699999964,52.6032151551631
105.83906629999986,21.007363699999964,53.05815362602269
105.83936629999984,21.007363699999964,56.89491367231717
105.83966629999983,21.007363699999964,53.28067308741001
105.83996629999984,21.007363699999964,58.3876896498858
105.84026629999984,21.007363699999964,56.23827162047061
105.84056629999984,21.007363699999964,58.21587523401658
105.84086629999985,21.007363699999964,58.41617098610571
105.84116629999984,21.007363699999964,60.616841160735746
105.84146629999982,21.007363699999964,58.889989510013606
105.84176629999982,21.007363699999964,56.62550157673655
105.8420662999998,21.007363699999964,55.6797262625112
105.8423662999998,21.007363699999964,56.19572925278814
105.8426662999998,21.007363699999964,55.09389040260622
105.8429662999998,21.007363699999964,56.96327286377952
105.8432662999998,21.007363699999964,56.15878357217676
105.8435662999998,21.007363699999964,59.81483031044036
105.8438662999998,21.007363699999964,69.68571627872734
105.84416629999978,21.007363699999964,60.34037344908266
105.84446629999978,21.007363699999964,66.82894306991426
105.84476629999978,21.007363699999964,67.15274490506155
105.84506629999976,21.007363699999964,80.0290158860396
105.84536629999975,21.007363699999964,67.78172926691951
105.84566629999976,21.007363699999964,64.90039849263945
105.84596629999976,21.007363699999964,57.37218728310677
105.84626629999975,21.007363699999964,56.49432776511573
105.84656629999976,21.007363699999964,61.078039158647655
105.84686629999976,21.007363699999964,60.76894353175824
105.84716629999974,21.007363699999964,70.65423289863972
105.84746629999974,21.007363699999964,69.54492015145935
105.84776629999972,21.007363699999964,65.07071158623201
105.84806629999972,21.007363699999964,72.60779518720673
105.84836629999973,21.007363699999964,75.04542471190473
105.84866629999972,21.007363699999964,72.4944738934401
105.84896629999972,21.007363699999964,72.39248388076378
105.84926629999973,21.007363699999964,73.30046766559326
105.84956629999972,21.007363699999964,80.9269165653995
105.8498662999997,21.007363699999964,66.98442766628636
105.8501662999997,21.007363699999964,66.88566030515184
105.8504662999997,21.007363699999964,64.83895719811845
105.85076629999968,21.007363699999964,66.49495776901591
105.85106629999969,21.007363699999964,63.57642076003317
105.85136629999968,21.007363699999964,63.299034032883256
105.85166629999968,21.007363699999964,58.98642810760437
105.85196629999967,21.007363699999964,60.450836637366606
105.85226629999968,21.007363699999964,65.2609449324033
105.85256629999968,21.007363699999964,62.38720399595529
105.85286629999966,21.007363699999964,58.19254579056333
105.85316629999966,21.007363699999964,59.124752074678455
105.85346629999964,21.007363699999964,57.06164147953085
105.85376629999963,21.007363699999964,59.789028545917645
105.85406629999964,21.007363699999964,56.036934034798506
105.85436629999964,21.007363699999964,55.11817463425885
105.85466629999964,21.007363699999964,55.446826758956874
105.85496629999965,21.007363699999964,58.15228176155604
105.85526629999964,21.007363699999964,64.00525839524603
105.85556629999962,21.007363699999964,63.324520031371605
105.85586629999962,21.007363699999964,67.50936903221437
105.8561662999996,21.007363699999964,64.67749396274183
105.8564662999996,21.007363699999964,59.79919659327777
105.8567662999996,21.007363699999964,55.66346343019744
105.8570662999996,21.007363699999964,55.79258394807333
105.8573662999996,21.007363699999964,60.01876033762319
105.8576662999996,21.007363699999964,59.59350608126371
105.8291663,21.007663699999963,67.74851418880466
105.8294663,21.007663699999963,64.57583622126326
105.8297663,21.007663699999963,64.6653124742114
105.83006629999998,21.007663699999963,63.84594124376102
105.83036629999998,21.007663699999963,64.94267612201399
105.83066629999998,21.007663699999963,66.69691645537293
105.83096629999996,21.007663699999963,65.89848132988634
105.83126629999995,21.007663699999963,71.12353464982519
105.83156629999996,21.007663699999963,57.84925619276042
105.83186629999996,21.007663699999963,75.9403541962178
105.83216629999995,21.007663699999963,72.32411936654341
105.83246629999996,21.007663699999963,71.360031097556
105.83276629999996,21.007663699999963,72.47006206692183
105.83306629999994,21.007663699999963,77.352532233224
105.83336629999994,21.007663699999963,69.78691179726123
105.83366629999992,21.007663699999963,72.89013951013033
105.83396629999991,21.007663699999963,68.3396071594994
105.83426629999992,21.007663699999963,64.23431235954632
105.83456629999992,21.007663699999963,61.29614806517749
105.83486629999992,21.007663699999963,62.17161235247194
105.83516629999993,21.007663699999963,68.61984927126234
105.83546629999992,21.007663699999963,66.66821105752258
105.8357662999999,21.007663699999963,63.56946055522198
105.8360662999999,21.007663699999963,59.11830894109188
105.8363662999999,21.007663699999963,69.49792946683378
105.83666629999988,21.007663699999963,62.76192887552429
105.83696629999989,21.007663699999963,55.432367472853585
105.83726629999988,21.007663699999963,51.62782310854959
105.83756629999988,21.007663699999963,55.390237952745366
105.83786629999987,21.007663699999963,61.46205013757219
105.83816629999988,21.007663699999963,57.725660171746426
105.83846629999988,21.007663699999963,56.33592632932256
105.83876629999986,21.007663699999963,55.17577464070765
105.83906629999986,21.007663699999963,56.212445060147274
105.83936629999984,21.007663699999963,53.888998181711514
105.83966629999983,21.007663699999963,62.13794828054452
105.83996629999984,21.007663699999963,57.19463907870913
105.84026629999984,21.007663699999963,58.93674846606406
105.84056629999984,21.007663699999963,57.57548136388144
105.84086629999985,21.007663699999963,54.31132633973883
105.84116629999984,21.007663699999963,54.108560226300725
105.84146629999982,21.007663699999963,56.22275095655978
105.84176629999982,21.007663699999963,58.28356797168239
105.8420662999998,21.007663699999963,59.01823240498358
105.8423662999998,21.007663699999963,57.15418352173505
105.8426662999998,21.007663699999963,57.137724273081574
105.8429662999998,21.007663699999963,55.56634719332773
105.8432662999998,21.007663699999963,58.37170717097828
105.8435662999998,21.007663699999963,55.45346687263819
105.8438662999998,21.007663699999963,61.524883399677506
105.84416629999978,21.007663699999963,62.54316688959578
105.84446629999978,21.007663699999963,64.63276392730553
105.84476629999978,21.007663699999963,64.75828262389861
105.84506629999976,21.007663699999963,74.45049580607501
105.84536629999975,21.007663699999963,74.63140693839601
105.84566629999976,21.007663699999963,75.5577806221981
105.84596629999976,21.007663699999963,69.88705226284137
105.84626629999975,21.007663699999963,65.01480264162147
105.84656629999976,21.007663699999963,66.0423348268244
105.84686629999976,21.007663699999963,66.13962570048874
105.84716629999974,21.007663699999963,67.02155028173534
105.84746629999974,21.007663699999963,64.82811329959988
105.84776629999972,21.007663699999963,63.11548418845408
105.84806629999972,21.007663699999963,63.12004351427481
105.84836629999973,21.007663699999963,74.47119889327968
105.84866629999972,21.007663699999963,79.3895546141811
105.84896629999972,21.007663699999963,69.99810943903226
105.84926629999973,21.007663699999963,69.98795320284259
105.84956629999972,21.007663699999963,75.5619467498913
105.8498662999997,21.007663699999963,81.5407261314717
105.8501662999997,21.007663699999963,76.26418731589018
105.8504662999997,21.007663699999963,77.74683559087386
105.85076629999968,21.007663699999963,67.58124388207024
105.85106629999969,21.007663699999963,72.31213655536774
105.85136629999968,21.007663699999963,72.87058299688702
105.85166629999968,21.007663699999963,74.79962988483439
105.85196629999967,21.007663699999963,77.91949552348811
105.85226629999968,21.007663699999963,78.63471629744012
105.85256629999968,21.007663699999963,74.26086551218383
105.85286629999966,21.007663699999963,72.6742488744464
105.85316629999966,21.007663699999963,74.21645559921105
105.85346629999964,21.007663699999963,68.94258986323942
105.85376629999963,21.007663699999963,68.26172903532863
105.85406629999964,21.007663699999963,64.99439656296578
105.85436629999964,21.007663699999963,64.37151672542232
105.85466629999964,21.007663699999963,58.86833908376352
105.85496629999965,21.007663699999963,66.74985444064063
105.85526629999964,21.007663699999963,61.525679540214085
105.85556629999962,21.007663699999963,66.41927268452513
105.85586629999962,21.007663699999963,67.09063876684871
105.8561662999996,21.007663699999963,74.59894902300091
105.8564662999996,21.007663699999963,73.61087699793235
105.8567662999996,21.007663699999963,73.1511015947947
105.8570662999996,21.007663699999963,67.92296053671943
105.8573662999996,21.007663699999963,67.74044026437333
105.8576662999996,21.007663699999963,73.69211546140811
105.8291663,21.00796369999996,69.79441934828516
105.8294663,21.00796369999996,66.99541098020043
105.8297663,21.00796369999996,64.14626544103939
105.83006629999998,21.00796369999996,65.37529394612628
105.83036629999998,21.00796369999996,67.5056399269454
105.83066629999998,21.00796369999996,70.47963161743974
105.83096629999996,21.00796369999996,70.47085730252118
105.83126629999995,21.00796369999996,77.16160558416857
105.83156629999996,21.00796369999996,70.39154741571106
105.83186629999996,21.00796369999996,71.35413566581299
105.83216629999995,21.00796369999996,71.530924053742
105.83246629999996,21.00796369999996,72.62356549984034
105.83276629999996,21.00796369999996,70.1011358254978
105.83306629999994,21.00796369999996,74.23418014797183
105.83336629999994,21.00796369999996,72.68434479737364
105.83366629999992,21.00796369999996,73.52317356890934
105.83396629999991,21.00796369999996,74.86943351320855
105.83426629999992,21.00796369999996,74.63992468209396
105.83456629999992,21.00796369999996,69.82651501468764
105.83486629999992,21.00796369999996,66.38293029154626
105.83516629999993,21.00796369999996,68.10743091205657
105.83546629999992,21.00796369999996,66.43552197280783
105.8357662999999,21.00796369999996,62.117007354542096
105.8360662999999,21.00796369999996,79.29287221473687
105.8363662999999,21.00796369999996,67.73189395639348
105.83666629999988,21.00796369999996,62.502035545839306
105.83696629999989,21.00796369999996,57.16101237743885
105.83726629999988,21.00796369999996,60.61101701407962
105.83756629999988,21.00796369999996,61.7047467703981
105.83786629999987,21.00796369999996,62.81716489543791
105.83816629999988,21.00796369999996,57.704434455611334
105.83846629999988,21.00796369999996,55.53719865564612
105.83876629999986,21.00796369999996,54.20836249078103
105.83906629999986,21.00796369999996,51.80870541205616
105.83936629999984,21.00796369999996,53.809408644702074
105.83966629999983,21.00796369999996,59.05605247263114
105.83996629999984,21.00796369999996,58.232861295647766
105.84026629999984,21.00796369999996,55.41619051540036
105.84056629999984,21.00796369999996,55.30584926372545
105.84086629999985,21.00796369999996,55.10222734982739
105.84116629999984,21.00796369999996,57.90164620458634
105.84146629999982,21.00796369999996,55.09324955381534
105.84176629999982,21.00796369999996,56.37873789406065
105.8420662999998,21.00796369999996,56.18229339608817
105.8423662999998,21.00796369999996,56.82276887620752
105.8426662999998,21.00796369999996,55.51957136147587
105.8429662999998,21.00796369999996,58.03909365663543
105.8432662999998,21.00796369999996,60.797392006631384
105.8435662999998,21.00796369999996,58.12402563301376
105.8438662999998,21.00796369999996,60.2967181944735
105.84416629999978,21.00796369999996,62.51270726367045
105.84446629999978,21.00796369999996,63.46864526367986
105.84476629999978,21.00796369999996,66.04249585360859
105.84506629999976,21.00796369999996,70.63378390295246
105.84536629999975,21.00796369999996,71.37701500037369
105.84566629999976,21.00796369999996,70.32218476253679
105.84596629999976,21.00796369999996,72.55886109056692
105.84626629999975,21.00796369999996,59.059857212726854
105.84656629999976,21.00796369999996,60.673529420597674
105.84686629999976,21.00796369999996,66.87685827686921
105.84716629999974,21.00796369999996,66.02896524737801
105.84746629999974,21.00796369999996,66.88888361957167
105.84776629999972,21.00796369999996,68.88171186645296
105.84806629999972,21.00796369999996,66.6686346816446
105.84836629999973,21.00796369999996,71.3745267067561
105.84866629999972,21.00796369999996,69.69322559408467
105.84896629999972,21.00796369999996,66.15167306400902
105.84926629999973,21.00796369999996,70.573850397408
105.84956629999972,21.00796369999996,74.29649288242011
105.8498662999997,21.00796369999996,67.45111665999117
105.8501662999997,21.00796369999996,70.87410264141357
105.8504662999997,21.00796369999996,71.43815719471156
105.85076629999968,21.00796369999996,76.53196700814384
105.85106629999969,21.00796369999996,74.59693131023931
105.85136629999968,21.00796369999996,66.90603817744766
105.85166629999968,21.00796369999996,68.88852596560132
105.85196629999967,21.00796369999996,72.97072438359173
105.85226629999968,21.00796369999996,76.7024783807212
105.85256629999968,21.00796369999996,70.88622734210271
105.85286629999966,21.00796369999996,64.36516028467567
105.85316629999966,21.00796369999996,65.80920329217875
105.85346629999964,21.00796369999996,66.54619124127805
105.85376629999963,21.00796369999996,63.702793626538394
105.85406629999964,21.00796369999996,64.32793062947185
105.85436629999964,21.00796369999996,71.62290708383061
105.85466629999964,21.00796369999996,66.82429147673274
105.85496629999965,21.00796369999996,63.61781280369384
105.85526629999964,21.00796369999996,67.62709725054926
105.85556629999962,21.00796369999996,70.60215597677038
105.85586629999962,21.00796369999996,70.73365813503811
105.8561662999996,21.00796369999996,61.573100816665104
105.8564662999996,21.00796369999996,62.931035765674366
105.8567662999996,21.00796369999996,63.132668334710985
105.8570662999996,21.00796369999996,66.77625100636331
105.8573662999996,21.00796369999996,68.69007186597675
105.8576662999996,21.00796369999996,72.73429916168396
105.8291663,21.00826369999996,68.05090330973673
105.8294663,21.00826369999996,68.14556050644627
105.8297663,21.00826369999996,68.99602612427563
105.83006629999998,21.00826369999996,68.43433953003537
105.83036629999998,21.00826369999996,66.18304829173411
105.83066629999998,21.00826369999996,66.74649351798188
105.83096629999996,21.00826369999996,72.51038782741902
105.83126629999995,21.00826369999996,75.07232261145069
105.83156629999996,21.00826369999996,70.65851495860069
105.83186629999996,21.00826369999996,74.38789326825611
105.83216629999995,21.00826369999996,71.64704271197678
105.83246629999996,21.00826369999996,69.45800043447704
105.83276629999996,21.00826369999996,66.33500959479451
105.83306629999994,21.00826369999996,71.54705296611252
105.83336629999994,21.00826369999996,63.07100764180181
105.83366629999992,21.00826369999996,74.72556892446016
105.83396629999991,21.00826369999996,74.62634071163433
105.83426629999992,21.00826369999996,69.51411731869757
105.83456629999992,21.00826369999996,66.57914184898432
105.83486629999992,21.00826369999996,69.56062192989516
105.83516629999993,21.00826369999996,61.00423962057427
105.83546629999992,21.00826369999996,68.63906842757669
105.8357662999999,21.00826369999996,65.2539208276354
105.8360662999999,21.00826369999996,57.811740591503394
105.8363662999999,21.00826369999996,65.89209597211193
105.83666629999988,21.00826369999996,62.37113291613254
105.83696629999989,21.00826369999996,63.96427444254415
105.83726629999988,21.00826369999996,70.24164784387732
105.83756629999988,21.00826369999996,69.51447221904873
105.83786629999987,21.00826369999996,63.07058960655425
105.83816629999988,21.00826369999996,59.75121285653968
105.83846629999988,21.00826369999996,57.92514095680613
105.83876629999986,21.00826369999996,52.28957701534934
105.83906629999986,21.00826369999996,55.98541333034957
105.83936629999984,21.00826369999996,58.949968293069816
105.83966629999983,21.00826369999996,54.988754798935915
105.83996629999984,21.00826369999996,54.91728502291568
105.84026629999984,21.00826369999996,58.09715671132603
105.84056629999984,21.00826369999996,54.76850595893512
105.84086629999985,21.00826369999996,58.81276782410204
105.84116629999984,21.00826369999996,55.58462619380239
105.84146629999982,21.00826369999996,54.27472261078269
105.84176629999982,21.00826369999996,55.2669740272422
105.8420662999998,21.00826369999996,55.23944747584075
105.8423662999998,21.00826369999996,53.54536227376161
105.8426662999998,21.00826369999996,51.18364193089144
105.8429662999998,21.00826369999996,51.953758113914745
105.8432662999998,21.00826369999996,52.7074246182744
105.8435662999998,21.00826369999996,57.60241040020665
105.8438662999998,21.00826369999996,57.563661286365104
105.84416629999978,21.00826369999996,61.24449330886155
105.84446629999978,21.00826369999996,62.29744154452746
105.84476629999978,21.00826369999996,67.9087009191498
105.84506629999976,21.00826369999996,68.01041033975501
105.84536629999975,21.00826369999996,74.05865691999419
105.84566629999976,21.00826369999996,71.26636501098874
105.84596629999976,21.00826369999996,67.77501689861056
105.84626629999975,21.00826369999996,62.41263085923585
105.84656629999976,21.00826369999996,64.55637347327533
105.84686629999976,21.00826369999996,65.2560644781807
105.84716629999974,21.00826369999996,60.29462460686774
105.84746629999974,21.00826369999996,67.10804412108352
105.84776629999972,21.00826369999996,66.01891701592353
105.84806629999972,21.00826369999996,69.36755644214266
105.84836629999973,21.00826369999996,72.28241034085416
105.84866629999972,21.00826369999996,70.56544462169316
105.84896629999972,21.00826369999996,66.89323866815609
105.84926629999973,21.00826369999996,64.58694984264697
105.84956629999972,21.00826369999996,71.06634814220673
105.8498662999997,21.00826369999996,72.23771408282406
105.8501662999997,21.00826369999996,67.7076419838647
105.8504662999997,21.00826369999996,74.32844721669947
105.85076629999968,21.00826369999996,73.04366824879872
105.85106629999969,21.00826369999996,67.84231098352292
105.85136629999968,21.00826369999996,67.12863010893606
105.85166629999968,21.00826369999996,66.3132952489782
105.85196629999967,21.00826369999996,69.84285064289608
105.85226629999968,21.00826369999996,67.08801153577943
105.85256629999968,21.00826369999996,66.24080651461094
105.85286629999966,21.00826369999996,59.77334433971758
105.85316629999966,21.00826369999996,65.71612351474205
105.85346629999964,21.00826369999996,64.71666321877782
105.85376629999963,21.00826369999996,65.41486803973903
105.85406629999964,21.00826369999996,67.33419843840782
105.85436629999964,21.00826369999996,71.7625458826724
105.85466629999964,21.00826369999996,65.34708675710507
105.85496629999965,21.00826369999996,68.26710062961955
105.85526629999964,21.00826369999996,66.46138142703988
105.85556629999962,21.00826369999996,65.70593296094688
105.85586629999962,21.00826369999996,62.87213770337544
105.8561662999996,21.00826369999996,64.06972663045
105.8564662999996,21.00826369999996,66.5587304414542
105.8567662999996,21.00826369999996,63.60476401806605
105.8570662999996,21.00826369999996,64.7091957265205
105.8573662999996,21.00826369999996,67.25907824456763
105.8576662999996,21.00826369999996,68.82271536406485
105.8291663,21.00856369999996,69.21687425856793
105.8294663,21.00856369999996,68.20583555999033
105.8297663,21.00856369999996,71.36955431423651
105.83006629999998,21.00856369999996,65.36193673860188
105.83036629999998,21.00856369999996,64.74795919171163
105.83066629999998,21.00856369999996,68.42039514634611
105.83096629999996,21.00856369999996,68.38471127668848
105.83126629999995,21.00856369999996,66.49550278233419
105.83156629999996,21.00856369999996,65.05050455622067
105.83186629999996,21.00856369999996,72.05482345265817
105.83216629999995,21.00856369999996,68.47293509333193
105.83246629999996,21.00856369999996,73.30404360838381
105.83276629999996,21.00856369999996,69.80264197283158
105.83306629999994,21.00856369999996,65.34030061255639
105.83336629999994,21.00856369999996,68.38046016178932
105.83366629999992,21.00856369999996,67.95286041690359
105.83396629999991,21.00856369999996,70.53955404299111
105.83426629999992,21.00856369999996,73.83240285035347
105.83456629999992,21.00856369999996,67.21114568577232
105.83486629999992,21.00856369999996,66.81475760038941
105.83516629999993,21.00856369999996,65.03376455766227
105.83546629999992,21.00856369999996,69.8541361200523
105.8357662999999,21.00856369999996,74.66392761466763
105.8360662999999,21.00856369999996,73.26578591841924
105.8363662999999,21.00856369999996,64.02967131528922
105.83666629999988,21.00856369999996,68.96545090910536
105.83696629999989,21.00856369999996,71.15838331888972
105.83726629999988,21.00856369999996,63.252943797884285
105.83756629999988,21.00856369999996,63.40236397283546
105.83786629999987,21.00856369999996,64.57073670744735
105.83816629999988,21.00856369999996,55.03468549597298
105.83846629999988,21.00856369999996,59.75304937347403
105.83876629999986,21.00856369999996,52.930821912969904
105.83906629999986,21.00856369999996,55.78798341662039
105.83936629999984,21.00856369999996,55.99813311798851
105.83966629999983,21.00856369999996,57.71335588366992
105.83996629999984,21.00856369999996,59.22615037464347
105.84026629999984,21.00856369999996,55.77020286733067
105.84056629999984,21.00856369999996,55.85261303827278
105.84086629999985,21.00856369999996,58.49440368360628
105.84116629999984,21.00856369999996,59.159042340306826
105.84146629999982,21.00856369999996,58.353878029824415
105.84176629999982,21.00856369999996,53.697580844880235
105.8420662999998,21.00856369999996,53.368866103882056
105.8423662999998,21.00856369999996,49.26866828857178
105.8426662999998,21.00856369999996,49.26866828857178
105.8429662999998,21.00856369999996,49.353084670866664
105.8432662999998,21.00856369999996,55.27348975903058
105.8435662999998,21.00856369999996,54.22641790258712
105.8438662999998,21.00856369999996,63.41090693779172
105.84416629999978,21.00856369999996,53.659085648632114
105.84446629999978,21.00856369999996,63.914475920742206
105.84476629999978,21.00856369999996,69.98236899147385
105.84506629999976,21.00856369999996,67.26119629918996
105.84536629999975,21.00856369999996,65.81962273278424
105.84566629999976,21.00856369999996,69.63336023589012
105.84596629999976,21.00856369999996,59.58213052105805
105.84626629999975,21.00856369999996,62.8157494852702
105.84656629999976,21.00856369999996,59.68132809970496
105.84686629999976,21.00856369999996,67.33291700216596
105.84716629999974,21.00856369999996,64.57215299424705
105.84746629999974,21.00856369999996,71.93408828179578
105.84776629999972,21.00856369999996,59.40340971076997
105.84806629999972,21.00856369999996,70.09928767403457
105.84836629999973,21.00856369999996,70.43010888119085
105.84866629999972,21.00856369999996,67.38782856678218
105.84896629999972,21.00856369999996,66.04266133354086
105.84926629999973,21.00856369999996,72.5831090437555
105.84956629999972,21.00856369999996,68.13798069448269
105.8498662999997,21.00856369999996,67.74078684589772
105.8501662999997,21.00856369999996,71.19315310231995
105.8504662999997,21.00856369999996,63.19747658942613
105.85076629999968,21.00856369999996,68.0494280008297
105.85106629999969,21.00856369999996,74.75781557309278
105.85136629999968,21.00856369999996,70.63345188168587
105.85166629999968,21.00856369999996,71.9787967355076
105.85196629999967,21.00856369999996,74.52598939733122
105.85226629999968,21.00856369999996,67.83951736213515
105.85256629999968,21.00856369999996,69.5510560902325
105.85286629999966,21.00856369999996,79.43318992761863
105.85316629999966,21.00856369999996,73.03633812732285
105.85346629999964,21.00856369999996,67.18585588005746
105.85376629999963,21.00856369999996,63.744327927719425
105.85406629999964,21.00856369999996,65.77961282722977
105.85436629999964,21.00856369999996,62.28151985238598
105.85466629999964,21.00856369999996,64.50475246557012
105.85496629999965,21.00856369999996,71.7668256043563
105.85526629999964,21.00856369999996,62.53479349361298
105.85556629999962,21.00856369999996,62.63713207779362
105.85586629999962,21.00856369999996,67.63480637028549
105.8561662999996,21.00856369999996,64.37698514978852
105.8564662999996,21.00856369999996,64.07790735007124
105.8567662999996,21.00856369999996,67.90712925230153
105.8570662999996,21.00856369999996,70.3388286407803
105.8573662999996,21.00856369999996,65.43835039233612
105.8576662999996,21.00856369999996,68.3784787168467
105.8291663,21.00886369999996,64.26835799136683
105.8294663,21.00886369999996,69.43133632287088
105.8297663,21.00886369999996,67.67599951434586
105.83006629999998,21.00886369999996,67.97913667767365
105.83036629999998,21.00886369999996,66.44940663544581
105.83066629999998,21.00886369999996,65.5514043617576
105.83096629999996,21.00886369999996,61.263314998378135
105.83126629999995,21.00886369999996,67.08423619228348
105.83156629999996,21.00886369999996,68.97901172792005
105.83186629999996,21.00886369999996,68.9298342068802
105.83216629999995,21.00886369999996,64.3805662379821
105.83246629999996,21.00886369999996,64.53782444779574
105.83276629999996,21.00886369999996,69.55453259047485
105.83306629999994,21.00886369999996,67.00354479566147
105.83336629999994,21.00886369999996,73.3535958401854
105.83366629999992,21.00886369999996,67.43175374052191
105.83396629999991,21.00886369999996,72.43921406051005
105.83426629999992,21.00886369999996,65.43454798105185
105.83456629999992,21.00886369999996,65.45964840405775
105.83486629999992,21.00886369999996,67.6362306178649
105.83516629999993,21.00886369999996,66.01498586121086
105.83546629999992,21.00886369999996,68.08233222373589
105.8357662999999,21.00886369999996,83.38520662045364
105.8360662999999,21.00886369999996,73.87627162907002
105.8363662999999,21.00886369999996,70.16181781967157
105.83666629999988,21.00886369999996,73.22326459968643
105.83696629999989,21.00886369999996,72.85412168113051
105.83726629999988,21.00886369999996,68.63513293850143
105.83756629999988,21.00886369999996,62.35641247343639
105.83786629999987,21.00886369999996,58.71626599914909
105.83816629999988,21.00886369999996,61.63652841390709
105.83846629999988,21.00886369999996,55.477732480830795
105.83876629999986,21.00886369999996,52.3622216325079
105.83906629999986,21.00886369999996,57.89006258803197
105.83936629999984,21.00886369999996,57.2383908844469
105.83966629999983,21.00886369999996,58.49642871800708
105.83996629999984,21.00886369999996,54.84997512025005
105.84026629999984,21.00886369999996,59.97015726473542
105.84056629999984,21.00886369999996,54.54672611893747
105.84086629999985,21.00886369999996,54.210419877356
105.84116629999984,21.00886369999996,59.00396711972468
105.84146629999982,21.00886369999996,60.48518241265113
105.84176629999982,21.00886369999996,54.93563700814215
105.8420662999998,21.00886369999996,58.12462910167396
105.8423662999998,21.00886369999996,58.99623054782519
105.8426662999998,21.00886369999996,58.72351382189633
105.8429662999998,21.00886369999996,51.07244766125216
105.8432662999998,21.00886369999996,51.683164632768566
105.8435662999998,21.00886369999996,50.77917232735477
105.8438662999998,21.00886369999996,54.59791233067598
105.84416629999978,21.00886369999996,54.56174124240246
105.84446629999978,21.00886369999996,52.96717939744866
105.84476629999978,21.00886369999996,64.38986037024206
105.84506629999976,21.00886369999996,66.8642206138357
105.84536629999975,21.00886369999996,69.38398033303703
105.84566629999976,21.00886369999996,66.92749252325447
105.84596629999976,21.00886369999996,63.966261977005544
105.84626629999975,21.00886369999996,70.86417400950603
105.84656629999976,21.00886369999996,64.84023168006773
105.84686629999976,21.00886369999996,61.49359076580997
105.84716629999974,21.00886369999996,55.84398005473682
105.84746629999974,21.00886369999996,63.27436026882097
105.84776629999972,21.00886369999996,63.3714526662819
105.84806629999972,21.00886369999996,67.19865903796384
105.84836629999973,21.00886369999996,68.1265229778583
105.84866629999972,21.00886369999996,71.23371281043329
105.84896629999972,21.00886369999996,73.04865264627458
105.84926629999973,21.00886369999996,71.27832255619613
105.84956629999972,21.00886369999996,77.4060706338226
105.8498662999997,21.00886369999996,76.39087277551442
105.8501662999997,21.00886369999996,71.08997855925726
105.8504662999997,21.00886369999996,71.70718306826045
105.85076629999968,21.00886369999996,73.86682272047005
105.85106629999969,21.00886369999996,71.5530402537971
105.85136629999968,21.00886369999996,72.78057426455396
105.85166629999968,21.00886369999996,73.4453554977599
105.85196629999967,21.00886369999996,70.65809955315827
105.85226629999968,21.00886369999996,69.70079393309688
105.85256629999968,21.00886369999996,69.7710646726063
105.85286629999966,21.00886369999996,74.1489538594754
105.85316629999966,21.00886369999996,72.8742664544961
105.85346629999964,21.00886369999996,72.33844797672711
105.85376629999963,21.00886369999996,72.3083526486124
105.85406629999964,21.00886369999996,69.44453951873116
105.85436629999964,21.00886369999996,68.16906232850597
105.85466629999964,21.00886369999996,66.6034027994857
105.85496629999965,21.00886369999996,69.45580190964213
105.85526629999964,21.00886369999996,65.90033540302841
105.85556629999962,21.00886369999996,67.07352706211968
105.85586629999962,21.00886369999996,65.42383847034837
105.8561662999996,21.00886369999996,64.53376258714324
105.8564662999996,21.00886369999996,66.89131948324093
105.8567662999996,21.00886369999996,63.5893370865641
105.8570662999996,21.00886369999996,67.11158160718686
105.8573662999996,21.00886369999996,67.7402836798419
105.8576662999996,21.00886369999996,69.32741366725693
105.8291663,21.00916369999996,59.94271854578848
105.8294663,21.00916369999996,65.09891419368743
105.8297663,21.00916369999996,70.19659451595058
105.83006629999998,21.00916369999996,69.36749260667261
105.83036629999998,21.00916369999996,66.45068195267719
105.83066629999998,21.00916369999996,61.96421053004721
105.83096629999996,21.00916369999996,70.45146450461873
105.83126629999995,21.00916369999996,70.25092572292537
105.83156629999996,21.00916369999996,69.50383363798713
105.83186629999996,21.00916369999996,69.1630186130474
105.83216629999995,21.00916369999996,63.47571833792158
105.83246629999996,21.00916369999996,69.12656203838661
105.83276629999996,21.00916369999996,74.29728408797901
105.83306629999994,21.00916369999996,60.938842854676466
105.83336629999994,21.00916369999996,66.09857959166635
105.83366629999992,21.00916369999996,62.67208793067083
105.83396629999991,21.00916369999996,70.10546393235789
105.83426629999992,21.00916369999996,66.31116703011581
105.83456629999992,21.00916369999996,64.66281453029823
105.83486629999992,21.00916369999996,63.35577791484785
105.83516629999993,21.00916369999996,64.03159305608415
105.83546629999992,21.00916369999996,80.77154220668017
105.8357662999999,21.00916369999996,69.71681098408581
105.8360662999999,21.00916369999996,67.71661993924342
105.8363662999999,21.00916369999996,71.30991213748676
105.83666629999988,21.00916369999996,71.6956198147017
105.83696629999989,21.00916369999996,69.2765828720828
105.83726629999988,21.00916369999996,62.03994226539422
105.83756629999988,21.00916369999996,53.94055877147889
105.83786629999987,21.00916369999996,62.7446643809112
105.83816629999988,21.00916369999996,58.925259745180185
105.83846629999988,21.00916369999996,54.88415047409116
105.83876629999986,21.00916369999996,57.45960481249723
105.83906629999986,21.00916369999996,60.59443930801834
105.83936629999984,21.00916369999996,56.67951322981371
105.83966629999983,21.00916369999996,53.75775039727847
105.83996629999984,21.00916369999996,57.35144235744407
105.84026629999984,21.00916369999996,54.0658077404578
105.84056629999984,21.00916369999996,53.339950813834136
105.84086629999985,21.00916369999996,59.57349277680352
105.84116629999984,21.00916369999996,65.45695219055484
105.84146629999982,21.00916369999996,68.47181993252605
105.84176629999982,21.00916369999996,62.49397248176551
105.8420662999998,21.00916369999996,59.483979704925545
105.8423662999998,21.00916369999996,57.3836428736323
105.8426662999998,21.00916369999996,57.6904850050292
105.8429662999998,21.00916369999996,56.32274043415968
105.8432662999998,21.00916369999996,53.059391571788225
105.8435662999998,21.00916369999996,48.48084573271127
105.8438662999998,21.00916369999996,55.77231603632953
105.84416629999978,21.00916369999996,52.05774988893276
105.84446629999978,21.00916369999996,53.46899468201991
105.84476629999978,21.00916369999996,55.12918944764752
105.84506629999976,21.00916369999996,58.9535289362303
105.84536629999975,21.00916369999996,63.8402279805247
105.84566629999976,21.00916369999996,62.73269675487472
105.84596629999976,21.00916369999996,66.87994324085382
105.84626629999975,21.00916369999996,66.64070014184503
105.84656629999976,21.00916369999996,65.74136929688571
105.84686629999976,21.00916369999996,58.55479007737918
105.84716629999974,21.00916369999996,60.44984264640301
105.84746629999974,21.00916369999996,66.8973253490017
105.84776629999972,21.00916369999996,58.37070364717893
105.84806629999972,21.00916369999996,69.99850845652027
105.84836629999973,21.00916369999996,70.1077089153429
105.84866629999972,21.00916369999996,77.43437265035429
105.84896629999972,21.00916369999996,71.08057382369762
105.84926629999973,21.00916369999996,71.01752521915425
105.84956629999972,21.00916369999996,69.77897368378231
105.8498662999997,21.00916369999996,78.31920493537336
105.8501662999997,21.00916369999996,70.3790617404143
105.8504662999997,21.00916369999996,70.51987338850954
105.85076629999968,21.00916369999996,72.71080245874289
105.85106629999969,21.00916369999996,68.11958624357865
105.85136629999968,21.00916369999996,72.91930791475338
105.85166629999968,21.00916369999996,73.49128351962119
105.85196629999967,21.00916369999996,69.99412993620308
105.85226629999968,21.00916369999996,73.8297723020791
105.85256629999968,21.00916369999996,70.73788115075645
105.85286629999966,21.00916369999996,71.41757732411597
105.85316629999966,21.00916369999996,74.83994841693713
105.85346629999964,21.00916369999996,76.38591939643302
105.85376629999963,21.00916369999996,76.62483274886179
105.85406629999964,21.00916369999996,73.09186759039153
105.85436629999964,21.00916369999996,72.27466788461187
105.85466629999964,21.00916369999996,76.73955504157358
105.85496629999965,21.00916369999996,72.48861040106173
105.85526629999964,21.00916369999996,64.79851848434927
105.85556629999962,21.00916369999996,66.59733437968494
105.85586629999962,21.00916369999996,66.885075401464
105.8561662999996,21.00916369999996,66.89549529905881
105.8564662999996,21.00916369999996,63.454450280334285
105.8567662999996,21.00916369999996,66.48086958531695
105.8570662999996,21.00916369999996,65.62640598734954
105.8573662999996,21.00916369999996,71.00892232793574
105.8576662999996,21.00916369999996,73.05855508659539
105.8291663,21.00946369999996,67.87794860953
105.8294663,21.00946369999996,65.99835707416166
105.8297663,21.00946369999996,71.81857980466805
105.83006629999998,21.00946369999996,71.85752845595422
105.83036629999998,21.00946369999996,68.4480730697016
105.83066629999998,21.00946369999996,68.63772549608227
105.83096629999996,21.00946369999996,63.75776377509965
105.83126629999995,21.00946369999996,65.10437756716891
105.83156629999996,21.00946369999996,69.391594721902
105.83186629999996,21.00946369999996,72.15518603313133
105.83216629999995,21.00946369999996,66.5551461861036
105.83246629999996,21.00946369999996,67.61683127480917
105.83276629999996,21.00946369999996,66.33221103810895
105.83306629999994,21.00946369999996,70.88402527054724
105.83336629999994,21.00946369999996,59.423416559724515
105.83366629999992,21.00946369999996,68.44348887332231
105.83396629999991,21.00946369999996,73.33597322099577
105.83426629999992,21.00946369999996,66.69760221865702
105.83456629999992,21.00946369999996,61.59291684233713
105.83486629999992,21.00946369999996,69.55719702605623
105.83516629999993,21.00946369999996,68.31872800786812
105.83546629999992,21.00946369999996,76.96294736273738
105.8357662999999,21.00946369999996,68.60322941196193
105.8360662999999,21.00946369999996,80.47184734704679
105.8363662999999,21.00946369999996,79.92023349105946
105.83666629999988,21.00946369999996,69.59139570642603
105.83696629999989,21.00946369999996,59.04754939190688
105.83726629999988,21.00946369999996,53.80806268297519
105.83756629999988,21.00946369999996,56.656669363485534
105.83786629999987,21.00946369999996,58.270843193511936
105.83816629999988,21.00946369999996,52.706876181581464
105.83846629999988,21.00946369999996,61.337748901833194
105.83876629999986,21.00946369999996,56.303447373687874
105.83906629999986,21.00946369999996,58.081891989630094
105.83936629999984,21.00946369999996,55.50337521492048
105.83966629999983,21.00946369999996,56.35285900203178
105.83996629999984,21.00946369999996,55.07733154373308
105.84026629999984,21.00946369999996,53.462334659539835
105.84056629999984,21.00946369999996,52.45466254521915
105.84086629999985,21.00946369999996,58.79331122804298
105.84116629999984,21.00946369999996,67.39034684979666
105.84146629999982,21.00946369999996,66.28374463651693
105.84176629999982,21.00946369999996,63.55122768084597
105.8420662999998,21.00946369999996,58.82548263979956
105.8423662999998,21.00946369999996,59.00640705046207
105.8426662999998,21.00946369999996,57.66906058906916
105.8429662999998,21.00946369999996,68.19771999948073
105.8432662999998,21.00946369999996,64.10184792610981
105.8435662999998,21.00946369999996,61.12110543430795
105.8438662999998,21.00946369999996,61.13223684682261
105.84416629999978,21.00946369999996,62.219204724159184
105.84446629999978,21.00946369999996,53.09455748184986
105.84476629999978,21.00946369999996,53.1667441592014
105.84506629999976,21.00946369999996,54.251667132038136
105.84536629999975,21.00946369999996,61.83378201996878
105.84566629999976,21.00946369999996,61.182564249097595
105.84596629999976,21.00946369999996,69.79470491171996
105.84626629999975,21.00946369999996,64.03534150285988
105.84656629999976,21.00946369999996,70.07243093953396
105.84686629999976,21.00946369999996,59.93285712921545
105.84716629999974,21.00946369999996,60.13954204550603
105.84746629999974,21.00946369999996,69.59328216406954
105.84776629999972,21.00946369999996,60.41101612028265
105.84806629999972,21.00946369999996,70.75306483981092
105.84836629999973,21.00946369999996,69.12724360433079
105.84866629999972,21.00946369999996,74.33925560164502
105.84896629999972,21.00946369999996,72.06483972791094
105.84926629999973,21.00946369999996,70.62865141082645
105.84956629999972,21.00946369999996,72.95395237695439
105.8498662999997,21.00946369999996,82.59517464121443
105.8501662999997,21.00946369999996,75.16726972277866
105.8504662999997,21.00946369999996,80.09800481033419
105.85076629999968,21.00946369999996,75.40439427673715
105.85106629999969,21.00946369999996,67.18774110265181
105.85136629999968,21.00946369999996,72.18043058448067
105.85166629999968,21.00946369999996,78.22088587402922
105.85196629999967,21.00946369999996,82.79438549414806
105.85226629999968,21.00946369999996,73.0567959245508
105.85256629999968,21.00946369999996,77.41533526500001
105.85286629999966,21.00946369999996,70.13708350753754
105.85316629999966,21.00946369999996,73.80309506356419
105.85346629999964,21.00946369999996,78.92997390195875
105.85376629999963,21.00946369999996,79.87034212742343
105.85406629999964,21.00946369999996,79.47704106760493
105.85436629999964,21.00946369999996,78.06371202173406
105.85466629999964,21.00946369999996,82.71168043864309
105.85496629999965,21.00946369999996,74.2506423749151
105.85526629999964,21.00946369999996,72.11683438206003
105.85556629999962,21.00946369999996,69.87492773825187
105.85586629999962,21.00946369999996,67.19908163053597
105.8561662999996,21.00946369999996,67.38495873126888
105.8564662999996,21.00946369999996,67.20937015898332
105.8567662999996,21.00946369999996,62.8393770144926
105.8570662999996,21.00946369999996,64.8482188882672
105.8573662999996,21.00946369999996,64.19750577211074
105.8576662999996,21.00946369999996,72.69342559938175
105.8291663,21.00976369999996,66.65668242839347
105.8294663,21.00976369999996,71.8230343078528
105.8297663,21.00976369999996,65.8827683666012
105.83006629999998,21.00976369999996,65.68727479599455
105.83036629999998,21.00976369999996,66.20513502356104
105.83066629999998,21.00976369999996,70.47813499401174
105.83096629999996,21.00976369999996,70.63464547249137
105.83126629999995,21.00976369999996,56.32421178531801
105.83156629999996,21.00976369999996,66.72850082284926
105.83186629999996,21.00976369999996,59.86897419795642
105.83216629999995,21.00976369999996,65.17498515040279
105.83246629999996,21.00976369999996,69.58721223436794
105.83276629999996,21.00976369999996,66.18276769771376
105.83306629999994,21.00976369999996,70.11252555968895
105.83336629999994,21.00976369999996,57.19537509236004
105.83366629999992,21.00976369999996,63.89628064852488
105.83396629999991,21.00976369999996,68.32571743794543
105.83426629999992,21.00976369999996,59.782001819052
105.83456629999992,21.00976369999996,66.92044263621777
105.83486629999992,21.00976369999996,66.37174018585469
105.83516629999993,21.00976369999996,74.17292596512378
105.83546629999992,21.00976369999996,79.69487841461871
105.8357662999999,21.00976369999996,75.78067372029142
105.8360662999999,21.00976369999996,83.98945214806452
105.8363662999999,21.00976369999996,62.7723137207457
105.83666629999988,21.00976369999996,68.5574225317242
105.83696629999989,21.00976369999996,55.351716934629366
105.83726629999988,21.00976369999996,50.785400082033725
105.83756629999988,21.00976369999996,54.22338598926511
105.83786629999987,21.00976369999996,57.51705792116556
105.83816629999988,21.00976369999996,56.10460317906645
105.83846629999988,21.00976369999996,58.762152554516675
105.83876629999986,21.00976369999996,54.51316891712945
105.83906629999986,21.00976369999996,55.80858344314083
105.83936629999984,21.00976369999996,56.19649035907325
105.83966629999983,21.00976369999996,56.74424112138584
105.83996629999984,21.00976369999996,53.20719547368723
105.84026629999984,21.00976369999996,53.39912910181515
105.84056629999984,21.00976369999996,56.91698880898505
105.84086629999985,21.00976369999996,61.229727016514104
105.84116629999984,21.00976369999996,67.50382424575828
105.84146629999982,21.00976369999996,64.30317294960639
105.84176629999982,21.00976369999996,61.33434515041213
105.8420662999998,21.00976369999996,59.46158193580844
105.8423662999998,21.00976369999996,55.51531152635573
105.8426662999998,21.00976369999996,56.709843177528086
105.8429662999998,21.00976369999996,64.85728047703742
105.8432662999998,21.00976369999996,66.3796313003891
105.8435662999998,21.00976369999996,64.92090687979623
105.8438662999998,21.00976369999996,65.77243530650625
105.84416629999978,21.00976369999996,56.05992515130676
105.84446629999978,21.00976369999996,53.55825055286539
105.84476629999978,21.00976369999996,51.24021287407194
105.84506629999976,21.00976369999996,56.32990471860008
105.84536629999975,21.00976369999996,58.420103060310225
105.84566629999976,21.00976369999996,58.745502700182186
105.84596629999976,21.00976369999996,63.855635054916306
105.84626629999975,21.00976369999996,67.59519226548194
105.84656629999976,21.00976369999996,68.79557019887694
105.84686629999976,21.00976369999996,66.67542431576808
105.84716629999974,21.00976369999996,66.48224052393199
105.84746629999974,21.00976369999996,68.81281911204317
105.84776629999972,21.00976369999996,60.899532619245534
105.84806629999972,21.00976369999996,69.14996731529605
105.84836629999973,21.00976369999996,68.17179243992922
105.84866629999972,21.00976369999996,76.09258566712816
105.84896629999972,21.00976369999996,72.58520180510861
105.84926629999973,21.00976369999996,73.82182890306014
105.84956629999972,21.00976369999996,74.12144316349593
105.8498662999997,21.00976369999996,73.21880135118805
105.8501662999997,21.00976369999996,78.39091912777897
105.8504662999997,21.00976369999996,73.4754052184795
105.85076629999968,21.00976369999996,76.4911617392148
105.85106629999969,21.00976369999996,74.02517516075778
105.85136629999968,21.00976369999996,76.31045745164408
105.85166629999968,21.00976369999996,84.97772243786312
105.85196629999967,21.00976369999996,81.56953606303765
105.85226629999968,21.00976369999996,73.67807415896094
105.85256629999968,21.00976369999996,88.27865062785466
105.85286629999966,21.00976369999996,75.89933421261394
105.85316629999966,21.00976369999996,75.24265816226806
105.85346629999964,21.00976369999996,81.22146994805367
105.85376629999963,21.00976369999996,80.69256889536658
105.85406629999964,21.00976369999996,81.42898115018785
105.85436629999964,21.00976369999996,78.5032100145503
105.85466629999964,21.00976369999996,78.79217308741471
105.85496629999965,21.00976369999996,73.16671518006581
105.85526629999964,21.00976369999996,77.49288381450401
105.85556629999962,21.00976369999996,70.1930548138974
105.85586629999962,21.00976369999996,72.95384926133632
105.8561662999996,21.00976369999996,66.35070198535217
105.8564662999996,21.00976369999996,64.71334706741985
105.8567662999996,21.00976369999996,59.9297407997516
105.8570662999996,21.00976369999996,57.56493240197031
105.8573662999996,21.00976369999996,67.57309729954773
105.8576662999996,21.00976369999996,70.12012943414243
105.8291663,21.010063699999957,76.0138396022164
105.8294663,21.010063699999957,71.52801035149756
105.8297663,21.010063699999957,65.79745437225237
105.83006629999998,21.010063699999957,68.88177688985166
105.83036629999998,21.010063699999957,66.12970033155727
105.83066629999998,21.010063699999957,61.54244427005096
105.83096629999996,21.010063699999957,65.06223578366924
105.83126629999995,21.010063699999957,66.40906399882242
105.83156629999996,21.010063699999957,62.621470445382954
105.83186629999996,21.010063699999957,69.10257947006242
105.83216629999995,21.010063699999957,67.53424882798917
105.83246629999996,21.010063699999957,64.82973961236755
105.83276629999996,21.010063699999957,65.46646991711067
105.83306629999994,21.010063699999957,67.74597902020527
105.83336629999994,21.010063699999957,69.9636712541251
105.83366629999992,21.010063699999957,60.488774994134175
105.83396629999991,21.010063699999957,65.88907078507988
105.83426629999992,21.010063699999957,73.3519262495146
105.83456629999992,21.010063699999957,64.01031186258272
105.83486629999992,21.010063699999957,65.41540745594385
105.83516629999993,21.010063699999957,65.50407404316395
105.83546629999992,21.010063699999957,75.62714112424186
105.8357662999999,21.010063699999957,81.2373938096681
105.8360662999999,21.010063699999957,66.7529720178573
105.8363662999999,21.010063699999957,61.22155542162015
105.83666629999988,21.010063699999957,56.27479269075654
105.83696629999989,21.010063699999957,51.74225599994738
105.83726629999988,21.010063699999957,54.06928318897779
105.83756629999988,21.010063699999957,57.40509356240223
105.83786629999987,21.010063699999957,56.47655788839572
105.83816629999988,21.010063699999957,59.119096760041586
105.83846629999988,21.010063699999957,55.88634088968347
105.83876629999986,21.010063699999957,52.765853833198435
105.83906629999986,21.010063699999957,57.6365283124787
105.83936629999984,21.010063699999957,53.86211357266278
105.83966629999983,21.010063699999957,54.09728928153844
105.83996629999984,21.010063699999957,49.43179727829404
105.84026629999984,21.010063699999957,56.839303271683434
105.84056629999984,21.010063699999957,57.1951608630452
105.84086629999985,21.010063699999957,61.18724973930581
105.84116629999984,21.010063699999957,62.641940841256385
105.84146629999982,21.010063699999957,64.2569897262191
105.84176629999982,21.010063699999957,61.64580905553798
105.8420662999998,21.010063699999957,59.684743644555894
105.8423662999998,21.010063699999957,60.05368660730856
105.8426662999998,21.010063699999957,59.193388406559066
105.8429662999998,21.010063699999957,64.2023280259353
105.8432662999998,21.010063699999957,66.66914200996595
105.8435662999998,21.010063699999957,65.88471192739331
105.8438662999998,21.010063699999957,63.95612391053193
105.84416629999978,21.010063699999957,56.95829590440563
105.84446629999978,21.010063699999957,56.060931442995866
105.84476629999978,21.010063699999957,53.09291040456405
105.84506629999976,21.010063699999957,53.36689418859011
105.84536629999975,21.010063699999957,56.44756177379746
105.84566629999976,21.010063699999957,56.473892850885406
105.84596629999976,21.010063699999957,59.529479683842
105.84626629999975,21.010063699999957,62.860268894304255
105.84656629999976,21.010063699999957,76.24649874900024
105.84686629999976,21.010063699999957,73.67914735254668
105.84716629999974,21.010063699999957,66.48531075222252
105.84746629999974,21.010063699999957,70.42000527219574
105.84776629999972,21.010063699999957,62.49147121314762
105.84806629999972,21.010063699999957,70.16330563184816
105.84836629999973,21.010063699999957,70.47156530537902
105.84866629999972,21.010063699999957,65.83371943636637
105.84896629999972,21.010063699999957,72.20414852657142
105.84926629999973,21.010063699999957,76.342022905615
105.84956629999972,21.010063699999957,75.39218387496057
105.8498662999997,21.010063699999957,75.74999262982696
105.8501662999997,21.010063699999957,78.85575521371771
105.8504662999997,21.010063699999957,75.22646399424895
105.85076629999968,21.010063699999957,77.47244428452018
105.85106629999969,21.010063699999957,65.78487202421108
105.85136629999968,21.010063699999957,77.77850884413215
105.85166629999968,21.010063699999957,81.05175326460045
105.85196629999967,21.010063699999957,79.82398827118902
105.85226629999968,21.010063699999957,77.3777209595719
105.85256629999968,21.010063699999957,76.40239482549448
105.85286629999966,21.010063699999957,91.61717610604455
105.85316629999966,21.010063699999957,77.21549900779381
105.85346629999964,21.010063699999957,82.88428907075765
105.85376629999963,21.010063699999957,78.10379468151937
105.85406629999964,21.010063699999957,81.16409158924365
105.85436629999964,21.010063699999957,80.15148908734821
105.85466629999964,21.010063699999957,77.80022147807011
105.85496629999965,21.010063699999957,74.47700388363631
105.85526629999964,21.010063699999957,73.89053463920456
105.85556629999962,21.010063699999957,65.74009016196784
105.85586629999962,21.010063699999957,68.38474347714151
105.8561662999996,21.010063699999957,70.33827504049303
105.8564662999996,21.010063699999957,64.74706945860731
105.8567662999996,21.010063699999957,64.10877459130688
105.8570662999996,21.010063699999957,66.37027526861371
105.8573662999996,21.010063699999957,73.29471982351266
105.8576662999996,21.010063699999957,72.57453385486308
105.8291663,21.010363699999957,75.7829695115854
105.8294663,21.010363699999957,72.31810348669481
105.8297663,21.010363699999957,72.34390253897911
105.83006629999998,21.010363699999957,66.0796279956021
105.83036629999998,21.010363699999957,72.7199214777966
105.83066629999998,21.010363699999957,58.84742379414664
105.83096629999996,21.010363699999957,63.75097807567113
105.83126629999995,21.010363699999957,69.23456052879487
105.83156629999996,21.010363699999957,61.32474259287633
105.83186629999996,21.010363699999957,62.98385605868648
105.83216629999995,21.010363699999957,63.808335847525726
105.83246629999996,21.010363699999957,65.32579534732903
105.83276629999996,21.010363699999957,68.56332208781372
105.83306629999994,21.010363699999957,67.80566575502525
105.83336629999994,21.010363699999957,64.93838560623978
105.83366629999992,21.010363699999957,68.04462593822815
105.83396629999991,21.010363699999957,68.46095978649517
105.83426629999992,21.010363699999957,71.88993276585198
105.83456629999992,21.010363699999957,65.4900947354297
105.83486629999992,21.010363699999957,63.30464806326469
105.83516629999993,21.010363699999957,66.0721619564782
105.83546629999992,21.010363699999957,70.19663001072824
105.8357662999999,21.010363699999957,61.53817719410162
105.8360662999999,21.010363699999957,63.51837425472999
105.8363662999999,21.010363699999957,55.64908260746495
105.83666629999988,21.010363699999957,57.02365717469607
105.83696629999989,21.010363699999957,56.34120426753243
105.83726629999988,21.010363699999957,53.72551552096232
105.83756629999988,21.010363699999957,54.4987627691705
105.83786629999987,21.010363699999957,56.39465478391128
105.83816629999988,21.010363699999957,61.10112265774478
105.83846629999988,21.010363699999957,58.89799238777756
105.83876629999986,21.010363699999957,55.25287709648151
105.83906629999986,21.010363699999957,52.38891906064687
105.83936629999984,21.010363699999957,53.23806521505253
105.83966629999983,21.010363699999957,54.00871802287335
105.83996629999984,21.010363699999957,59.07248770005404
105.84026629999984,21.010363699999957,56.96503604714887
105.84056629999984,21.010363699999957,58.89147928696243
105.84086629999985,21.010363699999957,62.39926528017952
105.84116629999984,21.010363699999957,61.943829281410146
105.84146629999982,21.010363699999957,63.751222963695184
105.84176629999982,21.010363699999957,57.93058293142468
105.8420662999998,21.010363699999957,58.46823861244026
105.8423662999998,21.010363699999957,58.1514963916522
105.8426662999998,21.010363699999957,58.69541461742634
105.8429662999998,21.010363699999957,67.1611866142263
105.8432662999998,21.010363699999957,66.09189545234446
105.8435662999998,21.010363699999957,66.28139904305414
105.8438662999998,21.010363699999957,67.43468553162997
105.84416629999978,21.010363699999957,56.92473238604943
105.84446629999978,21.010363699999957,66.05077975406759
105.84476629999978,21.010363699999957,60.184562425133706
105.84506629999976,21.010363699999957,52.74750155866958
105.84536629999975,21.010363699999957,56.44887422441904
105.84566629999976,21.010363699999957,58.393743781822266
105.84596629999976,21.010363699999957,57.98439678430425
105.84626629999975,21.010363699999957,65.55469872146102
105.84656629999976,21.010363699999957,72.0749645867559
105.84686629999976,21.010363699999957,66.49758708606412
105.84716629999974,21.010363699999957,65.28810638304859
105.84746629999974,21.010363699999957,66.48056737795231
105.84776629999972,21.010363699999957,62.138561846165786
105.84806629999972,21.010363699999957,67.01251800126806
105.84836629999973,21.010363699999957,66.46070696692921
105.84866629999972,21.010363699999957,69.32271060238892
105.84896629999972,21.010363699999957,76.36496851047323
105.84926629999973,21.010363699999957,75.66914959134704
105.84956629999972,21.010363699999957,82.31050441551346
105.8498662999997,21.010363699999957,81.25202424018372
105.8501662999997,21.010363699999957,75.61172186096597
105.8504662999997,21.010363699999957,76.42042479346092
105.85076629999968,21.010363699999957,69.96355439122554
105.85106629999969,21.010363699999957,73.86687234589903
105.85136629999968,21.010363699999957,79.35297876582118
105.85166629999968,21.010363699999957,86.32343829933225
105.85196629999967,21.010363699999957,87.72190934804715
105.85226629999968,21.010363699999957,78.53684266439137
105.85256629999968,21.010363699999957,79.59862206500073
105.85286629999966,21.010363699999957,85.60507269474331
105.85316629999966,21.010363699999957,80.57269562472767
105.85346629999964,21.010363699999957,78.26246084237317
105.85376629999963,21.010363699999957,77.24547563080291
105.85406629999964,21.010363699999957,80.15786366114764
105.85436629999964,21.010363699999957,78.71421726780807
105.85466629999964,21.010363699999957,70.22332531807292
105.85496629999965,21.010363699999957,75.05802668250104
105.85526629999964,21.010363699999957,70.37272916005806
105.85556629999962,21.010363699999957,71.56498349624175
105.85586629999962,21.010363699999957,68.2346363188639
105.8561662999996,21.010363699999957,69.44359880256705
105.8564662999996,21.010363699999957,69.97854814973249
105.8567662999996,21.010363699999957,68.44540651572095
105.8570662999996,21.010363699999957,62.04221801334701
105.8573662999996,21.010363699999957,65.38723924075335
105.8576662999996,21.010363699999957,71.21948921508121
105.8291663,21.010663699999956,74.3377352459087
105.8294663,21.010663699999956,79.34740250993528
105.8297663,21.010663699999956,61.834362286020365
105.83006629999998,21.010663699999956,71.82201700923845
105.83036629999998,21.010663699999956,71.31777406797202
105.83066629999998,21.010663699999956,64.91745940468184
105.83096629999996,21.010663699999956,62.25687196683937
105.83126629999995,21.010663699999956,62.40201366910348
105.83156629999996,21.010663699999956,61.908857100086664
105.83186629999996,21.010663699999956,60.16801406205168
105.83216629999995,21.010663699999956,58.32291539780664
105.83246629999996,21.010663699999956,65.40354487116146
105.83276629999996,21.010663699999956,67.24266022125958
105.83306629999994,21.010663699999956,70.2672441739387
105.83336629999994,21.010663699999956,69.25589619496988
105.83366629999992,21.010663699999956,66.50368435644295
105.83396629999991,21.010663699999956,67.27185717216963
105.83426629999992,21.010663699999956,59.68932685538715
105.83456629999992,21.010663699999956,59.68211610220136
105.83486629999992,21.010663699999956,57.98648594649049
105.83516629999993,21.010663699999956,59.10695541377362
105.83546629999992,21.010663699999956,51.72835129109204
105.8357662999999,21.010663699999956,52.702981151470965
105.8360662999999,21.010663699999956,53.984221532164185
105.8363662999999,21.010663699999956,57.60527461429291
105.83666629999988,21.010663699999956,53.63735780122136
105.83696629999989,21.010663699999956,56.7229157883058
105.83726629999988,21.010663699999956,54.2267655645296
105.83756629999988,21.010663699999956,55.09376402902018
105.83786629999987,21.010663699999956,58.58554783113223
105.83816629999988,21.010663699999956,59.43381276545284
105.83846629999988,21.010663699999956,59.02671718790798
105.83876629999986,21.010663699999956,54.520768227005206
105.83906629999986,21.010663699999956,53.837858904313464
105.83936629999984,21.010663699999956,52.062503863682196
105.83966629999983,21.010663699999956,57.750632608727045
105.83996629999984,21.010663699999956,61.3010164857275
105.84026629999984,21.010663699999956,67.00206030792772
105.84056629999984,21.010663699999956,66.1828335915537
105.84086629999985,21.010663699999956,63.917306057390434
105.84116629999984,21.010663699999956,64.40129151962493
105.84146629999982,21.010663699999956,63.6092966668286
105.84176629999982,21.010663699999956,61.64961017446444
105.8420662999998,21.010663699999956,60.05348839961657
105.8423662999998,21.010663699999956,58.1979621549617
105.8426662999998,21.010663699999956,58.0364827808647
105.8429662999998,21.010663699999956,66.8979774003595
105.8432662999998,21.010663699999956,65.541887455181
105.8435662999998,21.010663699999956,65.02857288905437
105.8438662999998,21.010663699999956,66.20380431946089
105.84416629999978,21.010663699999956,71.28050609494821
105.84446629999978,21.010663699999956,64.51018805061472
105.84476629999978,21.010663699999956,61.77532905488175
105.84506629999976,21.010663699999956,53.89220878904685
105.84536629999975,21.010663699999956,57.913040425171445
105.84566629999976,21.010663699999956,57.83523307268304
105.84596629999976,21.010663699999956,56.96776798363244
105.84626629999975,21.010663699999956,61.20919406137179
105.84656629999976,21.010663699999956,75.59288755240892
105.84686629999976,21.010663699999956,68.33807352711763
105.84716629999974,21.010663699999956,66.88005549477877
105.84746629999974,21.010663699999956,70.6890948684827
105.84776629999972,21.010663699999956,66.6782168678284
105.84806629999972,21.010663699999956,66.84003324179878
105.84836629999973,21.010663699999956,68.39004176308013
105.84866629999972,21.010663699999956,75.44941107095052
105.84896629999972,21.010663699999956,71.97069474687365
105.84926629999973,21.010663699999956,78.47814390457822
105.84956629999972,21.010663699999956,82.81436064319952
105.8498662999997,21.010663699999956,80.64431722482537
105.8501662999997,21.010663699999956,70.1703019931265
105.8504662999997,21.010663699999956,75.64083681886069
105.85076629999968,21.010663699999956,77.07141710384836
105.85106629999969,21.010663699999956,76.72347786054797
105.85136629999968,21.010663699999956,80.63115945877595
105.85166629999968,21.010663699999956,76.12802123807913
105.85196629999967,21.010663699999956,77.58782876655688
105.85226629999968,21.010663699999956,79.26643822570459
105.85256629999968,21.010663699999956,78.35604491006409
105.85286629999966,21.010663699999956,76.42858552173307
105.85316629999966,21.010663699999956,75.73483648940719
105.85346629999964,21.010663699999956,77.7690215712318
105.85376629999963,21.010663699999956,73.86315331743113
105.85406629999964,21.010663699999956,74.76389545506488
105.85436629999964,21.010663699999956,73.95894978683864
105.85466629999964,21.010663699999956,71.45810095694065
105.85496629999965,21.010663699999956,69.82210024761943
105.85526629999964,21.010663699999956,70.85177791280708
105.85556629999962,21.010663699999956,69.3718330830568
105.85586629999962,21.010663699999956,68.83456329238788
105.8561662999996,21.010663699999956,69.34325564457893
105.8564662999996,21.010663699999956,69.76978970664791
105.8567662999996,21.010663699999956,69.20318991565361
105.8570662999996,21.010663699999956,65.51269552411993
105.8573662999996,21.010663699999956,64.30543192566195
105.8576662999996,21.010663699999956,65.01353365645897
105.8291663,21.010963699999955,76.6120744334922
105.8294663,21.010963699999955,69.35132558868345
105.8297663,21.010963699999955,70.23306889543703
105.83006629999998,21.010963699999955,70.09471114019019
105.83036629999998,21.010963699999955,58.803534774455784
105.83066629999998,21.010963699999955,66.44878535564648
105.83096629999996,21.010963699999955,58.268720785216246
105.83126629999995,21.010963699999955,59.777759306381085
105.83156629999996,21.010963699999955,60.73743538316178
105.83186629999996,21.010963699999955,59.58954019137161
105.83216629999995,21.010963699999955,60.95795818291704
105.83246629999996,21.010963699999955,65.01049778464701
105.83276629999996,21.010963699999955,71.04573865018287
105.83306629999994,21.010963699999955,59.977138785981936
105.83336629999994,21.010963699999955,65.72989742391377
105.83366629999992,21.010963699999955,58.31048376635971
105.83396629999991,21.010963699999955,57.53986499260738
105.83426629999992,21.010963699999955,63.6855653126421
105.83456629999992,21.010963699999955,61.09272995694576
105.83486629999992,21.010963699999955,56.01342380902132
105.83516629999993,21.010963699999955,54.486030200389706
105.83546629999992,21.010963699999955,52.86099324794132
105.8357662999999,21.010963699999955,53.34534822617291
105.8360662999999,21.010963699999955,59.12794799578626
105.8363662999999,21.010963699999955,57.61799218902762
105.83666629999988,21.010963699999955,56.641330650668294
105.83696629999989,21.010963699999955,50.404019252626355
105.83726629999988,21.010963699999955,56.456813738236775
105.83756629999988,21.010963699999955,58.23053602551194
105.83786629999987,21.010963699999955,58.667270310758354
105.83816629999988,21.010963699999955,58.62605209719513
105.83846629999988,21.010963699999955,54.86752774306116
105.83876629999986,21.010963699999955,54.30621701185707
105.83906629999986,21.010963699999955,49.2108080015238
105.83936629999984,21.010963699999955,59.165208083379
105.83966629999983,21.010963699999955,61.14605776760369
105.83996629999984,21.010963699999955,64.7112673283332
105.84026629999984,21.010963699999955,64.47783886137826
105.84056629999984,21.010963699999955,61.699166088405335
105.84086629999985,21.010963699999955,63.08744897178423
105.84116629999984,21.010963699999955,62.97283293097314
105.84146629999982,21.010963699999955,63.05147880858567
105.84176629999982,21.010963699999955,61.64961017446444
105.8420662999998,21.010963699999955,58.67500938276291
105.8423662999998,21.010963699999955,58.812367687800574
105.8426662999998,21.010963699999955,58.650888313703575
105.8429662999998,21.010963699999955,66.8979774003595
105.8432662999998,21.010963699999955,64.7830829951936
105.8435662999998,21.010963699999955,65.56224590422995
105.8438662999998,21.010963699999955,65.02857288905437
105.84416629999978,21.010963699999955,72.7243340169062
105.84446629999978,21.010963699999955,64.51018805061472
105.84476629999978,21.010963699999955,64.90720292183428
105.84506629999976,21.010963699999955,57.50597851493049
105.84536629999975,21.010963699999955,57.79947578376009
105.84566629999976,21.010963699999955,57.30087653508497
105.84596629999976,21.010963699999955,56.79260795091858
105.84626629999975,21.010963699999955,61.20600169819912
105.84656629999976,21.010963699999955,75.40319299157967
105.84686629999976,21.010963699999955,62.288774377051126
105.84716629999974,21.010963699999955,65.29997346451752
105.84746629999974,21.010963699999955,67.63901582593341
105.84776629999972,21.010963699999955,64.9937249209376
105.84806629999972,21.010963699999955,66.58891181275578
105.84836629999973,21.010963699999955,68.1975454608446
105.84866629999972,21.010963699999955,70.87394942588307
105.84896629999972,21.010963699999955,78.81963397502574
105.84926629999973,21.010963699999955,75.77215790497478
105.84956629999972,21.010963699999955,82.84940635844445
105.8498662999997,21.010963699999955,81.53616021835423
105.8501662999997,21.010963699999955,79.22315043426596
105.8504662999997,21.010963699999955,80.90931574879413
105.85076629999968,21.010963699999955,80.37392704874026
105.85106629999969,21.010963699999955,87.30956415772131
105.85136629999968,21.010963699999955,89.35710373707342
105.85166629999968,21.010963699999955,81.6730994345672
105.85196629999967,21.010963699999955,80.13227759463597
105.85226629999968,21.010963699999955,83.06936309509327
105.85256629999968,21.010963699999955,73.80102595997003
105.85286629999966,21.010963699999955,76.49560446686188
105.85316629999966,21.010963699999955,73.82245325111968
105.85346629999964,21.010963699999955,77.54545380169537
105.85376629999963,21.010963699999955,72.63147897424409
105.85406629999964,21.010963699999955,74.25719635709339
105.85436629999964,21.010963699999955,72.90675635244104
105.85466629999964,21.010963699999955,73.71441745008228
105.85496629999965,21.010963699999955,71.5197560217722
105.85526629999964,21.010963699999955,69.28814351843958
105.85556629999962,21.010963699999955,71.69709159244451
105.85586629999962,21.010963699999955,67.44963557668872
105.8561662999996,21.010963699999955,66.39763715802945
105.8564662999996,21.010963699999955,70.13323378051332
105.8567662999996,21.010963699999955,69.64831813262745
105.8570662999996,21.010963699999955,62.16975278888518
105.8573662999996,21.010963699999955,63.67326920062172
105.8576662999996,21.010963699999955,69.9533063699197
105.8291663,21.01126369999995,75.6099906459986
105.8294663,21.01126369999995,68.85381456226149
105.8297663,21.01126369999995,65.39231474889587
105.83006629999998,21.01126369999995,61.51554064995565
105.83036629999998,21.01126369999995,67.0756371188553
105.83066629999998,21.01126369999995,60.91627761357968
105.83096629999996,21.01126369999995,65.69632504800859
105.83126629999995,21.01126369999995,60.355293024672534
105.83156629999996,21.01126369999995,58.005665856310785
105.83186629999996,21.01126369999995,60.72007762455678
105.83216629999995,21.01126369999995,60.42454335738289
105.83246629999996,21.01126369999995,61.27158998250597
105.83276629999996,21.01126369999995,67.35667481232558
105.83306629999994,21.01126369999995,60.00446515748716
105.83336629999994,21.01126369999995,55.00817133828774
105.83366629999992,21.01126369999995,56.62183073148698
105.83396629999991,21.01126369999995,55.84326475383571
105.83426629999992,21.01126369999995,55.90768596011746
105.83456629999992,21.01126369999995,49.072138957554856
105.83486629999992,21.01126369999995,50.83800895728132
105.83516629999993,21.01126369999995,56.035630968022645
105.83546629999992,21.01126369999995,56.79117296978061
105.8357662999999,21.01126369999995,54.81424673675277
105.8360662999999,21.01126369999995,62.55011224927264
105.8363662999999,21.01126369999995,58.07433527558744
105.83666629999988,21.01126369999995,58.83612819755821
105.83696629999989,21.01126369999995,58.98873479466613
105.83726629999988,21.01126369999995,58.91195875645344
105.83756629999988,21.01126369999995,57.52783123253002
105.83786629999987,21.01126369999995,56.47298919431333
105.83816629999988,21.01126369999995,57.4141493144552
105.83846629999988,21.01126369999995,53.76039311329063
105.83876629999986,21.01126369999995,51.77304543551402
105.83906629999986,21.01126369999995,59.1802906324199
105.83936629999984,21.01126369999995,61.23613848732997
105.83966629999983,21.01126369999995,61.61494106984264
105.83996629999984,21.01126369999995,63.86608297459594
105.84026629999984,21.01126369999995,63.19611506096071
105.84056629999984,21.01126369999995,61.383560099580194
105.84086629999985,21.01126369999995,62.11181468272335
105.84116629999984,21.01126369999995,62.79164015502669
105.84146629999982,21.01126369999995,61.80162946498487
105.84176629999982,21.01126369999995,61.07086958523024
105.8420662999998,21.01126369999995,58.67500938276291
105.8423662999998,21.01126369999995,58.812367687800574
105.8426662999998,21.01126369999995,57.84474656161411
105.8429662999998,21.01126369999995,65.95831442560011
105.8432662999998,21.01126369999995,64.7830829951936
105.8435662999998,21.01126369999995,65.56224590422995
105.8438662999998,21.01126369999995,64.7830829951936
105.84416629999978,21.01126369999995,72.7243340169062
105.84446629999978,21.01126369999995,65.22088243965486
105.84476629999978,21.01126369999995,64.63731731985872
105.84506629999976,21.01126369999995,57.59547389725297
105.84536629999975,21.01126369999995,54.4699607586284
105.84566629999976,21.01126369999995,57.80540877626383
105.84596629999976,21.01126369999995,55.914570254069986
105.84626629999975,21.01126369999995,60.95178990503585
105.84656629999976,21.01126369999995,64.68086377231093
105.84686629999976,21.01126369999995,62.641639249091966
105.84716629999974,21.01126369999995,65.58929417134313
105.84746629999974,21.01126369999995,71.78066433275556
105.84776629999972,21.01126369999995,66.33917264864138
105.84806629999972,21.01126369999995,68.5650992679977
105.84836629999973,21.01126369999995,70.98484462876641
105.84866629999972,21.01126369999995,69.96717467785301
105.84896629999972,21.01126369999995,69.27389327252564
105.84926629999973,21.01126369999995,77.25329635354777
105.84956629999972,21.01126369999995,76.80814375114969
105.8498662999997,21.01126369999995,79.92155859879936
105.8501662999997,21.01126369999995,76.52951253375605
105.8504662999997,21.01126369999995,81.409452327041
105.85076629999968,21.01126369999995,81.5122985444637
105.85106629999969,21.01126369999995,79.96593825677321
105.85136629999968,21.01126369999995,82.47326318647788
105.85166629999968,21.01126369999995,85.93470476840746
105.85196629999967,21.01126369999995,76.92425939559203
105.85226629999968,21.01126369999995,77.4894791778519
105.85256629999968,21.01126369999995,75.46802184628868
105.85286629999966,21.01126369999995,77.2882459731481
105.85316629999966,21.01126369999995,73.92334966695812
105.85346629999964,21.01126369999995,70.9364420834155
105.85376629999963,21.01126369999995,80.02453175678436
105.85406629999964,21.01126369999995,76.2415811240922
105.85436629999964,21.01126369999995,69.67019044988388
105.85466629999964,21.01126369999995,71.56148650823192
105.85496629999965,21.01126369999995,72.91365497159853
105.85526629999964,21.01126369999995,74.21194884135161
105.85556629999962,21.01126369999995,71.96876868576312
105.85586629999962,21.01126369999995,67.54815617835439
105.8561662999996,21.01126369999995,70.59516387192099
105.8564662999996,21.01126369999995,68.5602298580588
105.8567662999996,21.01126369999995,70.49321636732716
105.8570662999996,21.01126369999995,59.92331011108925
105.8573662999996,21.01126369999995,61.881791678068325
105.8576662999996,21.01126369999995,65.73421135013619
105.8291663,21.011563699999954,71.92199999006267
105.8294663,21.011563699999954,65.78846426125226
105.8297663,21.011563699999954,65.95438635427833
105.83006629999998,21.011563699999954,61.94590879154549
105.83036629999998,21.011563699999954,64.29499054606386
105.83066629999998,21.011563699999954,63.581428869884846
105.83096629999996,21.011563699999954,67.24148622708164
105.83126629999995,21.011563699999954,64.33198473832027
105.83156629999996,21.011563699999954,59.7922097574979
105.83186629999996,21.011563699999954,61.771641717165025
105.83216629999995,21.011563699999954,59.47063500257151
105.83246629999996,21.011563699999954,63.86805388831398
105.83276629999996,21.011563699999954,57.8459506006501
105.83306629999994,21.011563699999954,56.98786362572261
105.83336629999994,21.011563699999954,58.741423571008994
105.83366629999992,21.011563699999954,51.34842829759331
105.83396629999991,21.011563699999954,56.697182715793375
105.83426629999992,21.011563699999954,48.85666273048386
105.83456629999992,21.011563699999954,54.26875159099589
105.83486629999992,21.011563699999954,50.64872375033297
105.83516629999993,21.011563699999954,55.2560788210521
105.83546629999992,21.011563699999954,57.19054968153635
105.8357662999999,21.011563699999954,57.01753102195363
105.8360662999999,21.011563699999954,57.27622077660776
105.8363662999999,21.011563699999954,58.81519735942592
105.83666629999988,21.011563699999954,59.014544600764
105.83696629999989,21.011563699999954,61.973578311372435
105.83726629999988,21.011563699999954,58.0333446013407
105.83756629999988,21.011563699999954,58.30192766666249
105.83786629999987,21.011563699999954,57.16858582072783
105.83816629999988,21.011563699999954,61.76145906622427
105.83846629999988,21.011563699999954,54.48764651396614
105.83876629999986,21.011563699999954,57.6144741036815
105.83906629999986,21.011563699999954,59.22353317915591
105.83936629999984,21.011563699999954,61.201990280390675
105.83966629999983,21.011563699999954,65.39408985752235
105.83996629999984,21.011563699999954,62.371289690655416
105.84026629999984,21.011563699999954,62.498232012410966
105.84056629999984,21.011563699999954,61.94383739401992
105.84086629999985,21.011563699999954,64.12560460499546
105.84116629999984,21.011563699999954,64.32143048718528
105.84146629999982,21.011563699999954,64.23007022239189
105.84176629999982,21.011563699999954,61.75563292231182
105.8420662999998,21.011563699999954,58.57046880250452
105.8423662999998,21.011563699999954,58.006225935711115
105.8426662999998,21.011563699999954,57.84474656161411
105.8429662999998,21.011563699999954,65.12443241445713
105.8432662999998,21.011563699999954,64.7830829951936
105.8435662999998,21.011563699999954,65.56224590422995
105.8438662999998,21.011563699999954,70.02736501059728
105.84416629999978,21.011563699999954,71.82955883835565
105.84446629999978,21.011563699999954,67.12807723673511
105.84476629999978,21.011563699999954,63.69036271181578
105.84506629999976,21.011563699999954,60.184562425133706
105.84536629999975,21.011563699999954,52.31803911814865
105.84566629999976,21.011563699999954,56.089621524987805
105.84596629999976,21.011563699999954,56.274358443739885
105.84626629999975,21.011563699999954,59.48093484481724
105.84656629999976,21.011563699999954,63.09790200805807
105.84686629999976,21.011563699999954,65.82052616499281
105.84716629999974,21.011563699999954,60.70664607017099
105.84746629999974,21.011563699999954,69.9013678084904
105.84776629999972,21.011563699999954,66.33940232444351
105.84806629999972,21.011563699999954,69.79658090545473
105.84836629999973,21.011563699999954,69.48443658486725
105.84866629999972,21.011563699999954,66.72481249796121
105.84896629999972,21.011563699999954,74.38252305761355
105.84926629999973,21.011563699999954,71.11577973043936
105.84956629999972,21.011563699999954,76.37260109518432
105.8498662999997,21.011563699999954,74.89483624025443
105.8501662999997,21.011563699999954,74.0309459480744
105.8504662999997,21.011563699999954,73.99211863959623
105.85076629999968,21.011563699999954,77.16332047290217
105.85106629999969,21.011563699999954,76.29212637635547
105.85136629999968,21.011563699999954,74.72472440929775
105.85166629999968,21.011563699999954,84.20290845790154
105.85196629999967,21.011563699999954,74.35350341663289
105.85226629999968,21.011563699999954,77.56894894462015
105.85256629999968,21.011563699999954,78.11702152330692
105.85286629999966,21.011563699999954,76.61609692387275
105.85316629999966,21.011563699999954,73.82677013224486
105.85346629999964,21.011563699999954,73.97551640257554
105.85376629999963,21.011563699999954,72.7581139612702
105.85406629999964,21.011563699999954,70.26713999321416
105.85436629999964,21.011563699999954,73.34358924543808
105.85466629999964,21.011563699999954,73.89993247575039
105.85496629999965,21.011563699999954,71.96738754173818
105.85526629999964,21.011563699999954,73.70819783694284
105.85556629999962,21.011563699999954,70.89348369101005
105.85586629999962,21.011563699999954,74.08784424681534
105.8561662999996,21.011563699999954,71.0780480896077
105.8564662999996,21.011563699999954,66.7789258137319
105.8567662999996,21.011563699999954,69.10180424134167
105.8570662999996,21.011563699999954,62.025427379448345
105.8573662999996,21.011563699999954,62.48242954033569
105.8576662999996,21.011563699999954,61.41003302999165
105.8291663,21.011863699999953,64.95920405530255
105.8294663,21.011863699999953,66.03203698831844
105.8297663,21.011863699999953,69.65645599640004
105.83006629999998,21.011863699999953,63.52469305725876
105.83036629999998,21.011863699999953,64.69463961673327
105.83066629999998,21.011863699999953,69.72000889647907
105.83096629999996,21.011863699999953,68.75194045367104
105.83126629999995,21.011863699999953,65.90755303475281
105.83156629999996,21.011863699999953,59.419702400894195
105.83186629999996,21.011863699999953,58.03587705557429
105.83216629999995,21.011863699999953,58.64158806715018
105.83246629999996,21.011863699999953,69.53492105117793
105.83276629999996,21.011863699999953,55.33292667927456
105.83306629999994,21.011863699999953,59.517218336790094
105.83336629999994,21.011863699999953,61.41852157630305
105.83366629999992,21.011863699999953,54.078847222042654
105.83396629999991,21.011863699999953,60.69108305105192
105.83426629999992,21.011863699999953,54.904422892029885
105.83456629999992,21.011863699999953,55.17116923584069
105.83486629999992,21.011863699999953,53.541896427487146
105.83516629999993,21.011863699999953,56.38172601064434
105.83546629999992,21.011863699999953,57.02213443940067
105.8357662999999,21.011863699999953,57.30074336292745
105.8360662999999,21.011863699999953,55.385921006285926
105.8363662999999,21.011863699999953,56.85545892018506
105.83666629999988,21.011863699999953,59.618974422535274
105.83696629999989,21.011863699999953,59.49866819094427
105.83726629999988,21.011863699999953,58.68947055076241
105.83756629999988,21.011863699999953,59.72168003261277
105.83786629999987,21.011863699999953,60.48609950307875
105.83816629999988,21.011863699999953,58.42967145743391
105.83846629999988,21.011863699999953,58.557415107440306
105.83876629999986,21.011863699999953,65.10011490518758
105.83906629999986,21.011863699999953,60.61811080254057
105.83936629999984,21.011863699999953,58.99937105776099
105.83966629999983,21.011863699999953,62.158894343696005
105.83996629999984,21.011863699999953,59.59217088876588
105.84026629999984,21.011863699999953,61.30406461582896
105.84056629999984,21.011863699999953,62.34819539924381
105.84086629999985,21.011863699999953,64.11652901888986
105.84116629999984,21.011863699999953,64.20233681891823
105.84146629999982,21.011863699999953,63.81433777610208
105.84176629999982,21.011863699999953,61.75338095476384
105.8420662999998,21.011863699999953,58.57046880250452
105.8423662999998,21.011863699999953,58.006225935711115
105.8426662999998,21.011863699999953,57.84474656161411
105.8429662999998,21.011863699999953,65.12443241445713
105.8432662999998,21.011863699999953,64.7830829951936
105.8435662999998,21.011863699999953,65.18559727699395
105.8438662999998,21.011863699999953,70.91829965863585
105.84416629999978,21.011863699999953,71.82309465279053
105.84446629999978,21.011863699999953,73.97028497493584
105.84476629999978,21.011863699999953,68.22644489789349
105.84506629999976,21.011863699999953,52.55579087549047
105.84536629999975,21.011863699999953,50.99326409208789
105.84566629999976,21.011863699999953,53.53060672091696
105.84596629999976,21.011863699999953,57.090994604298714
105.84626629999975,21.011863699999953,56.06686036673874
105.84656629999976,21.011863699999953,58.21876191985089
105.84686629999976,21.011863699999953,68.42156914160648
105.84716629999974,21.011863699999953,67.95942029625196
105.84746629999974,21.011863699999953,70.36198781855308
105.84776629999972,21.011863699999953,65.24756526043764
105.84806629999972,21.011863699999953,68.75083334749048
105.84836629999973,21.011863699999953,65.04815676635714
105.84866629999972,21.011863699999953,64.15251972826444
105.84896629999972,21.011863699999953,73.36516565490601
105.84926629999973,21.011863699999953,66.7288541236009
105.84956629999972,21.011863699999953,74.08846600700564
105.8498662999997,21.011863699999953,73.13456524574254
105.8501662999997,21.011863699999953,74.8576802415681
105.8504662999997,21.011863699999953,72.62985015671609
105.85076629999968,21.011863699999953,72.95511714689022
105.85106629999969,21.011863699999953,75.2305663578
105.85136629999968,21.011863699999953,75.00437030771708
105.85166629999968,21.011863699999953,72.05223930364554
105.85196629999967,21.011863699999953,76.68216316412037
105.85226629999968,21.011863699999953,74.4838959826655
105.85256629999968,21.011863699999953,75.2382435573311
105.85286629999966,21.011863699999953,73.78235372549472
105.85316629999966,21.011863699999953,73.21988656015739
105.85346629999964,21.011863699999953,75.15345558748547
105.85376629999963,21.011863699999953,65.65041399570421
105.85406629999964,21.011863699999953,73.64729930590393
105.85436629999964,21.011863699999953,70.0533979427099
105.85466629999964,21.011863699999953,74.39800575958385
105.85496629999965,21.011863699999953,74.92733407499462
105.85526629999964,21.011863699999953,69.8895782845397
105.85556629999962,21.011863699999953,71.32901276474549
105.85586629999962,21.011863699999953,70.72051637046926
105.8561662999996,21.011863699999953,69.62079651216284
105.8564662999996,21.011863699999953,71.74442696863235
105.8567662999996,21.011863699999953,71.83592928564485
105.8570662999996,21.011863699999953,67.76618804365769
105.8573662999996,21.011863699999953,55.39008713074146
105.8576662999996,21.011863699999953,59.51784971902654
105.8291663,21.012163699999952,62.68101308093537
105.8294663,21.012163699999952,73.58199552262316
105.8297663,21.012163699999952,71.07232240747832
105.83006629999998,21.012163699999952,62.0005914397576
105.83036629999998,21.012163699999952,61.368684163758914
105.83066629999998,21.012163699999952,62.230728312785146
105.83096629999996,21.012163699999952,59.6827850729908
105.83126629999995,21.012163699999952,64.29434886241575
105.83156629999996,21.012163699999952,65.40788282901556
105.83186629999996,21.012163699999952,63.896019903851354
105.83216629999995,21.012163699999952,64.98867665599363
105.83246629999996,21.012163699999952,56.894098094233456
105.83276629999996,21.012163699999952,59.304838055295605
105.83306629999994,21.012163699999952,57.86825157344275
105.83336629999994,21.012163699999952,56.93307827396724
105.83366629999992,21.012163699999952,51.74743517017832
105.83396629999991,21.012163699999952,64.48449897398618
105.83426629999992,21.012163699999952,52.76944073789157
105.83456629999992,21.012163699999952,55.536090697085925
105.83486629999992,21.012163699999952,53.7367114149837
105.83516629999993,21.012163699999952,57.89834767546104
105.83546629999992,21.012163699999952,56.54329209725341
105.8357662999999,21.012163699999952,56.418719528884026
105.8360662999999,21.012163699999952,58.27080874040311
105.8363662999999,21.012163699999952,58.47982318199824
105.83666629999988,21.012163699999952,57.30793776271405
105.83696629999989,21.012163699999952,56.354988056408715
105.83726629999988,21.012163699999952,57.287732497552454
105.83756629999988,21.012163699999952,59.224141608877616
105.83786629999987,21.012163699999952,60.38492793045104
105.83816629999988,21.012163699999952,59.698587549031515
105.83846629999988,21.012163699999952,60.368274685356155
105.83876629999986,21.012163699999952,63.86118342880694
105.83906629999986,21.012163699999952,63.0654332708383
105.83936629999984,21.012163699999952,62.89742020172598
105.83966629999983,21.012163699999952,59.40643602498386
105.83996629999984,21.012163699999952,60.33832687822158
105.84026629999984,21.012163699999952,58.87734532765107
105.84056629999984,21.012163699999952,62.633158285049575
105.84086629999985,21.012163699999952,63.35788912952857
105.84116629999984,21.012163699999952,64.52563851321659
105.84146629999982,21.012163699999952,63.73420837120317
105.84176629999982,21.012163699999952,61.75338095476384
105.8420662999998,21.012163699999952,58.57046880250452
105.8423662999998,21.012163699999952,58.006225935711115
105.8426662999998,21.012163699999952,57.84474656161411
105.8429662999998,21.012163699999952,65.12443241445713
105.8432662999998,21.012163699999952,70.84520369533799
105.8435662999998,21.012163699999952,77.30492704623296
105.8438662999998,21.012163699999952,71.98025584912656
105.84416629999978,21.012163699999952,71.66798667931961
105.84446629999978,21.012163699999952,74.74423299815952
105.84476629999978,21.012163699999952,68.22644489789349
105.84506629999976,21.012163699999952,55.27793149114245
105.84536629999975,21.012163699999952,50.669847729932414
105.84566629999976,21.012163699999952,53.73491632694267
105.84596629999976,21.012163699999952,57.29227752250293
105.84626629999975,21.012163699999952,56.26619738984506
105.84656629999976,21.012163699999952,56.67667731380254
105.84686629999976,21.012163699999952,67.34857708817783
105.84716629999974,21.012163699999952,64.47422925927825
105.84746629999974,21.012163699999952,70.47785647252036
105.84776629999972,21.012163699999952,64.92311859137908
105.84806629999972,21.012163699999952,67.68161306419029
105.84836629999973,21.012163699999952,68.65380231737147
105.84866629999972,21.012163699999952,67.91585574017022
105.84896629999972,21.012163699999952,76.01420258923552
105.84926629999973,21.012163699999952,70.88296813166609
105.84956629999972,21.012163699999952,73.34842980423564
105.8498662999997,21.012163699999952,74.41498594841141
105.8501662999997,21.012163699999952,71.66975602824871
105.8504662999997,21.012163699999952,73.80595584490298
105.85076629999968,21.012163699999952,73.11581641367886
105.85106629999969,21.012163699999952,72.44561131963822
105.85136629999968,21.012163699999952,76.65650491168041
105.85166629999968,21.012163699999952,72.2400861297845
105.85196629999967,21.012163699999952,80.2662600542264
105.85226629999968,21.012163699999952,73.68924466003199
105.85256629999968,21.012163699999952,74.42746968133645
105.85286629999966,21.012163699999952,71.14806299730486
105.85316629999966,21.012163699999952,71.31469984714029
105.85346629999964,21.012163699999952,69.97782405349507
105.85376629999963,21.012163699999952,69.76833507314385
105.85406629999964,21.012163699999952,70.7149702819895
105.85436629999964,21.012163699999952,68.96554790815011
105.85466629999964,21.012163699999952,73.63211830343707
105.85496629999965,21.012163699999952,71.28545983382047
105.85526629999964,21.012163699999952,67.4593499386659
105.85556629999962,21.012163699999952,72.05002215207388
105.85586629999962,21.012163699999952,70.26961645367582
105.8561662999996,21.012163699999952,67.94586600239133
105.8564662999996,21.012163699999952,69.0159113072464
105.8567662999996,21.012163699999952,71.0047553894156
105.8570662999996,21.012163699999952,68.16567116070705
105.8573662999996,21.012163699999952,54.93898402892572
105.8576662999996,21.012163699999952,59.00688527792397
105.8291663,21.01246369999995,71.8676681510559
105.8294663,21.01246369999995,66.49495801305778
105.8297663,21.01246369999995,61.81722320118247
105.83006629999998,21.01246369999995,59.04880040468001
105.83036629999998,21.01246369999995,67.57905473131005
105.83066629999998,21.01246369999995,67.34951432028883
105.83096629999996,21.01246369999995,74.05374419834848
105.83126629999995,21.01246369999995,65.73919385989291
105.83156629999996,21.01246369999995,65.65491945167781
105.83186629999996,21.01246369999995,57.82497300304806
105.83216629999995,21.01246369999995,62.60034007486648
105.83246629999996,21.01246369999995,59.69749228294614
105.83276629999996,21.01246369999995,60.06765407796226
105.83306629999994,21.01246369999995,59.86879666101464
105.83336629999994,21.01246369999995,62.02058800290156
105.83366629999992,21.01246369999995,57.38210476827358
105.83396629999991,21.01246369999995,58.3152816607854
105.83426629999992,21.01246369999995,54.76975788395684
105.83456629999992,21.01246369999995,53.13770159926096
105.83486629999992,21.01246369999995,57.28227508349421
105.83516629999993,21.01246369999995,55.823084928060894
105.83546629999992,21.01246369999995,59.13482628254432
105.8357662999999,21.01246369999995,58.048746460058126
105.8360662999999,21.01246369999995,56.35713937939735
105.8363662999999,21.01246369999995,57.33947587539703
105.83666629999988,21.01246369999995,55.45342117977249
105.83696629999989,21.01246369999995,51.33314764311996
105.83726629999988,21.01246369999995,52.66389503546924
105.83756629999988,21.01246369999995,53.09576526410636
105.83786629999987,21.01246369999995,51.52007823345713
105.83816629999988,21.01246369999995,59.62624521337065
105.83846629999988,21.01246369999995,55.09579908304134
105.83876629999986,21.01246369999995,63.985570785166104
105.83906629999986,21.01246369999995,60.14487109258323
105.83936629999984,21.01246369999995,58.80831465500019
105.83966629999983,21.01246369999995,64.39603449851123
105.83996629999984,21.01246369999995,59.78705352949363
105.84026629999984,21.01246369999995,59.33206532878009
105.84056629999984,21.01246369999995,61.506332309189574
105.84086629999985,21.01246369999995,63.72206179335444
105.84116629999984,21.01246369999995,64.68993832952881
105.84146629999982,21.01246369999995,63.94418073635697
105.84176629999982,21.01246369999995,61.75338095476384
105.8420662999998,21.01246369999995,58.57046880250452
105.8423662999998,21.01246369999995,58.006225935711115
105.8426662999998,21.01246369999995,57.84474656161411
105.8429662999998,21.01246369999995,72.19818729243119
105.8432662999998,21.01246369999995,70.95047028440044
105.8435662999998,21.01246369999995,71.69898231869145
105.8438662999998,21.01246369999995,71.98025584912656
105.84416629999978,21.01246369999995,71.66798667931961
105.84446629999978,21.01246369999995,74.74423299815952
105.84476629999978,21.01246369999995,59.80711602078655
105.84506629999976,21.01246369999995,56.422186818156234
105.84536629999975,21.01246369999995,50.545520180815046
105.84566629999976,21.01246369999995,55.08146737837164
105.84596629999976,21.01246369999995,56.78839065430935
105.84626629999975,21.01246369999995,58.34205943312284
105.84656629999976,21.01246369999995,60.72622682810558
105.84686629999976,21.01246369999995,59.29120975138152
105.84716629999974,21.01246369999995,62.89063207202021
105.84746629999974,21.01246369999995,69.26054510850122
105.84776629999972,21.01246369999995,74.87687791826508
105.84806629999972,21.01246369999995,70.33641710502528
105.84836629999973,21.01246369999995,68.51527778298811
105.84866629999972,21.01246369999995,73.00335275853288
105.84896629999972,21.01246369999995,70.94171989982502
105.84926629999973,21.01246369999995,71.07538535314677
105.84956629999972,21.01246369999995,72.35370163151538
105.8498662999997,21.01246369999995,69.10783846204767
105.8501662999997,21.01246369999995,72.05483674326778
105.8504662999997,21.01246369999995,72.05167941976153
105.85076629999968,21.01246369999995,74.5358402722422
105.85106629999969,21.01246369999995,72.81974872063006
105.85136629999968,21.01246369999995,76.47765567064721
105.85166629999968,21.01246369999995,73.26656588847852
105.85196629999967,21.01246369999995,75.95373889615502
105.85226629999968,21.01246369999995,73.10168948071573
105.85256629999968,21.01246369999995,72.3458925832694
105.85286629999966,21.01246369999995,70.89878590757424
105.85316629999966,21.01246369999995,71.20878475097732
105.85346629999964,21.01246369999995,69.59555586825016
105.85376629999963,21.01246369999995,69.85060472943425
105.85406629999964,21.01246369999995,71.62194139462643
105.85436629999964,21.01246369999995,71.21971298595507
105.85466629999964,21.01246369999995,69.94370986261815
105.85496629999965,21.01246369999995,71.78194924620804
105.85526629999964,21.01246369999995,66.58798319051785
105.85556629999962,21.01246369999995,67.18652326786864
105.85586629999962,21.01246369999995,71.54129180682236
105.8561662999996,21.01246369999995,67.20708777483985
105.8564662999996,21.01246369999995,63.546585655235845
105.8567662999996,21.01246369999995,73.12082517334954
105.8570662999996,21.01246369999995,63.94176797507858
105.8573662999996,21.01246369999995,55.27552751007188
105.8576662999996,21.01246369999995,70.91192269911637
105.8291663,21.01276369999995,71.59963117562056
105.8294663,21.01276369999995,70.26840161642117
105.8297663,21.01276369999995,63.596219611508474
105.83006629999998,21.01276369999995,63.62970114424439
105.83036629999998,21.01276369999995,68.70841145698068
105.83066629999998,21.01276369999995,73.72538006824325
105.83096629999996,21.01276369999995,70.20893062898314
105.83126629999995,21.01276369999995,62.641639249091966
105.83156629999996,21.01276369999995,64.31462416892965
105.83186629999996,21.01276369999995,63.623694296844846
105.83216629999995,21.01276369999995,57.28925477489743
105.83246629999996,21.01276369999995,63.40727598106979
105.83276629999996,21.01276369999995,61.39495350118638
105.83306629999994,21.01276369999995,61.8163983767013
105.83336629999994,21.01276369999995,63.71374338745606
105.83366629999992,21.01276369999995,64.23822601784107
105.83396629999991,21.01276369999995,55.81767315768785
105.83426629999992,21.01276369999995,51.888996222080586
105.83456629999992,21.01276369999995,56.90268575707333
105.83486629999992,21.01276369999995,54.69190042752696
105.83516629999993,21.01276369999995,55.9392216148272
105.83546629999992,21.01276369999995,56.25958765984427
105.8357662999999,21.01276369999995,48.83287725608267
105.8360662999999,21.01276369999995,52.42964151518317
105.8363662999999,21.01276369999995,62.5533237811984
105.83666629999988,21.01276369999995,52.66421485009175
105.83696629999989,21.01276369999995,54.77595618138112
105.83726629999988,21.01276369999995,50.68415091944044
105.83756629999988,21.01276369999995,50.68415091944044
105.83786629999987,21.01276369999995,51.7739129401117
105.83816629999988,21.01276369999995,51.12378931914599
105.83846629999988,21.01276369999995,54.450006746542854
105.83876629999986,21.01276369999995,62.04526406633504
105.83906629999986,21.01276369999995,59.42461561540665
105.83936629999984,21.01276369999995,64.60056588254814
105.83966629999983,21.01276369999995,60.34501392864257
105.83996629999984,21.01276369999995,60.21807282313348
105.84026629999984,21.01276369999995,59.33206532878009
105.84056629999984,21.01276369999995,61.506332309189574
105.84086629999985,21.01276369999995,63.62425604482736
105.84116629999984,21.01276369999995,64.47068615376863
105.84146629999982,21.01276369999995,64.31707144637853
105.84176629999982,21.01276369999995,62.115012627461354
105.8420662999998,21.01276369999995,58.57046880250452
105.8423662999998,21.01276369999995,58.006225935711115
105.8426662999998,21.01276369999995,64.87325139103808
105.8429662999998,21.01276369999995,72.19818729243119
105.8432662999998,21.01276369999995,71.40999521089206
105.8435662999998,21.01276369999995,71.98025584912656
105.8438662999998,21.01276369999995,70.51690692447559
105.84416629999978,21.01276369999995,71.66798667931961
105.84446629999978,21.01276369999995,74.74423299815952
105.84476629999978,21.01276369999995,65.89890027559879
105.84506629999976,21.01276369999995,56.422186818156234
105.84536629999975,21.01276369999995,50.66697612167456
105.84566629999976,21.01276369999995,53.81334585414885
105.84596629999976,21.01276369999995,55.978323333590595
105.84626629999975,21.01276369999995,57.869254620452836
105.84656629999976,21.01276369999995,57.142720207324984
105.84686629999976,21.01276369999995,57.7156250907352
105.84716629999974,21.01276369999995,63.37378899190732
105.84746629999974,21.01276369999995,68.27389417951757
105.84776629999972,21.01276369999995,64.60884200905885
105.84806629999972,21.01276369999995,63.14402993159706
105.84836629999973,21.01276369999995,63.24979194130795
105.84866629999972,21.01276369999995,72.487724995814
105.84896629999972,21.01276369999995,74.22758213817423
105.84926629999973,21.01276369999995,74.3780938878623
105.84956629999972,21.01276369999995,72.60449798043504
105.8498662999997,21.01276369999995,72.59654298024766
105.8501662999997,21.01276369999995,73.51862222864578
105.8504662999997,21.01276369999995,74.23516905221247
105.85076629999968,21.01276369999995,78.64315201397922
105.85106629999969,21.01276369999995,82.04338009544627
105.85136629999968,21.01276369999995,74.62952220402951
105.85166629999968,21.01276369999995,79.33036679934555
105.85196629999967,21.01276369999995,75.57497693319223
105.85226629999968,21.01276369999995,73.53293311704907
105.85256629999968,21.01276369999995,70.93945005550566
105.85286629999966,21.01276369999995,70.26227092554943
105.85316629999966,21.01276369999995,73.82071127209676
105.85346629999964,21.01276369999995,69.0959493312781
105.85376629999963,21.01276369999995,65.99336390354956
105.85406629999964,21.01276369999995,69.23989851263985
105.85436629999964,21.01276369999995,68.17614898544245
105.85466629999964,21.01276369999995,70.04980928785353
105.85496629999965,21.01276369999995,70.05746893440595
105.85526629999964,21.01276369999995,65.67698644929
105.85556629999962,21.01276369999995,67.95141817660266
105.85586629999962,21.01276369999995,71.55997506428253
105.8561662999996,21.01276369999995,69.17937235569521
105.8564662999996,21.01276369999995,66.84991578315088
105.8567662999996,21.01276369999995,69.62915791961106
105.8570662999996,21.01276369999995,65.17107650525834
105.8573662999996,21.01276369999995,53.960503993372384
105.8576662999996,21.01276369999995,71.81994987493098
105.8291663,21.01306369999995,63.8011972395519
105.8294663,21.01306369999995,70.44104097355644
105.8297663,21.01306369999995,61.5450130523576
105.83006629999998,21.01306369999995,66.0088497604802
105.83036629999998,21.01306369999995,69.36675145153204
105.83066629999998,21.01306369999995,69.19134797588437
105.83096629999996,21.01306369999995,64.52182823218772
105.83126629999995,21.01306369999995,60.78245957418403
105.83156629999996,21.01306369999995,67.95098176714139
105.83186629999996,21.01306369999995,71.09369290366641
105.83216629999995,21.01306369999995,63.14816878143768
105.83246629999996,21.01306369999995,65.6455948516049
105.83276629999996,21.01306369999995,56.08025404661065
105.83306629999994,21.01306369999995,68.30357796503573
105.83336629999994,21.01306369999995,62.19039319414878
105.83366629999992,21.01306369999995,60.40127215142762
105.83396629999991,21.01306369999995,59.5406546009239
105.83426629999992,21.01306369999995,58.23128395385085
105.83456629999992,21.01306369999995,57.80845065189592
105.83486629999992,21.01306369999995,59.9545433840016
105.83516629999993,21.01306369999995,58.49755135962444
105.83546629999992,21.01306369999995,53.395050517579435
105.8357662999999,21.01306369999995,54.72446128352
105.8360662999999,21.01306369999995,52.72449254600373
105.8363662999999,21.01306369999995,58.63656781422738
105.83666629999988,21.01306369999995,51.40458067224877
105.83696629999989,21.01306369999995,51.5967842703737
105.83726629999988,21.01306369999995,52.88776835537448
105.83756629999988,21.01306369999995,52.88776835537448
105.83786629999987,21.01306369999995,58.85545754698461
105.83816629999988,21.01306369999995,58.85545754698461
105.83846629999988,21.01306369999995,58.98870892178133
105.83876629999986,21.01306369999995,61.542157805191394
105.83906629999986,21.01306369999995,63.112133455368635
105.83936629999984,21.01306369999995,64.81562800858418
105.83966629999983,21.01306369999995,65.61015754612966
105.83996629999984,21.01306369999995,60.74549217835148
105.84026629999984,21.01306369999995,58.17746443904484
105.84056629999984,21.01306369999995,60.93617460127203
105.84086629999985,21.01306369999995,63.63627453389002
105.84116629999984,21.01306369999995,64.0560540332508
105.84146629999982,21.01306369999995,63.05342214138855
105.84176629999982,21.01306369999995,61.93461689370359
105.8420662999998,21.01306369999995,64.11415143540836
105.8423662999998,21.01306369999995,65.03473076513508
105.8426662999998,21.01306369999995,63.9557980654277
105.8429662999998,21.01306369999995,72.66535269133108
105.8432662999998,21.01306369999995,72.80641131255364
105.8435662999998,21.01306369999995,71.98025584912656
105.8438662999998,21.01306369999995,72.30916964131151
105.84416629999978,21.01306369999995,71.66798667931961
105.84446629999978,21.01306369999995,74.74423299815952
105.84476629999978,21.01306369999995,65.89890027559879
105.84506629999976,21.01306369999995,56.422186818156234
105.84536629999975,21.01306369999995,50.96571657037882
105.84566629999976,21.01306369999995,54.64429753365761
105.84596629999976,21.01306369999995,55.470347326218544
105.84626629999975,21.01306369999995,57.26882727780591
105.84656629999976,21.01306369999995,58.6465807150792
105.84686629999976,21.01306369999995,59.74578883101309
105.84716629999974,21.01306369999995,67.72809754771097
105.84746629999974,21.01306369999995,61.5481559089842
105.84776629999972,21.01306369999995,65.46459658008203
105.84806629999972,21.01306369999995,67.4509650564663
105.84836629999973,21.01306369999995,66.13624215480901
105.84866629999972,21.01306369999995,68.5167717100297
105.84896629999972,21.01306369999995,75.05205971964172
105.84926629999973,21.01306369999995,77.02823964489794
105.84956629999972,21.01306369999995,74.04271714532737
105.8498662999997,21.01306369999995,79.05869577150254
105.8501662999997,21.01306369999995,72.32634008774812
105.8504662999997,21.01306369999995,74.17596857279736
105.85076629999968,21.01306369999995,75.6874916225376
105.85106629999969,21.01306369999995,72.04464987028214
105.85136629999968,21.01306369999995,74.0283337085514
105.85166629999968,21.01306369999995,80.07730566162158
105.85196629999967,21.01306369999995,78.62019131289041
105.85226629999968,21.01306369999995,73.19674370299778
105.85256629999968,21.01306369999995,72.04085117341452
105.85286629999966,21.01306369999995,70.06474045319854
105.85316629999966,21.01306369999995,76.35767558915248
105.85346629999964,21.01306369999995,67.11376847098184
105.85376629999963,21.01306369999995,63.952246329426714
105.85406629999964,21.01306369999995,66.77036542829674
105.85436629999964,21.01306369999995,66.29565314803058
105.85466629999964,21.01306369999995,68.52720587990702
105.85496629999965,21.01306369999995,68.30293516373058
105.85526629999964,21.01306369999995,63.855044010382954
105.85556629999962,21.01306369999995,68.69419683021148
105.85586629999962,21.01306369999995,70.04459571491833
105.8561662999996,21.01306369999995,69.08054358546553
105.8564662999996,21.01306369999995,78.1899018240818
105.8567662999996,21.01306369999995,74.4833019727803
105.8570662999996,21.01306369999995,67.35989654906989
105.8573662999996,21.01306369999995,71.96209947839816
105.8576662999996,21.01306369999995,70.57072995025358
105.8291663,21.01336369999995,65.23969191913099
105.8294663,21.01336369999995,61.11434355154914
105.8297663,21.01336369999995,70.27943266801428
105.83006629999998,21.01336369999995,65.15578852866683
105.83036629999998,21.01336369999995,64.26241666729831
105.83066629999998,21.01336369999995,61.61276955310187
105.83096629999996,21.01336369999995,67.5617259261037
105.83126629999995,21.01336369999995,65.17559827327563
105.83156629999996,21.01336369999995,63.526258576644054
105.83186629999996,21.01336369999995,70.00301901352908
105.83216629999995,21.01336369999995,65.02241771054875
105.83246629999996,21.01336369999995,65.96072384540271
105.83276629999996,21.01336369999995,63.272556677809575
105.83306629999994,21.01336369999995,65.32157501621309
105.83336629999994,21.01336369999995,60.77742428491214
105.83366629999992,21.01336369999995,61.60805274402756
105.83396629999991,21.01336369999995,59.72298499779174
105.83426629999992,21.01336369999995,58.906970757365755
105.83456629999992,21.01336369999995,56.15607336794973
105.83486629999992,21.01336369999995,58.63264808654242
105.83516629999993,21.01336369999995,61.06515718706076
105.83546629999992,21.01336369999995,59.9618885140368
105.8357662999999,21.01336369999995,54.34250573931996
105.8360662999999,21.01336369999995,55.81711603184509
105.8363662999999,21.01336369999995,50.240079475516545
105.83666629999988,21.01336369999995,55.71806400880446
105.83696629999989,21.01336369999995,56.55721406873832
105.83726629999988,21.01336369999995,56.78781778296447
105.83756629999988,21.01336369999995,56.14182749798162
105.83786629999987,21.01336369999995,56.0397513942016
105.83816629999988,21.01336369999995,57.24734731878098
105.83846629999988,21.01336369999995,57.31972283125155
105.83876629999986,21.01336369999995,62.08264071777781
105.83906629999986,21.01336369999995,62.089976352367685
105.83936629999984,21.01336369999995,64.13516135027453
105.83966629999983,21.01336369999995,66.56654466592171
105.83996629999984,21.01336369999995,62.56427792810405
105.84026629999984,21.01336369999995,63.139180746265126
105.84056629999984,21.01336369999995,66.6721219896468
105.84086629999985,21.01336369999995,63.63627453389002
105.84116629999984,21.01336369999995,64.58279537879379
105.84146629999982,21.01336369999995,63.56445377765495
105.84176629999982,21.01336369999995,61.93461689370359
105.8420662999998,21.01336369999995,63.09448343392967
105.8423662999998,21.01336369999995,64.53675876274752
105.8426662999998,21.01336369999995,65.33915322119859
105.8429662999998,21.01336369999995,72.66535269133108
105.8432662999998,21.01336369999995,72.80641131255364
105.8435662999998,21.01336369999995,71.40999521089206
105.8438662999998,21.01336369999995,72.30916964131151
105.84416629999978,21.01336369999995,72.6189825600538
105.84446629999978,21.01336369999995,73.98780875361683
105.84476629999978,21.01336369999995,65.89890027559879
105.84506629999976,21.01336369999995,56.30647687784074
105.84536629999975,21.01336369999995,53.26566752155246
105.84566629999976,21.01336369999995,53.17870490271906
105.84596629999976,21.01336369999995,57.38654028942251
105.84626629999975,21.01336369999995,56.753965416782265
105.84656629999976,21.01336369999995,61.48523948600912
105.84686629999976,21.01336369999995,57.66665547795894
105.84716629999974,21.01336369999995,66.38202191417987
105.84746629999974,21.01336369999995,67.84726961267388
105.84776629999972,21.01336369999995,68.44115277153793
105.84806629999972,21.01336369999995,62.00102944672295
105.84836629999973,21.01336369999995,64.6088992356119
105.84866629999972,21.01336369999995,71.97305931925965
105.84896629999972,21.01336369999995,78.74484892604433
105.84926629999973,21.01336369999995,68.96385367306497
105.84956629999972,21.01336369999995,75.26968673536413
105.8498662999997,21.01336369999995,71.940396447112
105.8501662999997,21.01336369999995,84.65169642787534
105.8504662999997,21.01336369999995,72.49443494874805
105.85076629999968,21.01336369999995,73.02671937639721
105.85106629999969,21.01336369999995,71.4394872421297
105.85136629999968,21.01336369999995,69.31916263228149
105.85166629999968,21.01336369999995,75.5610975997517
105.85196629999967,21.01336369999995,78.16489299414735
105.85226629999968,21.01336369999995,72.8879216935485
105.85256629999968,21.01336369999995,74.8008617534861
105.85286629999966,21.01336369999995,71.79809524552162
105.85316629999966,21.01336369999995,66.62904914371829
105.85346629999964,21.01336369999995,67.29268608956534
105.85376629999963,21.01336369999995,69.67307816702068
105.85406629999964,21.01336369999995,64.77117106525544
105.85436629999964,21.01336369999995,64.61384995751361
105.85466629999964,21.01336369999995,67.8054614637817
105.85496629999965,21.01336369999995,61.83224477387809
105.85526629999964,21.01336369999995,61.67958531716121
105.85556629999962,21.01336369999995,59.30304173343548
105.85586629999962,21.01336369999995,66.57157515259101
105.8561662999996,21.01336369999995,67.20094695754554
105.8564662999996,21.01336369999995,78.69994973117325
105.8567662999996,21.01336369999995,81.17032152763225
105.8570662999996,21.01336369999995,70.12189543308436
105.8573662999996,21.01336369999995,70.41415901744946
105.8576662999996,21.01336369999995,72.99711826459203
105.8291663,21.01366369999995,68.85397569087552
105.8294663,21.01366369999995,66.5461790926455
105.8297663,21.01366369999995,72.83071171677332
105.83006629999998,21.01366369999995,67.0815193755855
105.83036629999998,21.01366369999995,70.59599460582454
105.83066629999998,21.01366369999995,63.244801128483275
105.83096629999996,21.01366369999995,62.42469299913779
105.83126629999995,21.01366369999995,66.29672169057748
105.83156629999996,21.01366369999995,64.28456663009383
105.83186629999996,21.01366369999995,73.11735618952392
105.83216629999995,21.01366369999995,66.0262406690409
105.83246629999996,21.01366369999995,66.48867363483949
105.83276629999996,21.01366369999995,71.35975491602649
105.83306629999994,21.01366369999995,67.7293574430118
105.83336629999994,21.01366369999995,60.90957629884794
105.83366629999992,21.01366369999995,64.07623959310273
105.83396629999991,21.01366369999995,61.06654565478442
105.83426629999992,21.01366369999995,56.394242722890354
105.83456629999992,21.01366369999995,60.56833720554596
105.83486629999992,21.01366369999995,58.44448877840334
105.83516629999993,21.01366369999995,59.323344143798025
105.83546629999992,21.01366369999995,59.53566179079163
105.8357662999999,21.01366369999995,57.10568080054833
105.8360662999999,21.01366369999995,60.07147202262125
105.8363662999999,21.01366369999995,64.44454093019849
105.83666629999988,21.01366369999995,63.343686981234185
105.83696629999989,21.01366369999995,60.88641693714932
105.83726629999988,21.01366369999995,55.732539884619825
105.83756629999988,21.01366369999995,55.86232985922226
105.83786629999987,21.01366369999995,55.79913827123589
105.83816629999988,21.01366369999995,56.15767482964118
105.83846629999988,21.01366369999995,59.499842307554374
105.83876629999986,21.01366369999995,59.0637672597702
105.83906629999986,21.01366369999995,66.25559505401083
105.83936629999984,21.01366369999995,66.91725824810906
105.83966629999983,21.01366369999995,68.15011537417035
105.83996629999984,21.01366369999995,63.536573802984975
105.84026629999984,21.01366369999995,62.341747677595095
105.84056629999984,21.01366369999995,63.536573802984975
105.84086629999985,21.01366369999995,64.95820512865019
105.84116629999984,21.01366369999995,66.66519041781002
105.84146629999982,21.01366369999995,64.90374658769824
105.84176629999982,21.01366369999995,63.82510427335636
105.8420662999998,21.01366369999995,61.430765415058374
105.8423662999998,21.01366369999995,63.28077947231729
105.8426662999998,21.01366369999995,65.33915322119859
105.8429662999998,21.01366369999995,72.66535269133108
105.8432662999998,21.01366369999995,72.80641131255364
105.8435662999998,21.01366369999995,72.80641131255364
105.8438662999998,21.01366369999995,72.30916964131151
105.84416629999978,21.01366369999995,74.09147103371097
105.84446629999978,21.01366369999995,73.59989350822391
105.84476629999978,21.01366369999995,65.89890027559879
105.84506629999976,21.01366369999995,63.45303343818087
105.84536629999975,21.01366369999995,54.32786475155018
105.84566629999976,21.01366369999995,54.625957341858566
105.84596629999976,21.01366369999995,55.31348091658158
105.84626629999975,21.01366369999995,53.3925557444736
105.84656629999976,21.01366369999995,61.34471402161785
105.84686629999976,21.01366369999995,58.12688272755807
105.84716629999974,21.01366369999995,66.55461764859146
105.84746629999974,21.01366369999995,66.89849112188742
105.84776629999972,21.01366369999995,67.64165715368213
105.84806629999972,21.01366369999995,66.64001096633969
105.84836629999973,21.01366369999995,68.78330525097361
105.84866629999972,21.01366369999995,69.84364601798804
105.84896629999972,21.01366369999995,73.966823215493
105.84926629999973,21.01366369999995,73.04450184835223
105.84956629999972,21.01366369999995,72.60277867258857
105.8498662999997,21.01366369999995,68.8624108584625
105.8501662999997,21.01366369999995,74.4235739109714
105.8504662999997,21.01366369999995,71.96443448695742
105.85076629999968,21.01366369999995,73.09317752453703
105.85106629999969,21.01366369999995,73.22438859069882
105.85136629999968,21.01366369999995,71.7181832252322
105.85166629999968,21.01366369999995,75.41063130872669
105.85196629999967,21.01366369999995,70.40788498569756
105.85226629999968,21.01366369999995,72.12409995501189
105.85256629999968,21.01366369999995,76.90589406580371
105.85286629999966,21.01366369999995,65.4920469632166
105.85316629999966,21.01366369999995,69.38292700347101
105.85346629999964,21.01366369999995,70.60369456079674
105.85376629999963,21.01366369999995,69.36037508724044
105.85406629999964,21.01366369999995,65.96778222175313
105.85436629999964,21.01366369999995,65.11550434023337
105.85466629999964,21.01366369999995,64.44744433441278
105.85496629999965,21.01366369999995,63.42093812329453
105.85526629999964,21.01366369999995,63.84704748038861
105.85556629999962,21.01366369999995,65.95756655471604
105.85586629999962,21.01366369999995,65.77525035510502
105.8561662999996,21.01366369999995,75.49993938883314
105.8564662999996,21.01366369999995,82.56572987648191
105.8567662999996,21.01366369999995,71.2409647549176
105.8570662999996,21.01366369999995,70.26861560604425
105.8573662999996,21.01366369999995,73.7107507757093
105.8576662999996,21.01366369999995,69.75077258645996
105.8291663,21.013963699999948,72.7495374083942
105.8294663,21.013963699999948,70.75737749992311
105.8297663,21.013963699999948,68.4959440431663
105.83006629999998,21.013963699999948,69.64127405904229
105.83036629999998,21.013963699999948,65.89693760163986
105.83066629999998,21.013963699999948,65.53697314124452
105.83096629999996,21.013963699999948,61.793180910744866
105.83126629999995,21.013963699999948,66.96179311123943
105.83156629999996,21.013963699999948,70.83404085209456
105.83186629999996,21.013963699999948,67.94920149578991
105.83216629999995,21.013963699999948,67.20931976542381
105.83246629999996,21.013963699999948,64.37222459599536
105.83276629999996,21.013963699999948,65.48945247687965
105.83306629999994,21.013963699999948,71.15096130789233
105.83336629999994,21.013963699999948,67.91689696216702
105.83366629999992,21.013963699999948,59.44306794903022
105.83396629999991,21.013963699999948,57.46849397903108
105.83426629999992,21.013963699999948,57.3804428404226
105.83456629999992,21.013963699999948,60.52885476951241
105.83486629999992,21.013963699999948,58.19200630016286
105.83516629999993,21.013963699999948,58.9636955796296
105.83546629999992,21.013963699999948,58.570221791894355
105.8357662999999,21.013963699999948,54.95899497222601
105.8360662999999,21.013963699999948,55.878825058033954
105.8363662999999,21.013963699999948,63.015010128243546
105.83666629999988,21.013963699999948,63.64757969156547
105.83696629999989,21.013963699999948,59.410602574684475
105.83726629999988,21.013963699999948,62.56658966247845
105.83756629999988,21.013963699999948,57.64008292594136
105.83786629999987,21.013963699999948,59.60232224681825
105.83816629999988,21.013963699999948,58.14677880576025
105.83846629999988,21.013963699999948,57.329117809471015
105.83876629999986,21.013963699999948,63.0633956538547
105.83906629999986,21.013963699999948,65.46604398965245
105.83936629999984,21.013963699999948,66.81731745842598
105.83966629999983,21.013963699999948,69.29502651979882
105.83996629999984,21.013963699999948,66.29121922686785
105.84026629999984,21.013963699999948,63.536573802984975
105.84056629999984,21.013963699999948,66.85060253949553
105.84086629999985,21.013963699999948,65.6275712557611
105.84116629999984,21.013963699999948,64.0605053325796
105.84146629999982,21.013963699999948,65.39603050902936
105.84176629999982,21.013963699999948,62.56912498292613
105.8420662999998,21.013963699999948,61.430765415058374
105.8423662999998,21.013963699999948,63.28077947231729
105.8426662999998,21.013963699999948,65.60358366670974
105.8429662999998,21.013963699999948,72.92978313684223
105.8432662999998,21.013963699999948,72.92978313684223
105.8435662999998,21.013963699999948,73.24057823544328
105.8438662999998,21.013963699999948,72.30916964131151
105.84416629999978,21.013963699999948,74.09147103371097
105.84446629999978,21.013963699999948,75.86564655348185
105.84476629999978,21.013963699999948,66.00247170713254
105.84506629999976,21.013963699999948,63.38297301255166
105.84536629999975,21.013963699999948,55.20568412117866
105.84566629999976,21.013963699999948,54.75998978395239
105.84596629999976,21.013963699999948,55.56649136759198
105.84626629999975,21.013963699999948,55.8813075992077
105.84656629999976,21.013963699999948,59.46256517233985
105.84686629999976,21.013963699999948,57.97516575824227
105.84716629999974,21.013963699999948,67.13361996658676
105.84746629999974,21.013963699999948,67.08460959136113
105.84776629999972,21.013963699999948,67.62237016921401
105.84806629999972,21.013963699999948,70.18109384536757
105.84836629999973,21.013963699999948,67.44477671447183
105.84866629999972,21.013963699999948,68.58460740024415
105.84896629999972,21.013963699999948,71.86489937821018
105.84926629999973,21.013963699999948,72.0850272403105
105.84956629999972,21.013963699999948,72.50105572209378
105.8498662999997,21.013963699999948,71.61892155349697
105.8501662999997,21.013963699999948,71.35293967204542
105.8504662999997,21.013963699999948,70.68735372912006
105.85076629999968,21.013963699999948,73.99095309297705
105.85106629999969,21.013963699999948,74.9327973266636
105.85136629999968,21.013963699999948,74.75329999131169
105.85166629999968,21.013963699999948,68.81485784345226
105.85196629999967,21.013963699999948,69.48575816238161
105.85226629999968,21.013963699999948,70.11797632393824
105.85256629999968,21.013963699999948,67.20480381324201
105.85286629999966,21.013963699999948,67.44721786078419
105.85316629999966,21.013963699999948,67.46168410553396
105.85346629999964,21.013963699999948,58.80880058339214
105.85376629999963,21.013963699999948,63.6631264149689
105.85406629999964,21.013963699999948,63.96746166941166
105.85436629999964,21.013963699999948,62.59277980612866
105.85466629999964,21.013963699999948,68.31779659003443
105.85496629999965,21.013963699999948,58.62381418955658
105.85526629999964,21.013963699999948,63.13894379340398
105.85556629999962,21.013963699999948,62.1652393953232
105.85586629999962,21.013963699999948,65.79105370596132
105.8561662999996,21.013963699999948,73.58630978029309
105.8564662999996,21.013963699999948,71.84308717074049
105.8567662999996,21.013963699999948,72.83500663294848
105.8570662999996,21.013963699999948,70.9438356973763
105.8573662999996,21.013963699999948,75.98187913117792
105.8576662999996,21.013963699999948,71.20438414209605
105.8291663,21.014263699999947,71.9745722396174
105.8294663,21.014263699999947,68.32402420998365
105.8297663,21.014263699999947,66.57995692310736
105.83006629999998,21.014263699999947,68.73027249151477
105.83036629999998,21.014263699999947,69.00370380793733
105.83066629999998,21.014263699999947,68.24311537369304
105.83096629999996,21.014263699999947,65.43466439063631
105.83126629999995,21.014263699999947,68.29802940178868
105.83156629999996,21.014263699999947,63.54817208252709
105.83186629999996,21.014263699999947,67.24083736356326
105.83216629999995,21.014263699999947,66.7052631762001
105.83246629999996,21.014263699999947,64.80592582945312
105.83276629999996,21.014263699999947,60.31924299155803
105.83306629999994,21.014263699999947,64.53357713224514
105.83336629999994,21.014263699999947,66.68659183064511
105.83366629999992,21.014263699999947,60.18675075297554
105.83396629999991,21.014263699999947,57.760075995203366
105.83426629999992,21.014263699999947,57.689271710391765
105.83456629999992,21.014263699999947,59.6180895402325
105.83486629999992,21.014263699999947,55.88692443683233
105.83516629999993,21.014263699999947,59.749158421543285
105.83546629999992,21.014263699999947,57.08278634170665
105.8357662999999,21.014263699999947,52.992633025897305
105.8360662999999,21.014263699999947,56.769861208401394
105.8363662999999,21.014263699999947,64.18866616195592
105.83666629999988,21.014263699999947,64.35935349537233
105.83696629999989,21.014263699999947,65.27455306678837
105.83726629999988,21.014263699999947,60.64376300763138
105.83756629999988,21.014263699999947,60.933919735136286
105.83786629999987,21.014263699999947,57.8655909789892
105.83816629999988,21.014263699999947,64.81068357827728
105.83846629999988,21.014263699999947,63.29034335051928
105.83876629999986,21.014263699999947,64.05785636589971
105.83906629999986,21.014263699999947,64.59385970636761
105.83936629999984,21.014263699999947,65.07176136975947
105.83966629999983,21.014263699999947,68.08157476403049
105.83996629999984,21.014263699999947,70.58519906293999
105.84026629999984,21.014263699999947,66.61828456316555
105.84056629999984,21.014263699999947,66.47301604620951
105.84086629999985,21.014263699999947,64.48699640947001
105.84116629999984,21.014263699999947,65.06966414411782
105.84146629999982,21.014263699999947,67.40444675336164
105.84176629999982,21.014263699999947,63.518167588023985
105.8420662999998,21.014263699999947,61.62528140541367
105.8423662999998,21.014263699999947,64.06950940652277
105.8426662999998,21.014263699999947,64.8928892776696
105.8429662999998,21.014263699999947,72.21908874780209
105.8432662999998,21.014263699999947,72.21908874780209
105.8435662999998,21.014263699999947,73.24057823544328
105.8438662999998,21.014263699999947,74.5399908743079
105.84416629999978,21.014263699999947,74.09147103371097
105.84446629999978,21.014263699999947,75.86564655348185
105.84476629999978,21.014263699999947,64.98121040251786
105.84506629999976,21.014263699999947,63.38297301255166
105.84536629999975,21.014263699999947,56.90002105545223
105.84566629999976,21.014263699999947,54.30698295941112
105.84596629999976,21.014263699999947,55.0786318690826
105.84626629999975,21.014263699999947,55.39630377621863
105.84656629999976,21.014263699999947,56.96653102847209
105.84686629999976,21.014263699999947,57.27775973971431
105.84716629999974,21.014263699999947,66.09642565314635
105.84746629999974,21.014263699999947,71.74068789129329
105.84776629999972,21.014263699999947,69.43264457902234
105.84806629999972,21.014263699999947,71.5378773384294
105.84836629999973,21.014263699999947,65.81714458028114
105.84866629999972,21.014263699999947,71.69827471069286
105.84896629999972,21.014263699999947,69.94566776970582
105.84926629999973,21.014263699999947,73.6438616314778
105.84956629999972,21.014263699999947,70.17554711007926
105.8498662999997,21.014263699999947,78.76242989526193
105.8501662999997,21.014263699999947,73.1431463175342
105.8504662999997,21.014263699999947,72.84133282528646
105.85076629999968,21.014263699999947,77.05845562880093
105.85106629999969,21.014263699999947,75.90544534214398
105.85136629999968,21.014263699999947,74.02532011164915
105.85166629999968,21.014263699999947,76.77939969719392
105.85196629999967,21.014263699999947,69.1102538747498
105.85226629999968,21.014263699999947,69.60321373867244
105.85256629999968,21.014263699999947,63.94629500957731
105.85286629999966,21.014263699999947,61.88860456327491
105.85316629999966,21.014263699999947,57.59454853945738
105.85346629999964,21.014263699999947,67.59384670874624
105.85376629999963,21.014263699999947,61.471878265927856
105.85406629999964,21.014263699999947,58.97659524645535
105.85436629999964,21.014263699999947,68.0094302624237
105.85466629999964,21.014263699999947,56.91982142499715
105.85496629999965,21.014263699999947,55.9781389636823
105.85526629999964,21.014263699999947,65.7038049756128
105.85556629999962,21.014263699999947,66.00354820539704
105.85586629999962,21.014263699999947,68.32199449448657
105.8561662999996,21.014263699999947,69.13391215591513
105.8564662999996,21.014263699999947,67.10697559664226
105.8567662999996,21.014263699999947,70.71261723708766
105.8570662999996,21.014263699999947,63.71465433459606
105.8573662999996,21.014263699999947,70.51002545310709
105.8576662999996,21.014263699999947,75.60235048327935
105.8291663,21.014563699999947,64.59843599087904
105.8294663,21.014563699999947,63.01909172893811
105.8297663,21.014563699999947,65.91494049456374
105.83006629999998,21.014563699999947,72.65743673004698
105.83036629999998,21.014563699999947,70.98900186365111
105.83066629999998,21.014563699999947,69.44205374895138
105.83096629999996,21.014563699999947,70.41091956374883
105.83126629999995,21.014563699999947,69.5300956097083
105.83156629999996,21.014563699999947,75.81887272639936
105.83186629999996,21.014563699999947,66.86779014068968
105.83216629999995,21.014563699999947,64.46909458848434
105.83246629999996,21.014563699999947,62.179719595554744
105.83276629999996,21.014563699999947,64.50315512793087
105.83306629999994,21.014563699999947,69.10056704237564
105.83336629999994,21.014563699999947,69.31663022434121
105.83366629999992,21.014563699999947,62.15586713437125
105.83396629999991,21.014563699999947,57.92508996328846
105.83426629999992,21.014563699999947,60.37226289838182
105.83456629999992,21.014563699999947,59.36953201925513
105.83486629999992,21.014563699999947,56.56143098273684
105.83516629999993,21.014563699999947,57.44376489243443
105.83546629999992,21.014563699999947,55.01136306934201
105.8357662999999,21.014563699999947,55.39941576113773
105.8360662999999,21.014563699999947,55.663396443502165
105.8363662999999,21.014563699999947,64.2963114252851
105.83666629999988,21.014563699999947,64.56512142071482
105.83696629999989,21.014563699999947,63.95616974257639
105.83726629999988,21.014563699999947,64.15940556270444
105.83756629999988,21.014563699999947,65.00828323205324
105.83786629999987,21.014563699999947,63.16260235713396
105.83816629999988,21.014563699999947,65.56087748961009
105.83846629999988,21.014563699999947,63.792664979183016
105.83876629999986,21.014563699999947,64.05785636589971
105.83906629999986,21.014563699999947,63.796884812840446
105.83936629999984,21.014563699999947,66.33179076905519
105.83966629999983,21.014563699999947,65.73386213006991
105.83996629999984,21.014563699999947,66.09821842919679
105.84026629999984,21.014563699999947,66.8553188145495
105.84056629999984,21.014563699999947,64.75139156146454
105.84086629999985,21.014563699999947,62.64302152493012
105.84116629999984,21.014563699999947,65.54910781128955
105.84146629999982,21.014563699999947,67.08627248952516
105.84176629999982,21.014563699999947,63.518167588023985
105.8420662999998,21.014563699999947,61.62528140541367
105.8423662999998,21.014563699999947,64.06950940652277
105.8426662999998,21.014563699999947,66.29713600613415
105.8429662999998,21.014563699999947,72.21908874780209
105.8432662999998,21.014563699999947,72.21908874780209
105.8435662999998,21.014563699999947,70.9576200929325
105.8438662999998,21.014563699999947,74.97415779719755
105.84416629999978,21.014563699999947,74.16769379782849
105.84446629999978,21.014563699999947,77.11392173276829
105.84476629999978,21.014563699999947,73.4554946096208
105.84506629999976,21.014563699999947,62.02845453617158
105.84536629999975,21.014563699999947,64.75046619113178
105.84566629999976,21.014563699999947,54.62126561755436
105.84596629999976,21.014563699999947,55.361568445023224
105.84626629999975,21.014563699999947,52.4171494003578
105.84656629999976,21.014563699999947,57.13183665239025
105.84686629999976,21.014563699999947,56.43686722101279
105.84716629999974,21.014563699999947,64.33337326899017
105.84746629999974,21.014563699999947,67.52384364537417
105.84776629999972,21.014563699999947,64.99473170119244
105.84806629999972,21.014563699999947,68.99842998016452
105.84836629999973,21.014563699999947,62.93447582976685
105.84866629999972,21.014563699999947,72.24601097132069
105.84896629999972,21.014563699999947,71.11096315049818
105.84926629999973,21.014563699999947,71.50093786078345
105.84956629999972,21.014563699999947,70.17593125315605
105.8498662999997,21.014563699999947,70.76533213573273
105.8501662999997,21.014563699999947,72.14319361833448
105.8504662999997,21.014563699999947,75.56982089128688
105.85076629999968,21.014563699999947,73.27607102646336
105.85106629999969,21.014563699999947,74.2953879785034
105.85136629999968,21.014563699999947,73.77327550186112
105.85166629999968,21.014563699999947,76.22957842924
105.85196629999967,21.014563699999947,74.3942469075923
105.85226629999968,21.014563699999947,71.82306311842066
105.85256629999968,21.014563699999947,66.47181484161663
105.85286629999966,21.014563699999947,63.62892893324636
105.85316629999966,21.014563699999947,69.5532495877878
105.85346629999964,21.014563699999947,65.28799539849497
105.85376629999963,21.014563699999947,59.178585863202585
105.85406629999964,21.014563699999947,54.66901445671394
105.85436629999964,21.014563699999947,64.93900922826458
105.85466629999964,21.014563699999947,58.18479099268508
105.85496629999965,21.014563699999947,56.38332463371523
105.85526629999964,21.014563699999947,65.65855631826827
105.85556629999962,21.014563699999947,57.6319404204649
105.85586629999962,21.014563699999947,64.26092371570377
105.8561662999996,21.014563699999947,68.47731754633364
105.8564662999996,21.014563699999947,68.82071100419381
105.8567662999996,21.014563699999947,71.68831774707934
105.8570662999996,21.014563699999947,63.97693745888519
105.8573662999996,21.014563699999947,73.35651385530693
105.8576662999996,21.014563699999947,74.12908698116901
105.8291663,21.014863699999943,69.28610393084979
105.8294663,21.014863699999943,62.41145260563667
105.8297663,21.014863699999943,71.95884465174895
105.83006629999998,21.014863699999943,72.34904234444423
105.83036629999998,21.014863699999943,71.8043485761077
105.83066629999998,21.014863699999943,71.1025769875845
105.83096629999996,21.014863699999943,72.70605190999385
105.83126629999995,21.014863699999943,68.30879911577784
105.83156629999996,21.014863699999943,59.01508035828011
105.83186629999996,21.014863699999943,67.90117749838396
105.83216629999995,21.014863699999943,66.64337971987477
105.83246629999996,21.014863699999943,67.36497746344186
105.83276629999996,21.014863699999943,69.08432548540364
105.83306629999994,21.014863699999943,65.056943086541
105.83336629999994,21.014863699999943,65.97034040247551
105.83366629999992,21.014863699999943,70.84904190070762
105.83396629999991,21.014863699999943,65.28620647498583
105.83426629999992,21.014863699999943,58.5820831672772
105.83456629999992,21.014863699999943,59.654506272011005
105.83486629999992,21.014863699999943,56.2504790573915
105.83516629999993,21.014863699999943,57.57496066989239
105.83546629999992,21.014863699999943,54.43074223547586
105.8357662999999,21.014863699999943,54.84761706377672
105.8360662999999,21.014863699999943,54.77824418586839
105.8363662999999,21.014863699999943,55.974050790766555
105.83666629999988,21.014863699999943,62.03817575981709
105.83696629999989,21.014863699999943,65.13965366733584
105.83726629999988,21.014863699999943,68.05612708494145
105.83756629999988,21.014863699999943,64.80260229286968
105.83786629999987,21.014863699999943,65.0228738507177
105.83816629999988,21.014863699999943,63.24035872016492
105.83846629999988,21.014863699999943,64.7110274952676
105.83876629999986,21.014863699999943,65.18188716845457
105.83906629999986,21.014863699999943,65.2851063071674
105.83936629999984,21.014863699999943,63.796884812840446
105.83966629999983,21.014863699999943,64.70142794461846
105.83996629999984,21.014863699999943,64.59385970636761
105.84026629999984,21.014863699999943,66.33179076905519
105.84056629999984,21.014863699999943,63.32812578729008
105.84086629999985,21.014863699999943,66.8534234583414
105.84116629999984,21.014863699999943,68.27885879434594
105.84146629999982,21.014863699999943,72.70087565024038
105.84176629999982,21.014863699999943,67.37867291762815
105.8420662999998,21.014863699999943,63.68316966502982
105.8423662999998,21.014863699999943,66.30743672294564
105.8426662999998,21.014863699999943,66.05077975406759
105.8429662999998,21.014863699999943,66.29412675315966
105.8432662999998,21.014863699999943,64.14293177241785
105.8435662999998,21.014863699999943,62.96770034201134
105.8438662999998,21.014863699999943,73.48037318442742
105.84416629999978,21.014863699999943,73.10000030086607
105.84446629999978,21.014863699999943,69.85725309952065
105.84476629999978,21.014863699999943,65.76774556892137
105.84506629999976,21.014863699999943,63.515168247565114
105.84536629999975,21.014863699999943,63.3474090985726
105.84566629999976,21.014863699999943,55.6554784332464
105.84596629999976,21.014863699999943,53.96752244089792
105.84626629999975,21.014863699999943,48.836041829741305
105.84656629999976,21.014863699999943,60.329628926123846
105.84686629999976,21.014863699999943,58.84685257664779
105.84716629999974,21.014863699999943,61.358007297028735
105.84746629999974,21.014863699999943,68.07695547602334
105.84776629999972,21.014863699999943,65.58110559265343
105.84806629999972,21.014863699999943,64.00073049536725
105.84836629999973,21.014863699999943,65.16447220726978
105.84866629999972,21.014863699999943,70.20774774534522
105.84896629999972,21.014863699999943,70.59587299103944
105.84926629999973,21.014863699999943,70.85295837842328
105.84956629999972,21.014863699999943,71.56966968767014
105.8498662999997,21.014863699999943,74.0244155904801
105.8501662999997,21.014863699999943,71.09048340480952
105.8504662999997,21.014863699999943,71.39881289565737
105.85076629999968,21.014863699999943,71.33799908782383
105.85106629999969,21.014863699999943,77.648980279148
105.85136629999968,21.014863699999943,71.19415286401383
105.85166629999968,21.014863699999943,76.84015734484099
105.85196629999967,21.014863699999943,76.75393018072104
105.85226629999968,21.014863699999943,65.95007870646961
105.85256629999968,21.014863699999943,70.11182504887462
105.85286629999966,21.014863699999943,66.3680742587415
105.85316629999966,21.014863699999943,66.87577326750875
105.85346629999964,21.014863699999943,62.50671218960329
105.85376629999963,21.014863699999943,54.41217123494674
105.85406629999964,21.014863699999943,58.0308332679496
105.85436629999964,21.014863699999943,61.43970985241066
105.85466629999964,21.014863699999943,57.707823121210666
105.85496629999965,21.014863699999943,49.983780799590946
105.85526629999964,21.014863699999943,57.49581162812411
105.85556629999962,21.014863699999943,52.66533823064657
105.85586629999962,21.014863699999943,57.67774320189588
105.8561662999996,21.014863699999943,59.32172129480435
105.8564662999996,21.014863699999943,68.86556667609877
105.8567662999996,21.014863699999943,67.73146747518186
105.8570662999996,21.014863699999943,65.18631474662659
105.8573662999996,21.014863699999943,71.33876720891809
105.8576662999996,21.014863699999943,66.4629448875465
105.8291663,21.015163699999945,66.31403152413459
105.8294663,21.015163699999945,66.72060466494924
105.8297663,21.015163699999945,73.78412326602405
105.83006629999998,21.015163699999945,71.42435368036394
105.83036629999998,21.015163699999945,68.5900186741959
105.83066629999998,21.015163699999945,65.58835639889358
105.83096629999996,21.015163699999945,69.67349012226003
105.83126629999995,21.015163699999945,73.66712337821565
105.83156629999996,21.015163699999945,67.45950557472882
105.83186629999996,21.015163699999945,66.27450679692812
105.83216629999995,21.015163699999945,66.90480611604657
105.83246629999996,21.015163699999945,70.57680196283599
105.83276629999996,21.015163699999945,64.41681486372885
105.83306629999994,21.015163699999945,67.88938243620026
105.83336629999994,21.015163699999945,68.40668377221378
105.83366629999992,21.015163699999945,73.0944543576191
105.83396629999991,21.015163699999945,57.28785140286129
105.83426629999992,21.015163699999945,57.27877672969785
105.83456629999992,21.015163699999945,57.46041953192599
105.83486629999992,21.015163699999945,56.5225109896389
105.83516629999993,21.015163699999945,57.74343328306287
105.83546629999992,21.015163699999945,55.67822098959809
105.8357662999999,21.015163699999945,54.199727430169986
105.8360662999999,21.015163699999945,57.827886167242994
105.8363662999999,21.015163699999945,57.47642826131049
105.83666629999988,21.015163699999945,59.18991520876952
105.83696629999989,21.015163699999945,65.1882292777106
105.83726629999988,21.015163699999945,67.12334018134672
105.83756629999988,21.015163699999945,67.85322767965945
105.83786629999987,21.015163699999945,63.49888308204439
105.83816629999988,21.015163699999945,61.430765415058374
105.83846629999988,21.015163699999945,63.53263133514808
105.83876629999986,21.015163699999945,64.6948666842327
105.83906629999986,21.015163699999945,64.6948666842327
105.83936629999984,21.015163699999945,64.6948666842327
105.83966629999983,21.015163699999945,62.32587373689279
105.83996629999984,21.015163699999945,63.621547005811635
105.84026629999984,21.015163699999945,65.483435657041
105.84056629999984,21.015163699999945,63.476796988706226
105.84086629999985,21.015163699999945,66.64443368928815
105.84116629999984,21.015163699999945,65.65156138000968
105.84146629999982,21.015163699999945,68.65263637062456
105.84176629999982,21.015163699999945,64.34115505319984
105.8420662999998,21.015163699999945,58.79010861152466
105.8423662999998,21.015163699999945,58.514497465579794
105.8426662999998,21.015163699999945,58.393077395082145
105.8429662999998,21.015163699999945,62.28429261220987
105.8432662999998,21.015163699999945,62.25296053766253
105.8435662999998,21.015163699999945,65.16010250803724
105.8438662999998,21.015163699999945,65.10533137638879
105.84416629999978,21.015163699999945,65.58885346340197
105.84446629999978,21.015163699999945,66.61605371134158
105.84476629999978,21.015163699999945,66.61605371134158
105.84506629999976,21.015163699999945,63.98746995187376
105.84536629999975,21.015163699999945,64.7292293557458
105.84566629999976,21.015163699999945,55.081844778692115
105.84596629999976,21.015163699999945,56.14258481091571
105.84626629999975,21.015163699999945,53.64023390658219
105.84656629999976,21.015163699999945,58.47711025907974
105.84686629999976,21.015163699999945,58.10144379574538
105.84716629999974,21.015163699999945,63.088085577541065
105.84746629999974,21.015163699999945,65.64273882852753
105.84776629999972,21.015163699999945,70.06141615815056
105.84806629999972,21.015163699999945,66.46352664540557
105.84836629999973,21.015163699999945,68.19140951944269
105.84866629999972,21.015163699999945,73.02611830759041
105.84896629999972,21.015163699999945,67.78458225111724
105.84926629999973,21.015163699999945,68.69244109574176
105.84956629999972,21.015163699999945,70.04421676825855
105.8498662999997,21.015163699999945,68.2031436383502
105.8501662999997,21.015163699999945,69.18195435223303
105.8504662999997,21.015163699999945,71.06046069585769
105.85076629999968,21.015163699999945,68.93508535873886
105.85106629999969,21.015163699999945,71.32538420123245
105.85136629999968,21.015163699999945,76.09135929725346
105.85166629999968,21.015163699999945,71.26605926571048
105.85196629999967,21.015163699999945,76.57026292080037
105.85226629999968,21.015163699999945,63.98751769025759
105.85256629999968,21.015163699999945,69.79907816971026
105.85286629999966,21.015163699999945,68.45050159727603
105.85316629999966,21.015163699999945,66.23305246272568
105.85346629999964,21.015163699999945,64.28151150431474
105.85376629999963,21.015163699999945,60.16719180026128
105.85406629999964,21.015163699999945,60.97698977435735
105.85436629999964,21.015163699999945,55.71963953185387
105.85466629999964,21.015163699999945,62.75743054502719
105.85496629999965,21.015163699999945,60.34570851988347
105.85526629999964,21.015163699999945,60.30252333254404
105.85556629999962,21.015163699999945,59.87917695212401
105.85586629999962,21.015163699999945,66.54321254619934
105.8561662999996,21.015163699999945,65.92846957285597
105.8564662999996,21.015163699999945,66.91243846021732
105.8567662999996,21.015163699999945,60.61161986895263
105.8570662999996,21.015163699999945,65.83320681425928
105.8573662999996,21.015163699999945,67.10591788482351
105.8576662999996,21.015163699999945,72.77746824705578
105.8291663,21.015463699999945,65.3748479724891
105.8294663,21.015463699999945,64.83094072797893
105.8297663,21.015463699999945,78.1811350658152
105.83006629999998,21.015463699999945,74.76295916156957
105.83036629999998,21.015463699999945,73.30597609562228
105.83066629999998,21.015463699999945,66.70559076906794
105.83096629999996,21.015463699999945,70.8960480900797
105.83126629999995,21.015463699999945,71.4732484939354
105.83156629999996,21.015463699999945,70.0864180259018
105.83186629999996,21.015463699999945,68.49651779867831
105.83216629999995,21.015463699999945,66.42361932125472
105.83246629999996,21.015463699999945,65.37112689951329
105.83276629999996,21.015463699999945,60.6248284364293
105.83306629999994,21.015463699999945,65.74900823763447
105.83336629999994,21.015463699999945,69.20094975607789
105.83366629999992,21.015463699999945,65.01496732854918
105.83396629999991,21.015463699999945,63.79274409980778
105.83426629999992,21.015463699999945,59.15101745614941
105.83456629999992,21.015463699999945,56.00868802067393
105.83486629999992,21.015463699999945,58.951231550401474
105.83516629999993,21.015463699999945,57.59879864358497
105.83546629999992,21.015463699999945,56.86797839127874
105.8357662999999,21.015463699999945,55.4906320127577
105.8360662999999,21.015463699999945,56.29005208670925
105.8363662999999,21.015463699999945,58.859344633123015
105.83666629999988,21.015463699999945,56.8437856935611
105.83696629999989,21.015463699999945,62.08740956088174
105.83726629999988,21.015463699999945,65.32039181052944
105.83756629999988,21.015463699999945,66.12358323457907
105.83786629999987,21.015463699999945,64.86399937122592
105.83816629999988,21.015463699999945,63.52492770903751
105.83846629999988,21.015463699999945,61.09941630817447
105.83876629999986,21.015463699999945,62.32587373689279
105.83906629999986,21.015463699999945,64.6948666842327
105.83936629999984,21.015463699999945,64.6948666842327
105.83966629999983,21.015463699999945,64.19616577030533
105.83996629999984,21.015463699999945,65.22677868816295
105.84026629999984,21.015463699999945,65.22677868816295
105.84056629999984,21.015463699999945,59.596425902693355
105.84086629999985,21.015463699999945,62.14078390065221
105.84116629999984,21.015463699999945,60.96568061333727
105.84146629999982,21.015463699999945,62.90774941220806
105.84176629999982,21.015463699999945,56.82818571233446
105.8420662999998,21.015463699999945,53.425195108793645
105.8423662999998,21.015463699999945,53.87722493531284
105.8426662999998,21.015463699999945,53.55825055286539
105.8429662999998,21.015463699999945,61.18568688984395
105.8432662999998,21.015463699999945,63.60810707307357
105.8435662999998,21.015463699999945,62.18572998232726
105.8438662999998,21.015463699999945,63.639439147620905
105.84416629999978,21.015463699999945,63.639439147620905
105.84446629999978,21.015463699999945,66.18136381265192
105.84476629999978,21.015463699999945,62.880954708021605
105.84506629999976,21.015463699999945,63.98746995187376
105.84536629999975,21.015463699999945,65.2807838068538
105.84566629999976,21.015463699999945,63.068880116323115
105.84596629999976,21.015463699999945,54.73403499612574
105.84626629999975,21.015463699999945,54.774290513418606
105.84656629999976,21.015463699999945,50.958613278742064
105.84686629999976,21.015463699999945,57.05364201400597
105.84716629999974,21.015463699999945,58.38327585635915
105.84746629999974,21.015463699999945,68.0744550492692
105.84776629999972,21.015463699999945,67.41991839725699
105.84806629999972,21.015463699999945,64.15320844596232
105.84836629999973,21.015463699999945,64.690908605587
105.84866629999972,21.015463699999945,67.80370152781668
105.84896629999972,21.015463699999945,61.02068596228251
105.84926629999973,21.015463699999945,65.09980993767368
105.84956629999972,21.015463699999945,62.987358285369055
105.8498662999997,21.015463699999945,68.87701876989196
105.8501662999997,21.015463699999945,65.63184265732869
105.8504662999997,21.015463699999945,71.7970406856122
105.85076629999968,21.015463699999945,74.50594381907719
105.85106629999969,21.015463699999945,71.99308674363026
105.85136629999968,21.015463699999945,66.38427704389746
105.85166629999968,21.015463699999945,68.40695123661453
105.85196629999967,21.015463699999945,69.6805971086744
105.85226629999968,21.015463699999945,71.5950372274537
105.85256629999968,21.015463699999945,64.02961881036049
105.85286629999966,21.015463699999945,64.17592062032668
105.85316629999966,21.015463699999945,66.79514910548642
105.85346629999964,21.015463699999945,62.50108051600468
105.85376629999963,21.015463699999945,61.49245975913793
105.85406629999964,21.015463699999945,63.93822987395207
105.85436629999964,21.015463699999945,67.4533839387223
105.85466629999964,21.015463699999945,63.66081072682499
105.85496629999965,21.015463699999945,62.98213755612227
105.85526629999964,21.015463699999945,66.7222997785061
105.85556629999962,21.015463699999945,58.125048356658326
105.85586629999962,21.015463699999945,63.3023217001885
105.8561662999996,21.015463699999945,70.09770720298545
105.8564662999996,21.015463699999945,63.96312409008756
105.8567662999996,21.015463699999945,66.69549669737233
105.8570662999996,21.015463699999945,66.76865229160703
105.8573662999996,21.015463699999945,61.63786263410394
105.8576662999996,21.015463699999945,74.31670582544236
105.8291663,21.015763699999944,66.59867705290559
105.8294663,21.015763699999944,68.84024570075756
105.8297663,21.015763699999944,69.92819472757284
105.83006629999998,21.015763699999944,70.43066234551596
105.83036629999998,21.015763699999944,67.41203241958416
105.83066629999998,21.015763699999944,73.4307747022061
105.83096629999996,21.015763699999944,72.35402067473466
105.83126629999995,21.015763699999944,69.41292145017712
105.83156629999996,21.015763699999944,70.7340564286762
105.83186629999996,21.015763699999944,66.48274234920834
105.83216629999995,21.015763699999944,66.56679474250572
105.83246629999996,21.015763699999944,61.768489608603986
105.83276629999996,21.015763699999944,65.73743426480254
105.83306629999994,21.015763699999944,68.33569154371544
105.83336629999994,21.015763699999944,69.07093278554856
105.83366629999992,21.015763699999944,68.35534776371948
105.83396629999991,21.015763699999944,65.67454709195847
105.83426629999992,21.015763699999944,55.38407070424957
105.83456629999992,21.015763699999944,56.33081078855514
105.83486629999992,21.015763699999944,56.32920063060564
105.83516629999993,21.015763699999944,57.25225595795904
105.83546629999992,21.015763699999944,58.64337791358432
105.8357662999999,21.015763699999944,60.784430079601165
105.8360662999999,21.015763699999944,58.7188632295352
105.8363662999999,21.015763699999944,58.26214014032519
105.83666629999988,21.015763699999944,58.44759355046385
105.83696629999989,21.015763699999944,60.61559615415263
105.83726629999988,21.015763699999944,61.53800495983651
105.83756629999988,21.015763699999944,69.21918207014275
105.83786629999987,21.015763699999944,67.12334018134672
105.83816629999988,21.015763699999944,63.15044088970883
105.83846629999988,21.015763699999944,61.52782014029219
105.83876629999986,21.015763699999944,61.55625667688446
105.83906629999986,21.015763699999944,64.13908309933095
105.83936629999984,21.015763699999944,65.22677868816295
105.83966629999983,21.015763699999944,72.55171458955604
105.83996629999984,21.015763699999944,62.17901683135963
105.84026629999984,21.015763699999944,56.78005394931324
105.84056629999984,21.015763699999944,53.93618858193382
105.84086629999985,21.015763699999944,56.685259020692186
105.84116629999984,21.015763699999944,55.62834504529796
105.84146629999982,21.015763699999944,58.45910486509406
105.84176629999982,21.015763699999944,56.48665449727895
105.8420662999998,21.015763699999944,52.93506046580724
105.8423662999998,21.015763699999944,54.13799561714062
105.8426662999998,21.015763699999944,54.6461256240251
105.8429662999998,21.015763699999944,63.891181291486674
105.8432662999998,21.015763699999944,61.66301965081797
105.8435662999998,21.015763699999944,60.288639446861865
105.8438662999998,21.015763699999944,63.60810707307357
105.84416629999978,21.015763699999944,63.60810707307357
105.84446629999978,21.015763699999944,62.729811764161894
105.84476629999978,21.015763699999944,63.10850638903109
105.84506629999976,21.015763699999944,63.3474090985726
105.84536629999975,21.015763699999944,62.76114383870923
105.84566629999976,21.015763699999944,63.98307624596495
105.84596629999976,21.015763699999944,55.1017874323678
105.84626629999975,21.015763699999944,56.21438100119872
105.84656629999976,21.015763699999944,51.77524798580878
105.84686629999976,21.015763699999944,57.53643419743004
105.84716629999974,21.015763699999944,60.62003113425915
105.84746629999974,21.015763699999944,66.10675566438027
105.84776629999972,21.015763699999944,67.17196755550265
105.84806629999972,21.015763699999944,62.748506534902205
105.84836629999973,21.015763699999944,65.32411131334374
105.84866629999972,21.015763699999944,65.05542924509339
105.84896629999972,21.015763699999944,62.337269443750586
105.84926629999973,21.015763699999944,63.46800217951635
105.84956629999972,21.015763699999944,65.71791280455068
105.8498662999997,21.015763699999944,61.99697304197635
105.8501662999997,21.015763699999944,66.85549858813604
105.8504662999997,21.015763699999944,65.20584120573598
105.85076629999968,21.015763699999944,66.12061906881881
105.85106629999969,21.015763699999944,62.23959769218008
105.85136629999968,21.015763699999944,62.58812104967747
105.85166629999968,21.015763699999944,64.79023360292344
105.85196629999967,21.015763699999944,73.06795037302928
105.85226629999968,21.015763699999944,66.06214560172477
105.85256629999968,21.015763699999944,66.51518148110219
105.85286629999966,21.015763699999944,59.544531499724954
105.85316629999966,21.015763699999944,65.42086765350459
105.85346629999964,21.015763699999944,57.89276025318334
105.85376629999963,21.015763699999944,61.99788422409716
105.85406629999964,21.015763699999944,60.68330699296202
105.85436629999964,21.015763699999944,58.47695156429103
105.85466629999964,21.015763699999944,57.89344919493324
105.85496629999965,21.015763699999944,59.5615164987169
105.85526629999964,21.015763699999944,58.68513136536352
105.85556629999962,21.015763699999944,59.44199005484856
105.85586629999962,21.015763699999944,57.77603943195936
105.8561662999996,21.015763699999944,57.954232500548756
105.8564662999996,21.015763699999944,62.547546660335954
105.8567662999996,21.015763699999944,68.94418548828197
105.8570662999996,21.015763699999944,69.07630888008038
105.8573662999996,21.015763699999944,71.3527206450257
105.8576662999996,21.015763699999944,70.54370739791642
105.8291663,21.016063699999943,65.87182666948762
105.8294663,21.016063699999943,65.3593258393461
105.8297663,21.016063699999943,66.95993522623536
105.83006629999998,21.016063699999943,67.66547031325274
105.83036629999998,21.016063699999943,66.45076607390646
105.83066629999998,21.016063699999943,70.43417711548734
105.83096629999996,21.016063699999943,64.55767366361265
105.83126629999995,21.016063699999943,67.87905693917429
105.83156629999996,21.016063699999943,68.23555639971426
105.83186629999996,21.016063699999943,70.11732086580828
105.83216629999995,21.016063699999943,63.39721437157033
105.83246629999996,21.016063699999943,70.79059779342523
105.83276629999996,21.016063699999943,70.60850718314786
105.83306629999994,21.016063699999943,67.04103502194776
105.83336629999994,21.016063699999943,65.81430335464891
105.83366629999992,21.016063699999943,70.39999550548669
105.83396629999991,21.016063699999943,66.71459128564457
105.83426629999992,21.016063699999943,59.37441000115941
105.83456629999992,21.016063699999943,52.59733083458724
105.83486629999992,21.016063699999943,54.89761758300841
105.83516629999993,21.016063699999943,56.619106920445134
105.83546629999992,21.016063699999943,59.57243614710087
105.8357662999999,21.016063699999943,63.62633354565759
105.8360662999999,21.016063699999943,61.61250154436088
105.8363662999999,21.016063699999943,58.492579866085734
105.83666629999988,21.016063699999943,59.73353392559585
105.83696629999989,21.016063699999943,58.96933469439884
105.83726629999988,21.016063699999943,61.72300614875458
105.83756629999988,21.016063699999943,63.25892809072478
105.83786629999987,21.016063699999943,64.80808626836546
105.83816629999988,21.016063699999943,65.58494435899584
105.83846629999988,21.016063699999943,65.2459258350996
105.83876629999986,21.016063699999943,62.51568631292754
105.83906629999986,21.016063699999943,65.483435657041
105.83936629999984,21.016063699999943,65.22677868816295
105.83966629999983,21.016063699999943,68.44123529474658
105.83996629999984,21.016063699999943,56.78005394931324
105.84026629999984,21.016063699999943,51.69059334864824
105.84056629999984,21.016063699999943,51.38055373160932
105.84086629999985,21.016063699999943,55.02438974485486
105.84116629999984,21.016063699999943,57.95537279126039
105.84146629999982,21.016063699999943,57.29228238405032
105.84176629999982,21.016063699999943,55.64761422288444
105.8420662999998,21.016063699999943,53.19220139463735
105.8423662999998,21.016063699999943,55.98893303492321
105.8426662999998,21.016063699999943,55.5564267898657
105.8429662999998,21.016063699999943,51.26208766627663
105.8432662999998,21.016063699999943,52.81460432788505
105.8435662999998,21.016063699999943,54.34262553170153
105.8438662999998,21.016063699999943,53.95853143479152
105.84416629999978,21.016063699999943,54.43445664843915
105.84446629999978,21.016063699999943,56.5559317834021
105.84476629999978,21.016063699999943,55.27827654567568
105.84506629999976,21.016063699999943,56.060931442995866
105.84536629999975,21.016063699999943,55.842478761310915
105.84566629999976,21.016063699999943,55.356501529040614
105.84596629999976,21.016063699999943,53.82094886898504
105.84626629999975,21.016063699999943,56.154395373360174
105.84656629999976,21.016063699999943,50.913159126632095
105.84686629999976,21.016063699999943,56.65327656716974
105.84716629999974,21.016063699999943,60.58166255081896
105.84746629999974,21.016063699999943,59.07982534567165
105.84776629999972,21.016063699999943,73.09799411570573
105.84806629999972,21.016063699999943,64.43604400605466
105.84836629999973,21.016063699999943,71.67150415844809
105.84866629999972,21.016063699999943,68.05966435763688
105.84896629999972,21.016063699999943,64.77048467436525
105.84926629999973,21.016063699999943,64.07354737379954
105.84956629999972,21.016063699999943,68.70421160870531
105.8498662999997,21.016063699999943,63.71363871994666
105.8501662999997,21.016063699999943,63.2607590559745
105.8504662999997,21.016063699999943,67.95746890189024
105.85076629999968,21.016063699999943,75.42904595309912
105.85106629999969,21.016063699999943,68.840618774109
105.85136629999968,21.016063699999943,65.64228909163428
105.85166629999968,21.016063699999943,71.70042335791587
105.85196629999967,21.016063699999943,65.19093317031243
105.85226629999968,21.016063699999943,66.49191237468567
105.85256629999968,21.016063699999943,65.42938007301466
105.85286629999966,21.016063699999943,68.36765303283919
105.85316629999966,21.016063699999943,58.29085389963403
105.85346629999964,21.016063699999943,56.119986974800085
105.85376629999963,21.016063699999943,64.4534008910483
105.85406629999964,21.016063699999943,60.35309112794894
105.85436629999964,21.016063699999943,63.750945781983134
105.85466629999964,21.016063699999943,56.23821943487796
105.85496629999965,21.016063699999943,56.77052386749443
105.85526629999964,21.016063699999943,59.411711564854315
105.85556629999962,21.016063699999943,58.98862721875
105.85586629999962,21.016063699999943,59.79327736501139
105.8561662999996,21.016063699999943,60.74710365502828
105.8564662999996,21.016063699999943,62.89979497024285
105.8567662999996,21.016063699999943,71.67688728111793
105.8570662999996,21.016063699999943,75.23071565128276
105.8573662999996,21.016063699999943,71.28064824346004
105.8576662999996,21.016063699999943,68.72852279237665
105.8291663,21.016363699999943,66.01402422915022
105.8294663,21.016363699999943,63.82816620545145
105.8297663,21.016363699999943,66.28193242122215
105.83006629999998,21.016363699999943,65.52162246065838
105.83036629999998,21.016363699999943,65.22730374277052
105.83066629999998,21.016363699999943,66.5842149035527
105.83096629999996,21.016363699999943,66.45087350541773
105.83126629999995,21.016363699999943,65.20278845339334
105.83156629999996,21.016363699999943,69.16757270271579
105.83186629999996,21.016363699999943,66.9068206184589
105.83216629999995,21.016363699999943,70.69683073497822
105.83246629999996,21.016363699999943,69.62704914968666
105.83276629999996,21.016363699999943,66.40748223105187
105.83306629999994,21.016363699999943,63.686893776222334
105.83336629999994,21.016363699999943,71.02658416824794
105.83366629999992,21.016363699999943,74.19375962062198
105.83396629999991,21.016363699999943,67.56799324646619
105.83426629999992,21.016363699999943,55.97069832901802
105.83456629999992,21.016363699999943,53.22905954275625
105.83486629999992,21.016363699999943,51.46456998656106
105.83516629999993,21.016363699999943,54.977598670667376
105.83546629999992,21.016363699999943,57.60109732345293
105.8357662999999,21.016363699999943,62.43095357421268
105.8360662999999,21.016363699999943,66.05328553589533
105.8363662999999,21.016363699999943,64.05709179759857
105.83666629999988,21.016363699999943,58.96933469439884
105.83696629999989,21.016363699999943,59.50939177152637
105.83726629999988,21.016363699999943,59.5632473068424
105.83756629999988,21.016363699999943,62.01117264927469
105.83786629999987,21.016363699999943,62.25575074298331
105.83816629999988,21.016363699999943,69.11905915593806
105.83846629999988,21.016363699999943,68.625841681117
105.83876629999986,21.016363699999943,62.47021087939555
105.83906629999986,21.016363699999943,57.56323917864849
105.83936629999984,21.016363699999943,55.66920608213785
105.83966629999983,21.016363699999943,56.441181364053094
105.83996629999984,21.016363699999943,54.62126561755436
105.84026629999984,21.016363699999943,54.24338277940096
105.84056629999984,21.016363699999943,54.02799939085172
105.84086629999985,21.016363699999943,55.881150048281754
105.84116629999984,21.016363699999943,57.148586218891424
105.84146629999982,21.016363699999943,56.37214243364471
105.84176629999982,21.016363699999943,55.7190074773476
105.8420662999998,21.016363699999943,53.25926488266539
105.8423662999998,21.016363699999943,52.18350605304211
105.8426662999998,21.016363699999943,50.35557116503245
105.8429662999998,21.016363699999943,52.401524286132386
105.8432662999998,21.016363699999943,52.401524286132386
105.8435662999998,21.016363699999943,53.50668155228426
105.8438662999998,21.016363699999943,53.74895071951224
105.84416629999978,21.016363699999943,54.716796846831315
105.84446629999978,21.016363699999943,54.65392475209691
105.84476629999978,21.016363699999943,54.49844439265388
105.84506629999976,21.016363699999943,53.33838213621912
105.84536629999975,21.016363699999943,53.83681056366156
105.84566629999976,21.016363699999943,56.41200574191983
105.84596629999976,21.016363699999943,50.643461703732825
105.84626629999975,21.016363699999943,54.58219565135421
105.84656629999976,21.016363699999943,52.7190286040974
105.84686629999976,21.016363699999943,56.972762101981445
105.84716629999974,21.016363699999943,59.5219843847177
105.84746629999974,21.016363699999943,62.28768489631976
105.84776629999972,21.016363699999943,73.13187500747496
105.84806629999972,21.016363699999943,65.3881927387648
105.84836629999973,21.016363699999943,67.11821803427635
105.84866629999972,21.016363699999943,62.48128705535939
105.84896629999972,21.016363699999943,67.82978171626048
105.84926629999973,21.016363699999943,67.73880305099496
105.84956629999972,21.016363699999943,66.62821374468898
105.8498662999997,21.016363699999943,64.56079506130449
105.8501662999997,21.016363699999943,67.67732178571967
105.8504662999997,21.016363699999943,69.61658844286879
105.85076629999968,21.016363699999943,68.3663112958712
105.85106629999969,21.016363699999943,63.28592041114892
105.85136629999968,21.016363699999943,63.71896379787252
105.85166629999968,21.016363699999943,63.14200888846999
105.85196629999967,21.016363699999943,64.91963408626205
105.85226629999968,21.016363699999943,61.69136531204458
105.85256629999968,21.016363699999943,60.54621746883059
105.85286629999966,21.016363699999943,69.35593328203151
105.85316629999966,21.016363699999943,57.303376573641344
105.85346629999964,21.016363699999943,54.56367980431253
105.85376629999963,21.016363699999943,58.82070030450669
105.85406629999964,21.016363699999943,57.9148637246448
105.85436629999964,21.016363699999943,57.66540701877254
105.85466629999964,21.016363699999943,54.28689487863281
105.85496629999965,21.016363699999943,63.09799920711254
105.85526629999964,21.016363699999943,57.1308042577911
105.85556629999962,21.016363699999943,58.15869400457102
105.85586629999962,21.016363699999943,63.9509491847121
105.8561662999996,21.016363699999943,61.035746928695986
105.8564662999996,21.016363699999943,64.67038136300965
105.8567662999996,21.016363699999943,66.50845128439303
105.8570662999996,21.016363699999943,73.23027498201314
105.8573662999996,21.016363699999943,79.37890530623095
105.8576662999996,21.016363699999943,78.4637266276847
105.8291663,21.016663699999945,69.09977963922314
105.8294663,21.016663699999945,66.49115868225
105.8297663,21.016663699999945,66.18068035679866
105.83006629999998,21.016663699999945,64.35433734898359
105.83036629999998,21.016663699999945,66.31993876156501
105.83066629999998,21.016663699999945,65.53148746290739
105.83096629999996,21.016663699999945,66.39998070972429
105.83126629999995,21.016663699999945,64.76173427345168
105.83156629999996,21.016663699999945,68.27317705934513
105.83186629999996,21.016663699999945,63.57342936407417
105.83216629999995,21.016663699999945,70.90123422871972
105.83246629999996,21.016663699999945,71.08413259582791
105.83276629999996,21.016663699999945,63.106665354424976
105.83306629999994,21.016663699999945,69.92068483622528
105.83336629999994,21.016663699999945,76.21565711654449
105.83366629999992,21.016663699999945,67.66159034608825
105.83396629999991,21.016663699999945,73.12574050359015
105.83426629999992,21.016663699999945,52.373585958476866
105.83456629999992,21.016663699999945,53.1264189463442
105.83486629999992,21.016663699999945,54.47188863724416
105.83516629999993,21.016663699999945,53.19381184434815
105.83546629999992,21.016663699999945,59.03764880428248
105.8357662999999,21.016663699999945,67.01227493633498
105.8360662999999,21.016663699999945,65.41674495784684
105.8363662999999,21.016663699999945,63.58752647605142
105.83666629999988,21.016663699999945,61.018304786486354
105.83696629999989,21.016663699999945,58.96933469439884
105.83726629999988,21.016663699999945,59.50939177152637
105.83756629999988,21.016663699999945,59.70292632761587
105.83786629999987,21.016663699999945,64.78125325316245
105.83816629999988,21.016663699999945,69.14116199761128
105.83846629999988,21.016663699999945,69.2968431957037
105.83876629999986,21.016663699999945,62.29972294072195
105.83906629999986,21.016663699999945,57.26026598188928
105.83936629999984,21.016663699999945,57.22924909786623
105.83966629999983,21.016663699999945,54.57413921416352
105.83996629999984,21.016663699999945,55.21665500200996
105.84026629999984,21.016663699999945,55.3494660329731
105.84056629999984,21.016663699999945,53.04723946265814
105.84086629999985,21.016663699999945,55.68917469471265
105.84116629999984,21.016663699999945,57.10923345355877
105.84146629999982,21.016663699999945,55.11555569790791
105.84176629999982,21.016663699999945,54.42769404666453
105.8420662999998,21.016663699999945,51.89732556031365
105.8423662999998,21.016663699999945,50.61266895163579
105.8426662999998,21.016663699999945,51.282459365317976
105.8429662999998,21.016663699999945,50.6570758293869
105.8432662999998,21.016663699999945,50.50987891971114
105.8435662999998,21.016663699999945,51.56327414490642
105.8438662999998,21.016663699999945,54.74991827226812
105.84416629999978,21.016663699999945,53.87288140534753
105.84446629999978,21.016663699999945,53.271056704764106
105.84476629999978,21.016663699999945,52.033337010749534
105.84506629999976,21.016663699999945,52.31437914268241
105.84536629999975,21.016663699999945,55.7884051908523
105.84566629999976,21.016663699999945,55.87061041100593
105.84596629999976,21.016663699999945,54.09516791110343
105.84626629999975,21.016663699999945,57.95562734694937
105.84656629999976,21.016663699999945,56.54677361654605
105.84686629999976,21.016663699999945,55.20302360005881
105.84716629999974,21.016663699999945,58.64088798693183
105.84746629999974,21.016663699999945,59.71949576558535
105.84776629999972,21.016663699999945,66.01912981650777
105.84806629999972,21.016663699999945,64.39459596198937
105.84836629999973,21.016663699999945,64.46410694513229
105.84866629999972,21.016663699999945,62.59760989409928
105.84896629999972,21.016663699999945,68.05181573835833
105.84926629999973,21.016663699999945,63.988606262422095
105.84956629999972,21.016663699999945,63.23336981609506
105.8498662999997,21.016663699999945,64.21284884485809
105.8501662999997,21.016663699999945,68.37957567915062
105.8504662999997,21.016663699999945,69.60763988351727
105.85076629999968,21.016663699999945,71.99873667085092
105.85106629999969,21.016663699999945,63.47260886042251
105.85136629999968,21.016663699999945,61.18844045283235
105.85166629999968,21.016663699999945,62.324192093883624
105.85196629999967,21.016663699999945,62.00157719537796
105.85226629999968,21.016663699999945,54.63287572459052
105.85256629999968,21.016663699999945,63.936711702816154
105.85286629999966,21.016663699999945,62.99042133541856
105.85316629999966,21.016663699999945,62.46477639575403
105.85346629999964,21.016663699999945,61.91946217398953
105.85376629999963,21.016663699999945,62.29956110024472
105.85406629999964,21.016663699999945,58.1809035261773
105.85436629999964,21.016663699999945,58.322995675292674
105.85466629999964,21.016663699999945,53.58058212957593
105.85496629999965,21.016663699999945,54.54710642154225
105.85526629999964,21.016663699999945,58.58558401547572
105.85556629999962,21.016663699999945,59.50365911470131
105.85586629999962,21.016663699999945,57.50313477847952
105.8561662999996,21.016663699999945,58.29329161362844
105.8564662999996,21.016663699999945,68.17406997209174
105.8567662999996,21.016663699999945,70.0637421352326
105.8570662999996,21.016663699999945,71.43064344129827
105.8573662999996,21.016663699999945,71.92595403084165
105.8576662999996,21.016663699999945,76.29694192177088
105.8291663,21.01696369999994,67.16298764349123
105.8294663,21.01696369999994,67.00897121803997
105.8297663,21.01696369999994,62.23372436403959
105.83006629999998,21.01696369999994,65.41942602985236
105.83036629999998,21.01696369999994,66.93770135862005
105.83066629999998,21.01696369999994,64.47516183035114
105.83096629999996,21.01696369999994,64.37214879165883
105.83126629999995,21.01696369999994,65.2967875115921
105.83156629999996,21.01696369999994,64.79656220854692
105.83186629999996,21.01696369999994,65.57906966488774
105.83216629999995,21.01696369999994,68.27971941174066
105.83246629999996,21.01696369999994,67.17936034095116
105.83276629999996,21.01696369999994,71.22762005150457
105.83306629999994,21.01696369999994,70.11982421721093
105.83336629999994,21.01696369999994,64.42837851129815
105.83366629999992,21.01696369999994,70.54693478182858
105.83396629999991,21.01696369999994,69.21070270435779
105.83426629999992,21.01696369999994,60.212741629289184
105.83456629999992,21.01696369999994,52.39008454137705
105.83486629999992,21.01696369999994,54.38856841616578
105.83516629999993,21.01696369999994,53.05391569062418
105.83546629999992,21.01696369999994,57.30559929060175
105.8357662999999,21.01696369999994,63.59445236238996
105.8360662999999,21.01696369999994,68.98716234337977
105.8363662999999,21.01696369999994,66.81597085159581
105.83666629999988,21.01696369999994,61.98778717127665
105.83696629999989,21.01696369999994,58.829905194471465
105.83726629999988,21.01696369999994,59.50939177152637
105.83756629999988,21.01696369999994,59.19347684846832
105.83786629999987,21.01696369999994,62.3041222252904
105.83816629999988,21.01696369999994,64.18101446916772
105.83846629999988,21.01696369999994,67.04998235178056
105.83876629999986,21.01696369999994,64.71307751591524
105.83906629999986,21.01696369999994,60.18656194236293
105.83936629999984,21.01696369999994,57.138756049509325
105.83966629999983,21.01696369999994,53.83681056366156
105.83996629999984,21.01696369999994,55.3494660329731
105.84026629999984,21.01696369999994,54.44035161581678
105.84056629999984,21.01696369999994,53.42175593129771
105.84086629999985,21.01696369999994,53.96513372553913
105.84116629999984,21.01696369999994,55.41987973462962
105.84146629999982,21.01696369999994,54.5593226356461
105.84176629999982,21.01696369999994,55.35642542708872
105.8420662999998,21.01696369999994,52.69247608081591
105.8423662999998,21.01696369999994,52.00966561972908
105.8426662999998,21.01696369999994,51.63753939344572
105.8429662999998,21.01696369999994,52.79939700636618
105.8432662999998,21.01696369999994,54.20115029000307
105.8435662999998,21.01696369999994,57.25336473175223
105.8438662999998,21.01696369999994,58.42073438853332
105.84416629999978,21.01696369999994,58.9312000147324
105.84446629999978,21.01696369999994,57.30825060734739
105.84476629999978,21.01696369999994,57.12872384134489
105.84506629999976,21.01696369999994,57.322271354379154
105.84536629999975,21.01696369999994,57.71768085916332
105.84566629999976,21.01696369999994,56.26848517269383
105.84596629999976,21.01696369999994,54.59021755912535
105.84626629999975,21.01696369999994,54.2230133411732
105.84656629999976,21.01696369999994,54.982781830069214
105.84686629999976,21.01696369999994,55.20506028065351
105.84716629999974,21.01696369999994,59.29731920298632
105.84746629999974,21.01696369999994,61.06605475605858
105.84776629999972,21.01696369999994,65.97988848741531
105.84806629999972,21.01696369999994,67.28715087120494
105.84836629999973,21.01696369999994,65.00231413721494
105.84866629999972,21.01696369999994,62.10419946204948
105.84896629999972,21.01696369999994,64.40813507192993
105.84926629999973,21.01696369999994,64.06323533916861
105.84956629999972,21.01696369999994,69.33336460395219
105.8498662999997,21.01696369999994,67.1603834617276
105.8501662999997,21.01696369999994,65.85522402255813
105.8504662999997,21.01696369999994,67.90792587413627
105.85076629999968,21.01696369999994,66.24548036809918
105.85106629999969,21.01696369999994,65.76267420970622
105.85136629999968,21.01696369999994,64.65587999901992
105.85166629999968,21.01696369999994,59.34015760097701
105.85196629999967,21.01696369999994,65.97599793517185
105.85226629999968,21.01696369999994,63.85147160712761
105.85256629999968,21.01696369999994,66.94447988646321
105.85286629999966,21.01696369999994,64.88837324627855
105.85316629999966,21.01696369999994,61.47724368121567
105.85346629999964,21.01696369999994,68.12625194087202
105.85376629999963,21.01696369999994,58.72567890894497
105.85406629999964,21.01696369999994,54.78737005097469
105.85436629999964,21.01696369999994,59.85347779757629
105.85466629999964,21.01696369999994,58.37494624242784
105.85496629999965,21.01696369999994,55.28262939931725
105.85526629999964,21.01696369999994,58.531539290102856
105.85556629999962,21.01696369999994,62.31159656631672
105.85586629999962,21.01696369999994,60.63109812322713
105.8561662999996,21.01696369999994,64.27810008375305
105.8564662999996,21.01696369999994,70.32876466433791
105.8567662999996,21.01696369999994,70.20764580436827
105.8570662999996,21.01696369999994,76.70694718270069
105.8573662999996,21.01696369999994,74.78626564002376
105.8576662999996,21.01696369999994,73.37364222935749
105.8291663,21.01726369999994,63.02720336131554
105.8294663,21.01726369999994,65.12004458936549
105.8297663,21.01726369999994,64.95521981492575
105.83006629999998,21.01726369999994,65.0361904040423
105.83036629999998,21.01726369999994,65.45672134151052
105.83066629999998,21.01726369999994,65.61501735433642
105.83096629999996,21.01726369999994,65.40953925586048
105.83126629999995,21.01726369999994,66.51165603884009
105.83156629999996,21.01726369999994,67.2995427076586
105.83186629999996,21.01726369999994,64.31529708555867
105.83216629999995,21.01726369999994,75.68797060391319
105.83246629999996,21.01726369999994,73.68208461460081
105.83276629999996,21.01726369999994,65.30101181347895
105.83306629999994,21.01726369999994,63.54884961623823
105.83336629999994,21.01726369999994,69.9299808980609
105.83366629999992,21.01726369999994,67.52410542657714
105.83396629999991,21.01726369999994,68.06491586678382
105.83426629999992,21.01726369999994,65.98326137543718
105.83456629999992,21.01726369999994,58.980419174519824
105.83486629999992,21.01726369999994,54.98056497339013
105.83516629999993,21.01726369999994,57.75493775109014
105.83546629999992,21.01726369999994,57.49568003855951
105.8357662999999,21.01726369999994,63.081805303490114
105.8360662999999,21.01726369999994,64.92370722887202
105.8363662999999,21.01726369999994,63.7748089081841
105.83666629999988,21.01726369999994,65.7402560515295
105.83696629999989,21.01726369999994,63.37158858203249
105.83726629999988,21.01726369999994,58.41952882524464
105.83756629999988,21.01726369999994,59.50939177152637
105.83786629999987,21.01726369999994,58.829905194471465
105.83816629999988,21.01726369999994,63.31286741946964
105.83846629999988,21.01726369999994,69.28797677321572
105.83876629999986,21.01726369999994,65.80603397018099
105.83906629999986,21.01726369999994,62.04227825143032
105.83936629999984,21.01726369999994,55.20638781722643
105.83966629999983,21.01726369999994,53.471654050286375
105.83996629999984,21.01726369999994,53.152679667838925
105.84026629999984,21.01726369999994,52.66644805366657
105.84056629999984,21.01726369999994,49.6333546068571
105.84086629999985,21.01726369999994,53.76067521500626
105.84116629999984,21.01726369999994,54.881265592431944
105.84146629999982,21.01726369999994,55.01333152040698
105.84176629999982,21.01726369999994,55.5706547612637
105.8420662999998,21.01726369999994,55.480614534414386
105.8423662999998,21.01726369999994,55.021697460463045
105.8426662999998,21.01726369999994,55.215150597455946
105.8429662999998,21.01726369999994,54.88683575251788
105.8432662999998,21.01726369999994,54.37094362773469
105.8435662999998,21.01726369999994,52.937632578018366
105.8438662999998,21.01726369999994,58.264742059963865
105.84416629999978,21.01726369999994,54.696092277748235
105.84446629999978,21.01726369999994,56.34563656795362
105.84476629999978,21.01726369999994,55.81280800419644
105.84506629999976,21.01726369999994,59.02552344627709
105.84536629999975,21.01726369999994,57.75254109283284
105.84566629999976,21.01726369999994,57.17313488292656
105.84596629999976,21.01726369999994,55.844807187594185
105.84626629999975,21.01726369999994,57.689278077368584
105.84656629999976,21.01726369999994,57.36737608460608
105.84686629999976,21.01726369999994,56.591700896046504
105.84716629999974,21.01726369999994,61.971485776206364
105.84746629999974,21.01726369999994,62.37444587569769
105.84776629999972,21.01726369999994,71.51288134326595
105.84806629999972,21.01726369999994,68.71492781505877
105.84836629999973,21.01726369999994,64.40924584525074
105.84866629999972,21.01726369999994,63.54070682824194
105.84896629999972,21.01726369999994,64.89493847556328
105.84926629999973,21.01726369999994,64.2503864365749
105.84956629999972,21.01726369999994,66.07091243636197
105.8498662999997,21.01726369999994,66.96664877117443
105.8501662999997,21.01726369999994,68.79410903941668
105.8504662999997,21.01726369999994,66.45475622462492
105.85076629999968,21.01726369999994,64.20246333937646
105.85106629999969,21.01726369999994,62.42275775367765
105.85136629999968,21.01726369999994,61.014585292540715
105.85166629999968,21.01726369999994,62.176473996078315
105.85196629999967,21.01726369999994,63.425135437530145
105.85226629999968,21.01726369999994,63.88867706824705
105.85256629999968,21.01726369999994,62.46507872025218
105.85286629999966,21.01726369999994,64.57019008850371
105.85316629999966,21.01726369999994,62.256953988959424
105.85346629999964,21.01726369999994,59.09954003584183
105.85376629999963,21.01726369999994,62.190096103701535
105.85406629999964,21.01726369999994,58.51430120565014
105.85436629999964,21.01726369999994,59.450527421588546
105.85466629999964,21.01726369999994,59.856530731697106
105.85496629999965,21.01726369999994,66.3127126124128
105.85526629999964,21.01726369999994,62.65498784404125
105.85556629999962,21.01726369999994,64.87185721865397
105.85586629999962,21.01726369999994,59.612003343807345
105.8561662999996,21.01726369999994,67.35578549115256
105.8564662999996,21.01726369999994,68.94033493544424
105.8567662999996,21.01726369999994,69.18290836956761
105.8570662999996,21.01726369999994,75.69708756168791
105.8573662999996,21.01726369999994,68.48590778210503
105.8576662999996,21.01726369999994,61.699124491551586
105.8291663,21.01756369999994,59.28547783066581
105.8294663,21.01756369999994,59.00342975495478
105.8297663,21.01756369999994,64.77144966650589
105.83006629999998,21.01756369999994,66.04790138919687
105.83036629999998,21.01756369999994,67.32469213863249
105.83066629999998,21.01756369999994,66.18980310114121
105.83096629999996,21.01756369999994,64.16823974945662
105.83126629999995,21.01756369999994,66.71770911321723
105.83156629999996,21.01756369999994,67.23031765774027
105.83186629999996,21.01756369999994,66.53649421802857
105.83216629999995,21.01756369999994,69.57003117303611
105.83246629999996,21.01756369999994,66.46192586828154
105.83276629999996,21.01756369999994,64.5922562991883
105.83306629999994,21.01756369999994,70.74438549128256
105.83336629999994,21.01756369999994,67.59203701365011
105.83366629999992,21.01756369999994,67.75454237714628
105.83396629999991,21.01756369999994,66.5037914661746
105.83426629999992,21.01756369999994,64.96115427077874
105.83456629999992,21.01756369999994,62.046182242562764
105.83486629999992,21.01756369999994,56.677684554143866
105.83516629999993,21.01756369999994,57.31733667193291
105.83546629999992,21.01756369999994,57.90227010176518
105.8357662999999,21.01756369999994,59.58686725257911
105.8360662999999,21.01756369999994,62.13278980960739
105.8363662999999,21.01756369999994,69.43326248133717
105.83666629999988,21.01756369999994,69.14116199761128
105.83696629999989,21.01756369999994,64.3901955854784
105.83726629999988,21.01756369999994,58.829905194471465
105.83756629999988,21.01756369999994,58.19538667117516
105.83786629999987,21.01756369999994,58.19538667117516
105.83816629999988,21.01756369999994,64.05996052796269
105.83846629999988,21.01756369999994,66.47588913989644
105.83876629999986,21.01756369999994,67.32491491674975
105.83906629999986,21.01756369999994,64.9996078269699
105.83936629999984,21.01756369999994,56.43727824360363
105.83966629999983,21.01756369999994,52.36637746451407
105.83996629999984,21.01756369999994,53.864580475301935
105.84026629999984,21.01756369999994,50.135386639052854
105.84056629999984,21.01756369999994,49.458357714220206
105.84086629999985,21.01756369999994,52.89064730132577
105.84116629999984,21.01756369999994,56.688008667992065
105.84146629999982,21.01756369999994,56.04516166304301
105.84176629999982,21.01756369999994,57.25114147923726
105.8420662999998,21.01756369999994,57.22736326893951
105.8423662999998,21.01756369999994,57.47048108213379
105.8426662999998,21.01756369999994,56.43180987702148
105.8429662999998,21.01756369999994,55.68571268707751
105.8432662999998,21.01756369999994,53.47159016285955
105.8435662999998,21.01756369999994,55.01238146744035
105.8438662999998,21.01756369999994,55.190669242948346
105.84416629999978,21.01756369999994,55.11584786670316
105.84446629999978,21.01756369999994,55.39118672593904
105.84476629999978,21.01756369999994,56.661206872095406
105.84506629999976,21.01756369999994,55.24453323058283
105.84536629999975,21.01756369999994,53.7833504878304
105.84566629999976,21.01756369999994,54.64198750332439
105.84596629999976,21.01756369999994,54.78043277256869
105.84626629999975,21.01756369999994,55.79742392676056
105.84656629999976,21.01756369999994,55.57498297744891
105.84686629999976,21.01756369999994,60.28343812345659
105.84716629999974,21.01756369999994,61.51716025561849
105.84746629999974,21.01756369999994,67.9439976815191
105.84776629999972,21.01756369999994,68.2060958945291
105.84806629999972,21.01756369999994,75.11816879376279
105.84836629999973,21.01756369999994,63.85025772018179
105.84866629999972,21.01756369999994,64.2188878615412
105.84896629999972,21.01756369999994,64.86046639132303
105.84926629999973,21.01756369999994,66.39553115721634
105.84956629999972,21.01756369999994,70.0619881766708
105.8498662999997,21.01756369999994,72.35385150399506
105.8501662999997,21.01756369999994,69.12597088095565
105.8504662999997,21.01756369999994,66.93014978406092
105.85076629999968,21.01756369999994,68.21584776497848
105.85106629999969,21.01756369999994,65.28708921026973
105.85136629999968,21.01756369999994,63.89237477307486
105.85166629999968,21.01756369999994,60.21085399196049
105.85196629999967,21.01756369999994,61.008134981838765
105.85226629999968,21.01756369999994,63.08574166226957
105.85256629999968,21.01756369999994,57.66153848397862
105.85286629999966,21.01756369999994,71.54833175748632
105.85316629999966,21.01756369999994,61.103685391799985
105.85346629999964,21.01756369999994,57.76153545013284
105.85376629999963,21.01756369999994,67.81852584446376
105.85406629999964,21.01756369999994,60.00816818865749
105.85436629999964,21.01756369999994,66.05811238354791
105.85466629999964,21.01756369999994,69.58794581519197
105.85496629999965,21.01756369999994,69.89254787144597
105.85526629999964,21.01756369999994,65.02523424810742
105.85556629999962,21.01756369999994,60.44231635505102
105.85586629999962,21.01756369999994,63.89796577932866
105.8561662999996,21.01756369999994,64.40113338466388
105.8564662999996,21.01756369999994,66.26677912120047
105.8567662999996,21.01756369999994,72.42544120422114
105.8570662999996,21.01756369999994,70.30117690888787
105.8573662999996,21.01756369999994,70.72350316064137
105.8576662999996,21.01756369999994,61.86574402770529
105.8291663,21.01786369999994,59.11755402414357
105.8294663,21.01786369999994,59.874514982169174
105.8297663,21.01786369999994,61.25962823766305
105.83006629999998,21.01786369999994,63.48870714644808
105.83036629999998,21.01786369999994,67.83494117304551
105.83066629999998,21.01786369999994,62.556459449141144
105.83096629999996,21.01786369999994,65.91035900209181
105.83126629999995,21.01786369999994,63.11728838467977
105.83156629999996,21.01786369999994,63.860508296522895
105.83186629999996,21.01786369999994,65.63078627813516
105.83216629999995,21.01786369999994,66.69449354177189
105.83246629999996,21.01786369999994,57.78316694532003
105.83276629999996,21.01786369999994,60.46481864697833
105.83306629999994,21.01786369999994,69.0202034108313
105.83336629999994,21.01786369999994,66.104594423701
105.83366629999992,21.01786369999994,66.48861674245158
105.83396629999991,21.01786369999994,67.76954171072445
105.83426629999992,21.01786369999994,67.5853049208307
105.83456629999992,21.01786369999994,65.4945690079325
105.83486629999992,21.01786369999994,66.80721486770328
105.83516629999993,21.01786369999994,60.89786489757137
105.83546629999992,21.01786369999994,58.7456924720192
105.8357662999999,21.01786369999994,56.32406700815781
105.8360662999999,21.01786369999994,62.00976564329119
105.8363662999999,21.01786369999994,64.96643306514197
105.83666629999988,21.01786369999994,67.75561030152964
105.83696629999989,21.01786369999994,65.37608338770363
105.83726629999988,21.01786369999994,61.67638057084976
105.83756629999988,21.01786369999994,59.67852141933277
105.83786629999987,21.01786369999994,56.89960244917948
105.83816629999988,21.01786369999994,60.67300043728903
105.83846629999988,21.01786369999994,61.44320125847473
105.83876629999986,21.01786369999994,68.08103368427828
105.83906629999986,21.01786369999994,63.71849031439445
105.83936629999984,21.01786369999994,57.97256783119154
105.83966629999983,21.01786369999994,56.02868588872104
105.83996629999984,21.01786369999994,51.15759359513132
105.84026629999984,21.01786369999994,52.98937262307497
105.84056629999984,21.01786369999994,52.16213647196259
105.84086629999985,21.01786369999994,55.558382101747696
105.84116629999984,21.01786369999994,56.18928138203462
105.84146629999982,21.01786369999994,56.94118252470467
105.84176629999982,21.01786369999994,57.01902202263608
105.8420662999998,21.01786369999994,56.481325530046874
105.8423662999998,21.01786369999994,56.30343285237436
105.8426662999998,21.01786369999994,57.482053847489766
105.8429662999998,21.01786369999994,55.786576567222
105.8432662999998,21.01786369999994,56.88668318219884
105.8435662999998,21.01786369999994,55.603596763769104
105.8438662999998,21.01786369999994,56.63285332819726
105.84416629999978,21.01786369999994,53.435988935143456
105.84446629999978,21.01786369999994,51.51782822211061
105.84476629999978,21.01786369999994,50.98951999425449
105.84506629999976,21.01786369999994,51.14118646653603
105.84536629999975,21.01786369999994,51.069359271520355
105.84566629999976,21.01786369999994,51.06890652117187
105.84596629999976,21.01786369999994,60.83972006605812
105.84626629999975,21.01786369999994,59.09637645698774
105.84656629999976,21.01786369999994,61.019473761685646
105.84686629999976,21.01786369999994,65.99463014164962
105.84716629999974,21.01786369999994,61.00787045588858
105.84746629999974,21.01786369999994,62.95602715127177
105.84776629999972,21.01786369999994,75.80665754169506
105.84806629999972,21.01786369999994,72.81037814509526
105.84836629999973,21.01786369999994,72.36325405621875
105.84866629999972,21.01786369999994,70.43739247628184
105.84896629999972,21.01786369999994,70.91378842955547
105.84926629999973,21.01786369999994,71.74662593971307
105.84956629999972,21.01786369999994,68.20018337419275
105.8498662999997,21.01786369999994,71.78905979678888
105.8501662999997,21.01786369999994,68.37498915541575
105.8504662999997,21.01786369999994,69.79746526214409
105.85076629999968,21.01786369999994,70.99982350615406
105.85106629999969,21.01786369999994,67.21144367459921
105.85136629999968,21.01786369999994,66.58553771707945
105.85166629999968,21.01786369999994,70.62139306768545
105.85196629999967,21.01786369999994,66.40767594650198
105.85226629999968,21.01786369999994,68.13676506613363
105.85256629999968,21.01786369999994,66.10677270101064
105.85286629999966,21.01786369999994,68.35308421805749
105.85316629999966,21.01786369999994,75.84440827277683
105.85346629999964,21.01786369999994,63.36006657290706
105.85376629999963,21.01786369999994,64.45753795008187
105.85406629999964,21.01786369999994,67.01988307520729
105.85436629999964,21.01786369999994,60.57913480188552
105.85466629999964,21.01786369999994,66.62317798456677
105.85496629999965,21.01786369999994,67.35442564798169
105.85526629999964,21.01786369999994,63.5171144984907
105.85556629999962,21.01786369999994,60.52060409768269
105.85586629999962,21.01786369999994,65.06691745961155
105.8561662999996,21.01786369999994,67.124828247035
105.8564662999996,21.01786369999994,70.97865641544851
105.8567662999996,21.01786369999994,74.13538726419253
105.8570662999996,21.01786369999994,78.52386012666116
105.8573662999996,21.01786369999994,60.94662866381566
105.8576662999996,21.01786369999994,54.63449203266218
105.8291663,21.01816369999994,59.04271472526952
105.8294663,21.01816369999994,59.713172015167245
105.8297663,21.01816369999994,58.77669238357825
105.83006629999998,21.01816369999994,60.248940730629
105.83036629999998,21.01816369999994,60.60881834367744
105.83066629999998,21.01816369999994,60.66736036362764
105.83096629999996,21.01816369999994,61.25143996249862
105.83126629999995,21.01816369999994,64.08556284343587
105.83156629999996,21.01816369999994,63.111887453297
105.83186629999996,21.01816369999994,56.38907984056918
105.83216629999995,21.01816369999994,54.081820748373104
105.83246629999996,21.01816369999994,57.637951430227105
105.83276629999996,21.01816369999994,59.54383385783524
105.83306629999994,21.01816369999994,68.62934387242119
105.83336629999994,21.01816369999994,69.22611695681576
105.83366629999992,21.01816369999994,68.58038704758326
105.83396629999991,21.01816369999994,70.78997190017613
105.83426629999992,21.01816369999994,71.15462049875185
105.83456629999992,21.01816369999994,66.07723712022626
105.83486629999992,21.01816369999994,68.86210996891607
105.83516629999993,21.01816369999994,68.86210996891607
105.83546629999992,21.01816369999994,57.687505604138806
105.8357662999999,21.01816369999994,57.90227010176518
105.8360662999999,21.01816369999994,56.37650795914655
105.8363662999999,21.01816369999994,63.686017109051306
105.83666629999988,21.01816369999994,66.8338825834305
105.83696629999989,21.01816369999994,63.41283304033546
105.83726629999988,21.01816369999994,63.15406842877907
105.83756629999988,21.01816369999994,59.55791164779774
105.83786629999987,21.01816369999994,56.72096356052121
105.83816629999988,21.01816369999994,59.758568455659855
105.83846629999988,21.01816369999994,61.047528743595294
105.83876629999986,21.01816369999994,59.800649829390125
105.83906629999986,21.01816369999994,60.645549118831056
105.83936629999984,21.01816369999994,56.650295310401376
105.83966629999983,21.01816369999994,55.84195415850425
105.83996629999984,21.01816369999994,50.64177612088217
105.84026629999984,21.01816369999994,51.15518902227878
105.84056629999984,21.01816369999994,52.29012326798822
105.84086629999985,21.01816369999994,55.47878442750404
105.84116629999984,21.01816369999994,56.71568047396643
105.84146629999982,21.01816369999994,56.80881877698819
105.84176629999982,21.01816369999994,55.97398857674858
105.8420662999998,21.01816369999994,57.63041163847328
105.8423662999998,21.01816369999994,59.81408287591118
105.8426662999998,21.01816369999994,57.80553226111698
105.8429662999998,21.01816369999994,57.81425962933132
105.8432662999998,21.01816369999994,58.55599523414048
105.8435662999998,21.01816369999994,58.02147730191503
105.8438662999998,21.01816369999994,58.609506735619306
105.84416629999978,21.01816369999994,60.528156400695224
105.84446629999978,21.01816369999994,59.310731562879525
105.84476629999978,21.01816369999994,57.64816686265429
105.84506629999976,21.01816369999994,51.50714656935086
105.84536629999975,21.01816369999994,61.84191391600578
105.84566629999976,21.01816369999994,65.32186005248937
105.84596629999976,21.01816369999994,67.63308894426623
105.84626629999975,21.01816369999994,77.36371811279841
105.84656629999976,21.01816369999994,74.4066170955127
105.84686629999976,21.01816369999994,68.62846408308575
105.84716629999974,21.01816369999994,73.38234238141207
105.84746629999974,21.01816369999994,66.48692097799893
105.84776629999972,21.01816369999994,72.95169319657764
105.84806629999972,21.01816369999994,73.88829888713109
105.84836629999973,21.01816369999994,74.56571798938509
105.84866629999972,21.01816369999994,73.81219002409838
105.84896629999972,21.01816369999994,68.92144698060676
105.84926629999973,21.01816369999994,73.03333390906732
105.84956629999972,21.01816369999994,71.72428677485023
105.8498662999997,21.01816369999994,70.6604170899859
105.8501662999997,21.01816369999994,71.93052556014904
105.8504662999997,21.01816369999994,72.96349727685767
105.85076629999968,21.01816369999994,69.81241802019173
105.85106629999969,21.01816369999994,66.82975236999694
105.85136629999968,21.01816369999994,70.21832562866436
105.85166629999968,21.01816369999994,66.45756793651378
105.85196629999967,21.01816369999994,67.07466503192332
105.85226629999968,21.01816369999994,65.47499843421011
105.85256629999968,21.01816369999994,66.45079531948399
105.85286629999966,21.01816369999994,66.54585521157041
105.85316629999966,21.01816369999994,60.70088791726677
105.85346629999964,21.01816369999994,62.58745887904472
105.85376629999963,21.01816369999994,62.98338003695805
105.85406629999964,21.01816369999994,61.46191528250185
105.85436629999964,21.01816369999994,61.207021521807235
105.85466629999964,21.01816369999994,58.254844071814034
105.85496629999965,21.01816369999994,62.593447998876314
105.85526629999964,21.01816369999994,60.41756835053911
105.85556629999962,21.01816369999994,65.38661799513031
105.85586629999962,21.01816369999994,73.09497253451529
105.8561662999996,21.01816369999994,73.47418806620165
105.8564662999996,21.01816369999994,76.96981521488226
105.8567662999996,21.01816369999994,79.00635318636412
105.8570662999996,21.01816369999994,71.8869494870203
105.8573662999996,21.01816369999994,71.72093516888573
105.8576662999996,21.01816369999994,58.351622935184935
105.8291663,21.018463699999938,53.472405555061854
105.8294663,21.018463699999938,56.4591333242619
105.8297663,21.018463699999938,58.52711697469179
105.83006629999998,21.018463699999938,58.173169966822144
105.83036629999998,21.018463699999938,59.983524980603136
105.83066629999998,21.018463699999938,57.80278761143441
105.83096629999996,21.018463699999938,57.97097252397867
105.83126629999995,21.018463699999938,58.115649555863584
105.83156629999996,21.018463699999938,53.98219442635755
105.83186629999996,21.018463699999938,61.170737399058595
105.83216629999995,21.018463699999938,60.58506223598748
105.83246629999996,21.018463699999938,55.71451762330716
105.83276629999996,21.018463699999938,57.53838581429609
105.83306629999994,21.018463699999938,69.3742241811672
105.83336629999994,21.018463699999938,68.86533767357564
105.83366629999992,21.018463699999938,69.1572901043017
105.83396629999991,21.018463699999938,73.03899972671726
105.83426629999992,21.018463699999938,75.12554613398866
105.83456629999992,21.018463699999938,72.19619980189425
105.83486629999992,21.018463699999938,71.73727539036342
105.83516629999993,21.018463699999938,72.28308068966967
105.83546629999992,21.018463699999938,65.12912697675546
105.8357662999999,21.018463699999938,68.12254193336396
105.8360662999999,21.018463699999938,62.83979491404506
105.8363662999999,21.018463699999938,63.87512472330545
105.83666629999988,21.018463699999938,63.781524530263894
105.83696629999989,21.018463699999938,65.0232943765635
105.83726629999988,21.018463699999938,64.54414307699228
105.83756629999988,21.018463699999938,64.15593849533424
105.83786629999987,21.018463699999938,57.865012936406586
105.83816629999988,21.018463699999938,57.43967773337482
105.83846629999988,21.018463699999938,55.2148434687854
105.83876629999986,21.018463699999938,57.75175257903824
105.83906629999986,21.018463699999938,59.54960739147337
105.83936629999984,21.018463699999938,56.55443863692119
105.83966629999983,21.018463699999938,55.449498064633104
105.83996629999984,21.018463699999938,53.79894042827674
105.84026629999984,21.018463699999938,53.99081095133282
105.84056629999984,21.018463699999938,56.9374335518212
105.84086629999985,21.018463699999938,60.68699315006627
105.84116629999984,21.018463699999938,59.742386802806664
105.84146629999982,21.018463699999938,57.35705337805853
105.84176629999982,21.018463699999938,63.29136413772464
105.8420662999998,21.018463699999938,65.51798427862312
105.8423662999998,21.018463699999938,68.14597404198128
105.8426662999998,21.018463699999938,65.93153387321964
105.8429662999998,21.018463699999938,61.83340448588602
105.8432662999998,21.018463699999938,61.84102737968364
105.8435662999998,21.018463699999938,60.6630504285409
105.8438662999998,21.018463699999938,59.03681077339087
105.84416629999978,21.018463699999938,63.14636968392014
105.84446629999978,21.018463699999938,62.33675016257261
105.84476629999978,21.018463699999938,66.22476437563049
105.84506629999976,21.018463699999938,67.55345185327651
105.84536629999975,21.018463699999938,70.64703916284545
105.84566629999976,21.018463699999938,72.89350325902393
105.84596629999976,21.018463699999938,72.67221964867534
105.84626629999975,21.018463699999938,74.62867978890613
105.84656629999976,21.018463699999938,72.03491916440679
105.84686629999976,21.018463699999938,63.698452256479925
105.84716629999974,21.018463699999938,71.73775896272572
105.84746629999974,21.018463699999938,75.24950972939796
105.84776629999972,21.018463699999938,76.37830489845554
105.84806629999972,21.018463699999938,75.23811733405141
105.84836629999973,21.018463699999938,65.92877219487991
105.84866629999972,21.018463699999938,67.59231266645777
105.84896629999972,21.018463699999938,68.62179238665045
105.84926629999973,21.018463699999938,70.42271975200278
105.84956629999972,21.018463699999938,71.07371894850183
105.8498662999997,21.018463699999938,71.17753701954813
105.8501662999997,21.018463699999938,75.06518986637651
105.8504662999997,21.018463699999938,72.36094191554
105.85076629999968,21.018463699999938,72.26201053911298
105.85106629999969,21.018463699999938,72.42596478993698
105.85136629999968,21.018463699999938,68.88425092584667
105.85166629999968,21.018463699999938,63.69037019794155
105.85196629999967,21.018463699999938,67.84289387595715
105.85226629999968,21.018463699999938,67.99801887481857
105.85256629999968,21.018463699999938,67.25020520979606
105.85286629999966,21.018463699999938,69.82169133684896
105.85316629999966,21.018463699999938,65.55289322020232
105.85346629999964,21.018463699999938,65.88455017950795
105.85376629999963,21.018463699999938,69.00697474932339
105.85406629999964,21.018463699999938,67.39023908870321
105.85436629999964,21.018463699999938,64.44874788898538
105.85466629999964,21.018463699999938,65.69343410323303
105.85496629999965,21.018463699999938,70.6948875207484
105.85526629999964,21.018463699999938,75.10449300724103
105.85556629999962,21.018463699999938,76.16531830342173
105.85586629999962,21.018463699999938,75.2204431757658
105.8561662999996,21.018463699999938,76.65165347405899
105.8564662999996,21.018463699999938,74.73004368322279
105.8567662999996,21.018463699999938,73.3341933514255
105.8570662999996,21.018463699999938,75.4333365675745
105.8573662999996,21.018463699999938,63.938113743163655
105.8576662999996,21.018463699999938,60.54419309311902
105.8291663,21.018763699999937,57.52024415351846
105.8294663,21.018763699999937,57.44768762659848
105.8297663,21.018763699999937,55.54336417230978
105.83006629999998,21.018763699999937,56.428758038137545
105.83036629999998,21.018763699999937,55.04887002508481
105.83066629999998,21.018763699999937,55.44323037792796
105.83096629999996,21.018763699999937,54.285640509762146
105.83126629999995,21.018763699999937,54.27134927541802
105.83156629999996,21.018763699999937,53.51724313665571
105.83186629999996,21.018763699999937,59.014712578616866
105.83216629999995,21.018763699999937,56.43343938982031
105.83246629999996,21.018763699999937,57.67474272433377
105.83276629999996,21.018763699999937,64.1310400620924
105.83306629999994,21.018763699999937,69.13487431646216
105.83336629999994,21.018763699999937,68.55060562000062
105.83366629999992,21.018763699999937,71.61830776435004
105.83396629999991,21.018763699999937,74.27171902763541
105.83426629999992,21.018763699999937,77.08414030518566
105.83456629999992,21.018763699999937,72.9303163466593
105.83486629999992,21.018763699999937,72.47139193512847
105.83516629999993,21.018763699999937,71.47453000496552
105.83546629999992,21.018763699999937,73.01719723443472
105.8357662999999,21.018763699999937,64.49228775632979
105.8360662999999,21.018763699999937,65.3774285542105
105.8363662999999,21.018763699999937,60.560598907126874
105.83666629999988,21.018763699999937,58.94573243268529
105.83696629999989,21.018763699999937,61.226710186224054
105.83726629999988,21.018763699999937,58.618730917873094
105.83756629999988,21.018763699999937,60.33073993777809
105.83786629999987,21.018763699999937,55.10518075962807
105.83816629999988,21.018763699999937,55.39053733643097
105.83846629999988,21.018763699999937,54.89940207361404
105.83876629999986,21.018763699999937,54.43373355414056
105.83906629999986,21.018763699999937,57.529037072691025
105.83936629999984,21.018763699999937,58.06664685465958
105.83966629999983,21.018763699999937,58.59612567394896
105.83996629999984,21.018763699999937,58.63677338299412
105.84026629999984,21.018763699999937,57.74287454655773
105.84056629999984,21.018763699999937,61.02111411687477
105.84086629999985,21.018763699999937,71.72780876795798
105.84116629999984,21.018763699999937,64.31546762945578
105.84146629999982,21.018763699999937,65.4346954022504
105.84176629999982,21.018763699999937,67.63778644130639
105.8420662999998,21.018763699999937,61.33895869591865
105.8423662999998,21.018763699999937,67.56983907691334
105.8426662999998,21.018763699999937,67.07433545288819
105.8429662999998,21.018763699999937,66.7812698765663
105.8432662999998,21.018763699999937,67.10639915217399
105.8435662999998,21.018763699999937,65.4232307519046
105.8438662999998,21.018763699999937,61.879200941905765
105.84416629999978,21.018763699999937,62.72188661051324
105.84446629999978,21.018763699999937,67.95465063487863
105.84476629999978,21.018763699999937,68.566748892067
105.84506629999976,21.018763699999937,66.2436050723091
105.84536629999975,21.018763699999937,66.41769138530283
105.84566629999976,21.018763699999937,64.79954735729524
105.84596629999976,21.018763699999937,64.10987401829546
105.84626629999975,21.018763699999937,65.63894224354442
105.84656629999976,21.018763699999937,66.44065239203788
105.84686629999976,21.018763699999937,65.69052374281814
105.84716629999974,21.018763699999937,69.99710262388106
105.84746629999974,21.018763699999937,76.03867534747008
105.84776629999972,21.018763699999937,77.20555490034042
105.84806629999972,21.018763699999937,65.71703898439358
105.84836629999973,21.018763699999937,69.57892400917333
105.84866629999972,21.018763699999937,70.1856472189656
105.84896629999972,21.018763699999937,71.78521006695637
105.84926629999973,21.018763699999937,71.55901480721964
105.84956629999972,21.018763699999937,71.91659002171296
105.8498662999997,21.018763699999937,71.89537085188049
105.8501662999997,21.018763699999937,71.12400857294034
105.8504662999997,21.018763699999937,69.42820959959504
105.85076629999968,21.018763699999937,70.55182557755946
105.85106629999969,21.018763699999937,68.04993825109491
105.85136629999968,21.018763699999937,67.2838989834867
105.85166629999968,21.018763699999937,69.98664134761252
105.85196629999967,21.018763699999937,69.93613333734721
105.85226629999968,21.018763699999937,67.43620895743686
105.85256629999968,21.018763699999937,69.61597309849954
105.85286629999966,21.018763699999937,69.06693275728946
105.85316629999966,21.018763699999937,74.13754129335584
105.85346629999964,21.018763699999937,75.4115880379799
105.85376629999963,21.018763699999937,74.99060480138859
105.85406629999964,21.018763699999937,74.20696296944539
105.85436629999964,21.018763699999937,67.12054895824296
105.85466629999964,21.018763699999937,73.92571377186658
105.85496629999965,21.018763699999937,73.01992403956815
105.85526629999964,21.018763699999937,74.92611466036485
105.85556629999962,21.018763699999937,65.54175744384621
105.85586629999962,21.018763699999937,74.2331923284059
105.8561662999996,21.018763699999937,69.1035146899512
105.8564662999996,21.018763699999937,76.53072977251004
105.8567662999996,21.018763699999937,71.71989034938454
105.8570662999996,21.018763699999937,60.56026459998659
105.8573662999996,21.018763699999937,53.95048946058755
105.8576662999996,21.018763699999937,57.734008901994585
