x,y,noise_dB
105.8291663,20.9920637,64.48167692044406
105.8294663,20.9920637,64.48167692044406
105.8297663,20.9920637,64.48167692044406
105.83006629999998,20.9920637,64.48167692044406
105.83036629999998,20.9920637,64.48167692044406
105.83066629999998,20.9920637,64.48167692044406
105.83096629999996,20.9920637,64.48167692044406
105.83126629999995,20.9920637,64.48167692044406
105.83156629999996,20.9920637,64.48167692044406
105.83186629999996,20.9920637,64.48167692044406
105.83216629999995,20.9920637,64.48167692044406
105.83246629999996,20.9920637,64.48167692044406
105.83276629999996,20.9920637,64.48167692044406
105.83306629999994,20.9920637,64.48167692044406
105.83336629999994,20.9920637,64.48167692044406
105.83366629999992,20.9920637,64.48167692044406
105.83396629999991,20.9920637,64.48167692044406
105.83426629999992,20.9920637,64.48167692044406
105.83456629999992,20.9920637,64.48167692044406
105.83486629999992,20.9920637,64.48167692044406
105.83516629999993,20.9920637,64.48167692044406
105.83546629999992,20.9920637,64.48167692044406
105.8357662999999,20.9920637,64.48167692044406
105.8360662999999,20.9920637,64.48167692044406
105.8363662999999,20.9920637,64.48167692044406
105.83666629999988,20.9920637,64.48167692044406
105.83696629999989,20.9920637,64.48167692044406
105.83726629999988,20.9920637,64.48167692044406
105.83756629999988,20.9920637,64.48167692044406
105.83786629999987,20.9920637,64.48167692044406
105.83816629999988,20.9920637,63.678657555141875
105.83846629999988,20.9920637,62.22763770672624
105.83876629999986,20.9920637,60.914645785572915
105.83906629999986,20.9920637,60.76651937429512
105.83936629999984,20.9920637,60.76651937429512
105.83966629999983,20.9920637,61.22424913662856
105.83996629999984,20.9920637,63.54840761466664
105.84026629999984,20.9920637,64.20205025471196
105.84056629999984,20.9920637,62.723412919961795
105.84086629999985,20.9920637,57.8581740209453
105.84116629999984,20.9920637,58.11216950265977
105.84146629999982,20.9920637,57.94916860383416
105.84176629999982,20.9920637,58.18484139638464
105.8420662999998,20.9920637,58.50763496679971
105.8423662999998,20.9920637,57.61836808539229
105.8426662999998,20.9920637,71.73961914291623
105.8429662999998,20.9920637,71.24930018370341
105.8432662999998,20.9920637,65.71496287279919
105.8435662999998,20.9920637,61.10737131175204
105.8438662999998,20.9920637,62.83411234961996
105.84416629999978,20.9920637,63.678657555141875
105.84446629999978,20.9920637,64.39258024072464
105.84476629999978,20.9920637,64.39258024072464
105.84506629999976,20.9920637,64.29117061630812
105.84536629999975,20.9920637,64.48167692044406
105.84566629999976,20.9920637,64.48167692044406
105.84596629999976,20.9920637,64.48167692044406
105.84626629999975,20.9920637,64.48167692044406
105.84656629999976,20.9920637,64.48167692044406
105.84686629999976,20.9920637,64.48167692044406
105.84716629999974,20.9920637,64.48167692044406
105.84746629999974,20.9920637,64.48167692044406
105.84776629999972,20.9920637,64.48167692044406
105.84806629999972,20.9920637,64.48167692044406
105.84836629999973,20.9920637,64.48167692044406
105.84866629999972,20.9920637,64.48167692044406
105.84896629999972,20.9920637,64.48167692044406
105.84926629999973,20.9920637,64.48167692044406
105.84956629999972,20.9920637,64.48167692044406
105.8498662999997,20.9920637,64.48167692044406
105.8501662999997,20.9920637,64.48167692044406
105.8504662999997,20.9920637,64.48167692044406
105.85076629999968,20.9920637,64.48167692044406
105.85106629999969,20.9920637,64.48167692044406
105.85136629999968,20.9920637,64.48167692044406
105.85166629999968,20.9920637,64.48167692044406
105.85196629999967,20.9920637,64.48167692044406
105.85226629999968,20.9920637,64.48167692044406
105.85256629999968,20.9920637,64.48167692044406
105.85286629999966,20.9920637,64.48167692044406
105.85316629999966,20.9920637,64.48167692044406
105.85346629999964,20.9920637,64.48167692044406
105.85376629999963,20.9920637,64.48167692044406
105.85406629999964,20.9920637,64.48167692044406
105.85436629999964,20.9920637,64.48167692044406
105.85466629999964,20.9920637,64.48167692044406
105.85496629999965,20.9920637,64.48167692044406
105.85526629999964,20.9920637,64.48167692044406
105.85556629999962,20.9920637,64.48167692044406
105.85586629999962,20.9920637,64.48167692044406
105.8561662999996,20.9920637,64.48167692044406
105.8564662999996,20.9920637,64.48167692044406
105.8567662999996,20.9920637,64.48167692044406
105.8570662999996,20.9920637,64.48167692044406
105.8573662999996,20.9920637,64.48167692044406
105.8576662999996,20.9920637,64.48167692044406
105.8291663,20.9923637,64.48167692044406
105.8294663,20.9923637,64.48167692044406
105.8297663,20.9923637,64.48167692044406
105.83006629999998,20.9923637,64.48167692044406
105.83036629999998,20.9923637,64.48167692044406
105.83066629999998,20.9923637,64.48167692044406
105.83096629999996,20.9923637,64.48167692044406
105.83126629999995,20.9923637,64.48167692044406
105.83156629999996,20.9923637,64.48167692044406
105.83186629999996,20.9923637,64.48167692044406
105.83216629999995,20.9923637,64.48167692044406
105.83246629999996,20.9923637,64.48167692044406
105.83276629999996,20.9923637,64.48167692044406
105.83306629999994,20.9923637,64.48167692044406
105.83336629999994,20.9923637,64.48167692044406
105.83366629999992,20.9923637,64.48167692044406
105.83396629999991,20.9923637,64.48167692044406
105.83426629999992,20.9923637,64.48167692044406
105.83456629999992,20.9923637,64.48167692044406
105.83486629999992,20.9923637,64.48167692044406
105.83516629999993,20.9923637,64.48167692044406
105.83546629999992,20.9923637,64.48167692044406
105.8357662999999,20.9923637,64.48167692044406
105.8360662999999,20.9923637,64.48167692044406
105.8363662999999,20.9923637,64.48167692044406
105.83666629999988,20.9923637,64.48167692044406
105.83696629999989,20.9923637,64.48167692044406
105.83726629999988,20.9923637,64.48167692044406
105.83756629999988,20.9923637,64.48167692044406
105.83786629999987,20.9923637,64.39258024072464
105.83816629999988,20.9923637,60.97121949223268
105.83846629999988,20.9923637,59.8412379674148
105.83876629999986,20.9923637,59.8412379674148
105.83906629999986,20.9923637,59.8412379674148
105.83936629999984,20.9923637,59.8412379674148
105.83966629999983,20.9923637,59.288737338395535
105.83996629999984,20.9923637,72.16985255071093
105.84026629999984,20.9923637,69.72149904708782
105.84056629999984,20.9923637,69.10765764899318
105.84086629999985,20.9923637,58.252414939233425
105.84116629999984,20.9923637,58.91132912850217
105.84146629999982,20.9923637,60.861014259287096
105.84176629999982,20.9923637,60.11234321370083
105.8420662999998,20.9923637,60.36532698928253
105.8423662999998,20.9923637,58.066923058592934
105.8426662999998,20.9923637,66.86397240139509
105.8429662999998,20.9923637,70.41730599773814
105.8432662999998,20.9923637,71.22807028677354
105.8435662999998,20.9923637,69.95702777739643
105.8438662999998,20.9923637,64.44169419370132
105.84416629999978,20.9923637,61.52096676305453
105.84446629999978,20.9923637,60.97121949223268
105.84476629999978,20.9923637,62.22763770672624
105.84506629999976,20.9923637,62.22763770672624
105.84536629999975,20.9923637,64.29117061630812
105.84566629999976,20.9923637,64.48167692044406
105.84596629999976,20.9923637,64.48167692044406
105.84626629999975,20.9923637,64.48167692044406
105.84656629999976,20.9923637,64.48167692044406
105.84686629999976,20.9923637,64.48167692044406
105.84716629999974,20.9923637,64.48167692044406
105.84746629999974,20.9923637,64.48167692044406
105.84776629999972,20.9923637,64.48167692044406
105.84806629999972,20.9923637,64.48167692044406
105.84836629999973,20.9923637,64.48167692044406
105.84866629999972,20.9923637,64.48167692044406
105.84896629999972,20.9923637,64.48167692044406
105.84926629999973,20.9923637,64.48167692044406
105.84956629999972,20.9923637,64.48167692044406
105.8498662999997,20.9923637,64.48167692044406
105.8501662999997,20.9923637,64.48167692044406
105.8504662999997,20.9923637,64.48167692044406
105.85076629999968,20.9923637,64.48167692044406
105.85106629999969,20.9923637,64.48167692044406
105.85136629999968,20.9923637,64.48167692044406
105.85166629999968,20.9923637,64.48167692044406
105.85196629999967,20.9923637,64.48167692044406
105.85226629999968,20.9923637,64.48167692044406
105.85256629999968,20.9923637,64.48167692044406
105.85286629999966,20.9923637,64.48167692044406
105.85316629999966,20.9923637,64.48167692044406
105.85346629999964,20.9923637,64.48167692044406
105.85376629999963,20.9923637,64.48167692044406
105.85406629999964,20.9923637,64.48167692044406
105.85436629999964,20.9923637,64.48167692044406
105.85466629999964,20.9923637,64.48167692044406
105.85496629999965,20.9923637,64.48167692044406
105.85526629999964,20.9923637,64.48167692044406
105.85556629999962,20.9923637,64.48167692044406
105.85586629999962,20.9923637,64.48167692044406
105.8561662999996,20.9923637,64.48167692044406
105.8564662999996,20.9923637,64.48167692044406
105.8567662999996,20.9923637,64.48167692044406
105.8570662999996,20.9923637,64.48167692044406
105.8573662999996,20.9923637,64.48167692044406
105.8576662999996,20.9923637,64.48167692044406
105.8291663,20.9926637,64.48167692044406
105.8294663,20.9926637,64.48167692044406
105.8297663,20.9926637,64.48167692044406
105.83006629999998,20.9926637,64.48167692044406
105.83036629999998,20.9926637,64.48167692044406
105.83066629999998,20.9926637,64.48167692044406
105.83096629999996,20.9926637,64.48167692044406
105.83126629999995,20.9926637,64.48167692044406
105.83156629999996,20.9926637,64.48167692044406
105.83186629999996,20.9926637,64.48167692044406
105.83216629999995,20.9926637,64.48167692044406
105.83246629999996,20.9926637,64.48167692044406
105.83276629999996,20.9926637,64.48167692044406
105.83306629999994,20.9926637,64.48167692044406
105.83336629999994,20.9926637,64.48167692044406
105.83366629999992,20.9926637,64.48167692044406
105.83396629999991,20.9926637,64.48167692044406
105.83426629999992,20.9926637,64.48167692044406
105.83456629999992,20.9926637,64.48167692044406
105.83486629999992,20.9926637,64.48167692044406
105.83516629999993,20.9926637,64.48167692044406
105.83546629999992,20.9926637,64.48167692044406
105.8357662999999,20.9926637,64.48167692044406
105.8360662999999,20.9926637,64.48167692044406
105.8363662999999,20.9926637,64.48167692044406
105.83666629999988,20.9926637,64.48167692044406
105.83696629999989,20.9926637,64.48167692044406
105.83726629999988,20.9926637,64.48167692044406
105.83756629999988,20.9926637,63.9155097058116
105.83786629999987,20.9926637,62.22763770672624
105.83816629999988,20.9926637,60.76651937429512
105.83846629999988,20.9926637,59.830273735181265
105.83876629999986,20.9926637,59.45152440885883
105.83906629999986,20.9926637,59.69885611146347
105.83936629999984,20.9926637,58.80330521019558
105.83966629999983,20.9926637,61.31333708500286
105.83996629999984,20.9926637,69.7054778924453
105.84026629999984,20.9926637,70.23549479282705
105.84056629999984,20.9926637,63.42277642497412
105.84086629999985,20.9926637,72.70046631215133
105.84116629999984,20.9926637,60.17170641694977
105.84146629999982,20.9926637,57.28437851886412
105.84176629999982,20.9926637,57.999633431833416
105.8420662999998,20.9926637,58.96097993688631
105.8423662999998,20.9926637,69.05977386956896
105.8426662999998,20.9926637,71.71035710252224
105.8429662999998,20.9926637,64.94091357816419
105.8432662999998,20.9926637,61.40557284696535
105.8435662999998,20.9926637,67.37946813187483
105.8438662999998,20.9926637,63.316358575222104
105.84416629999978,20.9926637,60.64344335523061
105.84446629999978,20.9926637,60.76651937429512
105.84476629999978,20.9926637,60.33845492836861
105.84506629999976,20.9926637,60.45006211810112
105.84536629999975,20.9926637,61.272065143715466
105.84566629999976,20.9926637,63.9155097058116
105.84596629999976,20.9926637,64.48167692044406
105.84626629999975,20.9926637,64.48167692044406
105.84656629999976,20.9926637,64.48167692044406
105.84686629999976,20.9926637,64.48167692044406
105.84716629999974,20.9926637,64.48167692044406
105.84746629999974,20.9926637,64.48167692044406
105.84776629999972,20.9926637,64.48167692044406
105.84806629999972,20.9926637,64.48167692044406
105.84836629999973,20.9926637,64.48167692044406
105.84866629999972,20.9926637,64.48167692044406
105.84896629999972,20.9926637,64.48167692044406
105.84926629999973,20.9926637,65.137396982337
105.84956629999972,20.9926637,65.26091117787138
105.8498662999997,20.9926637,65.137396982337
105.8501662999997,20.9926637,64.48167692044406
105.8504662999997,20.9926637,64.48167692044406
105.85076629999968,20.9926637,64.48167692044406
105.85106629999969,20.9926637,64.48167692044406
105.85136629999968,20.9926637,64.48167692044406
105.85166629999968,20.9926637,64.48167692044406
105.85196629999967,20.9926637,64.48167692044406
105.85226629999968,20.9926637,64.48167692044406
105.85256629999968,20.9926637,64.48167692044406
105.85286629999966,20.9926637,64.48167692044406
105.85316629999966,20.9926637,64.48167692044406
105.85346629999964,20.9926637,64.48167692044406
105.85376629999963,20.9926637,64.48167692044406
105.85406629999964,20.9926637,64.48167692044406
105.85436629999964,20.9926637,64.48167692044406
105.85466629999964,20.9926637,64.48167692044406
105.85496629999965,20.9926637,64.48167692044406
105.85526629999964,20.9926637,64.48167692044406
105.85556629999962,20.9926637,64.48167692044406
105.85586629999962,20.9926637,64.48167692044406
105.8561662999996,20.9926637,64.48167692044406
105.8564662999996,20.9926637,64.48167692044406
105.8567662999996,20.9926637,64.48167692044406
105.8570662999996,20.9926637,64.48167692044406
105.8573662999996,20.9926637,64.48167692044406
105.8576662999996,20.9926637,64.48167692044406
105.8291663,20.992963699999997,64.50396120858368
105.8294663,20.992963699999997,64.50396120858368
105.8297663,20.992963699999997,64.48167692044406
105.83006629999998,20.992963699999997,64.48167692044406
105.83036629999998,20.992963699999997,64.48167692044406
105.83066629999998,20.992963699999997,64.48167692044406
105.83096629999996,20.992963699999997,64.48167692044406
105.83126629999995,20.992963699999997,64.48167692044406
105.83156629999996,20.992963699999997,64.48167692044406
105.83186629999996,20.992963699999997,64.48167692044406
105.83216629999995,20.992963699999997,64.48167692044406
105.83246629999996,20.992963699999997,64.48167692044406
105.83276629999996,20.992963699999997,64.48167692044406
105.83306629999994,20.992963699999997,64.48167692044406
105.83336629999994,20.992963699999997,64.48167692044406
105.83366629999992,20.992963699999997,64.48167692044406
105.83396629999991,20.992963699999997,64.48167692044406
105.83426629999992,20.992963699999997,64.48167692044406
105.83456629999992,20.992963699999997,64.48167692044406
105.83486629999992,20.992963699999997,64.48167692044406
105.83516629999993,20.992963699999997,64.48167692044406
105.83546629999992,20.992963699999997,64.48167692044406
105.8357662999999,20.992963699999997,64.48167692044406
105.8360662999999,20.992963699999997,64.48167692044406
105.8363662999999,20.992963699999997,64.48167692044406
105.83666629999988,20.992963699999997,64.48167692044406
105.83696629999989,20.992963699999997,64.48167692044406
105.83726629999988,20.992963699999997,64.48167692044406
105.83756629999988,20.992963699999997,63.678657555141875
105.83786629999987,20.992963699999997,60.914645785572915
105.83816629999988,20.992963699999997,59.36566381800545
105.83846629999988,20.992963699999997,59.45152440885883
105.83876629999986,20.992963699999997,58.36650176955036
105.83906629999986,20.992963699999997,58.37261191646166
105.83936629999984,20.992963699999997,58.76397064220422
105.83966629999983,20.992963699999997,68.73304869926648
105.83996629999984,20.992963699999997,72.8525719011547
105.84026629999984,20.992963699999997,69.21376301226465
105.84056629999984,20.992963699999997,71.00119177561724
105.84086629999985,20.992963699999997,69.07288442669297
105.84116629999984,20.992963699999997,67.20760286497
105.84146629999982,20.992963699999997,65.75174224406662
105.84176629999982,20.992963699999997,56.20559286802281
105.8420662999998,20.992963699999997,57.57530271272847
105.8423662999998,20.992963699999997,64.71999953332917
105.8426662999998,20.992963699999997,71.63732950535527
105.8429662999998,20.992963699999997,62.95735314249493
105.8432662999998,20.992963699999997,65.08068731673586
105.8435662999998,20.992963699999997,64.68779418270347
105.8438662999998,20.992963699999997,58.783919626798415
105.84416629999978,20.992963699999997,59.071275719397406
105.84446629999978,20.992963699999997,58.17566192948232
105.84476629999978,20.992963699999997,58.78706355182358
105.84506629999976,20.992963699999997,58.78706355182358
105.84536629999975,20.992963699999997,60.753371057203246
105.84566629999976,20.992963699999997,61.272065143715466
105.84596629999976,20.992963699999997,64.29117061630812
105.84626629999975,20.992963699999997,64.48167692044406
105.84656629999976,20.992963699999997,64.48167692044406
105.84686629999976,20.992963699999997,64.48167692044406
105.84716629999974,20.992963699999997,64.48167692044406
105.84746629999974,20.992963699999997,64.48167692044406
105.84776629999972,20.992963699999997,64.48167692044406
105.84806629999972,20.992963699999997,64.48167692044406
105.84836629999973,20.992963699999997,64.48167692044406
105.84866629999972,20.992963699999997,64.48167692044406
105.84896629999972,20.992963699999997,64.48167692044406
105.84926629999973,20.992963699999997,63.653438644238776
105.84956629999972,20.992963699999997,72.09062328306176
105.8498662999997,20.992963699999997,63.93042913456897
105.8501662999997,20.992963699999997,64.48167692044406
105.8504662999997,20.992963699999997,64.48167692044406
105.85076629999968,20.992963699999997,64.48167692044406
105.85106629999969,20.992963699999997,64.48167692044406
105.85136629999968,20.992963699999997,64.48167692044406
105.85166629999968,20.992963699999997,64.48167692044406
105.85196629999967,20.992963699999997,64.48167692044406
105.85226629999968,20.992963699999997,64.48167692044406
105.85256629999968,20.992963699999997,64.48167692044406
105.85286629999966,20.992963699999997,64.48167692044406
105.85316629999966,20.992963699999997,64.48167692044406
105.85346629999964,20.992963699999997,64.48167692044406
105.85376629999963,20.992963699999997,64.48167692044406
105.85406629999964,20.992963699999997,64.48167692044406
105.85436629999964,20.992963699999997,64.48167692044406
105.85466629999964,20.992963699999997,64.48167692044406
105.85496629999965,20.992963699999997,64.48167692044406
105.85526629999964,20.992963699999997,64.48167692044406
105.85556629999962,20.992963699999997,64.48167692044406
105.85586629999962,20.992963699999997,64.48167692044406
105.8561662999996,20.992963699999997,64.48167692044406
105.8564662999996,20.992963699999997,64.48167692044406
105.8567662999996,20.992963699999997,65.12295015543154
105.8570662999996,20.992963699999997,65.26091117787138
105.8573662999996,20.992963699999997,65.26289928759411
105.8576662999996,20.992963699999997,65.12295015543154
105.8291663,20.993263699999996,64.50396120858368
105.8294663,20.993263699999996,64.50396120858368
105.8297663,20.993263699999996,64.50396120858368
105.83006629999998,20.993263699999996,64.48167692044406
105.83036629999998,20.993263699999996,64.48167692044406
105.83066629999998,20.993263699999996,64.48167692044406
105.83096629999996,20.993263699999996,64.48167692044406
105.83126629999995,20.993263699999996,64.48167692044406
105.83156629999996,20.993263699999996,64.48167692044406
105.83186629999996,20.993263699999996,64.48167692044406
105.83216629999995,20.993263699999996,64.48167692044406
105.83246629999996,20.993263699999996,64.48167692044406
105.83276629999996,20.993263699999996,64.48167692044406
105.83306629999994,20.993263699999996,64.48167692044406
105.83336629999994,20.993263699999996,64.48167692044406
105.83366629999992,20.993263699999996,64.48167692044406
105.83396629999991,20.993263699999996,64.48167692044406
105.83426629999992,20.993263699999996,64.48167692044406
105.83456629999992,20.993263699999996,64.48167692044406
105.83486629999992,20.993263699999996,64.48167692044406
105.83516629999993,20.993263699999996,64.48167692044406
105.83546629999992,20.993263699999996,64.48167692044406
105.8357662999999,20.993263699999996,64.48167692044406
105.8360662999999,20.993263699999996,64.48167692044406
105.8363662999999,20.993263699999996,64.48167692044406
105.83666629999988,20.993263699999996,64.48167692044406
105.83696629999989,20.993263699999996,64.48167692044406
105.83726629999988,20.993263699999996,64.48167692044406
105.83756629999988,20.993263699999996,62.22763770672624
105.83786629999987,20.993263699999996,60.76651937429512
105.83816629999988,20.993263699999996,60.74861143641136
105.83846629999988,20.993263699999996,58.37024440958921
105.83876629999986,20.993263699999996,59.343536315762655
105.83906629999986,20.993263699999996,60.659481496572155
105.83936629999984,20.993263699999996,59.094215522375535
105.83966629999983,20.993263699999996,73.10930745836377
105.83996629999984,20.993263699999996,65.77814668187811
105.84026629999984,20.993263699999996,66.22376001690964
105.84056629999984,20.993263699999996,62.19894287619539
105.84086629999985,20.993263699999996,71.39144964884919
105.84116629999984,20.993263699999996,64.32736201214878
105.84146629999982,20.993263699999996,66.33255597233268
105.84176629999982,20.993263699999996,63.12440074474124
105.8420662999998,20.993263699999996,58.23114300843241
105.8423662999998,20.993263699999996,58.2192841671771
105.8426662999998,20.993263699999996,70.15515508589787
105.8429662999998,20.993263699999996,69.3912137010325
105.8432662999998,20.993263699999996,72.80157111657418
105.8435662999998,20.993263699999996,68.7038901481529
105.8438662999998,20.993263699999996,58.32513343060503
105.84416629999978,20.993263699999996,58.82700162094085
105.84446629999978,20.993263699999996,57.99800190543265
105.84476629999978,20.993263699999996,58.08112502748848
105.84506629999976,20.993263699999996,58.393649658235105
105.84536629999975,20.993263699999996,58.066087057259566
105.84566629999976,20.993263699999996,60.3532765282328
105.84596629999976,20.993263699999996,60.45006211810112
105.84626629999975,20.993263699999996,62.22763770672624
105.84656629999976,20.993263699999996,63.9155097058116
105.84686629999976,20.993263699999996,64.48167692044406
105.84716629999974,20.993263699999996,64.48167692044406
105.84746629999974,20.993263699999996,64.48167692044406
105.84776629999972,20.993263699999996,64.48167692044406
105.84806629999972,20.993263699999996,65.26091117787138
105.84836629999973,20.993263699999996,65.43853221508704
105.84866629999972,20.993263699999996,65.26091117787138
105.84896629999972,20.993263699999996,64.48167692044406
105.84926629999973,20.993263699999996,63.653438644238776
105.84956629999972,20.993263699999996,71.37707722161626
105.8498662999997,20.993263699999996,63.653438644238776
105.8501662999997,20.993263699999996,64.48167692044406
105.8504662999997,20.993263699999996,64.48167692044406
105.85076629999968,20.993263699999996,64.48167692044406
105.85106629999969,20.993263699999996,64.48167692044406
105.85136629999968,20.993263699999996,64.48167692044406
105.85166629999968,20.993263699999996,64.48167692044406
105.85196629999967,20.993263699999996,64.48167692044406
105.85226629999968,20.993263699999996,64.48167692044406
105.85256629999968,20.993263699999996,64.48167692044406
105.85286629999966,20.993263699999996,64.48167692044406
105.85316629999966,20.993263699999996,64.48167692044406
105.85346629999964,20.993263699999996,64.48167692044406
105.85376629999963,20.993263699999996,64.48167692044406
105.85406629999964,20.993263699999996,64.48167692044406
105.85436629999964,20.993263699999996,64.48167692044406
105.85466629999964,20.993263699999996,64.48167692044406
105.85496629999965,20.993263699999996,64.48167692044406
105.85526629999964,20.993263699999996,64.48167692044406
105.85556629999962,20.993263699999996,64.48167692044406
105.85586629999962,20.993263699999996,64.48167692044406
105.8561662999996,20.993263699999996,64.48167692044406
105.8564662999996,20.993263699999996,65.12295015543154
105.8567662999996,20.993263699999996,66.09667860635271
105.8570662999996,20.993263699999996,72.09062328306176
105.8573662999996,20.993263699999996,72.09062328306176
105.8576662999996,20.993263699999996,65.92549386854108
105.8291663,20.993563699999996,63.98508240752162
105.8294663,20.993563699999996,63.98508240752162
105.8297663,20.993563699999996,64.50396120858368
105.83006629999998,20.993563699999996,64.50396120858368
105.83036629999998,20.993563699999996,64.48167692044406
105.83066629999998,20.993563699999996,64.48167692044406
105.83096629999996,20.993563699999996,64.48167692044406
105.83126629999995,20.993563699999996,64.48167692044406
105.83156629999996,20.993563699999996,64.48167692044406
105.83186629999996,20.993563699999996,64.48167692044406
105.83216629999995,20.993563699999996,64.48167692044406
105.83246629999996,20.993563699999996,64.48167692044406
105.83276629999996,20.993563699999996,64.48167692044406
105.83306629999994,20.993563699999996,64.48167692044406
105.83336629999994,20.993563699999996,64.48167692044406
105.83366629999992,20.993563699999996,64.48167692044406
105.83396629999991,20.993563699999996,64.48167692044406
105.83426629999992,20.993563699999996,64.48167692044406
105.83456629999992,20.993563699999996,64.48167692044406
105.83486629999992,20.993563699999996,64.48167692044406
105.83516629999993,20.993563699999996,64.48167692044406
105.83546629999992,20.993563699999996,64.48167692044406
105.8357662999999,20.993563699999996,64.48167692044406
105.8360662999999,20.993563699999996,64.48167692044406
105.8363662999999,20.993563699999996,64.48167692044406
105.83666629999988,20.993563699999996,64.48167692044406
105.83696629999989,20.993563699999996,64.48167692044406
105.83726629999988,20.993563699999996,64.16658614705871
105.83756629999988,20.993563699999996,60.97121949223268
105.83786629999987,20.993563699999996,59.376654299943006
105.83816629999988,20.993563699999996,58.393649658235105
105.83846629999988,20.993563699999996,58.181176059241416
105.83876629999986,20.993563699999996,59.45392899350471
105.83906629999986,20.993563699999996,57.80749464395493
105.83936629999984,20.993563699999996,64.65323906749273
105.83966629999983,20.993563699999996,68.46648099395968
105.83996629999984,20.993563699999996,70.68282899487517
105.84026629999984,20.993563699999996,72.82849138423731
105.84056629999984,20.993563699999996,63.83395966037369
105.84086629999985,20.993563699999996,69.13563236051976
105.84116629999984,20.993563699999996,66.53501346890056
105.84146629999982,20.993563699999996,64.87761199832318
105.84176629999982,20.993563699999996,64.08409745342381
105.8420662999998,20.993563699999996,54.64687435533857
105.8423662999998,20.993563699999996,57.61060955767246
105.8426662999998,20.993563699999996,56.66118701445455
105.8429662999998,20.993563699999996,66.10765719405241
105.8432662999998,20.993563699999996,72.58174517234534
105.8435662999998,20.993563699999996,68.13421044980348
105.8438662999998,20.993563699999996,68.70079950427596
105.84416629999978,20.993563699999996,62.24594044952604
105.84446629999978,20.993563699999996,58.971684826673275
105.84476629999978,20.993563699999996,58.45438780606601
105.84506629999976,20.993563699999996,58.202207972829555
105.84536629999975,20.993563699999996,59.14812755759355
105.84566629999976,20.993563699999996,58.32968375231237
105.84596629999976,20.993563699999996,58.32968375231237
105.84626629999975,20.993563699999996,60.97121949223268
105.84656629999976,20.993563699999996,62.22763770672624
105.84686629999976,20.993563699999996,63.9155097058116
105.84716629999974,20.993563699999996,64.48167692044406
105.84746629999974,20.993563699999996,64.48167692044406
105.84776629999972,20.993563699999996,64.48167692044406
105.84806629999972,20.993563699999996,63.65994369095559
105.84836629999973,20.993563699999996,70.02441270767801
105.84866629999972,20.993563699999996,63.779074994724034
105.84896629999972,20.993563699999996,64.48167692044406
105.84926629999973,20.993563699999996,63.93042913456897
105.84956629999972,20.993563699999996,71.20559456225467
105.8498662999997,20.993563699999996,63.862301699364835
105.8501662999997,20.993563699999996,64.48167692044406
105.8504662999997,20.993563699999996,64.48167692044406
105.85076629999968,20.993563699999996,64.48167692044406
105.85106629999969,20.993563699999996,64.48167692044406
105.85136629999968,20.993563699999996,64.48167692044406
105.85166629999968,20.993563699999996,64.48167692044406
105.85196629999967,20.993563699999996,64.48167692044406
105.85226629999968,20.993563699999996,64.48167692044406
105.85256629999968,20.993563699999996,64.48167692044406
105.85286629999966,20.993563699999996,64.48167692044406
105.85316629999966,20.993563699999996,64.48167692044406
105.85346629999964,20.993563699999996,64.48167692044406
105.85376629999963,20.993563699999996,64.48167692044406
105.85406629999964,20.993563699999996,64.48167692044406
105.85436629999964,20.993563699999996,64.48167692044406
105.85466629999964,20.993563699999996,64.48167692044406
105.85496629999965,20.993563699999996,64.48167692044406
105.85526629999964,20.993563699999996,64.48167692044406
105.85556629999962,20.993563699999996,64.48167692044406
105.85586629999962,20.993563699999996,64.48167692044406
105.8561662999996,20.993563699999996,65.137396982337
105.8564662999996,20.993563699999996,63.65994369095559
105.8567662999996,20.993563699999996,72.09062328306176
105.8570662999996,20.993563699999996,65.8583969388612
105.8573662999996,20.993563699999996,67.36441498891844
105.8576662999996,20.993563699999996,70.28159460288491
105.8291663,20.993863699999995,64.06151869186982
105.8294663,20.993863699999995,64.03274348394726
105.8297663,20.993863699999995,64.50396120858368
105.83006629999998,20.993863699999995,64.50396120858368
105.83036629999998,20.993863699999995,64.50396120858368
105.83066629999998,20.993863699999995,64.48167692044406
105.83096629999996,20.993863699999995,64.48167692044406
105.83126629999995,20.993863699999995,64.48167692044406
105.83156629999996,20.993863699999995,64.48167692044406
105.83186629999996,20.993863699999995,64.48167692044406
105.83216629999995,20.993863699999995,64.48167692044406
105.83246629999996,20.993863699999995,64.48167692044406
105.83276629999996,20.993863699999995,64.48167692044406
105.83306629999994,20.993863699999995,64.48167692044406
105.83336629999994,20.993863699999995,64.48167692044406
105.83366629999992,20.993863699999995,64.48167692044406
105.83396629999991,20.993863699999995,64.48167692044406
105.83426629999992,20.993863699999995,64.48167692044406
105.83456629999992,20.993863699999995,64.48167692044406
105.83486629999992,20.993863699999995,64.48167692044406
105.83516629999993,20.993863699999995,64.48167692044406
105.83546629999992,20.993863699999995,64.48167692044406
105.8357662999999,20.993863699999995,64.48167692044406
105.8360662999999,20.993863699999995,64.48167692044406
105.8363662999999,20.993863699999995,65.12295015543154
105.83666629999988,20.993863699999995,63.65994369095559
105.83696629999989,20.993863699999995,65.26091117787138
105.83726629999988,20.993863699999995,64.88986632487929
105.83756629999988,20.993863699999995,61.34574995848977
105.83786629999987,20.993863699999995,59.68954824921097
105.83816629999988,20.993863699999995,58.59703561434768
105.83846629999988,20.993863699999995,59.07257481893921
105.83876629999986,20.993863699999995,56.13088924134535
105.83906629999986,20.993863699999995,67.04109152799506
105.83936629999984,20.993863699999995,66.86324397381618
105.83966629999983,20.993863699999995,60.111341093881144
105.83996629999984,20.993863699999995,69.68401689725262
105.84026629999984,20.993863699999995,66.50707181364642
105.84056629999984,20.993863699999995,60.60090914686167
105.84086629999985,20.993863699999995,61.486061705540806
105.84116629999984,20.993863699999995,59.19334047703126
105.84146629999982,20.993863699999995,61.0450804909348
105.84176629999982,20.993863699999995,60.3672446493612
105.8420662999998,20.993863699999995,59.19334047703126
105.8423662999998,20.993863699999995,55.88571199881832
105.8426662999998,20.993863699999995,68.0579131622466
105.8429662999998,20.993863699999995,66.83181130738241
105.8432662999998,20.993863699999995,56.14414316335958
105.8435662999998,20.993863699999995,67.43015946157061
105.8438662999998,20.993863699999995,73.6128279382326
105.84416629999978,20.993863699999995,66.50655492828471
105.84446629999978,20.993863699999995,66.7018045206473
105.84476629999978,20.993863699999995,58.15598032231457
105.84506629999976,20.993863699999995,58.53707119501785
105.84536629999975,20.993863699999995,58.81245096771518
105.84566629999976,20.993863699999995,60.57669809851999
105.84596629999976,20.993863699999995,58.9102358918379
105.84626629999975,20.993863699999995,56.35168405130293
105.84656629999976,20.993863699999995,54.90908201265208
105.84686629999976,20.993863699999995,57.056922395874416
105.84716629999974,20.993863699999995,62.05078335466461
105.84746629999974,20.993863699999995,62.05078335466461
105.84776629999972,20.993863699999995,61.21280611866544
105.84806629999972,20.993863699999995,60.94040124436199
105.84836629999973,20.993863699999995,71.1857772498153
105.84866629999972,20.993863699999995,63.862301699364835
105.84896629999972,20.993863699999995,64.48167692044406
105.84926629999973,20.993863699999995,65.26091117787138
105.84956629999972,20.993863699999995,72.55912658732622
105.8498662999997,20.993863699999995,66.26843066241034
105.8501662999997,20.993863699999995,64.6601170538806
105.8504662999997,20.993863699999995,64.16658614705871
105.85076629999968,20.993863699999995,64.16658614705871
105.85106629999969,20.993863699999995,64.48167692044406
105.85136629999968,20.993863699999995,64.48167692044406
105.85166629999968,20.993863699999995,64.48167692044406
105.85196629999967,20.993863699999995,64.48167692044406
105.85226629999968,20.993863699999995,65.36762294882008
105.85256629999968,20.993863699999995,65.26091117787138
105.85286629999966,20.993863699999995,65.26091117787138
105.85316629999966,20.993863699999995,64.48167692044406
105.85346629999964,20.993863699999995,64.48167692044406
105.85376629999963,20.993863699999995,64.48167692044406
105.85406629999964,20.993863699999995,64.48167692044406
105.85436629999964,20.993863699999995,64.48167692044406
105.85466629999964,20.993863699999995,64.48167692044406
105.85496629999965,20.993863699999995,63.9155097058116
105.85526629999964,20.993863699999995,64.48167692044406
105.85556629999962,20.993863699999995,64.48167692044406
105.85586629999962,20.993863699999995,64.48167692044406
105.8561662999996,20.993863699999995,65.12295015543154
105.8564662999996,20.993863699999995,67.49777302584597
105.8567662999996,20.993863699999995,67.49777302584597
105.8570662999996,20.993863699999995,67.36441498891844
105.8573662999996,20.993863699999995,71.09753248537031
105.8576662999996,20.993863699999995,66.09667860635271
105.8291663,20.99416369999999,63.29645932255019
105.8294663,20.99416369999999,63.97243579920282
105.8297663,20.99416369999999,64.03274348394726
105.83006629999998,20.99416369999999,64.50396120858368
105.83036629999998,20.99416369999999,64.50396120858368
105.83066629999998,20.99416369999999,64.50396120858368
105.83096629999996,20.99416369999999,64.48167692044406
105.83126629999995,20.99416369999999,64.48167692044406
105.83156629999996,20.99416369999999,64.48167692044406
105.83186629999996,20.99416369999999,64.48167692044406
105.83216629999995,20.99416369999999,64.48167692044406
105.83246629999996,20.99416369999999,64.48167692044406
105.83276629999996,20.99416369999999,64.48167692044406
105.83306629999994,20.99416369999999,64.48167692044406
105.83336629999994,20.99416369999999,64.48167692044406
105.83366629999992,20.99416369999999,64.48167692044406
105.83396629999991,20.99416369999999,64.48167692044406
105.83426629999992,20.99416369999999,64.48167692044406
105.83456629999992,20.99416369999999,64.48167692044406
105.83486629999992,20.99416369999999,64.48167692044406
105.83516629999993,20.99416369999999,64.48167692044406
105.83546629999992,20.99416369999999,64.48167692044406
105.8357662999999,20.99416369999999,64.48167692044406
105.8360662999999,20.99416369999999,64.48167692044406
105.8363662999999,20.99416369999999,65.26091117787138
105.83666629999988,20.99416369999999,72.52001897113213
105.83696629999989,20.99416369999999,66.26843066241034
105.83726629999988,20.99416369999999,66.09211372596172
105.83756629999988,20.99416369999999,70.264390267762
105.83786629999987,20.99416369999999,70.49907213884026
105.83816629999988,20.99416369999999,69.1117974552959
105.83846629999988,20.99416369999999,71.97202587300853
105.83876629999986,20.99416369999999,72.36521942445414
105.83906629999986,20.99416369999999,64.64764518898201
105.83936629999984,20.99416369999999,56.24639330454041
105.83966629999983,20.99416369999999,56.10208531396641
105.83996629999984,20.99416369999999,64.79866986783009
105.84026629999984,20.99416369999999,69.51637357003511
105.84056629999984,20.99416369999999,61.54228911738474
105.84086629999985,20.99416369999999,61.486061705540806
105.84116629999984,20.99416369999999,59.19334047703126
105.84146629999982,20.99416369999999,60.44603574608667
105.84176629999982,20.99416369999999,53.38712982222896
105.8420662999998,20.99416369999999,58.0323939855701
105.8423662999998,20.99416369999999,58.50811610975619
105.8426662999998,20.99416369999999,62.19894287619539
105.8429662999998,20.99416369999999,56.64251991650905
105.8432662999998,20.99416369999999,66.6114728596322
105.8435662999998,20.99416369999999,60.198363357211576
105.8438662999998,20.99416369999999,67.12345531009112
105.84416629999978,20.99416369999999,69.7557783225452
105.84446629999978,20.99416369999999,67.87619372351942
105.84476629999978,20.99416369999999,68.46378685868035
105.84506629999976,20.99416369999999,59.48770831323616
105.84536629999975,20.99416369999999,55.76740322993757
105.84566629999976,20.99416369999999,56.952245633604726
105.84596629999976,20.99416369999999,58.816632255617016
105.84626629999975,20.99416369999999,58.940801775184134
105.84656629999976,20.99416369999999,57.11416320316138
105.84686629999976,20.99416369999999,55.040153534321696
105.84716629999974,20.99416369999999,54.54959674881513
105.84746629999974,20.99416369999999,59.41202533668947
105.84776629999972,20.99416369999999,66.55370302960092
105.84806629999972,20.99416369999999,67.1017705972121
105.84836629999973,20.99416369999999,64.42270954850694
105.84866629999972,20.99416369999999,63.847407929969506
105.84896629999972,20.99416369999999,62.19719020389606
105.84926629999973,20.99416369999999,65.26289928759411
105.84956629999972,20.99416369999999,71.7070988471622
105.8498662999997,20.99416369999999,66.0531920209016
105.8501662999997,20.99416369999999,64.87541949797385
105.8504662999997,20.99416369999999,62.22763770672624
105.85076629999968,20.99416369999999,62.22763770672624
105.85106629999969,20.99416369999999,63.678657555141875
105.85136629999968,20.99416369999999,64.29117061630812
105.85166629999968,20.99416369999999,64.29117061630812
105.85196629999967,20.99416369999999,63.9155097058116
105.85226629999968,20.99416369999999,64.39459378572793
105.85256629999968,20.99416369999999,67.49777302584597
105.85286629999966,20.99416369999999,67.49777302584597
105.85316629999966,20.99416369999999,65.12295015543154
105.85346629999964,20.99416369999999,64.48167692044406
105.85376629999963,20.99416369999999,64.48167692044406
105.85406629999964,20.99416369999999,64.48167692044406
105.85436629999964,20.99416369999999,64.48167692044406
105.85466629999964,20.99416369999999,63.9155097058116
105.85496629999965,20.99416369999999,63.9155097058116
105.85526629999964,20.99416369999999,63.9155097058116
105.85556629999962,20.99416369999999,64.48167692044406
105.85586629999962,20.99416369999999,64.48167692044406
105.8561662999996,20.99416369999999,65.12295015543154
105.8564662999996,20.99416369999999,67.49777302584597
105.8567662999996,20.99416369999999,73.07518380702452
105.8570662999996,20.99416369999999,71.37707722161626
105.8573662999996,20.99416369999999,67.49777302584597
105.8576662999996,20.99416369999999,65.12295015543154
105.8291663,20.994463699999994,61.64252323587099
105.8294663,20.994463699999994,62.73188903756303
105.8297663,20.994463699999994,64.03274348394726
105.83006629999998,20.994463699999994,64.50396120858368
105.83036629999998,20.994463699999994,64.50396120858368
105.83066629999998,20.994463699999994,64.50396120858368
105.83096629999996,20.994463699999994,64.50396120858368
105.83126629999995,20.994463699999994,64.48167692044406
105.83156629999996,20.994463699999994,64.48167692044406
105.83186629999996,20.994463699999994,64.48167692044406
105.83216629999995,20.994463699999994,64.48167692044406
105.83246629999996,20.994463699999994,64.48167692044406
105.83276629999996,20.994463699999994,64.48167692044406
105.83306629999994,20.994463699999994,64.48167692044406
105.83336629999994,20.994463699999994,64.48167692044406
105.83366629999992,20.994463699999994,64.48167692044406
105.83396629999991,20.994463699999994,64.48167692044406
105.83426629999992,20.994463699999994,64.48167692044406
105.83456629999992,20.994463699999994,64.48167692044406
105.83486629999992,20.994463699999994,64.48167692044406
105.83516629999993,20.994463699999994,64.48167692044406
105.83546629999992,20.994463699999994,64.48167692044406
105.8357662999999,20.994463699999994,64.48167692044406
105.8360662999999,20.994463699999994,64.48167692044406
105.8363662999999,20.994463699999994,65.26091117787138
105.83666629999988,20.994463699999994,72.52001897113213
105.83696629999989,20.994463699999994,72.09062328306176
105.83726629999988,20.994463699999994,70.45003525957816
105.83756629999988,20.994463699999994,64.51152177727725
105.83786629999987,20.994463699999994,70.32391612256275
105.83816629999988,20.994463699999994,65.02655389450334
105.83846629999988,20.994463699999994,57.33968764922131
105.83876629999986,20.994463699999994,58.935562987819765
105.83906629999986,20.994463699999994,61.73492190820015
105.83936629999984,20.994463699999994,70.62299657923481
105.83966629999983,20.994463699999994,60.111341093881144
105.83996629999984,20.994463699999994,60.463505328467946
105.84026629999984,20.994463699999994,65.82874030675289
105.84056629999984,20.994463699999994,67.01611609778372
105.84086629999985,20.994463699999994,60.23161408519229
105.84116629999984,20.994463699999994,58.39541083564986
105.84146629999982,20.994463699999994,60.169972008033305
105.84176629999982,20.994463699999994,55.72061366967312
105.8420662999998,20.994463699999994,56.58856542803003
105.8423662999998,20.994463699999994,61.20944192380501
105.8426662999998,20.994463699999994,63.03629527298806
105.8429662999998,20.994463699999994,60.47067668024333
105.8432662999998,20.994463699999994,60.84815271666326
105.8435662999998,20.994463699999994,62.49986200486298
105.8438662999998,20.994463699999994,59.37421215357519
105.84416629999978,20.994463699999994,61.42077226480188
105.84446629999978,20.994463699999994,58.87685786566842
105.84476629999978,20.994463699999994,59.713199408507414
105.84506629999976,20.994463699999994,63.42446154699641
105.84536629999975,20.994463699999994,55.54354066590522
105.84566629999976,20.994463699999994,60.31009058038005
105.84596629999976,20.994463699999994,60.813656203866906
105.84626629999975,20.994463699999994,57.82491022453442
105.84656629999976,20.994463699999994,66.55159887173353
105.84686629999976,20.994463699999994,68.24941724776441
105.84716629999974,20.994463699999994,68.02198150072839
105.84746629999974,20.994463699999994,67.1650753446527
105.84776629999972,20.994463699999994,63.89225505871952
105.84806629999972,20.994463699999994,63.6287897983711
105.84836629999973,20.994463699999994,67.5503710429593
105.84866629999972,20.994463699999994,71.55505243672796
105.84896629999972,20.994463699999994,60.27051967969267
105.84926629999973,20.994463699999994,62.81374235780958
105.84956629999972,20.994463699999994,66.0531920209016
105.8498662999997,20.994463699999994,72.35295371311481
105.8501662999997,20.994463699999994,64.42508133019798
105.8504662999997,20.994463699999994,62.22763770672624
105.85076629999968,20.994463699999994,62.22763770672624
105.85106629999969,20.994463699999994,62.22763770672624
105.85136629999968,20.994463699999994,62.22763770672624
105.85166629999968,20.994463699999994,63.678657555141875
105.85196629999967,20.994463699999994,62.22763770672624
105.85226629999968,20.994463699999994,65.02957380701552
105.85256629999968,20.994463699999994,65.1300405691576
105.85286629999966,20.994463699999994,70.86683900957792
105.85316629999966,20.994463699999994,64.78561935913771
105.85346629999964,20.994463699999994,64.29117061630812
105.85376629999963,20.994463699999994,64.48167692044406
105.85406629999964,20.994463699999994,64.48167692044406
105.85436629999964,20.994463699999994,64.48167692044406
105.85466629999964,20.994463699999994,63.9155097058116
105.85496629999965,20.994463699999994,63.9155097058116
105.85526629999964,20.994463699999994,63.9155097058116
105.85556629999962,20.994463699999994,64.48167692044406
105.85586629999962,20.994463699999994,64.48167692044406
105.8561662999996,20.994463699999994,64.48167692044406
105.8564662999996,20.994463699999994,65.26091117787138
105.8567662999996,20.994463699999994,63.93042913456897
105.8570662999996,20.994463699999994,67.49777302584597
105.8573662999996,20.994463699999994,67.49777302584597
105.8576662999996,20.994463699999994,65.12295015543154
105.8291663,20.994763699999993,61.13426004985136
105.8294663,20.994763699999993,63.29645932255019
105.8297663,20.994763699999993,63.97243579920282
105.83006629999998,20.994763699999993,63.98508240752162
105.83036629999998,20.994763699999993,64.50396120858368
105.83066629999998,20.994763699999993,64.50396120858368
105.83096629999996,20.994763699999993,64.50396120858368
105.83126629999995,20.994763699999993,64.50396120858368
105.83156629999996,20.994763699999993,64.48167692044406
105.83186629999996,20.994763699999993,64.48167692044406
105.83216629999995,20.994763699999993,64.48167692044406
105.83246629999996,20.994763699999993,64.48167692044406
105.83276629999996,20.994763699999993,64.48167692044406
105.83306629999994,20.994763699999993,64.48167692044406
105.83336629999994,20.994763699999993,64.48167692044406
105.83366629999992,20.994763699999993,64.48167692044406
105.83396629999991,20.994763699999993,64.48167692044406
105.83426629999992,20.994763699999993,64.48167692044406
105.83456629999992,20.994763699999993,64.48167692044406
105.83486629999992,20.994763699999993,64.48167692044406
105.83516629999993,20.994763699999993,64.48167692044406
105.83546629999992,20.994763699999993,64.48167692044406
105.8357662999999,20.994763699999993,64.48167692044406
105.8360662999999,20.994763699999993,64.48167692044406
105.8363662999999,20.994763699999993,65.26091117787138
105.83666629999988,20.994763699999993,71.05654154080321
105.83696629999989,20.994763699999993,64.71017584538343
105.83726629999988,20.994763699999993,62.83411234961996
105.83756629999988,20.994763699999993,60.68909815191851
105.83786629999987,20.994763699999993,62.3940577766825
105.83816629999988,20.994763699999993,65.02655389450334
105.83846629999988,20.994763699999993,69.24100725108651
105.83876629999986,20.994763699999993,60.66984872618965
105.83906629999986,20.994763699999993,59.99724496775956
105.83936629999984,20.994763699999993,60.19996258809179
105.83966629999983,20.994763699999993,70.28883716596434
105.83996629999984,20.994763699999993,60.89830766293611
105.84026629999984,20.994763699999993,58.24818423151882
105.84056629999984,20.994763699999993,55.809012568089734
105.84086629999985,20.994763699999993,66.79014606677299
105.84116629999984,20.994763699999993,58.074256056506286
105.84146629999982,20.994763699999993,60.036381021709225
105.84176629999982,20.994763699999993,55.72061366967312
105.8420662999998,20.994763699999993,55.58723644076738
105.8423662999998,20.994763699999993,62.62106483814099
105.8426662999998,20.994763699999993,63.01267255074915
105.8429662999998,20.994763699999993,60.73554789752681
105.8432662999998,20.994763699999993,54.086894788553934
105.8435662999998,20.994763699999993,55.30307560207452
105.8438662999998,20.994763699999993,60.73554789752681
105.84416629999978,20.994763699999993,62.55589995122326
105.84446629999978,20.994763699999993,61.82352806073385
105.84476629999978,20.994763699999993,62.5343566948108
105.84506629999976,20.994763699999993,61.71955840838425
105.84536629999975,20.994763699999993,57.7921005262187
105.84566629999976,20.994763699999993,56.05416292213934
105.84596629999976,20.994763699999993,60.2506485474429
105.84626629999975,20.994763699999993,70.04882285818145
105.84656629999976,20.994763699999993,69.8235834344958
105.84686629999976,20.994763699999993,61.18823873926249
105.84716629999974,20.994763699999993,58.54962131037968
105.84746629999974,20.994763699999993,54.3359986608523
105.84776629999972,20.994763699999993,55.74117580569986
105.84806629999972,20.994763699999993,58.61539157247156
105.84836629999973,20.994763699999993,60.85930200551494
105.84866629999972,20.994763699999993,66.6850855468666
105.84896629999972,20.994763699999993,65.4302931840285
105.84926629999973,20.994763699999993,61.51526537406494
105.84956629999972,20.994763699999993,61.74313878509965
105.8498662999997,20.994763699999993,72.15691393106209
105.8501662999997,20.994763699999993,62.97207337205982
105.8504662999997,20.994763699999993,62.22763770672624
105.85076629999968,20.994763699999993,62.22763770672624
105.85106629999969,20.994763699999993,61.73664881118726
105.85136629999968,20.994763699999993,62.22763770672624
105.85166629999968,20.994763699999993,62.22763770672624
105.85196629999967,20.994763699999993,62.22763770672624
105.85226629999968,20.994763699999993,62.848559176525406
105.85256629999968,20.994763699999993,66.31678267572968
105.85286629999966,20.994763699999993,72.15691393106209
105.85316629999966,20.994763699999993,64.42309322047527
105.85346629999964,20.994763699999993,63.678657555141875
105.85376629999963,20.994763699999993,64.16658614705871
105.85406629999964,20.994763699999993,64.48167692044406
105.85436629999964,20.994763699999993,64.48167692044406
105.85466629999964,20.994763699999993,63.9155097058116
105.85496629999965,20.994763699999993,63.9155097058116
105.85526629999964,20.994763699999993,64.40904061263339
105.85556629999962,20.994763699999993,65.12295015543154
105.85586629999962,20.994763699999993,65.12295015543154
105.8561662999996,20.994763699999993,65.26091117787138
105.8564662999996,20.994763699999993,65.26091117787138
105.8567662999996,20.994763699999993,65.26091117787138
105.8570662999996,20.994763699999993,70.28159460288491
105.8573662999996,20.994763699999993,67.36441498891844
105.8576662999996,20.994763699999993,65.12295015543154
105.8291663,20.995063699999992,58.352384525852784
105.8294663,20.995063699999992,61.16228921498059
105.8297663,20.995063699999992,63.56546319830585
105.83006629999998,20.995063699999992,63.97243579920282
105.83036629999998,20.995063699999992,63.97243579920282
105.83066629999998,20.995063699999992,64.03274348394726
105.83096629999996,20.995063699999992,63.98508240752162
105.83126629999995,20.995063699999992,63.98508240752162
105.83156629999996,20.995063699999992,64.50396120858368
105.83186629999996,20.995063699999992,64.50396120858368
105.83216629999995,20.995063699999992,64.48167692044406
105.83246629999996,20.995063699999992,64.48167692044406
105.83276629999996,20.995063699999992,64.48167692044406
105.83306629999994,20.995063699999992,64.48167692044406
105.83336629999994,20.995063699999992,64.48167692044406
105.83366629999992,20.995063699999992,64.48167692044406
105.83396629999991,20.995063699999992,64.48167692044406
105.83426629999992,20.995063699999992,64.48167692044406
105.83456629999992,20.995063699999992,64.48167692044406
105.83486629999992,20.995063699999992,64.48167692044406
105.83516629999993,20.995063699999992,64.48167692044406
105.83546629999992,20.995063699999992,64.48167692044406
105.8357662999999,20.995063699999992,64.48167692044406
105.8360662999999,20.995063699999992,64.48167692044406
105.8363662999999,20.995063699999992,64.78363124941498
105.83666629999988,20.995063699999992,71.21728709611503
105.83696629999989,20.995063699999992,63.29905837885743
105.83726629999988,20.995063699999992,61.73664881118726
105.83756629999988,20.995063699999992,59.790473578968786
105.83786629999987,20.995063699999992,58.452315964154
105.83816629999988,20.995063699999992,61.51864459210855
105.83846629999988,20.995063699999992,68.02232608269134
105.83876629999986,20.995063699999992,70.28883716596434
105.83906629999986,20.995063699999992,66.50707181364642
105.83936629999984,20.995063699999992,69.33112010701693
105.83966629999983,20.995063699999992,69.26431105082183
105.83996629999984,20.995063699999992,66.77734809611381
105.84026629999984,20.995063699999992,66.04758167346088
105.84056629999984,20.995063699999992,71.24195258658635
105.84086629999985,20.995063699999992,59.69165615209496
105.84116629999984,20.995063699999992,64.62502185992315
105.84146629999982,20.995063699999992,62.62106483814099
105.84176629999982,20.995063699999992,55.59909528202269
105.8420662999998,20.995063699999992,55.95094723161574
105.8423662999998,20.995063699999992,54.086894788553934
105.8426662999998,20.995063699999992,65.15405410502345
105.8429662999998,20.995063699999992,62.12555542650136
105.8432662999998,20.995063699999992,63.31992150488616
105.8435662999998,20.995063699999992,60.73554789752681
105.8438662999998,20.995063699999992,63.83252349067201
105.84416629999978,20.995063699999992,62.721307915702695
105.84446629999978,20.995063699999992,61.2165766228712
105.84476629999978,20.995063699999992,61.21552887891025
105.84506629999976,20.995063699999992,58.57807172208605
105.84536629999975,20.995063699999992,59.69165615209496
105.84566629999976,20.995063699999992,62.323587347358114
105.84596629999976,20.995063699999992,71.94183081887063
105.84626629999975,20.995063699999992,59.53794062181295
105.84656629999976,20.995063699999992,58.142861568722495
105.84686629999976,20.995063699999992,61.52053608444476
105.84716629999974,20.995063699999992,60.12862477644218
105.84746629999974,20.995063699999992,57.731489793753354
105.84776629999972,20.995063699999992,54.654503858335666
105.84806629999972,20.995063699999992,55.38770409840199
105.84836629999973,20.995063699999992,61.77423184221483
105.84866629999972,20.995063699999992,64.49179064629361
105.84896629999972,20.995063699999992,65.27727452970049
105.84926629999973,20.995063699999992,63.65646020697461
105.84956629999972,20.995063699999992,59.43082323595308
105.8498662999997,20.995063699999992,71.9924447412921
105.8501662999997,20.995063699999992,61.06227754110481
105.8504662999997,20.995063699999992,60.52145742462507
105.85076629999968,20.995063699999992,61.28688674357965
105.85106629999969,20.995063699999992,60.97121949223268
105.85136629999968,20.995063699999992,60.97121949223268
105.85166629999968,20.995063699999992,60.914645785572915
105.85196629999967,20.995063699999992,60.45006211810112
105.85226629999968,20.995063699999992,62.24221119202156
105.85256629999968,20.995063699999992,64.46731187756829
105.85286629999966,20.995063699999992,72.10840570871889
105.85316629999966,20.995063699999992,62.97207337205982
105.85346629999964,20.995063699999992,62.97406148178255
105.85376629999963,20.995063699999992,62.97207337205982
105.85406629999964,20.995063699999992,64.78363124941498
105.85436629999964,20.995063699999992,63.71573580022832
105.85466629999964,20.995063699999992,62.93158732125198
105.85496629999965,20.995063699999992,64.71017584538343
105.85526629999964,20.995063699999992,65.3683222366491
105.85556629999962,20.995063699999992,65.92549386854108
105.85586629999962,20.995063699999992,71.7070988471622
105.8561662999996,20.995063699999992,72.09062328306176
105.8564662999996,20.995063699999992,72.65086306682824
105.8567662999996,20.995063699999992,71.20559456225467
105.8570662999996,20.995063699999992,72.23357940994028
105.8573662999996,20.995063699999992,67.49777302584597
105.8576662999996,20.995063699999992,65.12295015543154
105.8291663,20.99536369999999,59.76329092146173
105.8294663,20.99536369999999,58.32439600111781
105.8297663,20.99536369999999,61.16228921498059
105.83006629999998,20.99536369999999,61.471986234410046
105.83036629999998,20.99536369999999,62.73188903756303
105.83066629999998,20.99536369999999,64.06151869186982
105.83096629999996,20.99536369999999,63.97243579920282
105.83126629999995,20.99536369999999,64.03274348394726
105.83156629999996,20.99536369999999,63.98508240752162
105.83186629999996,20.99536369999999,64.50396120858368
105.83216629999995,20.99536369999999,64.48167692044406
105.83246629999996,20.99536369999999,64.48167692044406
105.83276629999996,20.99536369999999,64.48167692044406
105.83306629999994,20.99536369999999,64.48167692044406
105.83336629999994,20.99536369999999,64.48167692044406
105.83366629999992,20.99536369999999,64.48167692044406
105.83396629999991,20.99536369999999,64.48167692044406
105.83426629999992,20.99536369999999,64.48167692044406
105.83456629999992,20.99536369999999,64.48167692044406
105.83486629999992,20.99536369999999,64.48167692044406
105.83516629999993,20.99536369999999,64.48167692044406
105.83546629999992,20.99536369999999,64.48167692044406
105.8357662999999,20.99536369999999,64.48167692044406
105.8360662999999,20.99536369999999,64.48167692044406
105.8363662999999,20.99536369999999,63.75502644460992
105.83666629999988,20.99536369999999,72.48487133840037
105.83696629999989,20.99536369999999,61.16107990607387
105.83726629999988,20.99536369999999,60.45006211810112
105.83756629999988,20.99536369999999,59.41101852383093
105.83786629999987,20.99536369999999,58.59703561434768
105.83816629999988,20.99536369999999,66.33975962007871
105.83846629999988,20.99536369999999,60.15281028084365
105.83876629999986,20.99536369999999,60.17170641694977
105.83906629999986,20.99536369999999,65.76253165061065
105.83936629999984,20.99536369999999,66.62025035660449
105.83966629999983,20.99536369999999,60.37453636706259
105.83996629999984,20.99536369999999,62.12555542650136
105.84026629999984,20.99536369999999,59.37421215357519
105.84056629999984,20.99536369999999,62.87908156442507
105.84086629999985,20.99536369999999,61.82352806073385
105.84116629999984,20.99536369999999,65.15405410502345
105.84146629999982,20.99536369999999,62.49986200486298
105.84176629999982,20.99536369999999,55.59909528202269
105.8420662999998,20.99536369999999,55.14651329736639
105.8423662999998,20.99536369999999,55.58723644076738
105.8426662999998,20.99536369999999,64.0905423050254
105.8429662999998,20.99536369999999,57.7921005262187
105.8432662999998,20.99536369999999,54.12038801716454
105.8435662999998,20.99536369999999,58.448754285029345
105.8438662999998,20.99536369999999,63.31992150488616
105.84416629999978,20.99536369999999,62.62106483814099
105.84446629999978,20.99536369999999,59.37421215357519
105.84476629999978,20.99536369999999,60.92486225934751
105.84506629999976,20.99536369999999,57.892847354810975
105.84536629999975,20.99536369999999,61.486061705540806
105.84566629999976,20.99536369999999,70.85266649647933
105.84596629999976,20.99536369999999,56.73557300192172
105.84626629999975,20.99536369999999,55.67691789481096
105.84656629999976,20.99536369999999,54.48754876755902
105.84686629999976,20.99536369999999,60.27041990737064
105.84716629999974,20.99536369999999,56.49048353371415
105.84746629999974,20.99536369999999,58.39878802831554
105.84776629999972,20.99536369999999,56.619723484092
105.84806629999972,20.99536369999999,54.654503858335666
105.84836629999973,20.99536369999999,61.353764197126374
105.84866629999972,20.99536369999999,58.910141020918736
105.84896629999972,20.99536369999999,59.20192675630281
105.84926629999973,20.99536369999999,64.56926226555645
105.84956629999972,20.99536369999999,69.11806481543539
105.8498662999997,20.99536369999999,67.08680387189072
105.8501662999997,20.99536369999999,59.99472036650325
105.8504662999997,20.99536369999999,61.734060569686825
105.85076629999968,20.99536369999999,61.872021592126686
105.85106629999969,20.99536369999999,61.51897865333179
105.85136629999968,20.99536369999999,61.010453258038325
105.85166629999968,20.99536369999999,60.06152104007179
105.85196629999967,20.99536369999999,60.76799847231121
105.85226629999968,20.99536369999999,63.31196090229362
105.85256629999968,20.99536369999999,63.3790229160899
105.85286629999966,20.99536369999999,70.36560810190274
105.85316629999966,20.99536369999999,71.38826674523047
105.85346629999964,20.99536369999999,70.99054041197559
105.85376629999963,20.99536369999999,70.02971164140477
105.85406629999964,20.99536369999999,72.63880211325821
105.85436629999964,20.99536369999999,73.93120843592035
105.85466629999964,20.99536369999999,72.13304260917243
105.85496629999965,20.99536369999999,72.83842358905275
105.85526629999964,20.99536369999999,70.57845796074261
105.85556629999962,20.99536369999999,70.28159460288491
105.85586629999962,20.99536369999999,65.90271704222504
105.8561662999996,20.99536369999999,66.26843066241034
105.8564662999996,20.99536369999999,65.43853221508704
105.8567662999996,20.99536369999999,63.65994369095559
105.8570662999996,20.99536369999999,63.71573580022832
105.8573662999996,20.99536369999999,65.26091117787138
105.8576662999996,20.99536369999999,64.48167692044406
105.8291663,20.99566369999999,58.387741045676776
105.8294663,20.99566369999999,59.295961117152544
105.8297663,20.99566369999999,58.83269121112765
105.83006629999998,20.99566369999999,61.16228921498059
105.83036629999998,20.99566369999999,63.56546319830585
105.83066629999998,20.99566369999999,61.64252323587099
105.83096629999996,20.99566369999999,64.06151869186982
105.83126629999995,20.99566369999999,64.01579437031813
105.83156629999996,20.99566369999999,64.03274348394726
105.83186629999996,20.99566369999999,64.50396120858368
105.83216629999995,20.99566369999999,64.50396120858368
105.83246629999996,20.99566369999999,64.48167692044406
105.83276629999996,20.99566369999999,64.48167692044406
105.83306629999994,20.99566369999999,64.48167692044406
105.83336629999994,20.99566369999999,64.48167692044406
105.83366629999992,20.99566369999999,64.48167692044406
105.83396629999991,20.99566369999999,64.48167692044406
105.83426629999992,20.99566369999999,64.48167692044406
105.83456629999992,20.99566369999999,64.48167692044406
105.83486629999992,20.99566369999999,64.48167692044406
105.83516629999993,20.99566369999999,64.48167692044406
105.83546629999992,20.99566369999999,64.48167692044406
105.8357662999999,20.99566369999999,63.9155097058116
105.8360662999999,20.99566369999999,64.29117061630812
105.8363662999999,20.99566369999999,63.15249247972091
105.83666629999988,20.99566369999999,73.56492608156054
105.83696629999989,20.99566369999999,60.14037041361016
105.83726629999988,20.99566369999999,60.316757306687514
105.83756629999988,20.99566369999999,60.81495895969152
105.83786629999987,20.99566369999999,59.04534646229701
105.83816629999988,20.99566369999999,63.25771570149998
105.83846629999988,20.99566369999999,66.18719696893686
105.83876629999986,20.99566369999999,55.58723644076738
105.83906629999986,20.99566369999999,55.58723644076738
105.83936629999984,20.99566369999999,58.448754285029345
105.83966629999983,20.99566369999999,64.62502185992315
105.83996629999984,20.99566369999999,61.42077226480188
105.84026629999984,20.99566369999999,59.37421215357519
105.84056629999984,20.99566369999999,63.01267255074915
105.84086629999985,20.99566369999999,60.87509452828593
105.84116629999984,20.99566369999999,65.15405410502345
105.84146629999982,20.99566369999999,64.74411604331749
105.84176629999982,20.99566369999999,55.58723644076738
105.8420662999998,20.99566369999999,55.14651329736639
105.8423662999998,20.99566369999999,55.72061366967312
105.8426662999998,20.99566369999999,59.37421215357519
105.8429662999998,20.99566369999999,60.73554789752681
105.8432662999998,20.99566369999999,62.93977474230555
105.8435662999998,20.99566369999999,64.74411604331749
105.8438662999998,20.99566369999999,65.15405410502345
105.84416629999978,20.99566369999999,60.840338185624674
105.84446629999978,20.99566369999999,63.39498595464492
105.84476629999978,20.99566369999999,59.919040373406744
105.84506629999976,20.99566369999999,56.1775109103365
105.84536629999975,20.99566369999999,62.31135356230759
105.84566629999976,20.99566369999999,55.27044324387311
105.84596629999976,20.99566369999999,61.10781212694295
105.84626629999975,20.99566369999999,55.04901864113951
105.84656629999976,20.99566369999999,55.04901864113951
105.84686629999976,20.99566369999999,56.843008847317904
105.84716629999974,20.99566369999999,57.54608903942562
105.84746629999974,20.99566369999999,55.47989137312141
105.84776629999972,20.99566369999999,56.71931851065951
105.84806629999972,20.99566369999999,57.04179824138722
105.84836629999973,20.99566369999999,57.092305005230976
105.84866629999972,20.99566369999999,57.134499585522754
105.84896629999972,20.99566369999999,54.0325215681135
105.84926629999973,20.99566369999999,65.27800941945306
105.84956629999972,20.99566369999999,61.70454430489182
105.8498662999997,20.99566369999999,69.84488514837336
105.8501662999997,20.99566369999999,66.74871015510215
105.8504662999997,20.99566369999999,72.44590701127902
105.85076629999968,20.99566369999999,70.99054041197559
105.85106629999969,20.99566369999999,70.56982612367345
105.85136629999968,20.99566369999999,69.65399053181756
105.85166629999968,20.99566369999999,74.2882397395393
105.85196629999967,20.99566369999999,69.05526021850426
105.85226629999968,20.99566369999999,71.31989434574358
105.85256629999968,20.99566369999999,70.77330232924251
105.85286629999966,20.99566369999999,67.29422865722374
105.85316629999966,20.99566369999999,72.31741339410327
105.85346629999964,20.99566369999999,71.76250026849733
105.85376629999963,20.99566369999999,70.99343706067106
105.85406629999964,20.99566369999999,71.32134764080976
105.85436629999964,20.99566369999999,70.27838333806028
105.85466629999964,20.99566369999999,72.12856214241833
105.85496629999965,20.99566369999999,72.20727025525481
105.85526629999964,20.99566369999999,68.0787025565488
105.85556629999962,20.99566369999999,66.43932646956402
105.85586629999962,20.99566369999999,63.65994369095559
105.8561662999996,20.99566369999999,65.36762294882008
105.8564662999996,20.99566369999999,64.48167692044406
105.8567662999996,20.99566369999999,64.48167692044406
105.8570662999996,20.99566369999999,64.48167692044406
105.8573662999996,20.99566369999999,64.48167692044406
105.8576662999996,20.99566369999999,64.48167692044406
105.8291663,20.99596369999999,58.42769650708292
105.8294663,20.99596369999999,58.387741045676776
105.8297663,20.99596369999999,58.101086831312315
105.83006629999998,20.99596369999999,58.58775244044641
105.83036629999998,20.99596369999999,61.13426004985136
105.83066629999998,20.99596369999999,61.64252323587099
105.83096629999996,20.99596369999999,63.29645932255019
105.83126629999995,20.99596369999999,63.02827997251243
105.83156629999996,20.99596369999999,64.03274348394726
105.83186629999996,20.99596369999999,63.98508240752162
105.83216629999995,20.99596369999999,64.50396120858368
105.83246629999996,20.99596369999999,64.50396120858368
105.83276629999996,20.99596369999999,64.48167692044406
105.83306629999994,20.99596369999999,64.48167692044406
105.83336629999994,20.99596369999999,64.48167692044406
105.83366629999992,20.99596369999999,64.48167692044406
105.83396629999991,20.99596369999999,64.48167692044406
105.83426629999992,20.99596369999999,64.48167692044406
105.83456629999992,20.99596369999999,64.48167692044406
105.83486629999992,20.99596369999999,64.48167692044406
105.83516629999993,20.99596369999999,64.48167692044406
105.83546629999992,20.99596369999999,64.48167692044406
105.8357662999999,20.99596369999999,64.16658614705871
105.8360662999999,20.99596369999999,64.29117061630812
105.8363662999999,20.99596369999999,63.09019532373137
105.83666629999988,20.99596369999999,71.12979924859899
105.83696629999989,20.99596369999999,59.29018915697121
105.83726629999988,20.99596369999999,57.44651777784457
105.83756629999988,20.99596369999999,58.18531885680527
105.83786629999987,20.99596369999999,67.0396042610866
105.83816629999988,20.99596369999999,66.99010865577725
105.83846629999988,20.99596369999999,64.76141265804323
105.83876629999986,20.99596369999999,55.58723644076738
105.83906629999986,20.99596369999999,55.14651329736639
105.83936629999984,20.99596369999999,55.72061366967312
105.83966629999983,20.99596369999999,54.07482323470028
105.83996629999984,20.99596369999999,57.40914756003607
105.84026629999984,20.99596369999999,60.855158412183066
105.84056629999984,20.99596369999999,61.33660544220162
105.84086629999985,20.99596369999999,60.502000377102995
105.84116629999984,20.99596369999999,63.83252349067201
105.84146629999982,20.99596369999999,61.42077226480188
105.84176629999982,20.99596369999999,55.58723644076738
105.8420662999998,20.99596369999999,55.14651329736639
105.8423662999998,20.99596369999999,55.72061366967312
105.8426662999998,20.99596369999999,58.448754285029345
105.8429662999998,20.99596369999999,62.62106483814099
105.8432662999998,20.99596369999999,54.086894788553934
105.8435662999998,20.99596369999999,55.58723644076738
105.8438662999998,20.99596369999999,54.05809086117499
105.84416629999978,20.99596369999999,63.01267255074915
105.84446629999978,20.99596369999999,59.37421215357519
105.84476629999978,20.99596369999999,62.87908156442507
105.84506629999976,20.99596369999999,54.046094352036334
105.84536629999975,20.99596369999999,61.23731166391239
105.84566629999976,20.99596369999999,63.18688490515673
105.84596629999976,20.99596369999999,55.55539950716053
105.84626629999975,20.99596369999999,54.92827191096001
105.84656629999976,20.99596369999999,55.54354066590522
105.84686629999976,20.99596369999999,55.501674803660975
105.84716629999974,20.99596369999999,57.52036884069485
105.84746629999974,20.99596369999999,59.09192384497885
105.84776629999972,20.99596369999999,64.79087759293803
105.84806629999972,20.99596369999999,69.2470105560501
105.84836629999973,20.99596369999999,66.01423379888828
105.84866629999972,20.99596369999999,65.7324862949867
105.84896629999972,20.99596369999999,68.3660429550044
105.84926629999973,20.99596369999999,64.7999468361155
105.84956629999972,20.99596369999999,65.7402280681906
105.8498662999997,20.99596369999999,65.51763894266081
105.8501662999997,20.99596369999999,68.32098931240704
105.8504662999997,20.99596369999999,70.95841717272494
105.85076629999968,20.99596369999999,71.98991436750462
105.85106629999969,20.99596369999999,71.78086004498039
105.85136629999968,20.99596369999999,72.62858836583325
105.85166629999968,20.99596369999999,68.71904101275032
105.85196629999967,20.99596369999999,64.81422154217846
105.85226629999968,20.99596369999999,71.30533254855978
105.85256629999968,20.99596369999999,66.49875476710422
105.85286629999966,20.99596369999999,64.44169419370132
105.85316629999966,20.99596369999999,63.041412306772315
105.85346629999964,20.99596369999999,61.55191936676719
105.85376629999963,20.99596369999999,60.20542584070589
105.85406629999964,20.99596369999999,60.261217949978615
105.85436629999964,20.99596369999999,69.46247059781055
105.85466629999964,20.99596369999999,71.12979924859899
105.85496629999965,20.99596369999999,70.54006937854342
105.85526629999964,20.99596369999999,62.83411234961996
105.85556629999962,20.99596369999999,64.29957902494087
105.85586629999962,20.99596369999999,64.39258024072464
105.8561662999996,20.99596369999999,64.16658614705871
105.8564662999996,20.99596369999999,64.48167692044406
105.8567662999996,20.99596369999999,64.48167692044406
105.8570662999996,20.99596369999999,64.48167692044406
105.8573662999996,20.99596369999999,64.48167692044406
105.8576662999996,20.99596369999999,64.48167692044406
105.8291663,20.99626369999999,58.42769650708292
105.8294663,20.99626369999999,58.387741045676776
105.8297663,20.99626369999999,59.00380329117662
105.83006629999998,20.99626369999999,58.16464433341941
105.83036629999998,20.99626369999999,60.14302342264875
105.83066629999998,20.99626369999999,61.41890029063801
105.83096629999996,20.99626369999999,63.56546319830585
105.83126629999995,20.99626369999999,63.29645932255019
105.83156629999996,20.99626369999999,63.97243579920282
105.83186629999996,20.99626369999999,64.03274348394726
105.83216629999995,20.99626369999999,63.98508240752162
105.83246629999996,20.99626369999999,64.50396120858368
105.83276629999996,20.99626369999999,64.50396120858368
105.83306629999994,20.99626369999999,64.50396120858368
105.83336629999994,20.99626369999999,64.50396120858368
105.83366629999992,20.99626369999999,64.50396120858368
105.83396629999991,20.99626369999999,64.50396120858368
105.83426629999992,20.99626369999999,64.50396120858368
105.83456629999992,20.99626369999999,64.48167692044406
105.83486629999992,20.99626369999999,64.48167692044406
105.83516629999993,20.99626369999999,64.48167692044406
105.83546629999992,20.99626369999999,64.29117061630812
105.8357662999999,20.99626369999999,64.41486452886426
105.8360662999999,20.99626369999999,59.89790016355753
105.8363662999999,20.99626369999999,57.76373765914997
105.83666629999988,20.99626369999999,69.54757047656483
105.83696629999989,20.99626369999999,56.447824770836014
105.83726629999988,20.99626369999999,58.53382368204838
105.83756629999988,20.99626369999999,55.63482369240791
105.83786629999987,20.99626369999999,55.989143206178895
105.83816629999988,20.99626369999999,59.38662029767102
105.83846629999988,20.99626369999999,61.21552887891025
105.83876629999986,20.99626369999999,55.72061366967312
105.83906629999986,20.99626369999999,55.14651329736639
105.83936629999984,20.99626369999999,55.14651329736639
105.83966629999983,20.99626369999999,55.14651329736639
105.83996629999984,20.99626369999999,55.72579405944715
105.84026629999984,20.99626369999999,55.53365527156867
105.84056629999984,20.99626369999999,54.08080192230364
105.84086629999985,20.99626369999999,56.2056124618474
105.84116629999984,20.99626369999999,62.5343566948108
105.84146629999982,20.99626369999999,61.42077226480188
105.84176629999982,20.99626369999999,55.58723644076738
105.8420662999998,20.99626369999999,55.14651329736639
105.8423662999998,20.99626369999999,55.72061366967312
105.8426662999998,20.99626369999999,59.37421215357519
105.8429662999998,20.99626369999999,62.87908156442507
105.8432662999998,20.99626369999999,55.72061366967312
105.8435662999998,20.99626369999999,55.14651329736639
105.8438662999998,20.99626369999999,55.14651329736639
105.84416629999978,20.99626369999999,55.72061366967312
105.84446629999978,20.99626369999999,55.58723644076738
105.84476629999978,20.99626369999999,55.58723644076738
105.84506629999976,20.99626369999999,55.58723644076738
105.84536629999975,20.99626369999999,55.30307560207452
105.84566629999976,20.99626369999999,59.919040373406744
105.84596629999976,20.99626369999999,60.65164977665444
105.84626629999975,20.99626369999999,62.47281568692493
105.84656629999976,20.99626369999999,64.19207760963774
105.84686629999976,20.99626369999999,69.34788281466328
105.84716629999974,20.99626369999999,60.51114348873365
105.84746629999974,20.99626369999999,57.95119892122609
105.84776629999972,20.99626369999999,64.82647813941175
105.84806629999972,20.99626369999999,63.845040713379305
105.84836629999973,20.99626369999999,67.45095643206625
105.84866629999972,20.99626369999999,70.44406928227279
105.84896629999972,20.99626369999999,64.93442830654325
105.84926629999973,20.99626369999999,64.58196912387568
105.84956629999972,20.99626369999999,67.27866515290874
105.8498662999997,20.99626369999999,69.76900473522734
105.8501662999997,20.99626369999999,63.439508826311965
105.8504662999997,20.99626369999999,64.7425173977426
105.85076629999968,20.99626369999999,64.27317001051131
105.85106629999969,20.99626369999999,67.6431595486063
105.85136629999968,20.99626369999999,72.17604694099307
105.85166629999968,20.99626369999999,69.65379942137584
105.85196629999967,20.99626369999999,57.66323246828275
105.85226629999968,20.99626369999999,58.66346656487154
105.85256629999968,20.99626369999999,59.43022733690767
105.85286629999966,20.99626369999999,59.49888252800911
105.85316629999966,20.99626369999999,58.64274165996543
105.85346629999964,20.99626369999999,57.949435062850945
105.85376629999963,20.99626369999999,58.32968375231237
105.85406629999964,20.99626369999999,59.6915363589337
105.85436629999964,20.99626369999999,60.355318514495266
105.85466629999964,20.99626369999999,65.71285267405574
105.85496629999965,20.99626369999999,71.95863425265404
105.85526629999964,20.99626369999999,62.46354797676635
105.85556629999962,20.99626369999999,62.22763770672624
105.85586629999962,20.99626369999999,63.678657555141875
105.8561662999996,20.99626369999999,64.39258024072464
105.8564662999996,20.99626369999999,64.29117061630812
105.8567662999996,20.99626369999999,64.48167692044406
105.8570662999996,20.99626369999999,64.48167692044406
105.8573662999996,20.99626369999999,64.48167692044406
105.8576662999996,20.99626369999999,64.48167692044406
105.8291663,20.99656369999999,60.70883398438519
105.8294663,20.99656369999999,58.42769650708292
105.8297663,20.99656369999999,58.387741045676776
105.83006629999998,20.99656369999999,58.224283268869854
105.83036629999998,20.99656369999999,58.352384525852784
105.83066629999998,20.99656369999999,61.101139264567045
105.83096629999996,20.99656369999999,61.297094440165466
105.83126629999995,20.99656369999999,63.56546319830585
105.83156629999996,20.99656369999999,64.01579437031813
105.83186629999996,20.99656369999999,64.03274348394726
105.83216629999995,20.99656369999999,63.98508240752162
105.83246629999996,20.99656369999999,64.50396120858368
105.83276629999996,20.99656369999999,64.50396120858368
105.83306629999994,20.99656369999999,64.50396120858368
105.83336629999994,20.99656369999999,64.50396120858368
105.83366629999992,20.99656369999999,64.50396120858368
105.83396629999991,20.99656369999999,64.50396120858368
105.83426629999992,20.99656369999999,64.50396120858368
105.83456629999992,20.99656369999999,64.50396120858368
105.83486629999992,20.99656369999999,62.53721894656814
105.83516629999993,20.99656369999999,61.01333302173197
105.83546629999992,20.99656369999999,57.851641382697245
105.8357662999999,20.99656369999999,54.97158219868522
105.8360662999999,20.99656369999999,55.23938709815615
105.8363662999999,20.99656369999999,56.41433154222541
105.83666629999988,20.99656369999999,69.63688220352887
105.83696629999989,20.99656369999999,56.22790426945001
105.83726629999988,20.99656369999999,58.90058807368787
105.83756629999988,20.99656369999999,57.2211481223724
105.83786629999987,20.99656369999999,55.921359460422075
105.83816629999988,20.99656369999999,57.1431268707954
105.83846629999988,20.99656369999999,56.88036433954821
105.83876629999986,20.99656369999999,55.58723644076738
105.83906629999986,20.99656369999999,55.14651329736639
105.83936629999984,20.99656369999999,55.14651329736639
105.83966629999983,20.99656369999999,55.14651329736639
105.83996629999984,20.99656369999999,54.86004098434153
105.84026629999984,20.99656369999999,54.86004098434153
105.84056629999984,20.99656369999999,55.66447491859088
105.84086629999985,20.99656369999999,54.866541466693185
105.84116629999984,20.99656369999999,61.99912650160954
105.84146629999982,20.99656369999999,60.91695659922212
105.84176629999982,20.99656369999999,55.58723644076738
105.8420662999998,20.99656369999999,55.14651329736639
105.8423662999998,20.99656369999999,55.72061366967312
105.8426662999998,20.99656369999999,61.23731166391239
105.8429662999998,20.99656369999999,61.21552887891025
105.8432662999998,20.99656369999999,55.72061366967312
105.8435662999998,20.99656369999999,55.72061366967312
105.8438662999998,20.99656369999999,55.58723644076738
105.84416629999978,20.99656369999999,54.05809086117499
105.84446629999978,20.99656369999999,56.58856542803003
105.84476629999978,20.99656369999999,61.14888917529838
105.84506629999976,20.99656369999999,61.32588826682853
105.84536629999975,20.99656369999999,62.702981530653545
105.84566629999976,20.99656369999999,60.80700017350314
105.84596629999976,20.99656369999999,64.54569733548443
105.84626629999975,20.99656369999999,68.54378680306758
105.84656629999976,20.99656369999999,69.83426226284072
105.84686629999976,20.99656369999999,65.92846483025515
105.84716629999974,20.99656369999999,60.649077923715005
105.84746629999974,20.99656369999999,58.338840265627354
105.84776629999972,20.99656369999999,54.07922717271682
105.84806629999972,20.99656369999999,59.11153131112468
105.84836629999973,20.99656369999999,56.76375964677634
105.84866629999972,20.99656369999999,55.116192355114634
105.84896629999972,20.99656369999999,56.80278951384032
105.84926629999973,20.99656369999999,56.94564306910995
105.84956629999972,20.99656369999999,56.52516909807161
105.8498662999997,20.99656369999999,63.503878622457954
105.8501662999997,20.99656369999999,64.8135870899506
105.8504662999997,20.99656369999999,60.737139416660504
105.85076629999968,20.99656369999999,61.81531402758101
105.85106629999969,20.99656369999999,64.29279110767402
105.85136629999968,20.99656369999999,71.7777494268962
105.85166629999968,20.99656369999999,72.30531426927143
105.85196629999967,20.99656369999999,58.16442163235299
105.85226629999968,20.99656369999999,56.742445848747735
105.85256629999968,20.99656369999999,58.48694194404329
105.85286629999966,20.99656369999999,57.41033909879883
105.85316629999966,20.99656369999999,58.771745577069225
105.85346629999964,20.99656369999999,59.14234271758663
105.85376629999963,20.99656369999999,59.79425288809359
105.85406629999964,20.99656369999999,57.25432048701157
105.85436629999964,20.99656369999999,72.64649385412964
105.85466629999964,20.99656369999999,72.05988102341028
105.85496629999965,20.99656369999999,71.986301436923
105.85526629999964,20.99656369999999,64.46731187756829
105.85556629999962,20.99656369999999,64.48275775500939
105.85586629999962,20.99656369999999,64.39258024072464
105.8561662999996,20.99656369999999,62.22763770672624
105.8564662999996,20.99656369999999,63.678657555141875
105.8567662999996,20.99656369999999,64.16658614705871
105.8570662999996,20.99656369999999,64.48167692044406
105.8573662999996,20.99656369999999,64.48167692044406
105.8576662999996,20.99656369999999,64.48167692044406
105.8291663,20.996863699999988,60.70883398438519
105.8294663,20.996863699999988,58.42769650708292
105.8297663,20.996863699999988,58.387741045676776
105.83006629999998,20.996863699999988,59.19143417165646
105.83036629999998,20.996863699999988,58.101086831312315
105.83066629999998,20.996863699999988,58.58775244044641
105.83096629999996,20.996863699999988,61.471986234410046
105.83126629999995,20.996863699999988,61.41890029063801
105.83156629999996,20.996863699999988,63.29645932255019
105.83186629999996,20.996863699999988,63.78400473338115
105.83216629999995,20.996863699999988,64.03274348394726
105.83246629999996,20.996863699999988,63.98508240752162
105.83276629999996,20.996863699999988,63.98508240752162
105.83306629999994,20.996863699999988,63.98508240752162
105.83336629999994,20.996863699999988,64.50396120858368
105.83366629999992,20.996863699999988,64.50396120858368
105.83396629999991,20.996863699999988,64.59034532971255
105.83426629999992,20.996863699999988,62.857348770914406
105.83456629999992,20.996863699999988,60.74355211752564
105.83486629999992,20.996863699999988,59.98955142664825
105.83516629999993,20.996863699999988,57.87520765286985
105.83546629999992,20.996863699999988,55.40626807181915
105.8357662999999,20.996863699999988,57.815786124775315
105.8360662999999,20.996863699999988,57.82010044052372
105.8363662999999,20.996863699999988,56.83001108585983
105.83666629999988,20.996863699999988,68.76288066108152
105.83696629999989,20.996863699999988,68.46281432328796
105.83726629999988,20.996863699999988,66.84602167449744
105.83756629999988,20.996863699999988,67.8086277678041
105.83786629999987,20.996863699999988,54.80987877771202
105.83816629999988,20.996863699999988,63.00515547768236
105.83846629999988,20.996863699999988,60.95410272498857
105.83876629999986,20.996863699999988,58.93767801819386
105.83906629999986,20.996863699999988,55.72061366967312
105.83936629999984,20.996863699999988,55.14651329736639
105.83966629999983,20.996863699999988,55.14651329736639
105.83996629999984,20.996863699999988,54.86004098434153
105.84026629999984,20.996863699999988,54.86004098434153
105.84056629999984,20.996863699999988,55.95094723161574
105.84086629999985,20.996863699999988,54.92012263589189
105.84116629999984,20.996863699999988,62.21846907463634
105.84146629999982,20.996863699999988,62.670274653022474
105.84176629999982,20.996863699999988,56.58856542803003
105.8420662999998,20.996863699999988,55.58723644076738
105.8423662999998,20.996863699999988,55.58723644076738
105.8426662999998,20.996863699999988,62.17294698504063
105.8429662999998,20.996863699999988,58.06580131884672
105.8432662999998,20.996863699999988,56.58856542803003
105.8435662999998,20.996863699999988,61.21552887891025
105.8438662999998,20.996863699999988,60.80505799069811
105.84416629999978,20.996863699999988,64.85091091651061
105.84446629999978,20.996863699999988,60.765917184139525
105.84476629999978,20.996863699999988,62.33835494952005
105.84506629999976,20.996863699999988,63.01203298846232
105.84536629999975,20.996863699999988,60.16933244574652
105.84566629999976,20.996863699999988,61.61113018598782
105.84596629999976,20.996863699999988,64.45720528428338
105.84626629999975,20.996863699999988,59.26296927167856
105.84656629999976,20.996863699999988,55.77315594495986
105.84686629999976,20.996863699999988,57.2211481223724
105.84716629999974,20.996863699999988,55.61506378810665
105.84746629999974,20.996863699999988,53.34742773319187
105.84776629999972,20.996863699999988,55.953034232843294
105.84806629999972,20.996863699999988,56.17735046570933
105.84836629999973,20.996863699999988,55.91602755065294
105.84866629999972,20.996863699999988,54.00533794069906
105.84896629999972,20.996863699999988,56.53542715307004
105.84926629999973,20.996863699999988,56.53542715307004
105.84956629999972,20.996863699999988,57.45273535523418
105.8498662999997,20.996863699999988,59.877205904950465
105.8501662999997,20.996863699999988,72.01605743877349
105.8504662999997,20.996863699999988,59.76469848866207
105.85076629999968,20.996863699999988,59.93657104447061
105.85106629999969,20.996863699999988,64.72994093645181
105.85136629999968,20.996863699999988,65.8221823912853
105.85166629999968,20.996863699999988,63.72519517500875
105.85196629999967,20.996863699999988,58.54926935762774
105.85226629999968,20.996863699999988,58.91742085742968
105.85256629999968,20.996863699999988,59.909679445586285
105.85286629999966,20.996863699999988,57.77755479372367
105.85316629999966,20.996863699999988,58.05569895191738
105.85346629999964,20.996863699999988,58.05569895191738
105.85376629999963,20.996863699999988,58.05569895191738
105.85406629999964,20.996863699999988,57.73724619622861
105.85436629999964,20.996863699999988,70.16423681481591
105.85466629999964,20.996863699999988,65.42978070425376
105.85496629999965,20.996863699999988,72.03443185202977
105.85526629999964,20.996863699999988,62.36572538755597
105.85556629999962,20.996863699999988,62.22763770672624
105.85586629999962,20.996863699999988,63.678657555141875
105.8561662999996,20.996863699999988,62.22763770672624
105.8564662999996,20.996863699999988,64.39258024072464
105.8567662999996,20.996863699999988,64.29117061630812
105.8570662999996,20.996863699999988,64.48167692044406
105.8573662999996,20.996863699999988,64.48167692044406
105.8576662999996,20.996863699999988,64.48167692044406
105.8291663,20.997163699999987,60.70883398438519
105.8294663,20.997163699999987,58.42769650708292
105.8297663,20.997163699999987,58.387741045676776
105.83006629999998,20.997163699999987,59.19143417165646
105.83036629999998,20.997163699999987,58.224283268869854
105.83066629999998,20.997163699999987,58.58775244044641
105.83096629999996,20.997163699999987,61.16228921498059
105.83126629999995,20.997163699999987,63.29645932255019
105.83156629999996,20.997163699999987,62.792463791231064
105.83186629999996,20.997163699999987,64.01579437031813
105.83216629999995,20.997163699999987,63.97243579920282
105.83246629999996,20.997163699999987,63.98508240752162
105.83276629999996,20.997163699999987,63.98508240752162
105.83306629999994,20.997163699999987,64.03274348394726
105.83336629999994,20.997163699999987,63.98508240752162
105.83366629999992,20.997163699999987,64.50396120858368
105.83396629999991,20.997163699999987,63.19553368537926
105.83426629999992,20.997163699999987,61.037215214450384
105.83456629999992,20.997163699999987,58.86189857845496
105.83486629999992,20.997163699999987,57.89749194100946
105.83516629999993,20.997163699999987,57.10161352317902
105.83546629999992,20.997163699999987,54.61713145946671
105.8357662999999,20.997163699999987,57.731489793753354
105.8360662999999,20.997163699999987,57.82010044052372
105.8363662999999,20.997163699999987,58.66291072526197
105.83666629999988,20.997163699999987,67.9522012130348
105.83696629999989,20.997163699999987,61.386854176660144
105.83726629999988,20.997163699999987,70.3267811998912
105.83756629999988,20.997163699999987,68.60879941345442
105.83786629999987,20.997163699999987,57.453699489239014
105.83816629999988,20.997163699999987,55.07788518143403
105.83846629999988,20.997163699999987,59.09260598949992
105.83876629999986,20.997163699999987,61.38699392535251
105.83906629999986,20.997163699999987,53.94694840037337
105.83936629999984,20.997163699999987,55.14651329736639
105.83966629999983,20.997163699999987,54.83355461945909
105.83996629999984,20.997163699999987,54.86004098434153
105.84026629999984,20.997163699999987,54.86004098434153
105.84056629999984,20.997163699999987,55.022057121271104
105.84086629999985,20.997163699999987,63.654008169644065
105.84116629999984,20.997163699999987,62.32520678074124
105.84146629999982,20.997163699999987,62.74383066024847
105.84176629999982,20.997163699999987,64.24206889374051
105.8420662999998,20.997163699999987,62.62971958456652
105.8423662999998,20.997163699999987,56.49741137336558
105.8426662999998,20.997163699999987,60.29901376214547
105.8429662999998,20.997163699999987,64.81666592130506
105.8432662999998,20.997163699999987,64.4262535901263
105.8435662999998,20.997163699999987,62.38207946779218
105.8438662999998,20.997163699999987,63.83252349067201
105.84416629999978,20.997163699999987,64.81666592130506
105.84446629999978,20.997163699999987,62.28882394549476
105.84476629999978,20.997163699999987,61.33660544220162
105.84506629999976,20.997163699999987,62.49612859824244
105.84536629999975,20.997163699999987,60.844393744716825
105.84566629999976,20.997163699999987,62.33628328391107
105.84596629999976,20.997163699999987,64.06999283527291
105.84626629999975,20.997163699999987,58.90475717335385
105.84656629999976,20.997163699999987,58.56674269593901
105.84686629999976,20.997163699999987,58.59160789109473
105.84716629999974,20.997163699999987,58.56674269593901
105.84746629999974,20.997163699999987,53.36363414515278
105.84776629999972,20.997163699999987,57.397979346446526
105.84806629999972,20.997163699999987,55.948946564543576
105.84836629999973,20.997163699999987,55.948946564543576
105.84866629999972,20.997163699999987,57.447760292552104
105.84896629999972,20.997163699999987,56.73705488764556
105.84926629999973,20.997163699999987,56.233183418681115
105.84956629999972,20.997163699999987,58.40361721489147
105.8498662999997,20.997163699999987,59.96097972067335
105.8501662999997,20.997163699999987,72.98147718650802
105.8504662999997,20.997163699999987,62.345466262434144
105.85076629999968,20.997163699999987,59.58921045117378
105.85106629999969,20.997163699999987,57.91092589198269
105.85136629999968,20.997163699999987,60.08038688381749
105.85166629999968,20.997163699999987,65.42105908477724
105.85196629999967,20.997163699999987,60.491778547127055
105.85226629999968,20.997163699999987,58.47843217402501
105.85256629999968,20.997163699999987,59.66179118554757
105.85286629999966,20.997163699999987,60.185025819818456
105.85316629999966,20.997163699999987,58.46256255358332
105.85346629999964,20.997163699999987,58.05569895191738
105.85376629999963,20.997163699999987,58.05569895191738
105.85406629999964,20.997163699999987,57.251087400066325
105.85436629999964,20.997163699999987,69.24532558679176
105.85466629999964,20.997163699999987,61.827292474516376
105.85496629999965,20.997163699999987,68.39310474268926
105.85526629999964,20.997163699999987,62.46354797676635
105.85556629999962,20.997163699999987,61.73664881118726
105.85586629999962,20.997163699999987,62.22763770672624
105.8561662999996,20.997163699999987,62.22763770672624
105.8564662999996,20.997163699999987,64.39258024072464
105.8567662999996,20.997163699999987,64.29117061630812
105.8570662999996,20.997163699999987,63.9155097058116
105.8573662999996,20.997163699999987,64.48167692044406
105.8576662999996,20.997163699999987,64.48167692044406
105.8291663,20.997463699999987,61.15376697511824
105.8294663,20.997463699999987,60.70883398438519
105.8297663,20.997463699999987,59.80963825956395
105.83006629999998,20.997463699999987,58.224283268869854
105.83036629999998,20.997463699999987,58.32439600111781
105.83066629999998,20.997463699999987,60.484222319756746
105.83096629999996,20.997463699999987,61.41890029063801
105.83126629999995,20.997463699999987,63.56546319830585
105.83156629999996,20.997463699999987,63.97243579920282
105.83186629999996,20.997463699999987,64.03274348394726
105.83216629999995,20.997463699999987,64.03274348394726
105.83246629999996,20.997463699999987,64.01579437031813
105.83276629999996,20.997463699999987,62.792463791231064
105.83306629999994,20.997463699999987,63.97243579920282
105.83336629999994,20.997463699999987,64.03274348394726
105.83366629999992,20.997463699999987,63.98508240752162
105.83396629999991,20.997463699999987,60.979465735567594
105.83426629999992,20.997463699999987,60.487439738493386
105.83456629999992,20.997463699999987,58.2698301841388
105.83486629999992,20.997463699999987,57.10161352317902
105.83516629999993,20.997463699999987,55.36157724931876
105.83546629999992,20.997463699999987,56.59515724403812
105.8357662999999,20.997463699999987,57.731489793753354
105.8360662999999,20.997463699999987,58.41006309555267
105.8363662999999,20.997463699999987,59.84597680238439
105.83666629999988,20.997463699999987,68.61542210317008
105.83696629999989,20.997463699999987,68.34111095015218
105.83726629999988,20.997463699999987,66.45508084255599
105.83756629999988,20.997463699999987,62.29377475749967
105.83786629999987,20.997463699999987,63.76901645955924
105.83816629999988,20.997463699999987,53.28336328811017
105.83846629999988,20.997463699999987,63.69234288641933
105.83876629999986,20.997463699999987,62.32520678074124
105.83906629999986,20.997463699999987,60.14930228843316
105.83936629999984,20.997463699999987,54.995570756388666
105.83966629999983,20.997463699999987,54.84878376588998
105.83996629999984,20.997463699999987,55.1291436126221
105.84026629999984,20.997463699999987,54.94010302324501
105.84056629999984,20.997463699999987,58.61580640029969
105.84086629999985,20.997463699999987,59.07021254837212
105.84116629999984,20.997463699999987,60.21014589957734
105.84146629999982,20.997463699999987,62.37878794993995
105.84176629999982,20.997463699999987,60.35397696039519
105.8420662999998,20.997463699999987,59.114153030339814
105.8423662999998,20.997463699999987,61.569509964034346
105.8426662999998,20.997463699999987,61.72797936671084
105.8429662999998,20.997463699999987,60.69983045182536
105.8432662999998,20.997463699999987,60.21635398589639
105.8435662999998,20.997463699999987,59.240942686944614
105.8438662999998,20.997463699999987,62.62106483814099
105.84416629999978,20.997463699999987,56.44383020416687
105.84446629999978,20.997463699999987,53.98774883689097
105.84476629999978,20.997463699999987,56.03744420668044
105.84506629999976,20.997463699999987,57.52582331260094
105.84536629999975,20.997463699999987,64.81313714092127
105.84566629999976,20.997463699999987,63.96365379218425
105.84596629999976,20.997463699999987,63.368800854813934
105.84626629999975,20.997463699999987,56.73861703359685
105.84656629999976,20.997463699999987,55.38284972548915
105.84686629999976,20.997463699999987,55.38284972548915
105.84716629999974,20.997463699999987,57.56585273243698
105.84746629999974,20.997463699999987,57.54973829960434
105.84776629999972,20.997463699999987,56.494506333737505
105.84806629999972,20.997463699999987,54.029904180752936
105.84836629999973,20.997463699999987,55.91602755065294
105.84866629999972,20.997463699999987,59.260988901258486
105.84896629999972,20.997463699999987,56.233183418681115
105.84926629999973,20.997463699999987,56.24953799795977
105.84956629999972,20.997463699999987,57.09926364793631
105.8498662999997,20.997463699999987,60.00696191300221
105.8501662999997,20.997463699999987,69.12313102865922
105.8504662999997,20.997463699999987,67.04357037555232
105.85076629999968,20.997463699999987,64.99813003349077
105.85106629999969,20.997463699999987,66.14219188682952
105.85136629999968,20.997463699999987,65.77009198822655
105.85166629999968,20.997463699999987,55.84254783731951
105.85196629999967,20.997463699999987,56.74716629201976
105.85226629999968,20.997463699999987,58.750641090706466
105.85256629999968,20.997463699999987,68.523442458032
105.85286629999966,20.997463699999987,71.41829858912712
105.85316629999966,20.997463699999987,57.80022423239219
105.85346629999964,20.997463699999987,58.05569895191738
105.85376629999963,20.997463699999987,57.435527295907015
105.85406629999964,20.997463699999987,56.735135579081295
105.85436629999964,20.997463699999987,70.10297962967122
105.85466629999964,20.997463699999987,61.89896081368516
105.85496629999965,20.997463699999987,67.6661244523472
105.85526629999964,20.997463699999987,58.67211621680032
105.85556629999962,20.997463699999987,60.506635824760885
105.85586629999962,20.997463699999987,62.22763770672624
105.8561662999996,20.997463699999987,63.678657555141875
105.8564662999996,20.997463699999987,64.39258024072464
105.8567662999996,20.997463699999987,64.29117061630812
105.8570662999996,20.997463699999987,63.9155097058116
105.8573662999996,20.997463699999987,64.48167692044406
105.8576662999996,20.997463699999987,64.48167692044406
105.8291663,20.997763699999982,60.70883398438519
105.8294663,20.997763699999982,60.70883398438519
105.8297663,20.997763699999982,58.387741045676776
105.83006629999998,20.997763699999982,59.19143417165646
105.83036629999998,20.997763699999982,58.58775244044641
105.83066629999998,20.997763699999982,61.13426004985136
105.83096629999996,20.997763699999982,61.64252323587099
105.83126629999995,20.997763699999982,63.29645932255019
105.83156629999996,20.997763699999982,62.73188903756303
105.83186629999996,20.997763699999982,63.97243579920282
105.83216629999995,20.997763699999982,63.97243579920282
105.83246629999996,20.997763699999982,62.792463791231064
105.83276629999996,20.997763699999982,61.64252323587099
105.83306629999994,20.997763699999982,63.29645932255019
105.83336629999994,20.997763699999982,63.67115833604212
105.83366629999992,20.997763699999982,62.70115645267209
105.83396629999991,20.997763699999982,60.64749564397648
105.83426629999992,20.997763699999982,59.68568633170639
105.83456629999992,20.997763699999982,58.2698301841388
105.83486629999992,20.997763699999982,55.857342575422074
105.83516629999993,20.997763699999982,56.59515724403812
105.83546629999992,20.997763699999982,56.59515724403812
105.8357662999999,20.997763699999982,57.5607287815419
105.8360662999999,20.997763699999982,58.03253055212339
105.8363662999999,20.997763699999982,62.72907407460342
105.83666629999988,20.997763699999982,65.60113761218983
105.83696629999989,20.997763699999982,59.73438338046084
105.83726629999988,20.997763699999982,59.6008865098853
105.83756629999988,20.997763699999982,62.55067061138518
105.83786629999987,20.997763699999982,63.677910921828115
105.83816629999988,20.997763699999982,53.41766458666949
105.83846629999988,20.997763699999982,62.056503107406414
105.83876629999986,20.997763699999982,54.622209201931845
105.83906629999986,20.997763699999982,58.80832668589243
105.83936629999984,20.997763699999982,59.22757700892694
105.83966629999983,20.997763699999982,54.76028091369793
105.83996629999984,20.997763699999982,54.98470499302457
105.84026629999984,20.997763699999982,60.48078425128375
105.84056629999984,20.997763699999982,63.1132651554859
105.84086629999985,20.997763699999982,64.92064587598928
105.84116629999984,20.997763699999982,64.07935725114531
105.84146629999982,20.997763699999982,58.342326110922734
105.84176629999982,20.997763699999982,55.928957172720274
105.8420662999998,20.997763699999982,59.353660497202064
105.8423662999998,20.997763699999982,62.07905330409277
105.8426662999998,20.997763699999982,55.82574430012051
105.8429662999998,20.997763699999982,53.07268157779558
105.8432662999998,20.997763699999982,55.959193707433634
105.8435662999998,20.997763699999982,53.39585261764936
105.8438662999998,20.997763699999982,55.1441771317253
105.84416629999978,20.997763699999982,55.1291436126221
105.84446629999978,20.997763699999982,58.49860582978913
105.84476629999978,20.997763699999982,56.70419451507804
105.84506629999976,20.997763699999982,58.775423885423095
105.84536629999975,20.997763699999982,51.67135467900742
105.84566629999976,20.997763699999982,64.64325230749358
105.84596629999976,20.997763699999982,62.84536661733087
105.84626629999975,20.997763699999982,54.67947018922274
105.84656629999976,20.997763699999982,53.355119507141914
105.84686629999976,20.997763699999982,57.00537316007803
105.84716629999974,20.997763699999982,56.59981639686191
105.84746629999974,20.997763699999982,57.731489793753354
105.84776629999972,20.997763699999982,57.453577364484566
105.84806629999972,20.997763699999982,54.029904180752936
105.84836629999973,20.997763699999982,55.91602755065294
105.84866629999972,20.997763699999982,56.73924107865387
105.84896629999972,20.997763699999982,56.73924107865387
105.84926629999973,20.997763699999982,56.25970091480957
105.84956629999972,20.997763699999982,57.09926364793631
105.8498662999997,20.997763699999982,60.01923017143684
105.8501662999997,20.997763699999982,70.18141871719052
105.8504662999997,20.997763699999982,66.03604477317722
105.85076629999968,20.997763699999982,63.695362719362976
105.85106629999969,20.997763699999982,63.25458259686484
105.85136629999968,20.997763699999982,61.317205663296214
105.85166629999968,20.997763699999982,57.0576138391836
105.85196629999967,20.997763699999982,57.230467662879775
105.85226629999968,20.997763699999982,58.06255035620672
105.85256629999968,20.997763699999982,60.249390641720375
105.85286629999966,20.997763699999982,68.42099538691504
105.85316629999966,20.997763699999982,57.80022423239219
105.85346629999964,20.997763699999982,57.44651777784457
105.85376629999963,20.997763699999982,57.478661641949465
105.85406629999964,20.997763699999982,58.33414828385222
105.85436629999964,20.997763699999982,67.5386410955012
105.85466629999964,20.997763699999982,70.2580710472412
105.85496629999965,20.997763699999982,68.11443411268243
105.85526629999964,20.997763699999982,58.38504400195785
105.85556629999962,20.997763699999982,60.506635824760885
105.85586629999962,20.997763699999982,63.678657555141875
105.8561662999996,20.997763699999982,64.29117061630812
105.8564662999996,20.997763699999982,64.16658614705871
105.8567662999996,20.997763699999982,64.48167692044406
105.8570662999996,20.997763699999982,64.48167692044406
105.8573662999996,20.997763699999982,64.48167692044406
105.8576662999996,20.997763699999982,64.48167692044406
105.8291663,20.998063699999985,60.70883398438519
105.8294663,20.998063699999985,58.42769650708292
105.8297663,20.998063699999985,58.387741045676776
105.83006629999998,20.998063699999985,59.00380329117662
105.83036629999998,20.998063699999985,59.26890552771464
105.83066629999998,20.998063699999985,60.484222319756746
105.83096629999996,20.998063699999985,61.16228921498059
105.83126629999995,20.998063699999985,63.02827997251243
105.83156629999996,20.998063699999985,62.792463791231064
105.83186629999996,20.998063699999985,63.97243579920282
105.83216629999995,20.998063699999985,63.29645932255019
105.83246629999996,20.998063699999985,62.792463791231064
105.83276629999996,20.998063699999985,63.56546319830585
105.83306629999994,20.998063699999985,61.15363020860798
105.83336629999994,20.998063699999985,63.24761914485031
105.83366629999992,20.998063699999985,60.99538396613317
105.83396629999991,20.998063699999985,59.93329610886891
105.83426629999992,20.998063699999985,60.83726637128321
105.83456629999992,20.998063699999985,60.83726637128321
105.83486629999992,20.998063699999985,55.40203097404952
105.83516629999993,20.998063699999985,57.731489793753354
105.83546629999992,20.998063699999985,57.83645501980237
105.8357662999999,20.998063699999985,56.83968624986464
105.8360662999999,20.998063699999985,56.73861703359685
105.8363662999999,20.998063699999985,65.57012911320727
105.83666629999988,20.998063699999985,56.944769622496985
105.83696629999989,20.998063699999985,59.57123267032037
105.83726629999988,20.998063699999985,52.83031605824808
105.83756629999988,20.998063699999985,67.11667724166531
105.83786629999987,20.998063699999985,54.36223990168975
105.83816629999988,20.998063699999985,53.745439420425186
105.83846629999988,20.998063699999985,54.588532192628406
105.83876629999986,20.998063699999985,65.91401651896192
105.83906629999986,20.998063699999985,65.64811665642155
105.83936629999984,20.998063699999985,63.63061625387553
105.83966629999983,20.998063699999985,63.825147991052226
105.83996629999984,20.998063699999985,65.67602334020144
105.84026629999984,20.998063699999985,64.45067939577085
105.84056629999984,20.998063699999985,59.44765396148977
105.84086629999985,20.998063699999985,62.53185648892137
105.84116629999984,20.998063699999985,57.96947374514496
105.84146629999982,20.998063699999985,59.98616097302061
105.84176629999982,20.998063699999985,54.23371722155219
105.8420662999998,20.998063699999985,51.481656207708085
105.8423662999998,20.998063699999985,58.89962037825141
105.8426662999998,20.998063699999985,56.46958514284844
105.8429662999998,20.998063699999985,56.78599128683536
105.8432662999998,20.998063699999985,54.54397416089067
105.8435662999998,20.998063699999985,55.14651329736639
105.8438662999998,20.998063699999985,54.84878376588998
105.84416629999978,20.998063699999985,53.392650159915206
105.84446629999978,20.998063699999985,53.312465416641544
105.84476629999978,20.998063699999985,55.93349927726466
105.84506629999976,20.998063699999985,53.66865562732147
105.84536629999975,20.998063699999985,53.54444979248272
105.84566629999976,20.998063699999985,52.25697644370021
105.84596629999976,20.998063699999985,63.801115096422755
105.84626629999975,20.998063699999985,57.28556581039251
105.84656629999976,20.998063699999985,67.60144313041086
105.84686629999976,20.998063699999985,69.38114825693332
105.84716629999974,20.998063699999985,55.449204988812575
105.84746629999974,20.998063699999985,57.016019362467866
105.84776629999972,20.998063699999985,56.73924107865387
105.84806629999972,20.998063699999985,57.47223077170003
105.84836629999973,20.998063699999985,57.447760292552104
105.84866629999972,20.998063699999985,60.07756132858542
105.84896629999972,20.998063699999985,60.0552770404458
105.84926629999973,20.998063699999985,57.80996905284285
105.84956629999972,20.998063699999985,58.79667060698135
105.8498662999997,20.998063699999985,60.32189104380698
105.8501662999997,20.998063699999985,69.22387240320062
105.8504662999997,20.998063699999985,58.63724393992934
105.85076629999968,20.998063699999985,57.72337317024952
105.85106629999969,20.998063699999985,59.91860805450004
105.85136629999968,20.998063699999985,57.60000871487041
105.85166629999968,20.998063699999985,59.20981425678136
105.85196629999967,20.998063699999985,56.798344376170384
105.85226629999968,20.998063699999985,57.55659340352631
105.85256629999968,20.998063699999985,57.006144995410914
105.85286629999966,20.998063699999985,67.04012363499514
105.85316629999966,20.998063699999985,62.53582206739996
105.85346629999964,20.998063699999985,58.577873116854605
105.85376629999963,20.998063699999985,58.84777315874359
105.85406629999964,20.998063699999985,59.314357192400045
105.85436629999964,20.998063699999985,65.95897210649012
105.85466629999964,20.998063699999985,73.12542252805655
105.85496629999965,20.998063699999985,69.13801398648914
105.85526629999964,20.998063699999985,60.57245442996121
105.85556629999962,20.998063699999985,60.72707397356137
105.85586629999962,20.998063699999985,64.16658614705871
105.8561662999996,20.998063699999985,63.9155097058116
105.8564662999996,20.998063699999985,64.48167692044406
105.8567662999996,20.998063699999985,64.48167692044406
105.8570662999996,20.998063699999985,64.48167692044406
105.8573662999996,20.998063699999985,64.48167692044406
105.8576662999996,20.998063699999985,64.48167692044406
105.8291663,20.998363699999985,58.42769650708292
105.8294663,20.998363699999985,58.42769650708292
105.8297663,20.998363699999985,58.387741045676776
105.83006629999998,20.998363699999985,59.089178890404035
105.83036629999998,20.998363699999985,58.16464433341941
105.83066629999998,20.998363699999985,58.16464433341941
105.83096629999996,20.998363699999985,61.471986234410046
105.83126629999995,20.998363699999985,63.29645932255019
105.83156629999996,20.998363699999985,63.02827997251243
105.83186629999996,20.998363699999985,62.792463791231064
105.83216629999995,20.998363699999985,63.29645932255019
105.83246629999996,20.998363699999985,62.91987215740566
105.83276629999996,20.998363699999985,61.471986234410046
105.83306629999994,20.998363699999985,60.98309320714704
105.83336629999994,20.998363699999985,61.83756441191715
105.83366629999992,20.998363699999985,59.91487018795298
105.83396629999991,20.998363699999985,60.865552891299274
105.83426629999992,20.998363699999985,59.60177310893813
105.83456629999992,20.998363699999985,57.37374833304965
105.83486629999992,20.998363699999985,56.83535802255582
105.83516629999993,20.998363699999985,57.055395760194486
105.83546629999992,20.998363699999985,57.055395760194486
105.8357662999999,20.998363699999985,57.85506947647259
105.8360662999999,20.998363699999985,54.54830383108375
105.8363662999999,20.998363699999985,68.22172342406819
105.83666629999988,20.998363699999985,55.40305731156306
105.83696629999989,20.998363699999985,56.421089062561784
105.83726629999988,20.998363699999985,55.253119403559346
105.83756629999988,20.998363699999985,61.87589085057714
105.83786629999987,20.998363699999985,65.56175443550497
105.83816629999988,20.998363699999985,69.85305996765383
105.83846629999988,20.998363699999985,60.53314395246031
105.83876629999986,20.998363699999985,64.20838298055732
105.83906629999986,20.998363699999985,66.31209397659889
105.83936629999984,20.998363699999985,66.21293148498846
105.83966629999983,20.998363699999985,62.66577523524179
105.83996629999984,20.998363699999985,63.77866157784909
105.84026629999984,20.998363699999985,60.47744943324357
105.84056629999984,20.998363699999985,60.63233330743987
105.84086629999985,20.998363699999985,62.63950175694493
105.84116629999984,20.998363699999985,59.67694135784626
105.84146629999982,20.998363699999985,55.77128030791151
105.84176629999982,20.998363699999985,52.29171067820296
105.8420662999998,20.998363699999985,57.50515273936935
105.8423662999998,20.998363699999985,55.30970680151994
105.8426662999998,20.998363699999985,56.376953365315615
105.8429662999998,20.998363699999985,59.857553207598635
105.8432662999998,20.998363699999985,57.470864129303834
105.8435662999998,20.998363699999985,57.510534802313245
105.8438662999998,20.998363699999985,53.52254350841951
105.84416629999978,20.998363699999985,56.58649920619758
105.84446629999978,20.998363699999985,56.17174508276552
105.84476629999978,20.998363699999985,54.50584106495719
105.84506629999976,20.998363699999985,54.83742798333862
105.84536629999975,20.998363699999985,57.87838292599126
105.84566629999976,20.998363699999985,58.97910861958146
105.84596629999976,20.998363699999985,65.70958995253397
105.84626629999975,20.998363699999985,70.17728469925548
105.84656629999976,20.998363699999985,57.31578945425647
105.84686629999976,20.998363699999985,67.40120325640693
105.84716629999974,20.998363699999985,66.56505182635522
105.84746629999974,20.998363699999985,53.214396022686635
105.84776629999972,20.998363699999985,58.099598845007165
105.84806629999972,20.998363699999985,57.44994648356042
105.84836629999973,20.998363699999985,59.71535256829467
105.84866629999972,20.998363699999985,59.53505814133088
105.84896629999972,20.998363699999985,58.05597799864975
105.84926629999973,20.998363699999985,61.63496057379951
105.84956629999972,20.998363699999985,59.14981541011564
105.8498662999997,20.998363699999985,58.6424869998646
105.8501662999997,20.998363699999985,65.56207101028276
105.8504662999997,20.998363699999985,61.981563770422056
105.85076629999968,20.998363699999985,57.64081900392928
105.85106629999969,20.998363699999985,57.03764510554662
105.85136629999968,20.998363699999985,58.1904851566235
105.85166629999968,20.998363699999985,61.042729248395815
105.85196629999967,20.998363699999985,66.00348122126563
105.85226629999968,20.998363699999985,65.67441316107788
105.85256629999968,20.998363699999985,56.88888558142792
105.85286629999966,20.998363699999985,62.95818113357832
105.85316629999966,20.998363699999985,67.74803752864594
105.85346629999964,20.998363699999985,59.314357192400045
105.85376629999963,20.998363699999985,59.50140811066258
105.85406629999964,20.998363699999985,62.18691010363198
105.85436629999964,20.998363699999985,74.53589930323764
105.85466629999964,20.998363699999985,73.78849185182887
105.85496629999965,20.998363699999985,72.92665448758598
105.85526629999964,20.998363699999985,63.42538697685676
105.85556629999962,20.998363699999985,64.12248668570848
105.85586629999962,20.998363699999985,64.48167692044406
105.8561662999996,20.998363699999985,64.48167692044406
105.8564662999996,20.998363699999985,64.48167692044406
105.8567662999996,20.998363699999985,64.48167692044406
105.8570662999996,20.998363699999985,64.48167692044406
105.8573662999996,20.998363699999985,65.137396982337
105.8576662999996,20.998363699999985,65.12295015543154
105.8291663,20.998663699999984,58.42769650708292
105.8294663,20.998663699999984,58.42769650708292
105.8297663,20.998663699999984,58.387741045676776
105.83006629999998,20.998663699999984,59.16319008483738
105.83036629999998,20.998663699999984,58.16464433341941
105.83066629999998,20.998663699999984,58.83269121112765
105.83096629999996,20.998663699999984,58.57443150703983
105.83126629999995,20.998663699999984,62.91987215740566
105.83156629999996,20.998663699999984,62.73188903756303
105.83186629999996,20.998663699999984,63.29645932255019
105.83216629999995,20.998663699999984,61.64252323587099
105.83246629999996,20.998663699999984,61.40790296811037
105.83276629999996,20.998663699999984,59.58928123980195
105.83306629999994,20.998663699999984,59.89869241638838
105.83336629999994,20.998663699999984,59.45561668878412
105.83366629999992,20.998663699999984,58.40921995958232
105.83396629999991,20.998663699999984,58.11276819769614
105.83426629999992,20.998663699999984,57.554065875638656
105.83456629999992,20.998663699999984,53.85806367999553
105.83486629999992,20.998663699999984,56.85603141358493
105.83516629999993,20.998663699999984,58.055225826287035
105.83546629999992,20.998663699999984,53.174621797909666
105.8357662999999,20.998663699999984,58.57595810770422
105.8360662999999,20.998663699999984,61.92505934632744
105.8363662999999,20.998663699999984,64.14492815478434
105.83666629999988,20.998663699999984,63.020140202000256
105.83696629999989,20.998663699999984,68.91778241125971
105.83726629999988,20.998663699999984,67.49567319016866
105.83756629999988,20.998663699999984,70.14966320099781
105.83786629999987,20.998663699999984,67.86260668849248
105.83816629999988,20.998663699999984,66.40547256356211
105.83846629999988,20.998663699999984,61.79067641792995
105.83876629999986,20.998663699999984,61.12312900161383
105.83906629999986,20.998663699999984,62.42157954562301
105.83936629999984,20.998663699999984,59.69901131573783
105.83966629999983,20.998663699999984,53.45421173327029
105.83996629999984,20.998663699999984,56.97043640828815
105.84026629999984,20.998663699999984,55.426655952787584
105.84056629999984,20.998663699999984,54.704334051687006
105.84086629999985,20.998663699999984,51.455439610689446
105.84116629999984,20.998663699999984,59.24324054022455
105.84146629999982,20.998663699999984,58.27587953785195
105.84176629999982,20.998663699999984,52.61509262903601
105.8420662999998,20.998663699999984,56.19170493044155
105.8423662999998,20.998663699999984,53.67438211085451
105.8426662999998,20.998663699999984,55.330349893033386
105.8429662999998,20.998663699999984,58.696565477190845
105.8432662999998,20.998663699999984,57.30452224481914
105.8435662999998,20.998663699999984,52.810554481343985
105.8438662999998,20.998663699999984,52.80874044100025
105.84416629999978,20.998663699999984,56.243470396235175
105.84446629999978,20.998663699999984,56.15665175394604
105.84476629999978,20.998663699999984,56.78344335514881
105.84506629999976,20.998663699999984,64.6964788830032
105.84536629999975,20.998663699999984,64.88191345850167
105.84566629999976,20.998663699999984,65.7929332938584
105.84596629999976,20.998663699999984,65.49563987515212
105.84626629999975,20.998663699999984,55.97872859633665
105.84656629999976,20.998663699999984,58.360183057140205
105.84686629999976,20.998663699999984,55.77695278170201
105.84716629999974,20.998663699999984,60.12934085964872
105.84746629999974,20.998663699999984,64.64361336299132
105.84776629999972,20.998663699999984,53.9945885445657
105.84806629999972,20.998663699999984,59.52575349826708
105.84836629999973,20.998663699999984,59.71183555855854
105.84866629999972,20.998663699999984,59.97720317673656
105.84896629999972,20.998663699999984,62.857348770914406
105.84926629999973,20.998663699999984,64.3998390255766
105.84956629999972,20.998663699999984,63.28171288163518
105.8498662999997,20.998663699999984,61.516987328929915
105.8501662999997,20.998663699999984,68.40820913984395
105.8504662999997,20.998663699999984,68.66460508031562
105.85076629999968,20.998663699999984,66.3757437202644
105.85106629999969,20.998663699999984,67.56123678051183
105.85136629999968,20.998663699999984,69.38029785163796
105.85166629999968,20.998663699999984,66.67018115619086
105.85196629999967,20.998663699999984,60.462922969676285
105.85226629999968,20.998663699999984,69.00602810590513
105.85256629999968,20.998663699999984,67.55015013264257
105.85286629999966,20.998663699999984,58.09275949512875
105.85316629999966,20.998663699999984,71.84407015000207
105.85346629999964,20.998663699999984,63.9564015764319
105.85376629999963,20.998663699999984,70.36892889501593
105.85406629999964,20.998663699999984,71.99829716354071
105.85436629999964,20.998663699999984,72.27272035452401
105.85466629999964,20.998663699999984,72.90107049222178
105.85496629999965,20.998663699999984,73.04086303778654
105.85526629999964,20.998663699999984,71.88795126938142
105.85556629999962,20.998663699999984,66.2056113743711
105.85586629999962,20.998663699999984,65.43853221508704
105.8561662999996,20.998663699999984,63.71573580022832
105.8564662999996,20.998663699999984,65.12295015543154
105.8567662999996,20.998663699999984,64.48167692044406
105.8570662999996,20.998663699999984,65.36762294882008
105.8573662999996,20.998663699999984,63.862301699364835
105.8576662999996,20.998663699999984,67.49777302584597
105.8291663,20.998963699999983,58.42769650708292
105.8294663,20.998963699999983,58.387741045676776
105.8297663,20.998963699999983,58.387741045676776
105.83006629999998,20.998963699999983,59.295961117152544
105.83036629999998,20.998963699999983,58.352384525852784
105.83066629999998,20.998963699999983,61.101139264567045
105.83096629999996,20.998963699999983,61.048176150435
105.83126629999995,20.998963699999983,63.29645932255019
105.83156629999996,20.998963699999983,62.91987215740566
105.83186629999996,20.998963699999983,61.471986234410046
105.83216629999995,20.998963699999983,61.048176150435
105.83246629999996,20.998963699999983,60.42013905345707
105.83276629999996,20.998963699999983,59.413931140319434
105.83306629999994,20.998963699999983,59.69259450754871
105.83336629999994,20.998963699999983,59.50422496120789
105.83366629999992,20.998963699999983,57.987742295646974
105.83396629999991,20.998963699999983,56.84588853631536
105.83426629999992,20.998963699999983,57.3178899217447
105.83456629999992,20.998963699999983,61.57319167579035
105.83486629999992,20.998963699999983,63.97536386950094
105.83516629999993,20.998963699999983,63.24218789163395
105.83546629999992,20.998963699999983,68.77266473529914
105.8357662999999,20.998963699999983,66.10325164027066
105.8360662999999,20.998963699999983,56.73436053558235
105.8363662999999,20.998963699999983,58.87117109982222
105.83666629999988,20.998963699999983,55.80258787920514
105.83696629999989,20.998963699999983,68.97176486004457
105.83726629999988,20.998963699999983,69.56571600644679
105.83756629999988,20.998963699999983,64.58590002064203
105.83786629999987,20.998963699999983,63.53803655537276
105.83816629999988,20.998963699999983,56.688382389769735
105.83846629999988,20.998963699999983,53.05576431982296
105.83876629999986,20.998963699999983,54.60406452011768
105.83906629999986,20.998963699999983,54.636584842513976
105.83936629999984,20.998963699999983,57.312361843677024
105.83966629999983,20.998963699999983,58.675869701414825
105.83996629999984,20.998963699999983,55.404825326734915
105.84026629999984,20.998963699999983,57.51156288036298
105.84056629999984,20.998963699999983,57.17298271449869
105.84086629999985,20.998963699999983,57.25979042787668
105.84116629999984,20.998963699999983,61.0769786432944
105.84146629999982,20.998963699999983,57.66372830174048
105.84176629999982,20.998963699999983,56.02855187856671
105.8420662999998,20.998963699999983,57.636203431466235
105.8423662999998,20.998963699999983,57.58752957483775
105.8426662999998,20.998963699999983,56.46440307505557
105.8429662999998,20.998963699999983,55.917581527541955
105.8432662999998,20.998963699999983,52.91677950962075
105.8435662999998,20.998963699999983,52.80874044100025
105.8438662999998,20.998963699999983,52.83930632434649
105.84416629999978,20.998963699999983,53.55710082114312
105.84446629999978,20.998963699999983,56.34857854061417
105.84476629999978,20.998963699999983,56.52210091399497
105.84506629999976,20.998963699999983,58.26106387105025
105.84536629999975,20.998963699999983,56.049355972040814
105.84566629999976,20.998963699999983,64.47372905387641
105.84596629999976,20.998963699999983,60.490876720751686
105.84626629999975,20.998963699999983,54.1765046381534
105.84656629999976,20.998963699999983,55.216413800340995
105.84686629999976,20.998963699999983,57.15048485209738
105.84716629999974,20.998963699999983,55.55144757306852
105.84746629999974,20.998963699999983,57.94890599578215
105.84776629999972,20.998963699999983,70.40165843247959
105.84806629999972,20.998963699999983,61.69052520777577
105.84836629999973,20.998963699999983,61.44915897534591
105.84866629999972,20.998963699999983,61.16649940363551
105.84896629999972,20.998963699999983,63.73412320843623
105.84926629999973,20.998963699999983,64.40941502225397
105.84956629999972,20.998963699999983,64.18887043519834
105.8498662999997,20.998963699999983,64.52082873084396
105.8501662999997,20.998963699999983,66.60687781658062
105.8504662999997,20.998963699999983,65.16187983853625
105.85076629999968,20.998963699999983,61.08485338667864
105.85106629999969,20.998963699999983,57.265535079419344
105.85136629999968,20.998963699999983,56.851633369509194
105.85166629999968,20.998963699999983,58.1524479940604
105.85196629999967,20.998963699999983,58.14092296756081
105.85226629999968,20.998963699999983,58.02532473335175
105.85256629999968,20.998963699999983,70.04026702468245
105.85286629999966,20.998963699999983,67.42909232181836
105.85316629999966,20.998963699999983,68.72001018685154
105.85346629999964,20.998963699999983,70.62506994766817
105.85376629999963,20.998963699999983,62.70660221468293
105.85406629999964,20.998963699999983,65.25395454232391
105.85436629999964,20.998963699999983,66.80719890514825
105.85466629999964,20.998963699999983,65.73436221196329
105.85496629999965,20.998963699999983,66.53344366750676
105.85526629999964,20.998963699999983,66.05158701257837
105.85556629999962,20.998963699999983,70.95695168262331
105.85586629999962,20.998963699999983,72.44316561989943
105.8561662999996,20.998963699999983,70.09990326312274
105.8564662999996,20.998963699999983,63.65994369095559
105.8567662999996,20.998963699999983,65.12295015543154
105.8570662999996,20.998963699999983,65.26091117787138
105.8573662999996,20.998963699999983,72.61851494655107
105.8576662999996,20.998963699999983,67.49777302584597
105.8291663,20.999263699999982,58.387741045676776
105.8294663,20.999263699999982,58.387741045676776
105.8297663,20.999263699999982,59.19143417165646
105.83006629999998,20.999263699999982,58.101086831312315
105.83036629999998,20.999263699999982,58.32439600111781
105.83066629999998,20.999263699999982,61.101139264567045
105.83096629999996,20.999263699999982,61.101139264567045
105.83126629999995,20.999263699999982,61.41890029063801
105.83156629999996,20.999263699999982,61.048176150435
105.83186629999996,20.999263699999982,58.771934684090546
105.83216629999995,20.999263699999982,58.99886308750257
105.83246629999996,20.999263699999982,56.41011516645339
105.83276629999996,20.999263699999982,61.14021395683332
105.83306629999994,20.999263699999982,62.38505354525147
105.83336629999994,20.999263699999982,63.24469774059739
105.83366629999992,20.999263699999982,67.47732126566193
105.83396629999991,20.999263699999982,62.41498412589267
105.83426629999992,20.999263699999982,61.13435082453391
105.83456629999992,20.999263699999982,67.03648017583477
105.83486629999992,20.999263699999982,64.52872008860348
105.83516629999993,20.999263699999982,65.7739072634861
105.83546629999992,20.999263699999982,66.98142684385225
105.8357662999999,20.999263699999982,66.64285048096296
105.8360662999999,20.999263699999982,64.49840693857041
105.8363662999999,20.999263699999982,56.64850606309808
105.83666629999988,20.999263699999982,57.874573207493626
105.83696629999989,20.999263699999982,53.208450488999894
105.83726629999988,20.999263699999982,52.7594980595387
105.83756629999988,20.999263699999982,56.71002379435341
105.83786629999987,20.999263699999982,68.54911263373741
105.83816629999988,20.999263699999982,55.503473712242375
105.83846629999988,20.999263699999982,53.22068986072769
105.83876629999986,20.999263699999982,53.574778298424015
105.83906629999986,20.999263699999982,55.48342014669886
105.83936629999984,20.999263699999982,62.3697547435652
105.83966629999983,20.999263699999982,63.85905486011299
105.83996629999984,20.999263699999982,63.957580395811995
105.84026629999984,20.999263699999982,66.34563181944155
105.84056629999984,20.999263699999982,65.72584023723375
105.84086629999985,20.999263699999982,60.383709747626355
105.84116629999984,20.999263699999982,58.87784025248109
105.84146629999982,20.999263699999982,56.842962941598
105.84176629999982,20.999263699999982,58.17147452268787
105.8420662999998,20.999263699999982,58.0302809272632
105.8423662999998,20.999263699999982,57.15539153711202
105.8426662999998,20.999263699999982,53.4512177866086
105.8429662999998,20.999263699999982,55.739418965114005
105.8432662999998,20.999263699999982,52.64064980538271
105.8435662999998,20.999263699999982,53.18056881574979
105.8438662999998,20.999263699999982,52.64064980538271
105.84416629999978,20.999263699999982,52.298266053006216
105.84446629999978,20.999263699999982,54.51058857488336
105.84476629999978,20.999263699999982,52.70558830172693
105.84506629999976,20.999263699999982,53.42167560135167
105.84536629999975,20.999263699999982,57.90947342016626
105.84566629999976,20.999263699999982,54.99472623601707
105.84596629999976,20.999263699999982,55.15393193763717
105.84626629999975,20.999263699999982,54.786859467117615
105.84656629999976,20.999263699999982,53.76201526686164
105.84686629999976,20.999263699999982,56.40384883458696
105.84716629999974,20.999263699999982,63.24967755973479
105.84746629999974,20.999263699999982,60.293835993636506
105.84776629999972,20.999263699999982,64.45221509049497
105.84806629999972,20.999263699999982,71.60062208012963
105.84836629999973,20.999263699999982,61.195223363117115
105.84866629999972,20.999263699999982,63.27485155138241
105.84896629999972,20.999263699999982,61.42495091371334
105.84926629999973,20.999263699999982,63.81734662793792
105.84956629999972,20.999263699999982,64.40941502225397
105.8498662999997,20.999263699999982,64.68789365440685
105.8501662999997,20.999263699999982,65.73436221196329
105.8504662999997,20.999263699999982,67.98383841717394
105.85076629999968,20.999263699999982,63.10741388071276
105.85106629999969,20.999263699999982,60.01955830780323
105.85136629999968,20.999263699999982,59.13831193336728
105.85166629999968,20.999263699999982,58.28646116289267
105.85196629999967,20.999263699999982,58.72250276399068
105.85226629999968,20.999263699999982,57.26965237148762
105.85256629999968,20.999263699999982,60.89628538220304
105.85286629999966,20.999263699999982,63.1831459106224
105.85316629999966,20.999263699999982,68.83368694252562
105.85346629999964,20.999263699999982,70.21193876892104
105.85376629999963,20.999263699999982,58.76367768291949
105.85406629999964,20.999263699999982,61.40493545839894
105.85436629999964,20.999263699999982,61.23169551303971
105.85466629999964,20.999263699999982,59.55520608884298
105.85496629999965,20.999263699999982,63.34136879863795
105.85526629999964,20.999263699999982,64.296288043353
105.85556629999962,20.999263699999982,64.7405827877754
105.85586629999962,20.999263699999982,65.26091117787138
105.8561662999996,20.999263699999982,70.67238497268355
105.8564662999996,20.999263699999982,65.43853221508704
105.8567662999996,20.999263699999982,65.92549386854108
105.8570662999996,20.999263699999982,71.08228279312966
105.8573662999996,20.999263699999982,71.09675090683518
105.8576662999996,20.999263699999982,63.71573580022832
105.8291663,20.99956369999998,58.43677510903826
105.8294663,20.99956369999998,58.387741045676776
105.8297663,20.99956369999998,58.74250738248077
105.83006629999998,20.99956369999998,59.19143417165646
105.83036629999998,20.99956369999998,58.101086831312315
105.83066629999998,20.99956369999998,58.23216047591954
105.83096629999996,20.99956369999998,58.73355372088423
105.83126629999995,20.99956369999998,59.97666716111476
105.83156629999996,20.99956369999998,61.90044549907606
105.83186629999996,20.99956369999998,60.845361046109325
105.83216629999995,20.99956369999998,68.67661912759591
105.83246629999996,20.99956369999998,69.7572030526956
105.83276629999996,20.99956369999998,64.76163519425494
105.83306629999994,20.99956369999998,62.95988199553061
105.83336629999994,20.99956369999998,65.99794508217072
105.83366629999992,20.99956369999998,65.87103839068324
105.83396629999991,20.99956369999998,62.20536082553547
105.83426629999992,20.99956369999998,62.537015196642606
105.83456629999992,20.99956369999998,57.14437428999587
105.83486629999992,20.99956369999998,56.16592479468152
105.83516629999993,20.99956369999998,56.42049009500192
105.83546629999992,20.99956369999998,63.77451281313691
105.8357662999999,20.99956369999998,68.30787523215383
105.8360662999999,20.99956369999998,57.60671874814718
105.8363662999999,20.99956369999998,54.740160031223226
105.83666629999988,20.99956369999998,54.678351833049376
105.83696629999989,20.99956369999998,55.39580395843351
105.83726629999988,20.99956369999998,55.26912059167302
105.83756629999988,20.99956369999998,69.27771086386419
105.83786629999987,20.99956369999998,68.50433980555785
105.83816629999988,20.99956369999998,54.45133766397923
105.83846629999988,20.99956369999998,52.606222275347584
105.83876629999986,20.99956369999998,54.314528327631145
105.83906629999986,20.99956369999998,54.40988265846377
105.83936629999984,20.99956369999998,54.891295493616525
105.83966629999983,20.99956369999998,54.88511868026633
105.83996629999984,20.99956369999998,56.9886858964925
105.84026629999984,20.99956369999998,54.400369874639864
105.84056629999984,20.99956369999998,56.34852050836826
105.84086629999985,20.99956369999998,55.862719558281974
105.84116629999984,20.99956369999998,65.38162678406475
105.84146629999982,20.99956369999998,61.6913409581472
105.84176629999982,20.99956369999998,58.70850844708134
105.8420662999998,20.99956369999998,53.19892685792861
105.8423662999998,20.99956369999998,56.978536180195114
105.8426662999998,20.99956369999998,56.46440307505557
105.8429662999998,20.99956369999998,55.223413434676445
105.8432662999998,20.99956369999998,52.592988728957096
105.8435662999998,20.99956369999998,52.61947509383953
105.8438662999998,20.99956369999998,52.64064980538271
105.84416629999978,20.99956369999998,51.55160126441274
105.84446629999978,20.99956369999998,55.14842940653256
105.84476629999978,20.99956369999998,53.8318184763631
105.84506629999976,20.99956369999998,52.90974834336708
105.84536629999975,20.99956369999998,64.16092641654113
105.84566629999976,20.99956369999998,57.81412182527329
105.84596629999976,20.99956369999998,54.32812723181923
105.84626629999975,20.99956369999998,55.21088114282829
105.84656629999976,20.99956369999998,55.479692357757784
105.84686629999976,20.99956369999998,57.045528245684245
105.84716629999974,20.99956369999998,57.58361093021505
105.84746629999974,20.99956369999998,60.85405723094035
105.84776629999972,20.99956369999998,62.17439048117513
105.84806629999972,20.99956369999998,61.43833718291109
105.84836629999973,20.99956369999998,65.43935144563527
105.84866629999972,20.99956369999998,63.416819173156746
105.84896629999972,20.99956369999998,60.01483857790723
105.84926629999973,20.99956369999998,59.17209969825526
105.84956629999972,20.99956369999998,62.20037811011662
105.8498662999997,20.99956369999998,64.88053908889746
105.8501662999997,20.99956369999998,61.299550125947384
105.8504662999997,20.99956369999998,66.19216503881397
105.85076629999968,20.99956369999998,67.35997985532086
105.85106629999969,20.99956369999998,58.555250115291535
105.85136629999968,20.99956369999998,56.33618420422444
105.85166629999968,20.99956369999998,59.32252714851856
105.85196629999967,20.99956369999998,57.86384978610994
105.85226629999968,20.99956369999998,56.42708462298584
105.85256629999968,20.99956369999998,57.80759877065249
105.85286629999966,20.99956369999998,57.41368963885928
105.85316629999966,20.99956369999998,72.68566769747231
105.85346629999964,20.99956369999998,66.4017869453712
105.85376629999963,20.99956369999998,65.47272276329161
105.85406629999964,20.99956369999998,57.83428865524558
105.85436629999964,20.99956369999998,58.42668349051217
105.85466629999964,20.99956369999998,59.13831193336728
105.85496629999965,20.99956369999998,58.87447086212775
105.85526629999964,20.99956369999998,61.03959862466865
105.85556629999962,20.99956369999998,62.60708218260712
105.85586629999962,20.99956369999998,65.26091117787138
105.8561662999996,20.99956369999998,70.28159460288491
105.8564662999996,20.99956369999998,71.12012861757692
105.8567662999996,20.99956369999998,70.67238497268355
105.8570662999996,20.99956369999998,63.862301699364835
105.8573662999996,20.99956369999998,65.43853221508704
105.8576662999996,20.99956369999998,65.12295015543154
105.8291663,20.99986369999998,58.387741045676776
105.8294663,20.99986369999998,59.23537256833417
105.8297663,20.99986369999998,58.641924562120565
105.83006629999998,20.99986369999998,59.09135579755655
105.83036629999998,20.99986369999998,58.93381090132765
105.83066629999998,20.99986369999998,60.656013715884846
105.83096629999996,20.99986369999998,68.07497130478184
105.83126629999995,20.99986369999998,66.07957299908423
105.83156629999996,20.99986369999998,67.60777024042646
105.83186629999996,20.99986369999998,67.77307539463757
105.83216629999995,20.99986369999998,67.42976439310254
105.83246629999996,20.99986369999998,67.72962761586717
105.83276629999996,20.99986369999998,65.65267147570113
105.83306629999994,20.99986369999998,64.11992398805549
105.83336629999994,20.99986369999998,59.52068856032254
105.83366629999992,20.99986369999998,56.53811984788103
105.83396629999991,20.99986369999998,56.27649388856849
105.83426629999992,20.99986369999998,55.74443561895916
105.83456629999992,20.99986369999998,55.94053274532085
105.83486629999992,20.99986369999998,56.42856064337233
105.83516629999993,20.99986369999998,63.95127569496425
105.83546629999992,20.99986369999998,61.26862909254005
105.8357662999999,20.99986369999998,61.39877001580581
105.8360662999999,20.99986369999998,54.365816534999176
105.8363662999999,20.99986369999998,54.33120368978558
105.83666629999988,20.99986369999998,54.22462937040208
105.83696629999989,20.99986369999998,54.74628926410361
105.83726629999988,20.99986369999998,56.294593142113875
105.83756629999988,20.99986369999998,69.18830675961338
105.83786629999987,20.99986369999998,56.31247064466489
105.83816629999988,20.99986369999998,53.87975089024356
105.83846629999988,20.99986369999998,54.63346133146572
105.83876629999986,20.99986369999998,59.07091091644466
105.83906629999986,20.99986369999998,60.54398413704733
105.83936629999984,20.99986369999998,59.316058780613865
105.83966629999983,20.99986369999998,54.961948726042856
105.83996629999984,20.99986369999998,60.97969267024669
105.84026629999984,20.99986369999998,60.17688322772941
105.84056629999984,20.99986369999998,54.75383391360374
105.84086629999985,20.99986369999998,53.92160019144847
105.84116629999984,20.99986369999998,69.61273487237531
105.84146629999982,20.99986369999998,69.78277798267945
105.84176629999982,20.99986369999998,63.52844537198433
105.8420662999998,20.99986369999998,55.21470480979364
105.8423662999998,20.99986369999998,53.66879717474078
105.8426662999998,20.99986369999998,56.58649920619758
105.8429662999998,20.99986369999998,53.52470837961402
105.8432662999998,20.99986369999998,52.64064980538271
105.8435662999998,20.99986369999998,51.94679221439873
105.8438662999998,20.99986369999998,52.792082381857846
105.84416629999978,20.99986369999998,59.34502184173691
105.84446629999978,20.99986369999998,56.27282333887782
105.84476629999978,20.99986369999998,61.13753478468306
105.84506629999976,20.99986369999998,58.223434685600445
105.84536629999975,20.99986369999998,67.8180728542657
105.84566629999976,20.99986369999998,54.24310657353478
105.84596629999976,20.99986369999998,55.72290279708126
105.84626629999975,20.99986369999998,55.82911264532179
105.84656629999976,20.99986369999998,55.57863453113278
105.84686629999976,20.99986369999998,56.21628910741744
105.84716629999974,20.99986369999998,58.603385095782464
105.84746629999974,20.99986369999998,59.96951113732482
105.84776629999972,20.99986369999998,53.47545059248276
105.84806629999972,20.99986369999998,52.44468222338119
105.84836629999973,20.99986369999998,59.10646137075189
105.84866629999972,20.99986369999998,63.78942669392689
105.84896629999972,20.99986369999998,64.06472548528166
105.84926629999973,20.99986369999998,59.5111274775894
105.84956629999972,20.99986369999998,59.98955142664825
105.8498662999997,20.99986369999998,59.98955142664825
105.8501662999997,20.99986369999998,58.91332120046923
105.8504662999997,20.99986369999998,69.70261942863281
105.85076629999968,20.99986369999998,56.61794423251136
105.85106629999969,20.99986369999998,57.29604975718364
105.85136629999968,20.99986369999998,57.29604975718364
105.85166629999968,20.99986369999998,56.62152085699046
105.85196629999967,20.99986369999998,57.85272975206833
105.85226629999968,20.99986369999998,58.347334900311
105.85256629999968,20.99986369999998,57.432784603854536
105.85286629999966,20.99986369999998,58.750641090706466
105.85316629999966,20.99986369999998,67.85628130831437
105.85346629999964,20.99986369999998,65.30974933647472
105.85376629999963,20.99986369999998,66.60443355949322
105.85406629999964,20.99986369999998,58.025050058509905
105.85436629999964,20.99986369999998,58.27438157785793
105.85466629999964,20.99986369999998,57.99578583371306
105.85496629999965,20.99986369999998,57.891421706122266
105.85526629999964,20.99986369999998,58.365438033824994
105.85556629999962,20.99986369999998,61.76835914262525
105.85586629999962,20.99986369999998,63.277576323299414
105.8561662999996,20.99986369999998,72.09062328306176
105.8564662999996,20.99986369999998,72.09062328306176
105.8567662999996,20.99986369999998,72.09062328306176
105.8570662999996,20.99986369999998,63.93042913456897
105.8573662999996,20.99986369999998,64.48167692044406
105.8576662999996,20.99986369999998,64.48167692044406
105.8291663,21.00016369999998,59.2789866780364
105.8294663,21.00016369999998,61.17030180552731
105.8297663,21.00016369999998,64.67503409308154
105.83006629999998,21.00016369999998,67.97857469876142
105.83036629999998,21.00016369999998,66.36810423370282
105.83066629999998,21.00016369999998,67.33332537233359
105.83096629999996,21.00016369999998,68.92803997645193
105.83126629999995,21.00016369999998,67.84869261021555
105.83156629999996,21.00016369999998,68.50425611808575
105.83186629999996,21.00016369999998,63.51634871442375
105.83216629999995,21.00016369999998,62.44940805188659
105.83246629999996,21.00016369999998,60.80317478732326
105.83276629999996,21.00016369999998,56.67059875986142
105.83306629999994,21.00016369999998,58.67410393238523
105.83336629999994,21.00016369999998,59.51338745668335
105.83366629999992,21.00016369999998,58.71180171191261
105.83396629999991,21.00016369999998,52.90622257398095
105.83426629999992,21.00016369999998,54.89509405652227
105.83456629999992,21.00016369999998,55.2360129668348
105.83486629999992,21.00016369999998,58.27299899548169
105.83516629999993,21.00016369999998,60.47297086366398
105.83546629999992,21.00016369999998,62.49604915143356
105.8357662999999,21.00016369999998,57.94405634459951
105.8360662999999,21.00016369999998,69.74868615094424
105.8363662999999,21.00016369999998,71.14075923808888
105.83666629999988,21.00016369999998,62.90606990118355
105.83696629999989,21.00016369999998,64.51234174613231
105.83726629999988,21.00016369999998,70.32161848544833
105.83756629999988,21.00016369999998,67.07138504607914
105.83786629999987,21.00016369999998,51.6503031950855
105.83816629999988,21.00016369999998,56.88472426150358
105.83846629999988,21.00016369999998,58.354006435086745
105.83876629999986,21.00016369999998,56.85302358382539
105.83906629999986,21.00016369999998,55.18423303061304
105.83936629999984,21.00016369999998,57.07950254151414
105.83966629999983,21.00016369999998,57.488044648213375
105.83996629999984,21.00016369999998,58.89972371807873
105.84026629999984,21.00016369999998,58.88827272239325
105.84056629999984,21.00016369999998,58.50029471801446
105.84086629999985,21.00016369999998,54.46062713562334
105.84116629999984,21.00016369999998,68.06756734004121
105.84146629999982,21.00016369999998,70.84883704346976
105.84176629999982,21.00016369999998,56.74615233938399
105.8420662999998,21.00016369999998,56.99750897251961
105.8423662999998,21.00016369999998,54.80945026838927
105.8426662999998,21.00016369999998,54.60698663776611
105.8429662999998,21.00016369999998,56.76688621729635
105.8432662999998,21.00016369999998,53.897398131433285
105.8435662999998,21.00016369999998,57.37374833304965
105.8438662999998,21.00016369999998,59.27920869927757
105.84416629999978,21.00016369999998,59.27920869927757
105.84446629999978,21.00016369999998,60.92718044374895
105.84476629999978,21.00016369999998,60.90891146241458
105.84506629999976,21.00016369999998,59.478723470474016
105.84536629999975,21.00016369999998,67.3510384216963
105.84566629999976,21.00016369999998,64.0800957585111
105.84596629999976,21.00016369999998,67.22017920930755
105.84626629999975,21.00016369999998,68.01067122446408
105.84656629999976,21.00016369999998,65.80660680747401
105.84686629999976,21.00016369999998,69.03595124255158
105.84716629999974,21.00016369999998,64.82967859926548
105.84746629999974,21.00016369999998,64.08573759025873
105.84776629999972,21.00016369999998,62.1979619426965
105.84806629999972,21.00016369999998,61.57319167579035
105.84836629999973,21.00016369999998,64.90822121859752
105.84866629999972,21.00016369999998,56.46029352294173
105.84896629999972,21.00016369999998,61.172729063308715
105.84926629999973,21.00016369999998,57.20622823233948
105.84956629999972,21.00016369999998,57.29879244923612
105.8498662999997,21.00016369999998,57.29879244923612
105.8501662999997,21.00016369999998,58.99112678464194
105.8504662999997,21.00016369999998,67.70266831317795
105.85076629999968,21.00016369999998,54.6712034152915
105.85106629999969,21.00016369999998,56.34145008377614
105.85136629999968,21.00016369999998,59.067602697227734
105.85166629999968,21.00016369999998,57.184427230450424
105.85196629999967,21.00016369999998,58.690091542983
105.85226629999968,21.00016369999998,57.66125417155759
105.85256629999968,21.00016369999998,58.6859835424454
105.85286629999966,21.00016369999998,60.88148394308048
105.85316629999966,21.00016369999998,60.29803675824624
105.85346629999964,21.00016369999998,68.19916165409563
105.85376629999963,21.00016369999998,65.97424020219373
105.85406629999964,21.00016369999998,67.76670293113592
105.85436629999964,21.00016369999998,62.83751329059377
105.85466629999964,21.00016369999998,55.87604171461477
105.85496629999965,21.00016369999998,56.69174621897348
105.85526629999964,21.00016369999998,56.001696428724664
105.85556629999962,21.00016369999998,59.63828302824071
105.85586629999962,21.00016369999998,67.99493239677714
105.8561662999996,21.00016369999998,67.49777302584597
105.8564662999996,21.00016369999998,65.26091117787138
105.8567662999996,21.00016369999998,66.09667860635271
105.8570662999996,21.00016369999998,65.26091117787138
105.8573662999996,21.00016369999998,64.48167692044406
105.8576662999996,21.00016369999998,64.50396120858368
105.8291663,21.00046369999998,66.65148290565817
105.8294663,21.00046369999998,68.60001167234827
105.8297663,21.00046369999998,68.49875516314802
105.83006629999998,21.00046369999998,68.0145011688184
105.83036629999998,21.00046369999998,68.52918308706398
105.83066629999998,21.00046369999998,63.47141302390867
105.83096629999996,21.00046369999998,62.3564916163181
105.83126629999995,21.00046369999998,60.54351433285487
105.83156629999996,21.00046369999998,61.49858412085506
105.83186629999996,21.00046369999998,60.51018591161977
105.83216629999995,21.00046369999998,61.448138420948645
105.83246629999996,21.00046369999998,61.35481702433833
105.83276629999996,21.00046369999998,56.69942959554126
105.83306629999994,21.00046369999998,59.22046830411222
105.83336629999994,21.00046369999998,59.411977832266835
105.83366629999992,21.00046369999998,57.60404491643077
105.83396629999991,21.00046369999998,53.69603723409365
105.83426629999992,21.00046369999998,54.868913815722046
105.83456629999992,21.00046369999998,54.54036161774037
105.83486629999992,21.00046369999998,58.521666330730405
105.83516629999993,21.00046369999998,62.218822992767635
105.83546629999992,21.00046369999998,56.36363387461082
105.8357662999999,21.00046369999998,61.114878305136344
105.8360662999999,21.00046369999998,65.20976562312426
105.8363662999999,21.00046369999998,65.05764008261752
105.83666629999988,21.00046369999998,65.23682386820873
105.83696629999989,21.00046369999998,55.899685712591584
105.83726629999988,21.00046369999998,57.40500267101588
105.83756629999988,21.00046369999998,68.14576137548165
105.83786629999987,21.00046369999998,58.250245629434104
105.83816629999988,21.00046369999998,58.192524239052
105.83846629999988,21.00046369999998,59.1345374489411
105.83876629999986,21.00046369999998,59.96600101149765
105.83906629999986,21.00046369999998,57.64516032304902
105.83936629999984,21.00046369999998,57.265426025989974
105.83966629999983,21.00046369999998,57.15414474470095
105.83996629999984,21.00046369999998,57.11519849453329
105.84026629999984,21.00046369999998,57.21580192047491
105.84056629999984,21.00046369999998,59.12170279231587
105.84086629999985,21.00046369999998,58.71663296329077
105.84116629999984,21.00046369999998,68.668495924935
105.84146629999982,21.00046369999998,70.28030800285092
105.84176629999982,21.00046369999998,54.23387562888464
105.8420662999998,21.00046369999998,55.28460685008015
105.8423662999998,21.00046369999998,61.52491864114607
105.8426662999998,21.00046369999998,58.96739526325298
105.8429662999998,21.00046369999998,57.50594912662465
105.8432662999998,21.00046369999998,59.02105638098994
105.8435662999998,21.00046369999998,57.34451927611473
105.8438662999998,21.00046369999998,57.19774411853573
105.84416629999978,21.00046369999998,58.54305439501901
105.84446629999978,21.00046369999998,60.92375078470551
105.84476629999978,21.00046369999998,60.90891146241458
105.84506629999976,21.00046369999998,59.326436479735186
105.84536629999975,21.00046369999998,68.84733219313162
105.84566629999976,21.00046369999998,63.41747310314223
105.84596629999976,21.00046369999998,66.59398620462474
105.84626629999975,21.00046369999998,65.36440077808936
105.84656629999976,21.00046369999998,68.1408195084903
105.84686629999976,21.00046369999998,67.55625875221911
105.84716629999974,21.00046369999998,58.22358239284253
105.84746629999974,21.00046369999998,56.26297228952006
105.84776629999972,21.00046369999998,55.15029069615074
105.84806629999972,21.00046369999998,52.63784001676066
105.84836629999973,21.00046369999998,63.79330222363957
105.84866629999972,21.00046369999998,65.79040221330696
105.84896629999972,21.00046369999998,56.44784120390847
105.84926629999973,21.00046369999998,58.76121515266764
105.84956629999972,21.00046369999998,59.08334373288811
105.8498662999997,21.00046369999998,57.2453796136656
105.8501662999997,21.00046369999998,62.079631724808635
105.8504662999997,21.00046369999998,66.12210300078095
105.85076629999968,21.00046369999998,61.429545497689446
105.85106629999969,21.00046369999998,65.58016652727369
105.85136629999968,21.00046369999998,68.12564312552091
105.85166629999968,21.00046369999998,58.046770795617846
105.85196629999967,21.00046369999998,56.28626404328674
105.85226629999968,21.00046369999998,58.689476760470235
105.85256629999968,21.00046369999998,58.2597823037806
105.85286629999966,21.00046369999998,58.22507130589693
105.85316629999966,21.00046369999998,58.1750026758265
105.85346629999964,21.00046369999998,65.4428526055844
105.85376629999963,21.00046369999998,67.47440555258274
105.85406629999964,21.00046369999998,64.12108982026386
105.85436629999964,21.00046369999998,66.23659260839884
105.85466629999964,21.00046369999998,69.93486770334259
105.85496629999965,21.00046369999998,66.09159310071699
105.85526629999964,21.00046369999998,67.90336485687993
105.85556629999962,21.00046369999998,67.18375941025984
105.85586629999962,21.00046369999998,62.03110077011048
105.8561662999996,21.00046369999998,63.53792665342423
105.8564662999996,21.00046369999998,64.48167692044406
105.8567662999996,21.00046369999998,65.36762294882008
105.8570662999996,21.00046369999998,64.48167692044406
105.8573662999996,21.00046369999998,64.48167692044406
105.8576662999996,21.00046369999998,64.50396120858368
105.8291663,21.00076369999998,68.5958169363725
105.8294663,21.00076369999998,68.17251789300921
105.8297663,21.00076369999998,61.15103177355659
105.83006629999998,21.00076369999998,57.668499217216414
105.83036629999998,21.00076369999998,58.985542154095995
105.83066629999998,21.00076369999998,58.64514161779896
105.83096629999996,21.00076369999998,60.80687653433316
105.83126629999995,21.00076369999998,61.471986234410046
105.83156629999996,21.00076369999998,61.13426004985136
105.83186629999996,21.00076369999998,61.16228921498059
105.83216629999995,21.00076369999998,60.75889094454951
105.83246629999996,21.00076369999998,60.71994329819113
105.83276629999996,21.00076369999998,60.83140733746984
105.83306629999994,21.00076369999998,59.35471993129793
105.83336629999994,21.00076369999998,59.20599212500832
105.83366629999992,21.00076369999998,58.460056278964906
105.83396629999991,21.00076369999998,53.88114753909555
105.83426629999992,21.00076369999998,53.09898211371369
105.83456629999992,21.00076369999998,55.3304131028604
105.83486629999992,21.00076369999998,55.94677808434989
105.83516629999993,21.00076369999998,65.52484769016363
105.83546629999992,21.00076369999998,53.75047949363406
105.8357662999999,21.00076369999998,50.9692994811952
105.8360662999999,21.00076369999998,51.83543319370897
105.8363662999999,21.00076369999998,56.52737340285794
105.83666629999988,21.00076369999998,68.72973173703701
105.83696629999989,21.00076369999998,53.31210049219692
105.83726629999988,21.00076369999998,51.905508960088085
105.83756629999988,21.00076369999998,70.53015967833565
105.83786629999987,21.00076369999998,57.207990122971935
105.83816629999988,21.00076369999998,57.365772457427546
105.83846629999988,21.00076369999998,57.52606994385517
105.83876629999986,21.00076369999998,60.95257971066684
105.83906629999986,21.00076369999998,61.001834123689214
105.83936629999984,21.00076369999998,60.912556930365845
105.83966629999983,21.00076369999998,59.99381656369534
105.83996629999984,21.00076369999998,59.41779889910589
105.84026629999984,21.00076369999998,61.66663862350999
105.84056629999984,21.00076369999998,57.589144184287306
105.84086629999985,21.00076369999998,56.17042114443966
105.84116629999984,21.00076369999998,68.31788466436466
105.84146629999982,21.00076369999998,67.50416921394381
105.84176629999982,21.00076369999998,59.93704604264665
105.8420662999998,21.00076369999998,57.12883054246495
105.8423662999998,21.00076369999998,55.61586860463689
105.8426662999998,21.00076369999998,58.59073452663095
105.8429662999998,21.00076369999998,60.269367714066234
105.8432662999998,21.00076369999998,59.20935478672494
105.8435662999998,21.00076369999998,57.32659825823648
105.8438662999998,21.00076369999998,54.085604899881986
105.84416629999978,21.00076369999998,61.03308350306553
105.84446629999978,21.00076369999998,59.78565849201871
105.84476629999978,21.00076369999998,60.80844588865025
105.84506629999976,21.00076369999998,59.35524040711413
105.84536629999975,21.00076369999998,67.96805186247921
105.84566629999976,21.00076369999998,64.88784906812661
105.84596629999976,21.00076369999998,63.72008883396302
105.84626629999975,21.00076369999998,64.6070343264843
105.84656629999976,21.00076369999998,67.07323354851559
105.84686629999976,21.00076369999998,58.31823689788109
105.84716629999974,21.00076369999998,67.99560092762968
105.84746629999974,21.00076369999998,60.631661303767565
105.84776629999972,21.00076369999998,55.94412310138851
105.84806629999972,21.00076369999998,57.22664783506634
105.84836629999973,21.00076369999998,56.88019644345338
105.84866629999972,21.00076369999998,66.64411516693247
105.84896629999972,21.00076369999998,65.44130098820636
105.84926629999973,21.00076369999998,55.64717291483208
105.84956629999972,21.00076369999998,61.433531203309215
105.8498662999997,21.00076369999998,72.25916023655498
105.8501662999997,21.00076369999998,66.00956445128159
105.8504662999997,21.00076369999998,67.08517403770716
105.85076629999968,21.00076369999998,67.49196371710795
105.85106629999969,21.00076369999998,66.43981068539605
105.85136629999968,21.00076369999998,69.58906979373135
105.85166629999968,21.00076369999998,58.96249936121061
105.85196629999967,21.00076369999998,58.59921633852504
105.85226629999968,21.00076369999998,58.61438530641989
105.85256629999968,21.00076369999998,71.12795210732978
105.85286629999966,21.00076369999998,58.6772288351216
105.85316629999966,21.00076369999998,57.65640813462581
105.85346629999964,21.00076369999998,57.251087400066325
105.85376629999963,21.00076369999998,68.71523296905738
105.85406629999964,21.00076369999998,67.23564560965862
105.85436629999964,21.00076369999998,57.976910198235586
105.85466629999964,21.00076369999998,59.039757432164734
105.85496629999965,21.00076369999998,57.460380434725
105.85526629999964,21.00076369999998,57.95954965456567
105.85556629999962,21.00076369999998,58.48296928640472
105.85586629999962,21.00076369999998,61.0053024866995
105.8561662999996,21.00076369999998,60.38888905909651
105.8564662999996,21.00076369999998,64.48167692044406
105.8567662999996,21.00076369999998,64.48167692044406
105.8570662999996,21.00076369999998,64.48167692044406
105.8573662999996,21.00076369999998,64.48167692044406
105.8576662999996,21.00076369999998,64.50396120858368
105.8291663,21.00106369999998,67.49491901001564
105.8294663,21.00106369999998,57.67500426393323
105.8297663,21.00106369999998,58.40238395444915
105.83006629999998,21.00106369999998,58.352384525852784
105.83036629999998,21.00106369999998,58.70589814483606
105.83066629999998,21.00106369999998,60.81744356288015
105.83096629999996,21.00106369999998,61.64800301293176
105.83126629999995,21.00106369999998,64.68265266206672
105.83156629999996,21.00106369999998,60.01674793770756
105.83186629999996,21.00106369999998,61.709010582638335
105.83216629999995,21.00106369999998,61.585688816822866
105.83246629999996,21.00106369999998,61.18833759682849
105.83276629999996,21.00106369999998,67.63765388463749
105.83306629999994,21.00106369999998,69.03567601086854
105.83336629999994,21.00106369999998,58.94404356562893
105.83366629999992,21.00106369999998,58.300527079974074
105.83396629999991,21.00106369999998,53.88114753909555
105.83426629999992,21.00106369999998,52.12122402779055
105.83456629999992,21.00106369999998,65.2352440448133
105.83486629999992,21.00106369999998,58.503863148254275
105.83516629999993,21.00106369999998,54.2277882705304
105.83546629999992,21.00106369999998,50.20295270023921
105.8357662999999,21.00106369999998,53.04866093650339
105.8360662999999,21.00106369999998,55.91428378111042
105.8363662999999,21.00106369999998,52.90317698906562
105.83666629999988,21.00106369999998,53.203449690755285
105.83696629999989,21.00106369999998,52.55028152374821
105.83726629999988,21.00106369999998,50.35747318199677
105.83756629999988,21.00106369999998,67.99681126578726
105.83786629999987,21.00106369999998,57.23888166195691
105.83816629999988,21.00106369999998,57.38827878777261
105.83846629999988,21.00106369999998,60.173846830021894
105.83876629999986,21.00106369999998,61.72118716314037
105.83906629999986,21.00106369999998,62.124534063963445
105.83936629999984,21.00106369999998,61.107408285901954
105.83966629999983,21.00106369999998,60.72494571084149
105.83996629999984,21.00106369999998,58.222672873212794
105.84026629999984,21.00106369999998,61.0944569440765
105.84056629999984,21.00106369999998,61.25075884848511
105.84086629999985,21.00106369999998,59.01959259204683
105.84116629999984,21.00106369999998,68.33035883555536
105.84146629999982,21.00106369999998,68.93385670156795
105.84176629999982,21.00106369999998,59.08224407349332
105.8420662999998,21.00106369999998,59.710302409232746
105.8423662999998,21.00106369999998,58.97397141695393
105.8426662999998,21.00106369999998,60.614559323616675
105.8429662999998,21.00106369999998,58.35174855551666
105.8432662999998,21.00106369999998,59.50862026823199
105.8435662999998,21.00106369999998,57.63051547752246
105.8438662999998,21.00106369999998,55.35256419047045
105.84416629999978,21.00106369999998,56.24226409636588
105.84446629999978,21.00106369999998,60.41769097192756
105.84476629999978,21.00106369999998,61.0562058582763
105.84506629999976,21.00106369999998,60.81248555747701
105.84536629999975,21.00106369999998,65.28470726056128
105.84566629999976,21.00106369999998,65.42146595339521
105.84596629999976,21.00106369999998,61.56876787551739
105.84626629999975,21.00106369999998,59.881742826889365
105.84656629999976,21.00106369999998,58.32435333206303
105.84686629999976,21.00106369999998,71.23887095473741
105.84716629999974,21.00106369999998,68.6251419725583
105.84746629999974,21.00106369999998,64.80917886193247
105.84776629999972,21.00106369999998,64.39828640067086
105.84806629999972,21.00106369999998,55.33467362151415
105.84836629999973,21.00106369999998,60.34772442545215
105.84866629999972,21.00106369999998,55.220415053304926
105.84896629999972,21.00106369999998,67.89033894886046
105.84926629999973,21.00106369999998,62.56959477293749
105.84956629999972,21.00106369999998,68.54469992992257
105.8498662999997,21.00106369999998,63.47331732489901
105.8501662999997,21.00106369999998,60.29459870674277
105.8504662999997,21.00106369999998,66.66089809315554
105.85076629999968,21.00106369999998,71.10382454239462
105.85106629999969,21.00106369999998,59.843987988086866
105.85136629999968,21.00106369999998,56.79603630236235
105.85166629999968,21.00106369999998,56.9114181541213
105.85196629999967,21.00106369999998,58.54395493860987
105.85226629999968,21.00106369999998,57.972495580845504
105.85256629999968,21.00106369999998,66.37829940565273
105.85286629999966,21.00106369999998,69.04016518876277
105.85316629999966,21.00106369999998,66.85571513361054
105.85346629999964,21.00106369999998,60.41356144909507
105.85376629999963,21.00106369999998,58.033839013947215
105.85406629999964,21.00106369999998,65.26249452144029
105.85436629999964,21.00106369999998,61.90289343028325
105.85466629999964,21.00106369999998,57.664713464975335
105.85496629999965,21.00106369999998,57.86384978610994
105.85526629999964,21.00106369999998,57.66125417155759
105.85556629999962,21.00106369999998,58.42668349051217
105.85586629999962,21.00106369999998,58.79667060698135
105.8561662999996,21.00106369999998,62.178093821977
105.8564662999996,21.00106369999998,64.48167692044406
105.8567662999996,21.00106369999998,64.48167692044406
105.8570662999996,21.00106369999998,64.48167692044406
105.8573662999996,21.00106369999998,64.48167692044406
105.8576662999996,21.00106369999998,64.50396120858368
105.8291663,21.001363699999978,65.69294637591327
105.8294663,21.001363699999978,63.49429510937126
105.8297663,21.001363699999978,58.09920479242425
105.83006629999998,21.001363699999978,58.47596551854606
105.83036629999998,21.001363699999978,57.67164795230562
105.83066629999998,21.001363699999978,62.15357988757528
105.83096629999996,21.001363699999978,65.69886391444027
105.83126629999995,21.001363699999978,66.58642986725589
105.83156629999996,21.001363699999978,66.9798300326743
105.83186629999996,21.001363699999978,66.80067810757015
105.83216629999995,21.001363699999978,65.78479126983503
105.83246629999996,21.001363699999978,66.8273357077016
105.83276629999996,21.001363699999978,61.633803588030865
105.83306629999994,21.001363699999978,58.62031143079351
105.83336629999994,21.001363699999978,61.029140170204826
105.83366629999992,21.001363699999978,59.19292988955975
105.83396629999991,21.001363699999978,57.672210834178046
105.83426629999992,21.001363699999978,65.8968996949193
105.83456629999992,21.001363699999978,64.2962688235975
105.83486629999992,21.001363699999978,64.26049070696429
105.83516629999993,21.001363699999978,63.997862158887536
105.83546629999992,21.001363699999978,61.786962457869656
105.8357662999999,21.001363699999978,55.743808303538344
105.8360662999999,21.001363699999978,60.943030989954785
105.8363662999999,21.001363699999978,56.4054689900948
105.83666629999988,21.001363699999978,56.57494352981491
105.83696629999989,21.001363699999978,55.93047565903728
105.83726629999988,21.001363699999978,59.81845734334184
105.83756629999988,21.001363699999978,67.12713952979615
105.83786629999987,21.001363699999978,56.249018211826375
105.83816629999988,21.001363699999978,60.055611209917394
105.83846629999988,21.001363699999978,60.63720674066009
105.83876629999986,21.001363699999978,60.90406758922726
105.83906629999986,21.001363699999978,61.15376697511824
105.83936629999984,21.001363699999978,61.92047202339622
105.83966629999983,21.001363699999978,61.45339913859085
105.83996629999984,21.001363699999978,58.15173075154098
105.84026629999984,21.001363699999978,61.93314578522119
105.84056629999984,21.001363699999978,61.80743349106989
105.84086629999985,21.001363699999978,62.14845153619301
105.84116629999984,21.001363699999978,68.92828892967384
105.84146629999982,21.001363699999978,68.9521259114982
105.84176629999982,21.001363699999978,60.498155309433145
105.8420662999998,21.001363699999978,57.31017873993639
105.8423662999998,21.001363699999978,57.427271122307864
105.8426662999998,21.001363699999978,57.67899815417874
105.8429662999998,21.001363699999978,59.06532577071774
105.8432662999998,21.001363699999978,58.66732232480254
105.8435662999998,21.001363699999978,56.08468282984071
105.8438662999998,21.001363699999978,55.38341185519684
105.84416629999978,21.001363699999978,59.47190490465827
105.84446629999978,21.001363699999978,60.337576145399424
105.84476629999978,21.001363699999978,61.0842259740228
105.84506629999976,21.001363699999978,65.5625149812503
105.84536629999975,21.001363699999978,63.638694475651775
105.84566629999976,21.001363699999978,63.90460154807582
105.84596629999976,21.001363699999978,64.7476272955873
105.84626629999975,21.001363699999978,54.47416525387492
105.84656629999976,21.001363699999978,66.63162850246525
105.84686629999976,21.001363699999978,67.78456463170521
105.84716629999974,21.001363699999978,69.73750687392015
105.84746629999974,21.001363699999978,71.5940564052375
105.84776629999972,21.001363699999978,66.44917233271862
105.84806629999972,21.001363699999978,64.21123519015083
105.84836629999973,21.001363699999978,58.197569493783526
105.84866629999972,21.001363699999978,58.76734856101614
105.84896629999972,21.001363699999978,59.150889374830655
105.84926629999973,21.001363699999978,66.75602278336373
105.84956629999972,21.001363699999978,58.80684903398791
105.8498662999997,21.001363699999978,56.83014098184854
105.8501662999997,21.001363699999978,61.417061241558514
105.8504662999997,21.001363699999978,62.08865763655482
105.85076629999968,21.001363699999978,64.88965538719545
105.85106629999969,21.001363699999978,57.07528206967907
105.85136629999968,21.001363699999978,58.61668483832324
105.85166629999968,21.001363699999978,60.32322180427333
105.85196629999967,21.001363699999978,58.608911667289256
105.85226629999968,21.001363699999978,61.07648470442087
105.85256629999968,21.001363699999978,58.08376578288815
105.85286629999966,21.001363699999978,60.90740662323062
105.85316629999966,21.001363699999978,69.62089444769255
105.85346629999964,21.001363699999978,67.15199711726017
105.85376629999963,21.001363699999978,62.35750967389473
105.85406629999964,21.001363699999978,63.25458259686484
105.85436629999964,21.001363699999978,64.932710318033
105.85466629999964,21.001363699999978,59.29271333742659
105.85496629999965,21.001363699999978,59.14981541011564
105.85526629999964,21.001363699999978,59.14981541011564
105.85556629999962,21.001363699999978,58.287637778678594
105.85586629999962,21.001363699999978,60.38888905909651
105.8561662999996,21.001363699999978,61.83990890751215
105.8564662999996,21.001363699999978,64.25297026818762
105.8567662999996,21.001363699999978,64.48167692044406
105.8570662999996,21.001363699999978,64.48167692044406
105.8573662999996,21.001363699999978,64.48167692044406
105.8576662999996,21.001363699999978,64.48167692044406
105.8291663,21.001663699999977,62.502198220119645
105.8294663,21.001663699999977,67.5927289682765
105.8297663,21.001663699999977,60.92132385685654
105.83006629999998,21.001663699999977,66.90139336785676
105.83036629999998,21.001663699999977,67.10655868418853
105.83066629999998,21.001663699999977,67.46123295196509
105.83096629999996,21.001663699999977,61.94484272126824
105.83126629999995,21.001663699999977,62.28944657998653
105.83156629999996,21.001663699999977,59.21426231510515
105.83186629999996,21.001663699999977,58.466028332417885
105.83216629999995,21.001663699999977,56.83828069967327
105.83246629999996,21.001663699999977,59.48182653544397
105.83276629999996,21.001663699999977,60.33991548789669
105.83306629999994,21.001663699999977,59.799413790611816
105.83336629999994,21.001663699999977,59.92374282709133
105.83366629999992,21.001663699999977,61.21182856841106
105.83396629999991,21.001663699999977,64.50971262714806
105.83426629999992,21.001663699999977,65.63011690739327
105.83456629999992,21.001663699999977,64.08031971418939
105.83486629999992,21.001663699999977,53.66629772494352
105.83516629999993,21.001663699999977,53.110583504932585
105.83546629999992,21.001663699999977,52.19267535260422
105.8357662999999,21.001663699999977,54.7823128254961
105.8360662999999,21.001663699999977,67.60759554033523
105.8363662999999,21.001663699999977,66.28276832356994
105.83666629999988,21.001663699999977,67.03903114324105
105.83696629999989,21.001663699999977,64.82469450357154
105.83726629999988,21.001663699999977,65.51857238966043
105.83756629999988,21.001663699999977,61.35183688530479
105.83786629999987,21.001663699999977,58.48585191370649
105.83816629999988,21.001663699999977,61.08968370881856
105.83846629999988,21.001663699999977,61.08201446831728
105.83876629999986,21.001663699999977,61.51954428504032
105.83906629999986,21.001663699999977,60.70226017077462
105.83936629999984,21.001663699999977,60.217886184840026
105.83966629999983,21.001663699999977,57.589144184287306
105.83996629999984,21.001663699999977,56.89626965764717
105.84026629999984,21.001663699999977,57.58882034482752
105.84056629999984,21.001663699999977,59.94211186134861
105.84086629999985,21.001663699999977,60.78998087818905
105.84116629999984,21.001663699999977,70.34131679325208
105.84146629999982,21.001663699999977,67.98739473759845
105.84176629999982,21.001663699999977,64.50622830119416
105.8420662999998,21.001663699999977,64.77418724770997
105.8423662999998,21.001663699999977,63.76033362652679
105.8426662999998,21.001663699999977,63.94683182245521
105.8429662999998,21.001663699999977,62.58838130161133
105.8432662999998,21.001663699999977,62.68295519709405
105.8435662999998,21.001663699999977,59.47301480077619
105.8438662999998,21.001663699999977,63.36126441542857
105.84416629999978,21.001663699999977,62.19519518744306
105.84446629999978,21.001663699999977,62.26134932454472
105.84476629999978,21.001663699999977,63.365752811895305
105.84506629999976,21.001663699999977,67.85111372881056
105.84536629999975,21.001663699999977,64.2613800010327
105.84566629999976,21.001663699999977,64.20724517314376
105.84596629999976,21.001663699999977,65.55391576370695
105.84626629999975,21.001663699999977,63.738030708772285
105.84656629999976,21.001663699999977,70.31859094692551
105.84686629999976,21.001663699999977,57.64852844256064
105.84716629999974,21.001663699999977,69.99545628095112
105.84746629999974,21.001663699999977,59.69052474552386
105.84776629999972,21.001663699999977,55.8662110101739
105.84806629999972,21.001663699999977,65.76874521723424
105.84836629999973,21.001663699999977,65.85408541186544
105.84866629999972,21.001663699999977,57.36656880830452
105.84896629999972,21.001663699999977,59.86430791135711
105.84926629999973,21.001663699999977,67.17129957394336
105.84956629999972,21.001663699999977,65.0977249710184
105.8498662999997,21.001663699999977,60.66365420337218
105.8501662999997,21.001663699999977,59.08777396503614
105.8504662999997,21.001663699999977,60.68347470196491
105.85076629999968,21.001663699999977,66.13554581540303
105.85106629999969,21.001663699999977,58.65309698196045
105.85136629999968,21.001663699999977,58.86207197251096
105.85166629999968,21.001663699999977,60.697606873576575
105.85196629999967,21.001663699999977,60.85146401790512
105.85226629999968,21.001663699999977,57.35685832236004
105.85256629999968,21.001663699999977,63.961408585926975
105.85286629999966,21.001663699999977,68.10135963235174
105.85316629999966,21.001663699999977,66.25607967475001
105.85346629999964,21.001663699999977,66.84509440575569
105.85376629999963,21.001663699999977,67.18516851192769
105.85406629999964,21.001663699999977,71.85172754032709
105.85436629999964,21.001663699999977,72.25631675347124
105.85466629999964,21.001663699999977,57.44340110892892
105.85496629999965,21.001663699999977,61.01974931360495
105.85526629999964,21.001663699999977,60.38888905909651
105.85556629999962,21.001663699999977,60.38888905909651
105.85586629999962,21.001663699999977,60.38888905909651
105.8561662999996,21.001663699999977,61.83990890751215
105.8564662999996,21.001663699999977,64.25297026818762
105.8567662999996,21.001663699999977,64.48167692044406
105.8570662999996,21.001663699999977,64.48167692044406
105.8573662999996,21.001663699999977,64.50396120858368
105.8576662999996,21.001663699999977,64.48167692044406
105.8291663,21.001963699999976,64.68265266206672
105.8294663,21.001963699999976,67.532106605698
105.8297663,21.001963699999976,68.88925235733721
105.83006629999998,21.001963699999976,60.78405021408491
105.83036629999998,21.001963699999976,59.77738886033348
105.83066629999998,21.001963699999976,61.27644606218811
105.83096629999996,21.001963699999976,60.82088260803751
105.83126629999995,21.001963699999976,61.192733682264205
105.83156629999996,21.001963699999976,59.699051006113386
105.83186629999996,21.001963699999976,58.6476771869563
105.83216629999995,21.001963699999976,59.4142304933276
105.83246629999996,21.001963699999976,57.07559506267315
105.83276629999996,21.001963699999976,58.156517041600665
105.83306629999994,21.001963699999976,60.269170514020686
105.83336629999994,21.001963699999976,62.62690729099294
105.83366629999992,21.001963699999976,62.86113092844415
105.83396629999991,21.001963699999976,67.23081012790588
105.83426629999992,21.001963699999976,62.78374089416284
105.83456629999992,21.001963699999976,59.057440529210375
105.83486629999992,21.001963699999976,60.35593765358113
105.83516629999993,21.001963699999976,59.07750426816298
105.83546629999992,21.001963699999976,57.62406619012244
105.8357662999999,21.001963699999976,59.69209686095036
105.8360662999999,21.001963699999976,65.12211634626289
105.8363662999999,21.001963699999976,58.44791189564979
105.83666629999988,21.001963699999976,57.138317468684065
105.83696629999989,21.001963699999976,56.958894602782586
105.83726629999988,21.001963699999976,57.2469086745708
105.83756629999988,21.001963699999976,58.06677768779958
105.83786629999987,21.001963699999976,59.54127022040023
105.83816629999988,21.001963699999976,59.98620321113328
105.83846629999988,21.001963699999976,61.07876400063934
105.83876629999986,21.001963699999976,61.59881853475332
105.83906629999986,21.001963699999976,60.91090821212354
105.83936629999984,21.001963699999976,60.673262467053064
105.83966629999983,21.001963699999976,59.267615351487784
105.83996629999984,21.001963699999976,56.83750889593476
105.84026629999984,21.001963699999976,56.83750889593476
105.84056629999984,21.001963699999976,58.050274426992935
105.84086629999985,21.001963699999976,61.58092035317573
105.84116629999984,21.001963699999976,70.42004089842267
105.84146629999982,21.001963699999976,69.27330425220944
105.84176629999982,21.001963699999976,69.18499286645569
105.8420662999998,21.001963699999976,65.93258662761639
105.8423662999998,21.001963699999976,67.32807796164667
105.8426662999998,21.001963699999976,66.22473424532633
105.8429662999998,21.001963699999976,63.55923303322717
105.8432662999998,21.001963699999976,63.74243012728929
105.8435662999998,21.001963699999976,63.00468137311716
105.8438662999998,21.001963699999976,65.79657961855573
105.84416629999978,21.001963699999976,63.95248715479863
105.84446629999978,21.001963699999976,65.01641658279806
105.84476629999978,21.001963699999976,63.12116520310463
105.84506629999976,21.001963699999976,65.03461185138653
105.84536629999975,21.001963699999976,65.14294482257228
105.84566629999976,21.001963699999976,63.74728054657182
105.84596629999976,21.001963699999976,72.08301791625519
105.84626629999975,21.001963699999976,71.29518340065316
105.84656629999976,21.001963699999976,71.83705863604892
105.84686629999976,21.001963699999976,68.95482274248876
105.84716629999974,21.001963699999976,59.03867298096092
105.84746629999974,21.001963699999976,54.972637328149
105.84776629999972,21.001963699999976,54.53305065491762
105.84806629999972,21.001963699999976,53.98996147357751
105.84836629999973,21.001963699999976,68.70339492699723
105.84866629999972,21.001963699999976,63.840332684001446
105.84896629999972,21.001963699999976,60.60598192924356
105.84926629999973,21.001963699999976,69.11094330340366
105.84956629999972,21.001963699999976,69.40932739122037
105.8498662999997,21.001963699999976,69.59333620123861
105.8501662999997,21.001963699999976,60.467566625453024
105.8504662999997,21.001963699999976,57.92220301566006
105.85076629999968,21.001963699999976,69.0835359417277
105.85106629999969,21.001963699999976,62.24594044952604
105.85136629999968,21.001963699999976,65.90199746333694
105.85166629999968,21.001963699999976,68.45854303720377
105.85196629999967,21.001963699999976,68.90065707335371
105.85226629999968,21.001963699999976,70.53308304166846
105.85256629999968,21.001963699999976,66.80357066184972
105.85286629999966,21.001963699999976,69.41991711076302
105.85316629999966,21.001963699999976,64.00702857373234
105.85346629999964,21.001963699999976,62.55192704679577
105.85376629999963,21.001963699999976,69.7416854925742
105.85406629999964,21.001963699999976,69.99364202794256
105.85436629999964,21.001963699999976,70.01497549521714
105.85466629999964,21.001963699999976,70.01497549521714
105.85496629999965,21.001963699999976,58.19064704457398
105.85526629999964,21.001963699999976,60.38888905909651
105.85556629999962,21.001963699999976,60.38888905909651
105.85586629999962,21.001963699999976,60.38888905909651
105.8561662999996,21.001963699999976,62.67998962073234
105.8564662999996,21.001963699999976,63.87351521304986
105.8567662999996,21.001963699999976,64.48167692044406
105.8570662999996,21.001963699999976,64.48167692044406
105.8573662999996,21.001963699999976,64.50396120858368
105.8576662999996,21.001963699999976,64.50396120858368
105.8291663,21.002263699999975,61.64800301293176
105.8294663,21.002263699999975,61.23380719089262
105.8297663,21.002263699999975,67.61327104765247
105.83006629999998,21.002263699999975,64.68265266206672
105.83036629999998,21.002263699999975,61.64252323587099
105.83066629999998,21.002263699999975,60.93000726337499
105.83096629999996,21.002263699999975,60.98409288413532
105.83126629999995,21.002263699999975,59.699051006113386
105.83156629999996,21.002263699999975,60.640355705950874
105.83186629999996,21.002263699999975,61.06250754305041
105.83216629999995,21.002263699999975,57.35392111406079
105.83246629999996,21.002263699999975,57.0266523795542
105.83276629999996,21.002263699999975,61.13363494575518
105.83306629999994,21.002263699999975,68.04572466349194
105.83336629999994,21.002263699999975,67.02367083121487
105.83366629999992,21.002263699999975,63.96756799914384
105.83396629999991,21.002263699999975,57.04465290703604
105.83426629999992,21.002263699999975,58.97657871330159
105.83456629999992,21.002263699999975,60.28472662245307
105.83486629999992,21.002263699999975,59.13765506715
105.83516629999993,21.002263699999975,58.91204727210445
105.83546629999992,21.002263699999975,59.6883331852094
105.8357662999999,21.002263699999975,59.52378834223886
105.8360662999999,21.002263699999975,67.45477647714408
105.8363662999999,21.002263699999975,56.669074177063216
105.83666629999988,21.002263699999975,56.87240749545464
105.83696629999989,21.002263699999975,56.87240749545464
105.83726629999988,21.002263699999975,57.602832751808194
105.83756629999988,21.002263699999975,59.54127022040023
105.83786629999987,21.002263699999975,59.54127022040023
105.83816629999988,21.002263699999975,60.53544430723608
105.83846629999988,21.002263699999975,60.42925521314769
105.83876629999986,21.002263699999975,61.88370169315319
105.83906629999986,21.002263699999975,60.831633962410535
105.83936629999984,21.002263699999975,60.71423476789797
105.83966629999983,21.002263699999975,58.90208637809731
105.83996629999984,21.002263699999975,57.867861602505535
105.84026629999984,21.002263699999975,57.867861602505535
105.84056629999984,21.002263699999975,60.822638641695974
105.84086629999985,21.002263699999975,61.16878435403736
105.84116629999984,21.002263699999975,71.12908683479472
105.84146629999982,21.002263699999975,69.77038944054003
105.84176629999982,21.002263699999975,61.5065903009402
105.8420662999998,21.002263699999975,57.70307743707099
105.8423662999998,21.002263699999975,59.55424542448331
105.8426662999998,21.002263699999975,58.33025505298829
105.8429662999998,21.002263699999975,57.261335288754275
105.8432662999998,21.002263699999975,56.73995202973871
105.8435662999998,21.002263699999975,57.84296789373263
105.8438662999998,21.002263699999975,54.64731055769998
105.84416629999978,21.002263699999975,54.141078051586625
105.84446629999978,21.002263699999975,59.50152105537746
105.84476629999978,21.002263699999975,68.48252637071069
105.84506629999976,21.002263699999975,56.750470999624085
105.84536629999975,21.002263699999975,53.50271205480502
105.84566629999976,21.002263699999975,71.73334418038095
105.84596629999976,21.002263699999975,71.64667298210136
105.84626629999975,21.002263699999975,70.48596774637078
105.84656629999976,21.002263699999975,65.51034743040323
105.84686629999976,21.002263699999975,71.44803861628978
105.84716629999974,21.002263699999975,61.77549567863448
105.84746629999974,21.002263699999975,53.7300381419584
105.84776629999972,21.002263699999975,53.86420217797997
105.84806629999972,21.002263699999975,58.10892857260396
105.84836629999973,21.002263699999975,56.38644096582171
105.84866629999972,21.002263699999975,64.88957674022008
105.84896629999972,21.002263699999975,75.54335623848272
105.84926629999973,21.002263699999975,65.21317459326919
105.84956629999972,21.002263699999975,69.21296922272346
105.8498662999997,21.002263699999975,61.163596348417705
105.8501662999997,21.002263699999975,58.47150660049309
105.8504662999997,21.002263699999975,57.67711343133748
105.85076629999968,21.002263699999975,70.30927475279991
105.85106629999969,21.002263699999975,67.4970373102734
105.85136629999968,21.002263699999975,64.5114295543758
105.85166629999968,21.002263699999975,61.432034415031325
105.85196629999967,21.002263699999975,59.45365970426
105.85226629999968,21.002263699999975,61.08406843064543
105.85256629999968,21.002263699999975,59.99276602349654
105.85286629999966,21.002263699999975,62.10489588340958
105.85316629999966,21.002263699999975,65.88243890398455
105.85346629999964,21.002263699999975,67.54732068966254
105.85376629999963,21.002263699999975,72.44089490433588
105.85406629999964,21.002263699999975,69.56741676314412
105.85436629999964,21.002263699999975,66.49004826273705
105.85466629999964,21.002263699999975,67.19647330678477
105.85496629999965,21.002263699999975,57.19434529500368
105.85526629999964,21.002263699999975,58.93199645290159
105.85556629999962,21.002263699999975,58.61815907102291
105.85586629999962,21.002263699999975,59.915666263805555
105.8561662999996,21.002263699999975,62.64400910737981
105.8564662999996,21.002263699999975,64.49769427797027
105.8567662999996,21.002263699999975,65.137396982337
105.8570662999996,21.002263699999975,65.137396982337
105.8573662999996,21.002263699999975,65.16517358286325
105.8576662999996,21.002263699999975,65.16517358286325
105.8291663,21.002563699999975,63.97243579920282
105.8294663,21.002563699999975,62.682713729284096
105.8297663,21.002563699999975,68.33813140707646
105.83006629999998,21.002563699999975,60.56827438151885
105.83036629999998,21.002563699999975,61.767630305425975
105.83066629999998,21.002563699999975,61.048176150435
105.83096629999996,21.002563699999975,60.15983456472956
105.83126629999995,21.002563699999975,61.03705599826737
105.83156629999996,21.002563699999975,58.52366917414673
105.83186629999996,21.002563699999975,58.21700511757305
105.83216629999995,21.002563699999975,58.35497889896261
105.83246629999996,21.002563699999975,56.523272887587915
105.83276629999996,21.002563699999975,68.13280012908025
105.83306629999994,21.002563699999975,67.5992037968812
105.83336629999994,21.002563699999975,68.73486226227075
105.83366629999992,21.002563699999975,68.28236034733149
105.83396629999991,21.002563699999975,66.07257169169193
105.83426629999992,21.002563699999975,62.09269060960669
105.83456629999992,21.002563699999975,61.35785113125051
105.83486629999992,21.002563699999975,59.470309513635705
105.83516629999993,21.002563699999975,58.66734845264424
105.83546629999992,21.002563699999975,60.16846410616323
105.8357662999999,21.002563699999975,58.69928391904663
105.8360662999999,21.002563699999975,66.52254747356537
105.8363662999999,21.002563699999975,59.11495855071489
105.83666629999988,21.002563699999975,59.12269438029448
105.83696629999989,21.002563699999975,57.97726315322356
105.83726629999988,21.002563699999975,59.08534098457584
105.83756629999988,21.002563699999975,56.96345223417972
105.83786629999987,21.002563699999975,60.09051131650303
105.83816629999988,21.002563699999975,60.09051131650303
105.83846629999988,21.002563699999975,60.23945965269671
105.83876629999986,21.002563699999975,61.128710738435046
105.83906629999986,21.002563699999975,60.91090821212354
105.83936629999984,21.002563699999975,61.60792736966177
105.83966629999983,21.002563699999975,61.60792736966177
105.83996629999984,21.002563699999975,61.57551614865409
105.84026629999984,21.002563699999975,60.103725645301125
105.84056629999984,21.002563699999975,60.103725645301125
105.84086629999985,21.002563699999975,60.46897571239013
105.84116629999984,21.002563699999975,70.33310248371839
105.84146629999982,21.002563699999975,68.21009756042368
105.84176629999982,21.002563699999975,59.100949399728
105.8420662999998,21.002563699999975,58.41379466432864
105.8423662999998,21.002563699999975,57.50172766447904
105.8426662999998,21.002563699999975,61.94042598168851
105.8429662999998,21.002563699999975,56.63750444716108
105.8432662999998,21.002563699999975,60.097677468618535
105.8435662999998,21.002563699999975,58.194532775395544
105.8438662999998,21.002563699999975,57.89812777860709
105.84416629999978,21.002563699999975,58.91992343386557
105.84446629999978,21.002563699999975,58.89326370525318
105.84476629999978,21.002563699999975,65.95547977338492
105.84506629999976,21.002563699999975,56.29671631090907
105.84536629999975,21.002563699999975,66.95801231852484
105.84566629999976,21.002563699999975,70.57626516693014
105.84596629999976,21.002563699999975,68.90914736340065
105.84626629999975,21.002563699999975,57.13660112134346
105.84656629999976,21.002563699999975,56.10320386273456
105.84686629999976,21.002563699999975,62.2373257695101
105.84716629999974,21.002563699999975,72.0385402115057
105.84746629999974,21.002563699999975,63.844193218890126
105.84776629999972,21.002563699999975,55.527367144218374
105.84806629999972,21.002563699999975,58.27763542143865
105.84836629999973,21.002563699999975,57.30555992279112
105.84866629999972,21.002563699999975,63.58744415542005
105.84896629999972,21.002563699999975,55.86869518015959
105.84926629999973,21.002563699999975,62.11060740092683
105.84956629999972,21.002563699999975,63.69281075535099
105.8498662999997,21.002563699999975,62.50231088475928
105.8501662999997,21.002563699999975,58.7626834402874
105.8504662999997,21.002563699999975,58.248357916207055
105.85076629999968,21.002563699999975,64.97512198984275
105.85106629999969,21.002563699999975,61.79134787455295
105.85136629999968,21.002563699999975,59.33326012615112
105.85166629999968,21.002563699999975,61.134718950305306
105.85196629999967,21.002563699999975,60.711851874526275
105.85226629999968,21.002563699999975,59.405244252911814
105.85256629999968,21.002563699999975,58.022721963761
105.85286629999966,21.002563699999975,60.83550842546657
105.85316629999966,21.002563699999975,60.74556112694439
105.85346629999964,21.002563699999975,57.79158511457689
105.85376629999963,21.002563699999975,69.01232247002115
105.85406629999964,21.002563699999975,62.7099130679837
105.85436629999964,21.002563699999975,61.71703763572266
105.85466629999964,21.002563699999975,62.84319623640645
105.85496629999965,21.002563699999975,61.01603237146723
105.85526629999964,21.002563699999975,60.4474936603074
105.85556629999962,21.002563699999975,61.38677111951173
105.85586629999962,21.002563699999975,64.05339213910804
105.8561662999996,21.002563699999975,67.53172376100225
105.8564662999996,21.002563699999975,66.09667860635271
105.8567662999996,21.002563699999975,65.90271704222504
105.8570662999996,21.002563699999975,65.8583969388612
105.8573662999996,21.002563699999975,65.95327046906733
105.8576662999996,21.002563699999975,65.95327046906733
105.8291663,21.002863699999978,64.06151869186982
105.8294663,21.002863699999978,64.09034610488351
105.8297663,21.002863699999978,68.51886608709609
105.83006629999998,21.002863699999978,63.209615149259136
105.83036629999998,21.002863699999978,60.92890760215886
105.83066629999998,21.002863699999978,61.13426004985136
105.83096629999996,21.002863699999978,61.048176150435
105.83126629999995,21.002863699999978,58.58775244044641
105.83156629999996,21.002863699999978,58.352384525852784
105.83186629999996,21.002863699999978,58.901201196964365
105.83216629999995,21.002863699999978,58.16464433341941
105.83246629999996,21.002863699999978,58.41538287034285
105.83276629999996,21.002863699999978,67.96177106661884
105.83306629999994,21.002863699999978,60.67450408163262
105.83336629999994,21.002863699999978,61.498019974333154
105.83366629999992,21.002863699999978,59.20801059434759
105.83396629999991,21.002863699999978,61.73882135475013
105.83426629999992,21.002863699999978,62.88988732112356
105.83456629999992,21.002863699999978,64.78529015679744
105.83486629999992,21.002863699999978,60.47241047393985
105.83516629999993,21.002863699999978,59.53322455719087
105.83546629999992,21.002863699999978,62.71832270126118
105.8357662999999,21.002863699999978,59.67558758220259
105.8360662999999,21.002863699999978,67.24703446827723
105.8363662999999,21.002863699999978,59.290798550261734
105.83666629999988,21.002863699999978,59.65135636687846
105.83696629999989,21.002863699999978,57.792090960936974
105.83726629999988,21.002863699999978,57.661443508764755
105.83756629999988,21.002863699999978,56.96345223417972
105.83786629999987,21.002863699999978,57.47592658709757
105.83816629999988,21.002863699999978,60.97348180052092
105.83846629999988,21.002863699999978,59.47424229219418
105.83876629999986,21.002863699999978,60.42925521314769
105.83906629999986,21.002863699999978,60.63707714456529
105.83936629999984,21.002863699999978,60.96846576526319
105.83966629999983,21.002863699999978,61.60792736966177
105.83996629999984,21.002863699999978,60.91090821212354
105.84026629999984,21.002863699999978,61.40937028263439
105.84056629999984,21.002863699999978,61.40937028263439
105.84086629999985,21.002863699999978,59.663831542785914
105.84116629999984,21.002863699999978,68.40944673430354
105.84146629999982,21.002863699999978,67.77894702505779
105.84176629999982,21.002863699999978,68.62417566587796
105.8420662999998,21.002863699999978,70.61402804074308
105.8423662999998,21.002863699999978,70.82886303819309
105.8426662999998,21.002863699999978,65.07848139028548
105.8429662999998,21.002863699999978,60.482910334349306
105.8432662999998,21.002863699999978,61.14015836917165
105.8435662999998,21.002863699999978,61.98468108565118
105.8438662999998,21.002863699999978,58.41239850476265
105.84416629999978,21.002863699999978,61.18346662985662
105.84446629999978,21.002863699999978,61.80111009885652
105.84476629999978,21.002863699999978,68.0191336944964
105.84506629999976,21.002863699999978,54.900148555548355
105.84536629999975,21.002863699999978,59.5449882072539
105.84566629999976,21.002863699999978,69.57943245640071
105.84596629999976,21.002863699999978,69.74268616260063
105.84626629999975,21.002863699999978,55.21556359469122
105.84656629999976,21.002863699999978,54.67335034165872
105.84686629999976,21.002863699999978,54.66719097196826
105.84716629999974,21.002863699999978,59.51331873488299
105.84746629999974,21.002863699999978,69.54277304153852
105.84776629999972,21.002863699999978,70.67223853529254
105.84806629999972,21.002863699999978,61.03064070946969
105.84836629999973,21.002863699999978,72.63538402610192
105.84866629999972,21.002863699999978,61.683412067127854
105.84896629999972,21.002863699999978,59.589529275431886
105.84926629999973,21.002863699999978,56.27842226528804
105.84956629999972,21.002863699999978,65.02617230754564
105.8498662999997,21.002863699999978,62.891654928371786
105.8501662999997,21.002863699999978,58.74230526629674
105.8504662999997,21.002863699999978,58.7881126293216
105.85076629999968,21.002863699999978,64.71248667282963
105.85106629999969,21.002863699999978,64.24966122694848
105.85136629999968,21.002863699999978,61.825929448431594
105.85166629999968,21.002863699999978,62.0041696979544
105.85196629999967,21.002863699999978,64.14654988299614
105.85226629999968,21.002863699999978,66.31854997340446
105.85256629999968,21.002863699999978,66.59231114970108
105.85286629999966,21.002863699999978,73.53739611340552
105.85316629999966,21.002863699999978,68.71068708656215
105.85346629999964,21.002863699999978,70.86435770007789
105.85376629999963,21.002863699999978,69.82751189000025
105.85406629999964,21.002863699999978,68.46143139981977
105.85436629999964,21.002863699999978,68.56350583414108
105.85466629999964,21.002863699999978,66.03420060579784
105.85496629999965,21.002863699999978,67.28935356873768
105.85526629999964,21.002863699999978,65.76529781707289
105.85556629999962,21.002863699999978,65.61177273005089
105.85586629999962,21.002863699999978,69.60845504224513
105.8561662999996,21.002863699999978,70.79384739352115
105.8564662999996,21.002863699999978,71.59519537928152
105.8567662999996,21.002863699999978,71.7070988471622
105.8570662999996,21.002863699999978,70.30937120341116
105.8573662999996,21.002863699999978,67.52554962637223
105.8576662999996,21.002863699999978,67.52554962637223
105.8291663,21.003163699999973,63.29645932255019
105.8294663,21.003163699999973,64.60332757606778
105.8297663,21.003163699999973,62.21014251850551
105.83006629999998,21.003163699999973,65.90602342698628
105.83036629999998,21.003163699999973,59.705175910793216
105.83066629999998,21.003163699999973,58.58775244044641
105.83096629999996,21.003163699999973,58.57443150703983
105.83126629999995,21.003163699999973,58.83269121112765
105.83156629999996,21.003163699999973,58.84387192622562
105.83186629999996,21.003163699999973,58.183134699167184
105.83216629999995,21.003163699999973,58.337986182749425
105.83246629999996,21.003163699999973,63.70458052507787
105.83276629999996,21.003163699999973,68.13747336281652
105.83306629999994,21.003163699999973,58.73355372088423
105.83336629999994,21.003163699999973,58.52366917414673
105.83366629999992,21.003163699999973,59.66314878305807
105.83396629999991,21.003163699999973,59.30677578896962
105.83426629999992,21.003163699999973,62.697933581684694
105.83456629999992,21.003163699999973,64.11812583581136
105.83486629999992,21.003163699999973,62.417452021806696
105.83516629999993,21.003163699999973,66.96699048701025
105.83546629999992,21.003163699999973,64.01273711705004
105.8357662999999,21.003163699999973,61.94610453781432
105.8360662999999,21.003163699999973,69.97766243639212
105.8363662999999,21.003163699999973,58.42080454390006
105.83666629999988,21.003163699999973,59.37105300913273
105.83696629999989,21.003163699999973,57.37382831324821
105.83726629999988,21.003163699999973,59.23187785085287
105.83756629999988,21.003163699999973,57.04833853983009
105.83786629999987,21.003163699999973,59.38637372591798
105.83816629999988,21.003163699999973,59.38637372591798
105.83846629999988,21.003163699999973,59.22475994196546
105.83876629999986,21.003163699999973,57.44102648051193
105.83906629999986,21.003163699999973,57.91969294962103
105.83936629999984,21.003163699999973,62.18362728877472
105.83966629999983,21.003163699999973,62.18362728877472
105.83996629999984,21.003163699999973,58.33080737681211
105.84026629999984,21.003163699999973,57.02391516748374
105.84056629999984,21.003163699999973,57.57842379087067
105.84086629999985,21.003163699999973,57.7815624526862
105.84116629999984,21.003163699999973,68.65970612554854
105.84146629999982,21.003163699999973,67.32341958433372
105.84176629999982,21.003163699999973,61.79074388551512
105.8420662999998,21.003163699999973,62.281160934743006
105.8423662999998,21.003163699999973,59.580683929498505
105.8426662999998,21.003163699999973,57.74936676266461
105.8429662999998,21.003163699999973,61.16228921498059
105.8432662999998,21.003163699999973,61.47981981425507
105.8435662999998,21.003163699999973,60.76326769149562
105.8438662999998,21.003163699999973,58.37578755959413
105.84416629999978,21.003163699999973,57.624153386229615
105.84446629999978,21.003163699999973,61.311957384695546
105.84476629999978,21.003163699999973,68.55157055094422
105.84506629999976,21.003163699999973,57.59454915439059
105.84536629999975,21.003163699999973,52.97708135896298
105.84566629999976,21.003163699999973,54.0057472137093
105.84596629999976,21.003163699999973,71.73918392420703
105.84626629999975,21.003163699999973,65.5750391597015
105.84656629999976,21.003163699999973,54.81619001640348
105.84686629999976,21.003163699999973,58.47147197634412
105.84716629999974,21.003163699999973,58.87794260258232
105.84746629999974,21.003163699999973,56.01809257910697
105.84776629999972,21.003163699999973,66.31459744997088
105.84806629999972,21.003163699999973,74.16449230652164
105.84836629999973,21.003163699999973,60.33990223039998
105.84866629999972,21.003163699999973,63.259314465246874
105.84896629999972,21.003163699999973,61.94114647350986
105.84926629999973,21.003163699999973,60.15342251478962
105.84956629999972,21.003163699999973,63.06821208287587
105.8498662999997,21.003163699999973,67.93920276123117
105.8501662999997,21.003163699999973,67.85132557855388
105.8504662999997,21.003163699999973,66.15774542909715
105.85076629999968,21.003163699999973,67.5217547075325
105.85106629999969,21.003163699999973,70.08006970903779
105.85136629999968,21.003163699999973,67.53119684370411
105.85166629999968,21.003163699999973,69.29915093375219
105.85196629999967,21.003163699999973,68.6647580429857
105.85226629999968,21.003163699999973,68.39507362902359
105.85256629999968,21.003163699999973,62.25411246869885
105.85286629999966,21.003163699999973,61.37014224599295
105.85316629999966,21.003163699999973,60.111341093881144
105.85346629999964,21.003163699999973,58.67575534367726
105.85376629999963,21.003163699999973,59.76165998415936
105.85406629999964,21.003163699999973,58.17352551282002
105.85436629999964,21.003163699999973,60.29459870674277
105.85466629999964,21.003163699999973,57.31406543622991
105.85496629999965,21.003163699999973,68.56350583414108
105.85526629999964,21.003163699999973,58.58089061650608
105.85556629999962,21.003163699999973,60.40253365510876
105.85586629999962,21.003163699999973,60.10288340312693
105.8561662999996,21.003163699999973,65.02957380701552
105.8564662999996,21.003163699999973,65.12295015543154
105.8567662999996,21.003163699999973,65.12295015543154
105.8570662999996,21.003163699999973,65.12295015543154
105.8573662999996,21.003163699999973,65.15072675595779
105.8576662999996,21.003163699999973,65.15072675595779
105.8291663,21.003463699999973,61.41890029063801
105.8294663,21.003463699999973,61.048176150435
105.8297663,21.003463699999973,59.97666716111476
105.83006629999998,21.003463699999973,67.33835382480633
105.83036629999998,21.003463699999973,61.50494687708067
105.83066629999998,21.003463699999973,58.98629618551248
105.83096629999996,21.003463699999973,59.25160555213082
105.83126629999995,21.003463699999973,59.2032627674026
105.83156629999996,21.003463699999973,58.73241967580591
105.83186629999996,21.003463699999973,58.43306981915568
105.83216629999995,21.003463699999973,57.089937734577475
105.83246629999996,21.003463699999973,68.57269806527893
105.83276629999996,21.003463699999973,59.64759002446509
105.83306629999994,21.003463699999973,56.949110363936846
105.83336629999994,21.003463699999973,58.534431730067936
105.83366629999992,21.003463699999973,59.67322284060728
105.83396629999991,21.003463699999973,59.44099105161568
105.83426629999992,21.003463699999973,58.71555830558196
105.83456629999992,21.003463699999973,60.664868842230376
105.83486629999992,21.003463699999973,59.99739092939341
105.83516629999993,21.003463699999973,60.86343545373225
105.83546629999992,21.003463699999973,63.4230796707941
105.8357662999999,21.003463699999973,66.08795922802084
105.8360662999999,21.003463699999973,68.39949588522963
105.8363662999999,21.003463699999973,67.21774417559462
105.83666629999988,21.003463699999973,66.65317414474859
105.83696629999989,21.003463699999973,60.47653786521584
105.83726629999988,21.003463699999973,57.96313212628834
105.83756629999988,21.003463699999973,57.286422841743374
105.83786629999987,21.003463699999973,56.73822911609834
105.83816629999988,21.003463699999973,59.228563048070846
105.83846629999988,21.003463699999973,57.435971125691424
105.83876629999986,21.003463699999973,57.634431573048495
105.83906629999986,21.003463699999973,57.06873622075499
105.83936629999984,21.003463699999973,58.361257640363554
105.83966629999983,21.003463699999973,57.63862689659009
105.83996629999984,21.003463699999973,59.04178947982697
105.84026629999984,21.003463699999973,61.40937028263439
105.84056629999984,21.003463699999973,59.121290458099395
105.84086629999985,21.003463699999973,60.35259277074511
105.84116629999984,21.003463699999973,68.9416276976883
105.84146629999982,21.003463699999973,69.25363441781408
105.84176629999982,21.003463699999973,57.16379542453106
105.8420662999998,21.003463699999973,58.28334802330836
105.8423662999998,21.003463699999973,59.295961117152544
105.8426662999998,21.003463699999973,58.901201196964365
105.8429662999998,21.003463699999973,61.048176150435
105.8432662999998,21.003463699999973,61.426733870483034
105.8435662999998,21.003463699999973,62.14356839631686
105.8438662999998,21.003463699999973,61.899383972031586
105.84416629999978,21.003463699999973,59.3056679902208
105.84446629999978,21.003463699999973,60.636336308700535
105.84476629999978,21.003463699999973,68.86234974268253
105.84506629999976,21.003463699999973,57.12193439212085
105.84536629999975,21.003463699999973,55.071306239020835
105.84566629999976,21.003463699999973,52.86873973513424
105.84596629999976,21.003463699999973,52.27379585761261
105.84626629999975,21.003463699999973,69.11305701934751
105.84656629999976,21.003463699999973,69.01379713282101
105.84686629999976,21.003463699999973,55.713754347829514
105.84716629999974,21.003463699999973,56.36306200100995
105.84746629999974,21.003463699999973,61.155293719549725
105.84776629999972,21.003463699999973,72.25017934495644
105.84806629999972,21.003463699999973,64.2630284611124
105.84836629999973,21.003463699999973,63.99853268552135
105.84866629999972,21.003463699999973,66.15006783830076
105.84896629999972,21.003463699999973,65.36839329342322
105.84926629999973,21.003463699999973,62.68748607699001
105.84956629999972,21.003463699999973,67.48331368646862
105.8498662999997,21.003463699999973,68.45098265771955
105.8501662999997,21.003463699999973,68.14779601264854
105.8504662999997,21.003463699999973,62.73006543684893
105.85076629999968,21.003463699999973,65.11220308963152
105.85106629999969,21.003463699999973,67.4441196025412
105.85136629999968,21.003463699999973,58.14101249165892
105.85166629999968,21.003463699999973,60.685748032321264
105.85196629999967,21.003463699999973,58.62966546987836
105.85226629999968,21.003463699999973,57.80749464395493
105.85256629999968,21.003463699999973,57.88934473485526
105.85286629999966,21.003463699999973,58.147361108590296
105.85316629999966,21.003463699999973,57.45572382233246
105.85346629999964,21.003463699999973,57.57287563948399
105.85376629999963,21.003463699999973,59.22132130436094
105.85406629999964,21.003463699999973,59.6194211843501
105.85436629999964,21.003463699999973,63.89975128777997
105.85466629999964,21.003463699999973,66.58367679901367
105.85496629999965,21.003463699999973,67.40121429679837
105.85526629999964,21.003463699999973,57.52210103701261
105.85556629999962,21.003463699999973,57.85151392758859
105.85586629999962,21.003463699999973,58.93199645290159
105.8561662999996,21.003463699999973,61.76305403925445
105.8564662999996,21.003463699999973,63.9155097058116
105.8567662999996,21.003463699999973,64.48167692044406
105.8570662999996,21.003463699999973,64.48167692044406
105.8573662999996,21.003463699999973,64.48167692044406
105.8576662999996,21.003463699999973,64.50396120858368
105.8291663,21.003763699999972,60.14302342264875
105.8294663,21.003763699999972,58.16464433341941
105.8297663,21.003763699999972,58.19931752467221
105.83006629999998,21.003763699999972,63.61638765826273
105.83036629999998,21.003763699999972,63.620067475722166
105.83066629999998,21.003763699999972,57.668499217216414
105.83096629999996,21.003763699999972,61.14421618971868
105.83126629999995,21.003763699999972,60.622883367696616
105.83156629999996,21.003763699999972,65.79379999110624
105.83186629999996,21.003763699999972,67.91800051048355
105.83216629999995,21.003763699999972,69.28605369368822
105.83246629999996,21.003763699999972,68.94172361383308
105.83276629999996,21.003763699999972,58.48439997691405
105.83306629999994,21.003763699999972,56.615415544968435
105.83336629999994,21.003763699999972,58.440417638348194
105.83366629999992,21.003763699999972,60.587392591818826
105.83396629999991,21.003763699999972,59.4142304933276
105.83426629999992,21.003763699999972,58.6513295381497
105.83456629999992,21.003763699999972,59.45293715362066
105.83486629999992,21.003763699999972,59.655849944867974
105.83516629999993,21.003763699999972,61.39196829038036
105.83546629999992,21.003763699999972,62.65631449743853
105.8357662999999,21.003763699999972,61.26638061641536
105.8360662999999,21.003763699999972,68.24107248604344
105.8363662999999,21.003763699999972,59.244554105248795
105.83666629999988,21.003763699999972,60.20474703160436
105.83696629999989,21.003763699999972,66.71628241206191
105.83726629999988,21.003763699999972,66.3657113489445
105.83756629999988,21.003763699999972,69.17728548855102
105.83786629999987,21.003763699999972,63.73980204851392
105.83816629999988,21.003763699999972,60.50215239515261
105.83846629999988,21.003763699999972,57.33476886147955
105.83876629999986,21.003763699999972,57.86720638522146
105.83906629999986,21.003763699999972,57.40646645308017
105.83936629999984,21.003763699999972,57.77656816301327
105.83966629999983,21.003763699999972,59.35840350174266
105.83996629999984,21.003763699999972,58.62071416442132
105.84026629999984,21.003763699999972,58.66066962582747
105.84056629999984,21.003763699999972,60.91059998773342
105.84086629999985,21.003763699999972,61.56246622932314
105.84116629999984,21.003763699999972,68.66715161425181
105.84146629999982,21.003763699999972,68.30907900027447
105.84176629999982,21.003763699999972,58.61060355102343
105.8420662999998,21.003763699999972,58.44219701467705
105.8423662999998,21.003763699999972,58.95123369724978
105.8426662999998,21.003763699999972,58.352384525852784
105.8429662999998,21.003763699999972,58.224283268869854
105.8432662999998,21.003763699999972,58.175468097861575
105.8435662999998,21.003763699999972,60.66018862245254
105.8438662999998,21.003763699999972,58.52366917414673
105.84416629999978,21.003763699999972,58.22824572865499
105.84446629999978,21.003763699999972,58.07805554102523
105.84476629999978,21.003763699999972,67.8095963790346
105.84506629999976,21.003763699999972,68.4503389984164
105.84536629999975,21.003763699999972,58.02492291763696
105.84566629999976,21.003763699999972,55.74148369370169
105.84596629999976,21.003763699999972,69.14715327176152
105.84626629999975,21.003763699999972,67.00427974820958
105.84656629999976,21.003763699999972,62.87259564976784
105.84686629999976,21.003763699999972,68.8816262031279
105.84716629999974,21.003763699999972,60.67011679953677
105.84746629999974,21.003763699999972,71.60780199263212
105.84776629999972,21.003763699999972,60.465571931859046
105.84806629999972,21.003763699999972,68.60573203291196
105.84836629999973,21.003763699999972,57.803143180406266
105.84866629999972,21.003763699999972,59.738264407239065
105.84896629999972,21.003763699999972,58.27158629707424
105.84926629999973,21.003763699999972,57.95559593418134
105.84956629999972,21.003763699999972,58.94286671378145
105.8498662999997,21.003763699999972,60.697606873576575
105.8501662999997,21.003763699999972,59.2432812780479
105.8504662999997,21.003763699999972,60.72622154596887
105.85076629999968,21.003763699999972,61.65173308143235
105.85106629999969,21.003763699999972,65.67207053527765
105.85136629999968,21.003763699999972,58.40029010710398
105.85166629999968,21.003763699999972,58.33653190335632
105.85196629999967,21.003763699999972,61.12784052532669
105.85226629999968,21.003763699999972,60.53063470245882
105.85256629999968,21.003763699999972,57.47206160785079
105.85286629999966,21.003763699999972,57.45572382233246
105.85316629999966,21.003763699999972,57.57287563948399
105.85346629999964,21.003763699999972,58.1235359953942
105.85376629999963,21.003763699999972,61.25485461736918
105.85406629999964,21.003763699999972,65.07843315845948
105.85436629999964,21.003763699999972,65.63355351592833
105.85466629999964,21.003763699999972,62.89231980638069
105.85496629999965,21.003763699999972,67.41497648388349
105.85526629999964,21.003763699999972,57.607268838074766
105.85556629999962,21.003763699999972,58.14478149048682
105.85586629999962,21.003763699999972,61.6968749046788
105.8561662999996,21.003763699999972,64.39258024072464
105.8564662999996,21.003763699999972,64.29117061630812
105.8567662999996,21.003763699999972,64.48167692044406
105.8570662999996,21.003763699999972,64.48167692044406
105.8573662999996,21.003763699999972,64.48167692044406
105.8576662999996,21.003763699999972,64.48167692044406
105.8291663,21.00406369999997,58.16464433341941
105.8294663,21.00406369999997,58.224283268869854
105.8297663,21.00406369999997,58.59395201716572
105.83006629999998,21.00406369999997,60.791916900553026
105.83036629999998,21.00406369999997,67.44722318433463
105.83066629999998,21.00406369999997,68.21950687168705
105.83096629999996,21.00406369999997,69.87259416671064
105.83126629999995,21.00406369999997,66.65697985003608
105.83156629999996,21.00406369999997,62.81580987521653
105.83186629999996,21.00406369999997,62.16110756962272
105.83216629999995,21.00406369999997,67.80600221532218
105.83246629999996,21.00406369999997,69.53551466430125
105.83276629999996,21.00406369999997,56.98063473998035
105.83306629999994,21.00406369999997,57.6757513061564
105.83336629999994,21.00406369999997,58.183134699167184
105.83366629999992,21.00406369999997,59.65413039538574
105.83396629999991,21.00406369999997,60.612246237304035
105.83426629999992,21.00406369999997,59.14399405043451
105.83456629999992,21.00406369999997,60.22086405095159
105.83486629999992,21.00406369999997,60.64860005405721
105.83516629999993,21.00406369999997,59.61358762282845
105.83546629999992,21.00406369999997,62.58280522969843
105.8357662999999,21.00406369999997,71.06620655591519
105.8360662999999,21.00406369999997,61.0651406622764
105.8363662999999,21.00406369999997,60.75889094454951
105.83666629999988,21.00406369999997,58.57874623172719
105.83696629999989,21.00406369999997,69.80342296430818
105.83726629999988,21.00406369999997,64.08128072135712
105.83756629999988,21.00406369999997,64.76585127781327
105.83786629999987,21.00406369999997,60.35321931030908
105.83816629999988,21.00406369999997,65.01497336787371
105.83846629999988,21.00406369999997,68.27784833853548
105.83876629999986,21.00406369999997,66.15577314168684
105.83906629999986,21.00406369999997,66.35761269942644
105.83936629999984,21.00406369999997,67.00577525784371
105.83966629999983,21.00406369999997,66.74404571188911
105.83996629999984,21.00406369999997,64.2050176957225
105.84026629999984,21.00406369999997,65.14064804562841
105.84056629999984,21.00406369999997,63.66084369255007
105.84086629999985,21.00406369999997,63.64877092914024
105.84116629999984,21.00406369999997,68.66715161425181
105.84146629999982,21.00406369999997,67.70246888341657
105.84176629999982,21.00406369999997,58.77535376505817
105.8420662999998,21.00406369999997,59.790647099352576
105.8423662999998,21.00406369999997,60.5223865846434
105.8426662999998,21.00406369999997,57.81382833761517
105.8429662999998,21.00406369999997,59.19684116376821
105.8432662999998,21.00406369999997,58.101086831312315
105.8435662999998,21.00406369999997,58.08553847977682
105.8438662999998,21.00406369999997,57.07559506267315
105.84416629999978,21.00406369999997,58.70254114439345
105.84446629999978,21.00406369999997,59.01742638360308
105.84476629999978,21.00406369999997,57.78877572154225
105.84506629999976,21.00406369999997,65.22535080478238
105.84536629999975,21.00406369999997,68.7798054768411
105.84566629999976,21.00406369999997,63.28908951676693
105.84596629999976,21.00406369999997,65.45798589218307
105.84626629999975,21.00406369999997,51.93683901652345
105.84656629999976,21.00406369999997,65.12999528129983
105.84686629999976,21.00406369999997,67.7427784569652
105.84716629999974,21.00406369999997,71.83704071708
105.84746629999974,21.00406369999997,58.51122059664762
105.84776629999972,21.00406369999997,58.47729346017207
105.84806629999972,21.00406369999997,65.33615816959501
105.84836629999973,21.00406369999997,62.23601736602976
105.84866629999972,21.00406369999997,61.0174549999009
105.84896629999972,21.00406369999997,57.885360324414975
105.84926629999973,21.00406369999997,59.658760033406914
105.84956629999972,21.00406369999997,59.658760033406914
105.8498662999997,21.00406369999997,59.58920201377671
105.8501662999997,21.00406369999997,61.275272681611966
105.8504662999997,21.00406369999997,58.79299963864249
105.85076629999968,21.00406369999997,62.63156166203378
105.85106629999969,21.00406369999997,68.29993562004115
105.85136629999968,21.00406369999997,58.65309698196045
105.85166629999968,21.00406369999997,57.99231343137651
105.85196629999967,21.00406369999997,60.5796371799522
105.85226629999968,21.00406369999997,60.8658214119668
105.85256629999968,21.00406369999997,56.22814560572431
105.85286629999966,21.00406369999997,57.390211516950465
105.85316629999966,21.00406369999997,59.253578978680935
105.85346629999964,21.00406369999997,60.44618930193057
105.85376629999963,21.00406369999997,62.14058669197331
105.85406629999964,21.00406369999997,66.8913115394256
105.85436629999964,21.00406369999997,60.700932689713305
105.85466629999964,21.00406369999997,57.50330103631701
105.85496629999965,21.00406369999997,68.36619768753417
105.85526629999964,21.00406369999997,59.515609572672915
105.85556629999962,21.00406369999997,61.6968749046788
105.85586629999962,21.00406369999997,63.678657555141875
105.8561662999996,21.00406369999997,64.39258024072464
105.8564662999996,21.00406369999997,64.29117061630812
105.8567662999996,21.00406369999997,64.48167692044406
105.8570662999996,21.00406369999997,64.48167692044406
105.8573662999996,21.00406369999997,64.48167692044406
105.8576662999996,21.00406369999997,64.48167692044406
105.8291663,21.00436369999997,59.089178890404035
105.8294663,21.00436369999997,59.089178890404035
105.8297663,21.00436369999997,59.76329092146173
105.83006629999998,21.00436369999997,57.675200887686
105.83036629999998,21.00436369999997,66.82031565983253
105.83066629999998,21.00436369999997,61.119643580310736
105.83096629999996,21.00436369999997,58.71790783613263
105.83126629999995,21.00436369999997,56.09088297315232
105.83156629999996,21.00436369999997,59.01036216418073
105.83186629999996,21.00436369999997,58.806861314521825
105.83216629999995,21.00436369999997,58.95821075921546
105.83246629999996,21.00436369999997,70.7222160390652
105.83276629999996,21.00436369999997,60.261999313876125
105.83306629999994,21.00436369999997,58.40691921029804
105.83336629999994,21.00436369999997,56.652486955646154
105.83366629999992,21.00436369999997,57.863491498589774
105.83396629999991,21.00436369999997,56.570754312520805
105.83426629999992,21.00436369999997,59.23007794985087
105.83456629999992,21.00436369999997,60.22086405095159
105.83486629999992,21.00436369999997,59.86337856775252
105.83516629999993,21.00436369999997,61.83756441191715
105.83546629999992,21.00436369999997,62.52746861676511
105.8357662999999,21.00436369999997,68.62270816182763
105.8360662999999,21.00436369999997,59.77088381361666
105.8363662999999,21.00436369999997,60.31798350707015
105.83666629999988,21.00436369999997,61.236892718334055
105.83696629999989,21.00436369999997,67.60132884007577
105.83726629999988,21.00436369999997,60.528007055805446
105.83756629999988,21.00436369999997,68.69040758036223
105.83786629999987,21.00436369999997,58.35718685403692
105.83816629999988,21.00436369999997,59.780149456431545
105.83846629999988,21.00436369999997,56.64244854727517
105.83876629999986,21.00436369999997,57.94805591403011
105.83906629999986,21.00436369999997,60.819941427899366
105.83936629999984,21.00436369999997,69.68563967216507
105.83966629999983,21.00436369999997,64.15429011466556
105.83996629999984,21.00436369999997,62.93639139293975
105.84026629999984,21.00436369999997,61.21732243831132
105.84056629999984,21.00436369999997,64.38726532519827
105.84086629999985,21.00436369999997,62.27096410855178
105.84116629999984,21.00436369999997,67.98538922649989
105.84146629999982,21.00436369999997,68.43708625114022
105.84176629999982,21.00436369999997,58.689268421477934
105.8420662999998,21.00436369999997,59.26527463862893
105.8423662999998,21.00436369999997,58.27141649900602
105.8426662999998,21.00436369999997,58.387741045676776
105.8429662999998,21.00436369999997,58.74250738248077
105.8432662999998,21.00436369999997,59.19143417165646
105.8435662999998,21.00436369999997,57.73539024160685
105.8438662999998,21.00436369999997,58.224283268869854
105.84416629999978,21.00436369999997,58.600285863141025
105.84446629999978,21.00436369999997,58.3236577793771
105.84476629999978,21.00436369999997,58.3236577793771
105.84506629999976,21.00436369999997,57.32637830314952
105.84536629999975,21.00436369999997,66.89231432516874
105.84566629999976,21.00436369999997,67.24780624316402
105.84596629999976,21.00436369999997,68.81099864135325
105.84626629999975,21.00436369999997,66.85822965753955
105.84656629999976,21.00436369999997,69.68536626780443
105.84686629999976,21.00436369999997,54.4784356752437
105.84716629999974,21.00436369999997,66.73121744426504
105.84746629999974,21.00436369999997,62.51057948558773
105.84776629999972,21.00436369999997,64.79526769892954
105.84806629999972,21.00436369999997,62.27667292629473
105.84836629999973,21.00436369999997,62.2263022493846
105.84866629999972,21.00436369999997,60.75647050134483
105.84896629999972,21.00436369999997,58.68241857729112
105.84926629999973,21.00436369999997,59.43878513443192
105.84956629999972,21.00436369999997,57.600561615805496
105.8498662999997,21.00436369999997,57.600561615805496
105.8501662999997,21.00436369999997,56.20559286802281
105.8504662999997,21.00436369999997,65.72636025170631
105.85076629999968,21.00436369999997,68.81541168636448
105.85106629999969,21.00436369999997,72.2548429901467
105.85136629999968,21.00436369999997,57.77944289992171
105.85166629999968,21.00436369999997,57.958378439075496
105.85196629999967,21.00436369999997,60.31203130571223
105.85226629999968,21.00436369999997,57.47206160785079
105.85256629999968,21.00436369999997,59.41775031445897
105.85286629999966,21.00436369999997,58.37214218073407
105.85316629999966,21.00436369999997,64.73015600045284
105.85346629999964,21.00436369999997,67.99935225213099
105.85376629999963,21.00436369999997,68.1722081473965
105.85406629999964,21.00436369999997,60.57239534268321
105.85436629999964,21.00436369999997,58.48773606017387
105.85466629999964,21.00436369999997,58.87515545982515
105.85496629999965,21.00436369999997,70.77173185339382
105.85526629999964,21.00436369999997,59.94153263031715
105.85556629999962,21.00436369999997,61.73664881118726
105.85586629999962,21.00436369999997,62.22763770672624
105.8561662999996,21.00436369999997,64.29117061630812
105.8564662999996,21.00436369999997,64.16658614705871
105.8567662999996,21.00436369999997,64.48167692044406
105.8570662999996,21.00436369999997,64.48167692044406
105.8573662999996,21.00436369999997,64.48167692044406
105.8576662999996,21.00436369999997,64.48167692044406
105.8291663,21.00466369999997,59.26890552771464
105.8294663,21.00466369999997,59.80726344049768
105.8297663,21.00466369999997,58.27141649900602
105.83006629999998,21.00466369999997,57.79214700635872
105.83036629999998,21.00466369999997,63.555709207769056
105.83066629999998,21.00466369999997,67.43692206730101
105.83096629999996,21.00466369999997,59.75911927741563
105.83126629999995,21.00466369999997,59.059290863452034
105.83156629999996,21.00466369999997,59.00163885089002
105.83186629999996,21.00466369999997,58.34177021962894
105.83216629999995,21.00466369999997,57.9655519853432
105.83246629999996,21.00466369999997,66.57820268661905
105.83276629999996,21.00466369999997,63.070648150214765
105.83306629999994,21.00466369999997,57.36061749187651
105.83336629999994,21.00466369999997,57.050414671216295
105.83366629999992,21.00466369999997,56.83618607910994
105.83396629999991,21.00466369999997,56.641587212595205
105.83426629999992,21.00466369999997,56.69134806923194
105.83456629999992,21.00466369999997,59.67326585295878
105.83486629999992,21.00466369999997,60.225955178699266
105.83516629999993,21.00466369999997,61.31710424380225
105.83546629999992,21.00466369999997,63.68065790163784
105.8357662999999,21.00466369999997,68.16670152741032
105.8360662999999,21.00466369999997,61.38447105630946
105.8363662999999,21.00466369999997,61.16825420161911
105.83666629999988,21.00466369999997,62.7969464903153
105.83696629999989,21.00466369999997,69.17927256843033
105.83726629999988,21.00466369999997,57.5492650812231
105.83756629999988,21.00466369999997,65.27424912826868
105.83786629999987,21.00466369999997,61.722332872193256
105.83816629999988,21.00466369999997,57.771842113755184
105.83846629999988,21.00466369999997,57.58169740346703
105.83876629999986,21.00466369999997,59.74095033658752
105.83906629999986,21.00466369999997,64.64192120639615
105.83936629999984,21.00466369999997,62.96994070036904
105.83966629999983,21.00466369999997,59.027963907906
105.83996629999984,21.00466369999997,62.559952539269894
105.84026629999984,21.00466369999997,64.69640288320032
105.84056629999984,21.00466369999997,61.168367699833766
105.84086629999985,21.00466369999997,62.14845153619301
105.84116629999984,21.00466369999997,68.34613427624245
105.84146629999982,21.00466369999997,66.8219824200195
105.84176629999982,21.00466369999997,58.95925186980835
105.8420662999998,21.00466369999997,59.3983025395254
105.8423662999998,21.00466369999997,58.42769650708292
105.8426662999998,21.00466369999997,58.387741045676776
105.8429662999998,21.00466369999997,59.19143417165646
105.8432662999998,21.00466369999997,59.19143417165646
105.8435662999998,21.00466369999997,58.224283268869854
105.8438662999998,21.00466369999997,59.76329092146173
105.84416629999978,21.00466369999997,58.387741045676776
105.84446629999978,21.00466369999997,60.70883398438519
105.84476629999978,21.00466369999997,58.42769650708292
105.84506629999976,21.00466369999997,58.920561692936325
105.84536629999975,21.00466369999997,62.249302170009194
105.84566629999976,21.00466369999997,68.95333170896976
105.84596629999976,21.00466369999997,60.4276020614519
105.84626629999975,21.00466369999997,69.47673738612355
105.84656629999976,21.00466369999997,55.94664532478998
105.84686629999976,21.00466369999997,58.60796119981821
105.84716629999974,21.00466369999997,66.96332318704935
105.84746629999974,21.00466369999997,60.44082400979708
105.84776629999972,21.00466369999997,66.73497253447665
105.84806629999972,21.00466369999997,58.41256198674496
105.84836629999973,21.00466369999997,58.55137478764826
105.84866629999972,21.00466369999997,59.333840908435214
105.84896629999972,21.00466369999997,60.31246933255801
105.84926629999973,21.00466369999997,58.09227292927776
105.84956629999972,21.00466369999997,57.708679941634216
105.8498662999997,21.00466369999997,58.24818423151882
105.8501662999997,21.00466369999997,57.57530271272847
105.8504662999997,21.00466369999997,60.393923611699535
105.85076629999968,21.00466369999997,62.321025958499185
105.85106629999969,21.00466369999997,69.94625826818691
105.85136629999968,21.00466369999997,57.94382731573139
105.85166629999968,21.00466369999997,59.44888043046669
105.85196629999967,21.00466369999997,59.24033709850309
105.85226629999968,21.00466369999997,59.44888043046669
105.85256629999968,21.00466369999997,60.93205362991811
105.85286629999966,21.00466369999997,58.37214218073407
105.85316629999966,21.00466369999997,68.51627646230159
105.85346629999964,21.00466369999997,68.78169438100564
105.85376629999963,21.00466369999997,62.90822072450483
105.85406629999964,21.00466369999997,69.63372009058175
105.85436629999964,21.00466369999997,67.07359594759099
105.85466629999964,21.00466369999997,65.20993808559444
105.85496629999965,21.00466369999997,70.66823801023597
105.85526629999964,21.00466369999997,61.10737131175204
105.85556629999962,21.00466369999997,62.22763770672624
105.85586629999962,21.00466369999997,64.39258024072464
105.8561662999996,21.00466369999997,64.29117061630812
105.8564662999996,21.00466369999997,63.9155097058116
105.8567662999996,21.00466369999997,64.48167692044406
105.8570662999996,21.00466369999997,64.48167692044406
105.8573662999996,21.00466369999997,64.48167692044406
105.8576662999996,21.00466369999997,64.48167692044406
105.8291663,21.00496369999997,58.387741045676776
105.8294663,21.00496369999997,58.387741045676776
105.8297663,21.00496369999997,58.31137196041217
105.83006629999998,21.00496369999997,58.72833932918895
105.83036629999998,21.00496369999997,58.4949749414699
105.83066629999998,21.00496369999997,67.93195582328718
105.83096629999996,21.00496369999997,58.44164059574335
105.83126629999995,21.00496369999997,59.069695377545095
105.83156629999996,21.00496369999997,58.61393031389403
105.83186629999996,21.00496369999997,59.51646406749206
105.83216629999995,21.00496369999997,59.20868686731526
105.83246629999996,21.00496369999997,62.905177956732665
105.83276629999996,21.00496369999997,70.80262196579719
105.83306629999994,21.00496369999997,57.12564549437998
105.83336629999994,21.00496369999997,56.32838894202558
105.83366629999992,21.00496369999997,56.81043589573381
105.83396629999991,21.00496369999997,56.07120315682934
105.83426629999992,21.00496369999997,57.535730153669434
105.83456629999992,21.00496369999997,59.80126585258165
105.83486629999992,21.00496369999997,60.629217563368265
105.83516629999993,21.00496369999997,61.38674635106093
105.83546629999992,21.00496369999997,66.38495434382817
105.8357662999999,21.00496369999997,64.77460459183821
105.8360662999999,21.00496369999997,60.39607284707417
105.8363662999999,21.00496369999997,61.031189857128446
105.83666629999988,21.00496369999997,66.14459136071756
105.83696629999989,21.00496369999997,61.40718096730556
105.83726629999988,21.00496369999997,57.00264360721434
105.83756629999988,21.00496369999997,61.86355365898711
105.83786629999987,21.00496369999997,66.20340234090527
105.83816629999988,21.00496369999997,58.99966103845605
105.83846629999988,21.00496369999997,58.183134699167184
105.83876629999986,21.00496369999997,59.2789866780364
105.83906629999986,21.00496369999997,67.55512570284782
105.83936629999984,21.00496369999997,61.506788757237715
105.83966629999983,21.00496369999997,58.79164400214886
105.83996629999984,21.00496369999997,63.347184262687286
105.84026629999984,21.00496369999997,67.1481052171152
105.84056629999984,21.00496369999997,59.26006469659964
105.84086629999985,21.00496369999997,59.79401277696368
105.84116629999984,21.00496369999997,67.1936723500766
105.84146629999982,21.00496369999997,66.53823879045109
105.84176629999982,21.00496369999997,58.505479112633616
105.8420662999998,21.00496369999997,58.27141649900602
105.8423662999998,21.00496369999997,57.93880347981991
105.8426662999998,21.00496369999997,58.514910263913606
105.8429662999998,21.00496369999997,58.600285863141025
105.8432662999998,21.00496369999997,58.78001250045163
105.8435662999998,21.00496369999997,59.089178890404035
105.8438662999998,21.00496369999997,58.387741045676776
105.84416629999978,21.00496369999997,58.42769650708292
105.84446629999978,21.00496369999997,60.70883398438519
105.84476629999978,21.00496369999997,60.70883398438519
105.84506629999976,21.00496369999997,60.70883398438519
105.84536629999975,21.00496369999997,60.57626441060966
105.84566629999976,21.00496369999997,67.62015915301083
105.84596629999976,21.00496369999997,58.201574034102386
105.84626629999975,21.00496369999997,58.16038318270844
105.84656629999976,21.00496369999997,56.707590352809646
105.84686629999976,21.00496369999997,70.03248281331021
105.84716629999974,21.00496369999997,60.25892945553725
105.84746629999974,21.00496369999997,54.18176076889415
105.84776629999972,21.00496369999997,70.8549463691619
105.84806629999972,21.00496369999997,60.561411565813955
105.84836629999973,21.00496369999997,58.51335563064132
105.84866629999972,21.00496369999997,61.43526920474723
105.84896629999972,21.00496369999997,58.97661764578182
105.84926629999973,21.00496369999997,61.66271722380959
105.84956629999972,21.00496369999997,70.13619637995522
105.8498662999997,21.00496369999997,65.75174224406662
105.8501662999997,21.00496369999997,73.08420863264105
105.8504662999997,21.00496369999997,72.81453872430689
105.85076629999968,21.00496369999997,72.5293300454177
105.85106629999969,21.00496369999997,71.31349092575398
105.85136629999968,21.00496369999997,60.862282847859895
105.85166629999968,21.00496369999997,60.82005902869665
105.85196629999967,21.00496369999997,58.317320092872144
105.85226629999968,21.00496369999997,59.50735192287639
105.85256629999968,21.00496369999997,61.45991144356739
105.85286629999966,21.00496369999997,63.27981899208576
105.85316629999966,21.00496369999997,66.01084132547938
105.85346629999964,21.00496369999997,59.5086005658123
105.85376629999963,21.00496369999997,58.662114857556205
105.85406629999964,21.00496369999997,67.72047094442561
105.85436629999964,21.00496369999997,65.55636965072476
105.85466629999964,21.00496369999997,66.31903891316298
105.85496629999965,21.00496369999997,70.66823801023597
105.85526629999964,21.00496369999997,59.94153263031715
105.85556629999962,21.00496369999997,60.97121949223268
105.85586629999962,21.00496369999997,62.22763770672624
105.8561662999996,21.00496369999997,63.9155097058116
105.8564662999996,21.00496369999997,63.9155097058116
105.8567662999996,21.00496369999997,64.48167692044406
105.8570662999996,21.00496369999997,64.48167692044406
105.8573662999996,21.00496369999997,64.48167692044406
105.8576662999996,21.00496369999997,64.48167692044406
105.8291663,21.00526369999997,60.70883398438519
105.8294663,21.00526369999997,60.70883398438519
105.8297663,21.00526369999997,60.70883398438519
105.83006629999998,21.00526369999997,58.680052672724
105.83036629999998,21.00526369999997,58.69691769944021
105.83066629999998,21.00526369999997,68.09331861861074
105.83096629999996,21.00526369999997,63.31885647010785
105.83126629999995,21.00526369999997,58.556926770128825
105.83156629999996,21.00526369999997,58.262181645829166
105.83186629999996,21.00526369999997,58.77579519606576
105.83216629999995,21.00526369999997,60.55661747663298
105.83246629999996,21.00526369999997,62.274333101132704
105.83276629999996,21.00526369999997,70.85617808979724
105.83306629999994,21.00526369999997,58.33221269834959
105.83336629999994,21.00526369999997,58.6522208695408
105.83366629999992,21.00526369999997,56.15920590797758
105.83396629999991,21.00526369999997,56.16768174676276
105.83426629999992,21.00526369999997,56.62502630839756
105.83456629999992,21.00526369999997,56.94902867237821
105.83486629999992,21.00526369999997,59.50031439274397
105.83516629999993,21.00526369999997,60.21584773402454
105.83546629999992,21.00526369999997,64.34953759982112
105.8357662999999,21.00526369999997,61.62422181964879
105.8360662999999,21.00526369999997,60.61843241422238
105.8363662999999,21.00526369999997,59.24423062874471
105.83666629999988,21.00526369999997,67.90531603626428
105.83696629999989,21.00526369999997,56.53344906564595
105.83726629999988,21.00526369999997,58.454843430048165
105.83756629999988,21.00526369999997,63.27255426344475
105.83786629999987,21.00526369999997,62.736566474930704
105.83816629999988,21.00526369999997,58.03956585697381
105.83846629999988,21.00526369999997,59.76329092146173
105.83876629999986,21.00526369999997,57.951296080008106
105.83906629999986,21.00526369999997,67.56733198073253
105.83936629999984,21.00526369999997,59.01856280202908
105.83966629999983,21.00526369999997,59.06377705364869
105.83996629999984,21.00526369999997,63.13330209132695
105.84026629999984,21.00526369999997,70.14967631420052
105.84056629999984,21.00526369999997,57.768423255731584
105.84086629999985,21.00526369999997,57.061310291217474
105.84116629999984,21.00526369999997,66.2100053990599
105.84146629999982,21.00526369999997,69.05984059193722
105.84176629999982,21.00526369999997,60.56468488766061
105.8420662999998,21.00526369999997,60.13511217019608
105.8423662999998,21.00526369999997,58.171978395854254
105.8426662999998,21.00526369999997,58.919151858764
105.8429662999998,21.00526369999997,58.32777734642591
105.8432662999998,21.00526369999997,57.661443508764755
105.8435662999998,21.00526369999997,56.96345223417972
105.8438662999998,21.00526369999997,56.88672475587757
105.84416629999978,21.00526369999997,58.363613240783245
105.84446629999978,21.00526369999997,59.22475994196546
105.84476629999978,21.00526369999997,59.22475994196546
105.84506629999976,21.00526369999997,60.64475071808551
105.84536629999975,21.00526369999997,61.10594563691773
105.84566629999976,21.00526369999997,69.49180297753962
105.84596629999976,21.00526369999997,62.00491882390941
105.84626629999975,21.00526369999997,60.29012417163626
105.84656629999976,21.00526369999997,59.3569765796341
105.84686629999976,21.00526369999997,61.08531078953907
105.84716629999974,21.00526369999997,68.93593415573488
105.84746629999974,21.00526369999997,56.08226062814985
105.84776629999972,21.00526369999997,69.85394712858658
105.84806629999972,21.00526369999997,63.16362428785476
105.84836629999973,21.00526369999997,60.95761442225147
105.84866629999972,21.00526369999997,65.7631342280247
105.84896629999972,21.00526369999997,65.62760993529984
105.84926629999973,21.00526369999997,64.05913256420229
105.84956629999972,21.00526369999997,65.94145796102758
105.8498662999997,21.00526369999997,60.463505328467946
105.8501662999997,21.00526369999997,58.25309581940747
105.8504662999997,21.00526369999997,57.059624389875886
105.85076629999968,21.00526369999997,57.08128185303196
105.85106629999969,21.00526369999997,66.98145290745369
105.85136629999968,21.00526369999997,61.07834333447477
105.85166629999968,21.00526369999997,56.98529519736414
105.85196629999967,21.00526369999997,60.268765214687
105.85226629999968,21.00526369999997,61.111542768590446
105.85256629999968,21.00526369999997,61.15330845794237
105.85286629999966,21.00526369999997,62.80352690420981
105.85316629999966,21.00526369999997,68.30431662369712
105.85346629999964,21.00526369999997,68.57006670620288
105.85376629999963,21.00526369999997,68.21185408439005
105.85406629999964,21.00526369999997,71.85661597890194
105.85436629999964,21.00526369999997,71.29669116907793
105.85466629999964,21.00526369999997,71.72120984654977
105.85496629999965,21.00526369999997,73.39413716939231
105.85526629999964,21.00526369999997,60.591204555138525
105.85556629999962,21.00526369999997,60.97121949223268
105.85586629999962,21.00526369999997,62.22763770672624
105.8561662999996,21.00526369999997,63.9155097058116
105.8564662999996,21.00526369999997,64.48167692044406
105.8567662999996,21.00526369999997,64.48167692044406
105.8570662999996,21.00526369999997,64.48167692044406
105.8573662999996,21.00526369999997,64.48167692044406
105.8576662999996,21.00526369999997,64.48167692044406
105.8291663,21.005563699999968,60.70883398438519
105.8294663,21.005563699999968,60.70883398438519
105.8297663,21.005563699999968,60.70883398438519
105.83006629999998,21.005563699999968,61.24424008875461
105.83036629999998,21.005563699999968,58.19832102750442
105.83066629999998,21.005563699999968,63.08998534661387
105.83096629999996,21.005563699999968,67.13925139758031
105.83126629999995,21.005563699999968,59.082929165979266
105.83156629999996,21.005563699999968,57.43962012589415
105.83186629999996,21.005563699999968,58.29160484114232
105.83216629999995,21.005563699999968,58.31928874862352
105.83246629999996,21.005563699999968,57.825452644047374
105.83276629999996,21.005563699999968,68.41763956501337
105.83306629999994,21.005563699999968,56.36886288623945
105.83336629999994,21.005563699999968,58.88307119352429
105.83366629999992,21.005563699999968,53.27549646803002
105.83396629999991,21.005563699999968,57.716711586812565
105.83426629999992,21.005563699999968,56.25361279874852
105.83456629999992,21.005563699999968,57.12174023173906
105.83486629999992,21.005563699999968,60.243772552712926
105.83516629999993,21.005563699999968,61.41771500936739
105.83546629999992,21.005563699999968,63.60811337446172
105.8357662999999,21.005563699999968,60.06477758367311
105.8360662999999,21.005563699999968,60.04031802664797
105.8363662999999,21.005563699999968,61.3209899903097
105.83666629999988,21.005563699999968,67.19639519669875
105.83696629999989,21.005563699999968,56.82556254042326
105.83726629999988,21.005563699999968,57.33191194271001
105.83756629999988,21.005563699999968,67.32781727915366
105.83786629999987,21.005563699999968,60.90948201470415
105.83816629999988,21.005563699999968,58.28351090890577
105.83846629999988,21.005563699999968,57.8693423784442
105.83876629999986,21.005563699999968,61.45258350170711
105.83906629999986,21.005563699999968,69.30755660118437
105.83936629999984,21.005563699999968,56.11355236308153
105.83966629999983,21.005563699999968,62.42470995795617
105.83996629999984,21.005563699999968,63.984437153639
105.84026629999984,21.005563699999968,62.511286986295005
105.84056629999984,21.005563699999968,61.1080641350634
105.84086629999985,21.005563699999968,58.299618920256336
105.84116629999984,21.005563699999968,66.39669850278877
105.84146629999982,21.005563699999968,68.07778614584669
105.84176629999982,21.005563699999968,57.43874759878745
105.8420662999998,21.005563699999968,56.41025362775123
105.8423662999998,21.005563699999968,58.0407538990209
105.8426662999998,21.005563699999968,59.025677437733144
105.8429662999998,21.005563699999968,57.45751475988869
105.8432662999998,21.005563699999968,58.13586709783817
105.8435662999998,21.005563699999968,56.713969883951
105.8438662999998,21.005563699999968,56.87558366790352
105.84416629999978,21.005563699999968,58.31598853887582
105.84446629999978,21.005563699999968,58.42769650708292
105.84476629999978,21.005563699999968,59.22475994196546
105.84506629999976,21.005563699999968,58.67772031587102
105.84536629999975,21.005563699999968,57.27930442317062
105.84566629999976,21.005563699999968,67.58338821636619
105.84596629999976,21.005563699999968,57.91019119659395
105.84626629999975,21.005563699999968,58.521896714784035
105.84656629999976,21.005563699999968,56.40161674924975
105.84686629999976,21.005563699999968,54.11013129721112
105.84716629999974,21.005563699999968,69.1245627442899
105.84746629999974,21.005563699999968,55.11648642089231
105.84776629999972,21.005563699999968,60.92274581603209
105.84806629999972,21.005563699999968,65.22882395109383
105.84836629999973,21.005563699999968,59.11352744953327
105.84866629999972,21.005563699999968,58.959930832049224
105.84896629999972,21.005563699999968,59.45581120375442
105.84926629999973,21.005563699999968,64.39614348981979
105.84956629999972,21.005563699999968,64.49306870129658
105.8498662999997,21.005563699999968,68.6634619042134
105.8501662999997,21.005563699999968,58.86128125297256
105.8504662999997,21.005563699999968,58.34528601165023
105.85076629999968,21.005563699999968,60.486779895903055
105.85106629999969,21.005563699999968,69.01709762453399
105.85136629999968,21.005563699999968,60.463505328467946
105.85166629999968,21.005563699999968,58.86671727714218
105.85196629999967,21.005563699999968,60.78038835568723
105.85226629999968,21.005563699999968,58.432580815562375
105.85256629999968,21.005563699999968,67.83978751553434
105.85286629999966,21.005563699999968,67.27371868040709
105.85316629999966,21.005563699999968,64.53230591719446
105.85346629999964,21.005563699999968,58.26999855155413
105.85376629999963,21.005563699999968,58.40855585690952
105.85406629999964,21.005563699999968,70.45189468651361
105.85436629999964,21.005563699999968,71.76250026849733
105.85466629999964,21.005563699999968,71.55156086397066
105.85496629999965,21.005563699999968,73.09715085211249
105.85526629999964,21.005563699999968,61.216872015346596
105.85556629999962,21.005563699999968,62.22763770672624
105.85586629999962,21.005563699999968,62.22763770672624
105.8561662999996,21.005563699999968,64.48167692044406
105.8564662999996,21.005563699999968,64.48167692044406
105.8567662999996,21.005563699999968,64.48167692044406
105.8570662999996,21.005563699999968,64.48167692044406
105.8573662999996,21.005563699999968,64.48167692044406
105.8576662999996,21.005563699999968,64.48167692044406
105.8291663,21.005863699999967,61.15376697511824
105.8294663,21.005863699999967,61.15376697511824
105.8297663,21.005863699999967,61.46822073845503
105.83006629999998,21.005863699999967,61.30834897835641
105.83036629999998,21.005863699999967,58.604002474959096
105.83066629999998,21.005863699999967,57.94076120288697
105.83096629999996,21.005863699999967,69.42555599836065
105.83126629999995,21.005863699999967,57.4003576224225
105.83156629999996,21.005863699999967,62.55360375351114
105.83186629999996,21.005863699999967,68.66554585817103
105.83216629999995,21.005863699999967,69.5119324288534
105.83246629999996,21.005863699999967,66.82959537254236
105.83276629999996,21.005863699999967,65.67726080997427
105.83306629999994,21.005863699999967,67.80314545601958
105.83336629999994,21.005863699999967,70.06988118213499
105.83366629999992,21.005863699999967,70.33113096873647
105.83396629999991,21.005863699999967,66.40773612860416
105.83426629999992,21.005863699999967,70.97498371518093
105.83456629999992,21.005863699999967,59.37273011104621
105.83486629999992,21.005863699999967,58.25035842298713
105.83516629999993,21.005863699999967,64.180047641231
105.83546629999992,21.005863699999967,62.54328864638795
105.8357662999999,21.005863699999967,59.67995041466072
105.8360662999999,21.005863699999967,58.62030763128881
105.8363662999999,21.005863699999967,63.58460576408476
105.83666629999988,21.005863699999967,63.31931411733006
105.83696629999989,21.005863699999967,57.81437079419768
105.83726629999988,21.005863699999967,55.83278654572726
105.83756629999988,21.005863699999967,68.17588662052208
105.83786629999987,21.005863699999967,56.04949892171096
105.83816629999988,21.005863699999967,57.49164591340336
105.83846629999988,21.005863699999967,57.66368245495715
105.83876629999986,21.005863699999967,70.26587195728695
105.83906629999986,21.005863699999967,59.27519241383138
105.83936629999984,21.005863699999967,54.70190705856447
105.83966629999983,21.005863699999967,66.98626018018405
105.83996629999984,21.005863699999967,59.988662782408866
105.84026629999984,21.005863699999967,63.025000799158015
105.84056629999984,21.005863699999967,61.601822841870195
105.84086629999985,21.005863699999967,67.30375071339358
105.84116629999984,21.005863699999967,65.62157656453473
105.84146629999982,21.005863699999967,67.33173188061917
105.84176629999982,21.005863699999967,56.91167814717868
105.8420662999998,21.005863699999967,56.14428514260574
105.8423662999998,21.005863699999967,54.98249251214389
105.8426662999998,21.005863699999967,58.63830828913224
105.8429662999998,21.005863699999967,57.41883914156127
105.8432662999998,21.005863699999967,57.67339346736794
105.8435662999998,21.005863699999967,57.57272701865474
105.8438662999998,21.005863699999967,57.43995598633958
105.84416629999978,21.005863699999967,57.898848018413766
105.84446629999978,21.005863699999967,56.87558366790352
105.84476629999978,21.005863699999967,58.31894160970931
105.84506629999976,21.005863699999967,58.33799609396048
105.84536629999975,21.005863699999967,58.33675393446247
105.84566629999976,21.005863699999967,69.64764359824129
105.84596629999976,21.005863699999967,54.94325181704931
105.84626629999975,21.005863699999967,58.39025307978788
105.84656629999976,21.005863699999967,58.361787158269586
105.84686629999976,21.005863699999967,56.36039354576861
105.84716629999974,21.005863699999967,70.23247730349729
105.84746629999974,21.005863699999967,59.747751470254315
105.84776629999972,21.005863699999967,55.209849812738334
105.84806629999972,21.005863699999967,58.9282065221049
105.84836629999973,21.005863699999967,56.725181079433035
105.84866629999972,21.005863699999967,58.672147278941495
105.84896629999972,21.005863699999967,58.44362756680891
105.84926629999973,21.005863699999967,65.75507646779015
105.84956629999972,21.005863699999967,61.00256452158167
105.8498662999997,21.005863699999967,68.13483789405602
105.8501662999997,21.005863699999967,59.05632287994345
105.8504662999997,21.005863699999967,58.88475414118042
105.85076629999968,21.005863699999967,59.42942431894472
105.85106629999969,21.005863699999967,66.56993182666557
105.85136629999968,21.005863699999967,66.28231227730927
105.85166629999968,21.005863699999967,60.50571202396218
105.85196629999967,21.005863699999967,59.313919331903875
105.85226629999968,21.005863699999967,61.01801900246049
105.85256629999968,21.005863699999967,59.9645584615926
105.85286629999966,21.005863699999967,58.766557180337344
105.85316629999966,21.005863699999967,58.49087459131532
105.85346629999964,21.005863699999967,58.51315958304727
105.85376629999963,21.005863699999967,58.44670332677275
105.85406629999964,21.005863699999967,70.68973272845146
105.85436629999964,21.005863699999967,64.0341871532979
105.85466629999964,21.005863699999967,63.66805553270664
105.85496629999965,21.005863699999967,72.22409569215466
105.85526629999964,21.005863699999967,62.97207337205982
105.85556629999962,21.005863699999967,62.22763770672624
105.85586629999962,21.005863699999967,64.39258024072464
105.8561662999996,21.005863699999967,64.48167692044406
105.8564662999996,21.005863699999967,64.48167692044406
105.8567662999996,21.005863699999967,64.48167692044406
105.8570662999996,21.005863699999967,64.48167692044406
105.8573662999996,21.005863699999967,64.48167692044406
105.8576662999996,21.005863699999967,64.48167692044406
105.8291663,21.006163699999966,61.15376697511824
105.8294663,21.006163699999966,60.85466950830621
105.8297663,21.006163699999966,61.93314578522119
105.83006629999998,21.006163699999966,61.46838950298253
105.83036629999998,21.006163699999966,62.28308443780245
105.83066629999998,21.006163699999966,67.13218568763106
105.83096629999996,21.006163699999966,68.79777824442213
105.83126629999995,21.006163699999966,67.61179992940298
105.83156629999996,21.006163699999966,64.59756263787153
105.83186629999996,21.006163699999966,61.28648114568456
105.83216629999995,21.006163699999966,58.86105063150317
105.83246629999996,21.006163699999966,60.21989383325447
105.83276629999996,21.006163699999966,66.42933223965971
105.83306629999994,21.006163699999966,54.87860765333792
105.83336629999994,21.006163699999966,57.81399611165828
105.83366629999992,21.006163699999966,52.45386086865248
105.83396629999991,21.006163699999966,55.62316125828321
105.83426629999992,21.006163699999966,59.874642116516135
105.83456629999992,21.006163699999966,66.31615186604613
105.83486629999992,21.006163699999966,69.53090414694849
105.83516629999993,21.006163699999966,65.12610524197582
105.83546629999992,21.006163699999966,67.18955758684851
105.8357662999999,21.006163699999966,57.9349994070461
105.8360662999999,21.006163699999966,60.96416113675189
105.8363662999999,21.006163699999966,57.32760701798958
105.83666629999988,21.006163699999966,70.05245361526407
105.83696629999989,21.006163699999966,66.3211021171924
105.83726629999988,21.006163699999966,56.36552045051284
105.83756629999988,21.006163699999966,68.80853683325036
105.83786629999987,21.006163699999966,55.93497921577752
105.83816629999988,21.006163699999966,56.5285216577052
105.83846629999988,21.006163699999966,59.84524098124014
105.83876629999986,21.006163699999966,68.29899154041493
105.83906629999986,21.006163699999966,54.24731641805917
105.83936629999984,21.006163699999966,52.744750359749624
105.83966629999983,21.006163699999966,69.9014323826291
105.83996629999984,21.006163699999966,56.93954397767318
105.84026629999984,21.006163699999966,53.95153795071517
105.84056629999984,21.006163699999966,54.459035579788925
105.84086629999985,21.006163699999966,63.57612545801247
105.84116629999984,21.006163699999966,66.51144660714827
105.84146629999982,21.006163699999966,66.19455306933051
105.84176629999982,21.006163699999966,57.058408441463975
105.8420662999998,21.006163699999966,57.60726620242848
105.8423662999998,21.006163699999966,58.36327694306848
105.8426662999998,21.006163699999966,55.623982371772875
105.8429662999998,21.006163699999966,57.58447950150271
105.8432662999998,21.006163699999966,56.45656311052299
105.8435662999998,21.006163699999966,56.7121258910966
105.8438662999998,21.006163699999966,57.47360706527041
105.84416629999978,21.006163699999966,57.84678179850406
105.84446629999978,21.006163699999966,57.401970766156424
105.84476629999978,21.006163699999966,58.02903540134276
105.84506629999976,21.006163699999966,57.18673619984725
105.84536629999975,21.006163699999966,62.844504815027264
105.84566629999976,21.006163699999966,70.11597257979578
105.84596629999976,21.006163699999966,56.59774342376671
105.84626629999975,21.006163699999966,59.377692146035315
105.84656629999976,21.006163699999966,56.73262243077996
105.84686629999976,21.006163699999966,55.70108305097316
105.84716629999974,21.006163699999966,65.2125133160288
105.84746629999974,21.006163699999966,59.642037180479946
105.84776629999972,21.006163699999966,70.68786553211739
105.84806629999972,21.006163699999966,62.20619208003744
105.84836629999973,21.006163699999966,56.46356714262098
105.84866629999972,21.006163699999966,66.12972059715882
105.84896629999972,21.006163699999966,56.3999442173524
105.84926629999973,21.006163699999966,62.73291124302214
105.84956629999972,21.006163699999966,62.24818283504215
105.8498662999997,21.006163699999966,61.51936209966527
105.8501662999997,21.006163699999966,56.57324289090102
105.8504662999997,21.006163699999966,58.47551685900258
105.85076629999968,21.006163699999966,61.30960880748333
105.85106629999969,21.006163699999966,66.9065701007344
105.85136629999968,21.006163699999966,67.5579861246209
105.85166629999968,21.006163699999966,58.19938870987967
105.85196629999967,21.006163699999966,57.75383430200867
105.85226629999968,21.006163699999966,57.600561615805496
105.85256629999968,21.006163699999966,57.10985284756004
105.85286629999966,21.006163699999966,59.24033709850309
105.85316629999966,21.006163699999966,60.11571145796923
105.85346629999964,21.006163699999966,57.94810396748524
105.85376629999963,21.006163699999966,58.24731078448539
105.85406629999964,21.006163699999966,66.6892665819331
105.85436629999964,21.006163699999966,64.29771477141922
105.85466629999964,21.006163699999966,69.44003704815319
105.85496629999965,21.006163699999966,67.08534677953956
105.85526629999964,21.006163699999966,61.42351262648087
105.85556629999962,21.006163699999966,62.24992199486586
105.85586629999962,21.006163699999966,64.18887043519834
105.8561662999996,21.006163699999966,64.48167692044406
105.8564662999996,21.006163699999966,64.48167692044406
105.8567662999996,21.006163699999966,64.48167692044406
105.8570662999996,21.006163699999966,64.48167692044406
105.8573662999996,21.006163699999966,64.48167692044406
105.8576662999996,21.006163699999966,64.48167692044406
105.8291663,21.00646369999997,61.15376697511824
105.8294663,21.00646369999997,60.357784051938715
105.8297663,21.00646369999997,62.267553125233874
105.83006629999998,21.00646369999997,66.930119836907
105.83036629999998,21.00646369999997,69.29910602445082
105.83066629999998,21.00646369999997,68.29710393680091
105.83096629999996,21.00646369999997,68.86094036298941
105.83126629999995,21.00646369999997,68.76407791119743
105.83156629999996,21.00646369999997,68.07155197403092
105.83186629999996,21.00646369999997,66.00860700572174
105.83216629999995,21.00646369999997,58.88621903914682
105.83246629999996,21.00646369999997,71.61391763397565
105.83276629999996,21.00646369999997,61.86477123464193
105.83306629999994,21.00646369999997,57.680133242754096
105.83336629999994,21.00646369999997,59.59265157185847
105.83366629999992,21.00646369999997,59.37325278448355
105.83396629999991,21.00646369999997,57.06130341751865
105.83426629999992,21.00646369999997,58.75176403755366
105.83456629999992,21.00646369999997,58.5711125147828
105.83486629999992,21.00646369999997,57.314652898052465
105.83516629999993,21.00646369999997,56.88580808198176
105.83546629999992,21.00646369999997,68.89628884162005
105.8357662999999,21.00646369999997,63.15599318912397
105.8360662999999,21.00646369999997,58.50432631976184
105.8363662999999,21.00646369999997,57.69932572083486
105.83666629999988,21.00646369999997,56.12277646800666
105.83696629999989,21.00646369999997,69.7507746668518
105.83726629999988,21.00646369999997,68.63281220191304
105.83756629999988,21.00646369999997,67.46977010192849
105.83786629999987,21.00646369999997,54.2476654393313
105.83816629999988,21.00646369999997,56.06147986228628
105.83846629999988,21.00646369999997,55.67293357551199
105.83876629999986,21.00646369999997,65.25207990653914
105.83906629999986,21.00646369999997,53.63164643718028
105.83936629999984,21.00646369999997,56.440838467961115
105.83966629999983,21.00646369999997,56.60537946372499
105.83996629999984,21.00646369999997,55.461932715550965
105.84026629999984,21.00646369999997,55.286534635363296
105.84056629999984,21.00646369999997,55.44157072908564
105.84086629999985,21.00646369999997,60.1986018584598
105.84116629999984,21.00646369999997,64.30229706074165
105.84146629999982,21.00646369999997,66.4359910710845
105.84176629999982,21.00646369999997,60.04016175696352
105.8420662999998,21.00646369999997,57.394938551368995
105.8423662999998,21.00646369999997,55.99895619463707
105.8426662999998,21.00646369999997,56.02640947034429
105.8429662999998,21.00646369999997,59.16571585011634
105.8432662999998,21.00646369999997,60.27002747902897
105.8435662999998,21.00646369999997,56.721033515097766
105.8438662999998,21.00646369999997,57.42137540608539
105.84416629999978,21.00646369999997,56.451955537375234
105.84446629999978,21.00646369999997,57.75674814994139
105.84476629999978,21.00646369999997,57.94889158128832
105.84506629999976,21.00646369999997,59.68806320934816
105.84536629999975,21.00646369999997,69.1198711823277
105.84566629999976,21.00646369999997,68.57105164891587
105.84596629999976,21.00646369999997,60.49035085620528
105.84626629999975,21.00646369999997,60.634404724532246
105.84656629999976,21.00646369999997,58.98578249671735
105.84686629999976,21.00646369999997,56.92974344943668
105.84716629999974,21.00646369999997,66.08846430024717
105.84746629999974,21.00646369999997,58.50118442422987
105.84776629999972,21.00646369999997,53.29208316361279
105.84806629999972,21.00646369999997,68.17445273587322
105.84836629999973,21.00646369999997,60.83238360750372
105.84866629999972,21.00646369999997,70.00244083692341
105.84896629999972,21.00646369999997,69.38550334101085
105.84926629999973,21.00646369999997,60.708904976081435
105.84956629999972,21.00646369999997,66.23930331834198
105.8498662999997,21.00646369999997,63.41734614484648
105.8501662999997,21.00646369999997,71.97785678054494
105.8504662999997,21.00646369999997,72.73222006818372
105.85076629999968,21.00646369999997,65.69711978606524
105.85106629999969,21.00646369999997,69.9521132528734
105.85136629999968,21.00646369999997,68.15197811350606
105.85166629999968,21.00646369999997,58.19277044314585
105.85196629999967,21.00646369999997,58.142861568722495
105.85226629999968,21.00646369999997,56.967681877121834
105.85256629999968,21.00646369999997,57.43468427623085
105.85286629999966,21.00646369999997,57.43468427623085
105.85316629999966,21.00646369999997,59.18595665568365
105.85346629999964,21.00646369999997,58.88475414118042
105.85376629999963,21.00646369999997,57.80859814717384
105.85406629999964,21.00646369999997,69.09500766244169
105.85436629999964,21.00646369999997,63.85949699587727
105.85466629999964,21.00646369999997,64.58942539859675
105.85496629999965,21.00646369999997,62.26487400387882
105.85526629999964,21.00646369999997,59.50599510467261
105.85556629999962,21.00646369999997,59.41408205240804
105.85586629999962,21.00646369999997,63.70094184328149
105.8561662999996,21.00646369999997,64.41486452886426
105.8564662999996,21.00646369999997,63.9155097058116
105.8567662999996,21.00646369999997,64.48167692044406
105.8570662999996,21.00646369999997,64.50396120858368
105.8573662999996,21.00646369999997,64.50396120858368
105.8576662999996,21.00646369999997,64.50396120858368
105.8291663,21.006763699999965,60.97942377671449
105.8294663,21.006763699999965,64.00956636463727
105.8297663,21.006763699999965,71.46397617146499
105.83006629999998,21.006763699999965,70.48856514703425
105.83036629999998,21.006763699999965,71.00654637221758
105.83066629999998,21.006763699999965,65.3583692954217
105.83096629999996,21.006763699999965,59.70669537775116
105.83126629999995,21.006763699999965,61.12296406174586
105.83156629999996,21.006763699999965,67.36904090912671
105.83186629999996,21.006763699999965,69.45439114469049
105.83216629999995,21.006763699999965,68.10210408584784
105.83246629999996,21.006763699999965,71.43249355793766
105.83276629999996,21.006763699999965,56.584224323714075
105.83306629999994,21.006763699999965,59.12747364956805
105.83336629999994,21.006763699999965,58.86248209830347
105.83366629999992,21.006763699999965,59.153389036725066
105.83396629999991,21.006763699999965,57.441410647500625
105.83426629999992,21.006763699999965,57.3967745185973
105.83456629999992,21.006763699999965,58.29232322798633
105.83486629999992,21.006763699999965,55.43661696427423
105.83516629999993,21.006763699999965,68.94123276759522
105.83546629999992,21.006763699999965,66.35149498749053
105.8357662999999,21.006763699999965,59.8566825165196
105.8360662999999,21.006763699999965,57.18478511530458
105.8363662999999,21.006763699999965,57.52540119945453
105.83666629999988,21.006763699999965,57.378698004243674
105.83696629999989,21.006763699999965,56.23318899326494
105.83726629999988,21.006763699999965,56.04204455744637
105.83756629999988,21.006763699999965,53.9386117692852
105.83786629999987,21.006763699999965,55.85836863235902
105.83816629999988,21.006763699999965,55.64560110837577
105.83846629999988,21.006763699999965,54.82161232519491
105.83876629999986,21.006763699999965,68.40504855698198
105.83906629999986,21.006763699999965,53.38602502415834
105.83936629999984,21.006763699999965,57.09244274642232
105.83966629999983,21.006763699999965,55.5203197655416
105.83996629999984,21.006763699999965,56.383269982678456
105.84026629999984,21.006763699999965,55.87235182338495
105.84056629999984,21.006763699999965,56.8754640940524
105.84086629999985,21.006763699999965,57.981283112700616
105.84116629999984,21.006763699999965,63.7099617177309
105.84146629999982,21.006763699999965,64.3831593226797
105.84176629999982,21.006763699999965,60.2345745496844
105.8420662999998,21.006763699999965,57.28910649501793
105.8423662999998,21.006763699999965,59.03004289440669
105.8426662999998,21.006763699999965,59.21500686995796
105.8429662999998,21.006763699999965,57.66288484237133
105.8432662999998,21.006763699999965,60.38063784534085
105.8435662999998,21.006763699999965,60.03719693521394
105.8438662999998,21.006763699999965,59.45741645775775
105.84416629999978,21.006763699999965,57.34010113607216
105.84446629999978,21.006763699999965,56.49692653236598
105.84476629999978,21.006763699999965,62.62844250958123
105.84506629999976,21.006763699999965,68.2236352981037
105.84536629999975,21.006763699999965,61.447503073627225
105.84566629999976,21.006763699999965,63.50125580939808
105.84596629999976,21.006763699999965,68.56129418071147
105.84626629999975,21.006763699999965,68.58332613277516
105.84656629999976,21.006763699999965,66.38344529165644
105.84686629999976,21.006763699999965,65.31797240986013
105.84716629999974,21.006763699999965,68.5962243258093
105.84746629999974,21.006763699999965,57.46623763071443
105.84776629999972,21.006763699999965,55.560734418544904
105.84806629999972,21.006763699999965,52.80709028663979
105.84836629999973,21.006763699999965,64.32878279480975
105.84866629999972,21.006763699999965,64.89998934649749
105.84896629999972,21.006763699999965,65.78966532104621
105.84926629999973,21.006763699999965,65.02357042228377
105.84956629999972,21.006763699999965,70.62444481250414
105.8498662999997,21.006763699999965,54.792473820046986
105.8501662999997,21.006763699999965,68.71667336576353
105.8504662999997,21.006763699999965,65.42353143992142
105.85076629999968,21.006763699999965,65.06174804469642
105.85106629999969,21.006763699999965,60.19401879533291
105.85136629999968,21.006763699999965,66.54327145730034
105.85166629999968,21.006763699999965,64.40613681722856
105.85196629999967,21.006763699999965,55.85842466019181
105.85226629999968,21.006763699999965,58.126611294864205
105.85256629999968,21.006763699999965,57.42873448760497
105.85286629999966,21.006763699999965,57.06806914666999
105.85316629999966,21.006763699999965,56.957856748873056
105.85346629999964,21.006763699999965,54.42234067078626
105.85376629999963,21.006763699999965,57.6426066347345
105.85406629999964,21.006763699999965,59.13284297470913
105.85436629999964,21.006763699999965,65.87081207790791
105.85466629999964,21.006763699999965,68.37215576771197
105.85496629999965,21.006763699999965,57.72708709582201
105.85526629999964,21.006763699999965,57.81499470604331
105.85556629999962,21.006763699999965,58.99907801141025
105.85586629999962,21.006763699999965,60.93144558572422
105.8561662999996,21.006763699999965,60.93144558572422
105.8564662999996,21.006763699999965,61.73664881118726
105.8567662999996,21.006763699999965,63.93779399395121
105.8570662999996,21.006763699999965,64.48167692044406
105.8573662999996,21.006763699999965,64.50396120858368
105.8576662999996,21.006763699999965,64.50396120858368
105.8291663,21.007063699999964,60.99695389401628
105.8294663,21.007063699999964,69.48290306778975
105.8297663,21.007063699999964,70.65033872092593
105.83006629999998,21.007063699999964,65.99913469556907
105.83036629999998,21.007063699999964,61.23028032309431
105.83066629999998,21.007063699999964,59.36464638595531
105.83096629999996,21.007063699999964,59.20716499229732
105.83126629999995,21.007063699999964,59.07873727602384
105.83156629999996,21.007063699999964,62.28385057921244
105.83186629999996,21.007063699999964,65.62811493955705
105.83216629999995,21.007063699999964,71.80486039584497
105.83246629999996,21.007063699999964,69.24533548914765
105.83276629999996,21.007063699999964,62.68457767567986
105.83306629999994,21.007063699999964,58.72572229152662
105.83336629999994,21.007063699999964,61.88270009032353
105.83366629999992,21.007063699999964,58.39069988063363
105.83396629999991,21.007063699999964,58.70675045972928
105.83426629999992,21.007063699999964,54.906214760754935
105.83456629999992,21.007063699999964,57.289114912193185
105.83486629999992,21.007063699999964,65.28070784282109
105.83516629999993,21.007063699999964,68.59055930370185
105.83546629999992,21.007063699999964,59.061675315459425
105.8357662999999,21.007063699999964,58.794365005917015
105.8360662999999,21.007063699999964,63.046080762999054
105.8363662999999,21.007063699999964,70.87828123331664
105.83666629999988,21.007063699999964,58.51918282318952
105.83696629999989,21.007063699999964,56.36513628052071
105.83726629999988,21.007063699999964,55.451228926258125
105.83756629999988,21.007063699999964,56.65834422612637
105.83786629999987,21.007063699999964,56.16768174676276
105.83816629999988,21.007063699999964,56.083927592355856
105.83846629999988,21.007063699999964,58.596704946895855
105.83876629999986,21.007063699999964,56.64066249700127
105.83906629999986,21.007063699999964,56.93255748912944
105.83936629999984,21.007063699999964,56.375114892516734
105.83966629999983,21.007063699999964,56.375114892516734
105.83996629999984,21.007063699999964,56.56662442067135
105.84026629999984,21.007063699999964,55.955673119063235
105.84056629999984,21.007063699999964,57.66288484237133
105.84086629999985,21.007063699999964,60.900868345122184
105.84116629999984,21.007063699999964,63.65316280114053
105.84146629999982,21.007063699999964,62.64394966187769
105.84176629999982,21.007063699999964,61.46843942913896
105.8420662999998,21.007063699999964,59.148498385193115
105.8423662999998,21.007063699999964,58.38083160670632
105.8426662999998,21.007063699999964,59.08828122503368
105.8429662999998,21.007063699999964,56.77451071048516
105.8432662999998,21.007063699999964,58.08107058219534
105.8435662999998,21.007063699999964,60.45232940860154
105.8438662999998,21.007063699999964,60.60104947826804
105.84416629999978,21.007063699999964,60.35342984032727
105.84446629999978,21.007063699999964,66.85169960069041
105.84476629999978,21.007063699999964,66.79083114050314
105.84506629999976,21.007063699999964,59.4862814200547
105.84536629999975,21.007063699999964,56.85012457100509
105.84566629999976,21.007063699999964,57.1986922462826
105.84596629999976,21.007063699999964,58.67316117294291
105.84626629999975,21.007063699999964,58.67316117294291
105.84656629999976,21.007063699999964,59.13114157672197
105.84686629999976,21.007063699999964,57.63431915593788
105.84716629999974,21.007063699999964,58.98801184439318
105.84746629999974,21.007063699999964,69.17003093582845
105.84776629999972,21.007063699999964,70.4222698893577
105.84806629999972,21.007063699999964,66.306016500065
105.84836629999973,21.007063699999964,64.6136951650552
105.84866629999972,21.007063699999964,69.7514436518195
105.84896629999972,21.007063699999964,70.57615643923377
105.84926629999973,21.007063699999964,63.77655198980891
105.84956629999972,21.007063699999964,60.880666543988184
105.8498662999997,21.007063699999964,53.66681760774289
105.8501662999997,21.007063699999964,59.02566891047006
105.8504662999997,21.007063699999964,60.814383238665734
105.85076629999968,21.007063699999964,68.56224216054356
105.85106629999969,21.007063699999964,57.397197740901426
105.85136629999968,21.007063699999964,64.28428439300427
105.85166629999968,21.007063699999964,57.95910589236296
105.85196629999967,21.007063699999964,56.50280550530285
105.85226629999968,21.007063699999964,71.10702103294498
105.85256629999968,21.007063699999964,63.30241941948251
105.85286629999966,21.007063699999964,63.74173493920642
105.85316629999966,21.007063699999964,63.69500926731979
105.85346629999964,21.007063699999964,67.94634687272291
105.85376629999963,21.007063699999964,63.99035621903102
105.85406629999964,21.007063699999964,60.74006256477999
105.85436629999964,21.007063699999964,56.78906133292478
105.85466629999964,21.007063699999964,65.79123465691829
105.85496629999965,21.007063699999964,56.46337591782354
105.85526629999964,21.007063699999964,57.19643994684471
105.85556629999962,21.007063699999964,58.40700961709409
105.85586629999962,21.007063699999964,59.903348429610446
105.8561662999996,21.007063699999964,60.93144558572422
105.8564662999996,21.007063699999964,61.785338327394065
105.8567662999996,21.007063699999964,64.18887043519834
105.8570662999996,21.007063699999964,64.50396120858368
105.8573662999996,21.007063699999964,64.50396120858368
105.8576662999996,21.007063699999964,64.50396120858368
105.8291663,21.007363699999964,60.77249052585782
105.8294663,21.007363699999964,61.80751972933335
105.8297663,21.007363699999964,60.60207512097383
105.83006629999998,21.007363699999964,60.252170223350944
105.83036629999998,21.007363699999964,60.14656801236519
105.83066629999998,21.007363699999964,59.14014988999772
105.83096629999996,21.007363699999964,63.03801597982257
105.83126629999995,21.007363699999964,61.35509314927911
105.83156629999996,21.007363699999964,64.09470880954579
105.83186629999996,21.007363699999964,73.93062610076316
105.83216629999995,21.007363699999964,71.21371908854798
105.83246629999996,21.007363699999964,69.48007520553
105.83276629999996,21.007363699999964,68.03710966259962
105.83306629999994,21.007363699999964,67.57346950266489
105.83336629999994,21.007363699999964,61.75304872206263
105.83366629999992,21.007363699999964,63.6946740615091
105.83396629999991,21.007363699999964,61.98499463223895
105.83426629999992,21.007363699999964,61.06563533208031
105.83456629999992,21.007363699999964,61.74650063624035
105.83486629999992,21.007363699999964,64.12289891141548
105.83516629999993,21.007363699999964,66.53803005014754
105.83546629999992,21.007363699999964,58.22012344997497
105.8357662999999,21.007363699999964,62.99312953757638
105.8360662999999,21.007363699999964,69.60179873516638
105.8363662999999,21.007363699999964,62.66061398088963
105.83666629999988,21.007363699999964,58.33229680573234
105.83696629999989,21.007363699999964,57.361889835043286
105.83726629999988,21.007363699999964,57.569638334168154
105.83756629999988,21.007363699999964,56.49714975895602
105.83786629999987,21.007363699999964,57.273547187174174
105.83816629999988,21.007363699999964,57.367265733266066
105.83846629999988,21.007363699999964,55.86588720514717
105.83876629999986,21.007363699999964,55.16264110194126
105.83906629999986,21.007363699999964,54.87178553320231
105.83936629999984,21.007363699999964,55.365432765231795
105.83966629999983,21.007363699999964,56.06816183744702
105.83996629999984,21.007363699999964,56.670823258767584
105.84026629999984,21.007363699999964,56.674919885736486
105.84056629999984,21.007363699999964,57.12963683158081
105.84086629999985,21.007363699999964,63.988095946639945
105.84116629999984,21.007363699999964,62.29145079895781
105.84146629999982,21.007363699999964,65.6602163421009
105.84176629999982,21.007363699999964,64.42611960008594
105.8420662999998,21.007363699999964,61.98163198385917
105.8423662999998,21.007363699999964,63.94243059825862
105.8426662999998,21.007363699999964,62.60495009227693
105.8429662999998,21.007363699999964,60.86073487441275
105.8432662999998,21.007363699999964,57.654257600903215
105.8435662999998,21.007363699999964,61.47279785021523
105.8438662999998,21.007363699999964,62.82845637780387
105.84416629999978,21.007363699999964,66.59352995065524
105.84446629999978,21.007363699999964,57.40948736009269
105.84476629999978,21.007363699999964,57.33191194271001
105.84506629999976,21.007363699999964,57.35279640970478
105.84536629999975,21.007363699999964,57.486209228248455
105.84566629999976,21.007363699999964,58.300916237085715
105.84596629999976,21.007363699999964,58.50587125141421
105.84626629999975,21.007363699999964,58.40616142589611
105.84656629999976,21.007363699999964,58.22070632065198
105.84686629999976,21.007363699999964,57.22346919526105
105.84716629999974,21.007363699999964,56.55206594574199
105.84746629999974,21.007363699999964,73.35633823407507
105.84776629999972,21.007363699999964,55.56657037349106
105.84806629999972,21.007363699999964,59.6657492476276
105.84836629999973,21.007363699999964,66.95035092280942
105.84866629999972,21.007363699999964,54.261985465824615
105.84896629999972,21.007363699999964,64.82642812490442
105.84926629999973,21.007363699999964,66.04480760604882
105.84956629999972,21.007363699999964,59.957291858410386
105.8498662999997,21.007363699999964,68.71420685927252
105.8501662999997,21.007363699999964,61.406503246067096
105.8504662999997,21.007363699999964,58.372209754370985
105.85076629999968,21.007363699999964,65.89919150948383
105.85106629999969,21.007363699999964,59.51262820269752
105.85136629999968,21.007363699999964,70.22352236771148
105.85166629999968,21.007363699999964,54.908103854565155
105.85196629999967,21.007363699999964,54.57073436808932
105.85226629999968,21.007363699999964,63.237489353435755
105.85256629999968,21.007363699999964,62.57872067856052
105.85286629999966,21.007363699999964,60.90275223817741
105.85316629999966,21.007363699999964,66.86329337053321
105.85346629999964,21.007363699999964,65.16328826010012
105.85376629999963,21.007363699999964,67.06105059389999
105.85406629999964,21.007363699999964,59.247494605460865
105.85436629999964,21.007363699999964,59.84435188377001
105.85466629999964,21.007363699999964,67.88201143387457
105.85496629999965,21.007363699999964,55.76655785066584
105.85526629999964,21.007363699999964,59.19363277315728
105.85556629999962,21.007363699999964,58.89098448563729
105.85586629999962,21.007363699999964,60.08392644688836
105.8561662999996,21.007363699999964,61.45677592640923
105.8564662999996,21.007363699999964,63.87045721097385
105.8567662999996,21.007363699999964,63.68582416705565
105.8570662999996,21.007363699999964,64.03274348394726
105.8573662999996,21.007363699999964,64.03274348394726
105.8576662999996,21.007363699999964,64.03274348394726
105.8291663,21.007663699999963,61.15376697511824
105.8294663,21.007663699999963,60.379499968792544
105.8297663,21.007663699999963,60.60373021071569
105.83006629999998,21.007663699999963,61.34060340857202
105.83036629999998,21.007663699999963,59.88325144167587
105.83066629999998,21.007663699999963,61.873270378986845
105.83096629999996,21.007663699999963,62.09963926503556
105.83126629999995,21.007663699999963,61.99559601634104
105.83156629999996,21.007663699999963,72.89433866794472
105.83186629999996,21.007663699999963,72.96607769922159
105.83216629999995,21.007663699999963,65.63761519136288
105.83246629999996,21.007663699999963,72.67520640461652
105.83276629999996,21.007663699999963,70.06908856830599
105.83306629999994,21.007663699999963,68.57011273679775
105.83336629999994,21.007663699999963,68.29129714127328
105.83366629999992,21.007663699999963,63.28501336099354
105.83396629999991,21.007663699999963,61.90592150709436
105.83426629999992,21.007663699999963,64.0411683441547
105.83456629999992,21.007663699999963,65.74735437808131
105.83486629999992,21.007663699999963,56.655691946467826
105.83516629999993,21.007663699999963,64.49940878605636
105.83546629999992,21.007663699999963,67.83405656221638
105.8357662999999,21.007663699999963,66.66149878522369
105.8360662999999,21.007663699999963,60.262977436879
105.8363662999999,21.007663699999963,56.055637596702915
105.83666629999988,21.007663699999963,57.339438725288865
105.83696629999989,21.007663699999963,56.356718197627984
105.83726629999988,21.007663699999963,56.443155514865474
105.83756629999988,21.007663699999963,56.49219216861761
105.83786629999987,21.007663699999963,57.380597941859826
105.83816629999988,21.007663699999963,56.87860551337407
105.83846629999988,21.007663699999963,56.4048492495856
105.83876629999986,21.007663699999963,56.042230662536426
105.83906629999986,21.007663699999963,56.346102123840446
105.83936629999984,21.007663699999963,53.11799665046443
105.83966629999983,21.007663699999963,56.725308145369496
105.83996629999984,21.007663699999963,57.92727416782843
105.84026629999984,21.007663699999963,62.27056205381054
105.84056629999984,21.007663699999963,62.5822573794709
105.84086629999985,21.007663699999963,66.50334152440357
105.84116629999984,21.007663699999963,70.67246373856757
105.84146629999982,21.007663699999963,71.08096288887522
105.84176629999982,21.007663699999963,66.72502733485605
105.8420662999998,21.007663699999963,66.94839754966996
105.8423662999998,21.007663699999963,66.79697424041751
105.8426662999998,21.007663699999963,67.9109779403397
105.8429662999998,21.007663699999963,70.59111812952976
105.8432662999998,21.007663699999963,67.09881503630997
105.8435662999998,21.007663699999963,63.19431828446939
105.8438662999998,21.007663699999963,63.82393752546415
105.84416629999978,21.007663699999963,70.22392985677676
105.84446629999978,21.007663699999963,67.72622761619115
105.84476629999978,21.007663699999963,65.93152001646396
105.84506629999976,21.007663699999963,62.71720801589114
105.84536629999975,21.007663699999963,61.48904200248005
105.84566629999976,21.007663699999963,62.37212620601926
105.84596629999976,21.007663699999963,61.17318710411544
105.84626629999975,21.007663699999963,56.510710028862675
105.84656629999976,21.007663699999963,56.360058011757125
105.84686629999976,21.007663699999963,57.68019313828123
105.84716629999974,21.007663699999963,56.54561946134531
105.84746629999974,21.007663699999963,71.44081661546993
105.84776629999972,21.007663699999963,53.92925931703763
105.84806629999972,21.007663699999963,60.95605745271972
105.84836629999973,21.007663699999963,74.65113299990749
105.84866629999972,21.007663699999963,72.90966026176302
105.84896629999972,21.007663699999963,54.44832320033924
105.84926629999973,21.007663699999963,57.73695243086486
105.84956629999972,21.007663699999963,71.06567544934771
105.8498662999997,21.007663699999963,56.6015187745088
105.8501662999997,21.007663699999963,65.34607477194577
105.8504662999997,21.007663699999963,68.4315898967969
105.85076629999968,21.007663699999963,66.70248920583285
105.85106629999969,21.007663699999963,56.23456874508963
105.85136629999968,21.007663699999963,72.33318214117315
105.85166629999968,21.007663699999963,53.36935039296967
105.85196629999967,21.007663699999963,54.915143584194894
105.85226629999968,21.007663699999963,64.75039387494519
105.85256629999968,21.007663699999963,56.750172969531334
105.85286629999966,21.007663699999963,54.10478547912886
105.85316629999966,21.007663699999963,66.6876298337434
105.85346629999964,21.007663699999963,66.33475196533082
105.85376629999963,21.007663699999963,67.80170308106105
105.85406629999964,21.007663699999963,67.18618852698751
105.85436629999964,21.007663699999963,62.97715830365658
105.85466629999964,21.007663699999963,66.13738846703572
105.85496629999965,21.007663699999963,56.49294105310977
105.85526629999964,21.007663699999963,56.46955159037816
105.85556629999962,21.007663699999963,58.70687300748825
105.85586629999962,21.007663699999963,59.04275920245995
105.8561662999996,21.007663699999963,62.84145831606375
105.8564662999996,21.007663699999963,63.53777159345296
105.8567662999996,21.007663699999963,62.87221552784517
105.8570662999996,21.007663699999963,62.249289545748645
105.8573662999996,21.007663699999963,62.73188903756303
105.8576662999996,21.007663699999963,62.91987215740566
105.8291663,21.00796369999996,60.85466950830621
105.8294663,21.00796369999996,61.50659294321486
105.8297663,21.00796369999996,61.88027883517633
105.83006629999998,21.00796369999996,59.79280225173763
105.83036629999998,21.00796369999996,60.57524890217262
105.83066629999998,21.00796369999996,62.86473640680408
105.83096629999996,21.00796369999996,68.07048270393173
105.83126629999995,21.00796369999996,71.65850789530424
105.83156629999996,21.00796369999996,73.23095880645586
105.83186629999996,21.00796369999996,73.23095880645586
105.83216629999995,21.00796369999996,70.44696877802241
105.83246629999996,21.00796369999996,69.4683160703036
105.83276629999996,21.00796369999996,62.03850681645901
105.83306629999994,21.00796369999996,66.07544533883909
105.83336629999994,21.00796369999996,68.74336669212312
105.83366629999992,21.00796369999996,67.32636524018247
105.83396629999991,21.00796369999996,64.71484876605672
105.83426629999992,21.00796369999996,69.58373736861408
105.83456629999992,21.00796369999996,58.63176857536901
105.83486629999992,21.00796369999996,59.365345080691135
105.83516629999993,21.00796369999996,61.8337257398585
105.83546629999992,21.00796369999996,67.77806307364175
105.8357662999999,21.00796369999996,67.79522408775264
105.8360662999999,21.00796369999996,61.67340750942088
105.8363662999999,21.00796369999996,58.08862178865419
105.83666629999988,21.00796369999996,57.42649213838394
105.83696629999989,21.00796369999996,54.92020569504355
105.83726629999988,21.00796369999996,51.40236862044712
105.83756629999988,21.00796369999996,61.28276889978661
105.83786629999987,21.00796369999996,57.11927291516239
105.83816629999988,21.00796369999996,56.543671627477664
105.83846629999988,21.00796369999996,54.93356366551863
105.83876629999986,21.00796369999996,58.90947082121943
105.83906629999986,21.00796369999996,65.43796324219753
105.83936629999984,21.00796369999996,64.81059185382841
105.83966629999983,21.00796369999996,63.24153468625536
105.83996629999984,21.00796369999996,67.29716417995387
105.84026629999984,21.00796369999996,62.93989720144917
105.84056629999984,21.00796369999996,63.44579840231118
105.84086629999985,21.00796369999996,66.70757260558803
105.84116629999984,21.00796369999996,66.71286703397054
105.84146629999982,21.00796369999996,69.83267072062138
105.84176629999982,21.00796369999996,65.80380151657585
105.8420662999998,21.00796369999996,64.39211079160626
105.8423662999998,21.00796369999996,62.94985351942523
105.8426662999998,21.00796369999996,65.8008792746974
105.8429662999998,21.00796369999996,67.34874968291649
105.8432662999998,21.00796369999996,64.28519156965913
105.8435662999998,21.00796369999996,65.87026139109422
105.8438662999998,21.00796369999996,66.55637873292531
105.84416629999978,21.00796369999996,69.99826091048517
105.84446629999978,21.00796369999996,66.23343818729082
105.84476629999978,21.00796369999996,68.20242961990672
105.84506629999976,21.00796369999996,67.8745047133604
105.84536629999975,21.00796369999996,68.85669524027305
105.84566629999976,21.00796369999996,67.0628043370699
105.84596629999976,21.00796369999996,70.6924107362645
105.84626629999975,21.00796369999996,68.15222891253876
105.84656629999976,21.00796369999996,67.51819517002015
105.84686629999976,21.00796369999996,68.93939414012979
105.84716629999974,21.00796369999996,65.10596101883772
105.84746629999974,21.00796369999996,66.85096279347829
105.84776629999972,21.00796369999996,59.02592025709298
105.84806629999972,21.00796369999996,58.62013761966532
105.84836629999973,21.00796369999996,57.69966171143969
105.84866629999972,21.00796369999996,59.36769423059462
105.84896629999972,21.00796369999996,58.69087150116745
105.84926629999973,21.00796369999996,58.866050882896104
105.84956629999972,21.00796369999996,58.84914529587626
105.8498662999997,21.00796369999996,67.15073345944165
105.8501662999997,21.00796369999996,63.90202589188773
105.8504662999997,21.00796369999996,57.5102105417294
105.85076629999968,21.00796369999996,69.9789674345248
105.85106629999969,21.00796369999996,63.24422211932109
105.85136629999968,21.00796369999996,69.72159471545261
105.85166629999968,21.00796369999996,59.3203875971426
105.85196629999967,21.00796369999996,57.0641756477471
105.85226629999968,21.00796369999996,66.55654669506245
105.85256629999968,21.00796369999996,57.130983806466546
105.85286629999966,21.00796369999996,56.92730674048914
105.85316629999966,21.00796369999996,62.523475678589854
105.85346629999964,21.00796369999996,60.94617330000806
105.85376629999963,21.00796369999996,59.106657349094085
105.85406629999964,21.00796369999996,55.34758000760758
105.85436629999964,21.00796369999996,54.979666846938834
105.85466629999964,21.00796369999996,68.5237579318461
105.85496629999965,21.00796369999996,53.796060355475106
105.85526629999964,21.00796369999996,55.907628907374935
105.85556629999962,21.00796369999996,55.97961130503624
105.85586629999962,21.00796369999996,56.07407789930322
105.8561662999996,21.00796369999996,60.25150092704936
105.8564662999996,21.00796369999996,61.42350901672956
105.8567662999996,21.00796369999996,61.71100973743088
105.8570662999996,21.00796369999996,61.93463268266386
105.8573662999996,21.00796369999996,63.56546319830585
105.8576662999996,21.00796369999996,63.02827997251243
105.8291663,21.00826369999996,60.66487394785523
105.8294663,21.00826369999996,61.04921314370365
105.8297663,21.00826369999996,60.239893231215454
105.83006629999998,21.00826369999996,65.77235873357833
105.83036629999998,21.00826369999996,70.11255677033913
105.83066629999998,21.00826369999996,71.63272057157525
105.83096629999996,21.00826369999996,74.74938456229165
105.83126629999995,21.00826369999996,72.868596338813
105.83156629999996,21.00826369999996,65.79457475473787
105.83186629999996,21.00826369999996,65.2089267017598
105.83216629999995,21.00826369999996,70.26741587714523
105.83246629999996,21.00826369999996,62.24862979317148
105.83276629999996,21.00826369999996,64.17546051036466
105.83306629999994,21.00826369999996,60.87371885744319
105.83336629999994,21.00826369999996,61.51901333284217
105.83366629999992,21.00826369999996,67.70260019776889
105.83396629999991,21.00826369999996,67.08460807814016
105.83426629999992,21.00826369999996,58.53231093270957
105.83456629999992,21.00826369999996,61.32510658034504
105.83486629999992,21.00826369999996,58.62595080648591
105.83516629999993,21.00826369999996,68.07616307444552
105.83546629999992,21.00826369999996,64.68549088136919
105.8357662999999,21.00826369999996,60.92981146842813
105.8360662999999,21.00826369999996,73.34185739895925
105.8363662999999,21.00826369999996,63.31106164022181
105.83666629999988,21.00826369999996,58.434266422947346
105.83696629999989,21.00826369999996,57.9770454551421
105.83726629999988,21.00826369999996,54.24198904257987
105.83756629999988,21.00826369999996,60.116969598690886
105.83786629999987,21.00826369999996,67.91542640757493
105.83816629999988,21.00826369999996,60.823424033904026
105.83846629999988,21.00826369999996,60.163082525655945
105.83876629999986,21.00826369999996,63.70463142608173
105.83906629999986,21.00826369999996,58.50558148709534
105.83936629999984,21.00826369999996,66.29380316389549
105.83966629999983,21.00826369999996,65.86607241533872
105.83996629999984,21.00826369999996,70.2891586155583
105.84026629999984,21.00826369999996,64.36492135360044
105.84056629999984,21.00826369999996,71.7736617131598
105.84086629999985,21.00826369999996,59.34935265645227
105.84116629999984,21.00826369999996,69.09566831250432
105.84146629999982,21.00826369999996,67.73366115979101
105.84176629999982,21.00826369999996,55.42073140953786
105.8420662999998,21.00826369999996,56.90457904562323
105.8423662999998,21.00826369999996,55.05177041140632
105.8426662999998,21.00826369999996,59.20981425678136
105.8429662999998,21.00826369999996,59.20981425678136
105.8432662999998,21.00826369999996,60.13309578448844
105.8435662999998,21.00826369999996,61.238286480952475
105.8438662999998,21.00826369999996,64.91428165027118
105.84416629999978,21.00826369999996,63.53886605091385
105.84446629999978,21.00826369999996,63.26563571564184
105.84476629999978,21.00826369999996,59.15847020583243
105.84506629999976,21.00826369999996,58.323840032532694
105.84536629999975,21.00826369999996,59.23439116460395
105.84566629999976,21.00826369999996,60.98597143443553
105.84596629999976,21.00826369999996,69.44906598164494
105.84626629999975,21.00826369999996,63.66123367974009
105.84656629999976,21.00826369999996,65.1744490586363
105.84686629999976,21.00826369999996,66.95725614284777
105.84716629999974,21.00826369999996,70.05746788553404
105.84746629999974,21.00826369999996,68.81755315252339
105.84776629999972,21.00826369999996,72.63971958819525
105.84806629999972,21.00826369999996,73.04303884167734
105.84836629999973,21.00826369999996,70.56321657203999
105.84866629999972,21.00826369999996,67.22870987607266
105.84896629999972,21.00826369999996,62.24261082305109
105.84926629999973,21.00826369999996,62.92632468257733
105.84956629999972,21.00826369999996,60.65822461263351
105.8498662999997,21.00826369999996,58.92920290379507
105.8501662999997,21.00826369999996,70.0061968578784
105.8504662999997,21.00826369999996,57.33278749706597
105.85076629999968,21.00826369999996,57.38554209416043
105.85106629999969,21.00826369999996,68.45312130765448
105.85136629999968,21.00826369999996,71.45554122934556
105.85166629999968,21.00826369999996,57.47013827422373
105.85196629999967,21.00826369999996,61.6822444902762
105.85226629999968,21.00826369999996,66.99622911039309
105.85256629999968,21.00826369999996,65.13509623902513
105.85286629999966,21.00826369999996,61.69290487753147
105.85316629999966,21.00826369999996,64.17927060032838
105.85346629999964,21.00826369999996,59.62730034585252
105.85376629999963,21.00826369999996,60.44346207505144
105.85406629999964,21.00826369999996,60.98979064801402
105.85436629999964,21.00826369999996,59.001038738731694
105.85466629999964,21.00826369999996,71.6801840542295
105.85496629999965,21.00826369999996,56.882491660651695
105.85526629999964,21.00826369999996,57.9291220894347
105.85556629999962,21.00826369999996,58.919308287764345
105.85586629999962,21.00826369999996,57.51281135983816
105.8561662999996,21.00826369999996,56.903986954574414
105.8564662999996,21.00826369999996,59.595144502469
105.8567662999996,21.00826369999996,61.629617992304894
105.8570662999996,21.00826369999996,61.01188699571179
105.8573662999996,21.00826369999996,62.1566524108544
105.8576662999996,21.00826369999996,64.60332757606778
105.8291663,21.00856369999996,60.66487394785523
105.8294663,21.00856369999996,60.23965577077313
105.8297663,21.00856369999996,64.55749483407831
105.83006629999998,21.00856369999996,66.93459935914322
105.83036629999998,21.00856369999996,72.36898092783105
105.83066629999998,21.00856369999996,72.5562786050028
105.83096629999996,21.00856369999996,69.029029768693
105.83126629999995,21.00856369999996,62.25034884057644
105.83156629999996,21.00856369999996,67.07607124999988
105.83186629999996,21.00856369999996,72.33048678674668
105.83216629999995,21.00856369999996,75.11041583600677
105.83246629999996,21.00856369999996,66.614598622572
105.83276629999996,21.00856369999996,59.65760839132486
105.83306629999994,21.00856369999996,59.64950920218703
105.83336629999994,21.00856369999996,59.48929109527751
105.83366629999992,21.00856369999996,60.50518678255032
105.83396629999991,21.00856369999996,69.43247314910633
105.83426629999992,21.00856369999996,67.20359630444067
105.83456629999992,21.00856369999996,60.225889717010986
105.83486629999992,21.00856369999996,67.66014325158017
105.83516629999993,21.00856369999996,67.54844189250493
105.83546629999992,21.00856369999996,60.055156136764886
105.8357662999999,21.00856369999996,61.32982409897422
105.8360662999999,21.00856369999996,67.36514962845695
105.8363662999999,21.00856369999996,71.53637714252353
105.83666629999988,21.00856369999996,69.5559921308826
105.83696629999989,21.00856369999996,51.81173038504553
105.83726629999988,21.00856369999996,55.49383398435172
105.83756629999988,21.00856369999996,54.224880914806015
105.83786629999987,21.00856369999996,59.10776743604062
105.83816629999988,21.00856369999996,67.3744956280974
105.83846629999988,21.00856369999996,64.96786073820698
105.83876629999986,21.00856369999996,57.376549625653354
105.83906629999986,21.00856369999996,69.50424336870265
105.83936629999984,21.00856369999996,67.90304167335279
105.83966629999983,21.00856369999996,61.558358378398175
105.83996629999984,21.00856369999996,57.60314410737967
105.84026629999984,21.00856369999996,68.12664315426166
105.84056629999984,21.00856369999996,60.010704917213566
105.84086629999985,21.00856369999996,56.70537617021487
105.84116629999984,21.00856369999996,67.49355662940938
105.84146629999982,21.00856369999996,67.82407769174891
105.84176629999982,21.00856369999996,56.94564306910995
105.8420662999998,21.00856369999996,56.494506333737505
105.8423662999998,21.00856369999996,56.23294848374737
105.8426662999998,21.00856369999996,56.23294848374737
105.8429662999998,21.00856369999996,56.27254387055079
105.8432662999998,21.00856369999996,58.42668349051217
105.8435662999998,21.00856369999996,61.42495091371334
105.8438662999998,21.00856369999996,64.3998390255766
105.84416629999978,21.00856369999996,64.50396120858368
105.84446629999978,21.00856369999996,63.44557909354665
105.84476629999978,21.00856369999996,62.539386945249426
105.84506629999976,21.00856369999996,60.50121756374539
105.84536629999975,21.00856369999996,58.63190130622616
105.84566629999976,21.00856369999996,58.115637616903946
105.84596629999976,21.00856369999996,70.54427522600109
105.84626629999975,21.00856369999996,61.665275008597426
105.84656629999976,21.00856369999996,56.64437825800378
105.84686629999976,21.00856369999996,57.64469196897905
105.84716629999974,21.00856369999996,54.7317038252654
105.84746629999974,21.00856369999996,60.12245718324843
105.84776629999972,21.00856369999996,71.08305108802934
105.84806629999972,21.00856369999996,69.56323468091257
105.84836629999973,21.00856369999996,71.26181881714399
105.84866629999972,21.00856369999996,74.28140832073206
105.84896629999972,21.00856369999996,72.0142356347108
105.84926629999973,21.00856369999996,69.69738061592982
105.84956629999972,21.00856369999996,68.7556664955344
105.8498662999997,21.00856369999996,71.93153921298102
105.8501662999997,21.00856369999996,71.66662353535965
105.8504662999997,21.00856369999996,72.01317562758945
105.85076629999968,21.00856369999996,68.24160381844432
105.85106629999969,21.00856369999996,69.38106755058705
105.85136629999968,21.00856369999996,70.02382817929606
105.85166629999968,21.00856369999996,73.62640999907859
105.85196629999967,21.00856369999996,73.27823513368112
105.85226629999968,21.00856369999996,75.47500133765631
105.85256629999968,21.00856369999996,75.87510370507691
105.85286629999966,21.00856369999996,74.17611594459821
105.85316629999966,21.00856369999996,75.3824108408907
105.85346629999964,21.00856369999996,72.45227348148245
105.85376629999963,21.00856369999996,70.33406917814047
105.85406629999964,21.00856369999996,75.42711526896518
105.85436629999964,21.00856369999996,68.69905224763902
105.85466629999964,21.00856369999996,70.77867449876366
105.85496629999965,21.00856369999996,64.54153028194418
105.85526629999964,21.00856369999996,58.959745658332494
105.85556629999962,21.00856369999996,57.255864610674365
105.85586629999962,21.00856369999996,56.97066541021873
105.8561662999996,21.00856369999996,66.23990127625949
105.8564662999996,21.00856369999996,68.19199464610008
105.8567662999996,21.00856369999996,68.65052916918242
105.8570662999996,21.00856369999996,66.00639201253587
105.8573662999996,21.00856369999996,67.66858881081775
105.8576662999996,21.00856369999996,61.38447105630946
105.8291663,21.00886369999996,60.219940957122176
105.8294663,21.00886369999996,60.901060564803096
105.8297663,21.00886369999996,71.36738209952655
105.83006629999998,21.00886369999996,68.88661470395073
105.83036629999998,21.00886369999996,65.29559739147996
105.83066629999998,21.00886369999996,63.72310938354123
105.83096629999996,21.00886369999996,62.60768304811073
105.83126629999995,21.00886369999996,63.01806711271086
105.83156629999996,21.00886369999996,76.15741640725669
105.83186629999996,21.00886369999996,73.72733282522482
105.83216629999995,21.00886369999996,73.16999373495112
105.83246629999996,21.00886369999996,72.20311330099335
105.83276629999996,21.00886369999996,70.12630082303266
105.83306629999994,21.00886369999996,60.8289579922571
105.83336629999994,21.00886369999996,61.351357010150274
105.83366629999992,21.00886369999996,61.93853086624448
105.83396629999991,21.00886369999996,68.1132732394903
105.83426629999992,21.00886369999996,69.1466589168633
105.83456629999992,21.00886369999996,69.52845324782443
105.83486629999992,21.00886369999996,69.98269634408274
105.83516629999993,21.00886369999996,61.97099707701789
105.83546629999992,21.00886369999996,62.51297755352304
105.8357662999999,21.00886369999996,67.08681737389591
105.8360662999999,21.00886369999996,62.53748709309122
105.8363662999999,21.00886369999996,56.525440588076975
105.83666629999988,21.00886369999996,69.63132531984022
105.83696629999989,21.00886369999996,71.49396590479824
105.83726629999988,21.00886369999996,55.39819554874949
105.83756629999988,21.00886369999996,56.744602507148485
105.83786629999987,21.00886369999996,59.765767791995195
105.83816629999988,21.00886369999996,71.04508352342394
105.83846629999988,21.00886369999996,64.23630344532107
105.83876629999986,21.00886369999996,67.15284597603589
105.83906629999986,21.00886369999996,63.507616403015014
105.83936629999984,21.00886369999996,62.37408233206874
105.83966629999983,21.00886369999996,57.82689680150962
105.83996629999984,21.00886369999996,71.58569749951185
105.84026629999984,21.00886369999996,57.97163202537278
105.84056629999984,21.00886369999996,56.63242637482432
105.84086629999985,21.00886369999996,56.87038372670437
105.84116629999984,21.00886369999996,62.05000774706831
105.84146629999982,21.00886369999996,67.95559797382143
105.84176629999982,21.00886369999996,56.95750191036526
105.8420662999998,21.00886369999996,56.53542715307004
105.8423662999998,21.00886369999996,56.59515724403812
105.8426662999998,21.00886369999996,56.59515724403812
105.8429662999998,21.00886369999996,54.654503858335666
105.8432662999998,21.00886369999996,57.10161352317902
105.8435662999998,21.00886369999996,63.63888364863342
105.8438662999998,21.00886369999996,63.93779399395121
105.84416629999978,21.00886369999996,64.50396120858368
105.84446629999978,21.00886369999996,64.50396120858368
105.84476629999978,21.00886369999996,64.03274348394726
105.84506629999976,21.00886369999996,64.01579437031813
105.84536629999975,21.00886369999996,63.501379932006174
105.84566629999976,21.00886369999996,58.554024015137344
105.84596629999976,21.00886369999996,70.0294503535541
105.84626629999975,21.00886369999996,55.80581817184281
105.84656629999976,21.00886369999996,58.479589723790575
105.84686629999976,21.00886369999996,60.88154618906836
105.84716629999974,21.00886369999996,58.10550071117451
105.84746629999974,21.00886369999996,60.045948457942345
105.84776629999972,21.00886369999996,69.7032038443162
105.84806629999972,21.00886369999996,60.040084111642656
105.84836629999973,21.00886369999996,63.05370925009759
105.84866629999972,21.00886369999996,62.89527330973936
105.84896629999972,21.00886369999996,72.25651661463881
105.84926629999973,21.00886369999996,63.73182691759291
105.84956629999972,21.00886369999996,64.66179091981071
105.8498662999997,21.00886369999996,68.82497717271258
105.8501662999997,21.00886369999996,69.71491969908553
105.8504662999997,21.00886369999996,70.06776127395906
105.85076629999968,21.00886369999996,67.81047650005705
105.85106629999969,21.00886369999996,67.91617450630248
105.85136629999968,21.00886369999996,69.1495035636787
105.85166629999968,21.00886369999996,73.18027710495294
105.85196629999967,21.00886369999996,69.20881313036271
105.85226629999968,21.00886369999996,74.27330179963093
105.85256629999968,21.00886369999996,72.59462397803411
105.85286629999966,21.00886369999996,72.34075238802332
105.85316629999966,21.00886369999996,71.55245326696459
105.85346629999964,21.00886369999996,71.32270389483186
105.85376629999963,21.00886369999996,74.58019365893377
105.85406629999964,21.00886369999996,73.04717605017234
105.85436629999964,21.00886369999996,74.07056292248477
105.85466629999964,21.00886369999996,73.54060137260147
105.85496629999965,21.00886369999996,70.74844733079851
105.85526629999964,21.00886369999996,72.06706771228052
105.85556629999962,21.00886369999996,67.12213349273792
105.85586629999962,21.00886369999996,67.70598349723723
105.8561662999996,21.00886369999996,65.01852300989164
105.8564662999996,21.00886369999996,68.3167914086202
105.8567662999996,21.00886369999996,68.90685939972275
105.8570662999996,21.00886369999996,69.04590680050673
105.8573662999996,21.00886369999996,67.12491827770947
105.8576662999996,21.00886369999996,57.95057997397996
105.8291663,21.00916369999996,60.70883398438519
105.8294663,21.00916369999996,57.120844769385975
105.8297663,21.00916369999996,71.99527611035853
105.83006629999998,21.00916369999996,71.35788753203187
105.83036629999998,21.00916369999996,64.64509747333862
105.83066629999998,21.00916369999996,59.527459587617805
105.83096629999996,21.00916369999996,58.41875664353781
105.83126629999995,21.00916369999996,65.54331660759023
105.83156629999996,21.00916369999996,73.09495468036528
105.83186629999996,21.00916369999996,62.039025157148025
105.83216629999995,21.00916369999996,66.57203374090605
105.83246629999996,21.00916369999996,71.98103580144657
105.83276629999996,21.00916369999996,71.00793229382586
105.83306629999994,21.00916369999996,72.6112690064481
105.83336629999994,21.00916369999996,64.84487763104926
105.83366629999992,21.00916369999996,70.5851621710301
105.83396629999991,21.00916369999996,62.37078707577634
105.83426629999992,21.00916369999996,59.25012198619284
105.83456629999992,21.00916369999996,66.72721077662351
105.83486629999992,21.00916369999996,70.00125625984285
105.83516629999993,21.00916369999996,67.37312382334387
105.83546629999992,21.00916369999996,71.50067182684978
105.8357662999999,21.00916369999996,63.91610279094242
105.8360662999999,21.00916369999996,58.91053770866816
105.8363662999999,21.00916369999996,64.79827376281257
105.83666629999988,21.00916369999996,67.529430965832
105.83696629999989,21.00916369999996,65.85205670275396
105.83726629999988,21.00916369999996,67.33719834768036
105.83756629999988,21.00916369999996,59.483717582314426
105.83786629999987,21.00916369999996,71.73617456510365
105.83816629999988,21.00916369999996,59.448663674560464
105.83846629999988,21.00916369999996,65.42700299581956
105.83876629999986,21.00916369999996,67.78804175010195
105.83906629999986,21.00916369999996,61.82516837566605
105.83936629999984,21.00916369999996,59.94625408070532
105.83966629999983,21.00916369999996,69.37325195811037
105.83996629999984,21.00916369999996,57.97163202537278
105.84026629999984,21.00916369999996,57.95802048161053
105.84056629999984,21.00916369999996,56.59515724403812
105.84086629999985,21.00916369999996,55.00581501124865
105.84116629999984,21.00916369999996,60.37632384357933
105.84146629999982,21.00916369999996,65.75322968171979
105.84176629999982,21.00916369999996,56.32106580456955
105.8420662999998,21.00916369999996,54.35580854441032
105.8423662999998,21.00916369999996,56.59515724403812
105.8426662999998,21.00916369999996,56.59515724403812
105.8429662999998,21.00916369999996,54.654503858335666
105.8432662999998,21.00916369999996,56.61233408726175
105.8435662999998,21.00916369999996,60.247690455396985
105.8438662999998,21.00916369999996,64.48167692044406
105.84416629999978,21.00916369999996,64.50396120858368
105.84446629999978,21.00916369999996,64.50396120858368
105.84476629999978,21.00916369999996,63.98508240752162
105.84506629999976,21.00916369999996,64.03274348394726
105.84536629999975,21.00916369999996,64.90745620179389
105.84566629999976,21.00916369999996,62.28944657998653
105.84596629999976,21.00916369999996,68.50307075745486
105.84626629999975,21.00916369999996,57.7467996135445
105.84656629999976,21.00916369999996,57.594206259770914
105.84686629999976,21.00916369999996,57.22964955482912
105.84716629999974,21.00916369999996,55.774623390843296
105.84746629999974,21.00916369999996,58.38316945902805
105.84776629999972,21.00916369999996,70.84265066407895
105.84806629999972,21.00916369999996,64.48888731652369
105.84836629999973,21.00916369999996,66.06539788171136
105.84866629999972,21.00916369999996,70.09949433445337
105.84896629999972,21.00916369999996,70.89211452608362
105.84926629999973,21.00916369999996,66.01696789752279
105.84956629999972,21.00916369999996,62.049394149473784
105.8498662999997,21.00916369999996,69.55167896468468
105.8501662999997,21.00916369999996,60.65604211929731
105.8504662999997,21.00916369999996,70.42881760653712
105.85076629999968,21.00916369999996,66.09757231398602
105.85106629999969,21.00916369999996,63.03263967637236
105.85136629999968,21.00916369999996,70.11355286432928
105.85166629999968,21.00916369999996,63.857276547805576
105.85196629999967,21.00916369999996,66.87902946669243
105.85226629999968,21.00916369999996,69.44391641002052
105.85256629999968,21.00916369999996,62.18054823246259
105.85286629999966,21.00916369999996,61.63084228694297
105.85316629999966,21.00916369999996,64.0704580007595
105.85346629999964,21.00916369999996,64.21197851347391
105.85376629999963,21.00916369999996,62.38767285888392
105.85406629999964,21.00916369999996,65.65850424400651
105.85436629999964,21.00916369999996,72.03091721263729
105.85466629999964,21.00916369999996,71.94719276055588
105.85496629999965,21.00916369999996,73.32972552189756
105.85526629999964,21.00916369999996,70.57522066881023
105.85556629999962,21.00916369999996,66.38862702030445
105.85586629999962,21.00916369999996,69.13708282832067
105.8561662999996,21.00916369999996,66.40960249664889
105.8564662999996,21.00916369999996,68.60494476543884
105.8567662999996,21.00916369999996,68.36813076547992
105.8570662999996,21.00916369999996,69.03391209973358
105.8573662999996,21.00916369999996,68.73627407227272
105.8576662999996,21.00916369999996,57.65487656216041
105.8291663,21.00946369999996,57.93880347981991
105.8294663,21.00946369999996,56.5326955823348
105.8297663,21.00946369999996,63.600771610705266
105.83006629999998,21.00946369999996,69.29268166234586
105.83036629999998,21.00946369999996,69.75719777573306
105.83066629999998,21.00946369999996,59.073966513436304
105.83096629999996,21.00946369999996,60.39152133629159
105.83126629999995,21.00946369999996,69.60088909055425
105.83156629999996,21.00946369999996,65.90923512040042
105.83186629999996,21.00946369999996,61.69794348650976
105.83216629999995,21.00946369999996,70.34617093409435
105.83246629999996,21.00946369999996,63.82999003878496
105.83276629999996,21.00946369999996,70.52284560698995
105.83306629999994,21.00946369999996,72.06141722752156
105.83336629999994,21.00946369999996,69.64132573421544
105.83366629999992,21.00946369999996,63.67089036174231
105.83396629999991,21.00946369999996,59.52519730579259
105.83426629999992,21.00946369999996,63.21619581689905
105.83456629999992,21.00946369999996,70.33427615022958
105.83486629999992,21.00946369999996,68.75324730641701
105.83516629999993,21.00946369999996,72.21178903285022
105.83546629999992,21.00946369999996,64.58839019894302
105.8357662999999,21.00946369999996,59.42787292302864
105.8360662999999,21.00946369999996,63.11272411090388
105.8363662999999,21.00946369999996,66.69614618252504
105.83666629999988,21.00946369999996,53.351221928736365
105.83696629999989,21.00946369999996,57.47279319418479
105.83726629999988,21.00946369999996,62.04461213877396
105.83756629999988,21.00946369999996,70.73311598717852
105.83786629999987,21.00946369999996,63.666007415658186
105.83816629999988,21.00946369999996,67.96303758875713
105.83846629999988,21.00946369999996,66.12926958938299
105.83876629999986,21.00946369999996,62.16122379780875
105.83906629999986,21.00946369999996,60.002019206714344
105.83936629999984,21.00946369999996,72.16548648866682
105.83966629999983,21.00946369999996,59.98121998452568
105.83996629999984,21.00946369999996,58.06644636738768
105.84026629999984,21.00946369999996,57.5607287815419
105.84056629999984,21.00946369999996,56.59515724403812
105.84086629999985,21.00946369999996,55.00581501124865
105.84116629999984,21.00946369999996,62.57886597639046
105.84146629999982,21.00946369999996,67.32923832492209
105.84176629999982,21.00946369999996,58.280863721007655
105.8420662999998,21.00946369999996,55.96759409727168
105.8423662999998,21.00946369999996,54.35580854441032
105.8426662999998,21.00946369999996,55.40626807181915
105.8429662999998,21.00946369999996,55.906137377947715
105.8432662999998,21.00946369999996,60.72126782938602
105.8435662999998,21.00946369999996,60.955814220253416
105.8438662999998,21.00946369999996,60.99157427298365
105.84416629999978,21.00946369999996,64.48167692044406
105.84446629999978,21.00946369999996,64.48167692044406
105.84476629999978,21.00946369999996,64.50396120858368
105.84506629999976,21.00946369999996,63.98508240752162
105.84536629999975,21.00946369999996,64.96026748920511
105.84566629999976,21.00946369999996,70.19375827475022
105.84596629999976,21.00946369999996,61.64114349256915
105.84626629999975,21.00946369999996,60.09917128238189
105.84656629999976,21.00946369999996,57.475372959636466
105.84686629999976,21.00946369999996,56.49174973289229
105.84716629999974,21.00946369999996,55.87020386418581
105.84746629999974,21.00946369999996,56.51350674667928
105.84776629999972,21.00946369999996,68.84350625492114
105.84806629999972,21.00946369999996,62.2176110249166
105.84836629999973,21.00946369999996,67.39080932092979
105.84866629999972,21.00946369999996,71.86379246188017
105.84896629999972,21.00946369999996,71.40016736485022
105.84926629999973,21.00946369999996,66.14869294084981
105.84956629999972,21.00946369999996,61.669680654479265
105.8498662999997,21.00946369999996,68.85610125623498
105.8501662999997,21.00946369999996,70.7214876887982
105.8504662999997,21.00946369999996,66.09757231398602
105.85076629999968,21.00946369999996,67.57452353526992
105.85106629999969,21.00946369999996,63.27979909148787
105.85136629999968,21.00946369999996,67.90286039754622
105.85166629999968,21.00946369999996,63.92107694965859
105.85196629999967,21.00946369999996,64.27588628985784
105.85226629999968,21.00946369999996,71.33076909911097
105.85256629999968,21.00946369999996,63.33758538012596
105.85286629999966,21.00946369999996,63.30046715855125
105.85316629999966,21.00946369999996,63.16719538687343
105.85346629999964,21.00946369999996,65.20195909839967
105.85376629999963,21.00946369999996,63.60881309390239
105.85406629999964,21.00946369999996,74.25570789554432
105.85436629999964,21.00946369999996,74.32324143386433
105.85466629999964,21.00946369999996,72.3042033930753
105.85496629999965,21.00946369999996,65.03410526118894
105.85526629999964,21.00946369999996,62.25148594776323
105.85556629999962,21.00946369999996,60.345025333004465
105.85586629999962,21.00946369999996,62.707025216545205
105.8561662999996,21.00946369999996,66.44110672272475
105.8564662999996,21.00946369999996,65.1739693286335
105.8567662999996,21.00946369999996,61.00669693868989
105.8570662999996,21.00946369999996,58.973683150699514
105.8573662999996,21.00946369999996,58.179724637086395
105.8576662999996,21.00946369999996,58.51143303106708
105.8291663,21.00976369999996,57.898848018413766
105.8294663,21.00976369999996,56.94905468168375
105.8297663,21.00976369999996,58.74614459733349
105.83006629999998,21.00976369999996,69.16713775457345
105.83036629999998,21.00976369999996,69.30053816338676
105.83066629999998,21.00976369999996,58.24478742956952
105.83096629999996,21.00976369999996,58.49415532413851
105.83126629999995,21.00976369999996,70.4138913973641
105.83156629999996,21.00976369999996,63.03289842377038
105.83186629999996,21.00976369999996,70.38237964914917
105.83216629999995,21.00976369999996,72.62250906364456
105.83246629999996,21.00976369999996,57.523776201831645
105.83276629999996,21.00976369999996,58.460260566422875
105.83306629999994,21.00976369999996,67.14988820014086
105.83336629999994,21.00976369999996,70.49113744860986
105.83366629999992,21.00976369999996,66.33097652387588
105.83396629999991,21.00976369999996,63.987904484831425
105.83426629999992,21.00976369999996,72.01941507927235
105.83456629999992,21.00976369999996,64.25586742232782
105.83486629999992,21.00976369999996,58.46828370830135
105.83516629999993,21.00976369999996,69.58662509357268
105.83546629999992,21.00976369999996,69.35756360960646
105.8357662999999,21.00976369999996,63.73316702735518
105.8360662999999,21.00976369999996,66.41194283286632
105.8363662999999,21.00976369999996,57.67949942185957
105.83666629999988,21.00976369999996,56.464696447890454
105.83696629999989,21.00976369999996,56.57440612541887
105.83726629999988,21.00976369999996,68.00552239528439
105.83756629999988,21.00976369999996,62.201207647046
105.83786629999987,21.00976369999996,66.83048263886123
105.83816629999988,21.00976369999996,70.17845884952922
105.83846629999988,21.00976369999996,60.525755802422275
105.83876629999986,21.00976369999996,61.76473268837401
105.83906629999986,21.00976369999996,72.28614651250331
105.83936629999984,21.00976369999996,61.93501409636218
105.83966629999983,21.00976369999996,58.08280094666634
105.83996629999984,21.00976369999996,56.23294848374737
105.84026629999984,21.00976369999996,56.59515724403812
105.84056629999984,21.00976369999996,54.654503858335666
105.84086629999985,21.00976369999996,54.6649655196409
105.84116629999984,21.00976369999996,62.78296926989252
105.84146629999982,21.00976369999996,68.34723572131257
105.84176629999982,21.00976369999996,59.71610121630091
105.8420662999998,21.00976369999996,57.70166238586449
105.8423662999998,21.00976369999996,61.38587576591657
105.8426662999998,21.00976369999996,59.30266123111288
105.8429662999998,21.00976369999996,59.19737336158472
105.8432662999998,21.00976369999996,60.955814220253416
105.8435662999998,21.00976369999996,60.85761067278517
105.8438662999998,21.00976369999996,63.17324939723965
105.84416629999978,21.00976369999996,64.48167692044406
105.84446629999978,21.00976369999996,64.48167692044406
105.84476629999978,21.00976369999996,64.50396120858368
105.84506629999976,21.00976369999996,64.50396120858368
105.84536629999975,21.00976369999996,63.482111625558915
105.84566629999976,21.00976369999996,69.93516231210334
105.84596629999976,21.00976369999996,63.66664701589694
105.84626629999975,21.00976369999996,62.66780577126335
105.84656629999976,21.00976369999996,60.19839987010874
105.84686629999976,21.00976369999996,55.76190868728554
105.84716629999974,21.00976369999996,57.40937507992262
105.84746629999974,21.00976369999996,55.931297897558046
105.84776629999972,21.00976369999996,67.62966707070953
105.84806629999972,21.00976369999996,62.54153441309765
105.84836629999973,21.00976369999996,72.2674249086505
105.84866629999972,21.00976369999996,72.05165715956296
105.84896629999972,21.00976369999996,73.47990279686934
105.84926629999973,21.00976369999996,68.773954538241
105.84956629999972,21.00976369999996,61.60974822961067
105.8498662999997,21.00976369999996,68.5133064343426
105.8501662999997,21.00976369999996,64.81228175771865
105.8504662999997,21.00976369999996,61.387401012530056
105.85076629999968,21.00976369999996,69.17932609283756
105.85106629999969,21.00976369999996,61.88841818680166
105.85136629999968,21.00976369999996,67.88690963529454
105.85166629999968,21.00976369999996,66.82276120573198
105.85196629999967,21.00976369999996,69.02095907908107
105.85226629999968,21.00976369999996,71.21571413698328
105.85256629999968,21.00976369999996,67.07591974807339
105.85286629999966,21.00976369999996,68.33461788868149
105.85316629999966,21.00976369999996,64.37839247805466
105.85346629999964,21.00976369999996,64.99052461321365
105.85376629999963,21.00976369999996,66.50598942950134
105.85406629999964,21.00976369999996,73.73549176579748
105.85436629999964,21.00976369999996,63.75254755839167
105.85466629999964,21.00976369999996,67.24229793685622
105.85496629999965,21.00976369999996,63.372086390979995
105.85526629999964,21.00976369999996,62.29031550917187
105.85556629999962,21.00976369999996,62.209359713934745
105.85586629999962,21.00976369999996,58.45148861723312
105.8561662999996,21.00976369999996,61.835197668921566
105.8564662999996,21.00976369999996,61.50833602425786
105.8567662999996,21.00976369999996,59.13916053411952
105.8570662999996,21.00976369999996,59.31507912002371
105.8573662999996,21.00976369999996,59.61986658368155
105.8576662999996,21.00976369999996,59.19143417165646
105.8291663,21.010063699999957,57.898848018413766
105.8294663,21.010063699999957,58.28172382386459
105.8297663,21.010063699999957,58.52053251865501
105.83006629999998,21.010063699999957,58.21914582166957
105.83036629999998,21.010063699999957,70.5835577872891
105.83066629999998,21.010063699999957,63.50997184776532
105.83096629999996,21.010063699999957,63.75482644013944
105.83126629999995,21.010063699999957,67.11135698548665
105.83156629999996,21.010063699999957,58.28240404439884
105.83186629999996,21.010063699999957,63.85660710968474
105.83216629999995,21.010063699999957,63.11031724314866
105.83246629999996,21.010063699999957,72.44786226868898
105.83276629999996,21.010063699999957,59.89669491335776
105.83306629999994,21.010063699999957,59.478725574499784
105.83336629999994,21.010063699999957,64.04423751801096
105.83366629999992,21.010063699999957,66.49914258239842
105.83396629999991,21.010063699999957,67.10021483949173
105.83426629999992,21.010063699999957,61.33988188131972
105.83456629999992,21.010063699999957,61.09268774196378
105.83486629999992,21.010063699999957,57.680043993252575
105.83516629999993,21.010063699999957,60.618737642909714
105.83546629999992,21.010063699999957,52.958794861297015
105.8357662999999,21.010063699999957,67.24064072339769
105.8360662999999,21.010063699999957,61.64364983468179
105.8363662999999,21.010063699999957,55.727628937936245
105.83666629999988,21.010063699999957,55.97102599620566
105.83696629999989,21.010063699999957,66.45339972835613
105.83726629999988,21.010063699999957,64.4497203561011
105.83756629999988,21.010063699999957,66.7808427542907
105.83786629999987,21.010063699999957,66.29758453305665
105.83816629999988,21.010063699999957,59.8444623870353
105.83846629999988,21.010063699999957,61.44558977579917
105.83876629999986,21.010063699999957,72.09552832640615
105.83906629999986,21.010063699999957,61.9605618675335
105.83936629999984,21.010063699999957,59.833008185807614
105.83966629999983,21.010063699999957,57.7151352144747
105.83996629999984,21.010063699999957,56.619723484092
105.84026629999984,21.010063699999957,56.619723484092
105.84056629999984,21.010063699999957,56.619723484092
105.84086629999985,21.010063699999957,58.73782750804085
105.84116629999984,21.010063699999957,65.19686966514305
105.84146629999982,21.010063699999957,68.18111340917105
105.84176629999982,21.010063699999957,60.99241558159107
105.8420662999998,21.010063699999957,60.91445317050572
105.8423662999998,21.010063699999957,60.91445317050572
105.8426662999998,21.010063699999957,61.122915445355865
105.8429662999998,21.010063699999957,62.83506448277479
105.8432662999998,21.010063699999957,61.628056148445005
105.8435662999998,21.010063699999957,61.122915445355865
105.8438662999998,21.010063699999957,64.56806104157293
105.84416629999978,21.010063699999957,64.48167692044406
105.84446629999978,21.010063699999957,64.48167692044406
105.84476629999978,21.010063699999957,64.48167692044406
105.84506629999976,21.010063699999957,65.36762294882008
105.84536629999975,21.010063699999957,65.52199235440128
105.84566629999976,21.010063699999957,68.88976746812673
105.84596629999976,21.010063699999957,64.59941221755673
105.84626629999975,21.010063699999957,62.033297458494296
105.84656629999976,21.010063699999957,63.4454709123076
105.84686629999976,21.010063699999957,62.119265726582064
105.84716629999974,21.010063699999957,55.62794712312169
105.84746629999974,21.010063699999957,56.93549070026514
105.84776629999972,21.010063699999957,70.76427743047084
105.84806629999972,21.010063699999957,63.099439054293214
105.84836629999973,21.010063699999957,63.43991407243367
105.84866629999972,21.010063699999957,68.92569660723633
105.84896629999972,21.010063699999957,73.93613238508553
105.84926629999973,21.010063699999957,67.20403419895192
105.84956629999972,21.010063699999957,71.91257094214144
105.8498662999997,21.010063699999957,65.73547127883619
105.8501662999997,21.010063699999957,62.742218181606624
105.8504662999997,21.010063699999957,61.93989790781746
105.85076629999968,21.010063699999957,69.78611280932147
105.85106629999969,21.010063699999957,61.876300576529424
105.85136629999968,21.010063699999957,67.02119789292641
105.85166629999968,21.010063699999957,70.14416694463418
105.85196629999967,21.010063699999957,69.59500126192398
105.85226629999968,21.010063699999957,71.27978680678508
105.85256629999968,21.010063699999957,75.06420395214643
105.85286629999966,21.010063699999957,74.70294854602932
105.85316629999966,21.010063699999957,74.39529265035841
105.85346629999964,21.010063699999957,74.84047956087747
105.85376629999963,21.010063699999957,73.90580724045662
105.85406629999964,21.010063699999957,72.79103312895917
105.85436629999964,21.010063699999957,63.03522198719762
105.85466629999964,21.010063699999957,68.40699927207166
105.85496629999965,21.010063699999957,64.35552771098642
105.85526629999964,21.010063699999957,61.373085564258275
105.85556629999962,21.010063699999957,59.922872205254095
105.85586629999962,21.010063699999957,60.34361613665721
105.8561662999996,21.010063699999957,61.38712052413206
105.8564662999996,21.010063699999957,61.52681181141723
105.8567662999996,21.010063699999957,62.09277484469431
105.8570662999996,21.010063699999957,59.099205072713374
105.8573662999996,21.010063699999957,58.387741045676776
105.8576662999996,21.010063699999957,58.387741045676776
105.8291663,21.010363699999957,58.387741045676776
105.8294663,21.010363699999957,57.37213916066127
105.8297663,21.010363699999957,57.559770041141114
105.83006629999998,21.010363699999957,57.30229696883346
105.83036629999998,21.010363699999957,61.71876099011358
105.83066629999998,21.010363699999957,68.93816928442867
105.83096629999996,21.010363699999957,65.85858501886027
105.83126629999995,21.010363699999957,66.13114496937234
105.83156629999996,21.010363699999957,62.22067586391318
105.83186629999996,21.010363699999957,68.57553018616404
105.83216629999995,21.010363699999957,53.97728877140602
105.83246629999996,21.010363699999957,55.217056860779415
105.83276629999996,21.010363699999957,68.77160714534317
105.83306629999994,21.010363699999957,60.93779871071605
105.83336629999994,21.010363699999957,64.4891213557017
105.83366629999992,21.010363699999957,69.8036366028338
105.83396629999991,21.010363699999957,58.630575245652075
105.83426629999992,21.010363699999957,59.1230352934591
105.83456629999992,21.010363699999957,63.28577885107129
105.83486629999992,21.010363699999957,56.49747508302372
105.83516629999993,21.010363699999957,54.908506952140606
105.83546629999992,21.010363699999957,53.63412935761644
105.8357662999999,21.010363699999957,54.081793054074026
105.8360662999999,21.010363699999957,66.70526171821538
105.8363662999999,21.010363699999957,67.02355217473492
105.83666629999988,21.010363699999957,66.59594145310088
105.83696629999989,21.010363699999957,64.83028822004441
105.83726629999988,21.010363699999957,61.977588188287136
105.83756629999988,21.010363699999957,66.48010759162558
105.83786629999987,21.010363699999957,67.69020712679368
105.83816629999988,21.010363699999957,67.75221887557665
105.83846629999988,21.010363699999957,68.85808591849803
105.83876629999986,21.010363699999957,58.439884395880895
105.83906629999986,21.010363699999957,59.091221745458746
105.83936629999984,21.010363699999957,58.39878802831554
105.83966629999983,21.010363699999957,57.83645501980237
105.83996629999984,21.010363699999957,57.80996905284285
105.84026629999984,21.010363699999957,58.38917038798602
105.84056629999984,21.010363699999957,57.092305005230976
105.84086629999985,21.010363699999957,63.95448955150473
105.84116629999984,21.010363699999957,71.38926988082665
105.84146629999982,21.010363699999957,66.98676806563668
105.84176629999982,21.010363699999957,63.82446141693641
105.8420662999998,21.010363699999957,64.56806104157293
105.8423662999998,21.010363699999957,64.56806104157293
105.8426662999998,21.010363699999957,64.48167692044406
105.8429662999998,21.010363699999957,63.63062919675085
105.8432662999998,21.010363699999957,64.56039180107165
105.8435662999998,21.010363699999957,64.56806104157293
105.8438662999998,21.010363699999957,64.56039180107165
105.84416629999978,21.010363699999957,64.48167692044406
105.84446629999978,21.010363699999957,64.48167692044406
105.84476629999978,21.010363699999957,64.48167692044406
105.84506629999976,21.010363699999957,64.48167692044406
105.84536629999975,21.010363699999957,63.68121524476503
105.84566629999976,21.010363699999957,71.50801130780546
105.84596629999976,21.010363699999957,63.27975361714967
105.84626629999975,21.010363699999957,63.15041186542464
105.84656629999976,21.010363699999957,63.45454817395127
105.84686629999976,21.010363699999957,60.25150092704936
105.84716629999974,21.010363699999957,55.58679855341902
105.84746629999974,21.010363699999957,55.16719459286766
105.84776629999972,21.010363699999957,70.27534182647922
105.84806629999972,21.010363699999957,65.01883652698601
105.84836629999973,21.010363699999957,62.964222713932415
105.84866629999972,21.010363699999957,67.48628538561564
105.84896629999972,21.010363699999957,71.9823111988995
105.84926629999973,21.010363699999957,73.1610265898962
105.84956629999972,21.010363699999957,68.48310277910359
105.8498662999997,21.010363699999957,64.31370448143906
105.8501662999997,21.010363699999957,61.341945163762375
105.8504662999997,21.010363699999957,65.63975475876734
105.85076629999968,21.010363699999957,68.47436488298636
105.85106629999969,21.010363699999957,66.12408883408817
105.85136629999968,21.010363699999957,65.76362600998067
105.85166629999968,21.010363699999957,68.5463495036157
105.85196629999967,21.010363699999957,67.68121159913302
105.85226629999968,21.010363699999957,72.07807400831153
105.85256629999968,21.010363699999957,67.84551831917969
105.85286629999966,21.010363699999957,73.62096759663004
105.85316629999966,21.010363699999957,63.1677941435202
105.85346629999964,21.010363699999957,64.59647710729745
105.85376629999963,21.010363699999957,64.74323536418838
105.85406629999964,21.010363699999957,63.44197510877349
105.85436629999964,21.010363699999957,67.49681376373887
105.85466629999964,21.010363699999957,71.13063754797466
105.85496629999965,21.010363699999957,63.31704144364461
105.85526629999964,21.010363699999957,62.73150340206243
105.85556629999962,21.010363699999957,61.94645665493971
105.85586629999962,21.010363699999957,59.886236337146
105.8561662999996,21.010363699999957,61.19563279277676
105.8564662999996,21.010363699999957,64.7417127860447
105.8567662999996,21.010363699999957,63.66665609794739
105.8570662999996,21.010363699999957,59.3922348585534
105.8573662999996,21.010363699999957,58.42769650708292
105.8576662999996,21.010363699999957,58.387741045676776
105.8291663,21.010663699999956,59.743180174198
105.8294663,21.010663699999956,57.58169740346703
105.8297663,21.010663699999956,56.52053657151076
105.83006629999998,21.010663699999956,57.63081470482271
105.83036629999998,21.010663699999956,57.35822872614117
105.83066629999998,21.010663699999956,69.22563685018986
105.83096629999996,21.010663699999956,67.6566747192264
105.83126629999995,21.010663699999956,55.59102318263139
105.83156629999996,21.010663699999956,61.51986320956944
105.83186629999996,21.010663699999956,66.58241370189172
105.83216629999995,21.010663699999956,54.31797575608233
105.83246629999996,21.010663699999956,51.330992097803154
105.83276629999996,21.010663699999956,69.13809424658548
105.83306629999994,21.010663699999956,68.26762935078891
105.83336629999994,21.010663699999956,69.98680843097169
105.83366629999992,21.010663699999956,58.33588676057134
105.83396629999991,21.010663699999956,58.45130322070415
105.83426629999992,21.010663699999956,59.60247724822272
105.83456629999992,21.010663699999956,58.00301081985066
105.83486629999992,21.010663699999956,61.29256362312148
105.83516629999993,21.010663699999956,58.27666294466425
105.83546629999992,21.010663699999956,54.29660511384614
105.8357662999999,21.010663699999956,54.38339662836655
105.8360662999999,21.010663699999956,56.1404241146912
105.8363662999999,21.010663699999956,67.90287967999681
105.83666629999988,21.010663699999956,68.75975892712229
105.83696629999989,21.010663699999956,60.04868690537689
105.83726629999988,21.010663699999956,69.8971692558376
105.83756629999988,21.010663699999956,67.72609692829536
105.83786629999987,21.010663699999956,70.808147598423
105.83816629999988,21.010663699999956,55.289666849806544
105.83846629999988,21.010663699999956,55.814980278278675
105.83876629999986,21.010663699999956,56.90021641054603
105.83906629999986,21.010663699999956,57.88337401920439
105.83936629999984,21.010663699999956,57.54755210859603
105.83966629999983,21.010663699999956,56.33383432898173
105.83996629999984,21.010663699999956,58.38917038798602
105.84026629999984,21.010663699999956,61.54424594036449
105.84056629999984,21.010663699999956,66.46363290191066
105.84086629999985,21.010663699999956,67.27815125979419
105.84116629999984,21.010663699999956,75.21657560758533
105.84146629999982,21.010663699999956,71.30681433044622
105.84176629999982,21.010663699999956,65.26289928759411
105.8420662999998,21.010663699999956,64.48167692044406
105.8423662999998,21.010663699999956,64.48167692044406
105.8426662999998,21.010663699999956,64.48167692044406
105.8429662999998,21.010663699999956,64.48167692044406
105.8432662999998,21.010663699999956,64.48167692044406
105.8435662999998,21.010663699999956,64.48167692044406
105.8438662999998,21.010663699999956,64.48167692044406
105.84416629999978,21.010663699999956,64.48167692044406
105.84446629999978,21.010663699999956,64.48167692044406
105.84476629999978,21.010663699999956,64.48167692044406
105.84506629999976,21.010663699999956,64.48167692044406
105.84536629999975,21.010663699999956,65.26091117787138
105.84566629999976,21.010663699999956,72.1719034274257
105.84596629999976,21.010663699999956,64.3140611017959
105.84626629999975,21.010663699999956,64.73689024414158
105.84656629999976,21.010663699999956,62.57311806103314
105.84686629999976,21.010663699999956,58.72266370412562
105.84716629999974,21.010663699999956,55.45289637664734
105.84746629999974,21.010663699999956,57.687638119165975
105.84776629999972,21.010663699999956,66.43240738470637
105.84806629999972,21.010663699999956,64.79417271722177
105.84836629999973,21.010663699999956,63.573151517842525
105.84866629999972,21.010663699999956,62.49126332925565
105.84896629999972,21.010663699999956,75.273853705385
105.84926629999973,21.010663699999956,70.29729980925589
105.84956629999972,21.010663699999956,74.88805650503973
105.8498662999997,21.010663699999956,73.5625694969735
105.8501662999997,21.010663699999956,73.41342901821274
105.8504662999997,21.010663699999956,72.839745803461
105.85076629999968,21.010663699999956,71.61098527799166
105.85106629999969,21.010663699999956,73.82390750303254
105.85136629999968,21.010663699999956,71.26318339886043
105.85166629999968,21.010663699999956,76.47818873936961
105.85196629999967,21.010663699999956,66.27739185867709
105.85226629999968,21.010663699999956,73.2661216930606
105.85256629999968,21.010663699999956,67.69766591876241
105.85286629999966,21.010663699999956,74.94202771764019
105.85316629999966,21.010663699999956,67.30568864874007
105.85346629999964,21.010663699999956,67.84120771210114
105.85376629999963,21.010663699999956,66.39415660118829
105.85406629999964,21.010663699999956,63.2885636788463
105.85436629999964,21.010663699999956,68.79650571325996
105.85466629999964,21.010663699999956,74.38660907868947
105.85496629999965,21.010663699999956,60.40122988308997
105.85526629999964,21.010663699999956,62.75255730258079
105.85556629999962,21.010663699999956,61.01853466004887
105.85586629999962,21.010663699999956,59.91593114454635
105.8561662999996,21.010663699999956,59.90018933211607
105.8564662999996,21.010663699999956,68.2388850693883
105.8567662999996,21.010663699999956,65.18147580020383
105.8570662999996,21.010663699999956,60.32755753512477
105.8573662999996,21.010663699999956,58.42769650708292
105.8576662999996,21.010663699999956,58.387741045676776
105.8291663,21.010963699999955,59.20482226141497
105.8294663,21.010963699999955,58.16020000257018
105.8297663,21.010963699999955,56.4774362091718
105.83006629999998,21.010963699999955,57.70465059742987
105.83036629999998,21.010963699999955,56.27641929633871
105.83066629999998,21.010963699999955,67.54233551844958
105.83096629999996,21.010963699999955,56.53913423173986
105.83126629999995,21.010963699999955,53.08521208501523
105.83156629999996,21.010963699999955,54.30161970665004
105.83186629999996,21.010963699999955,54.285380817697494
105.83216629999995,21.010963699999955,52.282399063042135
105.83246629999996,21.010963699999955,68.38217819925988
105.83276629999996,21.010963699999955,63.24330527130538
105.83306629999994,21.010963699999955,53.84639522941754
105.83336629999994,21.010963699999955,54.105950241957785
105.83366629999992,21.010963699999955,52.944001663983826
105.83396629999991,21.010963699999955,55.42438863112383
105.83426629999992,21.010963699999955,54.51798660397841
105.83456629999992,21.010963699999955,54.07068837321988
105.83486629999992,21.010963699999955,57.26656246633559
105.83516629999993,21.010963699999955,55.15415523601343
105.83546629999992,21.010963699999955,59.10942763610567
105.8357662999999,21.010963699999955,57.03855402364368
105.8360662999999,21.010963699999955,58.387535033064665
105.8363662999999,21.010963699999955,57.853326292484546
105.83666629999988,21.010963699999955,68.75711637467764
105.83696629999989,21.010963699999955,67.56107471093112
105.83726629999988,21.010963699999955,72.22971311049318
105.83756629999988,21.010963699999955,61.31316714602739
105.83786629999987,21.010963699999955,65.62259047189991
105.83816629999988,21.010963699999955,54.63307990021637
105.83846629999988,21.010963699999955,58.56674269593901
105.83876629999986,21.010963699999955,57.58778126439006
105.83906629999986,21.010963699999955,57.88337401920439
105.83936629999984,21.010963699999955,57.88337401920439
105.83966629999983,21.010963699999955,57.01723200133334
105.83996629999984,21.010963699999955,62.26824017061455
105.84026629999984,21.010963699999955,69.14111326993657
105.84056629999984,21.010963699999955,63.84479811839433
105.84086629999985,21.010963699999955,65.90271704222504
105.84116629999984,21.010963699999955,72.09415939293318
105.84146629999982,21.010963699999955,71.30681433044622
105.84176629999982,21.010963699999955,65.26289928759411
105.8420662999998,21.010963699999955,64.48167692044406
105.8423662999998,21.010963699999955,64.48167692044406
105.8426662999998,21.010963699999955,64.48167692044406
105.8429662999998,21.010963699999955,64.48167692044406
105.8432662999998,21.010963699999955,64.48167692044406
105.8435662999998,21.010963699999955,64.48167692044406
105.8438662999998,21.010963699999955,64.48167692044406
105.84416629999978,21.010963699999955,64.48167692044406
105.84446629999978,21.010963699999955,64.48167692044406
105.84476629999978,21.010963699999955,64.48167692044406
105.84506629999976,21.010963699999955,64.48167692044406
105.84536629999975,21.010963699999955,65.12295015543154
105.84566629999976,21.010963699999955,66.00895400785532
105.84596629999976,21.010963699999955,69.81257787472471
105.84626629999975,21.010963699999955,65.04483612253189
105.84656629999976,21.010963699999955,63.29645932255019
105.84686629999976,21.010963699999955,57.598402831764574
105.84716629999974,21.010963699999955,57.556869622271186
105.84746629999974,21.010963699999955,58.32016498952193
105.84776629999972,21.010963699999955,67.42472305375755
105.84806629999972,21.010963699999955,65.57527629793708
105.84836629999973,21.010963699999955,61.01857904157769
105.84866629999972,21.010963699999955,71.72977562621664
105.84896629999972,21.010963699999955,73.63505921895164
105.84926629999973,21.010963699999955,68.73852107204476
105.84956629999972,21.010963699999955,66.01423750606621
105.8498662999997,21.010963699999955,72.98868195214713
105.8501662999997,21.010963699999955,65.3327028931905
105.8504662999997,21.010963699999955,66.6694145724645
105.85076629999968,21.010963699999955,77.84196279508187
105.85106629999969,21.010963699999955,70.56816118027892
105.85136629999968,21.010963699999955,64.03793025677975
105.85166629999968,21.010963699999955,73.90829438514314
105.85196629999967,21.010963699999955,61.52635986837126
105.85226629999968,21.010963699999955,72.66482247036377
105.85256629999968,21.010963699999955,67.81995367825554
105.85286629999966,21.010963699999955,70.27235098451249
105.85316629999966,21.010963699999955,62.69185632586405
105.85346629999964,21.010963699999955,62.40582564084421
105.85376629999963,21.010963699999955,66.65356494529203
105.85406629999964,21.010963699999955,66.82747559740449
105.85436629999964,21.010963699999955,68.56269237260646
105.85466629999964,21.010963699999955,71.86235892201645
105.85496629999965,21.010963699999955,61.20527401912525
105.85526629999964,21.010963699999955,61.40475046087423
105.85556629999962,21.010963699999955,69.32004833907695
105.85586629999962,21.010963699999955,69.44011528970096
105.8561662999996,21.010963699999955,67.91741881777227
105.8564662999996,21.010963699999955,67.79639578439041
105.8567662999996,21.010963699999955,64.71268391889444
105.8570662999996,21.010963699999955,61.496585294603285
105.8573662999996,21.010963699999955,59.265957606480065
105.8576662999996,21.010963699999955,58.387741045676776
105.8291663,21.01126369999995,58.03700356501264
105.8294663,21.01126369999995,58.100561067119735
105.8297663,21.01126369999995,56.721033515097766
105.83006629999998,21.01126369999995,57.058457790343894
105.83036629999998,21.01126369999995,56.8020606401101
105.83066629999998,21.01126369999995,67.88929341441236
105.83096629999996,21.01126369999995,65.05454267655834
105.83126629999995,21.01126369999995,60.4844284472132
105.83156629999996,21.01126369999995,54.990195869277635
105.83186629999996,21.01126369999995,53.276858524722186
105.83216629999995,21.01126369999995,65.5076133435838
105.83246629999996,21.01126369999995,64.68072854362579
105.83276629999996,21.01126369999995,58.0966316007001
105.83306629999994,21.01126369999995,56.39225836929435
105.83336629999994,21.01126369999995,53.97518267533254
105.83366629999992,21.01126369999995,56.54787924109921
105.83396629999991,21.01126369999995,53.53654164532365
105.83426629999992,21.01126369999995,55.979911953953234
105.83456629999992,21.01126369999995,57.04963068116444
105.83486629999992,21.01126369999995,56.95023983566763
105.83516629999993,21.01126369999995,55.17579846169552
105.83546629999992,21.01126369999995,57.60738136172387
105.8357662999999,21.01126369999995,56.97459792512822
105.8360662999999,21.01126369999995,57.07175033947314
105.8363662999999,21.01126369999995,56.53041239672261
105.83666629999988,21.01126369999995,70.44874731369927
105.83696629999989,21.01126369999995,67.17103579016857
105.83726629999988,21.01126369999995,63.64002053952451
105.83756629999988,21.01126369999995,69.40758390141289
105.83786629999987,21.01126369999995,60.62172551203784
105.83816629999988,21.01126369999995,56.34765262505232
105.83846629999988,21.01126369999995,55.90468290895181
105.83876629999986,21.01126369999995,57.58778126439006
105.83906629999986,21.01126369999995,57.61264645954578
105.83936629999984,21.01126369999995,55.040153534321696
105.83966629999983,21.01126369999995,58.4118868051408
105.83996629999984,21.01126369999995,69.73829113991242
105.84026629999984,21.01126369999995,64.18638972116443
105.84056629999984,21.01126369999995,63.486276502471554
105.84086629999985,21.01126369999995,66.09667860635271
105.84116629999984,21.01126369999995,72.09062328306176
105.84146629999982,21.01126369999995,71.30681433044622
105.84176629999982,21.01126369999995,65.26091117787138
105.8420662999998,21.01126369999995,64.48167692044406
105.8423662999998,21.01126369999995,64.48167692044406
105.8426662999998,21.01126369999995,64.48167692044406
105.8429662999998,21.01126369999995,64.48167692044406
105.8432662999998,21.01126369999995,64.48167692044406
105.8435662999998,21.01126369999995,64.48167692044406
105.8438662999998,21.01126369999995,64.48167692044406
105.84416629999978,21.01126369999995,64.48167692044406
105.84446629999978,21.01126369999995,64.48167692044406
105.84476629999978,21.01126369999995,64.48167692044406
105.84506629999976,21.01126369999995,64.48167692044406
105.84536629999975,21.01126369999995,65.137396982337
105.84566629999976,21.01126369999995,66.29620726293659
105.84596629999976,21.01126369999995,70.66054811534262
105.84626629999975,21.01126369999995,64.9817795852129
105.84656629999976,21.01126369999995,64.1393266681207
105.84686629999976,21.01126369999995,60.80458208303429
105.84716629999974,21.01126369999995,57.22305470346225
105.84746629999974,21.01126369999995,59.25730806852147
105.84776629999972,21.01126369999995,65.36369112352992
105.84806629999972,21.01126369999995,69.44851497276683
105.84836629999973,21.01126369999995,68.59635352137526
105.84866629999972,21.01126369999995,68.94033720340424
105.84896629999972,21.01126369999995,72.03867845783407
105.84926629999973,21.01126369999995,70.57310266549456
105.84956629999972,21.01126369999995,68.51489829810365
105.8498662999997,21.01126369999995,74.09678870735553
105.8501662999997,21.01126369999995,64.6279928955721
105.8504662999997,21.01126369999995,61.516110155155495
105.85076629999968,21.01126369999995,70.88911227924078
105.85106629999969,21.01126369999995,68.62664940456199
105.85136629999968,21.01126369999995,66.83954169113031
105.85166629999968,21.01126369999995,70.47449999557453
105.85196629999967,21.01126369999995,63.91208224276343
105.85226629999968,21.01126369999995,68.78450279686574
105.85256629999968,21.01126369999995,62.919880483623665
105.85286629999966,21.01126369999995,63.9539930265369
105.85316629999966,21.01126369999995,65.83807214004959
105.85346629999964,21.01126369999995,61.09303338543282
105.85376629999963,21.01126369999995,68.45986770684857
105.85406629999964,21.01126369999995,72.27620693112998
105.85436629999964,21.01126369999995,69.4071225006844
105.85466629999964,21.01126369999995,69.68478798440978
105.85496629999965,21.01126369999995,59.572315267807205
105.85526629999964,21.01126369999995,60.238519967124454
105.85556629999962,21.01126369999995,61.56932682462437
105.85586629999962,21.01126369999995,59.193807831745616
105.8561662999996,21.01126369999995,60.16113064017948
105.8564662999996,21.01126369999995,68.26144632089171
105.8567662999996,21.01126369999995,65.32502649647611
105.8570662999996,21.01126369999995,59.3922348585534
105.8573662999996,21.01126369999995,58.387741045676776
105.8576662999996,21.01126369999995,58.42769650708292
105.8291663,21.011563699999954,57.6757513061564
105.8294663,21.011563699999954,58.51034824074016
105.8297663,21.011563699999954,59.771512616609506
105.83006629999998,21.011563699999954,58.305325731278245
105.83036629999998,21.011563699999954,67.5112047295365
105.83066629999998,21.011563699999954,69.19965192934087
105.83096629999996,21.011563699999954,62.969971613381205
105.83126629999995,21.011563699999954,65.62899454792017
105.83156629999996,21.011563699999954,66.34954947369167
105.83186629999996,21.011563699999954,63.96319555705237
105.83216629999995,21.011563699999954,66.05849983789123
105.83246629999996,21.011563699999954,58.97936857908723
105.83276629999996,21.011563699999954,60.03397113343866
105.83306629999994,21.011563699999954,57.48154242145843
105.83336629999994,21.011563699999954,55.31440362886395
105.83366629999992,21.011563699999954,57.368630003404235
105.83396629999991,21.011563699999954,55.0448805101426
105.83426629999992,21.011563699999954,57.22016768262538
105.83456629999992,21.011563699999954,58.32811157194293
105.83486629999992,21.011563699999954,58.465537524812085
105.83516629999993,21.011563699999954,57.36537989022566
105.83546629999992,21.011563699999954,56.699447178239055
105.8357662999999,21.011563699999954,57.890623090118034
105.8360662999999,21.011563699999954,58.68764420194465
105.8363662999999,21.011563699999954,66.54804396277731
105.83666629999988,21.011563699999954,66.98960965768227
105.83696629999989,21.011563699999954,68.0600241580295
105.83726629999988,21.011563699999954,69.07515081953068
105.83756629999988,21.011563699999954,61.4392532687284
105.83786629999987,21.011563699999954,55.81224689008943
105.83816629999988,21.011563699999954,55.71280946252217
105.83846629999988,21.011563699999954,56.74969579665351
105.83876629999986,21.011563699999954,57.54755210859603
105.83906629999986,21.011563699999954,57.85941799342317
105.83936629999984,21.011563699999954,58.78486497714245
105.83966629999983,21.011563699999954,67.70100404467588
105.83996629999984,21.011563699999954,63.594502603684134
105.84026629999984,21.011563699999954,63.486276502471554
105.84056629999984,21.011563699999954,65.137396982337
105.84086629999985,21.011563699999954,66.26843066241034
105.84116629999984,21.011563699999954,72.55912658732622
105.84146629999982,21.011563699999954,72.09415939293318
105.84176629999982,21.011563699999954,65.26091117787138
105.8420662999998,21.011563699999954,64.48167692044406
105.8423662999998,21.011563699999954,64.48167692044406
105.8426662999998,21.011563699999954,64.48167692044406
105.8429662999998,21.011563699999954,64.48167692044406
105.8432662999998,21.011563699999954,64.48167692044406
105.8435662999998,21.011563699999954,64.48167692044406
105.8438662999998,21.011563699999954,64.48167692044406
105.84416629999978,21.011563699999954,64.48167692044406
105.84446629999978,21.011563699999954,64.48167692044406
105.84476629999978,21.011563699999954,64.48167692044406
105.84506629999976,21.011563699999954,64.48167692044406
105.84536629999975,21.011563699999954,64.48167692044406
105.84566629999976,21.011563699999954,63.74351240075457
105.84596629999976,21.011563699999954,73.56322279192352
105.84626629999975,21.011563699999954,63.380812098297085
105.84656629999976,21.011563699999954,64.09596809700545
105.84686629999976,21.011563699999954,61.35481702433833
105.84716629999974,21.011563699999954,58.234718139341474
105.84746629999974,21.011563699999954,59.50246357906896
105.84776629999972,21.011563699999954,66.65852968985234
105.84806629999972,21.011563699999954,70.20036894394045
105.84836629999973,21.011563699999954,68.46025564908123
105.84866629999972,21.011563699999954,59.1535008551617
105.84896629999972,21.011563699999954,67.66302171435423
105.84926629999973,21.011563699999954,68.16886216640414
105.84956629999972,21.011563699999954,63.39389147400763
105.8498662999997,21.011563699999954,71.16323163430805
105.8501662999997,21.011563699999954,63.34401179071853
105.8504662999997,21.011563699999954,63.6541637110086
105.85076629999968,21.011563699999954,70.32956360777145
105.85106629999969,21.011563699999954,71.75614246475006
105.85136629999968,21.011563699999954,69.5059943058855
105.85166629999968,21.011563699999954,74.59094496916482
105.85196629999967,21.011563699999954,62.07551779258747
105.85226629999968,21.011563699999954,62.32256212731373
105.85256629999968,21.011563699999954,60.34865895662002
105.85286629999966,21.011563699999954,65.79877394779275
105.85316629999966,21.011563699999954,70.61092451954744
105.85346629999964,21.011563699999954,59.96946916529499
105.85376629999963,21.011563699999954,70.86636623659157
105.85406629999964,21.011563699999954,60.893620765327675
105.85436629999964,21.011563699999954,67.41743336836248
105.85466629999964,21.011563699999954,66.54858688001161
105.85496629999965,21.011563699999954,59.893677549069054
105.85526629999964,21.011563699999954,62.22560629522838
105.85556629999962,21.011563699999954,62.20335992705243
105.85586629999962,21.011563699999954,68.46033326438844
105.8561662999996,21.011563699999954,70.63444633833267
105.8564662999996,21.011563699999954,68.59797881271372
105.8567662999996,21.011563699999954,65.09996025836512
105.8570662999996,21.011563699999954,60.32755753512477
105.8573662999996,21.011563699999954,60.70883398438519
105.8576662999996,21.011563699999954,58.42769650708292
105.8291663,21.011863699999953,60.038110456701034
105.8294663,21.011863699999953,57.42700097557304
105.8297663,21.011863699999953,64.47213103623933
105.83006629999998,21.011863699999953,68.95564419248014
105.83036629999998,21.011863699999953,65.5169258715023
105.83066629999998,21.011863699999953,57.80880723180873
105.83096629999996,21.011863699999953,58.47058551346144
105.83126629999995,21.011863699999953,58.076069707940206
105.83156629999996,21.011863699999953,63.82089527296107
105.83186629999996,21.011863699999953,67.2365200638757
105.83216629999995,21.011863699999953,56.472158837777606
105.83246629999996,21.011863699999953,60.12273788082928
105.83276629999996,21.011863699999953,57.930799667038144
105.83306629999994,21.011863699999953,57.91423076760746
105.83336629999994,21.011863699999953,56.57689672483402
105.83366629999992,21.011863699999953,58.81317176804956
105.83396629999991,21.011863699999953,57.45758739274571
105.83426629999992,21.011863699999953,56.24682622092859
105.83456629999992,21.011863699999953,56.8465082972392
105.83486629999992,21.011863699999953,57.88014531503156
105.83516629999993,21.011863699999953,57.90976086888678
105.83546629999992,21.011863699999953,57.41033685559312
105.8357662999999,21.011863699999953,58.39564424767846
105.8360662999999,21.011863699999953,66.92141130708742
105.8363662999999,21.011863699999953,66.17120310295556
105.83666629999988,21.011863699999953,65.9023209641593
105.83696629999989,21.011863699999953,66.37988527505372
105.83726629999988,21.011863699999953,63.35459388481615
105.83756629999988,21.011863699999953,65.10561876196402
105.83786629999987,21.011863699999953,63.49357791826469
105.83816629999988,21.011863699999953,66.865904055409
105.83846629999988,21.011863699999953,67.40361673148666
105.83876629999986,21.011863699999953,55.43247261528729
105.83906629999986,21.011863699999953,61.553876420483874
105.83936629999984,21.011863699999953,65.91067247462158
105.83966629999983,21.011863699999953,60.99029037958567
105.83996629999984,21.011863699999953,63.486276502471554
105.84026629999984,21.011863699999953,64.48167692044406
105.84056629999984,21.011863699999953,65.36762294882008
105.84086629999985,21.011863699999953,66.26843066241034
105.84116629999984,21.011863699999953,72.57928302102566
105.84146629999982,21.011863699999953,72.09415939293318
105.84176629999982,21.011863699999953,65.26091117787138
105.8420662999998,21.011863699999953,64.48167692044406
105.8423662999998,21.011863699999953,64.48167692044406
105.8426662999998,21.011863699999953,64.48167692044406
105.8429662999998,21.011863699999953,64.48167692044406
105.8432662999998,21.011863699999953,64.48167692044406
105.8435662999998,21.011863699999953,64.48167692044406
105.8438662999998,21.011863699999953,64.48167692044406
105.84416629999978,21.011863699999953,64.48167692044406
105.84446629999978,21.011863699999953,64.48167692044406
105.84476629999978,21.011863699999953,64.48167692044406
105.84506629999976,21.011863699999953,64.48167692044406
105.84536629999975,21.011863699999953,64.48167692044406
105.84566629999976,21.011863699999953,65.28868777839763
105.84596629999976,21.011863699999953,72.22758696621369
105.84626629999975,21.011863699999953,64.3140611017959
105.84656629999976,21.011863699999953,64.44098268500152
105.84686629999976,21.011863699999953,61.011202675793875
105.84716629999974,21.011863699999953,57.043679443087214
105.84746629999974,21.011863699999953,58.62232921719406
105.84776629999972,21.011863699999953,69.88994259778424
105.84806629999972,21.011863699999953,70.22687368490186
105.84836629999973,21.011863699999953,68.30879790901915
105.84866629999972,21.011863699999953,65.16777449214354
105.84896629999972,21.011863699999953,69.37380201530692
105.84926629999973,21.011863699999953,68.57825018940147
105.84956629999972,21.011863699999953,73.67050146471813
105.8498662999997,21.011863699999953,71.52810970827805
105.8501662999997,21.011863699999953,72.83014604749799
105.8504662999997,21.011863699999953,72.47656743122316
105.85076629999968,21.011863699999953,72.61418095607732
105.85106629999969,21.011863699999953,74.36683491318206
105.85136629999968,21.011863699999953,74.04236986997365
105.85166629999968,21.011863699999953,71.7724198743065
105.85196629999967,21.011863699999953,62.79861500146072
105.85226629999968,21.011863699999953,72.089210977499
105.85256629999968,21.011863699999953,59.84930678986392
105.85286629999966,21.011863699999953,65.21261027985575
105.85316629999966,21.011863699999953,72.55476669898762
105.85346629999964,21.011863699999953,60.755344085004545
105.85376629999963,21.011863699999953,69.17878971538701
105.85406629999964,21.011863699999953,69.0219676063245
105.85436629999964,21.011863699999953,69.30865741977377
105.85466629999964,21.011863699999953,66.18845111110387
105.85496629999965,21.011863699999953,60.18631116068187
105.85526629999964,21.011863699999953,60.488193377775666
105.85556629999962,21.011863699999953,65.0822464085311
105.85586629999962,21.011863699999953,70.33328497691917
105.8561662999996,21.011863699999953,61.666111777094734
105.8564662999996,21.011863699999953,63.75661540069533
105.8567662999996,21.011863699999953,67.58426092415637
105.8570662999996,21.011863699999953,60.97942377671449
105.8573662999996,21.011863699999953,60.70883398438519
105.8576662999996,21.011863699999953,58.42769650708292
105.8291663,21.012163699999952,65.16011162082866
105.8294663,21.012163699999952,67.71763827122801
105.8297663,21.012163699999952,65.22034609559194
105.83006629999998,21.012163699999952,58.172601287984975
105.83036629999998,21.012163699999952,59.75320582563038
105.83066629999998,21.012163699999952,58.80963222363243
105.83096629999996,21.012163699999952,58.80963222363243
105.83126629999995,21.012163699999952,59.58578725344256
105.83156629999996,21.012163699999952,57.89803323465328
105.83186629999996,21.012163699999952,63.2604525435338
105.83216629999995,21.012163699999952,64.0156500963371
105.83246629999996,21.012163699999952,56.87170574835436
105.83276629999996,21.012163699999952,59.57096373631413
105.83306629999994,21.012163699999952,56.263257028344306
105.83336629999994,21.012163699999952,58.72074013838192
105.83366629999992,21.012163699999952,59.66874210026007
105.83396629999991,21.012163699999952,59.02111640324217
105.83426629999992,21.012163699999952,56.22016690970483
105.83456629999992,21.012163699999952,57.82546453786482
105.83486629999992,21.012163699999952,57.68873597857584
105.83516629999993,21.012163699999952,57.872383537266835
105.83546629999992,21.012163699999952,58.184418395389606
105.8357662999999,21.012163699999952,65.27221629763793
105.8360662999999,21.012163699999952,72.48935478520328
105.8363662999999,21.012163699999952,70.86111061105265
105.83666629999988,21.012163699999952,66.31910185881547
105.83696629999989,21.012163699999952,64.10898046182285
105.83726629999988,21.012163699999952,55.81224689008943
105.83756629999988,21.012163699999952,55.059226603124024
105.83786629999987,21.012163699999952,68.0243649561354
105.83816629999988,21.012163699999952,59.788013225345786
105.83846629999988,21.012163699999952,66.40686010397793
105.83876629999986,21.012163699999952,68.4658686485435
105.83906629999986,21.012163699999952,66.38150964433045
105.83936629999984,21.012163699999952,63.93476679450247
105.83966629999983,21.012163699999952,65.2192730612697
105.83996629999984,21.012163699999952,64.48167692044406
105.84026629999984,21.012163699999952,64.48167692044406
105.84056629999984,21.012163699999952,65.36762294882008
105.84086629999985,21.012163699999952,66.26843066241034
105.84116629999984,21.012163699999952,72.65086306682824
105.84146629999982,21.012163699999952,72.79443146281648
105.84176629999982,21.012163699999952,65.26091117787138
105.8420662999998,21.012163699999952,64.48167692044406
105.8423662999998,21.012163699999952,64.48167692044406
105.8426662999998,21.012163699999952,64.48167692044406
105.8429662999998,21.012163699999952,64.48167692044406
105.8432662999998,21.012163699999952,64.48167692044406
105.8435662999998,21.012163699999952,64.48167692044406
105.8438662999998,21.012163699999952,64.48167692044406
105.84416629999978,21.012163699999952,64.48167692044406
105.84446629999978,21.012163699999952,64.48167692044406
105.84476629999978,21.012163699999952,64.48167692044406
105.84506629999976,21.012163699999952,64.48167692044406
105.84536629999975,21.012163699999952,64.48167692044406
105.84566629999976,21.012163699999952,65.12295015543154
105.84596629999976,21.012163699999952,65.95327046906733
105.84626629999975,21.012163699999952,71.39027446976046
105.84656629999976,21.012163699999952,64.88072110406547
105.84686629999976,21.012163699999952,62.04862741673305
105.84716629999974,21.012163699999952,58.48307396561162
105.84746629999974,21.012163699999952,68.4791728883312
105.84776629999972,21.012163699999952,66.65137402570849
105.84806629999972,21.012163699999952,61.60324160630986
105.84836629999973,21.012163699999952,61.64194999765749
105.84866629999972,21.012163699999952,58.63891081162308
105.84896629999972,21.012163699999952,65.45248682409375
105.84926629999973,21.012163699999952,66.8405336282742
105.84956629999972,21.012163699999952,59.22681271445903
105.8498662999997,21.012163699999952,66.98719595430465
105.8501662999997,21.012163699999952,63.131007014766595
105.8504662999997,21.012163699999952,68.67780213376967
105.85076629999968,21.012163699999952,65.87881266714616
105.85106629999969,21.012163699999952,71.56738550986464
105.85136629999968,21.012163699999952,64.33680008047875
105.85166629999968,21.012163699999952,72.9312619380415
105.85196629999967,21.012163699999952,62.9731942145112
105.85226629999968,21.012163699999952,73.02326595670446
105.85256629999968,21.012163699999952,61.25717127216594
105.85286629999966,21.012163699999952,65.40823284852945
105.85316629999966,21.012163699999952,69.95221384684118
105.85346629999964,21.012163699999952,59.1950422477194
105.85376629999963,21.012163699999952,67.08704952407115
105.85406629999964,21.012163699999952,67.82920542442864
105.85436629999964,21.012163699999952,68.74747826328694
105.85466629999964,21.012163699999952,66.49644382367106
105.85496629999965,21.012163699999952,62.05314793635203
105.85526629999964,21.012163699999952,60.25030455609831
105.85556629999962,21.012163699999952,65.58348757237312
105.85586629999962,21.012163699999952,68.79757632757047
105.8561662999996,21.012163699999952,61.85378440807464
105.8564662999996,21.012163699999952,61.690355284421166
105.8567662999996,21.012163699999952,66.42610411241583
105.8570662999996,21.012163699999952,60.55202090328323
105.8573662999996,21.012163699999952,60.70883398438519
105.8576662999996,21.012163699999952,58.387741045676776
105.8291663,21.01246369999995,61.76972747341874
105.8294663,21.01246369999995,66.1794611887162
105.8297663,21.01246369999995,58.86945168333339
105.83006629999998,21.01246369999995,59.733871073778715
105.83036629999998,21.01246369999995,60.18728234633151
105.83066629999998,21.01246369999995,60.18728234633151
105.83096629999996,21.01246369999995,60.3203507311352
105.83126629999995,21.01246369999995,60.417536144342925
105.83156629999996,21.01246369999995,60.19159992051164
105.83186629999996,21.01246369999995,60.44687852360619
105.83216629999995,21.01246369999995,65.5358440581272
105.83246629999996,21.01246369999995,70.23547883617685
105.83276629999996,21.01246369999995,64.2864791206249
105.83306629999994,21.01246369999995,59.46866779049377
105.83336629999994,21.01246369999995,59.76392089162351
105.83366629999992,21.01246369999995,59.68434370324264
105.83396629999991,21.01246369999995,60.62956301499864
105.83426629999992,21.01246369999995,61.48994907722808
105.83456629999992,21.01246369999995,56.33618420422444
105.83486629999992,21.01246369999995,57.92075135082433
105.83516629999993,21.01246369999995,58.162711395626935
105.83546629999992,21.01246369999995,65.14969535061124
105.8357662999999,21.01246369999995,65.91189082495266
105.8360662999999,21.01246369999995,68.4001696571009
105.8363662999999,21.01246369999995,65.04053511340919
105.83666629999988,21.01246369999995,65.41942932336421
105.83696629999989,21.01246369999995,59.90147941930644
105.83726629999988,21.01246369999995,60.38888905909651
105.83756629999988,21.01246369999995,61.192989258964175
105.83786629999987,21.01246369999995,61.17880241446506
105.83816629999988,21.01246369999995,59.08334373288811
105.83846629999988,21.01246369999995,61.17880241446506
105.83876629999986,21.01246369999995,60.80812862822398
105.83906629999986,21.01246369999995,73.441880889644
105.83936629999984,21.01246369999995,66.36612361816191
105.83966629999983,21.01246369999995,64.75502961468084
105.83996629999984,21.01246369999995,64.48167692044406
105.84026629999984,21.01246369999995,64.48167692044406
105.84056629999984,21.01246369999995,65.36762294882008
105.84086629999985,21.01246369999995,65.43853221508704
105.84116629999984,21.01246369999995,70.67238497268355
105.84146629999982,21.01246369999995,72.09062328306176
105.84176629999982,21.01246369999995,65.26091117787138
105.8420662999998,21.01246369999995,64.48167692044406
105.8423662999998,21.01246369999995,64.48167692044406
105.8426662999998,21.01246369999995,64.48167692044406
105.8429662999998,21.01246369999995,64.48167692044406
105.8432662999998,21.01246369999995,64.48167692044406
105.8435662999998,21.01246369999995,64.48167692044406
105.8438662999998,21.01246369999995,64.48167692044406
105.84416629999978,21.01246369999995,64.48167692044406
105.84446629999978,21.01246369999995,64.48167692044406
105.84476629999978,21.01246369999995,64.48167692044406
105.84506629999976,21.01246369999995,64.48167692044406
105.84536629999975,21.01246369999995,64.48167692044406
105.84566629999976,21.01246369999995,64.50396120858368
105.84596629999976,21.01246369999995,63.89007829989109
105.84626629999975,21.01246369999995,71.59694024594609
105.84656629999976,21.01246369999995,65.81621400243658
105.84686629999976,21.01246369999995,68.22262014180933
105.84716629999974,21.01246369999995,68.34898736661196
105.84746629999974,21.01246369999995,65.64949551980422
105.84776629999972,21.01246369999995,59.0143006581519
105.84806629999972,21.01246369999995,61.926264029334725
105.84836629999973,21.01246369999995,65.77125129278038
105.84866629999972,21.01246369999995,66.7823599103501
105.84896629999972,21.01246369999995,67.46366715175827
105.84926629999973,21.01246369999995,67.48701292466988
105.84956629999972,21.01246369999995,59.5053078880279
105.8498662999997,21.01246369999995,65.2218302274747
105.8501662999997,21.01246369999995,60.02161524602097
105.8504662999997,21.01246369999995,67.76921207645749
105.85076629999968,21.01246369999995,66.6767160680095
105.85106629999969,21.01246369999995,73.27300429440207
105.85136629999968,21.01246369999995,61.802749261304214
105.85166629999968,21.01246369999995,71.54835986544555
105.85196629999967,21.01246369999995,62.27750140827248
105.85226629999968,21.01246369999995,74.87154213158237
105.85256629999968,21.01246369999995,62.03766828487268
105.85286629999966,21.01246369999995,65.70487027553625
105.85316629999966,21.01246369999995,67.92823222192165
105.85346629999964,21.01246369999995,64.5297228435989
105.85376629999963,21.01246369999995,70.52674215721098
105.85406629999964,21.01246369999995,59.86543981078579
105.85436629999964,21.01246369999995,71.63900597437174
105.85466629999964,21.01246369999995,65.98007647054818
105.85496629999965,21.01246369999995,62.43800717635104
105.85526629999964,21.01246369999995,60.46091661863631
105.85556629999962,21.01246369999995,66.70323391286958
105.85586629999962,21.01246369999995,70.64498136089584
105.8561662999996,21.01246369999995,62.093514650526
105.8564662999996,21.01246369999995,58.08299724108924
105.8567662999996,21.01246369999995,66.04760702181497
105.8570662999996,21.01246369999995,58.02573572165044
105.8573662999996,21.01246369999995,58.42769650708292
105.8576662999996,21.01246369999995,58.74250738248077
105.8291663,21.01276369999995,62.10356646708236
105.8294663,21.01276369999995,66.96478063106304
105.8297663,21.01276369999995,63.64012791848624
105.83006629999998,21.01276369999995,60.94552040201544
105.83036629999998,21.01276369999995,63.23237605625051
105.83066629999998,21.01276369999995,63.23237605625051
105.83096629999996,21.01276369999995,61.40790296811037
105.83126629999995,21.01276369999995,60.80458208303429
105.83156629999996,21.01276369999995,59.83654408460771
105.83186629999996,21.01276369999995,57.72670574709504
105.83216629999995,21.01276369999995,64.21488337624956
105.83246629999996,21.01276369999995,70.19743536632487
105.83276629999996,21.01276369999995,65.84616109281491
105.83306629999994,21.01276369999995,63.45623567082132
105.83336629999994,21.01276369999995,60.99779237017675
105.83366629999992,21.01276369999995,61.397719083501016
105.83396629999991,21.01276369999995,61.16649940363551
105.83426629999992,21.01276369999995,60.723401097605965
105.83456629999992,21.01276369999995,61.037215214450384
105.83486629999992,21.01276369999995,57.9357886557497
105.83516629999993,21.01276369999995,66.96921307822909
105.83546629999992,21.01276369999995,69.87575550878628
105.8357662999999,21.01276369999995,71.34907755693892
105.8360662999999,21.01276369999995,70.04944550033099
105.8363662999999,21.01276369999995,65.8702323142132
105.83666629999988,21.01276369999995,62.46354797676635
105.83696629999989,21.01276369999995,60.38888905909651
105.83726629999988,21.01276369999995,60.38888905909651
105.83756629999988,21.01276369999995,60.38888905909651
105.83786629999987,21.01276369999995,60.38888905909651
105.83816629999988,21.01276369999995,60.38888905909651
105.83846629999988,21.01276369999995,63.63888364863342
105.83876629999986,21.01276369999995,61.50611106369044
105.83906629999986,21.01276369999995,68.50989937737656
105.83936629999984,21.01276369999995,67.49777302584597
105.83966629999983,21.01276369999995,64.7405827877754
105.83996629999984,21.01276369999995,64.48167692044406
105.84026629999984,21.01276369999995,64.48167692044406
105.84056629999984,21.01276369999995,65.36762294882008
105.84086629999985,21.01276369999995,65.43853221508704
105.84116629999984,21.01276369999995,71.05654154080321
105.84146629999982,21.01276369999995,72.09062328306176
105.84176629999982,21.01276369999995,65.26091117787138
105.8420662999998,21.01276369999995,64.48167692044406
105.8423662999998,21.01276369999995,64.48167692044406
105.8426662999998,21.01276369999995,64.48167692044406
105.8429662999998,21.01276369999995,64.48167692044406
105.8432662999998,21.01276369999995,64.48167692044406
105.8435662999998,21.01276369999995,64.48167692044406
105.8438662999998,21.01276369999995,64.48167692044406
105.84416629999978,21.01276369999995,64.48167692044406
105.84446629999978,21.01276369999995,64.48167692044406
105.84476629999978,21.01276369999995,64.48167692044406
105.84506629999976,21.01276369999995,64.48167692044406
105.84536629999975,21.01276369999995,64.48167692044406
105.84566629999976,21.01276369999995,64.48167692044406
105.84596629999976,21.01276369999995,65.28868777839763
105.84626629999975,21.01276369999995,72.60347911044637
105.84656629999976,21.01276369999995,65.55024250461864
105.84686629999976,21.01276369999995,65.5847754291325
105.84716629999974,21.01276369999995,67.79341702141537
105.84746629999974,21.01276369999995,63.502309532544075
105.84776629999972,21.01276369999995,58.718934921379045
105.84806629999972,21.01276369999995,69.41127600486057
105.84836629999973,21.01276369999995,66.40197306490843
105.84866629999972,21.01276369999995,65.584993640826
105.84896629999972,21.01276369999995,65.50111809176232
105.84926629999973,21.01276369999995,67.8717923424198
105.84956629999972,21.01276369999995,59.4299086448552
105.8498662999997,21.01276369999995,73.20285748660372
105.8501662999997,21.01276369999995,59.68178951970597
105.8504662999997,21.01276369999995,73.34669288627796
105.85076629999968,21.01276369999995,65.44469916090792
105.85106629999969,21.01276369999995,72.31719952225274
105.85136629999968,21.01276369999995,64.15548062318929
105.85166629999968,21.01276369999995,72.49656667348727
105.85196629999967,21.01276369999995,62.481745504262975
105.85226629999968,21.01276369999995,74.71456608767805
105.85256629999968,21.01276369999995,64.60606537172747
105.85286629999966,21.01276369999995,66.64541665085177
105.85316629999966,21.01276369999995,68.83831332441522
105.85346629999964,21.01276369999995,62.372104455171325
105.85376629999963,21.01276369999995,67.9877595149311
105.85406629999964,21.01276369999995,59.712287764882134
105.85436629999964,21.01276369999995,68.43566781531041
105.85466629999964,21.01276369999995,65.81500106728883
105.85496629999965,21.01276369999995,60.73149109924044
105.85526629999964,21.01276369999995,61.432208486300866
105.85556629999962,21.01276369999995,61.26323017779262
105.85586629999962,21.01276369999995,70.51835914249426
105.8561662999996,21.01276369999995,66.28964476372246
105.8564662999996,21.01276369999995,66.87799768615072
105.8567662999996,21.01276369999995,68.25378867969584
105.8570662999996,21.01276369999995,58.59387690782784
105.8573662999996,21.01276369999995,58.387741045676776
105.8576662999996,21.01276369999995,59.76329092146173
105.8291663,21.01306369999995,64.90745620179389
105.8294663,21.01306369999995,64.29335891928963
105.8297663,21.01306369999995,66.75674853176191
105.83006629999998,21.01306369999995,59.95488746849746
105.83036629999998,21.01306369999995,61.588434297592414
105.83066629999998,21.01306369999995,63.501379932006174
105.83096629999996,21.01306369999995,61.09820594868092
105.83126629999995,21.01306369999995,59.40977043870093
105.83156629999996,21.01306369999995,58.96487398607647
105.83186629999996,21.01306369999995,63.340017681821145
105.83216629999995,21.01306369999995,72.07510375008445
105.83246629999996,21.01306369999995,60.98377313473792
105.83276629999996,21.01306369999995,65.54440496594606
105.83306629999994,21.01306369999995,63.40211026151416
105.83336629999994,21.01306369999995,64.37614125459957
105.83366629999992,21.01306369999995,60.62184386328371
105.83396629999991,21.01306369999995,61.356008853524095
105.83426629999992,21.01306369999995,61.49834453662977
105.83456629999992,21.01306369999995,61.385925408936
105.83486629999992,21.01306369999995,64.34070364220477
105.83516629999993,21.01306369999995,66.40769655937103
105.83546629999992,21.01306369999995,64.98591288434966
105.8357662999999,21.01306369999995,68.56582315236491
105.8360662999999,21.01306369999995,64.31016982954874
105.8363662999999,21.01306369999995,58.30201752682582
105.83666629999988,21.01306369999995,58.93199645290159
105.83696629999989,21.01306369999995,63.21407388767008
105.83726629999988,21.01306369999995,63.21407388767008
105.83756629999988,21.01306369999995,63.21407388767008
105.83786629999987,21.01306369999995,64.06897620075442
105.83816629999988,21.01306369999995,64.06897620075442
105.83846629999988,21.01306369999995,63.82816050722438
105.83876629999986,21.01306369999995,62.22340033421838
105.83906629999986,21.01306369999995,65.43853221508704
105.83936629999984,21.01306369999995,70.54455329118092
105.83966629999983,21.01306369999995,63.71573580022832
105.83996629999984,21.01306369999995,64.48167692044406
105.84026629999984,21.01306369999995,64.48167692044406
105.84056629999984,21.01306369999995,65.36762294882008
105.84086629999985,21.01306369999995,65.43853221508704
105.84116629999984,21.01306369999995,70.99591855663826
105.84146629999982,21.01306369999995,72.09062328306176
105.84176629999982,21.01306369999995,65.26091117787138
105.8420662999998,21.01306369999995,64.48167692044406
105.8423662999998,21.01306369999995,64.48167692044406
105.8426662999998,21.01306369999995,64.48167692044406
105.8429662999998,21.01306369999995,64.48167692044406
105.8432662999998,21.01306369999995,64.48167692044406
105.8435662999998,21.01306369999995,64.48167692044406
105.8438662999998,21.01306369999995,64.48167692044406
105.84416629999978,21.01306369999995,64.48167692044406
105.84446629999978,21.01306369999995,64.48167692044406
105.84476629999978,21.01306369999995,64.48167692044406
105.84506629999976,21.01306369999995,64.48167692044406
105.84536629999975,21.01306369999995,64.48167692044406
105.84566629999976,21.01306369999995,64.48167692044406
105.84596629999976,21.01306369999995,65.12295015543154
105.84626629999975,21.01306369999995,65.8583969388612
105.84656629999976,21.01306369999995,72.4865553032616
105.84686629999976,21.01306369999995,64.48537729501899
105.84716629999974,21.01306369999995,62.591803323016784
105.84746629999974,21.01306369999995,70.51353389766658
105.84776629999972,21.01306369999995,60.883779597368914
105.84806629999972,21.01306369999995,66.03392914895299
105.84836629999973,21.01306369999995,68.3574933903807
105.84866629999972,21.01306369999995,59.35331468601627
105.84896629999972,21.01306369999995,63.89654445787236
105.84926629999973,21.01306369999995,66.87236494619724
105.84956629999972,21.01306369999995,59.46290816914922
105.8498662999997,21.01306369999995,71.39665883332633
105.8501662999997,21.01306369999995,59.298560998109174
105.8504662999997,21.01306369999995,70.64519451546116
105.85076629999968,21.01306369999995,61.66714356912832
105.85106629999969,21.01306369999995,72.37686509031252
105.85136629999968,21.01306369999995,62.7203711291767
105.85166629999968,21.01306369999995,73.2696599467473
105.85196629999967,21.01306369999995,66.27977410262343
105.85226629999968,21.01306369999995,73.60494203932473
105.85256629999968,21.01306369999995,66.93876826269782
105.85286629999966,21.01306369999995,64.4703818607764
105.85316629999966,21.01306369999995,70.27960663868255
105.85346629999964,21.01306369999995,64.15795441150163
105.85376629999963,21.01306369999995,67.84752191335453
105.85406629999964,21.01306369999995,59.72388129343349
105.85436629999964,21.01306369999995,68.67587819442916
105.85466629999964,21.01306369999995,67.46167412951523
105.85496629999965,21.01306369999995,65.19170065038483
105.85526629999964,21.01306369999995,64.50959655359435
105.85556629999962,21.01306369999995,61.60205078309851
105.85586629999962,21.01306369999995,67.25622754635282
105.8561662999996,21.01306369999995,62.81538911878693
105.8564662999996,21.01306369999995,60.09126158015
105.8567662999996,21.01306369999995,57.908916197948
105.8570662999996,21.01306369999995,58.88060623153018
105.8573662999996,21.01306369999995,58.387741045676776
105.8576662999996,21.01306369999995,58.74250738248077
105.8291663,21.01336369999995,62.91987215740566
105.8294663,21.01336369999995,65.2266991501243
105.8297663,21.01336369999995,68.16095920465065
105.83006629999998,21.01336369999995,65.45972387102714
105.83036629999998,21.01336369999995,60.85163630122477
105.83066629999998,21.01336369999995,60.55928312317199
105.83096629999996,21.01336369999995,58.52366917414673
105.83126629999995,21.01336369999995,57.03566387025256
105.83156629999996,21.01336369999995,57.38158022712975
105.83186629999996,21.01336369999995,69.41556995073992
105.83216629999995,21.01336369999995,61.39667651044125
105.83246629999996,21.01336369999995,59.11199144798722
105.83276629999996,21.01336369999995,59.475132521961314
105.83306629999994,21.01336369999995,65.39795296762928
105.83336629999994,21.01336369999995,64.17223968261055
105.83366629999992,21.01336369999995,69.11504098662722
105.83396629999991,21.01336369999995,61.55759931506905
105.83426629999992,21.01336369999995,63.73488624266015
105.83456629999992,21.01336369999995,65.22135097827147
105.83486629999992,21.01336369999995,69.35102721464965
105.83516629999993,21.01336369999995,67.51534852669386
105.83546629999992,21.01336369999995,74.37603648582198
105.8357662999999,21.01336369999995,63.82051195810218
105.8360662999999,21.01336369999995,69.45427925244137
105.8363662999999,21.01336369999995,61.39709409977865
105.83666629999988,21.01336369999995,58.60642918872826
105.83696629999989,21.01336369999995,64.39258024072464
105.83726629999988,21.01336369999995,64.29117061630812
105.83756629999988,21.01336369999995,64.16658614705871
105.83786629999987,21.01336369999995,63.9155097058116
105.83816629999988,21.01336369999995,64.48167692044406
105.83846629999988,21.01336369999995,64.48167692044406
105.83876629999986,21.01336369999995,64.48167692044406
105.83906629999986,21.01336369999995,65.26091117787138
105.83936629999984,21.01336369999995,71.30681433044622
105.83966629999983,21.01336369999995,67.49777302584597
105.83996629999984,21.01336369999995,65.26289928759411
105.84026629999984,21.01336369999995,64.48167692044406
105.84056629999984,21.01336369999995,65.36762294882008
105.84086629999985,21.01336369999995,65.43853221508704
105.84116629999984,21.01336369999995,71.09753248537031
105.84146629999982,21.01336369999995,72.14412682689945
105.84176629999982,21.01336369999995,65.26091117787138
105.8420662999998,21.01336369999995,64.48167692044406
105.8423662999998,21.01336369999995,64.48167692044406
105.8426662999998,21.01336369999995,64.48167692044406
105.8429662999998,21.01336369999995,64.48167692044406
105.8432662999998,21.01336369999995,64.48167692044406
105.8435662999998,21.01336369999995,64.48167692044406
105.8438662999998,21.01336369999995,64.48167692044406
105.84416629999978,21.01336369999995,64.48167692044406
105.84446629999978,21.01336369999995,64.48167692044406
105.84476629999978,21.01336369999995,64.48167692044406
105.84506629999976,21.01336369999995,64.48167692044406
105.84536629999975,21.01336369999995,64.48167692044406
105.84566629999976,21.01336369999995,64.48167692044406
105.84596629999976,21.01336369999995,64.48167692044406
105.84626629999975,21.01336369999995,63.27107127658259
105.84656629999976,21.01336369999995,71.61778770574432
105.84686629999976,21.01336369999995,69.95679211014303
105.84716629999974,21.01336369999995,63.18431246660869
105.84746629999974,21.01336369999995,66.62561622673485
105.84776629999972,21.01336369999995,69.39571202159574
105.84806629999972,21.01336369999995,71.00654637221758
105.84836629999973,21.01336369999995,66.0269302323077
105.84866629999972,21.01336369999995,69.68175166051952
105.84896629999972,21.01336369999995,69.39398415314558
105.84926629999973,21.01336369999995,67.90753740156394
105.84956629999972,21.01336369999995,70.11465508152035
105.8498662999997,21.01336369999995,69.259848654354
105.8501662999997,21.01336369999995,66.4293661429099
105.8504662999997,21.01336369999995,67.45824069059415
105.85076629999968,21.01336369999995,66.42553282212575
105.85106629999969,21.01336369999995,69.77427449032855
105.85136629999968,21.01336369999995,64.42283769955569
105.85166629999968,21.01336369999995,69.93404233668826
105.85196629999967,21.01336369999995,65.94130912788162
105.85226629999968,21.01336369999995,75.57917839915807
105.85256629999968,21.01336369999995,67.53450850797648
105.85286629999966,21.01336369999995,64.95484958362618
105.85316629999966,21.01336369999995,68.6905444230871
105.85346629999964,21.01336369999995,66.72842912616645
105.85376629999963,21.01336369999995,63.18827637343533
105.85406629999964,21.01336369999995,59.31303105606873
105.85436629999964,21.01336369999995,62.060425871752955
105.85466629999964,21.01336369999995,64.23134225591627
105.85496629999965,21.01336369999995,65.84359173039779
105.85526629999964,21.01336369999995,69.61938471022532
105.85556629999962,21.01336369999995,68.33262663528211
105.85586629999962,21.01336369999995,69.34555236434525
105.8561662999996,21.01336369999995,67.76020471847976
105.8564662999996,21.01336369999995,63.73320156092361
105.8567662999996,21.01336369999995,59.61016804531741
105.8570662999996,21.01336369999995,58.39171320426717
105.8573662999996,21.01336369999995,58.74250738248077
105.8576662999996,21.01336369999995,59.76329092146173
105.8291663,21.01366369999995,63.56546319830585
105.8294663,21.01366369999995,63.29645932255019
105.8297663,21.01366369999995,63.066808418566616
105.83006629999998,21.01366369999995,66.4556740711339
105.83036629999998,21.01366369999995,61.90044549907606
105.83066629999998,21.01366369999995,58.47512496018961
105.83096629999996,21.01366369999995,58.77978865992594
105.83126629999995,21.01366369999995,58.99199179795477
105.83156629999996,21.01366369999995,65.18513516767047
105.83186629999996,21.01366369999995,60.47216740177122
105.83216629999995,21.01366369999995,58.992666201081974
105.83246629999996,21.01366369999995,59.56497311445393
105.83276629999996,21.01366369999995,62.45627005364194
105.83306629999994,21.01366369999995,59.621560297992154
105.83336629999994,21.01366369999995,63.89867302719578
105.83366629999992,21.01366369999995,65.75923966533921
105.83396629999991,21.01366369999995,63.82844310415022
105.83426629999992,21.01366369999995,63.215599423144965
105.83456629999992,21.01366369999995,70.00988295590426
105.83486629999992,21.01366369999995,71.30205871834185
105.83516629999993,21.01366369999995,71.58947255037015
105.83546629999992,21.01366369999995,64.77520729123594
105.8357662999999,21.01366369999995,63.53792665342423
105.8360662999999,21.01366369999995,66.71880391106679
105.8363662999999,21.01366369999995,73.77973011446011
105.83666629999988,21.01366369999995,60.47619138641573
105.83696629999989,21.01366369999995,64.27774968622447
105.83726629999988,21.01366369999995,64.48167692044406
105.83756629999988,21.01366369999995,64.48167692044406
105.83786629999987,21.01366369999995,64.48167692044406
105.83816629999988,21.01366369999995,64.48167692044406
105.83846629999988,21.01366369999995,64.48167692044406
105.83876629999986,21.01366369999995,64.48167692044406
105.83906629999986,21.01366369999995,65.36762294882008
105.83936629999984,21.01366369999995,65.43853221508704
105.83966629999983,21.01366369999995,71.05654154080321
105.83996629999984,21.01366369999995,65.26091117787138
105.84026629999984,21.01366369999995,64.48167692044406
105.84056629999984,21.01366369999995,65.26091117787138
105.84086629999985,21.01366369999995,72.79443146281648
105.84116629999984,21.01366369999995,67.49777302584597
105.84146629999982,21.01366369999995,72.55912658732622
105.84176629999982,21.01366369999995,65.26091117787138
105.8420662999998,21.01366369999995,64.48167692044406
105.8423662999998,21.01366369999995,64.48167692044406
105.8426662999998,21.01366369999995,64.48167692044406
105.8429662999998,21.01366369999995,64.48167692044406
105.8432662999998,21.01366369999995,64.48167692044406
105.8435662999998,21.01366369999995,64.48167692044406
105.8438662999998,21.01366369999995,64.48167692044406
105.84416629999978,21.01366369999995,64.48167692044406
105.84446629999978,21.01366369999995,64.48167692044406
105.84476629999978,21.01366369999995,64.48167692044406
105.84506629999976,21.01366369999995,64.48167692044406
105.84536629999975,21.01366369999995,64.48167692044406
105.84566629999976,21.01366369999995,64.48167692044406
105.84596629999976,21.01366369999995,64.48167692044406
105.84626629999975,21.01366369999995,65.16539254873877
105.84656629999976,21.01366369999995,67.56523304408111
105.84686629999976,21.01366369999995,64.57669276468017
105.84716629999974,21.01366369999995,61.02804337039933
105.84746629999974,21.01366369999995,68.31800233566757
105.84776629999972,21.01366369999995,63.00851488736488
105.84806629999972,21.01366369999995,65.90253735562257
105.84836629999973,21.01366369999995,69.58451773551847
105.84866629999972,21.01366369999995,61.8128991443976
105.84896629999972,21.01366369999995,64.84113863956475
105.84926629999973,21.01366369999995,71.36508788395324
105.84956629999972,21.01366369999995,62.3995682992248
105.8498662999997,21.01366369999995,67.74345644695289
105.8501662999997,21.01366369999995,64.9508315414333
105.8504662999997,21.01366369999995,67.69853405751275
105.85076629999968,21.01366369999995,67.41587844329761
105.85106629999969,21.01366369999995,70.78019113004444
105.85136629999968,21.01366369999995,69.12669070507418
105.85166629999968,21.01366369999995,72.06207591761694
105.85196629999967,21.01366369999995,68.8352029086337
105.85226629999968,21.01366369999995,69.52755382435672
105.85256629999968,21.01366369999995,69.88206993329447
105.85286629999966,21.01366369999995,65.87804319498423
105.85316629999966,21.01366369999995,70.2789357768025
105.85346629999964,21.01366369999995,67.14218964050276
105.85376629999963,21.01366369999995,68.76404410882212
105.85406629999964,21.01366369999995,62.00732243305677
105.85436629999964,21.01366369999995,60.60821837296984
105.85466629999964,21.01366369999995,57.878362943920735
105.85496629999965,21.01366369999995,56.454520734938534
105.85526629999964,21.01366369999995,58.3495868339258
105.85556629999962,21.01366369999995,61.07755055623389
105.85586629999962,21.01366369999995,69.83556919300214
105.8561662999996,21.01366369999995,60.87938543881192
105.8564662999996,21.01366369999995,60.901719670553
105.8567662999996,21.01366369999995,57.21494840617273
105.8570662999996,21.01366369999995,59.76726308005212
105.8573662999996,21.01366369999995,59.19143417165646
105.8576662999996,21.01366369999995,58.387741045676776
105.8291663,21.013963699999948,63.29645932255019
105.8294663,21.013963699999948,61.471986234410046
105.8297663,21.013963699999948,61.7010889567038
105.83006629999998,21.013963699999948,61.646962422358435
105.83036629999998,21.013963699999948,67.7526058249936
105.83066629999998,21.013963699999948,61.27644606218811
105.83096629999996,21.013963699999948,60.98409288413532
105.83126629999995,21.013963699999948,60.02506820518733
105.83156629999996,21.013963699999948,60.315008099546645
105.83186629999996,21.013963699999948,66.66537217474247
105.83216629999995,21.013963699999948,58.554024015137344
105.83246629999996,21.013963699999948,59.5283435578732
105.83276629999996,21.013963699999948,59.83804057730265
105.83306629999994,21.013963699999948,60.60511252734733
105.83336629999994,21.013963699999948,59.58870040355502
105.83366629999992,21.013963699999948,68.82860101223534
105.83396629999991,21.013963699999948,70.0738107282165
105.83426629999992,21.013963699999948,72.25796940719985
105.83456629999992,21.013963699999948,70.4983908479046
105.83486629999992,21.013963699999948,70.71596937475208
105.83516629999993,21.013963699999948,71.59519537928152
105.83546629999992,21.013963699999948,65.26091117787138
105.8357662999999,21.013963699999948,64.48167692044406
105.8360662999999,21.013963699999948,64.96252190111576
105.8363662999999,21.013963699999948,64.92923165302868
105.83666629999988,21.013963699999948,68.69168734205834
105.83696629999989,21.013963699999948,65.35723408370954
105.83726629999988,21.013963699999948,64.48167692044406
105.83756629999988,21.013963699999948,64.48167692044406
105.83786629999987,21.013963699999948,64.48167692044406
105.83816629999988,21.013963699999948,64.48167692044406
105.83846629999988,21.013963699999948,64.48167692044406
105.83876629999986,21.013963699999948,64.48167692044406
105.83906629999986,21.013963699999948,64.48167692044406
105.83936629999984,21.013963699999948,63.862301699364835
105.83966629999983,21.013963699999948,70.7534618704154
105.83996629999984,21.013963699999948,63.65994369095559
105.84026629999984,21.013963699999948,65.26091117787138
105.84056629999984,21.013963699999948,65.8583969388612
105.84086629999985,21.013963699999948,72.52001897113213
105.84116629999984,21.013963699999948,66.26843066241034
105.84146629999982,21.013963699999948,72.55912658732622
105.84176629999982,21.013963699999948,65.26091117787138
105.8420662999998,21.013963699999948,64.48167692044406
105.8423662999998,21.013963699999948,64.48167692044406
105.8426662999998,21.013963699999948,64.48167692044406
105.8429662999998,21.013963699999948,64.48167692044406
105.8432662999998,21.013963699999948,64.48167692044406
105.8435662999998,21.013963699999948,64.48167692044406
105.8438662999998,21.013963699999948,64.48167692044406
105.84416629999978,21.013963699999948,64.48167692044406
105.84446629999978,21.013963699999948,64.48167692044406
105.84476629999978,21.013963699999948,64.48167692044406
105.84506629999976,21.013963699999948,64.48167692044406
105.84536629999975,21.013963699999948,64.48167692044406
105.84566629999976,21.013963699999948,64.48167692044406
105.84596629999976,21.013963699999948,64.48167692044406
105.84626629999975,21.013963699999948,65.137396982337
105.84656629999976,21.013963699999948,65.98123437028858
105.84686629999976,21.013963699999948,68.29235697694374
105.84716629999974,21.013963699999948,61.24958826966981
105.84746629999974,21.013963699999948,65.7936565543529
105.84776629999972,21.013963699999948,63.67495741938562
105.84806629999972,21.013963699999948,64.29763952077674
105.84836629999973,21.013963699999948,71.20960773314063
105.84866629999972,21.013963699999948,62.527051553871814
105.84896629999972,21.013963699999948,65.80589520368784
105.84926629999973,21.013963699999948,69.28301079900075
105.84956629999972,21.013963699999948,59.328504409899985
105.8498662999997,21.013963699999948,65.58432364833718
105.8501662999997,21.013963699999948,60.00457596411845
105.8504662999997,21.013963699999948,67.82652046704833
105.85076629999968,21.013963699999948,62.73597523801967
105.85106629999969,21.013963699999948,70.28889826980578
105.85136629999968,21.013963699999948,59.23014921360757
105.85166629999968,21.013963699999948,69.76653837909603
105.85196629999967,21.013963699999948,59.53954185883937
105.85226629999968,21.013963699999948,61.22631061405312
105.85256629999968,21.013963699999948,60.435740166037846
105.85286629999966,21.013963699999948,58.56626384339657
105.85316629999966,21.013963699999948,62.41536904592062
105.85346629999964,21.013963699999948,68.94146180107687
105.85376629999963,21.013963699999948,60.66222027672993
105.85406629999964,21.013963699999948,61.26140150340997
105.85436629999964,21.013963699999948,68.63947668034425
105.85466629999964,21.013963699999948,68.81987246999239
105.85496629999965,21.013963699999948,67.55430466806877
105.85526629999964,21.013963699999948,70.61912721304965
105.85556629999962,21.013963699999948,67.94662669979171
105.85586629999962,21.013963699999948,66.82467220614109
105.8561662999996,21.013963699999948,60.64406944395229
105.8564662999996,21.013963699999948,57.37612965953495
105.8567662999996,21.013963699999948,58.248448163564056
105.8570662999996,21.013963699999948,58.21554056566373
105.8573662999996,21.013963699999948,58.16776270421982
105.8576662999996,21.013963699999948,59.089178890404035
105.8291663,21.014263699999947,61.471986234410046
105.8294663,21.014263699999947,61.16228921498059
105.8297663,21.014263699999947,61.767630305425975
105.83006629999998,21.014263699999947,61.709010582638335
105.83036629999998,21.014263699999947,66.08875767706157
105.83066629999998,21.014263699999947,61.570731711997674
105.83096629999996,21.014263699999947,57.98084022491804
105.83126629999995,21.014263699999947,61.77568604646744
105.83156629999996,21.014263699999947,68.83202565173941
105.83186629999996,21.014263699999947,61.229813755148385
105.83216629999995,21.014263699999947,59.83709354303571
105.83246629999996,21.014263699999947,59.4142304933276
105.83276629999996,21.014263699999947,59.53654704677077
105.83306629999994,21.014263699999947,59.85853137722725
105.83336629999994,21.014263699999947,62.2053791616606
105.83366629999992,21.014263699999947,64.43961709260452
105.83396629999991,21.014263699999947,71.06684299485396
105.83426629999992,21.014263699999947,70.45973420321761
105.83456629999992,21.014263699999947,70.6799687198582
105.83486629999992,21.014263699999947,72.61851494655107
105.83516629999993,21.014263699999947,63.93042913456897
105.83546629999992,21.014263699999947,64.48167692044406
105.8357662999999,21.014263699999947,64.48167692044406
105.8360662999999,21.014263699999947,64.48167692044406
105.8363662999999,21.014263699999947,63.54806176691279
105.83666629999988,21.014263699999947,72.67481657076199
105.83696629999989,21.014263699999947,65.92549386854108
105.83726629999988,21.014263699999947,65.26091117787138
105.83756629999988,21.014263699999947,64.48167692044406
105.83786629999987,21.014263699999947,64.48167692044406
105.83816629999988,21.014263699999947,64.48167692044406
105.83846629999988,21.014263699999947,64.48167692044406
105.83876629999986,21.014263699999947,64.48167692044406
105.83906629999986,21.014263699999947,64.48167692044406
105.83936629999984,21.014263699999947,65.26091117787138
105.83966629999983,21.014263699999947,67.49777302584597
105.83996629999984,21.014263699999947,70.7865223997079
105.84026629999984,21.014263699999947,71.0902179675201
105.84056629999984,21.014263699999947,72.23357940994028
105.84086629999985,21.014263699999947,65.43853221508704
105.84116629999984,21.014263699999947,66.26843066241034
105.84146629999982,21.014263699999947,72.67481657076199
105.84176629999982,21.014263699999947,65.26091117787138
105.8420662999998,21.014263699999947,64.48167692044406
105.8423662999998,21.014263699999947,64.48167692044406
105.8426662999998,21.014263699999947,64.48167692044406
105.8429662999998,21.014263699999947,64.48167692044406
105.8432662999998,21.014263699999947,64.48167692044406
105.8435662999998,21.014263699999947,64.48167692044406
105.8438662999998,21.014263699999947,64.48167692044406
105.84416629999978,21.014263699999947,64.48167692044406
105.84446629999978,21.014263699999947,64.48167692044406
105.84476629999978,21.014263699999947,64.48167692044406
105.84506629999976,21.014263699999947,64.48167692044406
105.84536629999975,21.014263699999947,64.48167692044406
105.84566629999976,21.014263699999947,64.48167692044406
105.84596629999976,21.014263699999947,64.48167692044406
105.84626629999975,21.014263699999947,64.48167692044406
105.84656629999976,21.014263699999947,63.74351240075457
105.84686629999976,21.014263699999947,69.49552335315374
105.84716629999974,21.014263699999947,60.46732001903468
105.84746629999974,21.014263699999947,60.53213940755128
105.84776629999972,21.014263699999947,67.22304330251497
105.84806629999972,21.014263699999947,64.3906800797799
105.84836629999973,21.014263699999947,69.60578536460957
105.84866629999972,21.014263699999947,61.49908165698475
105.84896629999972,21.014263699999947,64.65129687969109
105.84926629999973,21.014263699999947,68.47136991270108
105.84956629999972,21.014263699999947,59.12644455404331
105.8498662999997,21.014263699999947,66.62854900784895
105.8501662999997,21.014263699999947,60.58065388601279
105.8504662999997,21.014263699999947,67.55922853737613
105.85076629999968,21.014263699999947,65.90379368592886
105.85106629999969,21.014263699999947,69.93404233668826
105.85136629999968,21.014263699999947,59.25849959070743
105.85166629999968,21.014263699999947,66.16487894149292
105.85196629999967,21.014263699999947,59.0623718842415
105.85226629999968,21.014263699999947,60.049128843303734
105.85256629999968,21.014263699999947,60.46069322529264
105.85286629999966,21.014263699999947,59.58597248257472
105.85316629999966,21.014263699999947,59.18785332417082
105.85346629999964,21.014263699999947,68.84241678899915
105.85376629999963,21.014263699999947,57.90022997497323
105.85406629999964,21.014263699999947,56.78370022205746
105.85436629999964,21.014263699999947,69.75705203839108
105.85466629999964,21.014263699999947,58.238427570024825
105.85496629999965,21.014263699999947,55.13808355760057
105.85526629999964,21.014263699999947,56.96096522476727
105.85556629999962,21.014263699999947,60.582188771652845
105.85586629999962,21.014263699999947,63.24858778050929
105.8561662999996,21.014263699999947,66.00291639341897
105.8564662999996,21.014263699999947,68.42529738246273
105.8567662999996,21.014263699999947,68.8765004674379
105.8570662999996,21.014263699999947,66.83198814630961
105.8573662999996,21.014263699999947,65.4337811234023
105.8576662999996,21.014263699999947,58.34120955253747
105.8291663,21.014563699999947,61.048176150435
105.8294663,21.014563699999947,61.048176150435
105.8297663,21.014563699999947,61.227327927934475
105.83006629999998,21.014563699999947,64.50626400439475
105.83036629999998,21.014563699999947,63.51634871442375
105.83066629999998,21.014563699999947,58.5269959134093
105.83096629999996,21.014563699999947,58.185252401232816
105.83126629999995,21.014563699999947,67.27995463096231
105.83156629999996,21.014563699999947,60.84897910179471
105.83186629999996,21.014563699999947,57.53594414781652
105.83216629999995,21.014563699999947,60.41246981295579
105.83246629999996,21.014563699999947,60.41246981295579
105.83276629999996,21.014563699999947,59.565272467462094
105.83306629999994,21.014563699999947,60.05510732340447
105.83336629999994,21.014563699999947,61.84784476488177
105.83366629999992,21.014563699999947,70.66748568499688
105.83396629999991,21.014563699999947,69.81769106981186
105.83426629999992,21.014563699999947,70.76349145791683
105.83456629999992,21.014563699999947,72.42370024712946
105.83486629999992,21.014563699999947,63.779074994724034
105.83516629999993,21.014563699999947,65.36762294882008
105.83546629999992,21.014563699999947,64.48167692044406
105.8357662999999,21.014563699999947,64.48167692044406
105.8360662999999,21.014563699999947,64.48167692044406
105.8363662999999,21.014563699999947,65.137396982337
105.83666629999988,21.014563699999947,63.862301699364835
105.83696629999989,21.014563699999947,70.20161787107088
105.83726629999988,21.014563699999947,66.26843066241034
105.83756629999988,21.014563699999947,65.137396982337
105.83786629999987,21.014563699999947,64.48167692044406
105.83816629999988,21.014563699999947,64.48167692044406
105.83846629999988,21.014563699999947,64.48167692044406
105.83876629999986,21.014563699999947,64.48167692044406
105.83906629999986,21.014563699999947,64.48167692044406
105.83936629999984,21.014563699999947,64.48167692044406
105.83966629999983,21.014563699999947,65.26289928759411
105.83996629999984,21.014563699999947,63.93042913456897
105.84026629999984,21.014563699999947,63.862301699364835
105.84056629999984,21.014563699999947,63.65994369095559
105.84086629999985,21.014563699999947,65.12295015543154
105.84116629999984,21.014563699999947,66.26843066241034
105.84146629999982,21.014563699999947,72.57928302102566
105.84176629999982,21.014563699999947,65.26091117787138
105.8420662999998,21.014563699999947,64.48167692044406
105.8423662999998,21.014563699999947,64.48167692044406
105.8426662999998,21.014563699999947,64.48167692044406
105.8429662999998,21.014563699999947,64.48167692044406
105.8432662999998,21.014563699999947,64.48167692044406
105.8435662999998,21.014563699999947,64.48167692044406
105.8438662999998,21.014563699999947,64.48167692044406
105.84416629999978,21.014563699999947,64.48167692044406
105.84446629999978,21.014563699999947,64.48167692044406
105.84476629999978,21.014563699999947,64.48167692044406
105.84506629999976,21.014563699999947,64.48167692044406
105.84536629999975,21.014563699999947,64.48167692044406
105.84566629999976,21.014563699999947,64.48167692044406
105.84596629999976,21.014563699999947,64.48167692044406
105.84626629999975,21.014563699999947,64.15807288047377
105.84656629999976,21.014563699999947,63.732783873070865
105.84686629999976,21.014563699999947,68.34246462834594
105.84716629999974,21.014563699999947,63.23349343465767
105.84746629999974,21.014563699999947,62.68921026408771
105.84776629999972,21.014563699999947,69.81955551780261
105.84806629999972,21.014563699999947,62.68349095436299
105.84836629999973,21.014563699999947,68.01005546143512
105.84866629999972,21.014563699999947,60.35486120960034
105.84896629999972,21.014563699999947,65.26570002247861
105.84926629999973,21.014563699999947,71.36653454427525
105.84956629999972,21.014563699999947,59.52740598952058
105.8498662999997,21.014563699999947,66.27448522406983
105.8501662999997,21.014563699999947,61.120849067222
105.8504662999997,21.014563699999947,69.43188774572104
105.85076629999968,21.014563699999947,65.50421034295375
105.85106629999969,21.014563699999947,70.21003764406102
105.85136629999968,21.014563699999947,62.06827230152542
105.85166629999968,21.014563699999947,69.4338910693821
105.85196629999967,21.014563699999947,65.25159848528577
105.85226629999968,21.014563699999947,63.9729912777386
105.85256629999968,21.014563699999947,65.11322735013587
105.85286629999966,21.014563699999947,62.059218088962616
105.85316629999966,21.014563699999947,61.03483247604045
105.85346629999964,21.014563699999947,61.295528441271706
105.85376629999963,21.014563699999947,55.51311214944293
105.85406629999964,21.014563699999947,53.35765130110284
105.85436629999964,21.014563699999947,67.24516894418456
105.85466629999964,21.014563699999947,58.16275695137451
105.85496629999965,21.014563699999947,56.35245216085986
105.85526629999964,21.014563699999947,56.592104730071455
105.85556629999962,21.014563699999947,56.702887841563786
105.85586629999962,21.014563699999947,56.51104602687411
105.8561662999996,21.014563699999947,57.16433073565757
105.8564662999996,21.014563699999947,57.39822310708861
105.8567662999996,21.014563699999947,56.700345860191256
105.8570662999996,21.014563699999947,68.00966926538597
105.8573662999996,21.014563699999947,60.9672897033891
105.8576662999996,21.014563699999947,59.06421666428443
105.8291663,21.014863699999943,60.15983456472956
105.8294663,21.014863699999943,58.70589814483606
105.8297663,21.014863699999943,60.029563665820405
105.83006629999998,21.014863699999943,65.86375629271822
105.83036629999998,21.014863699999943,59.90170508011235
105.83066629999998,21.014863699999943,58.98629618551248
105.83096629999996,21.014863699999943,58.649412366863714
105.83126629999995,21.014863699999943,65.8942649152669
105.83156629999996,21.014863699999943,68.21312805513152
105.83186629999996,21.014863699999943,56.67542453307173
105.83216629999995,21.014863699999943,57.07559506267315
105.83246629999996,21.014863699999943,58.534431730067936
105.83276629999996,21.014863699999943,57.00264360721434
105.83306629999994,21.014863699999943,61.431365229775345
105.83336629999994,21.014863699999943,67.94096873374706
105.83366629999992,21.014863699999943,67.46680666039381
105.83396629999991,21.014863699999943,63.69927134894024
105.83426629999992,21.014863699999943,64.77296614386555
105.83456629999992,21.014863699999943,71.85517760164487
105.83486629999992,21.014863699999943,63.687720291481845
105.83516629999993,21.014863699999943,65.137396982337
105.83546629999992,21.014863699999943,64.48167692044406
105.8357662999999,21.014863699999943,64.48167692044406
105.8360662999999,21.014863699999943,64.48167692044406
105.8363662999999,21.014863699999943,64.48167692044406
105.83666629999988,21.014863699999943,65.12295015543154
105.83696629999989,21.014863699999943,65.90271704222504
105.83726629999988,21.014863699999943,70.67238497268355
105.83756629999988,21.014863699999943,63.779074994724034
105.83786629999987,21.014863699999943,64.48167692044406
105.83816629999988,21.014863699999943,64.48167692044406
105.83846629999988,21.014863699999943,64.48167692044406
105.83876629999986,21.014863699999943,64.48167692044406
105.83906629999986,21.014863699999943,64.48167692044406
105.83936629999984,21.014863699999943,64.48167692044406
105.83966629999983,21.014863699999943,64.48167692044406
105.83996629999984,21.014863699999943,64.48167692044406
105.84026629999984,21.014863699999943,64.48167692044406
105.84056629999984,21.014863699999943,64.48167692044406
105.84086629999985,21.014863699999943,65.36762294882008
105.84116629999984,21.014863699999943,66.26843066241034
105.84146629999982,21.014863699999943,72.44316561989943
105.84176629999982,21.014863699999943,65.26091117787138
105.8420662999998,21.014863699999943,64.48167692044406
105.8423662999998,21.014863699999943,64.48167692044406
105.8426662999998,21.014863699999943,64.48167692044406
105.8429662999998,21.014863699999943,64.48167692044406
105.8432662999998,21.014863699999943,64.48167692044406
105.8435662999998,21.014863699999943,64.48167692044406
105.8438662999998,21.014863699999943,64.48167692044406
105.84416629999978,21.014863699999943,64.48167692044406
105.84446629999978,21.014863699999943,64.48167692044406
105.84476629999978,21.014863699999943,64.48167692044406
105.84506629999976,21.014863699999943,64.48167692044406
105.84536629999975,21.014863699999943,64.48167692044406
105.84566629999976,21.014863699999943,64.48167692044406
105.84596629999976,21.014863699999943,64.15807288047377
105.84626629999975,21.014863699999943,64.56806104157293
105.84656629999976,21.014863699999943,63.57373077221075
105.84686629999976,21.014863699999943,63.82726343026156
105.84716629999974,21.014863699999943,64.6913091020574
105.84746629999974,21.014863699999943,57.13337296625196
105.84776629999972,21.014863699999943,68.94466911050627
105.84806629999972,21.014863699999943,61.173887825199856
105.84836629999973,21.014863699999943,67.84359830295554
105.84866629999972,21.014863699999943,61.46407001790138
105.84896629999972,21.014863699999943,65.29351557467629
105.84926629999973,21.014863699999943,71.6874763821482
105.84956629999972,21.014863699999943,58.53614855656394
105.8498662999997,21.014863699999943,69.33245866429398
105.8501662999997,21.014863699999943,60.89258576399022
105.8504662999997,21.014863699999943,67.58493355830079
105.85076629999968,21.014863699999943,66.20739299520866
105.85106629999969,21.014863699999943,70.99913741036683
105.85136629999968,21.014863699999943,65.44013767315195
105.85166629999968,21.014863699999943,68.22364728747424
105.85196629999967,21.014863699999943,63.320297772929784
105.85226629999968,21.014863699999943,64.10866161320259
105.85256629999968,21.014863699999943,67.26619177069198
105.85286629999966,21.014863699999943,70.22519339352986
105.85316629999966,21.014863699999943,67.22643249896241
105.85346629999964,21.014863699999943,57.568408172695904
105.85376629999963,21.014863699999943,54.78974763030889
105.85406629999964,21.014863699999943,53.231136031585486
105.85436629999964,21.014863699999943,69.14753024347092
105.85466629999964,21.014863699999943,52.765362855305455
105.85496629999965,21.014863699999943,57.05333297062436
105.85526629999964,21.014863699999943,57.75179326486976
105.85556629999962,21.014863699999943,57.17347106537636
105.85586629999962,21.014863699999943,58.95927490841565
105.8561662999996,21.014863699999943,60.24957369006613
105.8564662999996,21.014863699999943,56.95725804246137
105.8567662999996,21.014863699999943,60.39072916935179
105.8570662999996,21.014863699999943,69.4733046462513
105.8573662999996,21.014863699999943,58.985542154095995
105.8576662999996,21.014863699999943,58.387741045676776
105.8291663,21.015163699999945,61.101139264567045
105.8294663,21.015163699999945,60.484222319756746
105.8297663,21.015163699999945,59.63639571349401
105.83006629999998,21.015163699999945,65.66985773649252
105.83036629999998,21.015163699999945,58.34687288450614
105.83066629999998,21.015163699999945,58.224283268869854
105.83096629999996,21.015163699999945,58.40238395444915
105.83126629999995,21.015163699999945,57.67500426393323
105.83156629999996,21.015163699999945,69.08095383456127
105.83186629999996,21.015163699999945,60.51000864681032
105.83216629999995,21.015163699999945,58.99407231896026
105.83246629999996,21.015163699999945,59.20500793787763
105.83276629999996,21.015163699999945,61.7218542066816
105.83306629999994,21.015163699999945,66.6801704008167
105.83336629999994,21.015163699999945,68.03776890319958
105.83366629999992,21.015163699999945,62.30659118556199
105.83396629999991,21.015163699999945,64.84558319061898
105.83426629999992,21.015163699999945,64.9234628407049
105.83456629999992,21.015163699999945,67.86838615117225
105.83486629999992,21.015163699999945,72.1719034274257
105.83516629999993,21.015163699999945,63.779074994724034
105.83546629999992,21.015163699999945,64.48167692044406
105.8357662999999,21.015163699999945,64.48167692044406
105.8360662999999,21.015163699999945,64.48167692044406
105.8363662999999,21.015163699999945,64.48167692044406
105.83666629999988,21.015163699999945,64.48167692044406
105.83696629999989,21.015163699999945,65.26091117787138
105.83726629999988,21.015163699999945,72.09415939293318
105.83756629999988,21.015163699999945,67.49777302584597
105.83786629999987,21.015163699999945,65.26289928759411
105.83816629999988,21.015163699999945,64.48167692044406
105.83846629999988,21.015163699999945,64.48167692044406
105.83876629999986,21.015163699999945,64.48167692044406
105.83906629999986,21.015163699999945,64.48167692044406
105.83936629999984,21.015163699999945,64.48167692044406
105.83966629999983,21.015163699999945,64.48167692044406
105.83996629999984,21.015163699999945,64.48167692044406
105.84026629999984,21.015163699999945,64.48167692044406
105.84056629999984,21.015163699999945,64.48167692044406
105.84086629999985,21.015163699999945,65.36762294882008
105.84116629999984,21.015163699999945,65.43853221508704
105.84146629999982,21.015163699999945,70.67238497268355
105.84176629999982,21.015163699999945,65.26091117787138
105.8420662999998,21.015163699999945,64.48167692044406
105.8423662999998,21.015163699999945,64.48167692044406
105.8426662999998,21.015163699999945,64.48167692044406
105.8429662999998,21.015163699999945,64.48167692044406
105.8432662999998,21.015163699999945,64.48167692044406
105.8435662999998,21.015163699999945,64.48167692044406
105.8438662999998,21.015163699999945,64.48167692044406
105.84416629999978,21.015163699999945,64.48167692044406
105.84446629999978,21.015163699999945,64.48167692044406
105.84476629999978,21.015163699999945,64.48167692044406
105.84506629999976,21.015163699999945,64.48167692044406
105.84536629999975,21.015163699999945,64.48167692044406
105.84566629999976,21.015163699999945,64.48167692044406
105.84596629999976,21.015163699999945,64.48167692044406
105.84626629999975,21.015163699999945,64.14325128060958
105.84656629999976,21.015163699999945,62.857348770914406
105.84686629999976,21.015163699999945,60.62520175803401
105.84716629999974,21.015163699999945,64.32312826282194
105.84746629999974,21.015163699999945,64.54493196076567
105.84776629999972,21.015163699999945,71.55896349945745
105.84806629999972,21.015163699999945,71.30598557197668
105.84836629999973,21.015163699999945,69.04383225337077
105.84866629999972,21.015163699999945,68.89855356974087
105.84896629999972,21.015163699999945,68.67918489209082
105.84926629999973,21.015163699999945,69.73406629858717
105.84956629999972,21.015163699999945,67.49008632341456
105.8498662999997,21.015163699999945,66.19079130913832
105.8501662999997,21.015163699999945,69.97034100067819
105.8504662999997,21.015163699999945,68.3408290428605
105.85076629999968,21.015163699999945,68.69795359258156
105.85106629999969,21.015163699999945,69.23098558819993
105.85136629999968,21.015163699999945,68.68942024025084
105.85166629999968,21.015163699999945,68.38306119391447
105.85196629999967,21.015163699999945,69.24395806560514
105.85226629999968,21.015163699999945,69.74162439803843
105.85256629999968,21.015163699999945,68.77253829110316
105.85286629999966,21.015163699999945,65.81954995275136
105.85316629999966,21.015163699999945,69.22310147190734
105.85346629999964,21.015163699999945,61.33738016938941
105.85376629999963,21.015163699999945,58.36816462654611
105.85406629999964,21.015163699999945,57.97887867315797
105.85436629999964,21.015163699999945,65.06336599063758
105.85466629999964,21.015163699999945,54.46665359216247
105.85496629999965,21.015163699999945,55.1884026567417
105.85526629999964,21.015163699999945,58.42592717098969
105.85556629999962,21.015163699999945,58.14240243472947
105.85586629999962,21.015163699999945,59.055719611760274
105.8561662999996,21.015163699999945,59.507301433589134
105.8564662999996,21.015163699999945,58.46952410664342
105.8567662999996,21.015163699999945,67.99315622370717
105.8570662999996,21.015163699999945,61.42558058783986
105.8573662999996,21.015163699999945,60.75889094454951
105.8576662999996,21.015163699999945,59.00380329117662
105.8291663,21.015463699999945,61.101139264567045
105.8294663,21.015463699999945,59.2032627674026
105.8297663,21.015463699999945,61.15103177355659
105.83006629999998,21.015463699999945,68.03828328307794
105.83036629999998,21.015463699999945,58.73355372088423
105.83066629999998,21.015463699999945,57.8693423784442
105.83096629999996,21.015463699999945,57.80742209670786
105.83126629999995,21.015463699999945,67.82873151934412
105.83156629999996,21.015463699999945,63.72105954905582
105.83186629999996,21.015463699999945,58.91484818268588
105.83216629999995,21.015463699999945,58.67443441940153
105.83246629999996,21.015463699999945,60.671984013124934
105.83276629999996,21.015463699999945,65.7739043448531
105.83306629999994,21.015463699999945,68.85012840709237
105.83336629999994,21.015463699999945,61.91121618427135
105.83366629999992,21.015463699999945,63.99064514284034
105.83396629999991,21.015463699999945,64.06151869186982
105.83426629999992,21.015463699999945,64.0714665286504
105.83456629999992,21.015463699999945,65.34437131718562
105.83486629999992,21.015463699999945,72.12193599345943
105.83516629999993,21.015463699999945,71.59519537928152
105.83546629999992,21.015463699999945,65.26091117787138
105.8357662999999,21.015463699999945,64.48167692044406
105.8360662999999,21.015463699999945,64.48167692044406
105.8363662999999,21.015463699999945,64.48167692044406
105.83666629999988,21.015463699999945,64.48167692044406
105.83696629999989,21.015463699999945,65.36762294882008
105.83726629999988,21.015463699999945,63.862301699364835
105.83756629999988,21.015463699999945,71.37707722161626
105.83786629999987,21.015463699999945,63.862301699364835
105.83816629999988,21.015463699999945,65.36762294882008
105.83846629999988,21.015463699999945,64.48167692044406
105.83876629999986,21.015463699999945,64.48167692044406
105.83906629999986,21.015463699999945,64.48167692044406
105.83936629999984,21.015463699999945,64.48167692044406
105.83966629999983,21.015463699999945,64.48167692044406
105.83996629999984,21.015463699999945,64.48167692044406
105.84026629999984,21.015463699999945,64.48167692044406
105.84056629999984,21.015463699999945,64.48167692044406
105.84086629999985,21.015463699999945,65.36762294882008
105.84116629999984,21.015463699999945,65.43853221508704
105.84146629999982,21.015463699999945,70.86678602496247
105.84176629999982,21.015463699999945,65.26091117787138
105.8420662999998,21.015463699999945,64.48167692044406
105.8423662999998,21.015463699999945,64.48167692044406
105.8426662999998,21.015463699999945,64.48167692044406
105.8429662999998,21.015463699999945,64.48167692044406
105.8432662999998,21.015463699999945,64.48167692044406
105.8435662999998,21.015463699999945,64.48167692044406
105.8438662999998,21.015463699999945,64.48167692044406
105.84416629999978,21.015463699999945,64.48167692044406
105.84446629999978,21.015463699999945,64.48167692044406
105.84476629999978,21.015463699999945,64.48167692044406
105.84506629999976,21.015463699999945,64.48167692044406
105.84536629999975,21.015463699999945,64.48167692044406
105.84566629999976,21.015463699999945,64.48167692044406
105.84596629999976,21.015463699999945,64.48167692044406
105.84626629999975,21.015463699999945,64.48167692044406
105.84656629999976,21.015463699999945,64.59034532971255
105.84686629999976,21.015463699999945,64.9234628407049
105.84716629999974,21.015463699999945,67.87249636778724
105.84746629999974,21.015463699999945,63.02517442216204
105.84776629999972,21.015463699999945,59.908520615110234
105.84806629999972,21.015463699999945,61.056977764751295
105.84836629999973,21.015463699999945,66.59849320122512
105.84866629999972,21.015463699999945,61.58325727695411
105.84896629999972,21.015463699999945,62.18649659070976
105.84926629999973,21.015463699999945,69.70405400649834
105.84956629999972,21.015463699999945,60.32528791513126
105.8498662999997,21.015463699999945,69.41131843497642
105.8501662999997,21.015463699999945,62.4433992350874
105.8504662999997,21.015463699999945,68.90911738636366
105.85076629999968,21.015463699999945,65.52893364396
105.85106629999969,21.015463699999945,64.95226788112521
105.85136629999968,21.015463699999945,63.89654445787236
105.85166629999968,21.015463699999945,66.31156506843718
105.85196629999967,21.015463699999945,58.99456465696169
105.85226629999968,21.015463699999945,68.75138012585761
105.85256629999968,21.015463699999945,58.019836230150986
105.85286629999966,21.015463699999945,60.16635900847914
105.85316629999966,21.015463699999945,66.17754582714778
105.85346629999964,21.015463699999945,61.78027672436291
105.85376629999963,21.015463699999945,64.99654943490769
105.85406629999964,21.015463699999945,63.97911956027573
105.85436629999964,21.015463699999945,64.94151128924211
105.85466629999964,21.015463699999945,69.3704323096107
105.85496629999965,21.015463699999945,70.56317862075696
105.85526629999964,21.015463699999945,67.70363087252187
105.85556629999962,21.015463699999945,65.4226107126082
105.85586629999962,21.015463699999945,61.797465388534256
105.8561662999996,21.015463699999945,61.283581877825576
105.8564662999996,21.015463699999945,62.08267533872203
105.8567662999996,21.015463699999945,65.55737711635588
105.8570662999996,21.015463699999945,60.42429324671377
105.8573662999996,21.015463699999945,58.224283268869854
105.8576662999996,21.015463699999945,58.101086831312315
105.8291663,21.015763699999944,61.048176150435
105.8294663,21.015763699999944,59.25160555213082
105.8297663,21.015763699999944,60.75324981934978
105.83006629999998,21.015763699999944,68.84153632883692
105.83036629999998,21.015763699999944,59.25498257328178
105.83066629999998,21.015763699999944,57.88944231451348
105.83096629999996,21.015763699999944,67.87666330620326
105.83126629999995,21.015763699999944,60.587104815636714
105.83156629999996,21.015763699999944,58.99886308750257
105.83186629999996,21.015763699999944,58.5269959134093
105.83216629999995,21.015763699999944,57.621916926047135
105.83246629999996,21.015763699999944,65.783588956867
105.83276629999996,21.015763699999944,66.34114713923803
105.83306629999994,21.015763699999944,62.55406300580272
105.83336629999994,21.015763699999944,61.999509282479416
105.83366629999992,21.015763699999944,63.56546319830585
105.83396629999991,21.015763699999944,64.06151869186982
105.83426629999992,21.015763699999944,64.03274348394726
105.83456629999992,21.015763699999944,65.3899072369597
105.83486629999992,21.015763699999944,63.74351240075457
105.83516629999993,21.015763699999944,72.59810702807773
105.83546629999992,21.015763699999944,67.36441498891844
105.8357662999999,21.015763699999944,65.26091117787138
105.8360662999999,21.015763699999944,64.48167692044406
105.8363662999999,21.015763699999944,64.48167692044406
105.83666629999988,21.015763699999944,64.48167692044406
105.83696629999989,21.015763699999944,64.48167692044406
105.83726629999988,21.015763699999944,65.26091117787138
105.83756629999988,21.015763699999944,67.49777302584597
105.83786629999987,21.015763699999944,72.09415939293318
105.83816629999988,21.015763699999944,65.26091117787138
105.83846629999988,21.015763699999944,64.48167692044406
105.83876629999986,21.015763699999944,64.48167692044406
105.83906629999986,21.015763699999944,64.48167692044406
105.83936629999984,21.015763699999944,64.48167692044406
105.83966629999983,21.015763699999944,64.48167692044406
105.83996629999984,21.015763699999944,64.48167692044406
105.84026629999984,21.015763699999944,64.48167692044406
105.84056629999984,21.015763699999944,64.48167692044406
105.84086629999985,21.015763699999944,65.36762294882008
105.84116629999984,21.015763699999944,65.43853221508704
105.84146629999982,21.015763699999944,71.05654154080321
105.84176629999982,21.015763699999944,65.26091117787138
105.8420662999998,21.015763699999944,64.48167692044406
105.8423662999998,21.015763699999944,64.48167692044406
105.8426662999998,21.015763699999944,64.48167692044406
105.8429662999998,21.015763699999944,64.48167692044406
105.8432662999998,21.015763699999944,64.48167692044406
105.8435662999998,21.015763699999944,64.48167692044406
105.8438662999998,21.015763699999944,64.48167692044406
105.84416629999978,21.015763699999944,64.48167692044406
105.84446629999978,21.015763699999944,64.48167692044406
105.84476629999978,21.015763699999944,64.48167692044406
105.84506629999976,21.015763699999944,64.48167692044406
105.84536629999975,21.015763699999944,64.48167692044406
105.84566629999976,21.015763699999944,64.48167692044406
105.84596629999976,21.015763699999944,64.48167692044406
105.84626629999975,21.015763699999944,64.48167692044406
105.84656629999976,21.015763699999944,64.16553556874919
105.84686629999976,21.015763699999944,65.20024607900142
105.84716629999974,21.015763699999944,62.471076117388606
105.84746629999974,21.015763699999944,64.04448417158507
105.84776629999972,21.015763699999944,59.01129588442691
105.84806629999972,21.015763699999944,58.09350753454295
105.84836629999973,21.015763699999944,68.0626660987919
105.84866629999972,21.015763699999944,61.02793256839116
105.84896629999972,21.015763699999944,62.27437783171879
105.84926629999973,21.015763699999944,68.15179345680968
105.84956629999972,21.015763699999944,60.856110662817926
105.8498662999997,21.015763699999944,69.26156998102715
105.8501662999997,21.015763699999944,64.37421457917692
105.8504662999997,21.015763699999944,70.70766643322347
105.85076629999968,21.015763699999944,68.09640861615867
105.85106629999969,21.015763699999944,64.38900263114293
105.85136629999968,21.015763699999944,66.71252650391445
105.85166629999968,21.015763699999944,64.0190690638574
105.85196629999967,21.015763699999944,58.28380879619508
105.85226629999968,21.015763699999944,68.96176034150145
105.85256629999968,21.015763699999944,54.973058866321885
105.85286629999966,21.015763699999944,56.70886299959445
105.85316629999966,21.015763699999944,67.74439827831456
105.85346629999964,21.015763699999944,57.922870181170765
105.85376629999963,21.015763699999944,63.25023678705853
105.85406629999964,21.015763699999944,62.58925965287974
105.85436629999964,21.015763699999944,63.8611516022935
105.85466629999964,21.015763699999944,57.21034959626396
105.85496629999965,21.015763699999944,56.14181014947851
105.85526629999964,21.015763699999944,62.57134848113974
105.85556629999962,21.015763699999944,61.37304681369018
105.85586629999962,21.015763699999944,67.37818785488217
105.8561662999996,21.015763699999944,69.25398134999088
105.8564662999996,21.015763699999944,69.22181317594058
105.8567662999996,21.015763699999944,60.0079734122695
105.8570662999996,21.015763699999944,64.11443454880484
105.8573662999996,21.015763699999944,58.323282035871635
105.8576662999996,21.015763699999944,58.224283268869854
105.8291663,21.016063699999943,60.678869788882984
105.8294663,21.016063699999943,59.790528203177544
105.8297663,21.016063699999943,59.41500795496909
105.83006629999998,21.016063699999943,69.0944893299545
105.83036629999998,21.016063699999943,58.65325462589596
105.83066629999998,21.016063699999943,67.97447941977249
105.83096629999996,21.016063699999943,62.14495908881917
105.83126629999995,21.016063699999943,59.243801858183815
105.83156629999996,21.016063699999943,60.45462546540481
105.83186629999996,21.016063699999943,60.75324981934978
105.83216629999995,21.016063699999943,66.42675081978011
105.83246629999996,21.016063699999943,70.15224626168893
105.83276629999996,21.016063699999943,61.791422759209354
105.83306629999994,21.016063699999943,61.49858412085506
105.83336629999994,21.016063699999943,61.471986234410046
105.83366629999992,21.016063699999943,63.56546319830585
105.83396629999991,21.016063699999943,64.06151869186982
105.83426629999992,21.016063699999943,64.03274348394726
105.83456629999992,21.016063699999943,64.50396120858368
105.83486629999992,21.016063699999943,65.16517358286325
105.83516629999993,21.016063699999943,63.65994369095559
105.83546629999992,21.016063699999943,70.54455329118092
105.8357662999999,21.016063699999943,66.09667860635271
105.8360662999999,21.016063699999943,65.12295015543154
105.8363662999999,21.016063699999943,64.48167692044406
105.83666629999988,21.016063699999943,64.48167692044406
105.83696629999989,21.016063699999943,64.48167692044406
105.83726629999988,21.016063699999943,64.48167692044406
105.83756629999988,21.016063699999943,63.71573580022832
105.83786629999987,21.016063699999943,71.09753248537031
105.83816629999988,21.016063699999943,66.09667860635271
105.83846629999988,21.016063699999943,65.12295015543154
105.83876629999986,21.016063699999943,64.48167692044406
105.83906629999986,21.016063699999943,64.48167692044406
105.83936629999984,21.016063699999943,64.48167692044406
105.83966629999983,21.016063699999943,64.48167692044406
105.83996629999984,21.016063699999943,64.48167692044406
105.84026629999984,21.016063699999943,64.48167692044406
105.84056629999984,21.016063699999943,64.48167692044406
105.84086629999985,21.016063699999943,64.48167692044406
105.84116629999984,21.016063699999943,65.43853221508704
105.84146629999982,21.016063699999943,71.0902179675201
105.84176629999982,21.016063699999943,65.26091117787138
105.8420662999998,21.016063699999943,64.48167692044406
105.8423662999998,21.016063699999943,64.48167692044406
105.8426662999998,21.016063699999943,64.48167692044406
105.8429662999998,21.016063699999943,64.48167692044406
105.8432662999998,21.016063699999943,64.48167692044406
105.8435662999998,21.016063699999943,64.48167692044406
105.8438662999998,21.016063699999943,64.48167692044406
105.84416629999978,21.016063699999943,64.48167692044406
105.84446629999978,21.016063699999943,64.48167692044406
105.84476629999978,21.016063699999943,64.48167692044406
105.84506629999976,21.016063699999943,64.48167692044406
105.84536629999975,21.016063699999943,64.48167692044406
105.84566629999976,21.016063699999943,64.48167692044406
105.84596629999976,21.016063699999943,64.14325128060958
105.84626629999975,21.016063699999943,64.48167692044406
105.84656629999976,21.016063699999943,64.56806104157293
105.84686629999976,21.016063699999943,64.18035716861338
105.84716629999974,21.016063699999943,62.2376806572084
105.84746629999974,21.016063699999943,67.4599883614303
105.84776629999972,21.016063699999943,59.1144192176028
105.84806629999972,21.016063699999943,57.716940385620966
105.84836629999973,21.016063699999943,71.69245839468789
105.84866629999972,21.016063699999943,64.7097755199151
105.84896629999972,21.016063699999943,61.02793256839116
105.84926629999973,21.016063699999943,68.25798405151008
105.84956629999972,21.016063699999943,59.15231643240035
105.8498662999997,21.016063699999943,70.20626883728717
105.8501662999997,21.016063699999943,62.60680162291554
105.8504662999997,21.016063699999943,67.74490651379418
105.85076629999968,21.016063699999943,68.38078462588643
105.85106629999969,21.016063699999943,64.5594760505995
105.85136629999968,21.016063699999943,69.97217540405155
105.85166629999968,21.016063699999943,64.75457994618736
105.85196629999967,21.016063699999943,58.928904334283295
105.85226629999968,21.016063699999943,68.54646739731031
105.85256629999968,21.016063699999943,51.71181555020007
105.85286629999966,21.016063699999943,58.57792871415798
105.85316629999966,21.016063699999943,65.72142226647968
105.85346629999964,21.016063699999943,58.607982510230656
105.85376629999963,21.016063699999943,67.55902178463985
105.85406629999964,21.016063699999943,66.71201223154215
105.85436629999964,21.016063699999943,59.93436903423745
105.85466629999964,21.016063699999943,55.62684412791319
105.85496629999965,21.016063699999943,57.54330478954046
105.85526629999964,21.016063699999943,66.37654502704596
105.85556629999962,21.016063699999943,60.73852885010864
105.85586629999962,21.016063699999943,58.916817736645754
105.8561662999996,21.016063699999943,66.37194579269581
105.8564662999996,21.016063699999943,67.05730636062904
105.8567662999996,21.016063699999943,67.06778203207757
105.8570662999996,21.016063699999943,57.59044145919593
105.8573662999996,21.016063699999943,58.177545192770445
105.8576662999996,21.016063699999943,58.16464433341941
105.8291663,21.016363699999943,61.61100254056244
105.8294663,21.016363699999943,60.01371373696494
105.8297663,21.016363699999943,62.020183130981394
105.83006629999998,21.016363699999943,67.9896148418887
105.83036629999998,21.016363699999943,66.56718042359265
105.83066629999998,21.016363699999943,64.49770905796677
105.83096629999996,21.016363699999943,61.51928384579028
105.83126629999995,21.016363699999943,60.89777393116619
105.83156629999996,21.016363699999943,61.40342402514081
105.83186629999996,21.016363699999943,67.39679436809591
105.83216629999995,21.016363699999943,67.25364869647697
105.83246629999996,21.016363699999943,63.009163561475354
105.83276629999996,21.016363699999943,60.00700888619724
105.83306629999994,21.016363699999943,61.048176150435
105.83336629999994,21.016363699999943,63.56546319830585
105.83366629999992,21.016363699999943,63.29645932255019
105.83396629999991,21.016363699999943,64.01579437031813
105.83426629999992,21.016363699999943,63.98508240752162
105.83456629999992,21.016363699999943,64.50396120858368
105.83486629999992,21.016363699999943,64.50396120858368
105.83516629999993,21.016363699999943,65.12295015543154
105.83546629999992,21.016363699999943,66.26843066241034
105.8357662999999,21.016363699999943,72.22719338959124
105.8360662999999,21.016363699999943,63.862301699364835
105.8363662999999,21.016363699999943,65.137396982337
105.83666629999988,21.016363699999943,64.48167692044406
105.83696629999989,21.016363699999943,64.48167692044406
105.83726629999988,21.016363699999943,64.48167692044406
105.83756629999988,21.016363699999943,65.12295015543154
105.83786629999987,21.016363699999943,66.09667860635271
105.83816629999988,21.016363699999943,71.09753248537031
105.83846629999988,21.016363699999943,63.71573580022832
105.83876629999986,21.016363699999943,64.48167692044406
105.83906629999986,21.016363699999943,64.48167692044406
105.83936629999984,21.016363699999943,64.48167692044406
105.83966629999983,21.016363699999943,64.48167692044406
105.83996629999984,21.016363699999943,64.48167692044406
105.84026629999984,21.016363699999943,64.48167692044406
105.84056629999984,21.016363699999943,64.48167692044406
105.84086629999985,21.016363699999943,65.36762294882008
105.84116629999984,21.016363699999943,65.43853221508704
105.84146629999982,21.016363699999943,71.05654154080321
105.84176629999982,21.016363699999943,65.26091117787138
105.8420662999998,21.016363699999943,64.48167692044406
105.8423662999998,21.016363699999943,64.50396120858368
105.8426662999998,21.016363699999943,64.50396120858368
105.8429662999998,21.016363699999943,64.48167692044406
105.8432662999998,21.016363699999943,64.48167692044406
105.8435662999998,21.016363699999943,64.48167692044406
105.8438662999998,21.016363699999943,64.48167692044406
105.84416629999978,21.016363699999943,64.48167692044406
105.84446629999978,21.016363699999943,64.48167692044406
105.84476629999978,21.016363699999943,64.48167692044406
105.84506629999976,21.016363699999943,64.48167692044406
105.84536629999975,21.016363699999943,64.48167692044406
105.84566629999976,21.016363699999943,64.48167692044406
105.84596629999976,21.016363699999943,64.56806104157293
105.84626629999975,21.016363699999943,64.48167692044406
105.84656629999976,21.016363699999943,64.48167692044406
105.84686629999976,21.016363699999943,64.16553556874919
105.84716629999974,21.016363699999943,65.09140221854337
105.84746629999974,21.016363699999943,65.73643971660155
105.84776629999972,21.016363699999943,63.341169961245825
105.84806629999972,21.016363699999943,60.198402714600114
105.84836629999973,21.016363699999943,71.35030865430525
105.84866629999972,21.016363699999943,64.19796577155246
105.84896629999972,21.016363699999943,59.46188732428057
105.84926629999973,21.016363699999943,66.52100190889462
105.84956629999972,21.016363699999943,60.33688144368262
105.8498662999997,21.016363699999943,68.14341894192013
105.8501662999997,21.016363699999943,64.14374955375142
105.8504662999997,21.016363699999943,66.4725796504601
105.85076629999968,21.016363699999943,66.81782058655098
105.85106629999969,21.016363699999943,64.38889149903726
105.85136629999968,21.016363699999943,69.79939863314969
105.85166629999968,21.016363699999943,62.88001627796165
105.85196629999967,21.016363699999943,56.05608155671203
105.85226629999968,21.016363699999943,68.17481351225202
105.85256629999968,21.016363699999943,52.486387108293215
105.85286629999966,21.016363699999943,65.96295897361662
105.85316629999966,21.016363699999943,60.67752552529565
105.85346629999964,21.016363699999943,62.1769747912981
105.85376629999963,21.016363699999943,61.99801696872101
105.85406629999964,21.016363699999943,62.03789004748952
105.85436629999964,21.016363699999943,57.53227804855678
105.85466629999964,21.016363699999943,56.39618618543591
105.85496629999965,21.016363699999943,58.79316691486285
105.85526629999964,21.016363699999943,65.37308415273715
105.85556629999962,21.016363699999943,63.940137597092466
105.85586629999962,21.016363699999943,62.8628818831578
105.8561662999996,21.016363699999943,67.97477674224885
105.8564662999996,21.016363699999943,61.5581280916099
105.8567662999996,21.016363699999943,64.56470339494474
105.8570662999996,21.016363699999943,67.51772274505862
105.8573662999996,21.016363699999943,63.514787859577766
105.8576662999996,21.016363699999943,58.47644478126687
105.8291663,21.016663699999945,59.99364383603087
105.8294663,21.016663699999945,62.16360215983273
105.8297663,21.016663699999945,64.02785033825432
105.83006629999998,21.016663699999945,66.88060909946407
105.83036629999998,21.016663699999945,68.5350796373541
105.83066629999998,21.016663699999945,61.26370721791555
105.83096629999996,21.016663699999945,60.11681129387563
105.83126629999995,21.016663699999945,65.46181017896463
105.83156629999996,21.016663699999945,67.15682837012177
105.83186629999996,21.016663699999945,66.12978875078795
105.83216629999995,21.016663699999945,61.709010582638335
105.83246629999996,21.016663699999945,61.014991501575224
105.83276629999996,21.016663699999945,60.55928312317199
105.83306629999994,21.016663699999945,61.41890029063801
105.83336629999994,21.016663699999945,63.29645932255019
105.83366629999992,21.016663699999945,64.06151869186982
105.83396629999991,21.016663699999945,64.03274348394726
105.83426629999992,21.016663699999945,63.98508240752162
105.83456629999992,21.016663699999945,64.50396120858368
105.83486629999992,21.016663699999945,64.48167692044406
105.83516629999993,21.016663699999945,64.48167692044406
105.83546629999992,21.016663699999945,65.26289928759411
105.8357662999999,21.016663699999945,65.92549386854108
105.8360662999999,21.016663699999945,72.67481657076199
105.8363662999999,21.016663699999945,63.93042913456897
105.83666629999988,21.016663699999945,64.48167692044406
105.83696629999989,21.016663699999945,64.48167692044406
105.83726629999988,21.016663699999945,64.48167692044406
105.83756629999988,21.016663699999945,64.48167692044406
105.83786629999987,21.016663699999945,65.26091117787138
105.83816629999988,21.016663699999945,72.09415939293318
105.83846629999988,21.016663699999945,67.36441498891844
105.83876629999986,21.016663699999945,65.26289928759411
105.83906629999986,21.016663699999945,64.48167692044406
105.83936629999984,21.016663699999945,64.48167692044406
105.83966629999983,21.016663699999945,64.48167692044406
105.83996629999984,21.016663699999945,64.48167692044406
105.84026629999984,21.016663699999945,64.48167692044406
105.84056629999984,21.016663699999945,64.48167692044406
105.84086629999985,21.016663699999945,65.36762294882008
105.84116629999984,21.016663699999945,66.26843066241034
105.84146629999982,21.016663699999945,72.08258103724545
105.84176629999982,21.016663699999945,65.28868777839763
105.8420662999998,21.016663699999945,64.50396120858368
105.8423662999998,21.016663699999945,64.50396120858368
105.8426662999998,21.016663699999945,64.50396120858368
105.8429662999998,21.016663699999945,64.48167692044406
105.8432662999998,21.016663699999945,64.50396120858368
105.8435662999998,21.016663699999945,64.48167692044406
105.8438662999998,21.016663699999945,64.48167692044406
105.84416629999978,21.016663699999945,64.48167692044406
105.84446629999978,21.016663699999945,64.48167692044406
105.84476629999978,21.016663699999945,64.48167692044406
105.84506629999976,21.016663699999945,64.48167692044406
105.84536629999975,21.016663699999945,64.48167692044406
105.84566629999976,21.016663699999945,64.14325128060958
105.84596629999976,21.016663699999945,64.56806104157293
105.84626629999975,21.016663699999945,65.36762294882008
105.84656629999976,21.016663699999945,65.137396982337
105.84686629999976,21.016663699999945,64.76835938830165
105.84716629999974,21.016663699999945,63.61155315377949
105.84746629999974,21.016663699999945,64.15477338174406
105.84776629999972,21.016663699999945,68.71187982012626
105.84806629999972,21.016663699999945,60.30624830271436
105.84836629999973,21.016663699999945,70.20078633756505
105.84866629999972,21.016663699999945,63.72666618957392
105.84896629999972,21.016663699999945,59.4365901285748
105.84926629999973,21.016663699999945,65.15255123831699
105.84956629999972,21.016663699999945,60.49701092984821
105.8498662999997,21.016663699999945,68.73834813707717
105.8501662999997,21.016663699999945,64.60787054412017
105.8504662999997,21.016663699999945,69.34439238301357
105.85076629999968,21.016663699999945,67.46455355427655
105.85106629999969,21.016663699999945,65.16010315160976
105.85136629999968,21.016663699999945,70.11774085529798
105.85166629999968,21.016663699999945,65.97300453689832
105.85196629999967,21.016663699999945,61.99027191564071
105.85226629999968,21.016663699999945,68.63829463101965
105.85256629999968,21.016663699999945,63.507735639613095
105.85286629999966,21.016663699999945,66.09452079683527
105.85316629999966,21.016663699999945,58.64143160277381
105.85346629999964,21.016663699999945,64.61647348819244
105.85376629999963,21.016663699999945,63.02783381556439
105.85406629999964,21.016663699999945,65.92355060799107
105.85436629999964,21.016663699999945,59.34011562818301
105.85466629999964,21.016663699999945,59.23136490786879
105.85496629999965,21.016663699999945,58.00641260211546
105.85526629999964,21.016663699999945,65.07862556019198
105.85556629999962,21.016663699999945,62.107197702309335
105.85586629999962,21.016663699999945,64.39340326066106
105.8561662999996,21.016663699999945,62.089928318225205
105.8564662999996,21.016663699999945,62.08381040805251
105.8567662999996,21.016663699999945,61.794354657230656
105.8570662999996,21.016663699999945,57.59298404612761
105.8573662999996,21.016663699999945,68.08428503564578
105.8576662999996,21.016663699999945,60.31196100691159
105.8291663,21.01696369999994,61.36467372906604
105.8294663,21.01696369999994,61.419202716910625
105.8297663,21.01696369999994,69.11091469959901
105.83006629999998,21.01696369999994,61.710857674806114
105.83036629999998,21.01696369999994,61.43061486354017
105.83066629999998,21.01696369999994,61.272553922289475
105.83096629999996,21.01696369999994,67.25623481451744
105.83126629999995,21.01696369999994,67.65087110752742
105.83156629999996,21.01696369999994,69.36586991274342
105.83186629999996,21.01696369999994,62.3027697302655
105.83216629999995,21.01696369999994,64.00509196974579
105.83246629999996,21.01696369999994,61.41890029063801
105.83276629999996,21.01696369999994,61.64252323587099
105.83306629999994,21.01696369999994,63.29645932255019
105.83336629999994,21.01696369999994,62.73188903756303
105.83366629999992,21.01696369999994,63.78400473338115
105.83396629999991,21.01696369999994,63.98508240752162
105.83426629999992,21.01696369999994,64.50396120858368
105.83456629999992,21.01696369999994,64.48167692044406
105.83486629999992,21.01696369999994,64.48167692044406
105.83516629999993,21.01696369999994,64.48167692044406
105.83546629999992,21.01696369999994,64.48167692044406
105.8357662999999,21.01696369999994,65.26091117787138
105.8360662999999,21.01696369999994,72.09062328306176
105.8363662999999,21.01696369999994,67.49777302584597
105.83666629999988,21.01696369999994,65.26091117787138
105.83696629999989,21.01696369999994,64.48167692044406
105.83726629999988,21.01696369999994,64.48167692044406
105.83756629999988,21.01696369999994,64.48167692044406
105.83786629999987,21.01696369999994,65.137396982337
105.83816629999988,21.01696369999994,65.43853221508704
105.83846629999988,21.01696369999994,73.6151114801874
105.83876629999986,21.01696369999994,63.65994369095559
105.83906629999986,21.01696369999994,65.36762294882008
105.83936629999984,21.01696369999994,64.48167692044406
105.83966629999983,21.01696369999994,64.48167692044406
105.83996629999984,21.01696369999994,64.48167692044406
105.84026629999984,21.01696369999994,64.48167692044406
105.84056629999984,21.01696369999994,64.48167692044406
105.84086629999985,21.01696369999994,65.36762294882008
105.84116629999984,21.01696369999994,66.26843066241034
105.84146629999982,21.01696369999994,72.3180550847005
105.84176629999982,21.01696369999994,65.26091117787138
105.8420662999998,21.01696369999994,65.15072675595779
105.8423662999998,21.01696369999994,65.15072675595779
105.8426662999998,21.01696369999994,65.28868777839763
105.8429662999998,21.01696369999994,65.28868777839763
105.8432662999998,21.01696369999994,65.28868777839763
105.8435662999998,21.01696369999994,63.779074994724034
105.8438662999998,21.01696369999994,63.65994369095559
105.84416629999978,21.01696369999994,63.653438644238776
105.84446629999978,21.01696369999994,65.26091117787138
105.84476629999978,21.01696369999994,63.779074994724034
105.84506629999976,21.01696369999994,63.71573580022832
105.84536629999975,21.01696369999994,63.65994369095559
105.84566629999976,21.01696369999994,65.0561648474309
105.84596629999976,21.01696369999994,65.88606329475421
105.84626629999975,21.01696369999994,66.8459119118711
105.84656629999976,21.01696369999994,65.50380617173133
105.84686629999976,21.01696369999994,67.06550776057655
105.84716629999974,21.01696369999994,70.09557045517917
105.84746629999974,21.01696369999994,69.3756357902954
105.84776629999972,21.01696369999994,66.29206380119227
105.84806629999972,21.01696369999994,69.08812610430937
105.84836629999973,21.01696369999994,68.79085241022547
105.84866629999972,21.01696369999994,69.97850600098768
105.84896629999972,21.01696369999994,67.53047589919643
105.84926629999973,21.01696369999994,68.12209048511622
105.84956629999972,21.01696369999994,68.10833844550365
105.8498662999997,21.01696369999994,66.75519584715674
105.8501662999997,21.01696369999994,68.33735201488958
105.8504662999997,21.01696369999994,68.31450069635899
105.85076629999968,21.01696369999994,71.03674499331329
105.85106629999969,21.01696369999994,67.27610455378664
105.85136629999968,21.01696369999994,68.54011586736608
105.85166629999968,21.01696369999994,63.70302013354046
105.85196629999967,21.01696369999994,62.29319091136307
105.85226629999968,21.01696369999994,61.81289262724709
105.85256629999968,21.01696369999994,58.677842638459445
105.85286629999966,21.01696369999994,66.82615723196933
105.85316629999966,21.01696369999994,66.05430958780067
105.85346629999964,21.01696369999994,62.59693276182702
105.85376629999963,21.01696369999994,65.27459775608814
105.85406629999964,21.01696369999994,68.01771900620221
105.85436629999964,21.01696369999994,64.53427777244117
105.85466629999964,21.01696369999994,64.14033362531517
105.85496629999965,21.01696369999994,61.60272674898834
105.85526629999964,21.01696369999994,63.422432887163374
105.85556629999962,21.01696369999994,63.160029072404505
105.85586629999962,21.01696369999994,68.00083559850137
105.8561662999996,21.01696369999994,62.539525186612515
105.8564662999996,21.01696369999994,61.15363020860798
105.8567662999996,21.01696369999994,61.653517240880376
105.8570662999996,21.01696369999994,58.807476744879146
105.8573662999996,21.01696369999994,67.12263785444215
105.8576662999996,21.01696369999994,58.19816731435467
105.8291663,21.01726369999994,61.44034810746383
105.8294663,21.01726369999994,66.6506578175513
105.8297663,21.01726369999994,68.81438859425054
105.83006629999998,21.01726369999994,62.39043666769606
105.83036629999998,21.01726369999994,61.63754176030069
105.83066629999998,21.01726369999994,65.39975543214388
105.83096629999996,21.01726369999994,68.26395057851458
105.83126629999995,21.01726369999994,62.67733762126942
105.83156629999996,21.01726369999994,63.667941834457814
105.83186629999996,21.01726369999994,64.69154229767507
105.83216629999995,21.01726369999994,63.13512557423809
105.83246629999996,21.01726369999994,62.91987215740566
105.83276629999996,21.01726369999994,64.06151869186982
105.83306629999994,21.01726369999994,63.97243579920282
105.83336629999994,21.01726369999994,64.03274348394726
105.83366629999992,21.01726369999994,63.98508240752162
105.83396629999991,21.01726369999994,64.50396120858368
105.83426629999992,21.01726369999994,64.50396120858368
105.83456629999992,21.01726369999994,64.48167692044406
105.83486629999992,21.01726369999994,64.48167692044406
105.83516629999993,21.01726369999994,64.48167692044406
105.83546629999992,21.01726369999994,64.48167692044406
105.8357662999999,21.01726369999994,65.36762294882008
105.8360662999999,21.01726369999994,63.65994369095559
105.8363662999999,21.01726369999994,71.12012861757692
105.83666629999988,21.01726369999994,65.43853221508704
105.83696629999989,21.01726369999994,65.137396982337
105.83726629999988,21.01726369999994,64.48167692044406
105.83756629999988,21.01726369999994,64.48167692044406
105.83786629999987,21.01726369999994,64.48167692044406
105.83816629999988,21.01726369999994,65.26091117787138
105.83846629999988,21.01726369999994,71.7070988471622
105.83876629999986,21.01726369999994,67.49777302584597
105.83906629999986,21.01726369999994,65.12295015543154
105.83936629999984,21.01726369999994,64.48167692044406
105.83966629999983,21.01726369999994,64.48167692044406
105.83996629999984,21.01726369999994,64.48167692044406
105.84026629999984,21.01726369999994,64.48167692044406
105.84056629999984,21.01726369999994,64.50396120858368
105.84086629999985,21.01726369999994,65.3899072369597
105.84116629999984,21.01726369999994,65.46630881561329
105.84146629999982,21.01726369999994,70.33957699055581
105.84176629999982,21.01726369999994,65.50380617173133
105.8420662999998,21.01726369999994,67.52554962637223
105.8423662999998,21.01726369999994,71.33459093097247
105.8426662999998,21.01726369999994,72.11839988358801
105.8429662999998,21.01726369999994,70.7001615732098
105.8432662999998,21.01726369999994,71.23337116278093
105.8435662999998,21.01726369999994,71.37707722161626
105.8438662999998,21.01726369999994,70.7534618704154
105.84416629999978,21.01726369999994,71.37707722161626
105.84446629999978,21.01726369999994,71.61573218596419
105.84476629999978,21.01726369999994,72.20147776104915
105.84506629999976,21.01726369999994,72.02779997151946
105.84536629999975,21.01726369999994,70.4454526813287
105.84566629999976,21.01726369999994,70.7001615732098
105.84596629999976,21.01726369999994,72.22631860519849
105.84626629999975,21.01726369999994,71.76135141080545
105.84656629999976,21.01726369999994,71.37429086503447
105.84686629999976,21.01726369999994,65.35457093863518
105.84716629999974,21.01726369999994,68.76513116916892
105.84746629999974,21.01726369999994,65.45642155673676
105.84776629999972,21.01726369999994,63.416129244215625
105.84806629999972,21.01726369999994,63.585612843497096
105.84836629999973,21.01726369999994,69.52652956797007
105.84866629999972,21.01726369999994,62.815878629446914
105.84896629999972,21.01726369999994,59.57782792428966
105.84926629999973,21.01726369999994,67.88179711819762
105.84956629999972,21.01726369999994,58.684082014493285
105.8498662999997,21.01726369999994,68.93610492047706
105.8501662999997,21.01726369999994,64.695982161241
105.8504662999997,21.01726369999994,68.66099853824181
105.85076629999968,21.01726369999994,59.878225590228034
105.85106629999969,21.01726369999994,59.455523217038746
105.85136629999968,21.01726369999994,68.72675763725798
105.85166629999968,21.01726369999994,57.104284639321406
105.85196629999967,21.01726369999994,56.14872405618548
105.85226629999968,21.01726369999994,55.47497551941929
105.85256629999968,21.01726369999994,53.264395972414285
105.85286629999966,21.01726369999994,66.13003731600533
105.85316629999966,21.01726369999994,58.68274071986483
105.85346629999964,21.01726369999994,58.56411275520543
105.85376629999963,21.01726369999994,58.54058803233777
105.85406629999964,21.01726369999994,63.52540684687387
105.85436629999964,21.01726369999994,63.35356795357478
105.85466629999964,21.01726369999994,61.30026268343827
105.85496629999965,21.01726369999994,63.91892768384705
105.85526629999964,21.01726369999994,67.58654890092714
105.85556629999962,21.01726369999994,70.66584412741685
105.85586629999962,21.01726369999994,64.62776394652974
105.8561662999996,21.01726369999994,61.60358869201478
105.8564662999996,21.01726369999994,61.471986234410046
105.8567662999996,21.01726369999994,60.92649263949808
105.8570662999996,21.01726369999994,63.48291581039893
105.8573662999996,21.01726369999994,61.68293431113115
105.8576662999996,21.01726369999994,58.42043005951019
105.8291663,21.01756369999994,69.79701880485658
105.8294663,21.01756369999994,68.52435544720744
105.8297663,21.01756369999994,62.61621704878259
105.83006629999998,21.01756369999994,66.21899556515085
105.83036629999998,21.01756369999994,65.80707160505311
105.83066629999998,21.01756369999994,67.97673851612991
105.83096629999996,21.01756369999994,63.72661437781811
105.83126629999995,21.01756369999994,60.77394591243227
105.83156629999996,21.01756369999994,61.36467372906604
105.83186629999996,21.01756369999994,63.362910681271345
105.83216629999995,21.01756369999994,63.89923241889646
105.83246629999996,21.01756369999994,64.01579437031813
105.83276629999996,21.01756369999994,63.97243579920282
105.83306629999994,21.01756369999994,63.98508240752162
105.83336629999994,21.01756369999994,64.50396120858368
105.83366629999992,21.01756369999994,64.50396120858368
105.83396629999991,21.01756369999994,64.48167692044406
105.83426629999992,21.01756369999994,64.48167692044406
105.83456629999992,21.01756369999994,64.48167692044406
105.83486629999992,21.01756369999994,64.48167692044406
105.83516629999993,21.01756369999994,64.48167692044406
105.83546629999992,21.01756369999994,64.48167692044406
105.8357662999999,21.01756369999994,64.48167692044406
105.8360662999999,21.01756369999994,65.12295015543154
105.8363662999999,21.01756369999994,65.92549386854108
105.83666629999988,21.01756369999994,72.09415939293318
105.83696629999989,21.01756369999994,65.26091117787138
105.83726629999988,21.01756369999994,64.48167692044406
105.83756629999988,21.01756369999994,64.48167692044406
105.83786629999987,21.01756369999994,64.48167692044406
105.83816629999988,21.01756369999994,65.36762294882008
105.83846629999988,21.01756369999994,65.43853221508704
105.83876629999986,21.01756369999994,71.55912572190569
105.83906629999986,21.01756369999994,63.653438644238776
105.83936629999984,21.01756369999994,64.48167692044406
105.83966629999983,21.01756369999994,64.48167692044406
105.83996629999984,21.01756369999994,64.48167692044406
105.84026629999984,21.01756369999994,64.50396120858368
105.84056629999984,21.01756369999994,64.50396120858368
105.84086629999985,21.01756369999994,65.3899072369597
105.84116629999984,21.01756369999994,65.46630881561329
105.84146629999982,21.01756369999994,70.72373355867548
105.84176629999982,21.01756369999994,71.06997705765981
105.8420662999998,21.01756369999994,71.45232776901747
105.8423662999998,21.01756369999994,71.64350878649044
105.8426662999998,21.01756369999994,71.08431814132946
105.8429662999998,21.01756369999994,72.58690318785247
105.8432662999998,21.01756369999994,71.33459093097247
105.8435662999998,21.01756369999994,71.33459093097247
105.8438662999998,21.01756369999994,65.95327046906733
105.84416629999978,21.01756369999994,66.29620726293659
105.84446629999978,21.01756369999994,63.68121524476503
105.84476629999978,21.01756369999994,63.74351240075457
105.84506629999976,21.01756369999994,63.95820573509522
105.84536629999975,21.01756369999994,65.28868777839763
105.84566629999976,21.01756369999994,65.28868777839763
105.84596629999976,21.01756369999994,65.28868777839763
105.84626629999975,21.01756369999994,65.29067588812036
105.84656629999976,21.01756369999994,64.78318098816584
105.84686629999976,21.01756369999994,63.61792021219562
105.84716629999974,21.01756369999994,68.2170999511402
105.84746629999974,21.01756369999994,59.673292034559815
105.84776629999972,21.01756369999994,56.55470006838756
105.84806629999972,21.01756369999994,58.430285625105064
105.84836629999973,21.01756369999994,67.75626160306119
105.84866629999972,21.01756369999994,63.49467149470256
105.84896629999972,21.01756369999994,61.22981399851912
105.84926629999973,21.01756369999994,68.99584296050881
105.84956629999972,21.01756369999994,60.790185732975985
105.8498662999997,21.01756369999994,68.29289462608223
105.8501662999997,21.01756369999994,65.59743591390057
105.8504662999997,21.01756369999994,70.70287135235304
105.85076629999968,21.01756369999994,61.23028032309431
105.85106629999969,21.01756369999994,62.32521410800729
105.85136629999968,21.01756369999994,71.25226257921726
105.85166629999968,21.01756369999994,61.52163591639712
105.85196629999967,21.01756369999994,58.67753101408334
105.85226629999968,21.01756369999994,58.25077230095067
105.85256629999968,21.01756369999994,54.2315333049088
105.85286629999966,21.01756369999994,64.4112221656482
105.85316629999966,21.01756369999994,57.758789714027834
105.85346629999964,21.01756369999994,58.94064433933455
105.85376629999963,21.01756369999994,59.4988896188639
105.85406629999964,21.01756369999994,67.47232288746375
105.85436629999964,21.01756369999994,59.44446380705993
105.85466629999964,21.01756369999994,60.97185065126264
105.85496629999965,21.01756369999994,61.339410839439694
105.85526629999964,21.01756369999994,62.92371034148653
105.85556629999962,21.01756369999994,66.80577156833199
105.85586629999962,21.01756369999994,61.39986098431571
105.8561662999996,21.01756369999994,60.64536702258835
105.8564662999996,21.01756369999994,61.048176150435
105.8567662999996,21.01756369999994,57.67500426393323
105.8570662999996,21.01756369999994,68.32816372032538
105.8573662999996,21.01756369999994,57.933159705274434
105.8576662999996,21.01756369999994,58.88060623153018
105.8291663,21.01786369999994,63.08819020589777
105.8294663,21.01786369999994,66.03047097577522
105.8297663,21.01786369999994,66.71899355171674
105.83006629999998,21.01786369999994,68.86741528404187
105.83036629999998,21.01786369999994,66.57265394945918
105.83066629999998,21.01786369999994,63.459657776980315
105.83096629999996,21.01786369999994,62.022556355615144
105.83126629999995,21.01786369999994,61.91189083285571
105.83156629999996,21.01786369999994,61.675125413516525
105.83186629999996,21.01786369999994,61.675125413516525
105.83216629999995,21.01786369999994,63.70873990181293
105.83246629999996,21.01786369999994,64.03274348394726
105.83276629999996,21.01786369999994,63.98508240752162
105.83306629999994,21.01786369999994,64.50396120858368
105.83336629999994,21.01786369999994,64.50396120858368
105.83366629999992,21.01786369999994,64.48167692044406
105.83396629999991,21.01786369999994,64.48167692044406
105.83426629999992,21.01786369999994,64.48167692044406
105.83456629999992,21.01786369999994,64.48167692044406
105.83486629999992,21.01786369999994,64.48167692044406
105.83516629999993,21.01786369999994,64.48167692044406
105.83546629999992,21.01786369999994,64.48167692044406
105.8357662999999,21.01786369999994,64.48167692044406
105.8360662999999,21.01786369999994,64.48167692044406
105.8363662999999,21.01786369999994,63.653438644238776
105.83666629999988,21.01786369999994,71.55912572190569
105.83696629999989,21.01786369999994,66.26843066241034
105.83726629999988,21.01786369999994,65.26091117787138
105.83756629999988,21.01786369999994,64.48167692044406
105.83786629999987,21.01786369999994,64.48167692044406
105.83816629999988,21.01786369999994,64.48167692044406
105.83846629999988,21.01786369999994,65.26091117787138
105.83876629999986,21.01786369999994,71.30681433044622
105.83906629999986,21.01786369999994,67.49777302584597
105.83936629999984,21.01786369999994,65.26289928759411
105.83966629999983,21.01786369999994,64.48167692044406
105.83996629999984,21.01786369999994,64.50396120858368
105.84026629999984,21.01786369999994,64.50396120858368
105.84056629999984,21.01786369999994,64.50396120858368
105.84086629999985,21.01786369999994,65.3899072369597
105.84116629999984,21.01786369999994,65.52199235440128
105.84146629999982,21.01786369999994,70.29467005829703
105.84176629999982,21.01786369999994,62.62617504619323
105.8420662999998,21.01786369999994,63.4801677663821
105.8423662999998,21.01786369999994,65.34437131718562
105.8426662999998,21.01786369999994,65.34437131718562
105.8429662999998,21.01786369999994,64.01388927388312
105.8432662999998,21.01786369999994,63.86253513403828
105.8435662999998,21.01786369999994,65.88617353938746
105.8438662999998,21.01786369999994,72.17761953224742
105.84416629999978,21.01786369999994,65.34437131718562
105.84446629999978,21.01786369999994,64.50396120858368
105.84476629999978,21.01786369999994,64.50396120858368
105.84506629999976,21.01786369999994,64.50396120858368
105.84536629999975,21.01786369999994,64.50396120858368
105.84566629999976,21.01786369999994,64.50396120858368
105.84596629999976,21.01786369999994,64.03274348394726
105.84626629999975,21.01786369999994,64.03274348394726
105.84656629999976,21.01786369999994,64.03274348394726
105.84686629999976,21.01786369999994,63.98193828977673
105.84716629999974,21.01786369999994,66.00223657955566
105.84746629999974,21.01786369999994,60.87058927005612
105.84776629999972,21.01786369999994,57.736819408398496
105.84806629999972,21.01786369999994,58.03316293723755
105.84836629999973,21.01786369999994,65.91790476808089
105.84866629999972,21.01786369999994,61.6001249691242
105.84896629999972,21.01786369999994,61.694904567343
105.84926629999973,21.01786369999994,70.11965596422782
105.84956629999972,21.01786369999994,61.91410444580207
105.8498662999997,21.01786369999994,68.48997911127644
105.8501662999997,21.01786369999994,61.8857464181102
105.8504662999997,21.01786369999994,70.61724592621745
105.85076629999968,21.01786369999994,62.88244132977064
105.85106629999969,21.01786369999994,61.56540321857118
105.85136629999968,21.01786369999994,68.3240155206171
105.85166629999968,21.01786369999994,66.38862797114133
105.85196629999967,21.01786369999994,58.827411915078855
105.85226629999968,21.01786369999994,58.25841953451039
105.85256629999968,21.01786369999994,58.57952929002874
105.85286629999966,21.01786369999994,66.69637131472129
105.85316629999966,21.01786369999994,63.661046194519535
105.85346629999964,21.01786369999994,63.84560022182954
105.85376629999963,21.01786369999994,65.5347363005681
105.85406629999964,21.01786369999994,67.64653244236258
105.85436629999964,21.01786369999994,64.91276733052062
105.85466629999964,21.01786369999994,60.02568377366867
105.85496629999965,21.01786369999994,60.0560059502363
105.85526629999964,21.01786369999994,68.31834810078634
105.85556629999962,21.01786369999994,61.43193682697039
105.85586629999962,21.01786369999994,60.75889094454951
105.8561662999996,21.01786369999994,59.65413039538574
105.8564662999996,21.01786369999994,58.26168654679096
105.8567662999996,21.01786369999994,60.763340828303704
105.8570662999996,21.01786369999994,66.44396431666274
105.8573662999996,21.01786369999994,58.5539214464217
105.8576662999996,21.01786369999994,58.42769650708292
105.8291663,21.01816369999994,69.36716923235105
105.8294663,21.01816369999994,68.64980229772564
105.8297663,21.01816369999994,69.4664569050023
105.83006629999998,21.01816369999994,67.49457728604203
105.83036629999998,21.01816369999994,62.4827484411564
105.83066629999998,21.01816369999994,62.19362871318168
105.83096629999996,21.01816369999994,61.675125413516525
105.83126629999995,21.01816369999994,61.45677592640923
105.83156629999996,21.01816369999994,61.70551467697531
105.83186629999996,21.01816369999994,61.6578536005497
105.83216629999995,21.01816369999994,64.18887043519834
105.83246629999996,21.01816369999994,64.50396120858368
105.83276629999996,21.01816369999994,64.50396120858368
105.83306629999994,21.01816369999994,64.50396120858368
105.83336629999994,21.01816369999994,64.48167692044406
105.83366629999992,21.01816369999994,64.48167692044406
105.83396629999991,21.01816369999994,64.48167692044406
105.83426629999992,21.01816369999994,64.48167692044406
105.83456629999992,21.01816369999994,64.48167692044406
105.83486629999992,21.01816369999994,64.48167692044406
105.83516629999993,21.01816369999994,64.48167692044406
105.83546629999992,21.01816369999994,64.48167692044406
105.8357662999999,21.01816369999994,64.48167692044406
105.8360662999999,21.01816369999994,64.48167692044406
105.8363662999999,21.01816369999994,65.12295015543154
105.83666629999988,21.01816369999994,65.8583969388612
105.83696629999989,21.01816369999994,70.02441270767801
105.83726629999988,21.01816369999994,66.26843066241034
105.83756629999988,21.01816369999994,65.12295015543154
105.83786629999987,21.01816369999994,64.48167692044406
105.83816629999988,21.01816369999994,64.48167692044406
105.83846629999988,21.01816369999994,65.36762294882008
105.83876629999986,21.01816369999994,63.862301699364835
105.83906629999986,21.01816369999994,73.43228870573432
105.83936629999984,21.01816369999994,63.68121524476503
105.83966629999983,21.01816369999994,64.48167692044406
105.83996629999984,21.01816369999994,64.48167692044406
105.84026629999984,21.01816369999994,64.50396120858368
105.84056629999984,21.01816369999994,64.50396120858368
105.84086629999985,21.01816369999994,64.87102843589753
105.84116629999984,21.01816369999994,64.82222902587324
105.84146629999982,21.01816369999994,69.2739240362464
105.84176629999982,21.01816369999994,68.30070385909902
105.8420662999998,21.01816369999994,67.7471226792372
105.8423662999998,21.01816369999994,69.47129036501367
105.8426662999998,21.01816369999994,68.40550656913803
105.8429662999998,21.01816369999994,73.7460455663766
105.8432662999998,21.01816369999994,69.67335732433231
105.8435662999998,21.01816369999994,72.01857763289821
105.8438662999998,21.01816369999994,68.64804340265356
105.84416629999978,21.01816369999994,63.54070926683504
105.84446629999978,21.01816369999994,64.03274348394726
105.84476629999978,21.01816369999994,64.03274348394726
105.84506629999976,21.01816369999994,63.98508240752162
105.84536629999975,21.01816369999994,64.03274348394726
105.84566629999976,21.01816369999994,63.97243579920282
105.84596629999976,21.01816369999994,63.97243579920282
105.84626629999975,21.01816369999994,62.792463791231064
105.84656629999976,21.01816369999994,63.02827997251243
105.84686629999976,21.01816369999994,64.22708920791617
105.84716629999974,21.01816369999994,62.509127315287635
105.84746629999974,21.01816369999994,68.7714379848511
105.84776629999972,21.01816369999994,63.56933897415973
105.84806629999972,21.01816369999994,67.56300542367072
105.84836629999973,21.01816369999994,67.01331337342064
105.84866629999972,21.01816369999994,67.08079169255616
105.84896629999972,21.01816369999994,63.51451467557933
105.84926629999973,21.01816369999994,70.17462107972202
105.84956629999972,21.01816369999994,61.0444508258522
105.8498662999997,21.01816369999994,70.30351023794482
105.8501662999997,21.01816369999994,65.92454930375648
105.8504662999997,21.01816369999994,68.90723300326569
105.85076629999968,21.01816369999994,61.20726839108141
105.85106629999969,21.01816369999994,63.8310249540141
105.85136629999968,21.01816369999994,66.78998103178975
105.85166629999968,21.01816369999994,68.86642474552413
105.85196629999967,21.01816369999994,68.37755691763358
105.85226629999968,21.01816369999994,67.44917548260031
105.85256629999968,21.01816369999994,70.72772141266604
105.85286629999966,21.01816369999994,69.16047407411048
105.85316629999966,21.01816369999994,66.50191557930218
105.85346629999964,21.01816369999994,63.24368019309645
105.85376629999963,21.01816369999994,62.1633309470182
105.85406629999964,21.01816369999994,62.10389875875265
105.85436629999964,21.01816369999994,66.70692948218522
105.85466629999964,21.01816369999994,66.01605292930894
105.85496629999965,21.01816369999994,62.352917659264605
105.85526629999964,21.01816369999994,66.01545873174764
105.85556629999962,21.01816369999994,57.878309208583595
105.85586629999962,21.01816369999994,59.2789866780364
105.8561662999996,21.01816369999994,59.91439718490517
105.8564662999996,21.01816369999994,58.72963919417579
105.8567662999996,21.01816369999994,67.7563245006707
105.8570662999996,21.01816369999994,60.791916900553026
105.8573662999996,21.01816369999994,59.42703476175977
105.8576662999996,21.01816369999994,60.70883398438519
105.8291663,21.018463699999938,70.01554617438288
105.8294663,21.018463699999938,69.33819889472555
105.8297663,21.018463699999938,68.7094011094156
105.83006629999998,21.018463699999938,68.78230207420101
105.83036629999998,21.018463699999938,61.14766963843176
105.83066629999998,21.018463699999938,61.70551467697531
105.83096629999996,21.018463699999938,61.70551467697531
105.83126629999995,21.018463699999938,61.70551467697531
105.83156629999996,21.018463699999938,61.6578536005497
105.83186629999996,21.018463699999938,62.24992199486586
105.83216629999995,21.018463699999938,64.18887043519834
105.83246629999996,21.018463699999938,64.50396120858368
105.83276629999996,21.018463699999938,64.48167692044406
105.83306629999994,21.018463699999938,64.48167692044406
105.83336629999994,21.018463699999938,64.48167692044406
105.83366629999992,21.018463699999938,64.48167692044406
105.83396629999991,21.018463699999938,64.48167692044406
105.83426629999992,21.018463699999938,64.48167692044406
105.83456629999992,21.018463699999938,64.48167692044406
105.83486629999992,21.018463699999938,64.48167692044406
105.83516629999993,21.018463699999938,64.48167692044406
105.83546629999992,21.018463699999938,64.48167692044406
105.8357662999999,21.018463699999938,64.48167692044406
105.8360662999999,21.018463699999938,64.48167692044406
105.8363662999999,21.018463699999938,64.48167692044406
105.83666629999988,21.018463699999938,63.65994369095559
105.83696629999989,21.018463699999938,71.09753248537031
105.83726629999988,21.018463699999938,72.57928302102566
105.83756629999988,21.018463699999938,65.26091117787138
105.83786629999987,21.018463699999938,64.48167692044406
105.83816629999988,21.018463699999938,64.48167692044406
105.83846629999988,21.018463699999938,64.48167692044406
105.83876629999986,21.018463699999938,65.26091117787138
105.83906629999986,21.018463699999938,71.30681433044622
105.83936629999984,21.018463699999938,67.39219158944469
105.83966629999983,21.018463699999938,65.15072675595779
105.83996629999984,21.018463699999938,65.15072675595779
105.84026629999984,21.018463699999938,65.15072675595779
105.84056629999984,21.018463699999938,64.88072110406547
105.84086629999985,21.018463699999938,64.96026748920511
105.84116629999984,21.018463699999938,64.58687163900095
105.84146629999982,21.018463699999938,70.73740146657532
105.84176629999982,21.018463699999938,59.65798590380518
105.8420662999998,21.018463699999938,59.88160884903816
105.8423662999998,21.018463699999938,60.365916373109606
105.8426662999998,21.018463699999938,59.6847999142003
105.8429662999998,21.018463699999938,63.53963026164649
105.8432662999998,21.018463699999938,63.54957026413909
105.8435662999998,21.018463699999938,63.700924403984025
105.8438662999998,21.018463699999938,68.0034071293132
105.84416629999978,21.018463699999938,63.709627365933606
105.84446629999978,21.018463699999938,63.697585669375314
105.84476629999978,21.018463699999938,62.73188903756303
105.84506629999976,21.018463699999938,64.06151869186982
105.84536629999975,21.018463699999938,63.29645932255019
105.84566629999976,21.018463699999938,63.29645932255019
105.84596629999976,21.018463699999938,62.91987215740566
105.84626629999975,21.018463699999938,63.29645932255019
105.84656629999976,21.018463699999938,61.471986234410046
105.84686629999976,21.018463699999938,58.57443150703983
105.84716629999974,21.018463699999938,57.58766982262214
105.84746629999974,21.018463699999938,67.51772274505862
105.84776629999972,21.018463699999938,63.526860622987584
105.84806629999972,21.018463699999938,61.17030180552731
105.84836629999973,21.018463699999938,58.04997922897687
105.84866629999972,21.018463699999938,60.29965142793614
105.84896629999972,21.018463699999938,68.77114950661543
105.84926629999973,21.018463699999938,67.62015915301083
105.84956629999972,21.018463699999938,65.08289463834588
105.8498662999997,21.018463699999938,70.2075575129249
105.8501662999997,21.018463699999938,69.34358891806716
105.8504662999997,21.018463699999938,66.99720146499601
105.85076629999968,21.018463699999938,70.62275164582444
105.85106629999969,21.018463699999938,70.16097178045567
105.85136629999968,21.018463699999938,69.20802839047097
105.85166629999968,21.018463699999938,68.98863788210424
105.85196629999967,21.018463699999938,60.47184450564309
105.85226629999968,21.018463699999938,57.73795935616947
105.85256629999968,21.018463699999938,57.60944903414613
105.85286629999966,21.018463699999938,56.948693900133584
105.85316629999966,21.018463699999938,57.72257285830493
105.85346629999964,21.018463699999938,59.974241901490295
105.85376629999963,21.018463699999938,57.72885179170627
105.85406629999964,21.018463699999938,57.58212823545195
105.85436629999964,21.018463699999938,60.799084364567825
105.85466629999964,21.018463699999938,67.46207126300867
105.85496629999965,21.018463699999938,68.30130728408754
105.85526629999964,21.018463699999938,67.38727915891492
105.85556629999962,21.018463699999938,67.036241789229
105.85586629999962,21.018463699999938,65.51296186386422
105.8561662999996,21.018463699999938,67.73716355943785
105.8564662999996,21.018463699999938,61.71294154688967
105.8567662999996,21.018463699999938,66.84333404448302
105.8570662999996,21.018463699999938,59.09135579755655
105.8573662999996,21.018463699999938,58.387741045676776
105.8576662999996,21.018463699999938,58.42769650708292
105.8291663,21.018763699999937,70.07826712262265
105.8294663,21.018763699999937,68.7769883025833
105.8297663,21.018763699999937,68.68196307028133
105.83006629999998,21.018763699999937,69.03897945886726
105.83036629999998,21.018763699999937,63.01474772352553
105.83066629999998,21.018763699999937,62.16355844617017
105.83096629999996,21.018763699999937,61.6578536005497
105.83126629999995,21.018763699999937,61.6578536005497
105.83156629999996,21.018763699999937,62.24992199486586
105.83186629999996,21.018763699999937,63.70094184328149
105.83216629999995,21.018763699999937,63.93779399395121
105.83246629999996,21.018763699999937,64.48167692044406
105.83276629999996,21.018763699999937,64.48167692044406
105.83306629999994,21.018763699999937,64.48167692044406
105.83336629999994,21.018763699999937,64.48167692044406
105.83366629999992,21.018763699999937,64.48167692044406
105.83396629999991,21.018763699999937,64.48167692044406
105.83426629999992,21.018763699999937,64.48167692044406
105.83456629999992,21.018763699999937,64.48167692044406
105.83486629999992,21.018763699999937,64.48167692044406
105.83516629999993,21.018763699999937,64.48167692044406
105.83546629999992,21.018763699999937,64.48167692044406
105.8357662999999,21.018763699999937,64.48167692044406
105.8360662999999,21.018763699999937,64.48167692044406
105.8363662999999,21.018763699999937,64.48167692044406
105.83666629999988,21.018763699999937,65.12295015543154
105.83696629999989,21.018763699999937,65.26091117787138
105.83726629999988,21.018763699999937,65.26091117787138
105.83756629999988,21.018763699999937,65.137396982337
105.83786629999987,21.018763699999937,64.48167692044406
105.83816629999988,21.018763699999937,64.48167692044406
105.83846629999988,21.018763699999937,64.48167692044406
105.83876629999986,21.018763699999937,65.137396982337
105.83906629999986,21.018763699999937,65.46630881561329
105.83936629999984,21.018763699999937,72.30882995734149
105.83966629999983,21.018763699999937,65.93049364275129
105.83996629999984,21.018763699999937,66.00895400785532
105.84026629999984,21.018763699999937,67.58123316516021
105.84056629999984,21.018763699999937,70.39498061032235
105.84086629999985,21.018763699999937,67.3437058837927
105.84116629999984,21.018763699999937,66.18305708794341
105.84146629999982,21.018763699999937,67.47982328491892
105.84176629999982,21.018763699999937,67.91628120558686
105.8420662999998,21.018763699999937,66.13504431128615
105.8423662999998,21.018763699999937,68.13747336281652
105.8426662999998,21.018763699999937,68.49288768517566
105.8429662999998,21.018763699999937,68.15919695960262
105.8432662999998,21.018763699999937,67.32398268122273
105.8435662999998,21.018763699999937,66.86563910766675
105.8438662999998,21.018763699999937,67.76267349017084
105.84416629999978,21.018763699999937,63.04053042704604
105.84446629999978,21.018763699999937,64.22708920791617
105.84476629999978,21.018763699999937,61.64252323587099
105.84506629999976,21.018763699999937,61.13426004985136
105.84536629999975,21.018763699999937,61.048176150435
105.84566629999976,21.018763699999937,58.58775244044641
105.84596629999976,21.018763699999937,61.13426004985136
105.84626629999975,21.018763699999937,61.048176150435
105.84656629999976,21.018763699999937,61.048176150435
105.84686629999976,21.018763699999937,58.352384525852784
105.84716629999974,21.018763699999937,58.34120955253747
105.84746629999974,21.018763699999937,67.8465565391573
105.84776629999972,21.018763699999937,61.17030180552731
105.84806629999972,21.018763699999937,58.02586231662072
105.84836629999973,21.018763699999937,63.564633373904385
105.84866629999972,21.018763699999937,66.04524361409514
105.84896629999972,21.018763699999937,71.15550193589748
105.84926629999973,21.018763699999937,66.53706009899123
105.84956629999972,21.018763699999937,70.5740152672008
105.8498662999997,21.018763699999937,68.74263944190345
105.8501662999997,21.018763699999937,65.79019590437932
105.8504662999997,21.018763699999937,62.8602802025304
105.85076629999968,21.018763699999937,60.55202090328323
105.85106629999969,21.018763699999937,61.76529705575648
105.85136629999968,21.018763699999937,59.02991337448278
105.85166629999968,21.018763699999937,69.50891981489549
105.85196629999967,21.018763699999937,60.55366399095964
105.85226629999968,21.018763699999937,58.58605658476626
105.85256629999968,21.018763699999937,56.86679845194923
105.85286629999966,21.018763699999937,58.164162462355314
105.85316629999966,21.018763699999937,59.21563492222279
105.85346629999964,21.018763699999937,58.011116173898714
105.85376629999963,21.018763699999937,62.87180769855788
105.85406629999964,21.018763699999937,69.62592360939324
105.85436629999964,21.018763699999937,66.30830919613317
105.85466629999964,21.018763699999937,60.38067036825749
105.85496629999965,21.018763699999937,59.9120223658389
105.85526629999964,21.018763699999937,58.491953592881075
105.85556629999962,21.018763699999937,57.908916197948
105.85586629999962,21.018763699999937,57.933159705274434
105.8561662999996,21.018763699999937,61.2476165303582
105.8564662999996,21.018763699999937,61.70086878347984
105.8567662999996,21.018763699999937,66.8437018024876
105.8570662999996,21.018763699999937,58.4770573841254
105.8573662999996,21.018763699999937,58.387741045676776
105.8576662999996,21.018763699999937,60.70883398438519
