latitude,longitude,noise_pred_dB
20.9920637,105.8291663,72.63036722748409
20.9920637,105.82946629999999,74.56145767512892
20.9920637,105.82976629999999,74.56145767512892
20.9920637,105.83006629999998,74.55046136486293
20.9920637,105.83036629999998,74.55046136486293
20.9920637,105.83066629999998,74.55046136486293
20.9920637,105.83096629999997,74.56145767512892
20.9920637,105.83126629999997,74.55046136486293
20.9920637,105.83156629999996,74.55046136486293
20.9920637,105.83186629999996,76.51207684989966
20.9920637,105.83216629999995,78.2016590092663
20.9920637,105.83246629999995,78.2016590092663
20.9920637,105.83276629999995,77.28667898457023
20.9920637,105.83306629999994,77.28667898457023
20.9920637,105.83336629999994,78.2016590092663
20.9920637,105.83366629999993,77.28667898457023
20.9920637,105.83396629999993,77.98510873625085
20.9920637,105.83426629999992,77.98510873625085
20.9920637,105.83456629999992,78.78500287082133
20.9920637,105.83486629999992,79.2989756710963
20.9920637,105.83516629999991,79.40261902144417
20.9920637,105.83546629999991,77.26594016376218
20.9920637,105.8357662999999,78.06869604476755
20.9920637,105.8360662999999,75.07883316924831
20.9920637,105.8363662999999,74.14977594639689
20.9920637,105.83666629999989,74.04240679659112
20.9920637,105.83696629999989,64.92382327939751
20.9920637,105.83726629999988,66.49933961871676
20.9920637,105.83756629999988,65.04761688923375
20.9920637,105.83786629999987,58.90928484910201
20.9920637,105.83816629999987,58.360922958580346
20.9920637,105.83846629999987,58.72035559048567
20.9920637,105.83876629999986,58.974946061701985
20.9920637,105.83906629999986,59.16852582466085
20.9920637,105.83936629999985,58.840460871087856
20.9920637,105.83966629999985,59.003580556061976
20.9920637,105.83996629999984,58.47827141400643
20.9920637,105.84026629999984,60.06451574757399
20.9920637,105.84056629999984,58.120036490938276
20.9920637,105.84086629999983,53.20051412119652
20.9920637,105.84116629999983,53.90104731384996
20.9920637,105.84146629999982,47.67471498990977
20.9920637,105.84176629999982,48.8127998080969
20.9920637,105.84206629999981,54.49798375349155
20.9920637,105.84236629999981,51.89372905911941
20.9920637,105.8426662999998,65.37069117907801
20.9920637,105.8429662999998,62.62298785308292
20.9920637,105.8432662999998,62.02778627867518
20.9920637,105.8435662999998,60.32709416633037
20.9920637,105.84386629999979,52.405294488773364
20.9920637,105.84416629999978,51.326810660502545
20.9920637,105.84446629999978,53.59382467157292
20.9920637,105.84476629999978,53.84414402320874
20.9920637,105.84506629999977,55.354957994264
20.9920637,105.84536629999977,62.73789951994978
20.9920637,105.84566629999976,64.7334003341667
20.9920637,105.84596629999976,73.9737178365152
20.9920637,105.84626629999975,75.85886465970096
20.9920637,105.84656629999975,78.74490688500346
20.9920637,105.84686629999975,78.98859262877532
20.9920637,105.84716629999974,67.86492283878536
20.9920637,105.84746629999974,71.9177856973671
20.9920637,105.84776629999973,70.03025804938588
20.9920637,105.84806629999973,71.9177856973671
20.9920637,105.84836629999973,71.9177856973671
20.9920637,105.84866629999972,60.86349477989501
20.9920637,105.84896629999972,62.06601297804117
20.9920637,105.84926629999971,62.28077747566755
20.9920637,105.84956629999971,62.16825165799541
20.9920637,105.8498662999997,62.16825165799541
20.9920637,105.8501662999997,68.94918981437002
20.9920637,105.8504662999997,69.36116870354759
20.9920637,105.85076629999969,79.91814840148625
20.9920637,105.85106629999969,76.10454587225117
20.9920637,105.85136629999968,78.6473479469837
20.9920637,105.85166629999968,76.33346582690558
20.9920637,105.85196629999967,76.33346582690558
20.9920637,105.85226629999967,75.80576097410837
20.9920637,105.85256629999967,75.80576097410837
20.9920637,105.85286629999966,75.80576097410837
20.9920637,105.85316629999966,75.80576097410837
20.9920637,105.85346629999965,75.80576097410837
20.9920637,105.85376629999965,76.95706981167164
20.9920637,105.85406629999964,77.75696394624214
20.9920637,105.85436629999964,77.75696394624214
20.9920637,105.85466629999964,78.30637616478964
20.9920637,105.85496629999963,79.43517445264412
20.9920637,105.85526629999963,76.36503147029407
20.9920637,105.85556629999962,76.334793444475
20.9920637,105.85586629999962,75.95482528377362
20.9920637,105.85616629999961,75.24413089473347
20.9920637,105.85646629999961,67.45333796139359
20.9920637,105.8567662999996,67.45333796139359
20.9920637,105.8570662999996,67.45333796139359
20.9920637,105.8573662999996,67.45333796139359
20.9920637,105.8576662999996,70.04607258798755
20.9923637,105.8291663,74.56145767512892
20.9923637,105.82946629999999,72.2410960899864
20.9923637,105.82976629999999,72.2410960899864
20.9923637,105.83006629999998,74.56145767512892
20.9923637,105.83036629999998,74.55046136486293
20.9923637,105.83066629999998,74.55046136486293
20.9923637,105.83096629999997,76.51207684989966
20.9923637,105.83126629999997,74.55046136486293
20.9923637,105.83156629999996,76.51207684989966
20.9923637,105.83186629999996,78.2016590092663
20.9923637,105.83216629999995,78.2016590092663
20.9923637,105.83246629999995,77.28667898457023
20.9923637,105.83276629999995,79.91380115867581
20.9923637,105.83306629999994,79.91380115867581
20.9923637,105.83336629999994,79.91380115867581
20.9923637,105.83366629999993,78.78500287082133
20.9923637,105.83396629999993,77.98510873625085
20.9923637,105.83426629999992,77.98510873625085
20.9923637,105.83456629999992,77.65332059589426
20.9923637,105.83486629999992,77.58174100619202
20.9923637,105.83516629999991,77.58174100619202
20.9923637,105.83546629999991,76.01766498447574
20.9923637,105.8357662999999,75.55874057294491
20.9923637,105.8360662999999,75.69189694844168
20.9923637,105.8363662999999,75.69189694844168
20.9923637,105.83666629999989,68.14638456738582
20.9923637,105.83696629999989,66.91103129247341
20.9923637,105.83726629999988,65.31317496806733
20.9923637,105.83756629999988,59.236522662013186
20.9923637,105.83786629999987,58.64801244749083
20.9923637,105.83816629999987,64.92179276481158
20.9923637,105.83846629999987,60.8301118993558
20.9923637,105.83876629999986,60.371581231675364
20.9923637,105.83906629999986,60.46702907034614
20.9923637,105.83936629999985,59.9472015365311
20.9923637,105.83966629999985,60.558863715532766
20.9923637,105.83996629999984,63.17856179484983
20.9923637,105.84026629999984,57.98932040702854
20.9923637,105.84056629999984,56.283365822464376
20.9923637,105.84086629999983,59.55133940121807
20.9923637,105.84116629999983,59.99774612218833
20.9923637,105.84146629999982,61.994561361839956
20.9923637,105.84176629999982,59.92283751641182
20.9923637,105.84206629999981,64.63786943630227
20.9923637,105.84236629999981,61.07528783096035
20.9923637,105.8426662999998,59.69230896546178
20.9923637,105.8429662999998,59.07423899947878
20.9923637,105.8432662999998,59.93170733341323
20.9923637,105.8435662999998,62.90721134730103
20.9923637,105.84386629999979,64.57228302119351
20.9923637,105.84416629999978,60.525640716136735
20.9923637,105.84446629999978,56.93820736354233
20.9923637,105.84476629999978,50.09698483246925
20.9923637,105.84506629999977,52.924490998971464
20.9923637,105.84536629999977,64.42367506776382
20.9923637,105.84566629999976,65.46720427312604
20.9923637,105.84596629999976,67.6691744505602
20.9923637,105.84626629999975,69.43286270528468
20.9923637,105.84656629999975,73.15214081677018
20.9923637,105.84686629999975,68.09776210376268
20.9923637,105.84716629999974,68.82773985123971
20.9923637,105.84746629999974,63.95354062602239
20.9923637,105.84776629999973,63.95354062602239
20.9923637,105.84806629999973,63.95354062602239
20.9923637,105.84836629999973,63.95354062602239
20.9923637,105.84866629999972,60.86349477989501
20.9923637,105.84896629999972,62.28077747566755
20.9923637,105.84926629999971,61.74072039854002
20.9923637,105.84956629999971,62.33463301098358
20.9923637,105.8498662999997,61.74072039854002
20.9923637,105.8501662999997,62.16825165799541
20.9923637,105.8504662999997,61.953487160369036
20.9923637,105.85076629999969,71.16959480867236
20.9923637,105.85106629999969,79.57690371969463
20.9923637,105.85136629999968,76.36149645395028
20.9923637,105.85166629999968,75.55874057294491
20.9923637,105.85196629999967,78.6473479469837
20.9923637,105.85226629999967,78.6473479469837
20.9923637,105.85256629999967,78.04370215386056
20.9923637,105.85286629999966,78.04370215386056
20.9923637,105.85316629999966,78.04370215386056
20.9923637,105.85346629999965,78.04370215386056
20.9923637,105.85376629999965,75.80576097410837
20.9923637,105.85406629999964,76.5424014744953
20.9923637,105.85436629999964,77.75696394624214
20.9923637,105.85466629999964,79.40261902144417
20.9923637,105.85496629999963,78.87711141765264
20.9923637,105.85526629999963,78.04370215386056
20.9923637,105.85556629999962,74.36450767388396
20.9923637,105.85586629999962,77.83686552132743
20.9923637,105.85616629999961,67.45333796139359
20.9923637,105.85646629999961,67.45333796139359
20.9923637,105.8567662999996,67.66810245901998
20.9923637,105.8570662999996,69.40814065738718
20.9923637,105.8573662999996,69.40814065738718
20.9923637,105.8576662999996,67.66810245901998
20.992663699999998,105.8291663,71.9507459754752
20.992663699999998,105.82946629999999,71.9507459754752
20.992663699999998,105.82976629999999,73.4444810135143
20.992663699999998,105.83006629999998,72.63036722748409
20.992663699999998,105.83036629999998,74.55046136486293
20.992663699999998,105.83066629999998,76.51207684989966
20.992663699999998,105.83096629999997,76.51207684989966
20.992663699999998,105.83126629999997,76.51207684989966
20.992663699999998,105.83156629999996,76.51207684989966
20.992663699999998,105.83186629999996,78.2016590092663
20.992663699999998,105.83216629999995,77.28667898457023
20.992663699999998,105.83246629999995,79.91380115867581
20.992663699999998,105.83276629999995,77.28667898457023
20.992663699999998,105.83306629999994,79.91380115867581
20.992663699999998,105.83336629999994,77.98510873625085
20.992663699999998,105.83366629999993,77.98510873625085
20.992663699999998,105.83396629999993,77.98510873625085
20.992663699999998,105.83426629999992,78.78500287082133
20.992663699999998,105.83456629999992,78.3816351407625
20.992663699999998,105.83486629999992,77.58174100619202
20.992663699999998,105.83516629999991,76.33346582690558
20.992663699999998,105.83546629999991,75.55874057294491
20.992663699999998,105.8357662999999,75.50358570298289
20.992663699999998,105.8360662999999,79.13383988001706
20.992663699999998,105.8363662999999,76.91343488571472
20.992663699999998,105.83666629999989,70.12139058590597
20.992663699999998,105.83696629999989,69.45020869365736
20.992663699999998,105.83726629999988,66.30509311445886
20.992663699999998,105.83756629999988,60.77884712402617
20.992663699999998,105.83786629999987,59.060636205619886
20.992663699999998,105.83816629999987,67.97468035132067
20.992663699999998,105.83846629999987,58.240265005696244
20.992663699999998,105.83876629999986,56.129050929064974
20.992663699999998,105.83906629999986,56.952924961517
20.992663699999998,105.83936629999985,56.2416009033154
20.992663699999998,105.83966629999985,59.04762221879646
20.992663699999998,105.83996629999984,58.6304317764143
20.992663699999998,105.84026629999984,60.40316488943638
20.992663699999998,105.84056629999984,58.31703337341905
20.992663699999998,105.84086629999983,63.49642332667146
20.992663699999998,105.84116629999983,62.862716723504946
20.992663699999998,105.84146629999982,66.16562309628954
20.992663699999998,105.84176629999982,65.15666629648699
20.992663699999998,105.84206629999981,67.27312872871254
20.992663699999998,105.84236629999981,70.38234140573348
20.992663699999998,105.8426662999998,70.39146792550949
20.992663699999998,105.8429662999998,63.46231403642997
20.992663699999998,105.8432662999998,51.52943866217899
20.992663699999998,105.8435662999998,51.59589080841589
20.992663699999998,105.84386629999979,60.80475698381494
20.992663699999998,105.84416629999978,58.69478251422774
20.992663699999998,105.84446629999978,60.312181817537606
20.992663699999998,105.84476629999978,60.696441393381065
20.992663699999998,105.84506629999977,60.07656752149913
20.992663699999998,105.84536629999977,64.31898665652754
20.992663699999998,105.84566629999976,65.35730536162775
20.992663699999998,105.84596629999976,63.79223653044255
20.992663699999998,105.84626629999975,65.50701984020166
20.992663699999998,105.84656629999975,66.89976870391212
20.992663699999998,105.84686629999975,67.56147619824296
20.992663699999998,105.84716629999974,61.9216816477754
20.992663699999998,105.84746629999974,63.95354062602239
20.992663699999998,105.84776629999973,64.16830512364876
20.992663699999998,105.84806629999973,64.16830512364876
20.992663699999998,105.84836629999973,61.07825927752138
20.992663699999998,105.84866629999972,64.16830512364876
20.992663699999998,105.84896629999972,62.33463301098358
20.992663699999998,105.84926629999971,67.00024170837744
20.992663699999998,105.84956629999971,65.03241213310015
20.992663699999998,105.8498662999997,65.3617013525649
20.992663699999998,105.8501662999997,61.58308183692502
20.992663699999998,105.8504662999997,63.27725380746041
20.992663699999998,105.85076629999969,59.884362239507524
20.992663699999998,105.85106629999969,76.23770224774793
20.992663699999998,105.85136629999968,76.90730175325653
20.992663699999998,105.85166629999968,76.36149645395028
20.992663699999998,105.85196629999967,76.90730175325653
20.992663699999998,105.85226629999967,76.10454587225117
20.992663699999998,105.85256629999967,77.83686552132743
20.992663699999998,105.85286629999966,77.83686552132743
20.992663699999998,105.85316629999966,77.83686552132743
20.992663699999998,105.85346629999965,77.83686552132743
20.992663699999998,105.85376629999965,78.04370215386056
20.992663699999998,105.85406629999964,75.87550804662239
20.992663699999998,105.85436629999964,76.50829332282066
20.992663699999998,105.85466629999964,78.21720203220625
20.992663699999998,105.85496629999963,78.98859262877532
20.992663699999998,105.85526629999963,76.38190097478551
20.992663699999998,105.85556629999962,79.85425882222897
20.992663699999998,105.85586629999962,67.53934063163818
20.992663699999998,105.85616629999961,71.38435930629875
20.992663699999998,105.85646629999961,69.16395431199639
20.992663699999998,105.8567662999996,67.19279400755576
20.992663699999998,105.8570662999996,67.78670661999932
20.992663699999998,105.8573662999996,67.43698035294655
20.992663699999998,105.8576662999996,67.43698035294655
20.992963699999997,105.8291663,73.07398515819375
20.992963699999997,105.82946629999999,73.0163109983289
20.992963699999997,105.82976629999999,73.71572998046454
20.992963699999997,105.83006629999998,71.9507459754752
20.992963699999997,105.83036629999998,72.2410960899864
20.992963699999997,105.83066629999998,74.56145767512892
20.992963699999997,105.83096629999997,76.51207684989966
20.992963699999997,105.83126629999997,78.2016590092663
20.992963699999997,105.83156629999996,78.2016590092663
20.992963699999997,105.83186629999996,78.2016590092663
20.992963699999997,105.83216629999995,78.2016590092663
20.992963699999997,105.83246629999995,78.2016590092663
20.992963699999997,105.83276629999995,77.98510873625085
20.992963699999997,105.83306629999994,77.98510873625085
20.992963699999997,105.83336629999994,77.98510873625085
20.992963699999997,105.83366629999993,77.98510873625085
20.992963699999997,105.83396629999993,77.98510873625085
20.992963699999997,105.83426629999992,76.95706981167164
20.992963699999997,105.83456629999992,77.58174100619202
20.992963699999997,105.83486629999992,77.13335996147606
20.992963699999997,105.83516629999991,76.20179873721118
20.992963699999997,105.83546629999991,79.13383988001706
20.992963699999997,105.8357662999999,79.13383988001706
20.992963699999997,105.8360662999999,69.7231378375937
20.992963699999997,105.8363662999999,61.47092553203713
20.992963699999997,105.83666629999989,61.6950676861066
20.992963699999997,105.83696629999989,59.32856059228456
20.992963699999997,105.83726629999988,58.11955521628239
20.992963699999997,105.83756629999988,51.13160267179276
20.992963699999997,105.83786629999987,57.929497943051544
20.992963699999997,105.83816629999987,60.91240861433944
20.992963699999997,105.83846629999987,55.53528526449911
20.992963699999997,105.83876629999986,52.167982752161436
20.992963699999997,105.83906629999986,53.98823603895372
20.992963699999997,105.83936629999985,56.03946031116705
20.992963699999997,105.83966629999985,59.64446170159667
20.992963699999997,105.83996629999984,63.24437175879977
20.992963699999997,105.84026629999984,63.751715194460175
20.992963699999997,105.84056629999984,64.16717065245412
20.992963699999997,105.84086629999983,67.01723120176673
20.992963699999997,105.84116629999983,62.53515550947826
20.992963699999997,105.84146629999982,71.41367345088389
20.992963699999997,105.84176629999982,65.0381019991334
20.992963699999997,105.84206629999981,63.053103686318565
20.992963699999997,105.84236629999981,68.316474156555
20.992963699999997,105.8426662999998,70.84033850375532
20.992963699999997,105.8429662999998,65.55366108241087
20.992963699999997,105.8432662999998,63.79605190507084
20.992963699999997,105.8435662999998,61.17169107157473
20.992963699999997,105.84386629999979,51.35740420576816
20.992963699999997,105.84416629999978,58.094330339915885
20.992963699999997,105.84446629999978,48.84697488991868
20.992963699999997,105.84476629999978,55.98021420148966
20.992963699999997,105.84506629999977,55.351497895387226
20.992963699999997,105.84536629999977,56.94971086358534
20.992963699999997,105.84566629999976,63.186657010618404
20.992963699999997,105.84596629999976,63.79540096070326
20.992963699999997,105.84626629999975,61.40176671734447
20.992963699999997,105.84656629999975,63.645628901828815
20.992963699999997,105.84686629999975,68.40872801565473
20.992963699999997,105.84716629999974,60.18451302106058
20.992963699999997,105.84746629999974,61.07825927752138
20.992963699999997,105.84776629999973,61.62992614810291
20.992963699999997,105.84806629999973,60.89328369835445
20.992963699999997,105.84836629999973,65.81283010589814
20.992963699999997,105.84866629999972,62.350158084418325
20.992963699999997,105.84896629999972,65.03277129935047
20.992963699999997,105.84926629999971,66.2532048535899
20.992963699999997,105.84956629999971,71.03768309943062
20.992963699999997,105.8498662999997,66.23151456187199
20.992963699999997,105.8501662999997,62.940549217694254
20.992963699999997,105.8504662999997,62.99290199870258
20.992963699999997,105.85076629999969,60.47752583168737
20.992963699999997,105.85106629999969,67.87797247878166
20.992963699999997,105.85136629999968,77.18465685579088
20.992963699999997,105.85166629999968,77.18465685579088
20.992963699999997,105.85196629999967,67.53934063163818
20.992963699999997,105.85226629999967,67.53934063163818
20.992963699999997,105.85256629999967,67.43543766710867
20.992963699999997,105.85286629999966,71.06569184414285
20.992963699999997,105.85316629999966,63.814629601693795
20.992963699999997,105.85346629999965,63.814629601693795
20.992963699999997,105.85376629999965,69.71789488705247
20.992963699999997,105.85406629999964,70.03025804938588
20.992963699999997,105.85436629999964,70.86378702249002
20.992963699999997,105.85466629999964,67.887569359925
20.992963699999997,105.85496629999963,69.49547548472339
20.992963699999997,105.85526629999963,71.9177856973671
20.992963699999997,105.85556629999962,60.63065551491768
20.992963699999997,105.85586629999962,60.63065551491768
20.992963699999997,105.85616629999961,60.30536293541654
20.992963699999997,105.85646629999961,63.55559211872193
20.992963699999997,105.8567662999996,67.97627693685472
20.992963699999997,105.8570662999996,68.28616546259668
20.992963699999997,105.8573662999996,68.28616546259668
20.992963699999997,105.8576662999996,68.24341471539798
20.993263699999996,105.8291663,74.60338632896516
20.993263699999996,105.82946629999999,74.30998681692503
20.993263699999996,105.82976629999999,74.71497657868906
20.993263699999996,105.83006629999998,73.71572998046454
20.993263699999996,105.83036629999998,71.9507459754752
20.993263699999996,105.83066629999998,74.56145767512892
20.993263699999996,105.83096629999997,74.55046136486293
20.993263699999996,105.83126629999997,78.2016590092663
20.993263699999996,105.83156629999996,78.2016590092663
20.993263699999996,105.83186629999996,78.2016590092663
20.993263699999996,105.83216629999995,77.28667898457023
20.993263699999996,105.83246629999995,77.28667898457023
20.993263699999996,105.83276629999995,79.91380115867581
20.993263699999996,105.83306629999994,77.98510873625085
20.993263699999996,105.83336629999994,77.98510873625085
20.993263699999996,105.83366629999993,77.98510873625085
20.993263699999996,105.83396629999993,77.98510873625085
20.993263699999996,105.83426629999992,77.58174100619202
20.993263699999996,105.83456629999992,76.33346582690558
20.993263699999996,105.83486629999992,76.20179873721118
20.993263699999996,105.83516629999991,76.98416909310068
20.993263699999996,105.83546629999991,79.13383988001706
20.993263699999996,105.8357662999999,71.16959480867236
20.993263699999996,105.8360662999999,69.7231378375937
20.993263699999996,105.8363662999999,61.90273581315104
20.993263699999996,105.83666629999989,61.90273581315104
20.993263699999996,105.83696629999989,62.10878807673514
20.993263699999996,105.83726629999988,55.84434757455831
20.993263699999996,105.83756629999988,50.97548876296223
20.993263699999996,105.83786629999987,61.41184657709606
20.993263699999996,105.83816629999987,57.06505848586572
20.993263699999996,105.83846629999987,54.41554523849124
20.993263699999996,105.83876629999986,51.50856689187283
20.993263699999996,105.83906629999986,58.43282437512653
20.993263699999996,105.83936629999985,58.25956400294959
20.993263699999996,105.83966629999985,61.558111867455324
20.993263699999996,105.83996629999984,61.81426073831649
20.993263699999996,105.84026629999984,67.42043162920211
20.993263699999996,105.84056629999984,66.77643787659598
20.993263699999996,105.84086629999983,66.11705574479957
20.993263699999996,105.84116629999983,67.35136409237167
20.993263699999996,105.84146629999982,66.5402457187732
20.993263699999996,105.84176629999982,66.99747819518028
20.993263699999996,105.84206629999981,63.792092468543814
20.993263699999996,105.84236629999981,60.85485456299838
20.993263699999996,105.8426662999998,67.1688169090708
20.993263699999996,105.8429662999998,64.29296827072936
20.993263699999996,105.8432662999998,62.58202284257463
20.993263699999996,105.8435662999998,62.68530490423666
20.993263699999996,105.84386629999979,59.389715835944386
20.993263699999996,105.84416629999978,58.77342394149461
20.993263699999996,105.84446629999978,55.66396972394101
20.993263699999996,105.84476629999978,48.82501484538045
20.993263699999996,105.84506629999977,47.914669544894835
20.993263699999996,105.84536629999977,47.24974212593723
20.993263699999996,105.84566629999976,57.63954664725344
20.993263699999996,105.84596629999976,66.9517744680751
20.993263699999996,105.84626629999975,50.42492963822558
20.993263699999996,105.84656629999975,53.73449272979177
20.993263699999996,105.84686629999975,57.474208449323086
20.993263699999996,105.84716629999974,60.95719279716852
20.993263699999996,105.84746629999974,60.47470706976728
20.993263699999996,105.84776629999973,60.89328369835445
20.993263699999996,105.84806629999973,65.81131264584329
20.993263699999996,105.84836629999973,68.50981099760158
20.993263699999996,105.84866629999972,64.40102497328999
20.993263699999996,105.84896629999972,62.865390069032586
20.993263699999996,105.84926629999971,67.05725292699951
20.993263699999996,105.84956629999971,68.62554607577367
20.993263699999996,105.8498662999997,65.18692657182285
20.993263699999996,105.8501662999997,62.84304886696998
20.993263699999996,105.8504662999997,60.40224985144519
20.993263699999996,105.85076629999969,58.11955521628239
20.993263699999996,105.85106629999969,59.32856059228456
20.993263699999996,105.85136629999968,69.75036477848217
20.993263699999996,105.85166629999968,60.63065551491768
20.993263699999996,105.85196629999967,67.53934063163818
20.993263699999996,105.85226629999967,60.84542001254407
20.993263699999996,105.85256629999967,61.07825927752138
20.993263699999996,105.85286629999966,64.16830512364876
20.993263699999996,105.85316629999966,64.12777300654437
20.993263699999996,105.85346629999965,62.12169545228822
20.993263699999996,105.85376629999965,62.12169545228822
20.993263699999996,105.85406629999964,69.69180628486485
20.993263699999996,105.85436629999964,67.93181389817562
20.993263699999996,105.85466629999964,66.20025583519397
20.993263699999996,105.85496629999963,68.08955390925559
20.993263699999996,105.85526629999963,61.69381480995408
20.993263699999996,105.85556629999962,61.14561830169204
20.993263699999996,105.85586629999962,61.67142286970123
20.993263699999996,105.85616629999961,60.357803886405264
20.993263699999996,105.85646629999961,65.38789678357261
20.993263699999996,105.8567662999996,66.25684469521235
20.993263699999996,105.8570662999996,67.36489665835263
20.993263699999996,105.8573662999996,71.06172157000748
20.993263699999996,105.8576662999996,73.61678059511239
20.993563699999996,105.8291663,77.23362505457469
20.993563699999996,105.82946629999999,74.67349584528546
20.993563699999996,105.82976629999999,74.80268236285437
20.993563699999996,105.83006629999998,74.71497657868906
20.993563699999996,105.83036629999998,73.71572998046454
20.993563699999996,105.83066629999998,72.2410960899864
20.993563699999996,105.83096629999997,74.56145767512892
20.993563699999996,105.83126629999997,74.55046136486293
20.993563699999996,105.83156629999996,76.51207684989966
20.993563699999996,105.83186629999996,78.2016590092663
20.993563699999996,105.83216629999995,78.2016590092663
20.993563699999996,105.83246629999995,79.91380115867581
20.993563699999996,105.83276629999995,79.91380115867581
20.993563699999996,105.83306629999994,79.91380115867581
20.993563699999996,105.83336629999994,79.91380115867581
20.993563699999996,105.83366629999993,79.91380115867581
20.993563699999996,105.83396629999993,79.2989756710963
20.993563699999996,105.83426629999992,80.02729021596454
20.993563699999996,105.83456629999992,78.7790150366781
20.993563699999996,105.83486629999992,78.6473479469837
20.993563699999996,105.83516629999991,79.13383988001706
20.993563699999996,105.83546629999991,71.16959480867236
20.993563699999996,105.8357662999999,68.94918981437002
20.993563699999996,105.8360662999999,61.90273581315104
20.993563699999996,105.8363662999999,61.95659134846707
20.993563699999996,105.83666629999989,65.87980816723642
20.993563699999996,105.83696629999989,59.7156411122663
20.993563699999996,105.83726629999988,56.631566209370675
20.993563699999996,105.83756629999988,57.99504420543934
20.993563699999996,105.83786629999987,60.14944626177018
20.993563699999996,105.83816629999987,52.05074315764644
20.993563699999996,105.83846629999987,57.27384851209814
20.993563699999996,105.83876629999986,58.40344968494787
20.993563699999996,105.83906629999986,58.346184488228886
20.993563699999996,105.83936629999985,63.17427726219519
20.993563699999996,105.83966629999985,59.844648318502934
20.993563699999996,105.83996629999984,64.33834781914531
20.993563699999996,105.84026629999984,67.03024366402583
20.993563699999996,105.84056629999984,64.98116469984295
20.993563699999996,105.84086629999983,65.14150050833811
20.993563699999996,105.84116629999983,67.07626198935883
20.993563699999996,105.84146629999982,66.64182440754689
20.993563699999996,105.84176629999982,65.44295203637503
20.993563699999996,105.84206629999981,64.86659904438052
20.993563699999996,105.84236629999981,63.733751995654146
20.993563699999996,105.8426662999998,62.62253511315623
20.993563699999996,105.8429662999998,65.8482353436489
20.993563699999996,105.8432662999998,64.3507882616047
20.993563699999996,105.8435662999998,70.22482242277756
20.993563699999996,105.84386629999979,63.252788069920456
20.993563699999996,105.84416629999978,59.081516216968495
20.993563699999996,105.84446629999978,59.70254002841118
20.993563699999996,105.84476629999978,55.21936178207564
20.993563699999996,105.84506629999977,48.76885800290305
20.993563699999996,105.84536629999977,49.02471561954742
20.993563699999996,105.84566629999976,55.58098172417617
20.993563699999996,105.84596629999976,55.59672887327257
20.993563699999996,105.84626629999975,58.009738212077295
20.993563699999996,105.84656629999975,50.69573021945706
20.993563699999996,105.84686629999975,54.815077840478295
20.993563699999996,105.84716629999974,61.730829830258884
20.993563699999996,105.84746629999974,61.706292069753815
20.993563699999996,105.84776629999973,62.79841200769431
20.993563699999996,105.84806629999973,67.08124844435464
20.993563699999996,105.84836629999973,68.84746260173837
20.993563699999996,105.84866629999972,65.93487117241065
20.993563699999996,105.84896629999972,58.36956934604953
20.993563699999996,105.84926629999971,63.10693448070889
20.993563699999996,105.84956629999971,63.869009434643175
20.993563699999996,105.8498662999997,65.08277735929877
20.993563699999996,105.8501662999997,60.35015430740462
20.993563699999996,105.8504662999997,56.782104234743585
20.993563699999996,105.85076629999969,55.794789439859244
20.993563699999996,105.85106629999969,55.422364852835656
20.993563699999996,105.85136629999968,58.11955521628239
20.993563699999996,105.85166629999968,60.16648576130456
20.993563699999996,105.85196629999967,60.78037155351288
20.993563699999996,105.85226629999967,59.821441849523325
20.993563699999996,105.85256629999967,61.817480463703035
20.993563699999996,105.85286629999966,63.94657327870975
20.993563699999996,105.85316629999966,61.49071013439524
20.993563699999996,105.85346629999965,61.110395148723
20.993563699999996,105.85376629999965,60.01379643612965
20.993563699999996,105.85406629999964,66.28982261581608
20.993563699999996,105.85436629999964,66.30971885186548
20.993563699999996,105.85466629999964,63.34184939820281
20.993563699999996,105.85496629999963,64.2790680880411
20.993563699999996,105.85526629999963,56.05580403904794
20.993563699999996,105.85556629999962,59.312707197961274
20.993563699999996,105.85586629999962,60.50415183795239
20.993563699999996,105.85616629999961,64.59861455817608
20.993563699999996,105.85646629999961,69.02450037614726
20.993563699999996,105.8567662999996,71.4226511009376
20.993563699999996,105.8570662999996,69.6784222976834
20.993563699999996,105.8573662999996,69.5773281373995
20.993563699999996,105.8576662999996,69.24233182575016
20.993863699999995,105.8291663,78.18902426101604
20.993863699999995,105.82946629999999,78.13196304757741
20.993863699999995,105.82976629999999,74.76716979627197
20.993863699999995,105.83006629999998,74.30998681692503
20.993863699999995,105.83036629999998,72.72477308796454
20.993863699999995,105.83066629999998,73.54555844768777
20.993863699999995,105.83096629999997,72.2410960899864
20.993863699999995,105.83126629999997,74.56145767512892
20.993863699999995,105.83156629999996,74.55046136486293
20.993863699999995,105.83186629999996,76.51207684989966
20.993863699999995,105.83216629999995,76.51207684989966
20.993863699999995,105.83246629999995,78.2016590092663
20.993863699999995,105.83276629999995,77.28667898457023
20.993863699999995,105.83306629999994,77.28667898457023
20.993863699999995,105.83336629999994,77.28667898457023
20.993863699999995,105.83366629999993,79.91380115867581
20.993863699999995,105.83396629999993,77.26594016376218
20.993863699999995,105.83426629999992,77.26594016376218
20.993863699999995,105.83456629999992,76.01766498447574
20.993863699999995,105.83486629999992,75.55874057294491
20.993863699999995,105.83516629999991,79.13383988001706
20.993863699999995,105.83546629999991,71.16959480867236
20.993863699999995,105.8357662999999,71.38435930629875
20.993863699999995,105.8360662999999,61.947722128772924
20.993863699999995,105.8363662999999,65.33337077174733
20.993863699999995,105.83666629999989,68.09744337465435
20.993863699999995,105.83696629999989,64.65816803413652
20.993863699999995,105.83726629999988,60.03617984914412
20.993863699999995,105.83756629999988,61.74928117675397
20.993863699999995,105.83786629999987,59.646314548504236
20.993863699999995,105.83816629999987,54.46279100525631
20.993863699999995,105.83846629999987,58.40872550566242
20.993863699999995,105.83876629999986,59.260620178930466
20.993863699999995,105.83906629999986,58.6844183368179
20.993863699999995,105.83936629999985,65.31525357856307
20.993863699999995,105.83966629999985,60.740039128618534
20.993863699999995,105.83996629999984,62.09143437047362
20.993863699999995,105.84026629999984,68.54556339927436
20.993863699999995,105.84056629999984,65.00385846323252
20.993863699999995,105.84086629999983,64.72915715538669
20.993863699999995,105.84116629999983,68.96011444678018
20.993863699999995,105.84146629999982,69.04417093617101
20.993863699999995,105.84176629999982,72.89122716555798
20.993863699999995,105.84206629999981,71.745363525322
20.993863699999995,105.84236629999981,68.9951416162149
20.993863699999995,105.8426662999998,69.97487345277342
20.993863699999995,105.8429662999998,67.01482359038792
20.993863699999995,105.8432662999998,64.29906223497537
20.993863699999995,105.8435662999998,64.5424769705016
20.993863699999995,105.84386629999979,63.01370647451117
20.993863699999995,105.84416629999978,57.75435978116103
20.993863699999995,105.84446629999978,56.339044748861724
20.993863699999995,105.84476629999978,56.76344866471966
20.993863699999995,105.84506629999977,55.309354229277304
20.993863699999995,105.84536629999977,50.25358252772877
20.993863699999995,105.84566629999976,59.34197910787567
20.993863699999995,105.84596629999976,62.38218861665007
20.993863699999995,105.84626629999975,61.610647293804206
20.993863699999995,105.84656629999975,62.21373965833115
20.993863699999995,105.84686629999975,63.753442088349146
20.993863699999995,105.84716629999974,67.7784527046752
20.993863699999995,105.84746629999974,66.6306479279126
20.993863699999995,105.84776629999973,66.37339728904199
20.993863699999995,105.84806629999973,68.21075320524369
20.993863699999995,105.84836629999973,67.79540969245194
20.993863699999995,105.84866629999972,64.49825308943858
20.993863699999995,105.84896629999972,59.61307158305824
20.993863699999995,105.84926629999971,61.21954801394942
20.993863699999995,105.84956629999971,63.27394941812261
20.993863699999995,105.8498662999997,63.05453981224561
20.993863699999995,105.8501662999997,63.76419179448362
20.993863699999995,105.8504662999997,58.79266540530617
20.993863699999995,105.85076629999969,58.29453313180437
20.993863699999995,105.85106629999969,55.415987090314985
20.993863699999995,105.85136629999968,54.57425585141168
20.993863699999995,105.85166629999968,55.70851112967296
20.993863699999995,105.85196629999967,59.63164064275661
20.993863699999995,105.85226629999967,64.5157288389232
20.993863699999995,105.85256629999967,66.88626750843339
20.993863699999995,105.85286629999966,64.0734922132179
20.993863699999995,105.85316629999966,63.05361500908019
20.993863699999995,105.85346629999965,60.00506076997016
20.993863699999995,105.85376629999965,59.16525663075819
20.993863699999995,105.85406629999964,59.003777256661195
20.993863699999995,105.85436629999964,62.70841021199054
20.993863699999995,105.85466629999964,62.37936505938954
20.993863699999995,105.85496629999963,62.42392940982795
20.993863699999995,105.85526629999963,55.78324966134507
20.993863699999995,105.85556629999962,57.26483377188896
20.993863699999995,105.85586629999962,58.294746515032514
20.993863699999995,105.85616629999961,62.6632351202865
20.993863699999995,105.85646629999961,68.7899848328453
20.993863699999995,105.8567662999996,71.92142240189295
20.993863699999995,105.8570662999996,72.06720378139231
20.993863699999995,105.8573662999996,71.22059827654631
20.993863699999995,105.8576662999996,65.76577969488496
20.994163699999994,105.8291663,75.50803257592952
20.994163699999994,105.82946629999999,78.91850179284613
20.994163699999994,105.82976629999999,77.31018165918202
20.994163699999994,105.83006629999998,74.67349584528546
20.994163699999994,105.83036629999998,74.71497657868906
20.994163699999994,105.83066629999998,72.65698908520213
20.994163699999994,105.83096629999997,73.4444810135143
20.994163699999994,105.83126629999997,72.63036722748409
20.994163699999994,105.83156629999996,74.55046136486293
20.994163699999994,105.83186629999996,76.51207684989966
20.994163699999994,105.83216629999995,76.51207684989966
20.994163699999994,105.83246629999995,77.28667898457023
20.994163699999994,105.83276629999995,79.91380115867581
20.994163699999994,105.83306629999994,79.91380115867581
20.994163699999994,105.83336629999994,79.91380115867581
20.994163699999994,105.83366629999993,79.91380115867581
20.994163699999994,105.83396629999993,80.02729021596454
20.994163699999994,105.83426629999992,80.02729021596454
20.994163699999994,105.83456629999992,78.6473479469837
20.994163699999994,105.83486629999992,76.98416909310068
20.994163699999994,105.83516629999991,76.91343488571472
20.994163699999994,105.83546629999991,71.16959480867236
20.994163699999994,105.8357662999999,64.16830512364876
20.994163699999994,105.8360662999999,62.58723290365785
20.994163699999994,105.8363662999999,64.42908603689975
20.994163699999994,105.83666629999989,68.6190121569286
20.994163699999994,105.83696629999989,68.58589996023504
20.994163699999994,105.83726629999988,58.67560585489127
20.994163699999994,105.83756629999988,62.645404513413766
20.994163699999994,105.83786629999987,60.77996087883436
20.994163699999994,105.83816629999987,58.20867902476682
20.994163699999994,105.83846629999987,60.33598774539939
20.994163699999994,105.83876629999986,59.783581395097045
20.994163699999994,105.83906629999986,62.499744128651514
20.994163699999994,105.83936629999985,64.72055396420146
20.994163699999994,105.83966629999985,62.287205031529794
20.994163699999994,105.83996629999984,64.62702719633651
20.994163699999994,105.84026629999984,68.15581164062016
20.994163699999994,105.84056629999984,64.97161256488404
20.994163699999994,105.84086629999983,65.26956472036342
20.994163699999994,105.84116629999983,65.9884756832146
20.994163699999994,105.84146629999982,72.8599971259259
20.994163699999994,105.84176629999982,68.05410046272519
20.994163699999994,105.84206629999981,69.93928633306002
20.994163699999994,105.84236629999981,71.28695323954675
20.994163699999994,105.8426662999998,67.76072156143593
20.994163699999994,105.8429662999998,62.80023079620118
20.994163699999994,105.8432662999998,67.5427383249557
20.994163699999994,105.8435662999998,62.69920853873772
20.994163699999994,105.84386629999979,61.56934450139761
20.994163699999994,105.84416629999978,60.70125484058465
20.994163699999994,105.84446629999978,59.72601424728681
20.994163699999994,105.84476629999978,62.073649713798986
20.994163699999994,105.84506629999977,62.61832662301774
20.994163699999994,105.84536629999977,60.76585691301756
20.994163699999994,105.84566629999976,56.6364089445524
20.994163699999994,105.84596629999976,54.27084391029605
20.994163699999994,105.84626629999975,64.21829623255068
20.994163699999994,105.84656629999975,64.07963269302739
20.994163699999994,105.84686629999975,63.57588799265153
20.994163699999994,105.84716629999974,66.22741340527786
20.994163699999994,105.84746629999974,66.29421021992822
20.994163699999994,105.84776629999973,68.92861930093841
20.994163699999994,105.84806629999973,71.68502545423236
20.994163699999994,105.84836629999973,71.65296231347992
20.994163699999994,105.84866629999972,70.0972608412184
20.994163699999994,105.84896629999972,66.13449549408722
20.994163699999994,105.84926629999971,59.73199060341905
20.994163699999994,105.84956629999971,62.93188956783932
20.994163699999994,105.8498662999997,65.17843637771557
20.994163699999994,105.8501662999997,61.84879092164931
20.994163699999994,105.8504662999997,55.021502994521164
20.994163699999994,105.85076629999969,55.27182234615698
20.994163699999994,105.85106629999969,53.200960023938464
20.994163699999994,105.85136629999968,54.92720576363756
20.994163699999994,105.85166629999968,55.08557494640498
20.994163699999994,105.85196629999967,56.43304413431825
20.994163699999994,105.85226629999967,59.715539865190806
20.994163699999994,105.85256629999967,63.4290028339862
20.994163699999994,105.85286629999966,64.08194065685525
20.994163699999994,105.85316629999966,59.450608692328686
20.994163699999994,105.85346629999965,58.49984990742671
20.994163699999994,105.85376629999965,56.59089802428177
20.994163699999994,105.85406629999964,56.42941865018477
20.994163699999994,105.85436629999964,53.671521486525634
20.994163699999994,105.85466629999964,53.3320987632957
20.994163699999994,105.85496629999963,53.3320987632957
20.994163699999994,105.85526629999963,54.97718104909748
20.994163699999994,105.85556629999962,55.31278748113276
20.994163699999994,105.85586629999962,55.90201867705137
20.994163699999994,105.85616629999961,58.26320572374145
20.994163699999994,105.85646629999961,68.28500956490926
20.994163699999994,105.8567662999996,70.4919937864346
20.994163699999994,105.8570662999996,69.02308526307148
20.994163699999994,105.8573662999996,71.5860561113604
20.994163699999994,105.8576662999996,65.38789678357261
20.994463699999994,105.8291663,75.40153923921396
20.994463699999994,105.82946629999999,78.81371901130345
20.994463699999994,105.82976629999999,79.45110992046817
20.994463699999994,105.83006629999998,74.60338632896516
20.994463699999994,105.83036629999998,74.76716979627197
20.994463699999994,105.83066629999998,74.71497657868906
20.994463699999994,105.83096629999997,72.58887627297223
20.994463699999994,105.83126629999997,71.9507459754752
20.994463699999994,105.83156629999996,72.63036722748409
20.994463699999994,105.83186629999996,74.55046136486293
20.994463699999994,105.83216629999995,76.51207684989966
20.994463699999994,105.83246629999995,78.2016590092663
20.994463699999994,105.83276629999995,79.91380115867581
20.994463699999994,105.83306629999994,78.2016590092663
20.994463699999994,105.83336629999994,77.28667898457023
20.994463699999994,105.83366629999993,77.28667898457023
20.994463699999994,105.83396629999993,80.02729021596454
20.994463699999994,105.83426629999992,80.02729021596454
20.994463699999994,105.83456629999992,78.6473479469837
20.994463699999994,105.83486629999992,79.57690371969463
20.994463699999994,105.83516629999991,79.13383988001706
20.994463699999994,105.83546629999991,71.16959480867236
20.994463699999994,105.8357662999999,60.78037155351288
20.994463699999994,105.8360662999999,59.473677591933566
20.994463699999994,105.8363662999999,63.25651661149976
20.994463699999994,105.83666629999989,66.72727355957382
20.994463699999994,105.83696629999989,68.95685979965444
20.994463699999994,105.83726629999988,59.82538929671301
20.994463699999994,105.83756629999988,61.337583750153144
20.994463699999994,105.83786629999987,62.44282375929701
20.994463699999994,105.83816629999987,60.952496552001975
20.994463699999994,105.83846629999987,56.813047232296995
20.994463699999994,105.83876629999986,59.46445057707339
20.994463699999994,105.83906629999986,61.71228819427799
20.994463699999994,105.83936629999985,64.23670032934533
20.994463699999994,105.83966629999985,59.708362591581206
20.994463699999994,105.83996629999984,62.82218918181327
20.994463699999994,105.84026629999984,66.97548437857942
20.994463699999994,105.84056629999984,65.60066993584016
20.994463699999994,105.84086629999983,67.444345521613
20.994463699999994,105.84116629999983,69.41444006061317
20.994463699999994,105.84146629999982,72.25467986720395
20.994463699999994,105.84176629999982,68.1354388695725
20.994463699999994,105.84206629999981,61.84045458118733
20.994463699999994,105.84236629999981,69.04684770398875
20.994463699999994,105.8426662999998,66.2998971596576
20.994463699999994,105.8429662999998,69.08237223664891
20.994463699999994,105.8432662999998,66.30220712852409
20.994463699999994,105.8435662999998,61.121232311775046
20.994463699999994,105.84386629999979,63.73659322511075
20.994463699999994,105.84416629999978,60.52962957130933
20.994463699999994,105.84446629999978,62.31525928618913
20.994463699999994,105.84476629999978,65.61750650125771
20.994463699999994,105.84506629999977,65.25171430889822
20.994463699999994,105.84536629999977,63.331627886550976
20.994463699999994,105.84566629999976,57.64995872842553
20.994463699999994,105.84596629999976,58.63328622491832
20.994463699999994,105.84626629999975,60.611427133315885
20.994463699999994,105.84656629999975,70.94237201193863
20.994463699999994,105.84686629999975,68.54152521401906
20.994463699999994,105.84716629999974,69.29098754099662
20.994463699999994,105.84746629999974,72.96211022317162
20.994463699999994,105.84776629999973,69.66164589637593
20.994463699999994,105.84806629999973,68.29708874034691
20.994463699999994,105.84836629999973,74.11757706405018
20.994463699999994,105.84866629999972,69.86025644986283
20.994463699999994,105.84896629999972,69.09424117483604
20.994463699999994,105.84926629999971,67.03123364472054
20.994463699999994,105.84956629999971,63.51236899246726
20.994463699999994,105.8498662999997,63.3260409106815
20.994463699999994,105.8501662999997,55.333471574354945
20.994463699999994,105.8504662999997,53.93494765267927
20.994463699999994,105.85076629999969,53.134712291335404
20.994463699999994,105.85106629999969,51.88358563707162
20.994463699999994,105.85136629999968,49.6289319644727
20.994463699999994,105.85166629999968,49.056895917162265
20.994463699999994,105.85196629999967,52.50700763528329
20.994463699999994,105.85226629999967,56.170120874996556
20.994463699999994,105.85256629999967,63.6962188280846
20.994463699999994,105.85286629999966,62.94172047900264
20.994463699999994,105.85316629999966,59.788416509145705
20.994463699999994,105.85346629999965,56.311405952098994
20.994463699999994,105.85376629999965,56.079948243859704
20.994463699999994,105.85406629999964,56.10943755181894
20.994463699999994,105.85436629999964,54.04060985386775
20.994463699999994,105.85466629999964,52.46153239785909
20.994463699999994,105.85496629999963,52.211213046223264
20.994463699999994,105.85526629999963,52.211213046223264
20.994463699999994,105.85556629999962,53.417385843695065
20.994463699999994,105.85586629999962,54.54062563000353
20.994463699999994,105.85616629999961,57.12544429901715
20.994463699999994,105.85646629999961,63.797815479258716
20.994463699999994,105.8567662999996,67.27423292544773
20.994463699999994,105.8570662999996,71.48755987769687
20.994463699999994,105.8573662999996,72.0199186355565
20.994463699999994,105.8576662999996,65.38789678357261
20.994763699999993,105.8291663,73.77634211389221
20.994763699999993,105.82946629999999,75.86362013395981
20.994763699999993,105.82976629999999,78.95507738581571
20.994763699999993,105.83006629999998,76.43600883504756
20.994763699999993,105.83036629999998,75.09865103195152
20.994763699999993,105.83066629999998,75.49838935831306
20.994763699999993,105.83096629999997,75.49838935831306
20.994763699999993,105.83126629999997,72.72477308796454
20.994763699999993,105.83156629999996,73.29008508883307
20.994763699999993,105.83186629999996,73.54555844768777
20.994763699999993,105.83216629999995,72.2410960899864
20.994763699999993,105.83246629999995,72.63036722748409
20.994763699999993,105.83276629999995,74.55046136486293
20.994763699999993,105.83306629999994,78.2016590092663
20.994763699999993,105.83336629999994,78.2016590092663
20.994763699999993,105.83366629999993,77.28667898457023
20.994763699999993,105.83396629999993,77.26594016376218
20.994763699999993,105.83426629999992,78.06869604476755
20.994763699999993,105.83456629999992,78.6473479469837
20.994763699999993,105.83486629999992,76.10454587225117
20.994763699999993,105.83516629999991,68.59490058626238
20.994763699999993,105.83546629999991,59.884362239507524
20.994763699999993,105.8357662999999,59.58521756116262
20.994763699999993,105.8360662999999,55.825963534659095
20.994763699999993,105.8363662999999,61.415353550568256
20.994763699999993,105.83666629999989,63.24286414617582
20.994763699999993,105.83696629999989,63.35166930378985
20.994763699999993,105.83726629999988,53.55062545632815
20.994763699999993,105.83756629999988,58.20474892413182
20.994763699999993,105.83786629999987,53.593590997863075
20.994763699999993,105.83816629999987,61.77260809929503
20.994763699999993,105.83846629999987,64.14510945557092
20.994763699999993,105.83876629999986,57.69636642854111
20.994763699999993,105.83906629999986,58.31291409383827
20.994763699999993,105.83936629999985,60.76926873753672
20.994763699999993,105.83966629999985,62.90364346349686
20.994763699999993,105.83996629999984,64.582191248804
20.994763699999993,105.84026629999984,65.14515620992309
20.994763699999993,105.84056629999984,65.56732472911524
20.994763699999993,105.84086629999983,67.10814027531107
20.994763699999993,105.84116629999983,68.54959670688945
20.994763699999993,105.84146629999982,72.00107933906938
20.994763699999993,105.84176629999982,59.31301533312501
20.994763699999993,105.84206629999981,65.91267292839774
20.994763699999993,105.84236629999981,57.840415267350195
20.994763699999993,105.8426662999998,64.64904028382908
20.994763699999993,105.8429662999998,63.15016661268858
20.994763699999993,105.8432662999998,64.82388802570387
20.994763699999993,105.8435662999998,63.60951105763971
20.994763699999993,105.84386629999979,59.510888209913986
20.994763699999993,105.84416629999978,59.074899863337265
20.994763699999993,105.84446629999978,63.887851610057936
20.994763699999993,105.84476629999978,64.88203087758204
20.994763699999993,105.84506629999977,64.38983641857955
20.994763699999993,105.84536629999977,64.80279100518992
20.994763699999993,105.84566629999976,55.219228463199556
20.994763699999993,105.84596629999976,60.68364674938907
20.994763699999993,105.84626629999975,69.4202652255794
20.994763699999993,105.84656629999975,71.94579502411864
20.994763699999993,105.84686629999975,65.29494014008772
20.994763699999993,105.84716629999974,67.57917821131585
20.994763699999993,105.84746629999974,68.08984824796941
20.994763699999993,105.84776629999973,68.14239323252039
20.994763699999993,105.84806629999973,70.11536719973093
20.994763699999993,105.84836629999973,71.00735559951197
20.994763699999993,105.84866629999972,71.98247820682114
20.994763699999993,105.84896629999972,60.949845212299394
20.994763699999993,105.84926629999971,59.01187220894272
20.994763699999993,105.84956629999971,63.6566562797569
20.994763699999993,105.8498662999997,59.71212222801957
20.994763699999993,105.8501662999997,55.40223649338121
20.994763699999993,105.8504662999997,53.93494765267927
20.994763699999993,105.85076629999969,53.98347914824105
20.994763699999993,105.85106629999969,55.32289706826516
20.994763699999993,105.85136629999968,49.89973254570418
20.994763699999993,105.85166629999968,50.69573021945706
20.994763699999993,105.85196629999967,49.76511785575797
20.994763699999993,105.85226629999967,51.535992967749706
20.994763699999993,105.85256629999967,56.68962894446376
20.994763699999993,105.85286629999966,57.41665928473866
20.994763699999993,105.85316629999966,52.884656538382494
20.994763699999993,105.85346629999965,49.470730165752016
20.994763699999993,105.85376629999965,56.614396599251094
20.994763699999993,105.85406629999964,55.82118962589142
20.994763699999993,105.85436629999964,54.052357501187466
20.994763699999993,105.85466629999964,54.262145927027454
20.994763699999993,105.85496629999963,53.54719504280221
20.994763699999993,105.85526629999963,54.75855189841833
20.994763699999993,105.85556629999962,54.52468230890287
20.994763699999993,105.85586629999962,55.42503686244913
20.994763699999993,105.85616629999961,56.04361134802406
20.994763699999993,105.85646629999961,58.19450483276866
20.994763699999993,105.8567662999996,64.4726272065118
20.994763699999993,105.8570662999996,70.56590774372796
20.994763699999993,105.8573662999996,72.09210228438344
20.994763699999993,105.8576662999996,65.12075900502936
20.995063699999992,105.8291663,75.73337426090882
20.995063699999992,105.82946629999999,72.55137331788215
20.995063699999992,105.82976629999999,76.30191014126864
20.995063699999992,105.83006629999998,78.91850179284613
20.995063699999992,105.83036629999998,78.94732881545856
20.995063699999992,105.83066629999998,80.91202341987069
20.995063699999992,105.83096629999997,77.23362505457469
20.995063699999992,105.83126629999997,75.24448134694595
20.995063699999992,105.83156629999996,74.71497657868906
20.995063699999992,105.83186629999996,73.0163109983289
20.995063699999992,105.83216629999995,73.54555844768777
20.995063699999992,105.83246629999995,72.2410960899864
20.995063699999992,105.83276629999995,74.56145767512892
20.995063699999992,105.83306629999994,74.55046136486293
20.995063699999992,105.83336629999994,74.55046136486293
20.995063699999992,105.83366629999993,78.2016590092663
20.995063699999992,105.83396629999993,77.44402485024717
20.995063699999992,105.83426629999992,76.37911388540091
20.995063699999992,105.83456629999992,74.76401183896589
20.995063699999992,105.83486629999992,74.69503501827874
20.995063699999992,105.83516629999991,69.75036477848217
20.995063699999992,105.83546629999991,60.61310352511839
20.995063699999992,105.8357662999999,55.99907977771292
20.995063699999992,105.8360662999999,53.64430943585857
20.995063699999992,105.8363662999999,60.23635860598206
20.995063699999992,105.83666629999989,61.20835081774378
20.995063699999992,105.83696629999989,57.4779424894969
20.995063699999992,105.83726629999988,56.32182571914093
20.995063699999992,105.83756629999988,59.68894278017527
20.995063699999992,105.83786629999987,52.041428588903
20.995063699999992,105.83816629999987,56.67963809320648
20.995063699999992,105.83846629999987,63.178585564287374
20.995063699999992,105.83876629999986,56.003777686900676
20.995063699999992,105.83906629999986,58.91731172680261
20.995063699999992,105.83936629999985,62.186871281554104
20.995063699999992,105.83966629999985,62.856535837521776
20.995063699999992,105.83996629999984,65.44886927391983
20.995063699999992,105.84026629999984,64.56717432110302
20.995063699999992,105.84056629999984,61.623680635806664
20.995063699999992,105.84086629999983,65.96175095123061
20.995063699999992,105.84116629999983,63.02401704589448
20.995063699999992,105.84146629999982,64.87690575795988
20.995063699999992,105.84176629999982,58.166710029023776
20.995063699999992,105.84206629999981,57.55706615749881
20.995063699999992,105.84236629999981,57.76213796512535
20.995063699999992,105.8426662999998,51.06521007792898
20.995063699999992,105.8429662999998,62.4708751805541
20.995063699999992,105.8432662999998,62.69176273346545
20.995063699999992,105.8435662999998,64.18520779377879
20.995063699999992,105.84386629999979,62.41860812757345
20.995063699999992,105.84416629999978,61.98686467160945
20.995063699999992,105.84446629999978,66.56702290252026
20.995063699999992,105.84476629999978,67.8598938405686
20.995063699999992,105.84506629999977,66.27326263022486
20.995063699999992,105.84536629999977,68.58836117898271
20.995063699999992,105.84566629999976,60.30869074096212
20.995063699999992,105.84596629999976,64.0405513113922
20.995063699999992,105.84626629999975,60.111222032717066
20.995063699999992,105.84656629999975,58.57252581604071
20.995063699999992,105.84686629999975,59.063321590451736
20.995063699999992,105.84716629999974,62.98549983396282
20.995063699999992,105.84746629999974,56.8293314556403
20.995063699999992,105.84776629999973,60.666323376273354
20.995063699999992,105.84806629999973,67.00621979241386
20.995063699999992,105.84836629999973,67.87738946569927
20.995063699999992,105.84866629999972,64.1873466075119
20.995063699999992,105.84896629999972,65.11723090684559
20.995063699999992,105.84926629999971,61.7689913936578
20.995063699999992,105.84956629999971,69.69812319029043
20.995063699999992,105.8498662999997,55.8089762758611
20.995063699999992,105.8501662999997,59.86982511151716
20.995063699999992,105.8504662999997,61.875974253367474
20.995063699999992,105.85076629999969,55.49597834799229
20.995063699999992,105.85106629999969,57.00351200721941
20.995063699999992,105.85136629999968,55.82062799675832
20.995063699999992,105.85166629999968,60.611720167985084
20.995063699999992,105.85196629999967,61.70568441965074
20.995063699999992,105.85226629999967,56.418499778681976
20.995063699999992,105.85256629999967,60.09587284909665
20.995063699999992,105.85286629999966,55.22052537229685
20.995063699999992,105.85316629999966,51.3913287242901
20.995063699999992,105.85346629999965,50.591648248624175
20.995063699999992,105.85376629999965,52.067100961972
20.995063699999992,105.85406629999964,59.30224833311587
20.995063699999992,105.85436629999964,58.2240738889959
20.995063699999992,105.85466629999964,56.47246738136863
20.995063699999992,105.85496629999963,56.32322016595799
20.995063699999992,105.85526629999963,55.731145034982475
20.995063699999992,105.85556629999962,57.00989930486777
20.995063699999992,105.85586629999962,57.85540846439413
20.995063699999992,105.85616629999961,60.96954315212808
20.995063699999992,105.85646629999961,59.79769191197613
20.995063699999992,105.8567662999996,62.19608697207943
20.995063699999992,105.8570662999996,67.93520933937346
20.995063699999992,105.8573662999996,71.3730911587896
20.995063699999992,105.8576662999996,65.38789678357261
20.99536369999999,105.8291663,76.78948171836474
20.99536369999999,105.82946629999999,75.80407102071706
20.99536369999999,105.82976629999999,72.55137331788215
20.99536369999999,105.83006629999998,73.85600477974963
20.99536369999999,105.83036629999998,78.81371901130345
20.99536369999999,105.83066629999998,78.18902426101604
20.99536369999999,105.83096629999997,78.91850179284613
20.99536369999999,105.83126629999997,78.13196304757741
20.99536369999999,105.83156629999996,74.67349584528546
20.99536369999999,105.83186629999996,74.70596706893774
20.99536369999999,105.83216629999995,72.82204670252639
20.99536369999999,105.83246629999995,73.54555844768777
20.99536369999999,105.83276629999995,72.63036722748409
20.99536369999999,105.83306629999994,72.63036722748409
20.99536369999999,105.83336629999994,72.63036722748409
20.99536369999999,105.83366629999993,72.63036722748409
20.99536369999999,105.83396629999993,74.02053415245942
20.99536369999999,105.83426629999992,76.32710834853475
20.99536369999999,105.83456629999992,73.05307096777346
20.99536369999999,105.83486629999992,67.68235686060683
20.99536369999999,105.83516629999991,67.83473083463463
20.99536369999999,105.83546629999991,56.599355783624006
20.99536369999999,105.8357662999999,52.428050462552214
20.99536369999999,105.8360662999999,52.64132414357683
20.99536369999999,105.8363662999999,57.29329342233535
20.99536369999999,105.83666629999989,56.080201735913306
20.99536369999999,105.83696629999989,57.892983803289084
20.99536369999999,105.83726629999988,62.747955797394255
20.99536369999999,105.83756629999988,61.883437170842285
20.99536369999999,105.83786629999987,54.46279100525631
20.99536369999999,105.83816629999987,59.40845601026932
20.99536369999999,105.83846629999987,55.06881718725287
20.99536369999999,105.83876629999986,55.72929994312963
20.99536369999999,105.83906629999986,65.2530577915419
20.99536369999999,105.83936629999985,62.874210943954125
20.99536369999999,105.83966629999985,69.2862551245434
20.99536369999999,105.83996629999984,59.9893641158761
20.99536369999999,105.84026629999984,63.87891171720814
20.99536369999999,105.84056629999984,63.85289877760458
20.99536369999999,105.84086629999983,60.20391816775205
20.99536369999999,105.84116629999983,56.293767619268706
20.99536369999999,105.84146629999982,63.59809288244449
20.99536369999999,105.84176629999982,58.166710029023776
20.99536369999999,105.84206629999981,57.10989285007335
20.99536369999999,105.84236629999981,64.75831957626005
20.99536369999999,105.8426662999998,56.154990879290935
20.99536369999999,105.8429662999998,63.64067417936258
20.99536369999999,105.8432662999998,64.42892187299816
20.99536369999999,105.8435662999998,64.48201968693309
20.99536369999999,105.84386629999979,61.05837254337801
20.99536369999999,105.84416629999978,62.207531595185216
20.99536369999999,105.84446629999978,67.60579681444331
20.99536369999999,105.84476629999978,66.69277291757304
20.99536369999999,105.84506629999977,65.67629868946182
20.99536369999999,105.84536629999977,62.122840142972024
20.99536369999999,105.84566629999976,62.06917910702883
20.99536369999999,105.84596629999976,61.577913276980084
20.99536369999999,105.84626629999975,62.08795467534506
20.99536369999999,105.84656629999975,66.12814936146421
20.99536369999999,105.84686629999975,49.44721837638903
20.99536369999999,105.84716629999974,61.61195227483519
20.99536369999999,105.84746629999974,60.07089409703396
20.99536369999999,105.84776629999973,60.22179202177175
20.99536369999999,105.84806629999973,59.761358914471714
20.99536369999999,105.84836629999973,60.116496712754284
20.99536369999999,105.84866629999972,61.55651001347775
20.99536369999999,105.84896629999972,61.49168088877367
20.99536369999999,105.84926629999971,64.72544620567518
20.99536369999999,105.84956629999971,72.77982227733692
20.99536369999999,105.8498662999997,64.9287809305618
20.99536369999999,105.8501662999997,58.256652130134086
20.99536369999999,105.8504662999997,56.415017603933435
20.99536369999999,105.85076629999969,56.71777639589406
20.99536369999999,105.85106629999969,61.88509656124681
20.99536369999999,105.85136629999968,59.51597130776274
20.99536369999999,105.85166629999968,61.38717974889876
20.99536369999999,105.85196629999967,62.77810035735199
20.99536369999999,105.85226629999967,61.57480531869511
20.99536369999999,105.85256629999967,60.15921883284123
20.99536369999999,105.85286629999966,61.936719293547085
20.99536369999999,105.85316629999966,58.282708901851265
20.99536369999999,105.85346629999965,60.809519696218715
20.99536369999999,105.85376629999965,57.579174355043776
20.99536369999999,105.85406629999964,59.28285040194625
20.99536369999999,105.85436629999964,61.04798521710565
20.99536369999999,105.85466629999964,59.47251818660895
20.99536369999999,105.85496629999963,57.21965099128859
20.99536369999999,105.85526629999963,57.036901361905706
20.99536369999999,105.85556629999962,57.02956089473422
20.99536369999999,105.85586629999962,55.73721950154054
20.99536369999999,105.85616629999961,56.64956444538146
20.99536369999999,105.85646629999961,56.76834336214678
20.99536369999999,105.8567662999996,61.65906054549795
20.99536369999999,105.8570662999996,65.30619456987262
20.99536369999999,105.8573662999996,66.13819830419705
20.99536369999999,105.8576662999996,65.6775865214016
20.99566369999999,105.8291663,72.67582024901839
20.99566369999999,105.82946629999999,80.30445887215348
20.99566369999999,105.82976629999999,73.0149059515211
20.99566369999999,105.83006629999998,73.80154315540534
20.99566369999999,105.83036629999998,75.08510465156058
20.99566369999999,105.83066629999998,74.52923726258511
20.99566369999999,105.83096629999997,78.18902426101604
20.99566369999999,105.83126629999997,78.0254343311737
20.99566369999999,105.83156629999996,79.45110992046817
20.99566369999999,105.83186629999996,74.67349584528546
20.99566369999999,105.83216629999995,74.57793007254064
20.99566369999999,105.83246629999995,72.82204670252639
20.99566369999999,105.83276629999995,73.4444810135143
20.99566369999999,105.83306629999994,71.9507459754752
20.99566369999999,105.83336629999994,71.9507459754752
20.99566369999999,105.83366629999993,71.9507459754752
20.99566369999999,105.83396629999993,71.4208187630717
20.99566369999999,105.83426629999992,74.23731515168221
20.99566369999999,105.83456629999992,64.38491747282183
20.99566369999999,105.83486629999992,66.06172799456971
20.99566369999999,105.83516629999991,63.62287876500537
20.99566369999999,105.83546629999991,52.251720965559045
20.99566369999999,105.8357662999999,53.373748632730035
20.99566369999999,105.8360662999999,54.18700519770114
20.99566369999999,105.8363662999999,56.78585491793835
20.99566369999999,105.83666629999989,58.65605226392776
20.99566369999999,105.83696629999989,63.08023367181043
20.99566369999999,105.83726629999988,63.76517270820261
20.99566369999999,105.83756629999988,60.7285234866131
20.99566369999999,105.83786629999987,54.31183777830775
20.99566369999999,105.83816629999987,57.3701523886546
20.99566369999999,105.83846629999987,56.065006999489285
20.99566369999999,105.83876629999986,65.78549861352775
20.99566369999999,105.83906629999986,63.98870856121964
20.99566369999999,105.83936629999985,63.23055216400297
20.99566369999999,105.83966629999985,63.240997542649296
20.99566369999999,105.83996629999984,63.83336847695607
20.99566369999999,105.84026629999984,66.22388038964807
20.99566369999999,105.84056629999984,62.786505313785796
20.99566369999999,105.84086629999983,59.8695173002383
20.99566369999999,105.84116629999983,60.66887178889229
20.99566369999999,105.84146629999982,63.2022543470444
20.99566369999999,105.84176629999982,63.095230714149324
20.99566369999999,105.84206629999981,57.12060246448871
20.99566369999999,105.84236629999981,62.00468970793858
20.99566369999999,105.8426662999998,66.25916455628794
20.99566369999999,105.8429662999998,63.11246014905424
20.99566369999999,105.8432662999998,60.62360020077928
20.99566369999999,105.8435662999998,63.389652163319056
20.99566369999999,105.84386629999979,58.273068501178216
20.99566369999999,105.84416629999978,59.755019937752735
20.99566369999999,105.84446629999978,65.81785557064269
20.99566369999999,105.84476629999978,67.58353285525288
20.99566369999999,105.84506629999977,69.60002303772151
20.99566369999999,105.84536629999977,65.53805857130557
20.99566369999999,105.84566629999976,66.32030436115889
20.99566369999999,105.84596629999976,55.69248081605589
20.99566369999999,105.84626629999975,60.30004315853289
20.99566369999999,105.84656629999975,61.71176923529384
20.99566369999999,105.84686629999975,52.630267473913264
20.99566369999999,105.84716629999974,62.995129634908224
20.99566369999999,105.84746629999974,61.55732330574769
20.99566369999999,105.84776629999973,56.858465224802956
20.99566369999999,105.84806629999973,58.4444933242452
20.99566369999999,105.84836629999973,57.21758016989263
20.99566369999999,105.84866629999972,61.93773407887248
20.99566369999999,105.84896629999972,62.2132285274846
20.99566369999999,105.84926629999971,63.57553999086322
20.99566369999999,105.84956629999971,65.25849017188541
20.99566369999999,105.8498662999997,63.52120456081657
20.99566369999999,105.8501662999997,56.021374671248765
20.99566369999999,105.8504662999997,55.894181598800856
20.99566369999999,105.85076629999969,64.63970830501499
20.99566369999999,105.85106629999969,64.39286621332003
20.99566369999999,105.85136629999968,61.4395251097844
20.99566369999999,105.85166629999968,53.997912027043185
20.99566369999999,105.85196629999967,58.1934476683888
20.99566369999999,105.85226629999967,63.359609499901524
20.99566369999999,105.85256629999967,60.5777535093691
20.99566369999999,105.85286629999966,60.835562503349564
20.99566369999999,105.85316629999966,60.83028402258843
20.99566369999999,105.85346629999965,59.279666294178654
20.99566369999999,105.85376629999965,58.66570313499716
20.99566369999999,105.85406629999964,58.87955459128044
20.99566369999999,105.85436629999964,57.80519973995624
20.99566369999999,105.85466629999964,55.672734901176725
20.99566369999999,105.85496629999963,53.860245281231556
20.99566369999999,105.85526629999963,58.57891164224007
20.99566369999999,105.85556629999962,58.340591663819225
20.99566369999999,105.85586629999962,56.1807028438494
20.99566369999999,105.85616629999961,55.018917071644196
20.99566369999999,105.85646629999961,53.26414883236892
20.99566369999999,105.8567662999996,55.885011845170865
20.99566369999999,105.8570662999996,55.99279054422584
20.99566369999999,105.8573662999996,59.473677591933566
20.99566369999999,105.8576662999996,60.538202200393854
20.99596369999999,105.8291663,64.26276425568145
20.99596369999999,105.82946629999999,71.35336408536823
20.99596369999999,105.82976629999999,73.04980758877096
20.99596369999999,105.83006629999998,75.97100124734592
20.99596369999999,105.83036629999998,73.77634211389221
20.99596369999999,105.83066629999998,75.40153923921396
20.99596369999999,105.83096629999997,78.23422680111518
20.99596369999999,105.83126629999997,76.79738181667499
20.99596369999999,105.83156629999996,80.96089967023485
20.99596369999999,105.83186629999996,74.53699539577121
20.99596369999999,105.83216629999995,75.09865103195152
20.99596369999999,105.83246629999995,74.71497657868906
20.99596369999999,105.83276629999995,72.82204670252639
20.99596369999999,105.83306629999994,72.82204670252639
20.99596369999999,105.83336629999994,73.54555844768777
20.99596369999999,105.83366629999993,73.29008508883307
20.99596369999999,105.83396629999993,72.98920289288232
20.99596369999999,105.83426629999992,73.6075797410185
20.99596369999999,105.83456629999992,63.75111615621209
20.99596369999999,105.83486629999992,65.33884397771124
20.99596369999999,105.83516629999991,57.20576572578949
20.99596369999999,105.83546629999991,53.4265126683251
20.99596369999999,105.8357662999999,53.68821891270815
20.99596369999999,105.8360662999999,54.42792517389187
20.99596369999999,105.8363662999999,57.31470848087599
20.99596369999999,105.83666629999989,69.08547097406334
20.99596369999999,105.83696629999989,61.33371619778818
20.99596369999999,105.83726629999988,56.69404632285513
20.99596369999999,105.83756629999988,62.72615928578509
20.99596369999999,105.83786629999987,61.629334110682805
20.99596369999999,105.83816629999987,66.0904985883228
20.99596369999999,105.83846629999987,59.213952141172854
20.99596369999999,105.83876629999986,64.00687596377855
20.99596369999999,105.83906629999986,61.956669565114325
20.99596369999999,105.83936629999985,62.31872624676656
20.99596369999999,105.83966629999985,63.64240041836936
20.99596369999999,105.83996629999984,61.79453200705528
20.99596369999999,105.84026629999984,59.70070077657485
20.99596369999999,105.84056629999984,61.71246946187998
20.99596369999999,105.84086629999983,59.446477801031804
20.99596369999999,105.84116629999983,62.779988257963
20.99596369999999,105.84146629999982,62.85686564160541
20.99596369999999,105.84176629999982,63.584700990447516
20.99596369999999,105.84206629999981,62.504653045356505
20.99596369999999,105.84236629999981,61.87527491615829
20.99596369999999,105.8426662999998,64.06488856420087
20.99596369999999,105.8429662999998,64.86610745657399
20.99596369999999,105.8432662999998,62.64820490295152
20.99596369999999,105.8435662999998,63.13084779323242
20.99596369999999,105.84386629999979,63.37519124722067
20.99596369999999,105.84416629999978,60.66885154977726
20.99596369999999,105.84446629999978,65.89959762569116
20.99596369999999,105.84476629999978,62.98106113550642
20.99596369999999,105.84506629999977,64.56216486025045
20.99596369999999,105.84536629999977,64.98995774132348
20.99596369999999,105.84566629999976,63.76018605429125
20.99596369999999,105.84596629999976,60.50358121439186
20.99596369999999,105.84626629999975,62.68871974666489
20.99596369999999,105.84656629999975,65.09727361230766
20.99596369999999,105.84686629999975,60.60804243416028
20.99596369999999,105.84716629999974,67.36318722844743
20.99596369999999,105.84746629999974,62.950277945809574
20.99596369999999,105.84776629999973,68.54318321580382
20.99596369999999,105.84806629999973,64.29299346575549
20.99596369999999,105.84836629999973,65.72517134665644
20.99596369999999,105.84866629999972,64.9431812260702
20.99596369999999,105.84896629999972,64.38834213443205
20.99596369999999,105.84926629999971,64.72617786004054
20.99596369999999,105.84956629999971,67.85758566690215
20.99596369999999,105.8498662999997,68.14170839325705
20.99596369999999,105.8501662999997,56.74487346035026
20.99596369999999,105.8504662999997,58.51627630903994
20.99596369999999,105.85076629999969,58.847487426990824
20.99596369999999,105.85106629999969,60.95122825963672
20.99596369999999,105.85136629999968,62.40963643253647
20.99596369999999,105.85166629999968,58.367712345206286
20.99596369999999,105.85196629999967,59.98939194130449
20.99596369999999,105.85226629999967,54.29455345513935
20.99596369999999,105.85256629999967,56.12457120827915
20.99596369999999,105.85286629999966,64.32560629025423
20.99596369999999,105.85316629999966,61.9678734238817
20.99596369999999,105.85346629999965,62.237695149194835
20.99596369999999,105.85376629999965,59.01151604987412
20.99596369999999,105.85406629999964,61.395551356605765
20.99596369999999,105.85436629999964,58.694872764924455
20.99596369999999,105.85466629999964,60.91244829679353
20.99596369999999,105.85496629999963,55.30783567163209
20.99596369999999,105.85526629999963,52.8219761713747
20.99596369999999,105.85556629999962,54.84850143474405
20.99596369999999,105.85586629999962,54.996663628967866
20.99596369999999,105.85616629999961,53.602370016390545
20.99596369999999,105.85646629999961,53.7908399126365
20.99596369999999,105.8567662999996,55.03225822864964
20.99596369999999,105.8570662999996,56.15738795499857
20.99596369999999,105.8573662999996,59.53764923786987
20.99596369999999,105.8576662999996,61.07827993733392
20.99626369999999,105.8291663,63.44364150093618
20.99626369999999,105.82946629999999,63.25710757570792
20.99626369999999,105.82976629999999,76.78948171836474
20.99626369999999,105.83006629999998,75.42032334278134
20.99626369999999,105.83036629999998,73.83767973299749
20.99626369999999,105.83066629999998,73.3001561236589
20.99626369999999,105.83096629999997,74.75697034449024
20.99626369999999,105.83126629999997,75.86362013395981
20.99626369999999,105.83156629999996,78.91850179284613
20.99626369999999,105.83186629999996,78.13196304757741
20.99626369999999,105.83216629999995,75.24448134694595
20.99626369999999,105.83246629999995,75.09865103195152
20.99626369999999,105.83276629999995,74.57793007254064
20.99626369999999,105.83306629999994,72.72477308796454
20.99626369999999,105.83336629999994,73.07398515819375
20.99626369999999,105.83366629999993,72.65698908520213
20.99626369999999,105.83396629999993,71.54264291030773
20.99626369999999,105.83426629999992,72.16101975844393
20.99626369999999,105.83456629999992,64.51165172520355
20.99626369999999,105.83486629999992,64.45847849816754
20.99626369999999,105.83516629999991,54.1695077099089
20.99626369999999,105.83546629999991,53.64514839031901
20.99626369999999,105.8357662999999,53.474661418806065
20.99626369999999,105.8360662999999,56.05440582830424
20.99626369999999,105.8363662999999,61.71622418595962
20.99626369999999,105.83666629999989,58.26122134841523
20.99626369999999,105.83696629999989,60.49341592768289
20.99626369999999,105.83726629999988,56.92826190789067
20.99626369999999,105.83756629999988,59.105024041946095
20.99626369999999,105.83786629999987,60.21600715883362
20.99626369999999,105.83816629999987,63.144917054555165
20.99626369999999,105.83846629999987,59.40639625736988
20.99626369999999,105.83876629999986,63.18436191234204
20.99626369999999,105.83906629999986,59.33452252439339
20.99626369999999,105.83936629999985,59.97778909060578
20.99626369999999,105.83966629999985,61.82952260601124
20.99626369999999,105.83996629999984,62.12174342279438
20.99626369999999,105.84026629999984,63.221742275728474
20.99626369999999,105.84056629999984,61.19139258571052
20.99626369999999,105.84086629999983,62.20246660448659
20.99626369999999,105.84116629999983,61.117382539516726
20.99626369999999,105.84146629999982,58.26913872567624
20.99626369999999,105.84176629999982,64.58490468108252
20.99626369999999,105.84206629999981,62.12671488120982
20.99626369999999,105.84236629999981,62.873791618307976
20.99626369999999,105.8426662999998,66.0906031006688
20.99626369999999,105.8429662999998,63.49233320728476
20.99626369999999,105.8432662999998,63.17339804080167
20.99626369999999,105.8435662999998,63.759751589118736
20.99626369999999,105.84386629999979,63.367920272601054
20.99626369999999,105.84416629999978,64.19961497494042
20.99626369999999,105.84446629999978,63.33680871240486
20.99626369999999,105.84476629999978,62.57236484062105
20.99626369999999,105.84506629999977,62.550025200278185
20.99626369999999,105.84536629999977,64.92993467150076
20.99626369999999,105.84566629999976,61.148146463798795
20.99626369999999,105.84596629999976,64.82528595373743
20.99626369999999,105.84626629999975,61.30400884152078
20.99626369999999,105.84656629999975,63.78367967001074
20.99626369999999,105.84686629999975,63.523194213702666
20.99626369999999,105.84716629999974,67.68681842508889
20.99626369999999,105.84746629999974,62.944141130012696
20.99626369999999,105.84776629999973,65.44938595702403
20.99626369999999,105.84806629999973,60.524260527937415
20.99626369999999,105.84836629999973,63.580772997365386
20.99626369999999,105.84866629999972,60.5481846668648
20.99626369999999,105.84896629999972,63.87967557218653
20.99626369999999,105.84926629999971,66.3873092210348
20.99626369999999,105.84956629999971,67.08267904116674
20.99626369999999,105.8498662999997,67.08267904116674
20.99626369999999,105.8501662999997,60.33575425077916
20.99626369999999,105.8504662999997,60.03217786083168
20.99626369999999,105.85076629999969,58.04506781162678
20.99626369999999,105.85106629999969,62.1746985183854
20.99626369999999,105.85136629999968,64.12940342108706
20.99626369999999,105.85166629999968,56.84753803665765
20.99626369999999,105.85196629999967,59.28497938642522
20.99626369999999,105.85226629999967,57.27389556813685
20.99626369999999,105.85256629999967,54.55284021878859
20.99626369999999,105.85286629999966,57.78409730603097
20.99626369999999,105.85316629999966,59.2566152923809
20.99626369999999,105.85346629999965,59.53069554018502
20.99626369999999,105.85376629999965,60.0166374013135
20.99626369999999,105.85406629999964,59.485026718980606
20.99626369999999,105.85436629999964,61.897455319451524
20.99626369999999,105.85466629999964,60.89963239190192
20.99626369999999,105.85496629999963,60.849084165659576
20.99626369999999,105.85526629999963,53.79202287843039
20.99626369999999,105.85556629999962,56.025744528743004
20.99626369999999,105.85586629999962,53.292725909226675
20.99626369999999,105.85616629999961,54.4665590299642
20.99626369999999,105.85646629999961,54.473198144283934
20.99626369999999,105.8567662999996,53.421751545294384
20.99626369999999,105.8570662999996,54.22303460168422
20.99626369999999,105.8573662999996,57.179812494317716
20.99626369999999,105.8576662999996,60.33700686320097
20.99656369999999,105.8291663,62.06625131842273
20.99656369999999,105.82946629999999,63.44364150093618
20.99656369999999,105.82976629999999,75.3007436790983
20.99656369999999,105.83006629999998,73.23190642981271
20.99656369999999,105.83036629999998,76.08536021308198
20.99656369999999,105.83066629999998,73.41071903134299
20.99656369999999,105.83096629999997,73.01698856452182
20.99656369999999,105.83126629999997,74.8903002533355
20.99656369999999,105.83156629999996,78.18902426101604
20.99656369999999,105.83186629999996,80.91202341987069
20.99656369999999,105.83216629999995,77.23362505457469
20.99656369999999,105.83246629999995,74.67349584528546
20.99656369999999,105.83276629999995,74.60338632896516
20.99656369999999,105.83306629999994,74.60338632896516
20.99656369999999,105.83336629999994,74.30998681692503
20.99656369999999,105.83366629999993,73.92934890494712
20.99656369999999,105.83396629999993,73.1365726161724
20.99656369999999,105.83426629999992,68.56023281141096
20.99656369999999,105.83456629999992,60.66119482651361
20.99656369999999,105.83486629999992,64.7813724321949
20.99656369999999,105.83516629999991,55.47689629119246
20.99656369999999,105.83546629999991,53.50234203313586
20.99656369999999,105.8357662999999,53.34943149252489
20.99656369999999,105.8360662999999,58.09331843475162
20.99656369999999,105.8363662999999,60.48604014715529
20.99656369999999,105.83666629999989,60.997557439808574
20.99656369999999,105.83696629999989,59.467387130544836
20.99656369999999,105.83726629999988,57.700394231778404
20.99656369999999,105.83756629999988,59.45114623062666
20.99656369999999,105.83786629999987,59.53767795978273
20.99656369999999,105.83816629999987,63.67330339406068
20.99656369999999,105.83846629999987,55.20831150230316
20.99656369999999,105.83876629999986,65.24853990652475
20.99656369999999,105.83906629999986,64.17033308870484
20.99656369999999,105.83936629999985,61.10276829554007
20.99656369999999,105.83966629999985,64.07333475883219
20.99656369999999,105.83996629999984,62.94269055668396
20.99656369999999,105.84026629999984,65.60380803084028
20.99656369999999,105.84056629999984,67.37567507824876
20.99656369999999,105.84086629999983,60.83888330484413
20.99656369999999,105.84116629999983,59.38390761485361
20.99656369999999,105.84146629999982,59.91663674195861
20.99656369999999,105.84176629999982,62.13973855537908
20.99656369999999,105.84206629999981,63.0664813834462
20.99656369999999,105.84236629999981,63.424315230949986
20.99656369999999,105.8426662999998,65.164518133024
20.99656369999999,105.8429662999998,57.815064166754
20.99656369999999,105.8432662999998,62.393403205536984
20.99656369999999,105.8435662999998,62.879650291644694
20.99656369999999,105.84386629999979,63.847531989107836
20.99656369999999,105.84416629999978,62.38101878206447
20.99656369999999,105.84446629999978,61.77927235711719
20.99656369999999,105.84476629999978,60.593615099924804
20.99656369999999,105.84506629999977,61.66039778831481
20.99656369999999,105.84536629999977,65.36595496760626
20.99656369999999,105.84566629999976,61.49514185273472
20.99656369999999,105.84596629999976,55.36792469253875
20.99656369999999,105.84626629999975,58.589258128144024
20.99656369999999,105.84656629999975,57.738475718525166
20.99656369999999,105.84686629999975,59.247276278024415
20.99656369999999,105.84716629999974,63.24022461458016
20.99656369999999,105.84746629999974,61.610955079131855
20.99656369999999,105.84776629999973,61.83197685407532
20.99656369999999,105.84806629999973,58.49160355625797
20.99656369999999,105.84836629999973,61.45589416762297
20.99656369999999,105.84866629999972,58.673727260025785
20.99656369999999,105.84896629999972,56.41761166508634
20.99656369999999,105.84926629999971,57.61770552324859
20.99656369999999,105.84956629999971,61.582264133957196
20.99656369999999,105.8498662999997,64.88652403554869
20.99656369999999,105.8501662999997,63.29714428850234
20.99656369999999,105.8504662999997,56.34160237881861
20.99656369999999,105.85076629999969,55.05758238391445
20.99656369999999,105.85106629999969,57.82705988528649
20.99656369999999,105.85136629999968,65.57594900138378
20.99656369999999,105.85166629999968,58.930535738360035
20.99656369999999,105.85196629999967,62.85122407308073
20.99656369999999,105.85226629999967,59.3303121841292
20.99656369999999,105.85256629999967,53.63764015818147
20.99656369999999,105.85286629999966,51.69390738842529
20.99656369999999,105.85316629999966,51.9661394187605
20.99656369999999,105.85346629999965,53.84179534460321
20.99656369999999,105.85376629999965,55.88672268197844
20.99656369999999,105.85406629999964,59.79654100886185
20.99656369999999,105.85436629999964,61.49005798399891
20.99656369999999,105.85466629999964,64.65111230798139
20.99656369999999,105.85496629999963,64.4160530084318
20.99656369999999,105.85526629999963,61.81184104254214
20.99656369999999,105.85556629999962,54.02238500832151
20.99656369999999,105.85586629999962,55.167046169574746
20.99656369999999,105.85616629999961,54.00595216751527
20.99656369999999,105.85646629999961,51.33673241441265
20.99656369999999,105.8567662999996,60.541181452401105
20.99656369999999,105.8570662999996,60.7175281943512
20.99656369999999,105.8573662999996,65.70245098290002
20.99656369999999,105.8576662999996,68.94875266557204
20.996863699999988,105.8291663,62.06625131842273
20.996863699999988,105.82946629999999,64.31512046533648
20.996863699999988,105.82976629999999,70.17017298532421
20.996863699999988,105.83006629999998,80.53003085866614
20.996863699999988,105.83036629999998,80.35893124186788
20.996863699999988,105.83066629999998,75.71303732159141
20.996863699999988,105.83096629999997,75.74947034790014
20.996863699999988,105.83126629999997,72.6205449058222
20.996863699999988,105.83156629999996,76.44308991826935
20.996863699999988,105.83186629999996,81.8268056089978
20.996863699999988,105.83216629999995,77.18707110665426
20.996863699999988,105.83246629999995,76.53469948494329
20.996863699999988,105.83276629999995,73.39913476898873
20.996863699999988,105.83306629999994,73.39913476898873
20.996863699999988,105.83336629999994,73.94619730247241
20.996863699999988,105.83366629999993,72.52568276101164
20.996863699999988,105.83396629999993,66.57282601894393
20.996863699999988,105.83426629999992,63.83396478283652
20.996863699999988,105.83456629999992,59.78155214964302
20.996863699999988,105.83486629999992,59.84296138107629
20.996863699999988,105.83516629999991,52.88920207606773
20.996863699999988,105.83546629999991,55.26695786116822
20.996863699999988,105.8357662999999,53.13913783740059
20.996863699999988,105.8360662999999,59.51903023936741
20.996863699999988,105.8363662999999,61.042221537225444
20.996863699999988,105.83666629999989,62.70185867682456
20.996863699999988,105.83696629999989,61.51108347223179
20.996863699999988,105.83726629999988,61.36568781483243
20.996863699999988,105.83756629999988,60.83980990285299
20.996863699999988,105.83786629999987,60.69767975944103
20.996863699999988,105.83816629999987,60.462022271531936
20.996863699999988,105.83846629999987,53.046343874100366
20.996863699999988,105.83876629999986,60.216332748412
20.996863699999988,105.83906629999986,63.330184898255325
20.996863699999988,105.83936629999985,61.61323419015828
20.996863699999988,105.83966629999985,62.93860719282465
20.996863699999988,105.83996629999984,63.44492209496356
20.996863699999988,105.84026629999984,64.39981427549284
20.996863699999988,105.84056629999984,67.15653818480845
20.996863699999988,105.84086629999983,62.59166200168167
20.996863699999988,105.84116629999983,59.4722042669093
20.996863699999988,105.84146629999982,61.174262247434314
20.996863699999988,105.84176629999982,61.435116978588354
20.996863699999988,105.84206629999981,64.56421689043562
20.996863699999988,105.84236629999981,63.17390792838687
20.996863699999988,105.8426662999998,60.58538835594369
20.996863699999988,105.8429662999998,64.33581447978112
20.996863699999988,105.8432662999998,64.50596463235068
20.996863699999988,105.8435662999998,64.61478611513613
20.996863699999988,105.84386629999979,63.66378501946954
20.996863699999988,105.84416629999978,62.13091180994094
20.996863699999988,105.84446629999978,59.56703935976857
20.996863699999988,105.84476629999978,60.48609486127593
20.996863699999988,105.84506629999977,61.74052359914184
20.996863699999988,105.84536629999977,64.2681985995128
20.996863699999988,105.84566629999976,63.29566162225325
20.996863699999988,105.84596629999976,62.114286790274804
20.996863699999988,105.84626629999975,61.90608837897311
20.996863699999988,105.84656629999975,61.10002956793558
20.996863699999988,105.84686629999975,58.615001331496785
20.996863699999988,105.84716629999974,59.56328557715932
20.996863699999988,105.84746629999974,57.923135438889204
20.996863699999988,105.84776629999973,60.52405264005007
20.996863699999988,105.84806629999973,57.763111669719535
20.996863699999988,105.84836629999973,55.90979361680584
20.996863699999988,105.84866629999972,58.71446412560505
20.996863699999988,105.84896629999972,55.66501646684958
20.996863699999988,105.84926629999971,55.86024724737666
20.996863699999988,105.84956629999971,57.05153768229792
20.996863699999988,105.8498662999997,61.75579105467632
20.996863699999988,105.8501662999997,55.540548185549426
20.996863699999988,105.8504662999997,50.85354610812044
20.996863699999988,105.85076629999969,54.16956921584817
20.996863699999988,105.85106629999969,59.58085074459974
20.996863699999988,105.85136629999968,60.98349511096562
20.996863699999988,105.85166629999968,64.24763348129603
20.996863699999988,105.85196629999967,60.31272400954637
20.996863699999988,105.85226629999967,59.4952348849305
20.996863699999988,105.85256629999967,54.815841607333354
20.996863699999988,105.85286629999966,56.68484485779881
20.996863699999988,105.85316629999966,55.774280005042996
20.996863699999988,105.85346629999965,53.91213430104527
20.996863699999988,105.85376629999965,56.240979693574744
20.996863699999988,105.85406629999964,60.30246469533947
20.996863699999988,105.85436629999964,57.644656548374485
20.996863699999988,105.85466629999964,60.01563030459485
20.996863699999988,105.85496629999963,61.25026517265053
20.996863699999988,105.85526629999963,58.49963010900662
20.996863699999988,105.85556629999962,52.4606925750841
20.996863699999988,105.85586629999962,50.46258432140213
20.996863699999988,105.85616629999961,50.525730004713836
20.996863699999988,105.85646629999961,52.26209785059782
20.996863699999988,105.8567662999996,62.755392578670296
20.996863699999988,105.8570662999996,59.280633422466636
20.996863699999988,105.8573662999996,61.9254719817079
20.996863699999988,105.8576662999996,66.75219079207419
20.997163699999987,105.8291663,61.6906341941514
20.997163699999987,105.82946629999999,63.832879718074665
20.997163699999987,105.82976629999999,75.3007436790983
20.997163699999987,105.83006629999998,80.53003085866614
20.997163699999987,105.83036629999998,73.23190642981271
20.997163699999987,105.83066629999998,75.44425600286729
20.997163699999987,105.83096629999997,73.99410926118547
20.997163699999987,105.83126629999997,76.28733735970148
20.997163699999987,105.83156629999996,79.03430250290224
20.997163699999987,105.83186629999996,76.93422714414895
20.997163699999987,105.83216629999995,78.36376958859826
20.997163699999987,105.83246629999995,76.70485589897268
20.997163699999987,105.83276629999995,75.06407842429398
20.997163699999987,105.83306629999994,77.19909190747677
20.997163699999987,105.83336629999994,69.68547982637737
20.997163699999987,105.83366629999993,64.2594728642923
20.997163699999987,105.83396629999993,63.61462778918339
20.997163699999987,105.83426629999992,64.39558563420206
20.997163699999987,105.83456629999992,63.31399001672847
20.997163699999987,105.83486629999992,61.084937521692936
20.997163699999987,105.83516629999991,54.60196021928168
20.997163699999987,105.83546629999991,54.132998923478844
20.997163699999987,105.8357662999999,54.961353430490426
20.997163699999987,105.8360662999999,60.453334741988556
20.997163699999987,105.8363662999999,61.4993877093209
20.997163699999987,105.83666629999989,60.13029813231648
20.997163699999987,105.83696629999989,58.17501599347736
20.997163699999987,105.83726629999988,59.244515923877955
20.997163699999987,105.83756629999988,59.54626621841807
20.997163699999987,105.83786629999987,59.62495888167719
20.997163699999987,105.83816629999987,59.48461101261482
20.997163699999987,105.83846629999987,61.59497051360053
20.997163699999987,105.83876629999986,56.31867967501488
20.997163699999987,105.83906629999986,64.13672482617568
20.997163699999987,105.83936629999985,66.62285525417217
20.997163699999987,105.83966629999985,63.20995168677625
20.997163699999987,105.83996629999984,63.39961825457024
20.997163699999987,105.84026629999984,63.55114705502322
20.997163699999987,105.84056629999984,59.70998386159701
20.997163699999987,105.84086629999983,59.42406545969038
20.997163699999987,105.84116629999983,59.25963783835435
20.997163699999987,105.84146629999982,58.689552345847616
20.997163699999987,105.84176629999982,55.50350424654803
20.997163699999987,105.84206629999981,60.49087475685384
20.997163699999987,105.84236629999981,62.64147321233932
20.997163699999987,105.8426662999998,58.31970754154429
20.997163699999987,105.8429662999998,60.684238141427414
20.997163699999987,105.8432662999998,61.55119945460662
20.997163699999987,105.8435662999998,61.85804171214022
20.997163699999987,105.84386629999979,60.220339260566234
20.997163699999987,105.84416629999978,60.28053593126489
20.997163699999987,105.84446629999978,60.0729944863798
20.997163699999987,105.84476629999978,61.82033298820133
20.997163699999987,105.84506629999977,62.52788946489943
20.997163699999987,105.84536629999977,55.690485609324966
20.997163699999987,105.84566629999976,56.94276788145568
20.997163699999987,105.84596629999976,63.2972400056847
20.997163699999987,105.84626629999975,56.220254996302884
20.997163699999987,105.84656629999975,57.243403161050196
20.997163699999987,105.84686629999975,56.76285403319277
20.997163699999987,105.84716629999974,53.94874119148391
20.997163699999987,105.84746629999974,56.743794708814676
20.997163699999987,105.84776629999973,54.11101276404173
20.997163699999987,105.84806629999973,53.75269446034561
20.997163699999987,105.84836629999973,53.28248500704654
20.997163699999987,105.84866629999972,53.56721368681012
20.997163699999987,105.84896629999972,52.31283444015653
20.997163699999987,105.84926629999971,52.728212113347965
20.997163699999987,105.84956629999971,59.791973130997874
20.997163699999987,105.8498662999997,65.1744951946287
20.997163699999987,105.8501662999997,61.23324565608898
20.997163699999987,105.8504662999997,56.255651125595165
20.997163699999987,105.85076629999969,50.69421342943366
20.997163699999987,105.85106629999969,58.16575187796569
20.997163699999987,105.85136629999968,58.0604714072778
20.997163699999987,105.85166629999968,61.52204509055184
20.997163699999987,105.85196629999967,63.24766358988043
20.997163699999987,105.85226629999967,59.71107161169648
20.997163699999987,105.85256629999967,57.91486547919283
20.997163699999987,105.85286629999966,60.83512592055976
20.997163699999987,105.85316629999966,58.073126892684726
20.997163699999987,105.85346629999965,55.5239765224799
20.997163699999987,105.85376629999965,55.803659501057
20.997163699999987,105.85406629999964,61.53199474933574
20.997163699999987,105.85436629999964,58.81967252947213
20.997163699999987,105.85466629999964,60.06477743635807
20.997163699999987,105.85496629999963,59.60567034523389
20.997163699999987,105.85526629999963,53.41451769265972
20.997163699999987,105.85556629999962,53.995771901563245
20.997163699999987,105.85586629999962,53.28984015156912
20.997163699999987,105.85616629999961,54.648139214565134
20.997163699999987,105.85646629999961,63.52344544929528
20.997163699999987,105.8567662999996,62.77933061487637
20.997163699999987,105.8570662999996,62.38711110690747
20.997163699999987,105.8573662999996,62.5559155008942
20.997163699999987,105.8576662999996,69.29284193762217
20.997463699999987,105.8291663,63.571906181748375
20.997463699999987,105.82946629999999,62.06625131842273
20.997463699999987,105.82976629999999,75.24264925266147
20.997463699999987,105.83006629999998,73.79686525302401
20.997463699999987,105.83036629999998,71.01316905290908
20.997463699999987,105.83066629999998,67.02924334788875
20.997463699999987,105.83096629999997,65.70738546806197
20.997463699999987,105.83126629999997,75.53910961514524
20.997463699999987,105.83156629999996,78.65461391214787
20.997463699999987,105.83186629999996,80.00020848103566
20.997463699999987,105.83216629999995,79.06971447060623
20.997463699999987,105.83246629999995,74.11963087499569
20.997463699999987,105.83276629999995,72.67003520363029
20.997463699999987,105.83306629999994,72.12078103502179
20.997463699999987,105.83336629999994,69.67531631435564
20.997463699999987,105.83366629999993,68.65998991752375
20.997463699999987,105.83396629999993,63.63041360453744
20.997463699999987,105.83426629999992,65.01273390582051
20.997463699999987,105.83456629999992,64.15072566013316
20.997463699999987,105.83486629999992,62.02347297053332
20.997463699999987,105.83516629999991,50.20262460006508
20.997463699999987,105.83546629999991,55.39720945816485
20.997463699999987,105.8357662999999,56.27765223242152
20.997463699999987,105.8360662999999,59.173608324859316
20.997463699999987,105.8363662999999,60.38734954189337
20.997463699999987,105.83666629999989,60.5823465472137
20.997463699999987,105.83696629999989,57.05648014863225
20.997463699999987,105.83726629999988,60.579379314396476
20.997463699999987,105.83756629999988,61.332841825089005
20.997463699999987,105.83786629999987,60.53180479197543
20.997463699999987,105.83816629999987,58.953628240103924
20.997463699999987,105.83846629999987,62.6608873077068
20.997463699999987,105.83876629999986,59.28178130395365
20.997463699999987,105.83906629999986,59.784867365613934
20.997463699999987,105.83936629999985,65.06711560214357
20.997463699999987,105.83966629999985,64.83719008669715
20.997463699999987,105.83996629999984,68.62722381651038
20.997463699999987,105.84026629999984,63.540586245933
20.997463699999987,105.84056629999984,60.43493162429836
20.997463699999987,105.84086629999983,56.593866283857594
20.997463699999987,105.84116629999983,58.29374682560133
20.997463699999987,105.84146629999982,54.79520929449807
20.997463699999987,105.84176629999982,53.19965340423226
20.997463699999987,105.84206629999981,56.59286457738453
20.997463699999987,105.84236629999981,59.181030792553855
20.997463699999987,105.8426662999998,60.029842377032764
20.997463699999987,105.8429662999998,64.42742814344213
20.997463699999987,105.8432662999998,62.27691979659298
20.997463699999987,105.8435662999998,63.139858431584614
20.997463699999987,105.84386629999979,60.95848869120458
20.997463699999987,105.84416629999978,63.685553883384
20.997463699999987,105.84446629999978,62.61658646728638
20.997463699999987,105.84476629999978,65.10945228016301
20.997463699999987,105.84506629999977,57.08701560014195
20.997463699999987,105.84536629999977,55.815421789586054
20.997463699999987,105.84566629999976,61.17068973603429
20.997463699999987,105.84596629999976,56.77772468648668
20.997463699999987,105.84626629999975,58.49266392466396
20.997463699999987,105.84656629999975,56.679662951244495
20.997463699999987,105.84686629999975,57.42117597833146
20.997463699999987,105.84716629999974,54.17333322026028
20.997463699999987,105.84746629999974,55.61138728015263
20.997463699999987,105.84776629999973,55.16186950063975
20.997463699999987,105.84806629999973,55.95081928604833
20.997463699999987,105.84836629999973,53.51453280723025
20.997463699999987,105.84866629999972,53.36908270555249
20.997463699999987,105.84896629999972,54.13160279748578
20.997463699999987,105.84926629999971,54.321371157497964
20.997463699999987,105.84956629999971,59.32946924965783
20.997463699999987,105.8498662999997,64.6924979749324
20.997463699999987,105.8501662999997,62.41401276282619
20.997463699999987,105.8504662999997,60.092483613018274
20.997463699999987,105.85076629999969,58.704804358926964
20.997463699999987,105.85106629999969,60.624798866651716
20.997463699999987,105.85136629999968,63.56351812958832
20.997463699999987,105.85166629999968,55.37245828142872
20.997463699999987,105.85196629999967,56.75181274481824
20.997463699999987,105.85226629999967,58.02391144452116
20.997463699999987,105.85256629999967,62.15458989160119
20.997463699999987,105.85286629999966,58.93231194601695
20.997463699999987,105.85316629999966,59.15878763937759
20.997463699999987,105.85346629999965,56.64406481149845
20.997463699999987,105.85376629999965,58.53600480084077
20.997463699999987,105.85406629999964,60.737625225388584
20.997463699999987,105.85436629999964,58.3705502078829
20.997463699999987,105.85466629999964,62.77067160355031
20.997463699999987,105.85496629999963,61.17189338305738
20.997463699999987,105.85526629999963,62.79867630069381
20.997463699999987,105.85556629999962,59.260105287953735
20.997463699999987,105.85586629999962,54.376824993891674
20.997463699999987,105.85616629999961,52.960182099714146
20.997463699999987,105.85646629999961,62.21949871175471
20.997463699999987,105.8567662999996,62.90973502071196
20.997463699999987,105.8570662999996,62.19470230882773
20.997463699999987,105.8573662999996,56.31365326261515
20.997463699999987,105.8576662999996,56.71557361273567
20.997763699999986,105.8291663,58.03930071836328
20.997763699999986,105.82946629999999,55.911265046772925
20.997763699999986,105.82976629999999,56.64779029028415
20.997763699999986,105.83006629999998,74.53793663283494
20.997763699999986,105.83036629999998,69.96487260435475
20.997763699999986,105.83066629999998,72.01896529337667
20.997763699999986,105.83096629999997,74.43248271783408
20.997763699999986,105.83126629999997,77.12044555247678
20.997763699999986,105.83156629999996,80.40302287530935
20.997763699999986,105.83186629999996,78.50097902218862
20.997763699999986,105.83216629999995,74.12060231608714
20.997763699999986,105.83246629999995,73.29632702441563
20.997763699999986,105.83276629999995,71.02174144194588
20.997763699999986,105.83306629999994,75.73155982549538
20.997763699999986,105.83336629999994,74.18667606575866
20.997763699999986,105.83366629999993,74.20446311945763
20.997763699999986,105.83396629999993,65.6338798696733
20.997763699999986,105.83426629999992,56.88910422563673
20.997763699999986,105.83456629999992,55.578516902747594
20.997763699999986,105.83486629999992,51.39918414011636
20.997763699999986,105.83516629999991,54.83865861672416
20.997763699999986,105.83546629999991,58.36457409672188
20.997763699999986,105.8357662999999,59.111424452133974
20.997763699999986,105.8360662999999,59.10935192343632
20.997763699999986,105.8363662999999,60.82971922665212
20.997763699999986,105.83666629999989,56.87447818758727
20.997763699999986,105.83696629999989,59.498479783825346
20.997763699999986,105.83726629999988,58.43538153777878
20.997763699999986,105.83756629999988,59.45596785994219
20.997763699999986,105.83786629999987,57.8025702734936
20.997763699999986,105.83816629999987,60.98508944028676
20.997763699999986,105.83846629999987,60.841845268763635
20.997763699999986,105.83876629999986,63.822957082932305
20.997763699999986,105.83906629999986,59.06112394582371
20.997763699999986,105.83936629999985,62.237662250259675
20.997763699999986,105.83966629999985,68.91584758413588
20.997763699999986,105.83996629999984,64.68045787345993
20.997763699999986,105.84026629999984,58.39567528677283
20.997763699999986,105.84056629999984,54.82267767976798
20.997763699999986,105.84086629999983,54.77095022250339
20.997763699999986,105.84116629999983,52.82238641868021
20.997763699999986,105.84146629999982,61.40011469167766
20.997763699999986,105.84176629999982,55.68013733401901
20.997763699999986,105.84206629999981,62.37926619511454
20.997763699999986,105.84236629999981,50.79020352895276
20.997763699999986,105.8426662999998,63.32375757634573
20.997763699999986,105.8429662999998,68.80048487459256
20.997763699999986,105.8432662999998,64.93298885451013
20.997763699999986,105.8435662999998,64.1481428179475
20.997763699999986,105.84386629999979,62.810980711008455
20.997763699999986,105.84416629999978,64.30055521555586
20.997763699999986,105.84446629999978,57.31928701226016
20.997763699999986,105.84476629999978,62.9134495230694
20.997763699999986,105.84506629999977,61.936591360967654
20.997763699999986,105.84536629999977,62.22906403622419
20.997763699999986,105.84566629999976,59.12559205755842
20.997763699999986,105.84596629999976,59.14964636753555
20.997763699999986,105.84626629999975,60.60894739586941
20.997763699999986,105.84656629999975,61.95000085560034
20.997763699999986,105.84686629999975,60.93092606674405
20.997763699999986,105.84716629999974,58.87499930735332
20.997763699999986,105.84746629999974,53.86110702760858
20.997763699999986,105.84776629999973,54.052125516556686
20.997763699999986,105.84806629999973,53.32686336759039
20.997763699999986,105.84836629999973,53.50761293968504
20.997763699999986,105.84866629999972,54.394298493951474
20.997763699999986,105.84896629999972,56.175177946288244
20.997763699999986,105.84926629999971,53.53837104352855
20.997763699999986,105.84956629999971,57.16200601979389
20.997763699999986,105.8498662999997,59.88965217280558
20.997763699999986,105.8501662999997,55.09033101840703
20.997763699999986,105.8504662999997,58.37134963496726
20.997763699999986,105.85076629999969,58.41333656827521
20.997763699999986,105.85106629999969,62.785870392938605
20.997763699999986,105.85136629999968,62.003349961928194
20.997763699999986,105.85166629999968,56.32568213736566
20.997763699999986,105.85196629999967,56.20893238668394
20.997763699999986,105.85226629999967,57.76823316993648
20.997763699999986,105.85256629999967,60.959265647791256
20.997763699999986,105.85286629999966,62.46309819421934
20.997763699999986,105.85316629999966,59.35286538910276
20.997763699999986,105.85346629999965,59.981837649354446
20.997763699999986,105.85376629999965,58.813938664032435
20.997763699999986,105.85406629999964,56.21790982647747
20.997763699999986,105.85436629999964,62.44085192759998
20.997763699999986,105.85466629999964,66.58323196655289
20.997763699999986,105.85496629999963,58.92830725478741
20.997763699999986,105.85526629999963,61.54325854478772
20.997763699999986,105.85556629999962,63.40423834141019
20.997763699999986,105.85586629999962,56.329239385416
20.997763699999986,105.85616629999961,55.819845118427025
20.997763699999986,105.85646629999961,54.53712882209297
20.997763699999986,105.8567662999996,56.502820099871585
20.997763699999986,105.8570662999996,55.98301450990776
20.997763699999986,105.8573662999996,55.58148189223769
20.997763699999986,105.8576662999996,57.15231334980987
20.998063699999985,105.8291663,56.617163639457374
20.998063699999985,105.82946629999999,62.70891324315588
20.998063699999985,105.82976629999999,70.65819014000513
20.998063699999985,105.83006629999998,77.35268323764087
20.998063699999985,105.83036629999998,80.73729354184661
20.998063699999985,105.83066629999998,73.91206691009603
20.998063699999985,105.83096629999997,74.00663933732866
20.998063699999985,105.83126629999997,78.22682003040545
20.998063699999985,105.83156629999996,80.67336722763172
20.998063699999985,105.83186629999996,81.39681888864833
20.998063699999985,105.83216629999995,72.96120475070977
20.998063699999985,105.83246629999995,73.29632702441563
20.998063699999985,105.83276629999995,76.15907279919966
20.998063699999985,105.83306629999994,73.52130606787347
20.998063699999985,105.83336629999994,69.2156877343098
20.998063699999985,105.83366629999993,72.42264399846036
20.998063699999985,105.83396629999993,64.07521594411656
20.998063699999985,105.83426629999992,56.23639675716292
20.998063699999985,105.83456629999992,56.17016523996773
20.998063699999985,105.83486629999992,58.10492081601849
20.998063699999985,105.83516629999991,58.75712032813122
20.998063699999985,105.83546629999991,58.442323120472466
20.998063699999985,105.8357662999999,63.836142637574724
20.998063699999985,105.8360662999999,58.03366138665331
20.998063699999985,105.8363662999999,59.45760520915697
20.998063699999985,105.83666629999989,58.33152560459213
20.998063699999985,105.83696629999989,57.6555391074543
20.998063699999985,105.83726629999988,59.959967849168066
20.998063699999985,105.83756629999988,53.00530103927788
20.998063699999985,105.83786629999987,60.326666950749186
20.998063699999985,105.83816629999987,61.20888465671325
20.998063699999985,105.83846629999987,63.84616442248942
20.998063699999985,105.83876629999986,57.550150180780776
20.998063699999985,105.83906629999986,62.17652660037584
20.998063699999985,105.83936629999985,54.39158888664848
20.998063699999985,105.83966629999985,63.467759436201604
20.998063699999985,105.83996629999984,52.10999947112823
20.998063699999985,105.84026629999984,56.157303084059166
20.998063699999985,105.84056629999984,60.842202035647674
20.998063699999985,105.84086629999983,64.21897114117758
20.998063699999985,105.84116629999983,63.17231016123138
20.998063699999985,105.84146629999982,55.89741174774625
20.998063699999985,105.84176629999982,58.297177184950385
20.998063699999985,105.84206629999981,61.71853271340909
20.998063699999985,105.84236629999981,61.82647928004734
20.998063699999985,105.8426662999998,62.601108730879645
20.998063699999985,105.8429662999998,57.86666005299611
20.998063699999985,105.8432662999998,64.27367759189572
20.998063699999985,105.8435662999998,64.59956538389635
20.998063699999985,105.84386629999979,57.72805843744975
20.998063699999985,105.84416629999978,55.447085953482116
20.998063699999985,105.84446629999978,58.63737034357233
20.998063699999985,105.84476629999978,60.85751968328883
20.998063699999985,105.84506629999977,63.35089083913857
20.998063699999985,105.84536629999977,60.00469785828166
20.998063699999985,105.84566629999976,62.16431476060619
20.998063699999985,105.84596629999976,63.61788435476714
20.998063699999985,105.84626629999975,61.371149627094724
20.998063699999985,105.84656629999975,60.779592304418685
20.998063699999985,105.84686629999975,59.78507148630635
20.998063699999985,105.84716629999974,67.40858807861851
20.998063699999985,105.84746629999974,59.821201165720495
20.998063699999985,105.84776629999973,56.699921226062074
20.998063699999985,105.84806629999973,54.096955341760705
20.998063699999985,105.84836629999973,54.39438622021132
20.998063699999985,105.84866629999972,56.93059847349012
20.998063699999985,105.84896629999972,55.52473377547854
20.998063699999985,105.84926629999971,55.46384786926865
20.998063699999985,105.84956629999971,57.53891221070664
20.998063699999985,105.8498662999997,60.34486167960621
20.998063699999985,105.8501662999997,56.3445813332127
20.998063699999985,105.8504662999997,56.459458666336616
20.998063699999985,105.85076629999969,60.333358330883925
20.998063699999985,105.85106629999969,61.3312184724479
20.998063699999985,105.85136629999968,54.55792581768478
20.998063699999985,105.85166629999968,53.874980932114056
20.998063699999985,105.85196629999967,58.489410146936876
20.998063699999985,105.85226629999967,61.14381873785733
20.998063699999985,105.85256629999967,60.79629524347172
20.998063699999985,105.85286629999966,61.930025439244105
20.998063699999985,105.85316629999966,58.38993225289697
20.998063699999985,105.85346629999965,56.65611454349042
20.998063699999985,105.85376629999965,54.64402258255341
20.998063699999985,105.85406629999964,60.57032764824086
20.998063699999985,105.85436629999964,60.53811806000961
20.998063699999985,105.85466629999964,62.92372578064169
20.998063699999985,105.85496629999963,60.56095906747912
20.998063699999985,105.85526629999963,58.73346910325354
20.998063699999985,105.85556629999962,57.066220400420875
20.998063699999985,105.85586629999962,55.88134660977461
20.998063699999985,105.85616629999961,56.146431102504536
20.998063699999985,105.85646629999961,55.51941846199881
20.998063699999985,105.8567662999996,56.094883684593896
20.998063699999985,105.8570662999996,56.36568426582538
20.998063699999985,105.8573662999996,55.58048817812079
20.998063699999985,105.8576662999996,55.82321328866911
20.998363699999985,105.8291663,64.28400122472144
20.998363699999985,105.82946629999999,65.02525013726351
20.998363699999985,105.82976629999999,71.87692187595957
20.998363699999985,105.83006629999998,80.72904811574581
20.998363699999985,105.83036629999998,74.59185916438064
20.998363699999985,105.83066629999998,74.9630587733644
20.998363699999985,105.83096629999997,75.18770316539917
20.998363699999985,105.83126629999997,78.04762771074572
20.998363699999985,105.83156629999996,78.29032030997816
20.998363699999985,105.83186629999996,72.87040472645431
20.998363699999985,105.83216629999995,74.66379889127552
20.998363699999985,105.83246629999995,73.54060639358222
20.998363699999985,105.83276629999995,76.90629546124781
20.998363699999985,105.83306629999994,74.06539399047843
20.998363699999985,105.83336629999994,75.5262548224461
20.998363699999985,105.83366629999993,74.94616019524652
20.998363699999985,105.83396629999993,63.655585054893066
20.998363699999985,105.83426629999992,57.59371271040456
20.998363699999985,105.83456629999992,56.198639186645394
20.998363699999985,105.83486629999992,60.417821442746714
20.998363699999985,105.83516629999991,63.01371133279885
20.998363699999985,105.83546629999991,62.54111235626672
20.998363699999985,105.8357662999999,60.38276300051041
20.998363699999985,105.8360662999999,61.91498558816255
20.998363699999985,105.8363662999999,57.83647638705321
20.998363699999985,105.83666629999989,60.9547042804173
20.998363699999985,105.83696629999989,60.65951886391812
20.998363699999985,105.83726629999988,62.21746592744425
20.998363699999985,105.83756629999988,60.581833650865576
20.998363699999985,105.83786629999987,57.76968922414959
20.998363699999985,105.83816629999987,53.23147089224491
20.998363699999985,105.83846629999987,67.915712975096
20.998363699999985,105.83876629999986,62.38340708544648
20.998363699999985,105.83906629999986,51.536781963315846
20.998363699999985,105.83936629999985,65.52606159051439
20.998363699999985,105.83966629999985,53.533358521536
20.998363699999985,105.83996629999984,55.99902141700862
20.998363699999985,105.84026629999984,57.66864202279724
20.998363699999985,105.84056629999984,60.95293847911232
20.998363699999985,105.84086629999983,61.000094282288245
20.998363699999985,105.84116629999983,63.51018211673279
20.998363699999985,105.84146629999982,65.75779682990084
20.998363699999985,105.84176629999982,55.42336826124031
20.998363699999985,105.84206629999981,56.45746052850937
20.998363699999985,105.84236629999981,65.95831307877081
20.998363699999985,105.8426662999998,56.92694300543229
20.998363699999985,105.8429662999998,58.22816345382415
20.998363699999985,105.8432662999998,54.5773956645243
20.998363699999985,105.8435662999998,60.201592917209155
20.998363699999985,105.84386629999979,61.24339635943224
20.998363699999985,105.84416629999978,59.21848279434944
20.998363699999985,105.84446629999978,55.382669379820555
20.998363699999985,105.84476629999978,59.93316415867038
20.998363699999985,105.84506629999977,62.09237412223652
20.998363699999985,105.84536629999977,59.91824169343842
20.998363699999985,105.84566629999976,55.753276855481076
20.998363699999985,105.84596629999976,56.02579674711117
20.998363699999985,105.84626629999975,58.409606293920916
20.998363699999985,105.84656629999975,62.48392412069667
20.998363699999985,105.84686629999975,60.29319566035407
20.998363699999985,105.84716629999974,61.675167614233914
20.998363699999985,105.84746629999974,62.557538892163706
20.998363699999985,105.84776629999973,61.20459434180482
20.998363699999985,105.84806629999973,56.607995919697274
20.998363699999985,105.84836629999973,55.51138085016375
20.998363699999985,105.84866629999972,57.462630885421234
20.998363699999985,105.84896629999972,54.269569362981784
20.998363699999985,105.84926629999971,56.83620493198373
20.998363699999985,105.84956629999971,59.28842853221927
20.998363699999985,105.8498662999997,60.12577072870846
20.998363699999985,105.8501662999997,60.81165215468927
20.998363699999985,105.8504662999997,60.393561762052244
20.998363699999985,105.85076629999969,60.38849958151869
20.998363699999985,105.85106629999969,58.14419043358923
20.998363699999985,105.85136629999968,58.140901424411084
20.998363699999985,105.85166629999968,63.9154108154237
20.998363699999985,105.85196629999967,59.75280069736387
20.998363699999985,105.85226629999967,59.57379490157244
20.998363699999985,105.85256629999967,60.13281703217457
20.998363699999985,105.85286629999966,60.22290567694262
20.998363699999985,105.85316629999966,62.19652651950976
20.998363699999985,105.85346629999965,59.48222225410066
20.998363699999985,105.85376629999965,60.72909505242404
20.998363699999985,105.85406629999964,62.28243713484696
20.998363699999985,105.85436629999964,63.319183483403094
20.998363699999985,105.85466629999964,60.9148292528925
20.998363699999985,105.85496629999963,63.73550814727223
20.998363699999985,105.85526629999963,58.96074442630774
20.998363699999985,105.85556629999962,57.72022341007964
20.998363699999985,105.85586629999962,58.026235301480526
20.998363699999985,105.85616629999961,53.666905644343835
20.998363699999985,105.85646629999961,55.8313542761839
20.998363699999985,105.8567662999996,56.36568426582538
20.998363699999985,105.8570662999996,54.48285609784238
20.998363699999985,105.8573662999996,59.37505681633287
20.998363699999985,105.8576662999996,56.88740601048974
20.998663699999984,105.8291663,64.35735749004678
20.998663699999984,105.82946629999999,63.405186621607655
20.998663699999984,105.82976629999999,74.33602643602173
20.998663699999984,105.83006629999998,79.67502662690258
20.998663699999984,105.83036629999998,75.86494572084892
20.998663699999984,105.83066629999998,69.92216438162005
20.998663699999984,105.83096629999997,72.44265414115135
20.998663699999984,105.83126629999997,77.30311237699028
20.998663699999984,105.83156629999996,73.20253003710869
20.998663699999984,105.83186629999996,73.82842067391407
20.998663699999984,105.83216629999995,73.95161268962282
20.998663699999984,105.83246629999995,71.57001210618203
20.998663699999984,105.83276629999995,65.94582553497426
20.998663699999984,105.83306629999994,66.58519674469377
20.998663699999984,105.83336629999994,73.38669303320933
20.998663699999984,105.83366629999993,63.10107260764029
20.998663699999984,105.83396629999993,59.40536916573116
20.998663699999984,105.83426629999992,54.89593365258591
20.998663699999984,105.83456629999992,60.3725913046044
20.998663699999984,105.83486629999992,60.01035243915251
20.998663699999984,105.83516629999991,57.13656857614221
20.998663699999984,105.83546629999991,60.286769481911975
20.998663699999984,105.8357662999999,59.727714518379784
20.998663699999984,105.8360662999999,57.449852654760406
20.998663699999984,105.8363662999999,60.66171238691935
20.998663699999984,105.83666629999989,59.22033594814954
20.998663699999984,105.83696629999989,55.23017051642856
20.998663699999984,105.83726629999988,61.640947768043844
20.998663699999984,105.83756629999988,59.62996564163815
20.998663699999984,105.83786629999987,60.680729481343676
20.998663699999984,105.83816629999987,66.07813831837046
20.998663699999984,105.83846629999987,70.76272218746264
20.998663699999984,105.83876629999986,63.34055889402974
20.998663699999984,105.83906629999986,64.59218708318825
20.998663699999984,105.83936629999985,65.17536480204701
20.998663699999984,105.83966629999985,64.6184183859806
20.998663699999984,105.83996629999984,54.654280148867365
20.998663699999984,105.84026629999984,75.61119103850724
20.998663699999984,105.84056629999984,68.04771685419571
20.998663699999984,105.84086629999983,65.64600381296148
20.998663699999984,105.84116629999983,55.436782478589464
20.998663699999984,105.84146629999982,56.40169433080703
20.998663699999984,105.84176629999982,61.635534545194744
20.998663699999984,105.84206629999981,58.7915159589499
20.998663699999984,105.84236629999981,60.46648754910218
20.998663699999984,105.8426662999998,59.22286434229184
20.998663699999984,105.8429662999998,59.76103158800707
20.998663699999984,105.8432662999998,64.07229386283912
20.998663699999984,105.8435662999998,60.77383362711531
20.998663699999984,105.84386629999979,58.92994487515615
20.998663699999984,105.84416629999978,59.89676586786601
20.998663699999984,105.84446629999978,58.96445544760395
20.998663699999984,105.84476629999978,58.74815129494081
20.998663699999984,105.84506629999977,61.00668477219865
20.998663699999984,105.84536629999977,56.40220760406484
20.998663699999984,105.84566629999976,60.614079790405086
20.998663699999984,105.84596629999976,60.48181622018423
20.998663699999984,105.84626629999975,64.17934704819713
20.998663699999984,105.84656629999975,60.1359937478758
20.998663699999984,105.84686629999975,58.32652057321373
20.998663699999984,105.84716629999974,62.659223114959175
20.998663699999984,105.84746629999974,60.20647040008788
20.998663699999984,105.84776629999973,68.14661325896877
20.998663699999984,105.84806629999973,58.713217396305936
20.998663699999984,105.84836629999973,59.93897207612869
20.998663699999984,105.84866629999972,58.436210395428375
20.998663699999984,105.84896629999972,56.53321240875552
20.998663699999984,105.84926629999971,59.93161494242878
20.998663699999984,105.84956629999971,54.86386899436276
20.998663699999984,105.8498662999997,58.66783587048131
20.998663699999984,105.8501662999997,55.530797157494604
20.998663699999984,105.8504662999997,60.49496353711645
20.998663699999984,105.85076629999969,58.69606674125431
20.998663699999984,105.85106629999969,59.730373936389555
20.998663699999984,105.85136629999968,60.00568472905043
20.998663699999984,105.85166629999968,59.61929625032522
20.998663699999984,105.85196629999967,59.68158424118977
20.998663699999984,105.85226629999967,61.174515680588584
20.998663699999984,105.85256629999967,58.74717951081966
20.998663699999984,105.85286629999966,58.4913075036919
20.998663699999984,105.85316629999966,56.82100773532659
20.998663699999984,105.85346629999965,59.28934756283152
20.998663699999984,105.85376629999965,60.83592943147252
20.998663699999984,105.85406629999964,60.328756640780654
20.998663699999984,105.85436629999964,61.558432941947245
20.998663699999984,105.85466629999964,61.7641006787224
20.998663699999984,105.85496629999963,60.05901515661711
20.998663699999984,105.85526629999963,59.98185403900028
20.998663699999984,105.85556629999962,59.97505434635289
20.998663699999984,105.85586629999962,60.28637052957626
20.998663699999984,105.85616629999961,57.74514341739916
20.998663699999984,105.85646629999961,56.61407057443925
20.998663699999984,105.8567662999996,54.48285609784238
20.998663699999984,105.8570662999996,57.29633125259727
20.998663699999984,105.8573662999996,59.345115327189575
20.998663699999984,105.8576662999996,61.1095712874414
20.998963699999983,105.8291663,62.79961128157038
20.998963699999983,105.82946629999999,74.22250078632537
20.998963699999983,105.82976629999999,72.05906776087059
20.998963699999983,105.83006629999998,78.9270808812864
20.998963699999983,105.83036629999998,76.35038743530657
20.998963699999983,105.83066629999998,70.28375166387487
20.998963699999983,105.83096629999997,69.67843422495324
20.998963699999983,105.83126629999997,74.01719059070375
20.998963699999983,105.83156629999996,73.26488861711053
20.998963699999983,105.83186629999996,73.70453380345482
20.998963699999983,105.83216629999995,69.4280020401103
20.998963699999983,105.83246629999995,68.14590280201332
20.998963699999983,105.83276629999995,71.89765581663009
20.998963699999983,105.83306629999994,70.51085895172461
20.998963699999983,105.83336629999994,63.60943314520833
20.998963699999983,105.83366629999993,63.50767105584809
20.998963699999983,105.83396629999993,59.58308264039749
20.998963699999983,105.83426629999992,62.07411547077798
20.998963699999983,105.83456629999992,61.38861098406997
20.998963699999983,105.83486629999992,63.66364473390476
20.998963699999983,105.83516629999991,56.731967647935164
20.998963699999983,105.83546629999991,51.831152418270676
20.998963699999983,105.8357662999999,56.24932318152055
20.998963699999983,105.8360662999999,56.67447557535725
20.998963699999983,105.8363662999999,52.63191715338604
20.998963699999983,105.83666629999989,57.61526913498574
20.998963699999983,105.83696629999989,53.88229123234636
20.998963699999983,105.83726629999988,62.5215668978454
20.998963699999983,105.83756629999988,62.03585719566506
20.998963699999983,105.83786629999987,64.23739282925658
20.998963699999983,105.83816629999987,72.88985949104631
20.998963699999983,105.83846629999987,77.12075456851933
20.998963699999983,105.83876629999986,81.07854563727102
20.998963699999983,105.83906629999986,83.97674983477442
20.998963699999983,105.83936629999985,81.85247189305095
20.998963699999983,105.83966629999985,77.22940936825377
20.998963699999983,105.83996629999984,60.410575699137766
20.998963699999983,105.84026629999984,73.85600768264842
20.998963699999983,105.84056629999984,63.39656240326978
20.998963699999983,105.84086629999983,63.4858634470276
20.998963699999983,105.84116629999983,53.528059586103026
20.998963699999983,105.84146629999982,56.06193337078328
20.998963699999983,105.84176629999982,61.598995450455504
20.998963699999983,105.84206629999981,58.46446372319993
20.998963699999983,105.84236629999981,58.471746544216245
20.998963699999983,105.8426662999998,60.86987038952944
20.998963699999983,105.8429662999998,58.78663126440232
20.998963699999983,105.8432662999998,57.99600944094176
20.998963699999983,105.8435662999998,56.4830777738389
20.998963699999983,105.84386629999979,58.98712593052822
20.998963699999983,105.84416629999978,62.301525317560106
20.998963699999983,105.84446629999978,60.68179149673952
20.998963699999983,105.84476629999978,57.70109139915711
20.998963699999983,105.84506629999977,58.73035784955428
20.998963699999983,105.84536629999977,61.972859228726875
20.998963699999983,105.84566629999976,61.64866801299091
20.998963699999983,105.84596629999976,58.31247172734854
20.998963699999983,105.84626629999975,59.20508563860567
20.998963699999983,105.84656629999975,55.41177917771142
20.998963699999983,105.84686629999975,62.53358904680577
20.998963699999983,105.84716629999974,62.18735489376111
20.998963699999983,105.84746629999974,59.951974784386394
20.998963699999983,105.84776629999973,62.70502484007582
20.998963699999983,105.84806629999973,61.00364749774518
20.998963699999983,105.84836629999973,60.25491235590067
20.998963699999983,105.84866629999972,59.15806726342072
20.998963699999983,105.84896629999972,59.32589152403419
20.998963699999983,105.84926629999971,58.753428890063105
20.998963699999983,105.84956629999971,57.690218836972605
20.998963699999983,105.8498662999997,56.55287405898997
20.998963699999983,105.8501662999997,59.1922851363738
20.998963699999983,105.8504662999997,58.836492278324414
20.998963699999983,105.85076629999969,59.24743051168879
20.998963699999983,105.85106629999969,60.40629708065356
20.998963699999983,105.85136629999968,59.35668526816538
20.998963699999983,105.85166629999968,57.693841587284965
20.998963699999983,105.85196629999967,56.01021581139615
20.998963699999983,105.85226629999967,61.89001879452813
20.998963699999983,105.85256629999967,64.42315718783506
20.998963699999983,105.85286629999966,57.96532571296012
20.998963699999983,105.85316629999966,60.251818232356214
20.998963699999983,105.85346629999965,60.553250239903846
20.998963699999983,105.85376629999965,62.331711634617406
20.998963699999983,105.85406629999964,61.0676640717672
20.998963699999983,105.85436629999964,60.44379139921921
20.998963699999983,105.85466629999964,60.26049241956889
20.998963699999983,105.85496629999963,58.91096470247177
20.998963699999983,105.85526629999963,59.59319839830421
20.998963699999983,105.85556629999962,60.95547108053351
20.998963699999983,105.85586629999962,60.79715628475908
20.998963699999983,105.85616629999961,60.89603585235149
20.998963699999983,105.85646629999961,59.9743604807671
20.998963699999983,105.8567662999996,56.997281659619304
20.998963699999983,105.8570662999996,59.19350100492811
20.998963699999983,105.8573662999996,60.411626821886244
20.998963699999983,105.8576662999996,61.84702916827244
20.999263699999982,105.8291663,72.2212251553518
20.999263699999982,105.82946629999999,75.18006530957858
20.999263699999982,105.82976629999999,79.0628159448381
20.999263699999982,105.83006629999998,78.88554555455033
20.999263699999982,105.83036629999998,75.16754777682132
20.999263699999982,105.83066629999998,70.07613653485969
20.999263699999982,105.83096629999997,70.29370982902654
20.999263699999982,105.83126629999997,68.93520897065254
20.999263699999982,105.83156629999996,70.51597687411439
20.999263699999982,105.83186629999996,69.42066501359568
20.999263699999982,105.83216629999995,74.75990330830943
20.999263699999982,105.83246629999995,73.5591899962761
20.999263699999982,105.83276629999995,73.04646256139807
20.999263699999982,105.83306629999994,65.68932889192774
20.999263699999982,105.83336629999994,69.50759602729562
20.999263699999982,105.83366629999993,61.125311780151435
20.999263699999982,105.83396629999993,59.62692932346661
20.999263699999982,105.83426629999992,59.94233835820472
20.999263699999982,105.83456629999992,65.29169065266349
20.999263699999982,105.83486629999992,65.37392796280717
20.999263699999982,105.83516629999991,55.79230168648155
20.999263699999982,105.83546629999991,55.739463571181886
20.999263699999982,105.8357662999999,55.25899979751267
20.999263699999982,105.8360662999999,59.57516834382329
20.999263699999982,105.8363662999999,59.84507551087161
20.999263699999982,105.83666629999989,59.122001035636345
20.999263699999982,105.83696629999989,57.93007106758698
20.999263699999982,105.83726629999988,61.35475852522336
20.999263699999982,105.83756629999988,65.73789891989051
20.999263699999982,105.83786629999987,78.67710100111663
20.999263699999982,105.83816629999987,68.52893799735236
20.999263699999982,105.83846629999987,68.97757501390548
20.999263699999982,105.83876629999986,79.06919519713158
20.999263699999982,105.83906629999986,89.55520198100236
20.999263699999982,105.83936629999985,76.88994796746928
20.999263699999982,105.83966629999985,74.98480588654012
20.999263699999982,105.83996629999984,72.83628276296423
20.999263699999982,105.84026629999984,72.69112411571591
20.999263699999982,105.84056629999984,73.86443778203312
20.999263699999982,105.84086629999983,72.48487271955347
20.999263699999982,105.84116629999983,59.13944489674303
20.999263699999982,105.84146629999982,69.65461475541906
20.999263699999982,105.84176629999982,63.76086079925476
20.999263699999982,105.84206629999981,70.36689830786092
20.999263699999982,105.84236629999981,57.37500705019504
20.999263699999982,105.8426662999998,56.51918869888205
20.999263699999982,105.8429662999998,57.153450705609075
20.999263699999982,105.8432662999998,59.44868898490415
20.999263699999982,105.8435662999998,63.63146629012603
20.999263699999982,105.84386629999979,60.20173717818065
20.999263699999982,105.84416629999978,61.7335603953734
20.999263699999982,105.84446629999978,59.02300710670788
20.999263699999982,105.84476629999978,61.55345738720747
20.999263699999982,105.84506629999977,59.80147273656246
20.999263699999982,105.84536629999977,64.04291929718033
20.999263699999982,105.84566629999976,60.462189004373016
20.999263699999982,105.84596629999976,58.61115437101367
20.999263699999982,105.84626629999975,58.7669013949929
20.999263699999982,105.84656629999975,55.10747078928328
20.999263699999982,105.84686629999975,66.76008388734576
20.999263699999982,105.84716629999974,66.98438256441717
20.999263699999982,105.84746629999974,60.244009761667755
20.999263699999982,105.84776629999973,57.880571006559094
20.999263699999982,105.84806629999973,60.207560342973906
20.999263699999982,105.84836629999973,58.73694538974652
20.999263699999982,105.84866629999972,59.49069303611847
20.999263699999982,105.84896629999972,59.921233710200895
20.999263699999982,105.84926629999971,58.34301424397533
20.999263699999982,105.84956629999971,58.240332561286095
20.999263699999982,105.8498662999997,58.12468150118461
20.999263699999982,105.8501662999997,59.4140742495197
20.999263699999982,105.8504662999997,64.41158242591165
20.999263699999982,105.85076629999969,61.0907257761595
20.999263699999982,105.85106629999969,54.18462322446972
20.999263699999982,105.85136629999968,55.35593876961023
20.999263699999982,105.85166629999968,53.834835941832885
20.999263699999982,105.85196629999967,55.92509840199273
20.999263699999982,105.85226629999967,66.34917614075745
20.999263699999982,105.85256629999967,60.184880808510215
20.999263699999982,105.85286629999966,60.352403387482084
20.999263699999982,105.85316629999966,58.40443749172371
20.999263699999982,105.85346629999965,60.2914050942595
20.999263699999982,105.85376629999965,63.88265873041837
20.999263699999982,105.85406629999964,61.43262426096139
20.999263699999982,105.85436629999964,61.42125446197538
20.999263699999982,105.85466629999964,61.99877597996253
20.999263699999982,105.85496629999963,60.453134496286395
20.999263699999982,105.85526629999963,60.64091810124681
20.999263699999982,105.85556629999962,58.22724902149287
20.999263699999982,105.85586629999962,60.800339327748844
20.999263699999982,105.85616629999961,64.26145026078171
20.999263699999982,105.85646629999961,61.00222962343241
20.999263699999982,105.8567662999996,61.36563194676543
20.999263699999982,105.8570662999996,61.81021156308624
20.999263699999982,105.8573662999996,60.17185567686826
20.999263699999982,105.8576662999996,60.33770562836774
20.99956369999998,105.8291663,73.88935209675357
20.99956369999998,105.82946629999999,74.36292037062954
20.99956369999998,105.82976629999999,73.73278116394945
20.99956369999998,105.83006629999998,72.97062766636282
20.99956369999998,105.83036629999998,75.09581720957007
20.99956369999998,105.83066629999998,75.53007476339985
20.99956369999998,105.83096629999997,77.99427213915098
20.99956369999998,105.83126629999997,73.64980844336172
20.99956369999998,105.83156629999996,72.35239887453473
20.99956369999998,105.83186629999996,76.0871035440354
20.99956369999998,105.83216629999995,71.07984327600947
20.99956369999998,105.83246629999995,68.67900322768664
20.99956369999998,105.83276629999995,69.32393958979792
20.99956369999998,105.83306629999994,67.05745482591529
20.99956369999998,105.83336629999994,70.28506007912145
20.99956369999998,105.83366629999993,64.68855785752254
20.99956369999998,105.83396629999993,58.466480285633054
20.99956369999998,105.83426629999992,58.44804426911678
20.99956369999998,105.83456629999992,60.341522941176464
20.99956369999998,105.83486629999992,64.700157722513
20.99956369999998,105.83516629999991,61.14735810393101
20.99956369999998,105.83546629999991,59.52402634792419
20.99956369999998,105.8357662999999,57.7606288473083
20.99956369999998,105.8360662999999,58.46736541786329
20.99956369999998,105.8363662999999,59.32917043286578
20.99956369999998,105.83666629999989,57.29780925498517
20.99956369999998,105.83696629999989,64.79565419067244
20.99956369999998,105.83726629999988,64.13537168092945
20.99956369999998,105.83756629999988,74.96975439343318
20.99956369999998,105.83786629999987,74.78626670114271
20.99956369999998,105.83816629999987,66.9429907910689
20.99956369999998,105.83846629999987,65.21963477563204
20.99956369999998,105.83876629999986,68.59386979841007
20.99956369999998,105.83906629999986,69.53757113774998
20.99956369999998,105.83936629999985,67.16524941186412
20.99956369999998,105.83966629999985,69.48973631946089
20.99956369999998,105.83996629999984,69.04498660440477
20.99956369999998,105.84026629999984,71.23164263863495
20.99956369999998,105.84056629999984,70.54621544578652
20.99956369999998,105.84086629999983,66.60618286198358
20.99956369999998,105.84116629999983,64.52975573769854
20.99956369999998,105.84146629999982,72.42496431478614
20.99956369999998,105.84176629999982,60.97662372048174
20.99956369999998,105.84206629999981,64.89464940225034
20.99956369999998,105.84236629999981,59.18679501883352
20.99956369999998,105.8426662999998,57.7678708002874
20.99956369999998,105.8429662999998,59.49667150842514
20.99956369999998,105.8432662999998,58.70252705653979
20.99956369999998,105.8435662999998,73.17631540405273
20.99956369999998,105.84386629999979,65.9314311100887
20.99956369999998,105.84416629999978,58.19515900606922
20.99956369999998,105.84446629999978,60.32293326528064
20.99956369999998,105.84476629999978,61.37171383511392
20.99956369999998,105.84506629999977,62.147404315454224
20.99956369999998,105.84536629999977,67.31199084980838
20.99956369999998,105.84566629999976,55.268301026866425
20.99956369999998,105.84596629999976,59.88871851662324
20.99956369999998,105.84626629999975,61.766006908006574
20.99956369999998,105.84656629999975,63.42887081735074
20.99956369999998,105.84686629999975,66.98426315130612
20.99956369999998,105.84716629999974,61.34562295322071
20.99956369999998,105.84746629999974,64.3856001810185
20.99956369999998,105.84776629999973,59.324068123745576
20.99956369999998,105.84806629999973,61.017299956293925
20.99956369999998,105.84836629999973,57.27522494384641
20.99956369999998,105.84866629999972,61.75792533433929
20.99956369999998,105.84896629999972,64.2920596193423
20.99956369999998,105.84926629999971,65.49515636082894
20.99956369999998,105.84956629999971,56.57423155388523
20.99956369999998,105.8498662999997,60.17358739114803
20.99956369999998,105.8501662999997,58.111529950171146
20.99956369999998,105.8504662999997,64.64054280002006
20.99956369999998,105.85076629999969,60.783020528599835
20.99956369999998,105.85106629999969,62.65493162228735
20.99956369999998,105.85136629999968,59.11469586887192
20.99956369999998,105.85166629999968,58.219103396231105
20.99956369999998,105.85196629999967,57.2347293080779
20.99956369999998,105.85226629999967,58.828720570050265
20.99956369999998,105.85256629999967,63.95131444077546
20.99956369999998,105.85286629999966,60.45604982695899
20.99956369999998,105.85316629999966,60.849166739536045
20.99956369999998,105.85346629999965,58.924348372284356
20.99956369999998,105.85376629999965,57.72975848707473
20.99956369999998,105.85406629999964,57.834987914653965
20.99956369999998,105.85436629999964,57.17583210646845
20.99956369999998,105.85466629999964,52.342767923707854
20.99956369999998,105.85496629999963,54.706844097015306
20.99956369999998,105.85526629999963,56.54072844467562
20.99956369999998,105.85556629999962,58.61261933445422
20.99956369999998,105.85586629999962,60.48861090486285
20.99956369999998,105.85616629999961,64.60117234426289
20.99956369999998,105.85646629999961,64.09808925577485
20.99956369999998,105.8567662999996,62.25285156209877
20.99956369999998,105.8570662999996,59.652369145073976
20.99956369999998,105.8573662999996,59.86876486867135
20.99956369999998,105.8576662999996,57.93425794567075
20.99986369999998,105.8291663,64.98696518469198
20.99986369999998,105.82946629999999,72.7405392482911
20.99986369999998,105.82976629999999,76.73049385624186
20.99986369999998,105.83006629999998,78.70772066250912
20.99986369999998,105.83036629999998,80.19913430163476
20.99986369999998,105.83066629999998,80.17647432585972
20.99986369999998,105.83096629999997,72.34399210220138
20.99986369999998,105.83126629999997,76.51815298543008
20.99986369999998,105.83156629999996,71.98928823188024
20.99986369999998,105.83186629999996,73.62847019000226
20.99986369999998,105.83216629999995,72.52735147081636
20.99986369999998,105.83246629999995,70.13938153276742
20.99986369999998,105.83276629999995,71.89614140252479
20.99986369999998,105.83306629999994,69.16658273235176
20.99986369999998,105.83336629999994,60.17696935223677
20.99986369999998,105.83366629999993,61.250104248011766
20.99986369999998,105.83396629999993,58.25529865284227
20.99986369999998,105.83426629999992,62.08107027468952
20.99986369999998,105.83456629999992,62.49982583909335
20.99986369999998,105.83486629999992,56.14756932483142
20.99986369999998,105.83516629999991,60.22124583437791
20.99986369999998,105.83546629999991,60.01028902907174
20.99986369999998,105.8357662999999,59.26650429684986
20.99986369999998,105.8360662999999,56.07169826662614
20.99986369999998,105.8363662999999,56.19836158587273
20.99986369999998,105.83666629999989,58.71110824617678
20.99986369999998,105.83696629999989,71.85718881003109
20.99986369999998,105.83726629999988,62.718112576350364
20.99986369999998,105.83756629999988,67.7733188985434
20.99986369999998,105.83786629999987,70.02952259567112
20.99986369999998,105.83816629999987,67.73634421733995
20.99986369999998,105.83846629999987,64.9059632461152
20.99986369999998,105.83876629999986,67.5108781015692
20.99986369999998,105.83906629999986,62.701943941508475
20.99986369999998,105.83936629999985,62.894104838263814
20.99986369999998,105.83966629999985,61.94584196977925
20.99986369999998,105.83996629999984,65.62556417848641
20.99986369999998,105.84026629999984,60.61552459115251
20.99986369999998,105.84056629999984,69.08631542873621
20.99986369999998,105.84086629999983,65.70187693371828
20.99986369999998,105.84116629999983,72.04428125047232
20.99986369999998,105.84146629999982,72.6711965131758
20.99986369999998,105.84176629999982,59.6550156087668
20.99986369999998,105.84206629999981,58.91385801743178
20.99986369999998,105.84236629999981,61.37668802308592
20.99986369999998,105.8426662999998,58.856104567409474
20.99986369999998,105.8429662999998,61.24157537623927
20.99986369999998,105.8432662999998,70.21996001785412
20.99986369999998,105.8435662999998,64.70760958926283
20.99986369999998,105.84386629999979,57.89057636625752
20.99986369999998,105.84416629999978,59.627147010224206
20.99986369999998,105.84446629999978,56.636114133946776
20.99986369999998,105.84476629999978,61.889215938230976
20.99986369999998,105.84506629999977,63.9314007672488
20.99986369999998,105.84536629999977,64.99890314402512
20.99986369999998,105.84566629999976,61.17035474682402
20.99986369999998,105.84596629999976,60.01598266922487
20.99986369999998,105.84626629999975,59.924946184238365
20.99986369999998,105.84656629999975,63.20660681783575
20.99986369999998,105.84686629999975,66.25460758015237
20.99986369999998,105.84716629999974,67.77102447453832
20.99986369999998,105.84746629999974,66.06383040148623
20.99986369999998,105.84776629999973,59.85672162750437
20.99986369999998,105.84806629999973,60.79592829528704
20.99986369999998,105.84836629999973,60.9406463704745
20.99986369999998,105.84866629999972,58.7716314866897
20.99986369999998,105.84896629999972,62.31753686955193
20.99986369999998,105.84926629999971,60.41709940787011
20.99986369999998,105.84956629999971,55.85534334108236
20.99986369999998,105.8498662999997,56.67860558716974
20.99986369999998,105.8501662999997,59.85630898955266
20.99986369999998,105.8504662999997,62.170956958934866
20.99986369999998,105.85076629999969,61.110254619140804
20.99986369999998,105.85106629999969,59.40033212591162
20.99986369999998,105.85136629999968,59.4384958986886
20.99986369999998,105.85166629999968,55.88438469563796
20.99986369999998,105.85196629999967,58.795415607455254
20.99986369999998,105.85226629999967,60.61668023245571
20.99986369999998,105.85256629999967,56.234956058241636
20.99986369999998,105.85286629999966,61.23741345574723
20.99986369999998,105.85316629999966,59.94850109055069
20.99986369999998,105.85346629999965,59.71186050121031
20.99986369999998,105.85376629999965,58.25953942018802
20.99986369999998,105.85406629999964,59.10686973526583
20.99986369999998,105.85436629999964,57.83644626367692
20.99986369999998,105.85466629999964,54.15032961429655
20.99986369999998,105.85496629999963,55.06973023298901
20.99986369999998,105.85526629999963,58.55941525708893
20.99986369999998,105.85556629999962,61.79265625650579
20.99986369999998,105.85586629999962,59.017438756911474
20.99986369999998,105.85616629999961,62.963827868819706
20.99986369999998,105.85646629999961,62.191466638250006
20.99986369999998,105.8567662999996,62.63121985261081
20.99986369999998,105.8570662999996,60.78001294525899
20.99986369999998,105.8573662999996,58.5721180096439
20.99986369999998,105.8576662999996,56.70959418817064
21.00016369999998,105.8291663,79.6727375203097
21.00016369999998,105.82946629999999,79.34028602691276
21.00016369999998,105.82976629999999,82.8923096907594
21.00016369999998,105.83006629999998,83.47813516787275
21.00016369999998,105.83036629999998,74.31864711041632
21.00016369999998,105.83066629999998,76.30373675649362
21.00016369999998,105.83096629999997,74.59796411446465
21.00016369999998,105.83126629999997,73.39118321905467
21.00016369999998,105.83156629999996,72.17652174041218
21.00016369999998,105.83186629999996,72.8525015730036
21.00016369999998,105.83216629999995,66.34548115126019
21.00016369999998,105.83246629999995,71.40886999472528
21.00016369999998,105.83276629999995,65.54502019395639
21.00016369999998,105.83306629999994,68.56810317978021
21.00016369999998,105.83336629999994,57.084449444666205
21.00016369999998,105.83366629999993,61.40943803111037
21.00016369999998,105.83396629999993,60.611974314847956
21.00016369999998,105.83426629999992,59.725520517397456
21.00016369999998,105.83456629999992,57.94721900704715
21.00016369999998,105.83486629999992,62.3877416481005
21.00016369999998,105.83516629999991,58.72072744981567
21.00016369999998,105.83546629999991,59.014948406702516
21.00016369999998,105.8357662999999,56.70002159826025
21.00016369999998,105.8360662999999,57.12029600886842
21.00016369999998,105.8363662999999,61.20449127405708
21.00016369999998,105.83666629999989,62.68664321764956
21.00016369999998,105.83696629999989,73.10145589522622
21.00016369999998,105.83726629999988,71.61167439619764
21.00016369999998,105.83756629999988,63.97083476859403
21.00016369999998,105.83786629999987,66.34278365917818
21.00016369999998,105.83816629999987,64.36536544585377
21.00016369999998,105.83846629999987,63.4694124068062
21.00016369999998,105.83876629999986,62.07102633173274
21.00016369999998,105.83906629999986,62.24665663664881
21.00016369999998,105.83936629999985,60.29678253394361
21.00016369999998,105.83966629999985,60.1888080038007
21.00016369999998,105.83996629999984,63.10831898901638
21.00016369999998,105.84026629999984,72.61357125203328
21.00016369999998,105.84056629999984,69.56621074746687
21.00016369999998,105.84086629999983,65.44663164236167
21.00016369999998,105.84116629999983,68.13518118929566
21.00016369999998,105.84146629999982,72.22252963665494
21.00016369999998,105.84176629999982,69.61814856125972
21.00016369999998,105.84206629999981,65.11445943248195
21.00016369999998,105.84236629999981,59.986310580951155
21.00016369999998,105.8426662999998,55.84961789730896
21.00016369999998,105.8429662999998,59.589344211326136
21.00016369999998,105.8432662999998,64.20337695204884
21.00016369999998,105.8435662999998,64.02249019738439
21.00016369999998,105.84386629999979,57.49031782058863
21.00016369999998,105.84416629999978,54.127671354982915
21.00016369999998,105.84446629999978,60.64329655592344
21.00016369999998,105.84476629999978,65.3207984229603
21.00016369999998,105.84506629999977,67.05949727970973
21.00016369999998,105.84536629999977,65.8820712089816
21.00016369999998,105.84566629999976,60.45228729238764
21.00016369999998,105.84596629999976,62.1066601175403
21.00016369999998,105.84626629999975,60.12837958430397
21.00016369999998,105.84656629999975,64.52641466585281
21.00016369999998,105.84686629999975,65.93229303819176
21.00016369999998,105.84716629999974,63.70703810062689
21.00016369999998,105.84746629999974,63.65308476442172
21.00016369999998,105.84776629999973,59.8060270502686
21.00016369999998,105.84806629999973,65.87808719373223
21.00016369999998,105.84836629999973,61.11756176427103
21.00016369999998,105.84866629999972,68.22605819491658
21.00016369999998,105.84896629999972,59.02552312313972
21.00016369999998,105.84926629999971,59.81309558768302
21.00016369999998,105.84956629999971,58.64876732732074
21.00016369999998,105.8498662999997,56.7586521662212
21.00016369999998,105.8501662999997,61.57278086298163
21.00016369999998,105.8504662999997,63.65106208069378
21.00016369999998,105.85076629999969,61.656041027672615
21.00016369999998,105.85106629999969,57.71355539402404
21.00016369999998,105.85136629999968,58.94165003618552
21.00016369999998,105.85166629999968,55.00709925623208
21.00016369999998,105.85196629999967,58.820040717568034
21.00016369999998,105.85226629999967,54.69381587204577
21.00016369999998,105.85256629999967,55.41786568193125
21.00016369999998,105.85286629999966,56.11539742459385
21.00016369999998,105.85316629999966,64.39579335924839
21.00016369999998,105.85346629999965,59.03096322375502
21.00016369999998,105.85376629999965,61.87794428912498
21.00016369999998,105.85406629999964,63.9701271247863
21.00016369999998,105.85436629999964,59.75882328785127
21.00016369999998,105.85466629999964,59.791613539460485
21.00016369999998,105.85496629999963,58.0258889410281
21.00016369999998,105.85526629999963,58.50069996887794
21.00016369999998,105.85556629999962,61.659255554588015
21.00016369999998,105.85586629999962,65.5899373673098
21.00016369999998,105.85616629999961,60.95903303595888
21.00016369999998,105.85646629999961,62.68658439541025
21.00016369999998,105.8567662999996,59.958269666588194
21.00016369999998,105.8570662999996,58.590514422799004
21.00016369999998,105.8573662999996,55.473637419253336
21.00016369999998,105.8576662999996,55.53889636465554
21.00046369999998,105.8291663,83.25171244005914
21.00046369999998,105.82946629999999,76.25852377437015
21.00046369999998,105.82976629999999,75.67390215489488
21.00046369999998,105.83006629999998,69.32364267690598
21.00046369999998,105.83036629999998,70.8825653774884
21.00046369999998,105.83066629999998,75.91191830614063
21.00046369999998,105.83096629999997,76.11635056967862
21.00046369999998,105.83126629999997,74.32340225096306
21.00046369999998,105.83156629999996,74.88776112562216
21.00046369999998,105.83186629999996,67.0830885603747
21.00046369999998,105.83216629999995,69.19892513772658
21.00046369999998,105.83246629999995,70.45716593674598
21.00046369999998,105.83276629999995,59.77969457915508
21.00046369999998,105.83306629999994,61.38063911988837
21.00046369999998,105.83336629999994,56.74121621663022
21.00046369999998,105.83366629999993,61.85698252234674
21.00046369999998,105.83396629999993,64.02535807629222
21.00046369999998,105.83426629999992,63.16827201737756
21.00046369999998,105.83456629999992,61.69549995303751
21.00046369999998,105.83486629999992,61.451518923236065
21.00046369999998,105.83516629999991,72.79862461117273
21.00046369999998,105.83546629999991,59.34426031900564
21.00046369999998,105.8357662999999,61.99979267214589
21.00046369999998,105.8360662999999,61.01369268023467
21.00046369999998,105.8363662999999,61.714811838104495
21.00046369999998,105.83666629999989,67.06415414935084
21.00046369999998,105.83696629999989,69.86559207037864
21.00046369999998,105.83726629999988,66.51527869021827
21.00046369999998,105.83756629999988,68.8363986532732
21.00046369999998,105.83786629999987,68.34078256362429
21.00046369999998,105.83816629999987,65.2053269666447
21.00046369999998,105.83846629999987,65.45207713605846
21.00046369999998,105.83876629999986,60.666502923547114
21.00046369999998,105.83906629999986,63.44452349382877
21.00046369999998,105.83936629999985,66.76876964972641
21.00046369999998,105.83966629999985,62.247995118750694
21.00046369999998,105.83996629999984,64.02790764305082
21.00046369999998,105.84026629999984,59.377405651472856
21.00046369999998,105.84056629999984,67.84828390676401
21.00046369999998,105.84086629999983,72.93062674855588
21.00046369999998,105.84116629999983,69.80149261825989
21.00046369999998,105.84146629999982,72.19450179030302
21.00046369999998,105.84176629999982,73.24460667770946
21.00046369999998,105.84206629999981,70.16128835481403
21.00046369999998,105.84236629999981,68.85412662919786
21.00046369999998,105.8426662999998,65.79264658695605
21.00046369999998,105.8429662999998,58.10637128063571
21.00046369999998,105.8432662999998,58.93625614018325
21.00046369999998,105.8435662999998,56.08382754649962
21.00046369999998,105.84386629999979,54.27798906088834
21.00046369999998,105.84416629999978,53.13779144903454
21.00046369999998,105.84446629999978,61.715588428929806
21.00046369999998,105.84476629999978,64.53207842823741
21.00046369999998,105.84506629999977,61.85991381228001
21.00046369999998,105.84536629999977,63.810778936971246
21.00046369999998,105.84566629999976,62.12898612407409
21.00046369999998,105.84596629999976,62.10667252674631
21.00046369999998,105.84626629999975,65.0497112718046
21.00046369999998,105.84656629999975,68.22160334757328
21.00046369999998,105.84686629999975,67.23361928431041
21.00046369999998,105.84716629999974,60.23910744276732
21.00046369999998,105.84746629999974,57.69973881586607
21.00046369999998,105.84776629999973,59.76910851393747
21.00046369999998,105.84806629999973,62.049590018401005
21.00046369999998,105.84836629999973,59.7817092688278
21.00046369999998,105.84866629999972,61.733134115864516
21.00046369999998,105.84896629999972,63.37342086408779
21.00046369999998,105.84926629999971,59.03161993382783
21.00046369999998,105.84956629999971,57.12306093152543
21.00046369999998,105.8498662999997,57.64752496290674
21.00046369999998,105.8501662999997,62.632662090244295
21.00046369999998,105.8504662999997,57.966362456046014
21.00046369999998,105.85076629999969,61.835021234248146
21.00046369999998,105.85106629999969,62.509361229165805
21.00046369999998,105.85136629999968,60.172817190279545
21.00046369999998,105.85166629999968,60.96006739157498
21.00046369999998,105.85196629999967,56.470137210935675
21.00046369999998,105.85226629999967,55.33377227839905
21.00046369999998,105.85256629999967,58.599446791591504
21.00046369999998,105.85286629999966,62.407975006339655
21.00046369999998,105.85316629999966,58.05716985813744
21.00046369999998,105.85346629999965,64.84441835927603
21.00046369999998,105.85376629999965,64.19764137379742
21.00046369999998,105.85406629999964,63.22211620829009
21.00046369999998,105.85436629999964,59.715005781910776
21.00046369999998,105.85466629999964,57.761059909138325
21.00046369999998,105.85496629999963,62.71053626910384
21.00046369999998,105.85526629999963,59.66187389900132
21.00046369999998,105.85556629999962,61.04654650259019
21.00046369999998,105.85586629999962,57.27100183005746
21.00046369999998,105.85616629999961,60.55378459654615
21.00046369999998,105.85646629999961,58.00856376683478
21.00046369999998,105.8567662999996,60.21968375505577
21.00046369999998,105.8570662999996,55.899839652173256
21.00046369999998,105.8573662999996,56.67878025204291
21.00046369999998,105.8576662999996,55.53889636465554
21.00076369999998,105.8291663,71.85285441632394
21.00076369999998,105.82946629999999,74.35603831995584
21.00076369999998,105.82976629999999,78.5483581673567
21.00076369999998,105.83006629999998,76.0031456111201
21.00076369999998,105.83036629999998,72.58194373218234
21.00076369999998,105.83066629999998,69.61872268819243
21.00076369999998,105.83096629999997,68.7333398793467
21.00076369999998,105.83126629999997,74.43303367341771
21.00076369999998,105.83156629999996,70.08005194433689
21.00076369999998,105.83186629999996,71.03526467758067
21.00076369999998,105.83216629999995,67.67001868623774
21.00076369999998,105.83246629999995,69.63998662792953
21.00076369999998,105.83276629999995,68.37741423699663
21.00076369999998,105.83306629999994,62.40284234595876
21.00076369999998,105.83336629999994,64.96943541816847
21.00076369999998,105.83366629999993,58.11129054883574
21.00076369999998,105.83396629999993,59.995301266841054
21.00076369999998,105.83426629999992,63.36049299528693
21.00076369999998,105.83456629999992,64.44684540507413
21.00076369999998,105.83486629999992,64.49772074692405
21.00076369999998,105.83516629999991,61.90248984547681
21.00076369999998,105.83546629999991,63.24180824743965
21.00076369999998,105.8357662999999,59.9005814990641
21.00076369999998,105.8360662999999,64.38452850162341
21.00076369999998,105.8363662999999,62.96614286432421
21.00076369999998,105.83666629999989,64.17713733975998
21.00076369999998,105.83696629999989,63.0154074223166
21.00076369999998,105.83726629999988,62.697234088564414
21.00076369999998,105.83756629999988,67.98690506859768
21.00076369999998,105.83786629999987,72.02508967111565
21.00076369999998,105.83816629999987,65.31520196309143
21.00076369999998,105.83846629999987,61.999842039545314
21.00076369999998,105.83876629999986,62.23692111692351
21.00076369999998,105.83906629999986,58.92631518056608
21.00076369999998,105.83936629999985,58.34861620128886
21.00076369999998,105.83966629999985,58.4422031922109
21.00076369999998,105.83996629999984,60.70441806328698
21.00076369999998,105.84026629999984,58.43615959804676
21.00076369999998,105.84056629999984,62.12135876395703
21.00076369999998,105.84086629999983,71.37935709559373
21.00076369999998,105.84116629999983,67.61312314764989
21.00076369999998,105.84146629999982,68.90963153917534
21.00076369999998,105.84176629999982,67.24985314735198
21.00076369999998,105.84206629999981,72.00761184734665
21.00076369999998,105.84236629999981,66.6613005339524
21.00076369999998,105.8426662999998,73.18911520058317
21.00076369999998,105.8429662999998,61.756191554821484
21.00076369999998,105.8432662999998,59.81556155593654
21.00076369999998,105.8435662999998,54.460095269468056
21.00076369999998,105.84386629999979,54.47177862062908
21.00076369999998,105.84416629999978,62.22258272627393
21.00076369999998,105.84446629999978,67.20161769162269
21.00076369999998,105.84476629999978,67.98383048688993
21.00076369999998,105.84506629999977,62.293028639908385
21.00076369999998,105.84536629999977,65.51602751752891
21.00076369999998,105.84566629999976,63.21334887594341
21.00076369999998,105.84596629999976,64.46436310348638
21.00076369999998,105.84626629999975,67.36798211568464
21.00076369999998,105.84656629999975,67.93891113380253
21.00076369999998,105.84686629999975,60.79082310634911
21.00076369999998,105.84716629999974,67.02034684012823
21.00076369999998,105.84746629999974,72.31582063145524
21.00076369999998,105.84776629999973,58.95264602631032
21.00076369999998,105.84806629999973,59.53601608679767
21.00076369999998,105.84836629999973,56.22666467015003
21.00076369999998,105.84866629999972,62.81465599712915
21.00076369999998,105.84896629999972,59.01731192680606
21.00076369999998,105.84926629999971,58.98281871627397
21.00076369999998,105.84956629999971,58.16195451809482
21.00076369999998,105.8498662999997,61.18273797513767
21.00076369999998,105.8501662999997,58.10494626370112
21.00076369999998,105.8504662999997,56.23824753613421
21.00076369999998,105.85076629999969,59.23326685114117
21.00076369999998,105.85106629999969,59.622280303219
21.00076369999998,105.85136629999968,61.66802347367451
21.00076369999998,105.85166629999968,60.16971065701827
21.00076369999998,105.85196629999967,56.110105819647146
21.00076369999998,105.85226629999967,57.04847936888487
21.00076369999998,105.85256629999967,63.89388636250176
21.00076369999998,105.85286629999966,61.99141227001883
21.00076369999998,105.85316629999966,62.6851035846815
21.00076369999998,105.85346629999965,62.53133069372255
21.00076369999998,105.85376629999965,63.16701043810875
21.00076369999998,105.85406629999964,63.24979868970709
21.00076369999998,105.85436629999964,61.5887032366919
21.00076369999998,105.85466629999964,57.07096765723139
21.00076369999998,105.85496629999963,60.75723410562455
21.00076369999998,105.85526629999963,59.611300401628924
21.00076369999998,105.85556629999962,56.235681686453574
21.00076369999998,105.85586629999962,54.7088318604231
21.00076369999998,105.85616629999961,55.60704494624812
21.00076369999998,105.85646629999961,57.679442834296026
21.00076369999998,105.8567662999996,55.64419475237666
21.00076369999998,105.8570662999996,57.31894351412848
21.00076369999998,105.8573662999996,56.586296370650345
21.00076369999998,105.8576662999996,55.29769115778245
21.00106369999998,105.8291663,74.6199449045001
21.00106369999998,105.82946629999999,75.42664599036398
21.00106369999998,105.82976629999999,72.51593782508682
21.00106369999998,105.83006629999998,71.09881671430011
21.00106369999998,105.83036629999998,66.80573902732324
21.00106369999998,105.83066629999998,68.19331355051334
21.00106369999998,105.83096629999997,72.4825267543482
21.00106369999998,105.83126629999997,74.5162484885657
21.00106369999998,105.83156629999996,75.71131298722719
21.00106369999998,105.83186629999996,70.3711656467513
21.00106369999998,105.83216629999995,70.07495841400677
21.00106369999998,105.83246629999995,72.53449287713497
21.00106369999998,105.83276629999995,67.19726496358608
21.00106369999998,105.83306629999994,68.11453763752424
21.00106369999998,105.83336629999994,61.043424347038
21.00106369999998,105.83366629999993,64.24988057657167
21.00106369999998,105.83396629999993,59.53134226182422
21.00106369999998,105.83426629999992,66.57085477943961
21.00106369999998,105.83456629999992,67.69722029731331
21.00106369999998,105.83486629999992,66.12913178536633
21.00106369999998,105.83516629999991,65.27735147557765
21.00106369999998,105.83546629999991,62.958725156957286
21.00106369999998,105.8357662999999,59.71370258186671
21.00106369999998,105.8360662999999,58.64109804836502
21.00106369999998,105.8363662999999,60.59193478291368
21.00106369999998,105.83666629999989,58.26551877122827
21.00106369999998,105.83696629999989,58.07705412784496
21.00106369999998,105.83726629999988,64.52753171635358
21.00106369999998,105.83756629999988,66.49315895342397
21.00106369999998,105.83786629999987,72.96152056303998
21.00106369999998,105.83816629999987,70.57665972688417
21.00106369999998,105.83846629999987,59.923048751561666
21.00106369999998,105.83876629999986,59.034635974832966
21.00106369999998,105.83906629999986,60.57096854192085
21.00106369999998,105.83936629999985,63.8354114033726
21.00106369999998,105.83966629999985,65.88546906985648
21.00106369999998,105.83996629999984,64.4786129810498
21.00106369999998,105.84026629999984,65.87823521427347
21.00106369999998,105.84056629999984,68.60818505645538
21.00106369999998,105.84086629999983,65.83758519486133
21.00106369999998,105.84116629999983,67.64864668722439
21.00106369999998,105.84146629999982,64.76325574037386
21.00106369999998,105.84176629999982,67.53848631387112
21.00106369999998,105.84206629999981,68.73325716695945
21.00106369999998,105.84236629999981,67.40250875986537
21.00106369999998,105.8426662999998,65.46617544185605
21.00106369999998,105.8429662999998,60.98342307139143
21.00106369999998,105.8432662999998,65.55107861390472
21.00106369999998,105.8435662999998,64.33903155573977
21.00106369999998,105.84386629999979,57.002361693659
21.00106369999998,105.84416629999978,61.042619353716546
21.00106369999998,105.84446629999978,73.25318440639752
21.00106369999998,105.84476629999978,76.14912544889104
21.00106369999998,105.84506629999977,74.35097729202828
21.00106369999998,105.84536629999977,67.48283732405531
21.00106369999998,105.84566629999976,62.103829759585224
21.00106369999998,105.84596629999976,63.602187632412424
21.00106369999998,105.84626629999975,69.01167884337433
21.00106369999998,105.84656629999975,59.46236975418351
21.00106369999998,105.84686629999975,73.42163447914498
21.00106369999998,105.84716629999974,65.17880467956235
21.00106369999998,105.84746629999974,61.099499446405304
21.00106369999998,105.84776629999973,56.63178133986487
21.00106369999998,105.84806629999973,54.640743508426475
21.00106369999998,105.84836629999973,54.95211505552804
21.00106369999998,105.84866629999972,62.56730856299224
21.00106369999998,105.84896629999972,59.53973693269856
21.00106369999998,105.84926629999971,60.097536782180796
21.00106369999998,105.84956629999971,57.90834493297375
21.00106369999998,105.8498662999997,58.856657736402084
21.00106369999998,105.8501662999997,56.73535446315205
21.00106369999998,105.8504662999997,60.33812643936274
21.00106369999998,105.85076629999969,59.169776699751466
21.00106369999998,105.85106629999969,60.04054500425862
21.00106369999998,105.85136629999968,59.3675313497654
21.00106369999998,105.85166629999968,59.280776072900096
21.00106369999998,105.85196629999967,56.755937734031235
21.00106369999998,105.85226629999967,54.59193862813232
21.00106369999998,105.85256629999967,56.61260078748528
21.00106369999998,105.85286629999966,62.356420248765275
21.00106369999998,105.85316629999966,64.1364085445608
21.00106369999998,105.85346629999965,63.650991022696104
21.00106369999998,105.85376629999965,60.05733355658002
21.00106369999998,105.85406629999964,64.83049895900035
21.00106369999998,105.85436629999964,61.43426673521512
21.00106369999998,105.85466629999964,55.69709268916674
21.00106369999998,105.85496629999963,55.73725796006262
21.00106369999998,105.85526629999963,53.91075459786369
21.00106369999998,105.85556629999962,56.283794029530156
21.00106369999998,105.85586629999962,56.96985663222455
21.00106369999998,105.85616629999961,52.577749616992925
21.00106369999998,105.85646629999961,55.570034670428726
21.00106369999998,105.8567662999996,55.59139808870046
21.00106369999998,105.8570662999996,55.25169904142764
21.00106369999998,105.8573662999996,56.944047740597526
21.00106369999998,105.8576662999996,55.114440930658105
21.001363699999978,105.8291663,75.50122202122527
21.001363699999978,105.82946629999999,76.74759320550051
21.001363699999978,105.82976629999999,72.03061815229279
21.001363699999978,105.83006629999998,75.9975479526906
21.001363699999978,105.83036629999998,75.83083545167612
21.001363699999978,105.83066629999998,71.11504332327394
21.001363699999978,105.83096629999997,69.30133370553425
21.001363699999978,105.83126629999997,67.73878232564763
21.001363699999978,105.83156629999996,64.21363499472504
21.001363699999978,105.83186629999996,67.65724287121574
21.001363699999978,105.83216629999995,65.48675094917064
21.001363699999978,105.83246629999995,71.71678925534755
21.001363699999978,105.83276629999995,70.75226326117198
21.001363699999978,105.83306629999994,68.54562033659663
21.001363699999978,105.83336629999994,69.1529952410982
21.001363699999978,105.83366629999993,66.01351299478088
21.001363699999978,105.83396629999993,65.53950151722402
21.001363699999978,105.83426629999992,68.17431144852009
21.001363699999978,105.83456629999992,67.38280582055991
21.001363699999978,105.83486629999992,67.76917092604243
21.001363699999978,105.83516629999991,64.30729658873915
21.001363699999978,105.83546629999991,63.298870329671615
21.001363699999978,105.8357662999999,65.49023416867821
21.001363699999978,105.8360662999999,65.30753129492766
21.001363699999978,105.8363662999999,65.05115274969891
21.001363699999978,105.83666629999989,65.4769517905717
21.001363699999978,105.83696629999989,62.17613644668461
21.001363699999978,105.83726629999988,69.19439902802935
21.001363699999978,105.83756629999988,76.2989474828533
21.001363699999978,105.83786629999987,70.1784172574045
21.001363699999978,105.83816629999987,61.60359778278976
21.001363699999978,105.83846629999987,61.94100820434987
21.001363699999978,105.83876629999986,61.14005156783168
21.001363699999978,105.83906629999986,70.54810039468565
21.001363699999978,105.83936629999985,71.49731417317392
21.001363699999978,105.83966629999985,68.56976535215232
21.001363699999978,105.83996629999984,64.77015038059771
21.001363699999978,105.84026629999984,66.81115039122459
21.001363699999978,105.84056629999984,66.11485588995404
21.001363699999978,105.84086629999983,72.6127880430363
21.001363699999978,105.84116629999983,70.1041955150003
21.001363699999978,105.84146629999982,67.58356090275097
21.001363699999978,105.84176629999982,70.71432714398071
21.001363699999978,105.84206629999981,70.9051747215023
21.001363699999978,105.84236629999981,75.02852901722096
21.001363699999978,105.8426662999998,74.2961183925006
21.001363699999978,105.8429662999998,66.25976598054685
21.001363699999978,105.8432662999998,64.08215199393496
21.001363699999978,105.8435662999998,58.86983195732017
21.001363699999978,105.84386629999979,59.98010277256395
21.001363699999978,105.84416629999978,64.50821791188436
21.001363699999978,105.84446629999978,71.08629709443417
21.001363699999978,105.84476629999978,66.15329520993642
21.001363699999978,105.84506629999977,67.1325031096173
21.001363699999978,105.84536629999977,69.84395658841274
21.001363699999978,105.84566629999976,71.87884192900667
21.001363699999978,105.84596629999976,65.55280891485367
21.001363699999978,105.84626629999975,59.647762019319046
21.001363699999978,105.84656629999975,65.77835846695984
21.001363699999978,105.84686629999975,70.88507605564502
21.001363699999978,105.84716629999974,64.6009386840538
21.001363699999978,105.84746629999974,65.43538569232294
21.001363699999978,105.84776629999973,58.44538256876673
21.001363699999978,105.84806629999973,59.64981472246555
21.001363699999978,105.84836629999973,56.13575572418449
21.001363699999978,105.84866629999972,56.04584225268131
21.001363699999978,105.84896629999972,63.76529601808933
21.001363699999978,105.84926629999971,58.934313841761835
21.001363699999978,105.84956629999971,59.10236044408495
21.001363699999978,105.8498662999997,56.44523676110789
21.001363699999978,105.8501662999997,58.599035707952126
21.001363699999978,105.8504662999997,57.70440243820282
21.001363699999978,105.85076629999969,56.42155609583462
21.001363699999978,105.85106629999969,61.081537651253896
21.001363699999978,105.85136629999968,53.970705233859306
21.001363699999978,105.85166629999968,53.137849501874676
21.001363699999978,105.85196629999967,55.456696824905464
21.001363699999978,105.85226629999967,61.22038069852664
21.001363699999978,105.85256629999967,62.16688933040598
21.001363699999978,105.85286629999966,64.0747325338961
21.001363699999978,105.85316629999966,64.03794334462546
21.001363699999978,105.85346629999965,62.547567800884735
21.001363699999978,105.85376629999965,61.66072962314057
21.001363699999978,105.85406629999964,62.785870392938605
21.001363699999978,105.85436629999964,66.58662025552583
21.001363699999978,105.85466629999964,57.36990751734132
21.001363699999978,105.85496629999963,56.863239222933515
21.001363699999978,105.85526629999963,53.5405020184851
21.001363699999978,105.85556629999962,58.17391949684449
21.001363699999978,105.85586629999962,52.620889717303314
21.001363699999978,105.85616629999961,50.20203125441924
21.001363699999978,105.85646629999961,54.84677568928078
21.001363699999978,105.8567662999996,55.59139808870046
21.001363699999978,105.8570662999996,56.6354982014126
21.001363699999978,105.8573662999996,56.677730874014586
21.001363699999978,105.8576662999996,56.7404367195188
21.001663699999977,105.8291663,72.39448845356158
21.001663699999977,105.82946629999999,74.22085047758678
21.001663699999977,105.82976629999999,75.30024713955986
21.001663699999977,105.83006629999998,74.13312446408511
21.001663699999977,105.83036629999998,73.61382829888535
21.001663699999977,105.83066629999998,68.1799539169069
21.001663699999977,105.83096629999997,66.0786868354885
21.001663699999977,105.83126629999997,65.50926438528793
21.001663699999977,105.83156629999996,69.24496166456643
21.001663699999977,105.83186629999996,69.30477013573415
21.001663699999977,105.83216629999995,71.15153229655714
21.001663699999977,105.83246629999995,71.51138951255092
21.001663699999977,105.83276629999995,70.37464492746844
21.001663699999977,105.83306629999994,69.02074945596532
21.001663699999977,105.83336629999994,67.82435499552992
21.001663699999977,105.83366629999993,66.99411056331223
21.001663699999977,105.83396629999993,70.33686888606866
21.001663699999977,105.83426629999992,64.16125229667188
21.001663699999977,105.83456629999992,72.48823118228961
21.001663699999977,105.83486629999992,66.8756392680685
21.001663699999977,105.83516629999991,58.447141125060355
21.001663699999977,105.83546629999991,62.63614478640088
21.001663699999977,105.8357662999999,62.927321214017326
21.001663699999977,105.8360662999999,65.45439998908824
21.001663699999977,105.8363662999999,65.97504036927877
21.001663699999977,105.83666629999989,64.55488742697987
21.001663699999977,105.83696629999989,62.65026249641261
21.001663699999977,105.83726629999988,76.84894878858924
21.001663699999977,105.83756629999988,74.79598531942312
21.001663699999977,105.83786629999987,63.54064548382041
21.001663699999977,105.83816629999987,60.564828485178936
21.001663699999977,105.83846629999987,71.56927501671018
21.001663699999977,105.83876629999986,67.15970958003132
21.001663699999977,105.83906629999986,65.19691623082355
21.001663699999977,105.83936629999985,62.911565044927386
21.001663699999977,105.83966629999985,61.78796411088072
21.001663699999977,105.83996629999984,63.899964013815136
21.001663699999977,105.84026629999984,62.155786042551526
21.001663699999977,105.84056629999984,67.87863913921736
21.001663699999977,105.84086629999983,71.77449018435496
21.001663699999977,105.84116629999983,72.25209388020987
21.001663699999977,105.84146629999982,69.86839613915808
21.001663699999977,105.84176629999982,70.02107998845615
21.001663699999977,105.84206629999981,70.98775364699016
21.001663699999977,105.84236629999981,66.99503392509817
21.001663699999977,105.8426662999998,71.10591611831563
21.001663699999977,105.8429662999998,71.37522385803616
21.001663699999977,105.8432662999998,67.75656520379353
21.001663699999977,105.8435662999998,64.78387253809326
21.001663699999977,105.84386629999979,65.49627883789482
21.001663699999977,105.84416629999978,68.96916213815079
21.001663699999977,105.84446629999978,66.33910126216117
21.001663699999977,105.84476629999978,71.45025124289913
21.001663699999977,105.84506629999977,63.88610244109363
21.001663699999977,105.84536629999977,65.14965673537438
21.001663699999977,105.84566629999976,59.978000636642676
21.001663699999977,105.84596629999976,61.41241386661811
21.001663699999977,105.84626629999975,64.13576750302941
21.001663699999977,105.84656629999975,64.17201324214028
21.001663699999977,105.84686629999975,63.58721545596313
21.001663699999977,105.84716629999974,66.60093583709417
21.001663699999977,105.84746629999974,62.01254154047862
21.001663699999977,105.84776629999973,66.52796215026837
21.001663699999977,105.84806629999973,57.948835830624404
21.001663699999977,105.84836629999973,63.10677747878866
21.001663699999977,105.84866629999972,57.25408274144938
21.001663699999977,105.84896629999972,54.85209264544367
21.001663699999977,105.84926629999971,58.33900173670587
21.001663699999977,105.84956629999971,58.75439562255595
21.001663699999977,105.8498662999997,58.4168194634813
21.001663699999977,105.8501662999997,55.92833062532624
21.001663699999977,105.8504662999997,59.24864777329567
21.001663699999977,105.85076629999969,58.005135844882986
21.001663699999977,105.85106629999969,57.51954898892728
21.001663699999977,105.85136629999968,55.81728379819171
21.001663699999977,105.85166629999968,59.32546080573891
21.001663699999977,105.85196629999967,61.5986289681815
21.001663699999977,105.85226629999967,58.84521988138145
21.001663699999977,105.85256629999967,61.0952927241147
21.001663699999977,105.85286629999966,67.40762003792294
21.001663699999977,105.85316629999966,62.17591760369771
21.001663699999977,105.85346629999965,56.7856466882761
21.001663699999977,105.85376629999965,62.870596637633895
21.001663699999977,105.85406629999964,59.20028092117602
21.001663699999977,105.85436629999964,59.449664660163506
21.001663699999977,105.85466629999964,57.60693427254138
21.001663699999977,105.85496629999963,55.175316394337614
21.001663699999977,105.85526629999963,51.770751003314345
21.001663699999977,105.85556629999962,52.378797202471475
21.001663699999977,105.85586629999962,52.21151179364803
21.001663699999977,105.85616629999961,51.615141531365424
21.001663699999977,105.85646629999961,54.60007753702632
21.001663699999977,105.8567662999996,57.61600123675339
21.001663699999977,105.8570662999996,55.609597964445456
21.001663699999977,105.8573662999996,52.710065509368725
21.001663699999977,105.8576662999996,55.333234452155935
21.001963699999976,105.8291663,71.5799303345306
21.001963699999976,105.82946629999999,72.62928479868087
21.001963699999976,105.82976629999999,74.12109745782617
21.001963699999976,105.83006629999998,77.75118389727822
21.001963699999976,105.83036629999998,74.17228473327201
21.001963699999976,105.83066629999998,66.61174116710389
21.001963699999976,105.83096629999997,68.62535927542751
21.001963699999976,105.83126629999997,69.66565320232137
21.001963699999976,105.83156629999996,67.13231425606496
21.001963699999976,105.83186629999996,66.4845522128839
21.001963699999976,105.83216629999995,66.10457587178344
21.001963699999976,105.83246629999995,70.0731693244587
21.001963699999976,105.83276629999995,72.91689593430364
21.001963699999976,105.83306629999994,73.63243617094967
21.001963699999976,105.83336629999994,72.69319135165917
21.001963699999976,105.83366629999993,66.6232372927959
21.001963699999976,105.83396629999993,65.42893593962053
21.001963699999976,105.83426629999992,66.72422486823237
21.001963699999976,105.83456629999992,68.24035877424139
21.001963699999976,105.83486629999992,69.93483267575611
21.001963699999976,105.83516629999991,70.6725185056811
21.001963699999976,105.83546629999991,60.92847850081057
21.001963699999976,105.8357662999999,69.25527084560791
21.001963699999976,105.8360662999999,66.82909422875639
21.001963699999976,105.8363662999999,69.85412243999727
21.001963699999976,105.83666629999989,71.09387563931926
21.001963699999976,105.83696629999989,72.06413511137256
21.001963699999976,105.83726629999988,73.79329568758071
21.001963699999976,105.83756629999988,70.07259546956763
21.001963699999976,105.83786629999987,64.42274597651777
21.001963699999976,105.83816629999987,65.83194346687146
21.001963699999976,105.83846629999987,67.26087056261477
21.001963699999976,105.83876629999986,65.02618267163685
21.001963699999976,105.83906629999986,60.931268833457466
21.001963699999976,105.83936629999985,60.37814874869598
21.001963699999976,105.83966629999985,60.23795359539896
21.001963699999976,105.83996629999984,62.07006691473404
21.001963699999976,105.84026629999984,62.17313393268262
21.001963699999976,105.84056629999984,66.19339354993157
21.001963699999976,105.84086629999983,71.08660921945265
21.001963699999976,105.84116629999983,72.19290555226934
21.001963699999976,105.84146629999982,71.08008737597062
21.001963699999976,105.84176629999982,68.59829527875009
21.001963699999976,105.84206629999981,69.80930998496024
21.001963699999976,105.84236629999981,70.73596112562407
21.001963699999976,105.8426662999998,68.99041120227027
21.001963699999976,105.8429662999998,68.42515069787127
21.001963699999976,105.8432662999998,64.58763470177037
21.001963699999976,105.8435662999998,69.77881344346085
21.001963699999976,105.84386629999979,66.97178217130353
21.001963699999976,105.84416629999978,72.56501239784812
21.001963699999976,105.84446629999978,74.61812604090987
21.001963699999976,105.84476629999978,69.65595065021519
21.001963699999976,105.84506629999977,66.4750113740497
21.001963699999976,105.84536629999977,66.9843863951745
21.001963699999976,105.84566629999976,65.15436109549776
21.001963699999976,105.84596629999976,68.32574432891829
21.001963699999976,105.84626629999975,76.00675975369997
21.001963699999976,105.84656629999975,68.66121287214662
21.001963699999976,105.84686629999975,63.57572787596288
21.001963699999976,105.84716629999974,72.65742059894528
21.001963699999976,105.84746629999974,71.72067507832072
21.001963699999976,105.84776629999973,62.38948321764178
21.001963699999976,105.84806629999973,56.43930171610863
21.001963699999976,105.84836629999973,55.914489357263506
21.001963699999976,105.84866629999972,58.208669227778174
21.001963699999976,105.84896629999972,61.30086937235865
21.001963699999976,105.84926629999971,58.70475328187091
21.001963699999976,105.84956629999971,60.79368617023809
21.001963699999976,105.8498662999997,58.818380938854986
21.001963699999976,105.8501662999997,57.76419146990776
21.001963699999976,105.8504662999997,56.95920712402523
21.001963699999976,105.85076629999969,58.56005824747115
21.001963699999976,105.85106629999969,55.11915479811754
21.001963699999976,105.85136629999968,59.07480966777983
21.001963699999976,105.85166629999968,59.6181851979736
21.001963699999976,105.85196629999967,60.296248637385034
21.001963699999976,105.85226629999967,58.43165301650443
21.001963699999976,105.85256629999967,58.43736414544006
21.001963699999976,105.85286629999966,60.86955583818627
21.001963699999976,105.85316629999966,57.731022166341205
21.001963699999976,105.85346629999965,57.144340107844826
21.001963699999976,105.85376629999965,53.38286042092696
21.001963699999976,105.85406629999964,58.15778220691081
21.001963699999976,105.85436629999964,58.69827258673526
21.001963699999976,105.85466629999964,58.69827258673526
21.001963699999976,105.85496629999963,57.24975824890515
21.001963699999976,105.85526629999963,52.61367019916972
21.001963699999976,105.85556629999962,52.303849955402164
21.001963699999976,105.85586629999962,52.303849955402164
21.001963699999976,105.85616629999961,54.776139560402996
21.001963699999976,105.85646629999961,53.6561789599497
21.001963699999976,105.8567662999996,57.03574964918532
21.001963699999976,105.8570662999996,58.892176230836455
21.001963699999976,105.8573662999996,51.664562707646965
21.001963699999976,105.8576662999996,55.00157067213809
21.002263699999975,105.8291663,71.07079626275609
21.002263699999975,105.82946629999999,74.10769523189727
21.002263699999975,105.82976629999999,66.51119595574413
21.002263699999975,105.83006629999998,70.86167942737961
21.002263699999975,105.83036629999998,74.91947862587475
21.002263699999975,105.83066629999998,69.23333968836417
21.002263699999975,105.83096629999997,65.2041066123482
21.002263699999975,105.83126629999997,66.62840664594871
21.002263699999975,105.83156629999996,66.32941621990103
21.002263699999975,105.83186629999996,67.23633448601382
21.002263699999975,105.83216629999995,68.44985294111318
21.002263699999975,105.83246629999995,70.53399437558933
21.002263699999975,105.83276629999995,73.78900872659646
21.002263699999975,105.83306629999994,74.93022534897626
21.002263699999975,105.83336629999994,63.15248088097968
21.002263699999975,105.83366629999993,64.6391748097706
21.002263699999975,105.83396629999993,66.10291000220136
21.002263699999975,105.83426629999992,75.19985719880307
21.002263699999975,105.83456629999992,70.01741639648344
21.002263699999975,105.83486629999992,69.71151991178401
21.002263699999975,105.83516629999991,63.041610677284154
21.002263699999975,105.83546629999991,60.57205380510298
21.002263699999975,105.8357662999999,66.558567686625
21.002263699999975,105.8360662999999,67.98894074814312
21.002263699999975,105.8363662999999,72.33516937224186
21.002263699999975,105.83666629999989,68.56894916189854
21.002263699999975,105.83696629999989,63.945043805045586
21.002263699999975,105.83726629999988,74.3278216826153
21.002263699999975,105.83756629999988,63.499856178667926
21.002263699999975,105.83786629999987,61.42427588538658
21.002263699999975,105.83816629999987,64.11667819672827
21.002263699999975,105.83846629999987,59.68380427428927
21.002263699999975,105.83876629999986,61.01537331445476
21.002263699999975,105.83906629999986,61.735563137693575
21.002263699999975,105.83936629999985,58.527780647180336
21.002263699999975,105.83966629999985,60.08374331522759
21.002263699999975,105.83996629999984,66.74174287135119
21.002263699999975,105.84026629999984,66.87337847392176
21.002263699999975,105.84056629999984,66.3629833530566
21.002263699999975,105.84086629999983,69.37442378544044
21.002263699999975,105.84116629999983,73.1449719154805
21.002263699999975,105.84146629999982,69.42471082819458
21.002263699999975,105.84176629999982,71.21257533656775
21.002263699999975,105.84206629999981,72.84414921850438
21.002263699999975,105.84236629999981,74.43563119802214
21.002263699999975,105.8426662999998,73.98784708014142
21.002263699999975,105.8429662999998,71.24803399219516
21.002263699999975,105.8432662999998,71.61246204858938
21.002263699999975,105.8435662999998,70.77687130096466
21.002263699999975,105.84386629999979,64.19292158104707
21.002263699999975,105.84416629999978,71.77748738431562
21.002263699999975,105.84446629999978,72.43771841717133
21.002263699999975,105.84476629999978,71.4982027912913
21.002263699999975,105.84506629999977,68.13305507717716
21.002263699999975,105.84536629999977,62.59560831373838
21.002263699999975,105.84566629999976,63.176987635477985
21.002263699999975,105.84596629999976,64.2754951177561
21.002263699999975,105.84626629999975,73.61295915396767
21.002263699999975,105.84656629999975,64.51577041110951
21.002263699999975,105.84686629999975,73.57809858015975
21.002263699999975,105.84716629999974,66.74255497193433
21.002263699999975,105.84746629999974,61.63474358738378
21.002263699999975,105.84776629999973,61.27575246245709
21.002263699999975,105.84806629999973,54.93044413505672
21.002263699999975,105.84836629999973,55.83161900962776
21.002263699999975,105.84866629999972,50.44996358892534
21.002263699999975,105.84896629999972,51.747879843594305
21.002263699999975,105.84926629999971,60.57004328263716
21.002263699999975,105.84956629999971,59.17195114817383
21.002263699999975,105.8498662999997,56.103955052637374
21.002263699999975,105.8501662999997,55.03111245668495
21.002263699999975,105.8504662999997,58.61729502962514
21.002263699999975,105.85076629999969,60.30509404221942
21.002263699999975,105.85106629999969,59.1873861033059
21.002263699999975,105.85136629999968,59.46656211629178
21.002263699999975,105.85166629999968,57.95766890099101
21.002263699999975,105.85196629999967,59.067881798312456
21.002263699999975,105.85226629999967,58.87456104366359
21.002263699999975,105.85256629999967,58.968325684651305
21.002263699999975,105.85286629999966,60.83554641774194
21.002263699999975,105.85316629999966,59.87964136483818
21.002263699999975,105.85346629999965,58.41520326446063
21.002263699999975,105.85376629999965,53.659410909122656
21.002263699999975,105.85406629999964,63.45776746894347
21.002263699999975,105.85436629999964,61.43513522098215
21.002263699999975,105.85466629999964,62.28646147237632
21.002263699999975,105.85496629999963,61.60222428740518
21.002263699999975,105.85526629999963,53.037047532230304
21.002263699999975,105.85556629999962,59.01831043138449
21.002263699999975,105.85586629999962,54.7888766857784
21.002263699999975,105.85616629999961,55.10804393837465
21.002263699999975,105.85646629999961,58.9542954570652
21.002263699999975,105.8567662999996,61.89944344473628
21.002263699999975,105.8570662999996,60.20579037405159
21.002263699999975,105.8573662999996,55.23990862762355
21.002263699999975,105.8576662999996,59.10621671148549
21.002563699999975,105.8291663,66.07349916085953
21.002563699999975,105.82946629999999,68.6957074240124
21.002563699999975,105.82976629999999,70.57312529722475
21.002563699999975,105.83006629999998,72.6226188297748
21.002563699999975,105.83036629999998,72.79556220932093
21.002563699999975,105.83066629999998,71.15929616440214
21.002563699999975,105.83096629999997,70.40771422765486
21.002563699999975,105.83126629999997,65.88323549643933
21.002563699999975,105.83156629999996,66.06385022842004
21.002563699999975,105.83186629999996,67.71816431875423
21.002563699999975,105.83216629999995,65.38030218277129
21.002563699999975,105.83246629999995,69.82163682560629
21.002563699999975,105.83276629999995,71.35778716224401
21.002563699999975,105.83306629999994,79.45554761951361
21.002563699999975,105.83336629999994,68.9013613910766
21.002563699999975,105.83366629999993,64.57661574950312
21.002563699999975,105.83396629999993,63.69726177856573
21.002563699999975,105.83426629999992,68.84748170871524
21.002563699999975,105.83456629999992,66.81686506471326
21.002563699999975,105.83486629999992,63.913676743808
21.002563699999975,105.83516629999991,63.44255814832054
21.002563699999975,105.83546629999991,62.396479971556644
21.002563699999975,105.8357662999999,65.33190116063008
21.002563699999975,105.8360662999999,63.4947757249366
21.002563699999975,105.8363662999999,68.53499463757609
21.002563699999975,105.83666629999989,69.23870282350575
21.002563699999975,105.83696629999989,69.36026314102911
21.002563699999975,105.83726629999988,64.1168987314903
21.002563699999975,105.83756629999988,76.79365170227744
21.002563699999975,105.83786629999987,59.15078036903405
21.002563699999975,105.83816629999987,60.626181744896954
21.002563699999975,105.83846629999987,60.40243388478953
21.002563699999975,105.83876629999986,60.18869419363175
21.002563699999975,105.83906629999986,60.28400666535012
21.002563699999975,105.83936629999985,59.21666274644879
21.002563699999975,105.83966629999985,59.52324900215096
21.002563699999975,105.83996629999984,61.36456479813896
21.002563699999975,105.84026629999984,67.08387008810789
21.002563699999975,105.84056629999984,65.95645476413112
21.002563699999975,105.84086629999983,70.04839439585835
21.002563699999975,105.84116629999983,71.52659185749798
21.002563699999975,105.84146629999982,70.27264616482341
21.002563699999975,105.84176629999982,66.80237616380548
21.002563699999975,105.84206629999981,69.99841158205564
21.002563699999975,105.84236629999981,73.59580243689764
21.002563699999975,105.8426662999998,73.21804673821595
21.002563699999975,105.8429662999998,69.11105851639874
21.002563699999975,105.8432662999998,65.55952489640485
21.002563699999975,105.8435662999998,63.345116864222334
21.002563699999975,105.84386629999979,73.3253989211315
21.002563699999975,105.84416629999978,68.87100884081838
21.002563699999975,105.84446629999978,69.68311350719395
21.002563699999975,105.84476629999978,68.00243459575982
21.002563699999975,105.84506629999977,67.46093304767062
21.002563699999975,105.84536629999977,62.76949899880107
21.002563699999975,105.84566629999976,62.40050177644342
21.002563699999975,105.84596629999976,66.42876103269992
21.002563699999975,105.84626629999975,61.5023083186305
21.002563699999975,105.84656629999975,60.31880981106433
21.002563699999975,105.84686629999975,64.68059455460434
21.002563699999975,105.84716629999974,64.65762246220724
21.002563699999975,105.84746629999974,65.247888866938
21.002563699999975,105.84776629999973,64.84793891891714
21.002563699999975,105.84806629999973,54.49964977727818
21.002563699999975,105.84836629999973,59.73962157337175
21.002563699999975,105.84866629999972,61.58165563923146
21.002563699999975,105.84896629999972,56.80692068144687
21.002563699999975,105.84926629999971,61.42269407482692
21.002563699999975,105.84956629999971,60.62604625182257
21.002563699999975,105.8498662999997,57.48290829106938
21.002563699999975,105.8501662999997,56.481183805494936
21.002563699999975,105.8504662999997,57.56153311813064
21.002563699999975,105.85076629999969,58.450177050868604
21.002563699999975,105.85106629999969,58.128896470118164
21.002563699999975,105.85136629999968,54.7559896359994
21.002563699999975,105.85166629999968,60.40040508294652
21.002563699999975,105.85196629999967,59.03432646061415
21.002563699999975,105.85226629999967,52.842173129564785
21.002563699999975,105.85256629999967,54.20269616172159
21.002563699999975,105.85286629999966,57.92301295822088
21.002563699999975,105.85316629999966,60.96130052294916
21.002563699999975,105.85346629999965,58.25425120989814
21.002563699999975,105.85376629999965,58.849364526326895
21.002563699999975,105.85406629999964,59.768714975271735
21.002563699999975,105.85436629999964,62.85544064755139
21.002563699999975,105.85466629999964,62.399190581948105
21.002563699999975,105.85496629999963,64.45708216768925
21.002563699999975,105.85526629999963,61.44092993636407
21.002563699999975,105.85556629999962,60.72545769851959
21.002563699999975,105.85586629999962,55.18387282778535
21.002563699999975,105.85616629999961,59.69137301520321
21.002563699999975,105.85646629999961,60.42150577982996
21.002563699999975,105.8567662999996,60.14445435783149
21.002563699999975,105.8570662999996,60.04308745629014
21.002563699999975,105.8573662999996,59.17979077974937
21.002563699999975,105.8576662999996,62.98620096691063
21.002863699999974,105.8291663,67.00855288825528
21.002863699999974,105.82946629999999,67.0317383294203
21.002863699999974,105.82976629999999,74.58009500838362
21.002863699999974,105.83006629999998,74.0674149021184
21.002863699999974,105.83036629999998,70.87711055961796
21.002863699999974,105.83066629999998,71.28879890990684
21.002863699999974,105.83096629999997,68.24291956257427
21.002863699999974,105.83126629999997,72.11491794716187
21.002863699999974,105.83156629999996,73.83928304466218
21.002863699999974,105.83186629999996,69.24049991958334
21.002863699999974,105.83216629999995,69.89049181448338
21.002863699999974,105.83246629999995,72.31986467098483
21.002863699999974,105.83276629999995,68.31012308591332
21.002863699999974,105.83306629999994,77.36233530921261
21.002863699999974,105.83336629999994,68.9081620562449
21.002863699999974,105.83366629999993,71.267665451255
21.002863699999974,105.83396629999993,67.22315574836398
21.002863699999974,105.83426629999992,65.93210455056429
21.002863699999974,105.83456629999992,69.20698810785328
21.002863699999974,105.83486629999992,64.85420457077181
21.002863699999974,105.83516629999991,65.54907654695747
21.002863699999974,105.83546629999991,62.54315851313858
21.002863699999974,105.8357662999999,66.73477387256276
21.002863699999974,105.8360662999999,64.97085940321583
21.002863699999974,105.8363662999999,72.40483585257186
21.002863699999974,105.83666629999989,68.88089882963992
21.002863699999974,105.83696629999989,57.48956288144289
21.002863699999974,105.83726629999988,78.98678393164278
21.002863699999974,105.83756629999988,75.83807696158519
21.002863699999974,105.83786629999987,61.36529832478999
21.002863699999974,105.83816629999987,60.71562428933839
21.002863699999974,105.83846629999987,64.22590445944512
21.002863699999974,105.83876629999986,58.72356784907511
21.002863699999974,105.83906629999986,65.83111703235983
21.002863699999974,105.83936629999985,61.05054185742341
21.002863699999974,105.83966629999985,61.22561612574356
21.002863699999974,105.83996629999984,60.25430759586651
21.002863699999974,105.84026629999984,67.02920805362074
21.002863699999974,105.84056629999984,69.67169197550167
21.002863699999974,105.84086629999983,69.90766400837998
21.002863699999974,105.84116629999983,71.09883532091227
21.002863699999974,105.84146629999982,68.34233449703599
21.002863699999974,105.84176629999982,67.15262334759971
21.002863699999974,105.84206629999981,72.61871835496221
21.002863699999974,105.84236629999981,69.11253574428588
21.002863699999974,105.8426662999998,68.90068218579249
21.002863699999974,105.8429662999998,70.81917993457583
21.002863699999974,105.8432662999998,74.53113894615414
21.002863699999974,105.8435662999998,76.61755599153753
21.002863699999974,105.84386629999979,72.42853467841427
21.002863699999974,105.84416629999978,79.38013535710914
21.002863699999974,105.84446629999978,65.1545186034366
21.002863699999974,105.84476629999978,63.6647246277622
21.002863699999974,105.84506629999977,72.9971318440453
21.002863699999974,105.84536629999977,62.77907543653592
21.002863699999974,105.84566629999976,68.38883518669054
21.002863699999974,105.84596629999976,67.86764163719228
21.002863699999974,105.84626629999975,67.20825655535212
21.002863699999974,105.84656629999975,62.45461708596645
21.002863699999974,105.84686629999975,64.45736453606797
21.002863699999974,105.84716629999974,59.942867009812986
21.002863699999974,105.84746629999974,62.111575828246146
21.002863699999974,105.84776629999973,59.11653559023935
21.002863699999974,105.84806629999973,55.514548615473416
21.002863699999974,105.84836629999973,55.704131706084965
21.002863699999974,105.84866629999972,56.02416135538613
21.002863699999974,105.84896629999972,54.68956601768524
21.002863699999974,105.84926629999971,58.96087731394515
21.002863699999974,105.84956629999971,59.935072518177336
21.002863699999974,105.8498662999997,56.39199383127536
21.002863699999974,105.8501662999997,56.14833135982953
21.002863699999974,105.8504662999997,55.54423162491901
21.002863699999974,105.85076629999969,58.42220148430036
21.002863699999974,105.85106629999969,57.783285186908216
21.002863699999974,105.85136629999968,60.877882455057375
21.002863699999974,105.85166629999968,64.61528326907703
21.002863699999974,105.85196629999967,58.26535170659986
21.002863699999974,105.85226629999967,60.46949315622069
21.002863699999974,105.85256629999967,58.615465661820934
21.002863699999974,105.85286629999966,57.53268454881163
21.002863699999974,105.85316629999966,62.96540349740211
21.002863699999974,105.85346629999965,63.219863539861365
21.002863699999974,105.85376629999965,59.18371514978418
21.002863699999974,105.85406629999964,57.45345155674265
21.002863699999974,105.85436629999964,64.6778875924839
21.002863699999974,105.85466629999964,66.03073533365968
21.002863699999974,105.85496629999963,62.675230943698025
21.002863699999974,105.85526629999963,61.45849261426979
21.002863699999974,105.85556629999962,58.88145975079328
21.002863699999974,105.85586629999962,57.55956717823619
21.002863699999974,105.85616629999961,61.93395651714934
21.002863699999974,105.85646629999961,59.84529948109284
21.002863699999974,105.8567662999996,61.08884555020431
21.002863699999974,105.8570662999996,61.23266795144092
21.002863699999974,105.8573662999996,60.434923682202694
21.002863699999974,105.8576662999996,62.479190572539494
21.003163699999973,105.8291663,72.16151683717334
21.003163699999973,105.82946629999999,71.12222896755956
21.003163699999973,105.82976629999999,72.72524880914825
21.003163699999973,105.83006629999998,71.63968830779976
21.003163699999973,105.83036629999998,74.18159233723983
21.003163699999973,105.83066629999998,67.78540016194198
21.003163699999973,105.83096629999997,71.64450452137073
21.003163699999973,105.83126629999997,70.82547614850267
21.003163699999973,105.83156629999996,69.24049991958334
21.003163699999973,105.83186629999996,72.36161639959528
21.003163699999973,105.83216629999995,74.063310183575
21.003163699999973,105.83246629999995,73.1388090234844
21.003163699999973,105.83276629999995,73.49930926496228
21.003163699999973,105.83306629999994,74.59225279329475
21.003163699999973,105.83336629999994,69.70097147045715
21.003163699999973,105.83366629999993,66.85152575602496
21.003163699999973,105.83396629999993,70.58883095679953
21.003163699999973,105.83426629999992,61.813612515359324
21.003163699999973,105.83456629999992,63.41741940541226
21.003163699999973,105.83486629999992,65.17100038527778
21.003163699999973,105.83516629999991,64.85601405709751
21.003163699999973,105.83546629999991,64.73591025479514
21.003163699999973,105.8357662999999,69.31009172963833
21.003163699999973,105.8360662999999,66.70360882375155
21.003163699999973,105.8363662999999,68.8525529241298
21.003163699999973,105.83666629999989,69.36049244156148
21.003163699999973,105.83696629999989,72.9487245471987
21.003163699999973,105.83726629999988,80.03975628578621
21.003163699999973,105.83756629999988,76.44165605442994
21.003163699999973,105.83786629999987,61.18334781602975
21.003163699999973,105.83816629999987,61.536286526618014
21.003163699999973,105.83846629999987,63.68433664756796
21.003163699999973,105.83876629999986,60.20025215308647
21.003163699999973,105.83906629999986,66.10913876400838
21.003163699999973,105.83936629999985,60.32374318033709
21.003163699999973,105.83966629999985,60.32374318033709
21.003163699999973,105.83996629999984,62.40257396230098
21.003163699999973,105.84026629999984,62.621709855791636
21.003163699999973,105.84056629999984,68.98177370390754
21.003163699999973,105.84086629999983,70.24734068336457
21.003163699999973,105.84116629999983,69.58714531509965
21.003163699999973,105.84146629999982,68.11121903084143
21.003163699999973,105.84176629999982,73.32687132582383
21.003163699999973,105.84206629999981,71.53679396096535
21.003163699999973,105.84236629999981,71.9257750045309
21.003163699999973,105.8426662999998,71.86100940674551
21.003163699999973,105.8429662999998,70.01994784876453
21.003163699999973,105.8432662999998,71.40663237011202
21.003163699999973,105.8435662999998,71.46964511300156
21.003163699999973,105.84386629999979,71.31265036150677
21.003163699999973,105.84416629999978,73.0890232377809
21.003163699999973,105.84446629999978,76.35462308563623
21.003163699999973,105.84476629999978,67.59597541773537
21.003163699999973,105.84506629999977,71.42218472236718
21.003163699999973,105.84536629999977,72.49750298181313
21.003163699999973,105.84566629999976,70.83450216641023
21.003163699999973,105.84596629999976,69.64095064389473
21.003163699999973,105.84626629999975,64.9325127561324
21.003163699999973,105.84656629999975,64.05932204595211
21.003163699999973,105.84686629999975,65.24125879868171
21.003163699999973,105.84716629999974,70.13073655406197
21.003163699999973,105.84746629999974,57.25961230249645
21.003163699999973,105.84776629999973,60.76798956723459
21.003163699999973,105.84806629999973,55.9490449892042
21.003163699999973,105.84836629999973,54.56801171562765
21.003163699999973,105.84866629999972,56.06992291268547
21.003163699999973,105.84896629999972,54.48065120979594
21.003163699999973,105.84926629999971,60.72741124607417
21.003163699999973,105.84956629999971,59.062738020698305
21.003163699999973,105.8498662999997,55.16669338010891
21.003163699999973,105.8501662999997,57.769238700248025
21.003163699999973,105.8504662999997,57.013447122605456
21.003163699999973,105.85076629999969,58.30447453853496
21.003163699999973,105.85106629999969,60.932532980510814
21.003163699999973,105.85136629999968,63.36034721816594
21.003163699999973,105.85166629999968,65.72785681690581
21.003163699999973,105.85196629999967,59.69634713763483
21.003163699999973,105.85226629999967,55.02752415547954
21.003163699999973,105.85256629999967,61.31327629548335
21.003163699999973,105.85286629999966,61.333651427966146
21.003163699999973,105.85316629999966,61.27071675731533
21.003163699999973,105.85346629999965,61.62525176677069
21.003163699999973,105.85376629999965,57.28317832053705
21.003163699999973,105.85406629999964,55.01882961152162
21.003163699999973,105.85436629999964,61.232357663647335
21.003163699999973,105.85466629999964,64.7548050281696
21.003163699999973,105.85496629999963,60.77180382149075
21.003163699999973,105.85526629999963,59.92322260276346
21.003163699999973,105.85556629999962,56.01879029516391
21.003163699999973,105.85586629999962,59.46583059591515
21.003163699999973,105.85616629999961,56.90676339277712
21.003163699999973,105.85646629999961,54.74416925408612
21.003163699999973,105.8567662999996,58.13870102716669
21.003163699999973,105.8570662999996,56.42450262883777
21.003163699999973,105.8573662999996,57.27244028055455
21.003163699999973,105.8576662999996,58.06441616290597
21.003463699999973,105.8291663,74.11418277607987
21.003463699999973,105.82946629999999,65.76239459345827
21.003463699999973,105.82976629999999,70.56538713849231
21.003463699999973,105.83006629999998,74.4423807051868
21.003463699999973,105.83036629999998,75.83437984721847
21.003463699999973,105.83066629999998,72.07783424570904
21.003463699999973,105.83096629999997,71.21117841869666
21.003463699999973,105.83126629999997,69.93508773344497
21.003463699999973,105.83156629999996,70.12396110266022
21.003463699999973,105.83186629999996,76.02556243105681
21.003463699999973,105.83216629999995,74.3564147042731
21.003463699999973,105.83246629999995,76.0116915356274
21.003463699999973,105.83276629999995,74.47436534894763
21.003463699999973,105.83306629999994,69.22546232273736
21.003463699999973,105.83336629999994,62.88130926794436
21.003463699999973,105.83366629999993,64.81848023283149
21.003463699999973,105.83396629999993,68.73310975786592
21.003463699999973,105.83426629999992,70.26092978651933
21.003463699999973,105.83456629999992,70.02675461689206
21.003463699999973,105.83486629999992,60.25358044933459
21.003463699999973,105.83516629999991,62.462127153778
21.003463699999973,105.83546629999991,60.46017738297931
21.003463699999973,105.8357662999999,61.31936723233231
21.003463699999973,105.8360662999999,67.0401479708317
21.003463699999973,105.8363662999999,69.63743130722602
21.003463699999973,105.83666629999989,68.557405178314
21.003463699999973,105.83696629999989,78.672110449522
21.003463699999973,105.83726629999988,84.80479385367568
21.003463699999973,105.83756629999988,68.7361806693522
21.003463699999973,105.83786629999987,69.96774154839747
21.003463699999973,105.83816629999987,63.54286392566824
21.003463699999973,105.83846629999987,69.72134180658148
21.003463699999973,105.83876629999986,67.7845874574023
21.003463699999973,105.83906629999986,77.29703985739505
21.003463699999973,105.83936629999985,65.59983054306377
21.003463699999973,105.83966629999985,68.70382473680706
21.003463699999973,105.83996629999984,66.3757228345277
21.003463699999973,105.84026629999984,65.72002380951048
21.003463699999973,105.84056629999984,65.38512331817644
21.003463699999973,105.84086629999983,70.5443722418525
21.003463699999973,105.84116629999983,67.56221358639206
21.003463699999973,105.84146629999982,66.87619976705352
21.003463699999973,105.84176629999982,71.21966744942327
21.003463699999973,105.84206629999981,66.80811518908281
21.003463699999973,105.84236629999981,73.08325215087702
21.003463699999973,105.8426662999998,70.52678004611292
21.003463699999973,105.8429662999998,68.53558897021396
21.003463699999973,105.8432662999998,71.27017118933335
21.003463699999973,105.8435662999998,75.11486353671289
21.003463699999973,105.84386629999979,74.1485146483239
21.003463699999973,105.84416629999978,69.00575468089389
21.003463699999973,105.84446629999978,69.53415293882736
21.003463699999973,105.84476629999978,67.30310773990719
21.003463699999973,105.84506629999977,73.27267756079425
21.003463699999973,105.84536629999977,57.646258237969434
21.003463699999973,105.84566629999976,63.45332152108932
21.003463699999973,105.84596629999976,69.14887915590992
21.003463699999973,105.84626629999975,60.47146966007013
21.003463699999973,105.84656629999975,65.40930935101338
21.003463699999973,105.84686629999975,61.47161756705235
21.003463699999973,105.84716629999974,60.699058622500175
21.003463699999973,105.84746629999974,58.02867664130295
21.003463699999973,105.84776629999973,59.28662267323939
21.003463699999973,105.84806629999973,55.40069248318221
21.003463699999973,105.84836629999973,54.05446617953763
21.003463699999973,105.84866629999972,61.33055534257383
21.003463699999973,105.84896629999972,62.75805945487849
21.003463699999973,105.84926629999971,58.73864487102087
21.003463699999973,105.84956629999971,59.63078796418817
21.003463699999973,105.8498662999997,57.18142915583685
21.003463699999973,105.8501662999997,58.366840393961354
21.003463699999973,105.8504662999997,55.29323519701518
21.003463699999973,105.85076629999969,58.01150541852472
21.003463699999973,105.85106629999969,60.94075634948379
21.003463699999973,105.85136629999968,58.534829343487914
21.003463699999973,105.85166629999968,59.32546080573891
21.003463699999973,105.85196629999967,52.45320121900748
21.003463699999973,105.85226629999967,61.6262889181254
21.003463699999973,105.85256629999967,63.20420577366397
21.003463699999973,105.85286629999966,61.53150019996181
21.003463699999973,105.85316629999966,63.68131081428173
21.003463699999973,105.85346629999965,58.54622770409733
21.003463699999973,105.85376629999965,55.40842014061799
21.003463699999973,105.85406629999964,54.902191247524414
21.003463699999973,105.85436629999964,58.445017970183
21.003463699999973,105.85466629999964,58.184468144455806
21.003463699999973,105.85496629999963,58.6073667205999
21.003463699999973,105.85526629999963,52.64437002496235
21.003463699999973,105.85556629999962,52.594454167170916
21.003463699999973,105.85586629999962,50.67744892458033
21.003463699999973,105.85616629999961,54.20760491562117
21.003463699999973,105.85646629999961,57.80809483188449
21.003463699999973,105.8567662999996,55.49972395539426
21.003463699999973,105.8570662999996,53.700438309075935
21.003463699999973,105.8573662999996,57.286641670905325
21.003463699999973,105.8576662999996,56.458976776092214
21.003763699999972,105.8291663,73.52430837026073
21.003763699999972,105.82946629999999,74.88332137439247
21.003763699999972,105.82976629999999,75.15554638495368
21.003763699999972,105.83006629999998,73.65388797223471
21.003763699999972,105.83036629999998,75.43277138113521
21.003763699999972,105.83066629999998,76.56372136248704
21.003763699999972,105.83096629999997,82.8614863217872
21.003763699999972,105.83126629999997,81.96314575504277
21.003763699999972,105.83156629999996,79.02164748251411
21.003763699999972,105.83186629999996,83.92884198898192
21.003763699999972,105.83216629999995,79.2850906845132
21.003763699999972,105.83246629999995,85.83836699401233
21.003763699999972,105.83276629999995,82.44283937534145
21.003763699999972,105.83306629999994,70.06996385816666
21.003763699999972,105.83336629999994,67.92040835676212
21.003763699999972,105.83366629999993,66.84938222774542
21.003763699999972,105.83396629999993,65.55455590602479
21.003763699999972,105.83426629999992,60.97011498745434
21.003763699999972,105.83456629999992,64.9225512829803
21.003763699999972,105.83486629999992,62.878114051846225
21.003763699999972,105.83516629999991,60.75275152641568
21.003763699999972,105.83546629999991,61.90803969332664
21.003763699999972,105.8357662999999,63.644180905698335
21.003763699999972,105.8360662999999,66.43665728083967
21.003763699999972,105.8363662999999,70.66803246156884
21.003763699999972,105.83666629999989,72.3904341532373
21.003763699999972,105.83696629999989,70.09342775881849
21.003763699999972,105.83726629999988,86.85447933756424
21.003763699999972,105.83756629999988,75.20781803098055
21.003763699999972,105.83786629999987,83.02251900925198
21.003763699999972,105.83816629999987,74.36483608693993
21.003763699999972,105.83846629999987,76.82533163039808
21.003763699999972,105.83876629999986,71.53656683833415
21.003763699999972,105.83906629999986,80.64802147047502
21.003763699999972,105.83936629999985,77.65253302046693
21.003763699999972,105.83966629999985,69.23478820344722
21.003763699999972,105.83996629999984,66.63335174546873
21.003763699999972,105.84026629999984,64.20194373997455
21.003763699999972,105.84056629999984,66.23732771578588
21.003763699999972,105.84086629999983,70.16227940082838
21.003763699999972,105.84116629999983,66.43947309457666
21.003763699999972,105.84146629999982,67.07851181720159
21.003763699999972,105.84176629999982,67.53746274897709
21.003763699999972,105.84206629999981,67.65022660565654
21.003763699999972,105.84236629999981,73.00224616388623
21.003763699999972,105.8426662999998,73.72274347369807
21.003763699999972,105.8429662999998,72.20224436312078
21.003763699999972,105.8432662999998,67.87258798705685
21.003763699999972,105.8435662999998,67.4553084911742
21.003763699999972,105.84386629999979,68.44891601723049
21.003763699999972,105.84416629999978,69.67065780158316
21.003763699999972,105.84446629999978,74.2286887226976
21.003763699999972,105.84476629999978,69.58052554297913
21.003763699999972,105.84506629999977,68.56745756333977
21.003763699999972,105.84536629999977,64.92621904436119
21.003763699999972,105.84566629999976,63.749748530869596
21.003763699999972,105.84596629999976,68.00018043991724
21.003763699999972,105.84626629999975,68.27959538342434
21.003763699999972,105.84656629999975,66.08169980924768
21.003763699999972,105.84686629999975,68.12209860017157
21.003763699999972,105.84716629999974,67.42831018203597
21.003763699999972,105.84746629999974,61.92627813113113
21.003763699999972,105.84776629999973,55.363113957314255
21.003763699999972,105.84806629999973,53.960358632141606
21.003763699999972,105.84836629999973,57.883571944169304
21.003763699999972,105.84866629999972,57.9074033364021
21.003763699999972,105.84896629999972,58.22460082230005
21.003763699999972,105.84926629999971,58.1466529647367
21.003763699999972,105.84956629999971,57.199701399093826
21.003763699999972,105.8498662999997,55.53336207871267
21.003763699999972,105.8501662999997,56.880162929357695
21.003763699999972,105.8504662999997,56.49828178513708
21.003763699999972,105.85076629999969,59.48619524163577
21.003763699999972,105.85106629999969,58.62950008147989
21.003763699999972,105.85136629999968,63.60400988371933
21.003763699999972,105.85166629999968,55.315146158591475
21.003763699999972,105.85196629999967,61.93001989010878
21.003763699999972,105.85226629999967,61.78423802425017
21.003763699999972,105.85256629999967,63.103663724385456
21.003763699999972,105.85286629999966,58.3852564763276
21.003763699999972,105.85316629999966,57.30341653440803
21.003763699999972,105.85346629999965,59.10815005758579
21.003763699999972,105.85376629999965,55.48849052759982
21.003763699999972,105.85406629999964,57.618651110379034
21.003763699999972,105.85436629999964,57.94943431397992
21.003763699999972,105.85466629999964,58.555073970237785
21.003763699999972,105.85496629999963,58.45413253378261
21.003763699999972,105.85526629999963,51.295175596185615
21.003763699999972,105.85556629999962,51.90832666468347
21.003763699999972,105.85586629999962,55.36133461461155
21.003763699999972,105.85616629999961,57.10141915050278
21.003763699999972,105.85646629999961,55.31258763887976
21.003763699999972,105.8567662999996,53.82471728617362
21.003763699999972,105.8570662999996,54.63667938463279
21.003763699999972,105.8573662999996,57.60964002085767
21.003763699999972,105.8576662999996,58.31991484786853
21.00406369999997,105.8291663,75.6911801025436
21.00406369999997,105.82946629999999,71.37302075867275
21.00406369999997,105.82976629999999,72.77491402936438
21.00406369999997,105.83006629999998,75.1250332972475
21.00406369999997,105.83036629999998,78.47194408378796
21.00406369999997,105.83066629999998,81.36172486401094
21.00406369999997,105.83096629999997,70.05967432056335
21.00406369999997,105.83126629999997,69.06638162849143
21.00406369999997,105.83156629999996,74.32463897461216
21.00406369999997,105.83186629999996,74.17623337484184
21.00406369999997,105.83216629999995,81.51755174799096
21.00406369999997,105.83246629999995,79.67884483883016
21.00406369999997,105.83276629999995,81.60126792392659
21.00406369999997,105.83306629999994,70.5476249073292
21.00406369999997,105.83336629999994,72.29869692635201
21.00406369999997,105.83366629999993,68.55695640505964
21.00406369999997,105.83396629999993,67.90883081491343
21.00406369999997,105.83426629999992,58.929991007642585
21.00406369999997,105.83456629999992,66.52763001057282
21.00406369999997,105.83486629999992,60.388882663442374
21.00406369999997,105.83516629999991,63.79174997419639
21.00406369999997,105.83546629999991,66.62663359106034
21.00406369999997,105.8357662999999,62.38145679457101
21.00406369999997,105.8360662999999,72.39005787712223
21.00406369999997,105.8363662999999,70.38370323665417
21.00406369999997,105.83666629999989,67.09833198904536
21.00406369999997,105.83696629999989,68.42298107352032
21.00406369999997,105.83726629999988,87.39373138626041
21.00406369999997,105.83756629999988,71.60650235080628
21.00406369999997,105.83786629999987,85.89236527399869
21.00406369999997,105.83816629999987,83.28809979210757
21.00406369999997,105.83846629999987,85.03369762860082
21.00406369999997,105.83876629999986,84.93667920174506
21.00406369999997,105.83906629999986,78.26651500499123
21.00406369999997,105.83936629999985,75.92191004832809
21.00406369999997,105.83966629999985,78.73147890792866
21.00406369999997,105.83996629999984,73.56381070710574
21.00406369999997,105.84026629999984,70.15270389578257
21.00406369999997,105.84056629999984,66.76663359690754
21.00406369999997,105.84086629999983,67.02060659788192
21.00406369999997,105.84116629999983,67.20965871222269
21.00406369999997,105.84146629999982,68.25708678209682
21.00406369999997,105.84176629999982,66.73834835129438
21.00406369999997,105.84206629999981,67.90432813519746
21.00406369999997,105.84236629999981,70.97015639872936
21.00406369999997,105.8426662999998,70.46598874364821
21.00406369999997,105.8429662999998,76.85526839883363
21.00406369999997,105.8432662999998,76.89899504226156
21.00406369999997,105.8435662999998,69.67717788372181
21.00406369999997,105.84386629999979,68.63120972691246
21.00406369999997,105.84416629999978,76.88774197970126
21.00406369999997,105.84446629999978,79.48108334206336
21.00406369999997,105.84476629999978,74.75939272326968
21.00406369999997,105.84506629999977,72.18780586516922
21.00406369999997,105.84536629999977,65.48080022810622
21.00406369999997,105.84566629999976,71.94084042308951
21.00406369999997,105.84596629999976,68.06530836486955
21.00406369999997,105.84626629999975,65.78501017424189
21.00406369999997,105.84656629999975,66.83165681599793
21.00406369999997,105.84686629999975,70.22883629945305
21.00406369999997,105.84716629999974,67.08650045302056
21.00406369999997,105.84746629999974,56.78766235099036
21.00406369999997,105.84776629999973,55.818548553734246
21.00406369999997,105.84806629999973,58.5555006072596
21.00406369999997,105.84836629999973,61.23397512403061
21.00406369999997,105.84866629999972,59.23467094723341
21.00406369999997,105.84896629999972,56.77435173892739
21.00406369999997,105.84926629999971,58.21845459794608
21.00406369999997,105.84956629999971,54.46113319742293
21.00406369999997,105.8498662999997,58.05525287015762
21.00406369999997,105.8501662999997,60.61913398221982
21.00406369999997,105.8504662999997,60.84085104606632
21.00406369999997,105.85076629999969,62.59450178104059
21.00406369999997,105.85106629999969,62.13869933235378
21.00406369999997,105.85136629999968,58.60205177409044
21.00406369999997,105.85166629999968,54.32222489585928
21.00406369999997,105.85196629999967,61.88671402286549
21.00406369999997,105.85226629999967,62.20362245242113
21.00406369999997,105.85256629999967,62.19071512002601
21.00406369999997,105.85286629999966,59.24939920010959
21.00406369999997,105.85316629999966,60.06941340826131
21.00406369999997,105.85346629999965,60.10927340076405
21.00406369999997,105.85376629999965,58.01787996535667
21.00406369999997,105.85406629999964,61.845864628865925
21.00406369999997,105.85436629999964,61.47491312600975
21.00406369999997,105.85466629999964,58.213082165189846
21.00406369999997,105.85496629999963,57.167499527777906
21.00406369999997,105.85526629999963,59.81805659621534
21.00406369999997,105.85556629999962,58.36634080113102
21.00406369999997,105.85586629999962,54.19950480701348
21.00406369999997,105.85616629999961,56.643592208306956
21.00406369999997,105.85646629999961,55.22067124597504
21.00406369999997,105.8567662999996,53.12931258068704
21.00406369999997,105.8570662999996,56.4354617067866
21.00406369999997,105.8573662999996,57.68415651587132
21.00406369999997,105.8576662999996,58.024064647235264
21.00436369999997,105.8291663,78.16844712472339
21.00436369999997,105.82946629999999,76.37379224995388
21.00436369999997,105.82976629999999,73.06580979618822
21.00436369999997,105.83006629999998,71.93396774195551
21.00436369999997,105.83036629999998,76.93705076752813
21.00436369999997,105.83066629999998,82.02210593714591
21.00436369999997,105.83096629999997,77.51163042459828
21.00436369999997,105.83126629999997,72.11072393790631
21.00436369999997,105.83156629999996,67.05545289625309
21.00436369999997,105.83186629999996,67.62173202703809
21.00436369999997,105.83216629999995,70.6409923227853
21.00436369999997,105.83246629999995,67.39921708228053
21.00436369999997,105.83276629999995,73.33548893464443
21.00436369999997,105.83306629999994,72.715258252899
21.00436369999997,105.83336629999994,70.85401111628428
21.00436369999997,105.83366629999993,72.18556689079094
21.00436369999997,105.83396629999993,64.77724519182577
21.00436369999997,105.83426629999992,60.1712288014983
21.00436369999997,105.83456629999992,64.85367855836012
21.00436369999997,105.83486629999992,65.93099020934805
21.00436369999997,105.83516629999991,73.87449952108285
21.00436369999997,105.83546629999991,69.95032391293827
21.00436369999997,105.8357662999999,69.11710245985417
21.00436369999997,105.8360662999999,73.25461360199489
21.00436369999997,105.8363662999999,71.00625450621041
21.00436369999997,105.83666629999989,70.53220943255695
21.00436369999997,105.83696629999989,71.09028820973488
21.00436369999997,105.83726629999988,72.23496571561766
21.00436369999997,105.83756629999988,74.82651839396159
21.00436369999997,105.83786629999987,82.86178926231179
21.00436369999997,105.83816629999987,81.86945459524944
21.00436369999997,105.83846629999987,78.45946146779266
21.00436369999997,105.83876629999986,77.86586866576867
21.00436369999997,105.83906629999986,78.13858899685734
21.00436369999997,105.83936629999985,72.93877262990891
21.00436369999997,105.83966629999985,72.24996407587896
21.00436369999997,105.83996629999984,71.10508894008763
21.00436369999997,105.84026629999984,69.98202130707409
21.00436369999997,105.84056629999984,72.83946450771788
21.00436369999997,105.84086629999983,65.66887101885334
21.00436369999997,105.84116629999983,65.88407000353877
21.00436369999997,105.84146629999982,66.34790419470525
21.00436369999997,105.84176629999982,66.7932792025131
21.00436369999997,105.84206629999981,67.32687351165886
21.00436369999997,105.84236629999981,72.9306137480469
21.00436369999997,105.8426662999998,76.95047201342469
21.00436369999997,105.8429662999998,71.95553984749242
21.00436369999997,105.8432662999998,77.03348760916232
21.00436369999997,105.8435662999998,72.96075432472848
21.00436369999997,105.84386629999979,72.6786194955816
21.00436369999997,105.84416629999978,79.7304416683881
21.00436369999997,105.84446629999978,75.17862197149717
21.00436369999997,105.84476629999978,76.07269374701862
21.00436369999997,105.84506629999977,71.90182096738559
21.00436369999997,105.84536629999977,66.92092755508386
21.00436369999997,105.84566629999976,68.74099632951626
21.00436369999997,105.84596629999976,60.42889071276747
21.00436369999997,105.84626629999975,67.97168205080837
21.00436369999997,105.84656629999975,68.16088713311794
21.00436369999997,105.84686629999975,70.12522470836149
21.00436369999997,105.84716629999974,64.5211542028532
21.00436369999997,105.84746629999974,63.51726588849587
21.00436369999997,105.84776629999973,57.127100196665126
21.00436369999997,105.84806629999973,57.98213917050367
21.00436369999997,105.84836629999973,59.60798952838799
21.00436369999997,105.84866629999972,60.87289222019314
21.00436369999997,105.84896629999972,55.69431607055573
21.00436369999997,105.84926629999971,56.66223932982743
21.00436369999997,105.84956629999971,56.22762482324265
21.00436369999997,105.8498662999997,58.48832560176214
21.00436369999997,105.8501662999997,58.98892761323725
21.00436369999997,105.8504662999997,65.6027400951452
21.00436369999997,105.85076629999969,63.89874715470752
21.00436369999997,105.85106629999969,63.44525554902195
21.00436369999997,105.85136629999968,58.17509256566325
21.00436369999997,105.85166629999968,57.086242601166035
21.00436369999997,105.85196629999967,62.50481197373175
21.00436369999997,105.85226629999967,57.145708172717505
21.00436369999997,105.85256629999967,58.80101938029995
21.00436369999997,105.85286629999966,57.58050225765916
21.00436369999997,105.85316629999966,58.700396131318584
21.00436369999997,105.85346629999965,57.9535405398873
21.00436369999997,105.85376629999965,57.15743032820039
21.00436369999997,105.85406629999964,53.11175231490664
21.00436369999997,105.85436629999964,53.12929748126535
21.00436369999997,105.85466629999964,60.353746123648165
21.00436369999997,105.85496629999963,61.161955668610005
21.00436369999997,105.85526629999963,58.70304350188343
21.00436369999997,105.85556629999962,57.137626470166495
21.00436369999997,105.85586629999962,54.777100456903156
21.00436369999997,105.85616629999961,56.66145536692066
21.00436369999997,105.85646629999961,61.57484953365736
21.00436369999997,105.8567662999996,60.41093791735426
21.00436369999997,105.8570662999996,66.32115132660543
21.00436369999997,105.8573662999996,66.36156569825671
21.00436369999997,105.8576662999996,65.89240430242798
21.00466369999997,105.8291663,78.31722936683995
21.00466369999997,105.82946629999999,76.99470803467699
21.00466369999997,105.82976629999999,62.87949499109638
21.00466369999997,105.83006629999998,69.90981741833909
21.00466369999997,105.83036629999998,69.18902914724924
21.00466369999997,105.83066629999998,72.33397355869064
21.00466369999997,105.83096629999997,71.8572605532908
21.00466369999997,105.83126629999997,65.71301467847931
21.00466369999997,105.83156629999996,62.81797991967308
21.00466369999997,105.83186629999996,60.995346063872745
21.00466369999997,105.83216629999995,67.59907550612942
21.00466369999997,105.83246629999995,69.97586122797449
21.00466369999997,105.83276629999995,64.87047380694581
21.00466369999997,105.83306629999994,63.659934416891744
21.00466369999997,105.83336629999994,56.56020720453246
21.00466369999997,105.83366629999993,69.68426868392525
21.00466369999997,105.83396629999993,67.0314695574097
21.00466369999997,105.83426629999992,64.75778285995742
21.00466369999997,105.83456629999992,60.034969556518874
21.00466369999997,105.83486629999992,67.95308135697887
21.00466369999997,105.83516629999991,74.13244652769004
21.00466369999997,105.83546629999991,67.83003210385667
21.00466369999997,105.8357662999999,65.14317227872672
21.00466369999997,105.8360662999999,71.88673254122376
21.00466369999997,105.8363662999999,70.88127109296794
21.00466369999997,105.83666629999989,70.15784053589744
21.00466369999997,105.83696629999989,73.31723676342769
21.00466369999997,105.83726629999988,72.79925996483462
21.00466369999997,105.83756629999988,69.29913632801086
21.00466369999997,105.83786629999987,85.5766315075668
21.00466369999997,105.83816629999987,82.72281567619366
21.00466369999997,105.83846629999987,83.60662190171219
21.00466369999997,105.83876629999986,76.2003025739031
21.00466369999997,105.83906629999986,74.91328501607187
21.00466369999997,105.83936629999985,71.96625410486841
21.00466369999997,105.83966629999985,68.78700085663137
21.00466369999997,105.83996629999984,72.73241306401131
21.00466369999997,105.84026629999984,69.55402944723974
21.00466369999997,105.84056629999984,69.77438101386322
21.00466369999997,105.84086629999983,67.68661064169973
21.00466369999997,105.84116629999983,68.13070494611726
21.00466369999997,105.84146629999982,65.41870532850521
21.00466369999997,105.84176629999982,67.20472243393075
21.00466369999997,105.84206629999981,60.70295821089687
21.00466369999997,105.84236629999981,66.70080335665158
21.00466369999997,105.8426662999998,69.07367968267673
21.00466369999997,105.8429662999998,77.6309689177789
21.00466369999997,105.8432662999998,75.72230305921788
21.00466369999997,105.8435662999998,70.45952515606284
21.00466369999997,105.84386629999979,72.36864903730016
21.00466369999997,105.84416629999978,69.28260387692553
21.00466369999997,105.84446629999978,59.63833772760621
21.00466369999997,105.84476629999978,59.708629395273704
21.00466369999997,105.84506629999977,57.16675288578476
21.00466369999997,105.84536629999977,72.64419106611791
21.00466369999997,105.84566629999976,68.19107163493695
21.00466369999997,105.84596629999976,70.6864617526054
21.00466369999997,105.84626629999975,69.03778678862234
21.00466369999997,105.84656629999975,69.22229860487617
21.00466369999997,105.84686629999975,66.86483553627247
21.00466369999997,105.84716629999974,65.62192600401944
21.00466369999997,105.84746629999974,67.31995260109463
21.00466369999997,105.84776629999973,63.323436642939555
21.00466369999997,105.84806629999973,55.79179831882219
21.00466369999997,105.84836629999973,58.42352214236841
21.00466369999997,105.84866629999972,61.464105116094174
21.00466369999997,105.84896629999972,57.67195945047983
21.00466369999997,105.84926629999971,53.21857076650208
21.00466369999997,105.84956629999971,58.631836151948164
21.00466369999997,105.8498662999997,60.511736121202446
21.00466369999997,105.8501662999997,62.0384776432616
21.00466369999997,105.8504662999997,57.14359603337624
21.00466369999997,105.85076629999969,58.509722085063004
21.00466369999997,105.85106629999969,58.928918086127396
21.00466369999997,105.85136629999968,64.03912239573303
21.00466369999997,105.85166629999968,54.34627071518949
21.00466369999997,105.85196629999967,56.35618279847364
21.00466369999997,105.85226629999967,52.37143349710837
21.00466369999997,105.85256629999967,55.629441702985915
21.00466369999997,105.85286629999966,60.499657361299754
21.00466369999997,105.85316629999966,56.15281991677648
21.00466369999997,105.85346629999965,58.237053116387614
21.00466369999997,105.85376629999965,57.02645970056028
21.00466369999997,105.85406629999964,55.80662122615202
21.00466369999997,105.85436629999964,60.08579467000024
21.00466369999997,105.85466629999964,57.918920395159915
21.00466369999997,105.85496629999963,61.82577248148752
21.00466369999997,105.85526629999963,59.22711622818623
21.00466369999997,105.85556629999962,54.005303891364036
21.00466369999997,105.85586629999962,57.13955040929201
21.00466369999997,105.85616629999961,55.87219316235144
21.00466369999997,105.85646629999961,60.816701907920844
21.00466369999997,105.8567662999996,60.41093791735426
21.00466369999997,105.8570662999996,65.4476194563317
21.00466369999997,105.8573662999996,62.95209166170166
21.00466369999997,105.8576662999996,64.02065279909861
21.00496369999997,105.8291663,78.38698582655607
21.00496369999997,105.82946629999999,65.70761992557061
21.00496369999997,105.82976629999999,63.34705824443192
21.00496369999997,105.83006629999998,60.317413799911634
21.00496369999997,105.83036629999998,69.37830606127673
21.00496369999997,105.83066629999998,63.994962989726645
21.00496369999997,105.83096629999997,72.10675304068914
21.00496369999997,105.83126629999997,66.07697024260129
21.00496369999997,105.83156629999996,61.47912289900121
21.00496369999997,105.83186629999996,60.7791186507974
21.00496369999997,105.83216629999995,64.67567079050785
21.00496369999997,105.83246629999995,66.5100325290762
21.00496369999997,105.83276629999995,63.92201717614235
21.00496369999997,105.83306629999994,62.04532171492552
21.00496369999997,105.83336629999994,56.63826368173942
21.00496369999997,105.83366629999993,53.537031730678954
21.00496369999997,105.83396629999993,59.564272183290754
21.00496369999997,105.83426629999992,64.98592287424906
21.00496369999997,105.83456629999992,68.43341235293619
21.00496369999997,105.83486629999992,72.10572289570554
21.00496369999997,105.83516629999991,68.92198338205452
21.00496369999997,105.83546629999991,68.74975628095714
21.00496369999997,105.8357662999999,65.82720303139601
21.00496369999997,105.8360662999999,71.06939540350588
21.00496369999997,105.8363662999999,70.45148856808265
21.00496369999997,105.83666629999989,69.79033328796541
21.00496369999997,105.83696629999989,73.08746464870778
21.00496369999997,105.83726629999988,74.11427612304793
21.00496369999997,105.83756629999988,70.48672977833408
21.00496369999997,105.83786629999987,67.59189907211368
21.00496369999997,105.83816629999987,69.50554377898081
21.00496369999997,105.83846629999987,67.5314896696859
21.00496369999997,105.83876629999986,75.91313365437333
21.00496369999997,105.83906629999986,77.9876596014744
21.00496369999997,105.83936629999985,74.33720396617338
21.00496369999997,105.83966629999985,69.1180000281401
21.00496369999997,105.83996629999984,69.90769330494368
21.00496369999997,105.84026629999984,72.4884788303276
21.00496369999997,105.84056629999984,72.71799378905332
21.00496369999997,105.84086629999983,67.60935535851766
21.00496369999997,105.84116629999983,65.27436629078724
21.00496369999997,105.84146629999982,65.52351802209236
21.00496369999997,105.84176629999982,65.16050843569722
21.00496369999997,105.84206629999981,71.07112632448151
21.00496369999997,105.84236629999981,70.67003511724863
21.00496369999997,105.8426662999998,78.91481507454736
21.00496369999997,105.8429662999998,80.87454432114512
21.00496369999997,105.8432662999998,78.9885128199026
21.00496369999997,105.8435662999998,75.95092180671156
21.00496369999997,105.84386629999979,71.20393597281706
21.00496369999997,105.84416629999978,59.49815700230472
21.00496369999997,105.84446629999978,59.06667655448305
21.00496369999997,105.84476629999978,60.28559913782067
21.00496369999997,105.84506629999977,58.13771641979838
21.00496369999997,105.84536629999977,72.54447216803723
21.00496369999997,105.84566629999976,70.72202345311534
21.00496369999997,105.84596629999976,68.46276908533737
21.00496369999997,105.84626629999975,69.51789948003258
21.00496369999997,105.84656629999975,68.59337845913731
21.00496369999997,105.84686629999975,65.79817386706539
21.00496369999997,105.84716629999974,66.31272799014062
21.00496369999997,105.84746629999974,73.63425287869455
21.00496369999997,105.84776629999973,69.47858451282472
21.00496369999997,105.84806629999973,55.70523424421688
21.00496369999997,105.84836629999973,53.17040873375134
21.00496369999997,105.84866629999972,58.47004729818522
21.00496369999997,105.84896629999972,55.98422291424596
21.00496369999997,105.84926629999971,59.4023102199578
21.00496369999997,105.84956629999971,59.95078208900226
21.00496369999997,105.8498662999997,59.51851717856066
21.00496369999997,105.8501662999997,60.037705900539734
21.00496369999997,105.8504662999997,63.25985528489183
21.00496369999997,105.85076629999969,62.2682049659404
21.00496369999997,105.85106629999969,58.50534256168618
21.00496369999997,105.85136629999968,63.40568225250979
21.00496369999997,105.85166629999968,59.9061798395895
21.00496369999997,105.85196629999967,52.18996440405883
21.00496369999997,105.85226629999967,58.43602808848273
21.00496369999997,105.85256629999967,60.53997223206336
21.00496369999997,105.85286629999966,59.015607952259984
21.00496369999997,105.85316629999966,60.57258777052809
21.00496369999997,105.85346629999965,56.641811705309664
21.00496369999997,105.85376629999965,56.682759416650384
21.00496369999997,105.85406629999964,51.62739448190044
21.00496369999997,105.85436629999964,59.86729555130998
21.00496369999997,105.85466629999964,60.4121093363956
21.00496369999997,105.85496629999963,60.823474220596154
21.00496369999997,105.85526629999963,60.39058787770226
21.00496369999997,105.85556629999962,59.34104844034354
21.00496369999997,105.85586629999962,51.44418184459465
21.00496369999997,105.85616629999961,54.544277259246805
21.00496369999997,105.85646629999961,60.06345264170311
21.00496369999997,105.8567662999996,61.33119022467777
21.00496369999997,105.8570662999996,65.13091630168286
21.00496369999997,105.8573662999996,66.55208825797064
21.00496369999997,105.8576662999996,66.43767395448171
21.00526369999997,105.8291663,65.94867330059967
21.00526369999997,105.82946629999999,65.6466734265518
21.00526369999997,105.82976629999999,65.66952237109908
21.00526369999997,105.83006629999998,68.73277363631442
21.00526369999997,105.83036629999998,71.18889558673956
21.00526369999997,105.83066629999998,67.18575804191703
21.00526369999997,105.83096629999997,69.62848889779423
21.00526369999997,105.83126629999997,61.80852564183809
21.00526369999997,105.83156629999996,58.87610144473274
21.00526369999997,105.83186629999996,63.220604530421056
21.00526369999997,105.83216629999995,64.6309162464963
21.00526369999997,105.83246629999995,67.886417234543
21.00526369999997,105.83276629999995,61.981250016423516
21.00526369999997,105.83306629999994,64.17430768517542
21.00526369999997,105.83336629999994,58.59167948563166
21.00526369999997,105.83366629999993,53.360046247840316
21.00526369999997,105.83396629999993,60.098774839827016
21.00526369999997,105.83426629999992,59.40715098846003
21.00526369999997,105.83456629999992,64.34386052841407
21.00526369999997,105.83486629999992,67.38369909291283
21.00526369999997,105.83516629999991,73.93563374103883
21.00526369999997,105.83546629999991,67.68016595208867
21.00526369999997,105.8357662999999,70.48455131748973
21.00526369999997,105.8360662999999,72.99701575249141
21.00526369999997,105.8363662999999,72.3766963261043
21.00526369999997,105.83666629999989,71.49735381832272
21.00526369999997,105.83696629999989,72.41997988085639
21.00526369999997,105.83726629999988,71.49206959063648
21.00526369999997,105.83756629999988,78.36449358118162
21.00526369999997,105.83786629999987,88.09117237229097
21.00526369999997,105.83816629999987,73.24152530198283
21.00526369999997,105.83846629999987,72.60658548730466
21.00526369999997,105.83876629999986,76.23373890196667
21.00526369999997,105.83906629999986,79.4936813726142
21.00526369999997,105.83936629999985,71.5742066086431
21.00526369999997,105.83966629999985,67.19254285909354
21.00526369999997,105.83996629999984,65.59647229224994
21.00526369999997,105.84026629999984,65.21023231932777
21.00526369999997,105.84056629999984,72.31487261887771
21.00526369999997,105.84086629999983,68.50123197781588
21.00526369999997,105.84116629999983,63.85894726112086
21.00526369999997,105.84146629999982,66.08103532924453
21.00526369999997,105.84176629999982,70.3887281642434
21.00526369999997,105.84206629999981,68.71109489546278
21.00526369999997,105.84236629999981,64.516494786608
21.00526369999997,105.8426662999998,67.64686397888993
21.00526369999997,105.8429662999998,78.32756452761855
21.00526369999997,105.8432662999998,76.85287548455489
21.00526369999997,105.8435662999998,78.77443529614908
21.00526369999997,105.84386629999979,59.29088763947378
21.00526369999997,105.84416629999978,62.549931886402035
21.00526369999997,105.84446629999978,64.55727779615667
21.00526369999997,105.84476629999978,65.20413486413877
21.00526369999997,105.84506629999977,67.34116139287025
21.00526369999997,105.84536629999977,75.40562919484093
21.00526369999997,105.84566629999976,69.60461159911007
21.00526369999997,105.84596629999976,70.98538879373014
21.00526369999997,105.84626629999975,64.95866735192769
21.00526369999997,105.84656629999975,63.57999438667919
21.00526369999997,105.84686629999975,68.62195027306798
21.00526369999997,105.84716629999974,69.28702183887346
21.00526369999997,105.84746629999974,72.47875255849883
21.00526369999997,105.84776629999973,70.02129569469892
21.00526369999997,105.84806629999973,55.79341344012103
21.00526369999997,105.84836629999973,53.93389210322928
21.00526369999997,105.84866629999972,60.33766670266047
21.00526369999997,105.84896629999972,60.45990241149572
21.00526369999997,105.84926629999971,61.45752619651374
21.00526369999997,105.84956629999971,56.55648778856619
21.00526369999997,105.8498662999997,60.64879462568649
21.00526369999997,105.8501662999997,59.08075255664045
21.00526369999997,105.8504662999997,61.250582754138776
21.00526369999997,105.85076629999969,61.119826326087605
21.00526369999997,105.85106629999969,59.560349987368085
21.00526369999997,105.85136629999968,58.23440838587497
21.00526369999997,105.85166629999968,58.24059139673159
21.00526369999997,105.85196629999967,54.63657627531967
21.00526369999997,105.85226629999967,59.515435459760624
21.00526369999997,105.85256629999967,63.178291007546875
21.00526369999997,105.85286629999966,59.34631104449244
21.00526369999997,105.85316629999966,59.30070860018009
21.00526369999997,105.85346629999965,56.0160990797702
21.00526369999997,105.85376629999965,60.501872189967415
21.00526369999997,105.85406629999964,61.615185148193916
21.00526369999997,105.85436629999964,62.64296462267632
21.00526369999997,105.85466629999964,63.400739383842165
21.00526369999997,105.85496629999963,64.83331401695612
21.00526369999997,105.85526629999963,59.613968879616976
21.00526369999997,105.85556629999962,56.5536553171888
21.00526369999997,105.85586629999962,51.68558552517897
21.00526369999997,105.85616629999961,54.544277259246805
21.00526369999997,105.85646629999961,61.83386456673348
21.00526369999997,105.8567662999996,63.030859438438426
21.00526369999997,105.8570662999996,65.13091630168286
21.00526369999997,105.8573662999996,66.16813731159519
21.00526369999997,105.8576662999996,67.66187234963428
21.005563699999968,105.8291663,68.31671977606679
21.005563699999968,105.82946629999999,67.96310464913442
21.005563699999968,105.82976629999999,65.09726041419697
21.005563699999968,105.83006629999998,61.13152395164323
21.005563699999968,105.83036629999998,65.13925668478626
21.005563699999968,105.83066629999998,69.29716928754144
21.005563699999968,105.83096629999997,65.58614351968801
21.005563699999968,105.83126629999997,65.73500291153898
21.005563699999968,105.83156629999996,68.70744074951246
21.005563699999968,105.83186629999996,70.83639936110525
21.005563699999968,105.83216629999995,67.75067745016567
21.005563699999968,105.83246629999995,67.95977053065832
21.005563699999968,105.83276629999995,60.10282372747224
21.005563699999968,105.83306629999994,63.59014706033115
21.005563699999968,105.83336629999994,64.59778408537889
21.005563699999968,105.83366629999993,58.91462553061322
21.005563699999968,105.83396629999993,59.23294140992947
21.005563699999968,105.83426629999992,64.79475035843903
21.005563699999968,105.83456629999992,58.18162065875602
21.005563699999968,105.83486629999992,77.50495552517012
21.005563699999968,105.83516629999991,71.41914629893563
21.005563699999968,105.83546629999991,64.25672995285167
21.005563699999968,105.8357662999999,69.4279122485538
21.005563699999968,105.8360662999999,70.56803799100248
21.005563699999968,105.8363662999999,68.48688985722576
21.005563699999968,105.83666629999989,70.72129180707279
21.005563699999968,105.83696629999989,75.92519953998476
21.005563699999968,105.83726629999988,72.96010453505266
21.005563699999968,105.83756629999988,73.40759047273806
21.005563699999968,105.83786629999987,83.54928362876382
21.005563699999968,105.83816629999987,79.75764870785711
21.005563699999968,105.83846629999987,74.90457115031631
21.005563699999968,105.83876629999986,74.12421317312604
21.005563699999968,105.83906629999986,73.50150798322255
21.005563699999968,105.83936629999985,66.37357531159063
21.005563699999968,105.83966629999985,63.852351099524384
21.005563699999968,105.83996629999984,66.4367145727574
21.005563699999968,105.84026629999984,70.27804840664439
21.005563699999968,105.84056629999984,74.33104004893283
21.005563699999968,105.84086629999983,67.24229943616409
21.005563699999968,105.84116629999983,70.1644104866059
21.005563699999968,105.84146629999982,70.07969886536914
21.005563699999968,105.84176629999982,64.66113387081381
21.005563699999968,105.84206629999981,72.6715928161034
21.005563699999968,105.84236629999981,66.81512154272482
21.005563699999968,105.8426662999998,74.94559138691471
21.005563699999968,105.8429662999998,74.08334246994629
21.005563699999968,105.8432662999998,77.95627486026241
21.005563699999968,105.8435662999998,79.7380171896814
21.005563699999968,105.84386629999979,74.93860608086304
21.005563699999968,105.84416629999978,62.2351649853525
21.005563699999968,105.84446629999978,62.81443691853322
21.005563699999968,105.84476629999978,65.31159401242027
21.005563699999968,105.84506629999977,63.06485884494538
21.005563699999968,105.84536629999977,68.30934553250894
21.005563699999968,105.84566629999976,64.58470964999921
21.005563699999968,105.84596629999976,68.44014753889445
21.005563699999968,105.84626629999975,65.04603055308498
21.005563699999968,105.84656629999975,62.1646086942429
21.005563699999968,105.84686629999975,69.49567349796618
21.005563699999968,105.84716629999974,66.02868962818062
21.005563699999968,105.84746629999974,65.38781740128144
21.005563699999968,105.84776629999973,66.3269684213792
21.005563699999968,105.84806629999973,59.89685936317798
21.005563699999968,105.84836629999973,56.0010696713497
21.005563699999968,105.84866629999972,56.91260198714831
21.005563699999968,105.84896629999972,59.15285104188024
21.005563699999968,105.84926629999971,59.4715856199019
21.005563699999968,105.84956629999971,60.870178512386886
21.005563699999968,105.8498662999997,56.397869872089274
21.005563699999968,105.8501662999997,60.3756924113185
21.005563699999968,105.8504662999997,56.57833465806529
21.005563699999968,105.85076629999969,60.66058009734131
21.005563699999968,105.85106629999969,58.07458189396516
21.005563699999968,105.85136629999968,56.23972665735313
21.005563699999968,105.85166629999968,59.30400282024573
21.005563699999968,105.85196629999967,56.29908623287183
21.005563699999968,105.85226629999967,58.179998950871095
21.005563699999968,105.85256629999967,60.84040164071422
21.005563699999968,105.85286629999966,58.3062977416876
21.005563699999968,105.85316629999966,58.60488304569151
21.005563699999968,105.85346629999965,58.81534495827529
21.005563699999968,105.85376629999965,60.811344476020935
21.005563699999968,105.85406629999964,59.87059084175755
21.005563699999968,105.85436629999964,61.446093267507834
21.005563699999968,105.85466629999964,61.71910948673198
21.005563699999968,105.85496629999963,58.383399079581565
21.005563699999968,105.85526629999963,56.498043946982904
21.005563699999968,105.85556629999962,48.450600052831774
21.005563699999968,105.85586629999962,50.260918706213346
21.005563699999968,105.85616629999961,52.440782421485764
21.005563699999968,105.85646629999961,62.27261305884001
21.005563699999968,105.8567662999996,62.346045431080285
21.005563699999968,105.8570662999996,66.0754660609382
21.005563699999968,105.8573662999996,71.5674338587836
21.005563699999968,105.8576662999996,72.569726123524
21.005863699999967,105.8291663,72.75532200239925
21.005863699999967,105.82946629999999,69.78505547207418
21.005863699999967,105.82976629999999,68.63661921641969
21.005863699999967,105.83006629999998,62.836500226120236
21.005863699999967,105.83036629999998,63.534130549427815
21.005863699999967,105.83066629999998,68.41037009638043
21.005863699999967,105.83096629999997,66.57814862820469
21.005863699999967,105.83126629999997,68.3689116128068
21.005863699999967,105.83156629999996,67.1919330784257
21.005863699999967,105.83186629999996,67.2181596968617
21.005863699999967,105.83216629999995,61.96603199791036
21.005863699999967,105.83246629999995,56.59271830392872
21.005863699999967,105.83276629999995,63.2346688012512
21.005863699999967,105.83306629999994,63.23794528577086
21.005863699999967,105.83336629999994,63.78662563111858
21.005863699999967,105.83366629999993,62.424520137410255
21.005863699999967,105.83396629999993,71.0969295068159
21.005863699999967,105.83426629999992,61.24597048669706
21.005863699999967,105.83456629999992,62.85222816458217
21.005863699999967,105.83486629999992,66.70175425694978
21.005863699999967,105.83516629999991,69.47620837396315
21.005863699999967,105.83546629999991,67.82491621792097
21.005863699999967,105.8357662999999,67.53891628881487
21.005863699999967,105.8360662999999,70.98008019439489
21.005863699999967,105.8363662999999,69.06822172778902
21.005863699999967,105.83666629999989,73.10374086728498
21.005863699999967,105.83696629999989,69.4493214437769
21.005863699999967,105.83726629999988,66.5622281477583
21.005863699999967,105.83756629999988,84.09247930696165
21.005863699999967,105.83786629999987,81.92564942806916
21.005863699999967,105.83816629999987,80.5261418687059
21.005863699999967,105.83846629999987,86.25383313402972
21.005863699999967,105.83876629999986,67.93501709233435
21.005863699999967,105.83906629999986,69.19057226732924
21.005863699999967,105.83936629999985,61.42738056170353
21.005863699999967,105.83966629999985,60.39500822403599
21.005863699999967,105.83996629999984,65.86708270052827
21.005863699999967,105.84026629999984,70.03473939034517
21.005863699999967,105.84056629999984,67.06847333322654
21.005863699999967,105.84086629999983,71.97422296560705
21.005863699999967,105.84116629999983,65.03806073400638
21.005863699999967,105.84146629999982,69.65250019729584
21.005863699999967,105.84176629999982,62.802617495216126
21.005863699999967,105.84206629999981,65.90181406498567
21.005863699999967,105.84236629999981,69.42104566193073
21.005863699999967,105.8426662999998,74.31389185702892
21.005863699999967,105.8429662999998,69.18877987320842
21.005863699999967,105.8432662999998,66.7368092600334
21.005863699999967,105.8435662999998,79.12859483684979
21.005863699999967,105.84386629999979,80.45938699515537
21.005863699999967,105.84416629999978,70.90288493206626
21.005863699999967,105.84446629999978,76.07836547778388
21.005863699999967,105.84476629999978,72.95023885454995
21.005863699999967,105.84506629999977,64.96713169664795
21.005863699999967,105.84536629999977,64.47334502575166
21.005863699999967,105.84566629999976,63.04688241605122
21.005863699999967,105.84596629999976,68.20103602237164
21.005863699999967,105.84626629999975,65.55744677506581
21.005863699999967,105.84656629999975,60.68813282711821
21.005863699999967,105.84686629999975,62.691888844972866
21.005863699999967,105.84716629999974,70.26688513215399
21.005863699999967,105.84746629999974,68.10053252719624
21.005863699999967,105.84776629999973,65.54963696040727
21.005863699999967,105.84806629999973,54.54880639758825
21.005863699999967,105.84836629999973,57.38776586325386
21.005863699999967,105.84866629999972,54.838791318638
21.005863699999967,105.84896629999972,59.39315891786498
21.005863699999967,105.84926629999971,56.653818382697494
21.005863699999967,105.84956629999971,58.5040898936617
21.005863699999967,105.8498662999997,60.797307659671844
21.005863699999967,105.8501662999997,57.94876459114664
21.005863699999967,105.8504662999997,56.130113940319575
21.005863699999967,105.85076629999969,59.384378386659876
21.005863699999967,105.85106629999969,56.17571906527394
21.005863699999967,105.85136629999968,60.35043579319364
21.005863699999967,105.85166629999968,57.62431904795332
21.005863699999967,105.85196629999967,57.827307998681576
21.005863699999967,105.85226629999967,59.96023406174267
21.005863699999967,105.85256629999967,58.388854735146765
21.005863699999967,105.85286629999966,55.72931959083283
21.005863699999967,105.85316629999966,56.369768263425314
21.005863699999967,105.85346629999965,62.558951453657585
21.005863699999967,105.85376629999965,56.68078351251678
21.005863699999967,105.85406629999964,60.374033581450874
21.005863699999967,105.85436629999964,60.860725684902604
21.005863699999967,105.85466629999964,61.899434438852964
21.005863699999967,105.85496629999963,55.57761491500085
21.005863699999967,105.85526629999963,54.52083116267271
21.005863699999967,105.85556629999962,52.79713575294774
21.005863699999967,105.85586629999962,53.22279005531698
21.005863699999967,105.85616629999961,53.51338868890417
21.005863699999967,105.85646629999961,63.28456748023501
21.005863699999967,105.8567662999996,61.57725838103036
21.005863699999967,105.8570662999996,64.02065279909861
21.005863699999967,105.8573662999996,66.43767395448171
21.005863699999967,105.8576662999996,71.84259573602915
21.006163699999966,105.8291663,73.85313847129171
21.006163699999966,105.82946629999999,73.89207549227368
21.006163699999966,105.82976629999999,71.30991592534431
21.006163699999966,105.83006629999998,70.27066768870645
21.006163699999966,105.83036629999998,69.33347330679011
21.006163699999966,105.83066629999998,67.3710684715152
21.006163699999966,105.83096629999997,66.08936491453981
21.006163699999966,105.83126629999997,62.04070971502641
21.006163699999966,105.83156629999996,70.41836450116861
21.006163699999966,105.83186629999996,70.7430011973296
21.006163699999966,105.83216629999995,74.14974455695594
21.006163699999966,105.83246629999995,67.9425222565236
21.006163699999966,105.83276629999995,67.75964026950892
21.006163699999966,105.83306629999994,69.65648852129574
21.006163699999966,105.83336629999994,75.02146319629213
21.006163699999966,105.83366629999993,67.87049514109765
21.006163699999966,105.83396629999993,64.53993741458385
21.006163699999966,105.83426629999992,61.98462693998283
21.006163699999966,105.83456629999992,61.497943441240906
21.006163699999966,105.83486629999992,63.071989381799824
21.006163699999966,105.83516629999991,70.10150603868667
21.006163699999966,105.83546629999991,69.45139525475291
21.006163699999966,105.8357662999999,74.82869484354903
21.006163699999966,105.8360662999999,69.50255986870653
21.006163699999966,105.8363662999999,74.71149290971289
21.006163699999966,105.83666629999989,69.33232209557332
21.006163699999966,105.83696629999989,72.35744498658279
21.006163699999966,105.83726629999988,73.96776977520265
21.006163699999966,105.83756629999988,65.85021243724943
21.006163699999966,105.83786629999987,69.50070808444471
21.006163699999966,105.83816629999987,63.63320164737475
21.006163699999966,105.83846629999987,67.7299510996914
21.006163699999966,105.83876629999986,66.25447675593948
21.006163699999966,105.83906629999986,65.01804856867243
21.006163699999966,105.83936629999985,58.055356364130645
21.006163699999966,105.83966629999985,72.8754592777821
21.006163699999966,105.83996629999984,62.86783537105927
21.006163699999966,105.84026629999984,59.24482106328048
21.006163699999966,105.84056629999984,66.18344918793095
21.006163699999966,105.84086629999983,70.53956821791655
21.006163699999966,105.84116629999983,69.78317935275908
21.006163699999966,105.84146629999982,66.02066109730067
21.006163699999966,105.84176629999982,66.02186125153976
21.006163699999966,105.84206629999981,65.23519510041503
21.006163699999966,105.84236629999981,61.24537080006661
21.006163699999966,105.8426662999998,65.4838720257618
21.006163699999966,105.8429662999998,65.50773096728295
21.006163699999966,105.8432662999998,69.04368716479667
21.006163699999966,105.8435662999998,70.57972842961954
21.006163699999966,105.84386629999979,79.25383504797443
21.006163699999966,105.84416629999978,77.97822531793324
21.006163699999966,105.84446629999978,83.47250496132068
21.006163699999966,105.84476629999978,78.57754749826131
21.006163699999966,105.84506629999977,69.71125420565859
21.006163699999966,105.84536629999977,69.24834349964352
21.006163699999966,105.84566629999976,63.839039336092085
21.006163699999966,105.84596629999976,69.43679442122466
21.006163699999966,105.84626629999975,65.98112197492334
21.006163699999966,105.84656629999975,70.20931698359117
21.006163699999966,105.84686629999975,68.67040717320333
21.006163699999966,105.84716629999974,68.30753607478803
21.006163699999966,105.84746629999974,73.30506622214477
21.006163699999966,105.84776629999973,71.76630083151476
21.006163699999966,105.84806629999973,67.13958214856272
21.006163699999966,105.84836629999973,58.31462209682152
21.006163699999966,105.84866629999972,58.15743816770481
21.006163699999966,105.84896629999972,62.076163945212144
21.006163699999966,105.84926629999971,61.33371929382038
21.006163699999966,105.84956629999971,58.47416389591305
21.006163699999966,105.8498662999997,59.41848004043254
21.006163699999966,105.8501662999997,61.12026606463567
21.006163699999966,105.8504662999997,61.26705867147875
21.006163699999966,105.85076629999969,61.17940836048125
21.006163699999966,105.85106629999969,58.60991784798726
21.006163699999966,105.85136629999968,62.625409732732365
21.006163699999966,105.85166629999968,55.44092737351541
21.006163699999966,105.85196629999967,56.25112959576124
21.006163699999966,105.85226629999967,59.19027830062558
21.006163699999966,105.85256629999967,58.626261835896486
21.006163699999966,105.85286629999966,55.83337239971476
21.006163699999966,105.85316629999966,57.581350599090996
21.006163699999966,105.85346629999965,54.89553640715944
21.006163699999966,105.85376629999965,57.6010969405078
21.006163699999966,105.85406629999964,59.6177674300948
21.006163699999966,105.85436629999964,61.78638272163725
21.006163699999966,105.85466629999964,61.60891722989875
21.006163699999966,105.85496629999963,60.98864113067731
21.006163699999966,105.85526629999963,60.50713848992767
21.006163699999966,105.85556629999962,55.841932029018636
21.006163699999966,105.85586629999962,53.93407936899098
21.006163699999966,105.85616629999961,53.52479186894592
21.006163699999966,105.85646629999961,61.937559411980686
21.006163699999966,105.8567662999996,61.35176655004632
21.006163699999966,105.8570662999996,64.8530444963403
21.006163699999966,105.8573662999996,66.24472812421438
21.006163699999966,105.8576662999996,72.56355800125084
21.006463699999966,105.8291663,71.40129077299216
21.006463699999966,105.82946629999999,68.84616324423529
21.006463699999966,105.82976629999999,72.65938013661436
21.006463699999966,105.83006629999998,71.61091888090732
21.006463699999966,105.83036629999998,72.60910947470146
21.006463699999966,105.83066629999998,64.0928196953127
21.006463699999966,105.83096629999997,65.47519474201032
21.006463699999966,105.83126629999997,67.54211591655073
21.006463699999966,105.83156629999996,66.04292859629203
21.006463699999966,105.83186629999996,68.95060994643902
21.006463699999966,105.83216629999995,73.57353435273878
21.006463699999966,105.83246629999995,70.09292801717629
21.006463699999966,105.83276629999995,66.64742290219792
21.006463699999966,105.83306629999994,75.39469120540284
21.006463699999966,105.83336629999994,68.35619406847172
21.006463699999966,105.83366629999993,64.05562430250541
21.006463699999966,105.83396629999993,67.93999458335594
21.006463699999966,105.83426629999992,67.0897396130009
21.006463699999966,105.83456629999992,66.78140708499494
21.006463699999966,105.83486629999992,67.05734572462667
21.006463699999966,105.83516629999991,68.36772098796962
21.006463699999966,105.83546629999991,68.0283167330088
21.006463699999966,105.8357662999999,71.04685010730101
21.006463699999966,105.8360662999999,78.63457832568601
21.006463699999966,105.8363662999999,73.33243162226752
21.006463699999966,105.83666629999989,73.37332113907121
21.006463699999966,105.83696629999989,75.94932608068655
21.006463699999966,105.83726629999988,74.452507593894
21.006463699999966,105.83756629999988,75.49465016483448
21.006463699999966,105.83786629999987,62.56252105929816
21.006463699999966,105.83816629999987,65.36831624684281
21.006463699999966,105.83846629999987,66.91184442989095
21.006463699999966,105.83876629999986,68.57755633789611
21.006463699999966,105.83906629999986,62.651947777384905
21.006463699999966,105.83936629999985,58.662458559851856
21.006463699999966,105.83966629999985,59.7068453433283
21.006463699999966,105.83996629999984,63.197082541454535
21.006463699999966,105.84026629999984,60.068415299714715
21.006463699999966,105.84056629999984,67.9706145315926
21.006463699999966,105.84086629999983,67.7585033101669
21.006463699999966,105.84116629999983,65.78933980845008
21.006463699999966,105.84146629999982,62.41473101688807
21.006463699999966,105.84176629999982,66.29841989636289
21.006463699999966,105.84206629999981,65.66201264744157
21.006463699999966,105.84236629999981,56.492452425435516
21.006463699999966,105.8426662999998,61.528815443134775
21.006463699999966,105.8429662999998,60.391701135200805
21.006463699999966,105.8432662999998,67.89569494875445
21.006463699999966,105.8435662999998,67.89823142632162
21.006463699999966,105.84386629999979,64.59184156037334
21.006463699999966,105.84416629999978,68.71585479385217
21.006463699999966,105.84446629999978,80.19573828650567
21.006463699999966,105.84476629999978,85.90878287629542
21.006463699999966,105.84506629999977,76.35644559427827
21.006463699999966,105.84536629999977,67.94089613213112
21.006463699999966,105.84566629999976,69.63597233768368
21.006463699999966,105.84596629999976,70.07505383529178
21.006463699999966,105.84626629999975,69.43187411561154
21.006463699999966,105.84656629999975,74.62770830256392
21.006463699999966,105.84686629999975,67.70965757687846
21.006463699999966,105.84716629999974,75.38001037676459
21.006463699999966,105.84746629999974,66.1126326502132
21.006463699999966,105.84776629999973,67.78112875584087
21.006463699999966,105.84806629999973,69.15018058502277
21.006463699999966,105.84836629999973,73.07458564127673
21.006463699999966,105.84866629999972,59.835863847726756
21.006463699999966,105.84896629999972,63.216062613626235
21.006463699999966,105.84926629999971,56.54591977582541
21.006463699999966,105.84956629999971,53.84977376512826
21.006463699999966,105.8498662999997,57.29084861130927
21.006463699999966,105.8501662999997,59.211131232180776
21.006463699999966,105.8504662999997,55.95202971430757
21.006463699999966,105.85076629999969,63.03988485725712
21.006463699999966,105.85106629999969,65.75476339476248
21.006463699999966,105.85136629999968,62.26645485002035
21.006463699999966,105.85166629999968,62.650593072413315
21.006463699999966,105.85196629999967,62.94654641163734
21.006463699999966,105.85226629999967,63.309531405287785
21.006463699999966,105.85256629999967,58.742931126855936
21.006463699999966,105.85286629999966,49.00340231102513
21.006463699999966,105.85316629999966,55.77219331687502
21.006463699999966,105.85346629999965,59.5955283640597
21.006463699999966,105.85376629999965,57.91539184477661
21.006463699999966,105.85406629999964,57.58639036161374
21.006463699999966,105.85436629999964,58.39951307615789
21.006463699999966,105.85466629999964,56.342370099172314
21.006463699999966,105.85496629999963,61.5763711226645
21.006463699999966,105.85526629999963,58.825726387400664
21.006463699999966,105.85556629999962,59.713045634080544
21.006463699999966,105.85586629999962,53.788157205051036
21.006463699999966,105.85616629999961,54.82801654351386
21.006463699999966,105.85646629999961,61.59709498377295
21.006463699999966,105.8567662999996,59.511096600772134
21.006463699999966,105.8570662999996,60.48406236673566
21.006463699999966,105.8573662999996,64.00405041725614
21.006463699999966,105.8576662999996,70.44640063015751
21.006763699999965,105.8291663,70.4106396279998
21.006763699999965,105.82946629999999,73.38544526518257
21.006763699999965,105.82976629999999,72.14303327349747
21.006763699999965,105.83006629999998,67.4170435851574
21.006763699999965,105.83036629999998,70.13826838014049
21.006763699999965,105.83066629999998,69.16891199162355
21.006763699999965,105.83096629999997,69.65862808220693
21.006763699999965,105.83126629999997,67.0578663226286
21.006763699999965,105.83156629999996,69.32343344811785
21.006763699999965,105.83186629999996,60.16784877780103
21.006763699999965,105.83216629999995,69.49745751453929
21.006763699999965,105.83246629999995,71.87641995852614
21.006763699999965,105.83276629999995,71.99378300755275
21.006763699999965,105.83306629999994,72.31797965878546
21.006763699999965,105.83336629999994,62.59646513174931
21.006763699999965,105.83366629999993,66.46660792122601
21.006763699999965,105.83396629999993,64.2010513316449
21.006763699999965,105.83426629999992,60.223728711698115
21.006763699999965,105.83456629999992,67.16517555885224
21.006763699999965,105.83486629999992,65.42974115850019
21.006763699999965,105.83516629999991,65.58334651575622
21.006763699999965,105.83546629999991,62.990363533927194
21.006763699999965,105.8357662999999,71.3422382876653
21.006763699999965,105.8360662999999,80.68564373833594
21.006763699999965,105.8363662999999,84.13850838148181
21.006763699999965,105.83666629999989,82.33810070994859
21.006763699999965,105.83696629999989,76.18859527422292
21.006763699999965,105.83726629999988,64.02774087646144
21.006763699999965,105.83756629999988,64.99210164850078
21.006763699999965,105.83786629999987,60.70336012208246
21.006763699999965,105.83816629999987,61.32264958141165
21.006763699999965,105.83846629999987,62.392198788573054
21.006763699999965,105.83876629999986,65.03354619375224
21.006763699999965,105.83906629999986,63.44589609583474
21.006763699999965,105.83936629999985,57.47472130972896
21.006763699999965,105.83966629999985,58.83499264587512
21.006763699999965,105.83996629999984,52.57135672901768
21.006763699999965,105.84026629999984,56.39305897530956
21.006763699999965,105.84056629999984,60.942400807140174
21.006763699999965,105.84086629999983,65.78365056944202
21.006763699999965,105.84116629999983,65.89018672781347
21.006763699999965,105.84146629999982,62.978257846222476
21.006763699999965,105.84176629999982,65.85887494969883
21.006763699999965,105.84206629999981,61.49001362736733
21.006763699999965,105.84236629999981,57.163100049703274
21.006763699999965,105.8426662999998,65.2151175111183
21.006763699999965,105.8429662999998,63.517419953604474
21.006763699999965,105.8432662999998,66.28878735867566
21.006763699999965,105.8435662999998,62.92299850925703
21.006763699999965,105.84386629999979,67.64777495869065
21.006763699999965,105.84416629999978,71.01012346230054
21.006763699999965,105.84446629999978,82.35001284469628
21.006763699999965,105.84476629999978,80.97941878665763
21.006763699999965,105.84506629999977,77.23082866492864
21.006763699999965,105.84536629999977,76.29710230098011
21.006763699999965,105.84566629999976,68.63387960861387
21.006763699999965,105.84596629999976,70.46548601300138
21.006763699999965,105.84626629999975,69.96039726309006
21.006763699999965,105.84656629999975,66.57555065070179
21.006763699999965,105.84686629999975,62.55465798781178
21.006763699999965,105.84716629999974,77.09960875577364
21.006763699999965,105.84746629999974,71.3217716739724
21.006763699999965,105.84776629999973,67.60984278386883
21.006763699999965,105.84806629999973,74.98639931269774
21.006763699999965,105.84836629999973,67.08747577412687
21.006763699999965,105.84866629999972,60.5318173463498
21.006763699999965,105.84896629999972,57.65928742137757
21.006763699999965,105.84926629999971,54.16141933077164
21.006763699999965,105.84956629999971,53.661031494245776
21.006763699999965,105.8498662999997,61.03105948163639
21.006763699999965,105.8501662999997,62.17915469048005
21.006763699999965,105.8504662999997,63.195842551253904
21.006763699999965,105.85076629999969,62.81644833426685
21.006763699999965,105.85106629999969,60.16572140322597
21.006763699999965,105.85136629999968,60.17270484581974
21.006763699999965,105.85166629999968,61.31699581855419
21.006763699999965,105.85196629999967,63.770537637060926
21.006763699999965,105.85226629999967,60.20659836835014
21.006763699999965,105.85256629999967,61.8931550112717
21.006763699999965,105.85286629999966,63.15350315203602
21.006763699999965,105.85316629999966,55.962975142675376
21.006763699999965,105.85346629999965,62.23813376275277
21.006763699999965,105.85376629999965,57.44855237328102
21.006763699999965,105.85406629999964,60.7583660318909
21.006763699999965,105.85436629999964,52.55718219863123
21.006763699999965,105.85466629999964,58.080824505653766
21.006763699999965,105.85496629999963,63.34160787001812
21.006763699999965,105.85526629999963,59.79383205010933
21.006763699999965,105.85556629999962,57.992891205603854
21.006763699999965,105.85586629999962,63.70875018126101
21.006763699999965,105.85616629999961,61.54158861200432
21.006763699999965,105.85646629999961,65.39650812730032
21.006763699999965,105.8567662999996,59.468226444208966
21.006763699999965,105.8570662999996,61.151977994241406
21.006763699999965,105.8573662999996,60.87981092097374
21.006763699999965,105.8576662999996,65.65136127569886
21.007063699999964,105.8291663,71.04844619269647
21.007063699999964,105.82946629999999,73.68050389064489
21.007063699999964,105.82976629999999,73.76535846196708
21.007063699999964,105.83006629999998,71.86711249395154
21.007063699999964,105.83036629999998,70.21964906781027
21.007063699999964,105.83066629999998,70.46197837084298
21.007063699999964,105.83096629999997,68.28192236090835
21.007063699999964,105.83126629999997,71.18097914787046
21.007063699999964,105.83156629999996,75.02877151841528
21.007063699999964,105.83186629999996,70.4499952336554
21.007063699999964,105.83216629999995,63.43944362682193
21.007063699999964,105.83246629999995,63.30062263285927
21.007063699999964,105.83276629999995,73.33234532682629
21.007063699999964,105.83306629999994,64.77871790859389
21.007063699999964,105.83336629999994,65.07999034227528
21.007063699999964,105.83366629999993,63.29181649341422
21.007063699999964,105.83396629999993,61.57147288446309
21.007063699999964,105.83426629999992,62.54140472266221
21.007063699999964,105.83456629999992,60.1268152357145
21.007063699999964,105.83486629999992,70.32019791311873
21.007063699999964,105.83516629999991,70.00340859243742
21.007063699999964,105.83546629999991,67.30735842647462
21.007063699999964,105.8357662999999,68.72459035221947
21.007063699999964,105.8360662999999,67.99197689145971
21.007063699999964,105.8363662999999,70.43592850214378
21.007063699999964,105.83666629999989,78.24623395392857
21.007063699999964,105.83696629999989,64.65258668000388
21.007063699999964,105.83726629999988,57.78106931635422
21.007063699999964,105.83756629999988,55.4060398856024
21.007063699999964,105.83786629999987,61.40241598356586
21.007063699999964,105.83816629999987,57.457706262543184
21.007063699999964,105.83846629999987,61.484047891528576
21.007063699999964,105.83876629999986,61.31044536866064
21.007063699999964,105.83906629999986,67.48309386271868
21.007063699999964,105.83936629999985,56.31000395615514
21.007063699999964,105.83966629999985,54.11367354343534
21.007063699999964,105.83996629999984,55.6471570739655
21.007063699999964,105.84026629999984,59.887736028071174
21.007063699999964,105.84056629999984,62.72556444510393
21.007063699999964,105.84086629999983,64.76026875333349
21.007063699999964,105.84116629999983,61.77708966854158
21.007063699999964,105.84146629999982,63.32974453713983
21.007063699999964,105.84176629999982,63.95110964395241
21.007063699999964,105.84206629999981,60.3980375165349
21.007063699999964,105.84236629999981,60.510822029727564
21.007063699999964,105.8426662999998,63.53805576473778
21.007063699999964,105.8429662999998,58.3816952926763
21.007063699999964,105.8432662999998,62.93084180383842
21.007063699999964,105.8435662999998,71.57174201378439
21.007063699999964,105.84386629999979,69.76056866467357
21.007063699999964,105.84416629999978,68.83511909140788
21.007063699999964,105.84446629999978,74.27347653261765
21.007063699999964,105.84476629999978,73.55250494579907
21.007063699999964,105.84506629999977,85.50671484685404
21.007063699999964,105.84536629999977,71.84750013854492
21.007063699999964,105.84566629999976,69.14613695135621
21.007063699999964,105.84596629999976,67.87172838604317
21.007063699999964,105.84626629999975,68.5547276320876
21.007063699999964,105.84656629999975,70.02618935970621
21.007063699999964,105.84686629999975,73.95736153651256
21.007063699999964,105.84716629999974,74.16478313373467
21.007063699999964,105.84746629999974,72.96942745665416
21.007063699999964,105.84776629999973,69.23768502535125
21.007063699999964,105.84806629999973,69.93604735690414
21.007063699999964,105.84836629999973,71.78926788417462
21.007063699999964,105.84866629999972,68.81186224636453
21.007063699999964,105.84896629999972,59.08603736696345
21.007063699999964,105.84926629999971,61.8078889366156
21.007063699999964,105.84956629999971,63.23707419805166
21.007063699999964,105.8498662999997,66.14851601476826
21.007063699999964,105.8501662999997,60.267987131154555
21.007063699999964,105.8504662999997,58.706888131486494
21.007063699999964,105.85076629999969,63.1327833073742
21.007063699999964,105.85106629999969,65.88592586360454
21.007063699999964,105.85136629999968,62.2361094363351
21.007063699999964,105.85166629999968,65.03006367879806
21.007063699999964,105.85196629999967,63.00368180560373
21.007063699999964,105.85226629999967,56.4167915921137
21.007063699999964,105.85256629999967,59.49318779481365
21.007063699999964,105.85286629999966,61.89784739593867
21.007063699999964,105.85316629999966,56.803794364033166
21.007063699999964,105.85346629999965,63.45844151998615
21.007063699999964,105.85376629999965,61.910665371443784
21.007063699999964,105.85406629999964,58.01787357753629
21.007063699999964,105.85436629999964,61.07085252667508
21.007063699999964,105.85466629999964,54.2774006774182
21.007063699999964,105.85496629999963,69.96615548448455
21.007063699999964,105.85526629999963,66.71161694398016
21.007063699999964,105.85556629999962,63.86066067892047
21.007063699999964,105.85586629999962,67.18673522899537
21.007063699999964,105.85616629999961,73.96105603521595
21.007063699999964,105.85646629999961,68.45526848422409
21.007063699999964,105.8567662999996,61.312284780913515
21.007063699999964,105.8570662999996,61.40454248617155
21.007063699999964,105.8573662999996,63.524794560671054
21.007063699999964,105.8576662999996,68.18513913265186
21.007363699999964,105.8291663,68.78175214009894
21.007363699999964,105.82946629999999,72.2098374548638
21.007363699999964,105.82976629999999,71.98930657680522
21.007363699999964,105.83006629999998,70.11399741345461
21.007363699999964,105.83036629999998,66.17748598644783
21.007363699999964,105.83066629999998,61.309134330287236
21.007363699999964,105.83096629999997,60.75573510953254
21.007363699999964,105.83126629999997,69.51823853110407
21.007363699999964,105.83156629999996,68.98464279059124
21.007363699999964,105.83186629999996,70.67548668942487
21.007363699999964,105.83216629999995,77.73959736977288
21.007363699999964,105.83246629999995,74.96469347536438
21.007363699999964,105.83276629999995,76.5973622479556
21.007363699999964,105.83306629999994,75.67883554885047
21.007363699999964,105.83336629999994,72.75386632612222
21.007363699999964,105.83366629999993,71.65090039193213
21.007363699999964,105.83396629999993,67.3895803400792
21.007363699999964,105.83426629999992,68.95291462363745
21.007363699999964,105.83456629999992,63.65003896868265
21.007363699999964,105.83486629999992,77.11658777351268
21.007363699999964,105.83516629999991,67.51221689319956
21.007363699999964,105.83546629999991,62.74482598371465
21.007363699999964,105.8357662999999,68.5205700633208
21.007363699999964,105.8360662999999,61.47737044947229
21.007363699999964,105.8363662999999,64.91454788393888
21.007363699999964,105.83666629999989,67.36048716263468
21.007363699999964,105.83696629999989,61.868190609371766
21.007363699999964,105.83726629999988,54.276544379346106
21.007363699999964,105.83756629999988,54.653214985636794
21.007363699999964,105.83786629999987,57.11705573589603
21.007363699999964,105.83816629999987,53.514693328600664
21.007363699999964,105.83846629999987,57.920054182519635
21.007363699999964,105.83876629999986,55.54636506594197
21.007363699999964,105.83906629999986,56.00130353680157
21.007363699999964,105.83936629999985,59.838063583096044
21.007363699999964,105.83966629999985,56.22382299818888
21.007363699999964,105.83996629999984,61.330839560664685
21.007363699999964,105.84026629999984,59.181421531249484
21.007363699999964,105.84056629999984,61.15902514479545
21.007363699999964,105.84086629999983,61.35932089688458
21.007363699999964,105.84116629999983,63.55999107151463
21.007363699999964,105.84146629999982,61.83313942079249
21.007363699999964,105.84176629999982,59.56865148751544
21.007363699999964,105.84206629999981,58.62287617329007
21.007363699999964,105.84236629999981,59.13887916356701
21.007363699999964,105.8426662999998,58.037040313385106
21.007363699999964,105.8429662999998,59.90642277455839
21.007363699999964,105.8432662999998,59.10193348295563
21.007363699999964,105.8435662999998,62.75798022121924
21.007363699999964,105.84386629999979,72.62886618950623
21.007363699999964,105.84416629999978,63.28352335986155
21.007363699999964,105.84446629999978,69.77209298069315
21.007363699999964,105.84476629999978,70.09589481584042
21.007363699999964,105.84506629999977,82.97216579681849
21.007363699999964,105.84536629999977,70.7248791776984
21.007363699999964,105.84566629999976,67.84354840341832
21.007363699999964,105.84596629999976,60.31533719388564
21.007363699999964,105.84626629999975,59.43747767589461
21.007363699999964,105.84656629999975,64.02118906942653
21.007363699999964,105.84686629999975,63.71209344253711
21.007363699999964,105.84716629999974,73.59738280941859
21.007363699999964,105.84746629999974,72.48807006223822
21.007363699999964,105.84776629999973,68.0138614970109
21.007363699999964,105.84806629999973,75.5509450979856
21.007363699999964,105.84836629999973,77.98857462268361
21.007363699999964,105.84866629999972,75.43762380421899
21.007363699999964,105.84896629999972,75.33563379154266
21.007363699999964,105.84926629999971,76.24361757637213
21.007363699999964,105.84956629999971,83.87006647617838
21.007363699999964,105.8498662999997,69.92757757706525
21.007363699999964,105.8501662999997,69.82881021593073
21.007363699999964,105.8504662999997,67.78210710889732
21.007363699999964,105.85076629999969,69.4381076797948
21.007363699999964,105.85106629999969,66.51957067081204
21.007363699999964,105.85136629999968,66.24218394366213
21.007363699999964,105.85166629999968,61.92957801838325
21.007363699999964,105.85196629999967,63.39398654814548
21.007363699999964,105.85226629999967,68.20409484318219
21.007363699999964,105.85256629999967,65.33035390673417
21.007363699999964,105.85286629999966,61.135695701342215
21.007363699999964,105.85316629999966,62.06790198545734
21.007363699999964,105.85346629999965,60.004791390309734
21.007363699999964,105.85376629999965,62.732178456696516
21.007363699999964,105.85406629999964,58.98008394557739
21.007363699999964,105.85436629999964,58.061324545037735
21.007363699999964,105.85466629999964,58.389976669735745
21.007363699999964,105.85496629999963,61.09543167233491
21.007363699999964,105.85526629999963,66.94840830602492
21.007363699999964,105.85556629999962,66.26766994215049
21.007363699999964,105.85586629999962,70.45251894299324
21.007363699999964,105.85616629999961,67.62064387352072
21.007363699999964,105.85646629999961,62.742346504056655
21.007363699999964,105.8567662999996,58.60661334097631
21.007363699999964,105.8570662999996,58.7357338588522
21.007363699999964,105.8573662999996,62.96191024840208
21.007363699999964,105.8576662999996,62.53665599204258
21.007663699999963,105.8291663,70.69166409958353
21.007663699999963,105.82946629999999,67.51898613204214
21.007663699999963,105.82976629999999,67.60846238499029
21.007663699999963,105.83006629999998,66.7890911545399
21.007663699999963,105.83036629999998,67.88582603279288
21.007663699999963,105.83066629999998,69.6400663661518
21.007663699999963,105.83096629999997,68.84163124066522
21.007663699999963,105.83126629999997,74.06668456060406
21.007663699999963,105.83156629999996,60.79240610353931
21.007663699999963,105.83186629999996,78.88350410699667
21.007663699999963,105.83216629999995,75.26726927732228
21.007663699999963,105.83246629999995,74.30318100833489
21.007663699999963,105.83276629999995,75.41321197770071
21.007663699999963,105.83306629999994,80.29568214400288
21.007663699999963,105.83336629999994,72.7300617080401
21.007663699999963,105.83366629999993,75.8332894209092
21.007663699999963,105.83396629999993,71.28275707027828
21.007663699999963,105.83426629999992,67.1774622703252
21.007663699999963,105.83456629999992,64.23929797595636
21.007663699999963,105.83486629999992,65.11476226325082
21.007663699999963,105.83516629999991,71.56299918204121
21.007663699999963,105.83546629999991,69.61136096830145
21.007663699999963,105.8357662999999,66.51261046600087
21.007663699999963,105.8360662999999,62.06145885187077
21.007663699999963,105.8363662999999,72.44107937761267
21.007663699999963,105.83666629999989,65.70507878630318
21.007663699999963,105.83696629999989,58.37551738363247
21.007663699999963,105.83726629999988,54.57097301932848
21.007663699999963,105.83756629999988,58.33338786352425
21.007663699999963,105.83786629999987,64.40520004835106
21.007663699999963,105.83816629999987,60.66881008252531
21.007663699999963,105.83846629999987,59.27907624010143
21.007663699999963,105.83876629999986,58.11892455148653
21.007663699999963,105.83906629999986,59.15559497092616
21.007663699999963,105.83936629999985,56.8321480924904
21.007663699999963,105.83966629999985,65.08109819132339
21.007663699999963,105.83996629999984,60.137788989488
21.007663699999963,105.84026629999984,61.879898376842945
21.007663699999963,105.84056629999984,60.51863127466032
21.007663699999963,105.84086629999983,57.25447625051771
21.007663699999963,105.84116629999983,57.05171013707961
21.007663699999963,105.84146629999982,59.16590086733865
21.007663699999963,105.84176629999982,61.22671788246127
21.007663699999963,105.84206629999981,61.961382315762464
21.007663699999963,105.84236629999981,60.097333432513935
21.007663699999963,105.8426662999998,60.08087418386046
21.007663699999963,105.8429662999998,58.5094971041066
21.007663699999963,105.8432662999998,61.31485708175717
21.007663699999963,105.8435662999998,58.39661678341706
21.007663699999963,105.84386629999979,64.46803331045638
21.007663699999963,105.84416629999978,65.48631680037467
21.007663699999963,105.84446629999978,67.57591383808442
21.007663699999963,105.84476629999978,67.70143253467748
21.007663699999963,105.84506629999977,77.3936457168539
21.007663699999963,105.84536629999977,77.5745568491749
21.007663699999963,105.84566629999976,78.50093053297698
21.007663699999963,105.84596629999976,72.83020217362024
21.007663699999963,105.84626629999975,67.95795255240034
21.007663699999963,105.84656629999975,68.98548473760329
21.007663699999963,105.84686629999975,69.0827756112676
21.007663699999963,105.84716629999974,69.96470019251421
21.007663699999963,105.84746629999974,67.77126321037875
21.007663699999963,105.84776629999973,66.05863409923295
21.007663699999963,105.84806629999973,66.0631934250537
21.007663699999963,105.84836629999973,77.41434880405855
21.007663699999963,105.84866629999972,82.33270452495996
21.007663699999963,105.84896629999972,72.94125934981115
21.007663699999963,105.84926629999971,72.93110311362148
21.007663699999963,105.84956629999971,78.50509666067019
21.007663699999963,105.8498662999997,84.48387604225059
21.007663699999963,105.8501662999997,79.20733722666905
21.007663699999963,105.8504662999997,80.68998550165274
21.007663699999963,105.85076629999969,70.52439379284911
21.007663699999963,105.85106629999969,75.25528646614663
21.007663699999963,105.85136629999968,75.8137329076659
21.007663699999963,105.85166629999968,77.74277979561327
21.007663699999963,105.85196629999967,80.862645434267
21.007663699999963,105.85226629999967,81.57786620821899
21.007663699999963,105.85256629999967,77.2040154229627
21.007663699999963,105.85286629999966,75.61739878522529
21.007663699999963,105.85316629999966,77.15960550998993
21.007663699999963,105.85346629999965,71.8857397740183
21.007663699999963,105.85376629999965,71.20487894610751
21.007663699999963,105.85406629999964,67.93754647374466
21.007663699999963,105.85436629999964,67.31466663620121
21.007663699999963,105.85466629999964,61.8114889945424
21.007663699999963,105.85496629999963,69.6930043514195
21.007663699999963,105.85526629999963,64.46882945099297
21.007663699999963,105.85556629999962,69.362422595304
21.007663699999963,105.85586629999962,70.0337886776276
21.007663699999963,105.85616629999961,77.54209893377978
21.007663699999963,105.85646629999961,76.55402690871122
21.007663699999963,105.8567662999996,76.09425150557358
21.007663699999963,105.8570662999996,70.86611044749831
21.007663699999963,105.8573662999996,70.68359017515222
21.007663699999963,105.8576662999996,76.63526537218699
21.007963699999962,105.8291663,72.73756925906403
21.007963699999962,105.82946629999999,69.9385608909793
21.007963699999962,105.82976629999999,67.08941535181827
21.007963699999962,105.83006629999998,68.31844385690516
21.007963699999962,105.83036629999998,70.44878983772428
21.007963699999962,105.83066629999998,73.42278152821862
21.007963699999962,105.83096629999997,73.41400721330007
21.007963699999962,105.83126629999997,80.10475549494744
21.007963699999962,105.83156629999996,73.33469732648993
21.007963699999962,105.83186629999996,74.29728557659188
21.007963699999962,105.83216629999995,74.47407396452087
21.007963699999962,105.83246629999995,75.56671541061922
21.007963699999962,105.83276629999995,73.04428573627669
21.007963699999962,105.83306629999994,77.1773300587507
21.007963699999962,105.83336629999994,75.62749470815253
21.007963699999962,105.83366629999993,76.46632347968823
21.007963699999962,105.83396629999993,77.81258342398742
21.007963699999962,105.83426629999992,77.58307459287283
21.007963699999962,105.83456629999992,72.76966492546651
21.007963699999962,105.83486629999992,69.32608020232513
21.007963699999962,105.83516629999991,71.05058082283546
21.007963699999962,105.83546629999991,69.3786718835867
21.007963699999962,105.8357662999999,65.06015726532098
21.007963699999962,105.8360662999999,82.23602212551576
21.007963699999962,105.8363662999999,70.67504386717236
21.007963699999962,105.83666629999989,65.44518545661818
21.007963699999962,105.83696629999989,60.10416228821772
21.007963699999962,105.83726629999988,63.55416692485849
21.007963699999962,105.83756629999988,64.64789668117699
21.007963699999962,105.83786629999987,65.76031480621678
21.007963699999962,105.83816629999987,60.647584366390205
21.007963699999962,105.83846629999987,58.48034856642501
21.007963699999962,105.83876629999986,57.1515124015599
21.007963699999962,105.83906629999986,54.75185532283504
21.007963699999962,105.83936629999985,56.752558555480945
21.007963699999962,105.83966629999985,61.99920238341002
21.007963699999962,105.83996629999984,61.17601120642665
21.007963699999962,105.84026629999984,58.359340426179244
21.007963699999962,105.84056629999984,58.248999174504334
21.007963699999962,105.84086629999983,58.04537726060627
21.007963699999962,105.84116629999983,60.84479611536521
21.007963699999962,105.84146629999982,58.03639946459421
21.007963699999962,105.84176629999982,59.32188780483952
21.007963699999962,105.84206629999981,59.12544330686704
21.007963699999962,105.84236629999981,59.765918786986404
21.007963699999962,105.8426662999998,58.46272127225474
21.007963699999962,105.8429662999998,60.9822435674143
21.007963699999962,105.8432662999998,63.740541917410255
21.007963699999962,105.8435662999998,61.06717554379263
21.007963699999962,105.84386629999979,63.23986810525237
21.007963699999962,105.84416629999978,65.45585717444932
21.007963699999962,105.84446629999978,66.41179517445873
21.007963699999962,105.84476629999978,68.98564576438746
21.007963699999962,105.84506629999977,73.57693381373134
21.007963699999962,105.84536629999977,74.32016491115257
21.007963699999962,105.84566629999976,73.26533467331568
21.007963699999962,105.84596629999976,75.5020110013458
21.007963699999962,105.84626629999975,62.00300712350574
21.007963699999962,105.84656629999975,63.61667933137656
21.007963699999962,105.84686629999975,69.82000818764809
21.007963699999962,105.84716629999974,68.97211515815688
21.007963699999962,105.84746629999974,69.83203353035054
21.007963699999962,105.84776629999973,71.82486177723185
21.007963699999962,105.84806629999973,69.61178459242348
21.007963699999962,105.84836629999973,74.31767661753499
21.007963699999962,105.84866629999972,72.63637550486354
21.007963699999962,105.84896629999972,69.0948229747879
21.007963699999962,105.84926629999971,73.51700030818687
21.007963699999962,105.84956629999971,77.239642793199
21.007963699999962,105.8498662999997,70.39426657077004
21.007963699999962,105.8501662999997,73.81725255219246
21.007963699999962,105.8504662999997,74.38130710549045
21.007963699999962,105.85076629999969,79.47511691892272
21.007963699999962,105.85106629999969,77.54008122101818
21.007963699999962,105.85136629999968,69.84918808822654
21.007963699999962,105.85166629999968,71.8316758763802
21.007963699999962,105.85196629999967,75.91387429437061
21.007963699999962,105.85226629999967,79.64562829150009
21.007963699999962,105.85256629999967,73.8293772528816
21.007963699999962,105.85286629999966,67.30831019545454
21.007963699999962,105.85316629999966,68.75235320295764
21.007963699999962,105.85346629999965,69.48934115205694
21.007963699999962,105.85376629999965,66.64594353731728
21.007963699999962,105.85406629999964,67.27108054025074
21.007963699999962,105.85436629999964,74.5660569946095
21.007963699999962,105.85466629999964,69.76744138751162
21.007963699999962,105.85496629999963,66.56096271447271
21.007963699999962,105.85526629999963,70.57024716132813
21.007963699999962,105.85556629999962,73.54530588754925
21.007963699999962,105.85586629999962,73.676808045817
21.007963699999962,105.85616629999961,64.51625072744399
21.007963699999962,105.85646629999961,65.87418567645324
21.007963699999962,105.8567662999996,66.07581824548987
21.007963699999962,105.8570662999996,69.71940091714218
21.007963699999962,105.8573662999996,71.63322177675562
21.007963699999962,105.8576662999996,75.67744907246284
21.00826369999996,105.8291663,70.9940532205156
21.00826369999996,105.82946629999999,71.08871041722514
21.00826369999996,105.82976629999999,71.9391760350545
21.00826369999996,105.83006629999998,71.37748944081426
21.00826369999996,105.83036629999998,69.126198202513
21.00826369999996,105.83066629999998,69.68964342876075
21.00826369999996,105.83096629999997,75.45353773819791
21.00826369999996,105.83126629999997,78.01547252222957
21.00826369999996,105.83156629999996,73.60166486937958
21.00826369999996,105.83186629999996,77.33104317903499
21.00826369999996,105.83216629999995,74.59019262275565
21.00826369999996,105.83246629999995,72.40115034525593
21.00826369999996,105.83276629999995,69.27815950557338
21.00826369999996,105.83306629999994,74.49020287689139
21.00826369999996,105.83336629999994,66.0141575525807
21.00826369999996,105.83366629999993,77.66871883523905
21.00826369999996,105.83396629999993,77.5694906224132
21.00826369999996,105.83426629999992,72.45726722947646
21.00826369999996,105.83456629999992,69.5222917597632
21.00826369999996,105.83486629999992,72.50377184067405
21.00826369999996,105.83516629999991,63.94738953135315
21.00826369999996,105.83546629999991,71.58221833835556
21.00826369999996,105.8357662999999,68.19707073841428
21.00826369999996,105.8360662999999,60.754890502282265
21.00826369999996,105.8363662999999,68.8352458828908
21.00826369999996,105.83666629999989,65.31428282691141
21.00826369999996,105.83696629999989,66.90742435332304
21.00826369999996,105.83726629999988,73.18479775465619
21.00826369999996,105.83756629999988,72.45762212982761
21.00826369999996,105.83786629999987,66.01373951733314
21.00826369999996,105.83816629999987,62.694362767318566
21.00826369999996,105.83846629999987,60.868290867585
21.00826369999996,105.83876629999986,55.23272692612822
21.00826369999996,105.83906629999986,58.92856324112846
21.00826369999996,105.83936629999985,61.8931182038487
21.00826369999996,105.83966629999985,57.931904709714786
21.00826369999996,105.83996629999984,57.86043493369455
21.00826369999996,105.84026629999984,61.04030662210492
21.00826369999996,105.84056629999984,57.711655869713994
21.00826369999996,105.84086629999983,61.75591773488091
21.00826369999996,105.84116629999983,58.527776104581264
21.00826369999996,105.84146629999982,57.217872521561574
21.00826369999996,105.84176629999982,58.210123938021084
21.00826369999996,105.84206629999981,58.18259738661962
21.00826369999996,105.84236629999981,56.4885121845405
21.00826369999996,105.8426662999998,54.126791841670325
21.00826369999996,105.8429662999998,54.89690802469362
21.00826369999996,105.8432662999998,55.65057452905327
21.00826369999996,105.8435662999998,60.54556031098552
21.00826369999996,105.84386629999979,60.506811197143975
21.00826369999996,105.84416629999978,64.18764321964044
21.00826369999996,105.84446629999978,65.24059145530634
21.00826369999996,105.84476629999978,70.85185082992868
21.00826369999996,105.84506629999977,70.9535602505339
21.00826369999996,105.84536629999977,77.00180683077306
21.00826369999996,105.84566629999976,74.20951492176762
21.00826369999996,105.84596629999976,70.71816680938944
21.00826369999996,105.84626629999975,65.35578077001473
21.00826369999996,105.84656629999975,67.49952338405421
21.00826369999996,105.84686629999975,68.19921438895958
21.00826369999996,105.84716629999974,63.23777451764663
21.00826369999996,105.84746629999974,70.05119403186241
21.00826369999996,105.84776629999973,68.96206692670242
21.00826369999996,105.84806629999973,72.31070635292153
21.00826369999996,105.84836629999973,75.22556025163304
21.00826369999996,105.84866629999972,73.50859453247203
21.00826369999996,105.84896629999972,69.83638857893496
21.00826369999996,105.84926629999971,67.53009975342584
21.00826369999996,105.84956629999971,74.0094980529856
21.00826369999996,105.8498662999997,75.18086399360294
21.00826369999996,105.8501662999997,70.65079189464358
21.00826369999996,105.8504662999997,77.27159712747836
21.00826369999996,105.85076629999969,75.9868181595776
21.00826369999996,105.85106629999969,70.7854608943018
21.00826369999996,105.85136629999968,70.07178001971495
21.00826369999996,105.85166629999968,69.25644515975709
21.00826369999996,105.85196629999967,72.78600055367497
21.00826369999996,105.85226629999967,70.0311614465583
21.00826369999996,105.85256629999967,69.18395642538982
21.00826369999996,105.85286629999966,62.71649425049647
21.00826369999996,105.85316629999966,68.65927342552092
21.00826369999996,105.85346629999965,67.6598131295567
21.00826369999996,105.85376629999965,68.35801795051792
21.00826369999996,105.85406629999964,70.2773483491867
21.00826369999996,105.85436629999964,74.70569579345128
21.00826369999996,105.85466629999964,68.29023666788395
21.00826369999996,105.85496629999963,71.21025054039843
21.00826369999996,105.85526629999963,69.40453133781875
21.00826369999996,105.85556629999962,68.64908287172575
21.00826369999996,105.85586629999962,65.81528761415433
21.00826369999996,105.85616629999961,67.01287654122888
21.00826369999996,105.85646629999961,69.50188035223309
21.00826369999996,105.8567662999996,66.54791392884492
21.00826369999996,105.8570662999996,67.65234563729938
21.00826369999996,105.8573662999996,70.20222815534652
21.00826369999996,105.8576662999996,71.76586527484373
21.00856369999996,105.8291663,72.1600241693468
21.00856369999996,105.82946629999999,71.1489854707692
21.00856369999996,105.82976629999999,74.3127042250154
21.00856369999996,105.83006629999998,68.30508664938077
21.00856369999996,105.83036629999998,67.6911091024905
21.00856369999996,105.83066629999998,71.36354505712498
21.00856369999996,105.83096629999997,71.32786118746735
21.00856369999996,105.83126629999997,69.43865269311307
21.00856369999996,105.83156629999996,67.99365446699954
21.00856369999996,105.83186629999996,74.99797336343704
21.00856369999996,105.83216629999995,71.4160850041108
21.00856369999996,105.83246629999995,76.24719351916269
21.00856369999996,105.83276629999995,72.74579188361045
21.00856369999996,105.83306629999994,68.28345052333526
21.00856369999996,105.83336629999994,71.32361007256819
21.00856369999996,105.83366629999993,70.89601032768248
21.00856369999996,105.83396629999993,73.48270395377
21.00856369999996,105.83426629999992,76.77555276113236
21.00856369999996,105.83456629999992,70.15429559655121
21.00856369999996,105.83486629999992,69.7579075111683
21.00856369999996,105.83516629999991,67.97691446844115
21.00856369999996,105.83546629999991,72.79728603083117
21.00856369999996,105.8357662999999,77.6070775254465
21.00856369999996,105.8360662999999,76.20893582919811
21.00856369999996,105.8363662999999,66.9728212260681
21.00856369999996,105.83666629999989,71.90860081988424
21.00856369999996,105.83696629999989,74.10153322966859
21.00856369999996,105.83726629999988,66.19609370866316
21.00856369999996,105.83756629999988,66.34551388361433
21.00856369999996,105.83786629999987,67.51388661822624
21.00856369999996,105.83816629999987,57.977835406751865
21.00856369999996,105.83846629999987,62.69619928425291
21.00856369999996,105.83876629999986,55.873971823748775
21.00856369999996,105.83906629999986,58.73113332739926
21.00856369999996,105.83936629999985,58.94128302876739
21.00856369999996,105.83966629999985,60.656505794448805
21.00856369999996,105.83996629999984,62.16930028542234
21.00856369999996,105.84026629999984,58.71335277810954
21.00856369999996,105.84056629999984,58.79576294905165
21.00856369999996,105.84086629999983,61.437553594385165
21.00856369999996,105.84116629999983,62.1021922510857
21.00856369999996,105.84146629999982,61.2970279406033
21.00856369999996,105.84176629999982,56.64073075565912
21.00856369999996,105.84206629999981,56.31201601466093
21.00856369999996,105.84236629999981,52.21181819935066
21.00856369999996,105.8426662999998,52.21181819935066
21.00856369999996,105.8429662999998,52.29623458164555
21.00856369999996,105.8432662999998,58.21663966980947
21.00856369999996,105.8435662999998,57.169567813366
21.00856369999996,105.84386629999979,66.3540568485706
21.00856369999996,105.84416629999978,56.602235559411
21.00856369999996,105.84446629999978,66.85762583152108
21.00856369999996,105.84476629999978,72.92551890225272
21.00856369999996,105.84506629999977,70.20434620996883
21.00856369999996,105.84536629999977,68.76277264356312
21.00856369999996,105.84566629999976,72.57651014666901
21.00856369999996,105.84596629999976,62.52528043183693
21.00856369999996,105.84626629999975,65.75889939604907
21.00856369999996,105.84656629999975,62.62447801048384
21.00856369999996,105.84686629999975,70.27606691294483
21.00856369999996,105.84716629999974,67.51530290502592
21.00856369999996,105.84746629999974,74.87723819257467
21.00856369999996,105.84776629999973,62.346559621548835
21.00856369999996,105.84806629999973,73.04243758481344
21.00856369999996,105.84836629999973,73.37325879196972
21.00856369999996,105.84866629999972,70.33097847756105
21.00856369999996,105.84896629999972,68.98581124431975
21.00856369999996,105.84926629999971,75.52625895453438
21.00856369999996,105.84956629999971,71.08113060526158
21.00856369999996,105.8498662999997,70.68393675667659
21.00856369999996,105.8501662999997,74.13630301309882
21.00856369999996,105.8504662999997,66.14062650020502
21.00856369999996,105.85076629999969,70.99257791160859
21.00856369999996,105.85106629999969,77.70096548387166
21.00856369999996,105.85136629999968,73.57660179246476
21.00856369999996,105.85166629999968,74.92194664628649
21.00856369999996,105.85196629999967,77.46913930811009
21.00856369999996,105.85226629999967,70.78266727291403
21.00856369999996,105.85256629999967,72.49420600101139
21.00856369999996,105.85286629999966,82.3763398383975
21.00856369999996,105.85316629999966,75.97948803810174
21.00856369999996,105.85346629999965,70.12900579083635
21.00856369999996,105.85376629999965,66.6874778384983
21.00856369999996,105.85406629999964,68.72276273800865
21.00856369999996,105.85436629999964,65.22466976316485
21.00856369999996,105.85466629999964,67.44790237634899
21.00856369999996,105.85496629999963,74.70997551513517
21.00856369999996,105.85526629999963,65.47794340439187
21.00856369999996,105.85556629999962,65.5802819885725
21.00856369999996,105.85586629999962,70.57795628106436
21.00856369999996,105.85616629999961,67.3201350605674
21.00856369999996,105.85646629999961,67.02105726085013
21.00856369999996,105.8567662999996,70.85027916308042
21.00856369999996,105.8570662999996,73.28197855155919
21.00856369999996,105.8573662999996,68.38150030311499
21.00856369999996,105.8576662999996,71.32162862762557
21.00886369999996,105.8291663,67.21150790214571
21.00886369999996,105.82946629999999,72.37448623364976
21.00886369999996,105.82976629999999,70.61914942512475
21.00886369999996,105.83006629999998,70.92228658845254
21.00886369999996,105.83036629999998,69.39255654622468
21.00886369999996,105.83066629999998,68.49455427253648
21.00886369999996,105.83096629999997,64.206464909157
21.00886369999996,105.83126629999997,70.02738610306237
21.00886369999996,105.83156629999996,71.92216163869894
21.00886369999996,105.83186629999996,71.87298411765909
21.00886369999996,105.83216629999995,67.32371614876098
21.00886369999996,105.83246629999995,67.48097435857463
21.00886369999996,105.83276629999995,72.49768250125373
21.00886369999996,105.83306629999994,69.94669470644035
21.00886369999996,105.83336629999994,76.29674575096429
21.00886369999996,105.83366629999993,70.37490365130078
21.00886369999996,105.83396629999993,75.38236397128894
21.00886369999996,105.83426629999992,68.37769789183073
21.00886369999996,105.83456629999992,68.40279831483662
21.00886369999996,105.83486629999992,70.57938052864377
21.00886369999996,105.83516629999991,68.95813577198973
21.00886369999996,105.83546629999991,71.02548213451476
21.00886369999996,105.8357662999999,86.32835653123252
21.00886369999996,105.8360662999999,76.81942153984889
21.00886369999996,105.8363662999999,73.10496773045045
21.00886369999996,105.83666629999989,76.16641451046532
21.00886369999996,105.83696629999989,75.7972715919094
21.00886369999996,105.83726629999988,71.5782828492803
21.00886369999996,105.83756629999988,65.29956238421528
21.00886369999996,105.83786629999987,61.65941590992797
21.00886369999996,105.83816629999987,64.57967832468597
21.00886369999996,105.83846629999987,58.42088239160968
21.00886369999996,105.83876629999986,55.30537154328677
21.00886369999996,105.83906629999986,60.83321249881084
21.00886369999996,105.83936629999985,60.181540795225786
21.00886369999996,105.83966629999985,61.439578628785966
21.00886369999996,105.83996629999984,57.793125031028936
21.00886369999996,105.84026629999984,62.91330717551429
21.00886369999996,105.84056629999984,57.48987602971634
21.00886369999996,105.84086629999983,57.153569788134874
21.00886369999996,105.84116629999983,61.94711703050356
21.00886369999996,105.84146629999982,63.42833232343
21.00886369999996,105.84176629999982,57.87878691892104
21.00886369999996,105.84206629999981,61.06777901245283
21.00886369999996,105.84236629999981,61.93938045860406
21.00886369999996,105.8426662999998,61.66666373267522
21.00886369999996,105.8429662999998,54.015597572031034
21.00886369999996,105.8432662999998,54.62631454354745
21.00886369999996,105.8435662999998,53.72232223813364
21.00886369999996,105.84386629999979,57.54106224145487
21.00886369999996,105.84416629999978,57.50489115318133
21.00886369999996,105.84446629999978,55.91032930822753
21.00886369999996,105.84476629999978,67.33301028102095
21.00886369999996,105.84506629999977,69.80737052461458
21.00886369999996,105.84536629999977,72.32713024381592
21.00886369999996,105.84566629999976,69.87064243403336
21.00886369999996,105.84596629999976,66.90941188778443
21.00886369999996,105.84626629999975,73.8073239202849
21.00886369999996,105.84656629999975,67.7833815908466
21.00886369999996,105.84686629999975,64.43674067658884
21.00886369999996,105.84716629999974,58.7871299655157
21.00886369999996,105.84746629999974,66.21751017959984
21.00886369999996,105.84776629999973,66.31460257706077
21.00886369999996,105.84806629999973,70.1418089487427
21.00886369999996,105.84836629999973,71.06967288863717
21.00886369999996,105.84866629999972,74.17686272121216
21.00886369999996,105.84896629999972,75.99180255705346
21.00886369999996,105.84926629999971,74.221472466975
21.00886369999996,105.84956629999971,80.34922054460147
21.00886369999996,105.8498662999997,79.33402268629331
21.00886369999996,105.8501662999997,74.03312847003613
21.00886369999996,105.8504662999997,74.65033297903932
21.00886369999996,105.85076629999969,76.80997263124894
21.00886369999996,105.85106629999969,74.49619016457598
21.00886369999996,105.85136629999968,75.72372417533285
21.00886369999996,105.85166629999968,76.38850540853878
21.00886369999996,105.85196629999967,73.60124946393714
21.00886369999996,105.85226629999967,72.64394384387575
21.00886369999996,105.85256629999967,72.71421458338519
21.00886369999996,105.85286629999966,77.09210377025428
21.00886369999996,105.85316629999966,75.81741636527498
21.00886369999996,105.85346629999965,75.28159788750598
21.00886369999996,105.85376629999965,75.25150255939128
21.00886369999996,105.85406629999964,72.38768942951005
21.00886369999996,105.85436629999964,71.11221223928484
21.00886369999996,105.85466629999964,69.54655271026459
21.00886369999996,105.85496629999963,72.39895182042102
21.00886369999996,105.85526629999963,68.84348531380729
21.00886369999996,105.85556629999962,70.01667697289855
21.00886369999996,105.85586629999962,68.36698838112724
21.00886369999996,105.85616629999961,67.47691249792213
21.00886369999996,105.85646629999961,69.8344693940198
21.00886369999996,105.8567662999996,66.53248699734299
21.00886369999996,105.8570662999996,70.05473151796575
21.00886369999996,105.8573662999996,70.68343359062078
21.00886369999996,105.8576662999996,72.2705635780358
21.00916369999996,105.8291663,62.885868456567366
21.00916369999996,105.82946629999999,68.04206410446632
21.00916369999996,105.82976629999999,73.13974442672945
21.00916369999996,105.83006629999998,72.3106425174515
21.00916369999996,105.83036629999998,69.39383186345606
21.00916369999996,105.83066629999998,64.9073604408261
21.00916369999996,105.83096629999997,73.39461441539761
21.00916369999996,105.83126629999997,73.19407563370426
21.00916369999996,105.83156629999996,72.446983548766
21.00916369999996,105.83186629999996,72.10616852382628
21.00916369999996,105.83216629999995,66.41886824870045
21.00916369999996,105.83246629999995,72.06971194916548
21.00916369999996,105.83276629999995,77.24043399875788
21.00916369999996,105.83306629999994,63.88199276545534
21.00916369999996,105.83336629999994,69.04172950244524
21.00916369999996,105.83366629999993,65.61523784144971
21.00916369999996,105.83396629999993,73.04861384313678
21.00916369999996,105.83426629999992,69.2543169408947
21.00916369999996,105.83456629999992,67.6059644410771
21.00916369999996,105.83486629999992,66.29892782562672
21.00916369999996,105.83516629999991,66.97474296686303
21.00916369999996,105.83546629999991,83.71469211745904
21.00916369999996,105.8357662999999,72.65996089486468
21.00916369999996,105.8360662999999,70.65976985002229
21.00916369999996,105.8363662999999,74.25306204826565
21.00916369999996,105.83666629999989,74.63876972548057
21.00916369999996,105.83696629999989,72.21973278286168
21.00916369999996,105.83726629999988,64.98309217617309
21.00916369999996,105.83756629999988,56.883708682257776
21.00916369999996,105.83786629999987,65.68781429169009
21.00916369999996,105.83816629999987,61.868409655959056
21.00916369999996,105.83846629999987,57.82730038487003
21.00916369999996,105.83876629999986,60.402754723276104
21.00916369999996,105.83906629999986,63.53758921879722
21.00916369999996,105.83936629999985,59.62266314059259
21.00916369999996,105.83966629999985,56.70090030805734
21.00916369999996,105.83996629999984,60.29459226822296
21.00916369999996,105.84026629999984,57.008957651236685
21.00916369999996,105.84056629999984,56.28310072461302
21.00916369999996,105.84086629999983,62.51664268758239
21.00916369999996,105.84116629999983,68.40010210133372
21.00916369999996,105.84146629999982,71.41496984330492
21.00916369999996,105.84176629999982,65.43712239254438
21.00916369999996,105.84206629999981,62.427129615704416
21.00916369999996,105.84236629999981,60.32679278441117
21.00916369999996,105.8426662999998,60.63363491580809
21.00916369999996,105.8429662999998,59.26589034493857
21.00916369999996,105.8432662999998,56.002541482567096
21.00916369999996,105.8435662999998,51.423995643490144
21.00916369999996,105.84386629999979,58.71546594710841
21.00916369999996,105.84416629999978,55.00089979971163
21.00916369999996,105.84446629999978,56.412144592798796
21.00916369999996,105.84476629999978,58.07233935842639
21.00916369999996,105.84506629999977,61.89667884700917
21.00916369999996,105.84536629999977,66.78337789130359
21.00916369999996,105.84566629999976,65.6758466656536
21.00916369999996,105.84596629999976,69.8230931516327
21.00916369999996,105.84626629999975,69.5838500526239
21.00916369999996,105.84656629999975,68.6845192076646
21.00916369999996,105.84686629999975,61.497939988158066
21.00916369999996,105.84716629999974,63.392992557181884
21.00916369999996,105.84746629999974,69.84047525978058
21.00916369999996,105.84776629999973,61.3138535579578
21.00916369999996,105.84806629999973,72.94165836729914
21.00916369999996,105.84836629999973,73.05085882612177
21.00916369999996,105.84866629999972,80.37752256113316
21.00916369999996,105.84896629999972,74.02372373447649
21.00916369999996,105.84926629999971,73.96067512993314
21.00916369999996,105.84956629999971,72.72212359456118
21.00916369999996,105.8498662999997,81.26235484615225
21.00916369999996,105.8501662999997,73.32221165119317
21.00916369999996,105.8504662999997,73.46302329928841
21.00916369999996,105.85076629999969,75.65395236952178
21.00916369999996,105.85106629999969,71.06273615435754
21.00916369999996,105.85136629999968,75.86245782553225
21.00916369999996,105.85166629999968,76.43443343040006
21.00916369999996,105.85196629999967,72.93727984698195
21.00916369999996,105.85226629999967,76.77292221285799
21.00916369999996,105.85256629999967,73.68103106153534
21.00916369999996,105.85286629999966,74.36072723489485
21.00916369999996,105.85316629999966,77.78309832771602
21.00916369999996,105.85346629999965,79.32906930721191
21.00916369999996,105.85376629999965,79.56798265964066
21.00916369999996,105.85406629999964,76.03501750117042
21.00916369999996,105.85436629999964,75.21781779539074
21.00916369999996,105.85466629999964,79.68270495235247
21.00916369999996,105.85496629999963,75.4317603118406
21.00916369999996,105.85526629999963,67.74166839512814
21.00916369999996,105.85556629999962,69.54048429046381
21.00916369999996,105.85586629999962,69.82822531224288
21.00916369999996,105.85616629999961,69.83864520983768
21.00916369999996,105.85646629999961,66.39760019111317
21.00916369999996,105.8567662999996,69.42401949609584
21.00916369999996,105.8570662999996,68.56955589812843
21.00916369999996,105.8573662999996,73.95207223871462
21.00916369999996,105.8576662999996,76.00170499737428
21.00946369999996,105.8291663,70.82109852030888
21.00946369999996,105.82946629999999,68.94150698494055
21.00946369999996,105.82976629999999,74.76172971544693
21.00946369999996,105.83006629999998,74.8006783667331
21.00946369999996,105.83036629999998,71.39122298048049
21.00946369999996,105.83066629999998,71.58087540686115
21.00946369999996,105.83096629999997,66.70091368587853
21.00946369999996,105.83126629999997,68.0475274779478
21.00946369999996,105.83156629999996,72.33474463268087
21.00946369999996,105.83186629999996,75.0983359439102
21.00946369999996,105.83216629999995,69.49829609688248
21.00946369999996,105.83246629999995,70.55998118558806
21.00946369999996,105.83276629999995,69.27536094888782
21.00946369999996,105.83306629999994,73.82717518132613
21.00946369999996,105.83336629999994,62.3665664705034
21.00946369999996,105.83366629999993,71.38663878410118
21.00946369999996,105.83396629999993,76.27912313177465
21.00946369999996,105.83426629999992,69.64075212943591
21.00946369999996,105.83456629999992,64.536066753116
21.00946369999996,105.83486629999992,72.50034693683511
21.00946369999996,105.83516629999991,71.26187791864699
21.00946369999996,105.83546629999991,79.90609727351625
21.00946369999996,105.8357662999999,71.54637932274082
21.00946369999996,105.8360662999999,83.41499725782566
21.00946369999996,105.8363662999999,82.86338340183835
21.00946369999996,105.83666629999989,72.53454561720491
21.00946369999996,105.83696629999989,61.990699302685755
21.00946369999996,105.83726629999988,56.751212593754076
21.00946369999996,105.83756629999988,59.59981927426442
21.00946369999996,105.83786629999987,61.21399310429081
21.00946369999996,105.83816629999987,55.650026092360335
21.00946369999996,105.83846629999987,64.28089881261208
21.00946369999996,105.83876629999986,59.24659728446676
21.00946369999996,105.83906629999986,61.02504190040898
21.00946369999996,105.83936629999985,58.44652512569937
21.00946369999996,105.83966629999985,59.29600891281065
21.00946369999996,105.83996629999984,58.020481454511966
21.00946369999996,105.84026629999984,56.40548457031872
21.00946369999996,105.84056629999984,55.39781245599802
21.00946369999996,105.84086629999983,61.73646113882185
21.00946369999996,105.84116629999983,70.33349676057553
21.00946369999996,105.84146629999982,69.2268945472958
21.00946369999996,105.84176629999982,66.49437759162484
21.00946369999996,105.84206629999981,61.768632550578445
21.00946369999996,105.84236629999981,61.949556961240944
21.00946369999996,105.8426662999998,60.61221049984803
21.00946369999996,105.8429662999998,71.1408699102596
21.00946369999996,105.8432662999998,67.04499783688868
21.00946369999996,105.8435662999998,64.06425534508683
21.00946369999996,105.84386629999979,64.07538675760148
21.00946369999996,105.84416629999978,65.16235463493807
21.00946369999996,105.84446629999978,56.03770739262875
21.00946369999996,105.84476629999978,56.10989406998027
21.00946369999996,105.84506629999977,57.19481704281702
21.00946369999996,105.84536629999977,64.77693193074765
21.00946369999996,105.84566629999976,64.12571415987648
21.00946369999996,105.84596629999976,72.73785482249883
21.00946369999996,105.84626629999975,66.97849141363875
21.00946369999996,105.84656629999975,73.01558085031283
21.00946369999996,105.84686629999975,62.876007039994334
21.00946369999996,105.84716629999974,63.082691956284904
21.00946369999996,105.84746629999974,72.53643207484842
21.00946369999996,105.84776629999973,63.354166031061524
21.00946369999996,105.84806629999973,73.6962147505898
21.00946369999996,105.84836629999973,72.07039351510966
21.00946369999996,105.84866629999972,77.2824055124239
21.00946369999996,105.84896629999972,75.0079896386898
21.00946369999996,105.84926629999971,73.57180132160532
21.00946369999996,105.84956629999971,75.89710228773326
21.00946369999996,105.8498662999997,85.53832455199331
21.00946369999996,105.8501662999997,78.11041963355754
21.00946369999996,105.8504662999997,83.04115472111307
21.00946369999996,105.85076629999969,78.34754418751604
21.00946369999996,105.85106629999969,70.1308910134307
21.00946369999996,105.85136629999968,75.12358049525956
21.00946369999996,105.85166629999968,81.1640357848081
21.00946369999996,105.85196629999967,85.73753540492694
21.00946369999996,105.85226629999967,75.99994583532968
21.00946369999996,105.85256629999967,80.35848517577888
21.00946369999996,105.85286629999966,73.08023341831642
21.00946369999996,105.85316629999966,76.74624497434307
21.00946369999996,105.85346629999965,81.87312381273762
21.00946369999996,105.85376629999965,82.81349203820231
21.00946369999996,105.85406629999964,82.42019097838381
21.00946369999996,105.85436629999964,81.00686193251295
21.00946369999996,105.85466629999964,85.65483034942197
21.00946369999996,105.85496629999963,77.19379228569397
21.00946369999996,105.85526629999963,75.05998429283892
21.00946369999996,105.85556629999962,72.81807764903076
21.00946369999996,105.85586629999962,70.14223154131484
21.00946369999996,105.85616629999961,70.32810864204777
21.00946369999996,105.85646629999961,70.1525200697622
21.00946369999996,105.8567662999996,65.78252692527148
21.00946369999996,105.8570662999996,67.79136879904608
21.00946369999996,105.8573662999996,67.14065568288962
21.00946369999996,105.8576662999996,75.63657551016064
21.009763699999958,105.8291663,69.59983233917235
21.009763699999958,105.82946629999999,74.76618421863166
21.009763699999958,105.82976629999999,68.82591827738008
21.009763699999958,105.83006629999998,68.63042470677343
21.009763699999958,105.83036629999998,69.14828493433991
21.009763699999958,105.83066629999998,73.42128490479061
21.009763699999958,105.83096629999997,73.57779538327024
21.009763699999958,105.83126629999997,59.2673616960969
21.009763699999958,105.83156629999996,69.67165073362813
21.009763699999958,105.83186629999996,62.81212410873529
21.009763699999958,105.83216629999995,68.11813506118168
21.009763699999958,105.83246629999995,72.53036214514681
21.009763699999958,105.83276629999995,69.12591760849263
21.009763699999958,105.83306629999994,73.05567547046783
21.009763699999958,105.83336629999994,60.13852500313891
21.009763699999958,105.83366629999993,66.83943055930375
21.009763699999958,105.83396629999993,71.2688673487243
21.009763699999958,105.83426629999992,62.72515172983087
21.009763699999958,105.83456629999992,69.86359254699664
21.009763699999958,105.83486629999992,69.31489009663356
21.009763699999958,105.83516629999991,77.11607587590265
21.009763699999958,105.83546629999991,82.63802832539758
21.009763699999958,105.8357662999999,78.72382363107029
21.009763699999958,105.8360662999999,86.93260205884339
21.009763699999958,105.8363662999999,65.71546363152459
21.009763699999958,105.83666629999989,71.50057244250307
21.009763699999958,105.83696629999989,58.29486684540824
21.009763699999958,105.83726629999988,53.7285499928126
21.009763699999958,105.83756629999988,57.166535900043996
21.009763699999958,105.83786629999987,60.46020783194443
21.009763699999958,105.83816629999987,59.047753089845315
21.009763699999958,105.83846629999987,61.705302465295546
21.009763699999958,105.83876629999986,57.45631882790833
21.009763699999958,105.83906629999986,58.751733353919704
21.009763699999958,105.83936629999985,59.13964026985212
21.009763699999958,105.83966629999985,59.687391032164726
21.009763699999958,105.83996629999984,56.15034538446612
21.009763699999958,105.84026629999984,56.34227901259402
21.009763699999958,105.84056629999984,59.860138719763924
21.009763699999958,105.84086629999983,64.17287692729299
21.009763699999958,105.84116629999983,70.44697415653715
21.009763699999958,105.84146629999982,67.24632286038526
21.009763699999958,105.84176629999982,64.27749506119102
21.009763699999958,105.84206629999981,62.40473184658731
21.009763699999958,105.84236629999981,58.4584614371346
21.009763699999958,105.8426662999998,59.65299308830696
21.009763699999958,105.8429662999998,67.80043038781629
21.009763699999958,105.8432662999998,69.32278121116796
21.009763699999958,105.8435662999998,67.86405679057512
21.009763699999958,105.84386629999979,68.71558521728514
21.009763699999958,105.84416629999978,59.00307506208563
21.009763699999958,105.84446629999978,56.50140046364426
21.009763699999958,105.84476629999978,54.183362784850814
21.009763699999958,105.84506629999977,59.27305462937896
21.009763699999958,105.84536629999977,61.36325297108911
21.009763699999958,105.84566629999976,61.68865261096106
21.009763699999958,105.84596629999976,66.79878496569518
21.009763699999958,105.84626629999975,70.53834217626083
21.009763699999958,105.84656629999975,71.73872010965582
21.009763699999958,105.84686629999975,69.61857422654697
21.009763699999958,105.84716629999974,69.42539043471088
21.009763699999958,105.84746629999974,71.75596902282204
21.009763699999958,105.84776629999973,63.842682530024405
21.009763699999958,105.84806629999973,72.09311722607492
21.009763699999958,105.84836629999973,71.11494235070809
21.009763699999958,105.84866629999972,79.03573557790705
21.009763699999958,105.84896629999972,75.5283517158875
21.009763699999958,105.84926629999971,76.76497881383902
21.009763699999958,105.84956629999971,77.06459307427481
21.009763699999958,105.8498662999997,76.16195126196692
21.009763699999958,105.8501662999997,81.33406903855784
21.009763699999958,105.8504662999997,76.41855512925837
21.009763699999958,105.85076629999969,79.43431164999369
21.009763699999958,105.85106629999969,76.96832507153665
21.009763699999958,105.85136629999968,79.25360736242295
21.009763699999958,105.85166629999968,87.92087234864199
21.009763699999958,105.85196629999967,84.51268597381652
21.009763699999958,105.85226629999967,76.62122406973981
21.009763699999958,105.85256629999967,91.22180053863353
21.009763699999958,105.85286629999966,78.84248412339281
21.009763699999958,105.85316629999966,78.18580807304693
21.009763699999958,105.85346629999965,84.16461985883254
21.009763699999958,105.85376629999965,83.63571880614545
21.009763699999958,105.85406629999964,84.37213106096674
21.009763699999958,105.85436629999964,81.44635992532919
21.009763699999958,105.85466629999964,81.7353229981936
21.009763699999958,105.85496629999963,76.10986509084468
21.009763699999958,105.85526629999963,80.43603372528288
21.009763699999958,105.85556629999962,73.13620472467628
21.009763699999958,105.85586629999962,75.8969991721152
21.009763699999958,105.85616629999961,69.29385189613106
21.009763699999958,105.85646629999961,67.65649697819873
21.009763699999958,105.8567662999996,62.872890710530484
21.009763699999958,105.8570662999996,60.508082312749195
21.009763699999958,105.8573662999996,70.5162472103266
21.009763699999958,105.8576662999996,73.06327934492131
21.010063699999957,105.8291663,78.95698951299528
21.010063699999957,105.82946629999999,74.47116026227644
21.010063699999957,105.82976629999999,68.74060428303125
21.010063699999957,105.83006629999998,71.82492680063054
21.010063699999957,105.83036629999998,69.07285024233614
21.010063699999957,105.83066629999998,64.48559418082985
21.010063699999957,105.83096629999997,68.00538569444811
21.010063699999957,105.83126629999997,69.35221390960129
21.010063699999957,105.83156629999996,65.56462035616184
21.010063699999957,105.83186629999996,72.0457293808413
21.010063699999957,105.83216629999995,70.47739873876804
21.010063699999957,105.83246629999995,67.77288952314643
21.010063699999957,105.83276629999995,68.40961982788956
21.010063699999957,105.83306629999994,70.68912893098414
21.010063699999957,105.83336629999994,72.90682116490397
21.010063699999957,105.83366629999993,63.431924904913046
21.010063699999957,105.83396629999993,68.83222069585875
21.010063699999957,105.83426629999992,76.29507616029348
21.010063699999957,105.83456629999992,66.95346177336161
21.010063699999957,105.83486629999992,68.35855736672274
21.010063699999957,105.83516629999991,68.44722395394282
21.010063699999957,105.83546629999991,78.57029103502074
21.010063699999957,105.8357662999999,84.18054372044699
21.010063699999957,105.8360662999999,69.69612192863619
21.010063699999957,105.8363662999999,64.16470533239904
21.010063699999957,105.83666629999989,59.21794260153541
21.010063699999957,105.83696629999989,54.68540591072626
21.010063699999957,105.83726629999988,57.01243309975668
21.010063699999957,105.83756629999988,60.348243473181114
21.010063699999957,105.83786629999987,59.4197077991746
21.010063699999957,105.83816629999987,62.06224667082047
21.010063699999957,105.83846629999987,58.82949080046235
21.010063699999957,105.83876629999986,55.70900374397732
21.010063699999957,105.83906629999986,60.579678223257574
21.010063699999957,105.83936629999985,56.80526348344165
21.010063699999957,105.83966629999985,57.04043919231732
21.010063699999957,105.83996629999984,52.37494718907292
21.010063699999957,105.84026629999984,59.78245318246232
21.010063699999957,105.84056629999984,60.13831077382409
21.010063699999957,105.84086629999983,64.1303996500847
21.010063699999957,105.84116629999983,65.58509075203526
21.010063699999957,105.84146629999982,67.20013963699799
21.010063699999957,105.84176629999982,64.58895896631687
21.010063699999957,105.84206629999981,62.627893555334765
21.010063699999957,105.84236629999981,62.996836518087434
21.010063699999957,105.8426662999998,62.13653831733795
21.010063699999957,105.8429662999998,67.14547793671419
21.010063699999957,105.8432662999998,69.61229192074484
21.010063699999957,105.8435662999998,68.8278618381722
21.010063699999957,105.84386629999979,66.89927382131081
21.010063699999957,105.84416629999978,59.901445815184516
21.010063699999957,105.84446629999978,59.00408135377474
21.010063699999957,105.84476629999978,56.03606031534294
21.010063699999957,105.84506629999977,56.310044099368994
21.010063699999957,105.84536629999977,59.390711684576345
21.010063699999957,105.84566629999976,59.41704276166429
21.010063699999957,105.84596629999976,62.472629594620884
21.010063699999957,105.84626629999975,65.80341880508314
21.010063699999957,105.84656629999975,79.18964865977911
21.010063699999957,105.84686629999975,76.62229726332555
21.010063699999957,105.84716629999974,69.42846066300139
21.010063699999957,105.84746629999974,73.36315518297462
21.010063699999957,105.84776629999973,65.4346211239265
21.010063699999957,105.84806629999973,73.10645554262705
21.010063699999957,105.84836629999973,73.4147152161579
21.010063699999957,105.84866629999972,68.77686934714524
21.010063699999957,105.84896629999972,75.1472984373503
21.010063699999957,105.84926629999971,79.28517281639387
21.010063699999957,105.84956629999971,78.33533378573944
21.010063699999957,105.8498662999997,78.69314254060583
21.010063699999957,105.8501662999997,81.79890512449659
21.010063699999957,105.8504662999997,78.16961390502783
21.010063699999957,105.85076629999969,80.41559419529905
21.010063699999957,105.85106629999969,68.72802193498995
21.010063699999957,105.85136629999968,80.72165875491102
21.010063699999957,105.85166629999968,83.99490317537932
21.010063699999957,105.85196629999967,82.76713818196791
21.010063699999957,105.85226629999967,80.32087087035077
21.010063699999957,105.85256629999967,79.34554473627335
21.010063699999957,105.85286629999966,94.56032601682344
21.010063699999957,105.85316629999966,80.1586489185727
21.010063699999957,105.85346629999965,85.82743898153653
21.010063699999957,105.85376629999965,81.04694459229826
21.010063699999957,105.85406629999964,84.10724150002252
21.010063699999957,105.85436629999964,83.09463899812708
21.010063699999957,105.85466629999964,80.743371388849
21.010063699999957,105.85496629999963,77.42015379441519
21.010063699999957,105.85526629999963,76.83368454998343
21.010063699999957,105.85556629999962,68.68324007274673
21.010063699999957,105.85586629999962,71.32789338792038
21.010063699999957,105.85616629999961,73.28142495127192
21.010063699999957,105.85646629999961,67.69021936938618
21.010063699999957,105.8567662999996,67.05192450208577
21.010063699999957,105.8570662999996,69.3134251793926
21.010063699999957,105.8573662999996,76.23786973429154
21.010063699999957,105.8576662999996,75.51768376564196
21.010363699999957,105.8291663,78.72611942236429
21.010363699999957,105.82946629999999,75.2612533974737
21.010363699999957,105.82976629999999,75.28705244975798
21.010363699999957,105.83006629999998,69.02277790638098
21.010363699999957,105.83036629999998,75.66307138857549
21.010363699999957,105.83066629999998,61.79057370492551
21.010363699999957,105.83096629999997,66.69412798645001
21.010363699999957,105.83126629999997,72.17771043957376
21.010363699999957,105.83156629999996,64.2678925036552
21.010363699999957,105.83186629999996,65.92700596946537
21.010363699999957,105.83216629999995,66.7514857583046
21.010363699999957,105.83246629999995,68.2689452581079
21.010363699999957,105.83276629999995,71.5064719985926
21.010363699999957,105.83306629999994,70.74881566580413
21.010363699999957,105.83336629999994,67.88153551701866
21.010363699999957,105.83366629999993,70.98777584900702
21.010363699999957,105.83396629999993,71.40410969727405
21.010363699999957,105.83426629999992,74.83308267663085
21.010363699999957,105.83456629999992,68.43324464620858
21.010363699999957,105.83486629999992,66.24779797404356
21.010363699999957,105.83516629999991,69.01531186725707
21.010363699999957,105.83546629999991,73.13977992150713
21.010363699999957,105.8357662999999,64.4813271048805
21.010363699999957,105.8360662999999,66.46152416550888
21.010363699999957,105.8363662999999,58.59223251824382
21.010363699999957,105.83666629999989,59.966807085474954
21.010363699999957,105.83696629999989,59.28435417831132
21.010363699999957,105.83726629999988,56.6686654317412
21.010363699999957,105.83756629999988,57.44191267994937
21.010363699999957,105.83786629999987,59.33780469469016
21.010363699999957,105.83816629999987,64.04427256852367
21.010363699999957,105.83846629999987,61.84114229855645
21.010363699999957,105.83876629999986,58.1960270072604
21.010363699999957,105.83906629999986,55.332068971425755
21.010363699999957,105.83936629999985,56.181215125831415
21.010363699999957,105.83966629999985,56.951867933652224
21.010363699999957,105.83996629999984,62.01563761083291
21.010363699999957,105.84026629999984,59.908185957927756
21.010363699999957,105.84056629999984,61.83462919774131
21.010363699999957,105.84086629999983,65.3424151909584
21.010363699999957,105.84116629999983,64.88697919218902
21.010363699999957,105.84146629999982,66.69437287447407
21.010363699999957,105.84176629999982,60.87373284220355
21.010363699999957,105.84206629999981,61.411388523219145
21.010363699999957,105.84236629999981,61.09464630243109
21.010363699999957,105.8426662999998,61.63856452820521
21.010363699999957,105.8429662999998,70.10433652500518
21.010363699999957,105.8432662999998,69.03504536312333
21.010363699999957,105.8435662999998,69.22454895383301
21.010363699999957,105.84386629999979,70.37783544240885
21.010363699999957,105.84416629999978,59.8678822968283
21.010363699999957,105.84446629999978,68.99392966484646
21.010363699999957,105.84476629999978,63.12771233591259
21.010363699999957,105.84506629999977,55.69065146944847
21.010363699999957,105.84536629999977,59.39202413519793
21.010363699999957,105.84566629999976,61.33689369260114
21.010363699999957,105.84596629999976,60.92754669508314
21.010363699999957,105.84626629999975,68.49784863223991
21.010363699999957,105.84656629999975,75.01811449753478
21.010363699999957,105.84686629999975,69.44073699684299
21.010363699999957,105.84716629999974,68.23125629382747
21.010363699999957,105.84746629999974,69.42371728873118
21.010363699999957,105.84776629999973,65.08171175694467
21.010363699999957,105.84806629999973,69.95566791204695
21.010363699999957,105.84836629999973,69.40385687770808
21.010363699999957,105.84866629999972,72.2658605131678
21.010363699999957,105.84896629999972,79.3081184212521
21.010363699999957,105.84926629999971,78.61229950212591
21.010363699999957,105.84956629999971,85.25365432629233
21.010363699999957,105.8498662999997,84.1951741509626
21.010363699999957,105.8501662999997,78.55487177174484
21.010363699999957,105.8504662999997,79.3635747042398
21.010363699999957,105.85076629999969,72.90670430200443
21.010363699999957,105.85106629999969,76.81002225667791
21.010363699999957,105.85136629999968,82.29612867660005
21.010363699999957,105.85166629999968,89.26658821011112
21.010363699999957,105.85196629999967,90.66505925882602
21.010363699999957,105.85226629999967,81.47999257517024
21.010363699999957,105.85256629999967,82.54177197577961
21.010363699999957,105.85286629999966,88.54822260552218
21.010363699999957,105.85316629999966,83.51584553550654
21.010363699999957,105.85346629999965,81.20561075315206
21.010363699999957,105.85376629999965,80.18862554158179
21.010363699999957,105.85406629999964,83.10101357192652
21.010363699999957,105.85436629999964,81.65736717858695
21.010363699999957,105.85466629999964,73.1664752288518
21.010363699999957,105.85496629999963,78.00117659327991
21.010363699999957,105.85526629999963,73.31587907083694
21.010363699999957,105.85556629999962,74.50813340702062
21.010363699999957,105.85586629999962,71.17778622964278
21.010363699999957,105.85616629999961,72.38674871334592
21.010363699999957,105.85646629999961,72.92169806051136
21.010363699999957,105.8567662999996,71.38855642649982
21.010363699999957,105.8570662999996,64.98536792412588
21.010363699999957,105.8573662999996,68.33038915153223
21.010363699999957,105.8576662999996,74.1626391258601
21.010663699999956,105.8291663,77.28088515668757
21.010663699999956,105.82946629999999,82.29055242071415
21.010663699999956,105.82976629999999,64.77751219679925
21.010663699999956,105.83006629999998,74.76516692001732
21.010663699999956,105.83036629999998,74.2609239787509
21.010663699999956,105.83066629999998,67.8606093154607
21.010663699999956,105.83096629999997,65.20002187761824
21.010663699999956,105.83126629999997,65.34516357988237
21.010663699999956,105.83156629999996,64.85200701086555
21.010663699999956,105.83186629999996,63.11116397283057
21.010663699999956,105.83216629999995,61.266065308585524
21.010663699999956,105.83246629999995,68.34669478194034
21.010663699999956,105.83276629999995,70.18581013203847
21.010663699999956,105.83306629999994,73.21039408471759
21.010663699999956,105.83336629999994,72.19904610574875
21.010663699999956,105.83366629999993,69.44683426722182
21.010663699999956,105.83396629999993,70.2150070829485
21.010663699999956,105.83426629999992,62.632476766166036
21.010663699999956,105.83456629999992,62.62526601298025
21.010663699999956,105.83486629999992,60.929635857269375
21.010663699999956,105.83516629999991,62.050105324552504
21.010663699999956,105.83546629999991,54.671501201870925
21.010663699999956,105.8357662999999,55.646131062249836
21.010663699999956,105.8360662999999,56.92737144294307
21.010663699999956,105.8363662999999,60.54842452507178
21.010663699999956,105.83666629999989,56.58050771200023
21.010663699999956,105.83696629999989,59.66606569908467
21.010663699999956,105.83726629999988,57.16991547530847
21.010663699999956,105.83756629999988,58.036913939799064
21.010663699999956,105.83786629999987,61.52869774191112
21.010663699999956,105.83816629999987,62.37696267623171
21.010663699999956,105.83846629999987,61.96986709868685
21.010663699999956,105.83876629999986,57.46391813778408
21.010663699999956,105.83906629999986,56.78100881509235
21.010663699999956,105.83936629999985,55.00565377446108
21.010663699999956,105.83966629999985,60.69378251950593
21.010663699999956,105.83996629999984,64.24416639650639
21.010663699999956,105.84026629999984,69.9452102187066
21.010663699999956,105.84056629999984,69.12598350233257
21.010663699999956,105.84086629999983,66.8604559681693
21.010663699999956,105.84116629999983,67.34444143040382
21.010663699999956,105.84146629999982,66.55244657760747
21.010663699999956,105.84176629999982,64.59276008524333
21.010663699999956,105.84206629999981,62.99663831039544
21.010663699999956,105.84236629999981,61.14111206574057
21.010663699999956,105.8426662999998,60.97963269164359
21.010663699999956,105.8429662999998,69.84112731113837
21.010663699999956,105.8432662999998,68.48503736595987
21.010663699999956,105.8435662999998,67.97172279983324
21.010663699999956,105.84386629999979,69.14695423023976
21.010663699999956,105.84416629999978,74.22365600572708
21.010663699999956,105.84446629999978,67.45333796139359
21.010663699999956,105.84476629999978,64.71847896566062
21.010663699999956,105.84506629999977,56.83535869982572
21.010663699999956,105.84536629999977,60.856190335950316
21.010663699999956,105.84566629999976,60.778382983461924
21.010663699999956,105.84596629999976,59.91091789441131
21.010663699999956,105.84626629999975,64.15234397215066
21.010663699999956,105.84656629999975,78.53603746318781
21.010663699999956,105.84686629999975,71.28122343789651
21.010663699999956,105.84716629999974,69.82320540555766
21.010663699999956,105.84746629999974,73.63224477926157
21.010663699999956,105.84776629999973,69.62136677860728
21.010663699999956,105.84806629999973,69.78318315257766
21.010663699999956,105.84836629999973,71.33319167385902
21.010663699999956,105.84866629999972,78.39256098172939
21.010663699999956,105.84896629999972,74.91384465765252
21.010663699999956,105.84926629999971,81.42129381535709
21.010663699999956,105.84956629999971,85.75751055397839
21.010663699999956,105.8498662999997,83.58746713560424
21.010663699999956,105.8501662999997,73.11345190390537
21.010663699999956,105.8504662999997,78.58398672963958
21.010663699999956,105.85076629999969,80.01456701462725
21.010663699999956,105.85106629999969,79.66662777132686
21.010663699999956,105.85136629999968,83.57430936955483
21.010663699999956,105.85166629999968,79.071171148858
21.010663699999956,105.85196629999967,80.53097867733575
21.010663699999956,105.85226629999967,82.20958813648346
21.010663699999956,105.85256629999967,81.29919482084296
21.010663699999956,105.85286629999966,79.37173543251195
21.010663699999956,105.85316629999966,78.67798640018606
21.010663699999956,105.85346629999965,80.71217148201069
21.010663699999956,105.85376629999965,76.80630322821
21.010663699999956,105.85406629999964,77.70704536584377
21.010663699999956,105.85436629999964,76.90209969761752
21.010663699999956,105.85466629999964,74.40125086771954
21.010663699999956,105.85496629999963,72.76525015839832
21.010663699999956,105.85526629999963,73.79492782358595
21.010663699999956,105.85556629999962,72.31498299383567
21.010663699999956,105.85586629999962,71.77771320316677
21.010663699999956,105.85616629999961,72.2864055553578
21.010663699999956,105.85646629999961,72.7129396174268
21.010663699999956,105.8567662999996,72.1463398264325
21.010663699999956,105.8570662999996,68.4558454348988
21.010663699999956,105.8573662999996,67.24858183644082
21.010663699999956,105.8576662999996,67.95668356723785
21.010963699999955,105.8291663,79.55522434427107
21.010963699999955,105.82946629999999,72.29447549946232
21.010963699999955,105.82976629999999,73.17621880621591
21.010963699999955,105.83006629999998,73.03786105096907
21.010963699999955,105.83036629999998,61.74668468523467
21.010963699999955,105.83066629999998,69.39193526642536
21.010963699999955,105.83096629999997,61.21187069599513
21.010963699999955,105.83126629999997,62.72090921715996
21.010963699999955,105.83156629999996,63.68058529394065
21.010963699999955,105.83186629999996,62.53269010215048
21.010963699999955,105.83216629999995,63.901108093695925
21.010963699999955,105.83246629999995,67.95364769542589
21.010963699999955,105.83276629999995,73.98888856096175
21.010963699999955,105.83306629999994,62.92028869676081
21.010963699999955,105.83336629999994,68.67304733469265
21.010963699999955,105.83366629999993,61.253633677138595
21.010963699999955,105.83396629999993,60.48301490338625
21.010963699999955,105.83426629999992,66.62871522342098
21.010963699999955,105.83456629999992,64.03587986772463
21.010963699999955,105.83486629999992,58.95657371980019
21.010963699999955,105.83516629999991,57.42918011116858
21.010963699999955,105.83546629999991,55.80414315872021
21.010963699999955,105.8357662999999,56.2884981369518
21.010963699999955,105.8360662999999,62.07109790656513
21.010963699999955,105.8363662999999,60.56114209980649
21.010963699999955,105.83666629999989,59.58448056144718
21.010963699999955,105.83696629999989,53.34716916340523
21.010963699999955,105.83726629999988,59.399963649015646
21.010963699999955,105.83756629999988,61.17368593629082
21.010963699999955,105.83786629999987,61.61042022153724
21.010963699999955,105.83816629999987,61.56920200797401
21.010963699999955,105.83846629999987,57.810677653840045
21.010963699999955,105.83876629999986,57.24936692263596
21.010963699999955,105.83906629999986,52.15395791230267
21.010963699999955,105.83936629999985,62.10835799415787
21.010963699999955,105.83966629999985,64.08920767838258
21.010963699999955,105.83996629999984,67.65441723911208
21.010963699999955,105.84026629999984,67.42098877215713
21.010963699999955,105.84056629999984,64.64231599918422
21.010963699999955,105.84086629999983,66.03059888256311
21.010963699999955,105.84116629999983,65.91598284175203
21.010963699999955,105.84146629999982,65.99462871936454
21.010963699999955,105.84176629999982,64.59276008524333
21.010963699999955,105.84206629999981,61.618159293541794
21.010963699999955,105.84236629999981,61.755517598579445
21.010963699999955,105.8426662999998,61.59403822448246
21.010963699999955,105.8429662999998,69.84112731113837
21.010963699999955,105.8432662999998,67.72623290597248
21.010963699999955,105.8435662999998,68.50539581500882
21.010963699999955,105.84386629999979,67.97172279983324
21.010963699999955,105.84416629999978,75.66748392768507
21.010963699999955,105.84446629999978,67.45333796139359
21.010963699999955,105.84476629999978,67.85035283261315
21.010963699999955,105.84506629999977,60.449128425709375
21.010963699999955,105.84536629999977,60.74262569453896
21.010963699999955,105.84566629999976,60.24402644586384
21.010963699999955,105.84596629999976,59.73575786169745
21.010963699999955,105.84626629999975,64.14915160897799
21.010963699999955,105.84656629999975,78.34634290235854
21.010963699999955,105.84686629999975,65.23192428783001
21.010963699999955,105.84716629999974,68.24312337529639
21.010963699999955,105.84746629999974,70.58216573671228
21.010963699999955,105.84776629999973,67.93687483171647
21.010963699999955,105.84806629999973,69.53206172353467
21.010963699999955,105.84836629999973,71.14069537162348
21.010963699999955,105.84866629999972,73.81709933666195
21.010963699999955,105.84896629999972,81.76278388580462
21.010963699999955,105.84926629999971,78.71530781575365
21.010963699999955,105.84956629999971,85.79255626922333
21.010963699999955,105.8498662999997,84.4793101291331
21.010963699999955,105.8501662999997,82.16630034504483
21.010963699999955,105.8504662999997,83.85246565957301
21.010963699999955,105.85076629999969,83.31707695951913
21.010963699999955,105.85106629999969,90.25271406850018
21.010963699999955,105.85136629999968,92.30025364785229
21.010963699999955,105.85166629999968,84.61624934534608
21.010963699999955,105.85196629999967,83.07542750541484
21.010963699999955,105.85226629999967,86.01251300587214
21.010963699999955,105.85256629999967,76.74417587074892
21.010963699999955,105.85286629999966,79.43875437764076
21.010963699999955,105.85316629999966,76.76560316189855
21.010963699999955,105.85346629999965,80.48860371247424
21.010963699999955,105.85376629999965,75.57462888502296
21.010963699999955,105.85406629999964,77.20034626787226
21.010963699999955,105.85436629999964,75.84990626321992
21.010963699999955,105.85466629999964,76.65756736086117
21.010963699999955,105.85496629999963,74.46290593255107
21.010963699999955,105.85526629999963,72.23129342921845
21.010963699999955,105.85556629999962,74.64024150322338
21.010963699999955,105.85586629999962,70.3927854874676
21.010963699999955,105.85616629999961,69.34078706880834
21.010963699999955,105.85646629999961,73.07638369129221
21.010963699999955,105.8567662999996,72.59146804340632
21.010963699999955,105.8570662999996,65.11290269966406
21.010963699999955,105.8573662999996,66.6164191114006
21.010963699999955,105.8576662999996,72.89645628069857
21.011263699999954,105.8291663,78.55314055677748
21.011263699999954,105.82946629999999,71.79696447304036
21.011263699999954,105.82976629999999,68.33546465967476
21.011263699999954,105.83006629999998,64.45869056073454
21.011263699999954,105.83036629999998,70.01878702963418
21.011263699999954,105.83066629999998,63.859427524358566
21.011263699999954,105.83096629999997,68.63947495878746
21.011263699999954,105.83126629999997,63.29844293545142
21.011263699999954,105.83156629999996,60.948815767089656
21.011263699999954,105.83186629999996,63.66322753533565
21.011263699999954,105.83216629999995,63.36769326816177
21.011263699999954,105.83246629999995,64.21473989328484
21.011263699999954,105.83276629999995,70.29982472310446
21.011263699999954,105.83306629999994,62.947615068266046
21.011263699999954,105.83336629999994,57.95132124906662
21.011263699999954,105.83366629999993,59.564980642265866
21.011263699999954,105.83396629999993,58.7864146646146
21.011263699999954,105.83426629999992,58.85083587089635
21.011263699999954,105.83456629999992,52.015288868333734
21.011263699999954,105.83486629999992,53.7811588680602
21.011263699999954,105.83516629999991,58.97878087880153
21.011263699999954,105.83546629999991,59.73432288055949
21.011263699999954,105.8357662999999,57.757396647531635
21.011263699999954,105.8360662999999,65.49326216005153
21.011263699999954,105.8363662999999,61.01748518636633
21.011263699999954,105.83666629999989,61.779278108337095
21.011263699999954,105.83696629999989,61.931884705445
21.011263699999954,105.83726629999988,61.85510866723233
21.011263699999954,105.83756629999988,60.47098114330889
21.011263699999954,105.83786629999987,59.41613910509221
21.011263699999954,105.83816629999987,60.35729922523409
21.011263699999954,105.83846629999987,56.7035430240695
21.011263699999954,105.83876629999986,54.7161953462929
21.011263699999954,105.83906629999986,62.12344054319878
21.011263699999954,105.83936629999985,64.17928839810885
21.011263699999954,105.83966629999985,64.55809098062151
21.011263699999954,105.83996629999984,66.80923288537481
21.011263699999954,105.84026629999984,66.13926497173959
21.011263699999954,105.84056629999984,64.32671001035906
21.011263699999954,105.84086629999983,65.05496459350223
21.011263699999954,105.84116629999983,65.73479006580556
21.011263699999954,105.84146629999982,64.74477937576374
21.011263699999954,105.84176629999982,64.01401949600913
21.011263699999954,105.84206629999981,61.618159293541794
21.011263699999954,105.84236629999981,61.755517598579445
21.011263699999954,105.8426662999998,60.787896472393
21.011263699999954,105.8429662999998,68.901464336379
21.011263699999954,105.8432662999998,67.72623290597248
21.011263699999954,105.8435662999998,68.50539581500882
21.011263699999954,105.84386629999979,67.72623290597248
21.011263699999954,105.84416629999978,75.66748392768507
21.011263699999954,105.84446629999978,68.16403235043373
21.011263699999954,105.84476629999978,67.5804672306376
21.011263699999954,105.84506629999977,60.53862380803184
21.011263699999954,105.84536629999977,57.413110669407274
21.011263699999954,105.84566629999976,60.74855868704272
21.011263699999954,105.84596629999976,58.85772016484886
21.011263699999954,105.84626629999975,63.89493981581474
21.011263699999954,105.84656629999975,67.6240136830898
21.011263699999954,105.84686629999975,65.58478915987085
21.011263699999954,105.84716629999974,68.532444082122
21.011263699999954,105.84746629999974,74.72381424353445
21.011263699999954,105.84776629999973,69.28232255942027
21.011263699999954,105.84806629999973,71.50824917877657
21.011263699999954,105.84836629999973,73.92799453954528
21.011263699999954,105.84866629999972,72.91032458863188
21.011263699999954,105.84896629999972,72.21704318330453
21.011263699999954,105.84926629999971,80.19644626432665
21.011263699999954,105.84956629999971,79.75129366192856
21.011263699999954,105.8498662999997,82.86470850957824
21.011263699999954,105.8501662999997,79.47266244453492
21.011263699999954,105.8504662999997,84.35260223781987
21.011263699999954,105.85076629999969,84.45544845524257
21.011263699999954,105.85106629999969,82.9090881675521
21.011263699999954,105.85136629999968,85.41641309725676
21.011263699999954,105.85166629999968,88.87785467918633
21.011263699999954,105.85196629999967,79.8674093063709
21.011263699999954,105.85226629999967,80.43262908863079
21.011263699999954,105.85256629999967,78.41117175706756
21.011263699999954,105.85286629999966,80.23139588392696
21.011263699999954,105.85316629999966,76.866499577737
21.011263699999954,105.85346629999965,73.87959199419439
21.011263699999954,105.85376629999965,82.96768166756323
21.011263699999954,105.85406629999964,79.18473103487108
21.011263699999954,105.85436629999964,72.61334036066275
21.011263699999954,105.85466629999964,74.50463641901081
21.011263699999954,105.85496629999963,75.8568048823774
21.011263699999954,105.85526629999963,77.1550987521305
21.011263699999954,105.85556629999962,74.911918596542
21.011263699999954,105.85586629999962,70.49130608913327
21.011263699999954,105.85616629999961,73.53831378269986
21.011263699999954,105.85646629999961,71.50337976883769
21.011263699999954,105.8567662999996,73.43636627810604
21.011263699999954,105.8570662999996,62.86646002186812
21.011263699999954,105.8573662999996,64.82494158884721
21.011263699999954,105.8576662999996,68.67736126091506
21.011563699999954,105.8291663,74.86514990084156
21.011563699999954,105.82946629999999,68.73161417203114
21.011563699999954,105.82976629999999,68.89753626505721
21.011563699999954,105.83006629999998,64.88905870232438
21.011563699999954,105.83036629999998,67.23814045684274
21.011563699999954,105.83066629999998,66.52457878066372
21.011563699999954,105.83096629999997,70.18463613786051
21.011563699999954,105.83126629999997,67.27513464909916
21.011563699999954,105.83156629999996,62.735359668276786
21.011563699999954,105.83186629999996,64.71479162794391
21.011563699999954,105.83216629999995,62.4137849133504
21.011563699999954,105.83246629999995,66.81120379909287
21.011563699999954,105.83276629999995,60.789100511428984
21.011563699999954,105.83306629999994,59.93101353650148
21.011563699999954,105.83336629999994,61.684573481787865
21.011563699999954,105.83366629999993,54.29157820837219
21.011563699999954,105.83396629999993,59.640332626572246
21.011563699999954,105.83426629999992,51.79981264126274
21.011563699999954,105.83456629999992,57.21190150177476
21.011563699999954,105.83486629999992,53.59187366111185
21.011563699999954,105.83516629999991,58.199228731830985
21.011563699999954,105.83546629999991,60.13369959231524
21.011563699999954,105.8357662999999,59.9606809327325
21.011563699999954,105.8360662999999,60.21937068738663
21.011563699999954,105.8363662999999,61.758347270204794
21.011563699999954,105.83666629999989,61.95769451154288
21.011563699999954,105.83696629999989,64.9167282221513
21.011563699999954,105.83726629999988,60.97649451211957
21.011563699999954,105.83756629999988,61.245077577441364
21.011563699999954,105.83786629999987,60.1117357315067
21.011563699999954,105.83816629999987,64.70460897700315
21.011563699999954,105.83846629999987,57.430796424745026
21.011563699999954,105.83876629999986,60.55762401446037
21.011563699999954,105.83906629999986,62.16668308993478
21.011563699999954,105.83936629999985,64.14514019116955
21.011563699999954,105.83966629999985,68.33723976830122
21.011563699999954,105.83996629999984,65.31443960143429
21.011563699999954,105.84026629999984,65.44138192318985
21.011563699999954,105.84056629999984,64.8869873047988
21.011563699999954,105.84086629999983,67.06875451577433
21.011563699999954,105.84116629999983,67.26458039796417
21.011563699999954,105.84146629999982,67.17322013317077
21.011563699999954,105.84176629999982,64.6987828330907
21.011563699999954,105.84206629999981,61.51361871328341
21.011563699999954,105.84236629999981,60.949375846489986
21.011563699999954,105.8426662999998,60.787896472393
21.011563699999954,105.8429662999998,68.067582325236
21.011563699999954,105.8432662999998,67.72623290597248
21.011563699999954,105.8435662999998,68.50539581500882
21.011563699999954,105.84386629999979,72.97051492137616
21.011563699999954,105.84416629999978,74.77270874913452
21.011563699999954,105.84446629999978,70.071227147514
21.011563699999954,105.84476629999978,66.63351262259467
21.011563699999954,105.84506629999977,63.12771233591259
21.011563699999954,105.84536629999977,55.26118902892752
21.011563699999954,105.84566629999976,59.03277143576669
21.011563699999954,105.84596629999976,59.217508354518756
21.011563699999954,105.84626629999975,62.42408475559613
21.011563699999954,105.84656629999975,66.04105191883694
21.011563699999954,105.84686629999975,68.76367607577168
21.011563699999954,105.84716629999974,63.64979598094986
21.011563699999954,105.84746629999974,72.84451771926929
21.011563699999954,105.84776629999973,69.2825522352224
21.011563699999954,105.84806629999973,72.73973081623362
21.011563699999954,105.84836629999973,72.42758649564612
21.011563699999954,105.84866629999972,69.6679624087401
21.011563699999954,105.84896629999972,77.32567296839242
21.011563699999954,105.84926629999971,74.05892964121824
21.011563699999954,105.84956629999971,79.3157510059632
21.011563699999954,105.8498662999997,77.83798615103332
21.011563699999954,105.8501662999997,76.97409585885329
21.011563699999954,105.8504662999997,76.93526855037511
21.011563699999954,105.85076629999969,80.10647038368106
21.011563699999954,105.85106629999969,79.23527628713434
21.011563699999954,105.85136629999968,77.66787432007662
21.011563699999954,105.85166629999968,87.14605836868041
21.011563699999954,105.85196629999967,77.29665332741176
21.011563699999954,105.85226629999967,80.51209885539903
21.011563699999954,105.85256629999967,81.06017143408579
21.011563699999954,105.85286629999966,79.55924683465162
21.011563699999954,105.85316629999966,76.76992004302375
21.011563699999954,105.85346629999965,76.91866631335442
21.011563699999954,105.85376629999965,75.70126387204908
21.011563699999954,105.85406629999964,73.21028990399304
21.011563699999954,105.85436629999964,76.28673915621697
21.011563699999954,105.85466629999964,76.84308238652926
21.011563699999954,105.85496629999963,74.91053745251705
21.011563699999954,105.85526629999963,76.65134774772172
21.011563699999954,105.85556629999962,73.83663360178892
21.011563699999954,105.85586629999962,77.03099415759422
21.011563699999954,105.85616629999961,74.02119800038659
21.011563699999954,105.85646629999961,69.72207572451079
21.011563699999954,105.8567662999996,72.04495415212054
21.011563699999954,105.8570662999996,64.96857729022722
21.011563699999954,105.8573662999996,65.42557945111456
21.011563699999954,105.8576662999996,64.35318294077054
21.011863699999953,105.8291663,67.90235396608142
21.011863699999953,105.82946629999999,68.97518689909731
21.011863699999953,105.82976629999999,72.59960590717891
21.011863699999953,105.83006629999998,66.46784296803764
21.011863699999953,105.83036629999998,67.63778952751214
21.011863699999953,105.83066629999998,72.66315880725794
21.011863699999953,105.83096629999997,71.69509036444991
21.011863699999953,105.83126629999997,68.85070294553168
21.011863699999953,105.83156629999996,62.362852311673066
21.011863699999953,105.83186629999996,60.979026966353175
21.011863699999953,105.83216629999995,61.584737977929066
21.011863699999953,105.83246629999995,72.47807096195682
21.011863699999953,105.83276629999995,58.276076590053435
21.011863699999953,105.83306629999994,62.460368247568965
21.011863699999953,105.83336629999994,64.36167148708192
21.011863699999953,105.83366629999993,57.02199713282154
21.011863699999953,105.83396629999993,63.634232961830804
21.011863699999953,105.83426629999992,57.84757280280877
21.011863699999953,105.83456629999992,58.114319146619565
21.011863699999953,105.83486629999992,56.48504633826603
21.011863699999953,105.83516629999991,59.324875921423214
21.011863699999953,105.83546629999991,59.965284350179545
21.011863699999953,105.8357662999999,60.24389327370632
21.011863699999953,105.8360662999999,58.32907091706481
21.011863699999953,105.8363662999999,59.79860883096394
21.011863699999953,105.83666629999989,62.56212433331416
21.011863699999953,105.83696629999989,62.44181810172314
21.011863699999953,105.83726629999988,61.63262046154128
21.011863699999953,105.83756629999988,62.66482994339165
21.011863699999953,105.83786629999987,63.42924941385763
21.011863699999953,105.83816629999987,61.3728213682128
21.011863699999953,105.83846629999987,61.50056501821919
21.011863699999953,105.83876629999986,68.04326481596647
21.011863699999953,105.83906629999986,63.561260713319456
21.011863699999953,105.83936629999985,61.94252096853987
21.011863699999953,105.83966629999985,65.10204425447488
21.011863699999953,105.83996629999984,62.53532079954476
21.011863699999953,105.84026629999984,64.24721452660785
21.011863699999953,105.84056629999984,65.29134531002268
21.011863699999953,105.84086629999983,67.05967892966873
21.011863699999953,105.84116629999983,67.1454867296971
21.011863699999953,105.84146629999982,66.75748768688095
21.011863699999953,105.84176629999982,64.69653086554271
21.011863699999953,105.84206629999981,61.51361871328341
21.011863699999953,105.84236629999981,60.949375846489986
21.011863699999953,105.8426662999998,60.787896472393
21.011863699999953,105.8429662999998,68.067582325236
21.011863699999953,105.8432662999998,67.72623290597248
21.011863699999953,105.8435662999998,68.12874718777283
21.011863699999953,105.84386629999979,73.86144956941473
21.011863699999953,105.84416629999978,74.76624456356942
21.011863699999953,105.84446629999978,76.91343488571472
21.011863699999953,105.84476629999978,71.16959480867236
21.011863699999953,105.84506629999977,55.49894078626936
21.011863699999953,105.84536629999977,53.936414002866755
21.011863699999953,105.84566629999976,56.47375663169585
21.011863699999953,105.84596629999976,60.034144515077585
21.011863699999953,105.84626629999975,59.01001027751761
21.011863699999953,105.84656629999975,61.16191183062976
21.011863699999953,105.84686629999975,71.36471905238535
21.011863699999953,105.84716629999974,70.90257020703085
21.011863699999953,105.84746629999974,73.30513772933196
21.011863699999953,105.84776629999973,68.19071517121651
21.011863699999953,105.84806629999973,71.69398325826936
21.011863699999953,105.84836629999973,67.99130667713602
21.011863699999953,105.84866629999972,67.09566963904331
21.011863699999953,105.84896629999972,76.30831556568488
21.011863699999953,105.84926629999971,69.67200403437977
21.011863699999953,105.84956629999971,77.03161591778452
21.011863699999953,105.8498662999997,76.0777151565214
21.011863699999953,105.8501662999997,77.80083015234699
21.011863699999953,105.8504662999997,75.57300006749496
21.011863699999953,105.85076629999969,75.89826705766909
21.011863699999953,105.85106629999969,78.17371626857889
21.011863699999953,105.85136629999968,77.94752021849597
21.011863699999953,105.85166629999968,74.99538921442442
21.011863699999953,105.85196629999967,79.62531307489925
21.011863699999953,105.85226629999967,77.42704589344439
21.011863699999953,105.85256629999967,78.18139346810999
21.011863699999953,105.85286629999966,76.72550363627359
21.011863699999953,105.85316629999966,76.16303647093628
21.011863699999953,105.85346629999965,78.09660549826434
21.011863699999953,105.85376629999965,68.5935639064831
21.011863699999953,105.85406629999964,76.59044921668281
21.011863699999953,105.85436629999964,72.99654785348879
21.011863699999953,105.85466629999964,77.34115567036274
21.011863699999953,105.85496629999963,77.8704839857735
21.011863699999953,105.85526629999963,72.83272819531858
21.011863699999953,105.85556629999962,74.27216267552437
21.011863699999953,105.85586629999962,73.66366628124813
21.011863699999953,105.85616629999961,72.56394642294171
21.011863699999953,105.85646629999961,74.68757687941124
21.011863699999953,105.8567662999996,74.77907919642372
21.011863699999953,105.8570662999996,70.70933795443658
21.011863699999953,105.8573662999996,58.33323704152035
21.011863699999953,105.8576662999996,62.46099962980543
21.012163699999952,105.8291663,65.62416299171424
21.012163699999952,105.82946629999999,76.52514543340203
21.012163699999952,105.82976629999999,74.0154723182572
21.012163699999952,105.83006629999998,64.94374135053647
21.012163699999952,105.83036629999998,64.31183407453778
21.012163699999952,105.83066629999998,65.17387822356403
21.012163699999952,105.83096629999997,62.62593498376968
21.012163699999952,105.83126629999997,67.23749877319463
21.012163699999952,105.83156629999996,68.35103273979445
21.012163699999952,105.83186629999996,66.83916981463022
21.012163699999952,105.83216629999995,67.9318265667725
21.012163699999952,105.83246629999995,59.83724800501233
21.012163699999952,105.83276629999995,62.24798796607449
21.012163699999952,105.83306629999994,60.81140148422162
21.012163699999952,105.83336629999994,59.87622818474611
21.012163699999952,105.83366629999993,54.690585080957206
21.012163699999952,105.83396629999993,67.42764888476505
21.012163699999952,105.83426629999992,55.71259064867046
21.012163699999952,105.83456629999992,58.479240607864796
21.012163699999952,105.83486629999992,56.67986132576257
21.012163699999952,105.83516629999991,60.84149758623991
21.012163699999952,105.83546629999991,59.486442008032284
21.012163699999952,105.8357662999999,59.36186943966291
21.012163699999952,105.8360662999999,61.213958651182
21.012163699999952,105.8363662999999,61.42297309277711
21.012163699999952,105.83666629999989,60.25108767349293
21.012163699999952,105.83696629999989,59.298137967187586
21.012163699999952,105.83726629999988,60.230882408331325
21.012163699999952,105.83756629999988,62.1672915196565
21.012163699999952,105.83786629999987,63.32807784122991
21.012163699999952,105.83816629999987,62.641737459810386
21.012163699999952,105.83846629999987,63.31142459613504
21.012163699999952,105.83876629999986,66.80433333958582
21.012163699999952,105.83906629999986,66.00858318161718
21.012163699999952,105.83936629999985,65.84057011250485
21.012163699999952,105.83966629999985,62.34958593576273
21.012163699999952,105.83996629999984,63.281476789000465
21.012163699999952,105.84026629999984,61.820495238429956
21.012163699999952,105.84056629999984,65.57630819582846
21.012163699999952,105.84086629999983,66.30103904030744
21.012163699999952,105.84116629999983,67.46878842399548
21.012163699999952,105.84146629999982,66.67735828198204
21.012163699999952,105.84176629999982,64.69653086554271
21.012163699999952,105.84206629999981,61.51361871328341
21.012163699999952,105.84236629999981,60.949375846489986
21.012163699999952,105.8426662999998,60.787896472393
21.012163699999952,105.8429662999998,68.067582325236
21.012163699999952,105.8432662999998,73.78835360611687
21.012163699999952,105.8435662999998,80.24807695701185
21.012163699999952,105.84386629999979,74.92340575990545
21.012163699999952,105.84416629999978,74.61113659009848
21.012163699999952,105.84446629999978,77.6873829089384
21.012163699999952,105.84476629999978,71.16959480867236
21.012163699999952,105.84506629999977,58.221081401921325
21.012163699999952,105.84536629999977,53.6129976407113
21.012163699999952,105.84566629999976,56.67806623772155
21.012163699999952,105.84596629999976,60.2354274332818
21.012163699999952,105.84626629999975,59.209347300623946
21.012163699999952,105.84656629999975,59.61982722458143
21.012163699999952,105.84686629999975,70.2917269989567
21.012163699999952,105.84716629999974,67.41737917005713
21.012163699999952,105.84746629999974,73.42100638329923
21.012163699999952,105.84776629999973,67.86626850215795
21.012163699999952,105.84806629999973,70.62476297496917
21.012163699999952,105.84836629999973,71.59695222815034
21.012163699999952,105.84866629999972,70.85900565094909
21.012163699999952,105.84896629999972,78.9573525000144
21.012163699999952,105.84926629999971,73.82611804244497
21.012163699999952,105.84956629999971,76.29157971501452
21.012163699999952,105.8498662999997,77.3581358591903
21.012163699999952,105.8501662999997,74.6129059390276
21.012163699999952,105.8504662999997,76.74910575568185
21.012163699999952,105.85076629999969,76.05896632445773
21.012163699999952,105.85106629999969,75.3887612304171
21.012163699999952,105.85136629999968,79.5996548224593
21.012163699999952,105.85166629999968,75.18323604056339
21.012163699999952,105.85196629999967,83.20940996500528
21.012163699999952,105.85226629999967,76.63239457081086
21.012163699999952,105.85256629999967,77.37061959211533
21.012163699999952,105.85286629999966,74.09121290808375
21.012163699999952,105.85316629999966,74.25784975791916
21.012163699999952,105.85346629999965,72.92097396427394
21.012163699999952,105.85376629999965,72.71148498392272
21.012163699999952,105.85406629999964,73.65812019276837
21.012163699999952,105.85436629999964,71.908697818929
21.012163699999952,105.85466629999964,76.57526821421595
21.012163699999952,105.85496629999963,74.22860974459935
21.012163699999952,105.85526629999963,70.40249984944477
21.012163699999952,105.85556629999962,74.99317206285275
21.012163699999952,105.85586629999962,73.21276636445471
21.012163699999952,105.85616629999961,70.88901591317021
21.012163699999952,105.85646629999961,71.95906121802528
21.012163699999952,105.8567662999996,73.94790530019449
21.012163699999952,105.8570662999996,71.10882107148593
21.012163699999952,105.8573662999996,57.88213393970459
21.012163699999952,105.8576662999996,61.950035188702856
21.01246369999995,105.8291663,74.81081806183477
21.01246369999995,105.82946629999999,69.43810792383665
21.01246369999995,105.82976629999999,64.76037311196134
21.01246369999995,105.83006629999998,61.99195031545888
21.01246369999995,105.83036629999998,70.52220464208892
21.01246369999995,105.83066629999998,70.2926642310677
21.01246369999995,105.83096629999997,76.99689410912735
21.01246369999995,105.83126629999997,68.68234377067179
21.01246369999995,105.83156629999996,68.59806936245668
21.01246369999995,105.83186629999996,60.76812291382694
21.01246369999995,105.83216629999995,65.54348998564537
21.01246369999995,105.83246629999995,62.64064219372503
21.01246369999995,105.83276629999995,63.010803988741145
21.01246369999995,105.83306629999994,62.81194657179351
21.01246369999995,105.83336629999994,64.96373791368043
21.01246369999995,105.83366629999993,60.32525467905246
21.01246369999995,105.83396629999993,61.25843157156427
21.01246369999995,105.83426629999992,57.71290779473573
21.01246369999995,105.83456629999992,56.08085151003985
21.01246369999995,105.83486629999992,60.225424994273084
21.01246369999995,105.83516629999991,58.76623483883978
21.01246369999995,105.83546629999991,62.077976193323195
21.01246369999995,105.8357662999999,60.99189637083701
21.01246369999995,105.8360662999999,59.300289290176224
21.01246369999995,105.8363662999999,60.28262578617591
21.01246369999995,105.83666629999989,58.39657109055136
21.01246369999995,105.83696629999989,54.27629755389884
21.01246369999995,105.83726629999988,55.60704494624812
21.01246369999995,105.83756629999988,56.03891517488523
21.01246369999995,105.83786629999987,54.46322814423601
21.01246369999995,105.83816629999987,62.56939512414954
21.01246369999995,105.83846629999987,58.03894899382023
21.01246369999995,105.83876629999986,66.92872069594499
21.01246369999995,105.83906629999986,63.088021003362115
21.01246369999995,105.83936629999985,61.751464565779074
21.01246369999995,105.83966629999985,67.33918440929011
21.01246369999995,105.83996629999984,62.73020344027252
21.01246369999995,105.84026629999984,62.27521523955896
21.01246369999995,105.84056629999984,64.44948221996844
21.01246369999995,105.84086629999983,66.66521170413333
21.01246369999995,105.84116629999983,67.6330882403077
21.01246369999995,105.84146629999982,66.88733064713585
21.01246369999995,105.84176629999982,64.69653086554271
21.01246369999995,105.84206629999981,61.51361871328341
21.01246369999995,105.84236629999981,60.949375846489986
21.01246369999995,105.8426662999998,60.787896472393
21.01246369999995,105.8429662999998,75.14133720321006
21.01246369999995,105.8432662999998,73.89362019517931
21.01246369999995,105.8435662999998,74.64213222947032
21.01246369999995,105.84386629999979,74.92340575990545
21.01246369999995,105.84416629999978,74.61113659009848
21.01246369999995,105.84446629999978,77.6873829089384
21.01246369999995,105.84476629999978,62.75026593156542
21.01246369999995,105.84506629999977,59.36533672893512
21.01246369999995,105.84536629999977,53.48867009159392
21.01246369999995,105.84566629999976,58.02461728915053
21.01246369999995,105.84596629999976,59.731540565088224
21.01246369999995,105.84626629999975,61.28520934390171
21.01246369999995,105.84656629999975,63.66937673888445
21.01246369999995,105.84686629999975,62.2343596621604
21.01246369999995,105.84716629999974,65.8337819827991
21.01246369999995,105.84746629999974,72.2036950192801
21.01246369999995,105.84776629999973,77.82002782904395
21.01246369999995,105.84806629999973,73.27956701580416
21.01246369999995,105.84836629999973,71.45842769376699
21.01246369999995,105.84866629999972,75.94650266931177
21.01246369999995,105.84896629999972,73.8848698106039
21.01246369999995,105.84926629999971,74.01853526392566
21.01246369999995,105.84956629999971,75.29685154229426
21.01246369999995,105.8498662999997,72.05098837282655
21.01246369999995,105.8501662999997,74.99798665404667
21.01246369999995,105.8504662999997,74.99482933054041
21.01246369999995,105.85076629999969,77.47899018302108
21.01246369999995,105.85106629999969,75.76289863140893
21.01246369999995,105.85136629999968,79.42080558142608
21.01246369999995,105.85166629999968,76.2097157992574
21.01246369999995,105.85196629999967,78.89688880693389
21.01246369999995,105.85226629999967,76.04483939149462
21.01246369999995,105.85256629999967,75.28904249404827
21.01246369999995,105.85286629999966,73.84193581835312
21.01246369999995,105.85316629999966,74.1519346617562
21.01246369999995,105.85346629999965,72.53870577902903
21.01246369999995,105.85376629999965,72.79375464021314
21.01246369999995,105.85406629999964,74.56509130540532
21.01246369999995,105.85436629999964,74.16286289673396
21.01246369999995,105.85466629999964,72.88685977339702
21.01246369999995,105.85496629999963,74.72509915698693
21.01246369999995,105.85526629999963,69.53113310129673
21.01246369999995,105.85556629999962,70.12967317864751
21.01246369999995,105.85586629999962,74.48444171760124
21.01246369999995,105.85616629999961,70.15023768561872
21.01246369999995,105.85646629999961,66.48973556601473
21.01246369999995,105.8567662999996,76.06397508412843
21.01246369999995,105.8570662999996,66.88491788585745
21.01246369999995,105.8573662999996,58.21867742085075
21.01246369999995,105.8576662999996,73.85507260989525
21.01276369999995,105.8291663,74.54278108639944
21.01276369999995,105.82946629999999,73.21155152720004
21.01276369999995,105.82976629999999,66.53936952228736
21.01276369999995,105.83006629999998,66.57285105502328
21.01276369999995,105.83036629999998,71.65156136775957
21.01276369999995,105.83066629999998,76.66852997902213
21.01276369999995,105.83096629999997,73.15208053976201
21.01276369999995,105.83126629999997,65.58478915987085
21.01276369999995,105.83156629999996,67.25777407970853
21.01276369999995,105.83186629999996,66.56684420762373
21.01276369999995,105.83216629999995,60.2324046856763
21.01276369999995,105.83246629999995,66.35042589184866
21.01276369999995,105.83276629999995,64.33810341196525
21.01276369999995,105.83306629999994,64.75954828748017
21.01276369999995,105.83336629999994,66.65689329823493
21.01276369999995,105.83366629999993,67.18137592861996
21.01276369999995,105.83396629999993,58.76082306846672
21.01276369999995,105.83426629999992,54.832146132859464
21.01276369999995,105.83456629999992,59.8458356678522
21.01276369999995,105.83486629999992,57.63505033830583
21.01276369999995,105.83516629999991,58.88237152560609
21.01276369999995,105.83546629999991,59.20273757062316
21.01276369999995,105.8357662999999,51.77602716686154
21.01276369999995,105.8360662999999,55.37279142596205
21.01276369999995,105.8363662999999,65.49647369197729
21.01276369999995,105.83666629999989,55.607364760870624
21.01276369999995,105.83696629999989,57.719106092160004
21.01276369999995,105.83726629999988,53.627300830219326
21.01276369999995,105.83756629999988,53.627300830219326
21.01276369999995,105.83786629999987,54.71706285089057
21.01276369999995,105.83816629999987,54.06693922992487
21.01276369999995,105.83846629999987,57.39315665732174
21.01276369999995,105.83876629999986,64.98841397711391
21.01276369999995,105.83906629999986,62.36776552618552
21.01276369999995,105.83936629999985,67.54371579332701
21.01276369999995,105.83966629999985,63.28816383942144
21.01276369999995,105.83996629999984,63.16122273391237
21.01276369999995,105.84026629999984,62.27521523955896
21.01276369999995,105.84056629999984,64.44948221996844
21.01276369999995,105.84086629999983,66.56740595560625
21.01276369999995,105.84116629999983,67.4138360645475
21.01276369999995,105.84146629999982,67.26022135715742
21.01276369999995,105.84176629999982,65.05816253824024
21.01276369999995,105.84206629999981,61.51361871328341
21.01276369999995,105.84236629999981,60.949375846489986
21.01276369999995,105.8426662999998,67.81640130181697
21.01276369999995,105.8429662999998,75.14133720321006
21.01276369999995,105.8432662999998,74.35314512167093
21.01276369999995,105.8435662999998,74.92340575990545
21.01276369999995,105.84386629999979,73.46005683525448
21.01276369999995,105.84416629999978,74.61113659009848
21.01276369999995,105.84446629999978,77.6873829089384
21.01276369999995,105.84476629999978,68.84205018637768
21.01276369999995,105.84506629999977,59.36533672893512
21.01276369999995,105.84536629999977,53.61012603245344
21.01276369999995,105.84566629999976,56.756495764927735
21.01276369999995,105.84596629999976,58.92147324436948
21.01276369999995,105.84626629999975,60.81240453123171
21.01276369999995,105.84656629999975,60.085870118103855
21.01276369999995,105.84686629999975,60.65877500151407
21.01276369999995,105.84716629999974,66.3169389026862
21.01276369999995,105.84746629999974,71.21704409029644
21.01276369999995,105.84776629999973,67.55199191983773
21.01276369999995,105.84806629999973,66.08717984237593
21.01276369999995,105.84836629999973,66.19294185208682
21.01276369999995,105.84866629999972,75.43087490659288
21.01276369999995,105.84896629999972,77.17073204895311
21.01276369999995,105.84926629999971,77.32124379864118
21.01276369999995,105.84956629999971,75.54764789121393
21.01276369999995,105.8498662999997,75.53969289102655
21.01276369999995,105.8501662999997,76.46177213942467
21.01276369999995,105.8504662999997,77.17831896299136
21.01276369999995,105.85076629999969,81.5863019247581
21.01276369999995,105.85106629999969,84.98653000622515
21.01276369999995,105.85136629999968,77.57267211480838
21.01276369999995,105.85166629999968,82.27351671012443
21.01276369999995,105.85196629999967,78.51812684397112
21.01276369999995,105.85226629999967,76.47608302782795
21.01276369999995,105.85256629999967,73.88259996628454
21.01276369999995,105.85286629999966,73.2054208363283
21.01276369999995,105.85316629999966,76.76386118287563
21.01276369999995,105.85346629999965,72.03909924205699
21.01276369999995,105.85376629999965,68.93651381432845
21.01276369999995,105.85406629999964,72.18304842341874
21.01276369999995,105.85436629999964,71.11929889622132
21.01276369999995,105.85466629999964,72.99295919863242
21.01276369999995,105.85496629999963,73.00061884518483
21.01276369999995,105.85526629999963,68.62013636006888
21.01276369999995,105.85556629999962,70.89456808738153
21.01276369999995,105.85586629999962,74.50312497506141
21.01276369999995,105.85616629999961,72.12252226647409
21.01276369999995,105.85646629999961,69.79306569392976
21.01276369999995,105.8567662999996,72.57230783038995
21.01276369999995,105.8570662999996,68.11422641603721
21.01276369999995,105.8573662999996,56.90365390415127
21.01276369999995,105.8576662999996,74.76309978570987
21.01306369999995,105.8291663,66.74434715033078
21.01306369999995,105.82946629999999,73.38419088433531
21.01306369999995,105.82976629999999,64.48816296313647
21.01306369999995,105.83006629999998,68.95199967125907
21.01306369999995,105.83036629999998,72.30990136231092
21.01306369999995,105.83066629999998,72.13449788666325
21.01306369999995,105.83096629999997,67.46497814296659
21.01306369999995,105.83126629999997,63.7256094849629
21.01306369999995,105.83156629999996,70.89413167792026
21.01306369999995,105.83186629999996,74.0368428144453
21.01306369999995,105.83216629999995,66.09131869221656
21.01306369999995,105.83246629999995,68.58874476238377
21.01306369999995,105.83276629999995,59.02340395738952
21.01306369999995,105.83306629999994,71.2467278758146
21.01306369999995,105.83336629999994,65.13354310492767
21.01306369999995,105.83366629999993,63.34442206220649
21.01306369999995,105.83396629999993,62.483804511702786
21.01306369999995,105.83426629999992,61.17443386462972
21.01306369999995,105.83456629999992,60.75160056267481
21.01306369999995,105.83486629999992,62.89769329478048
21.01306369999995,105.83516629999991,61.44070127040332
21.01306369999995,105.83546629999991,56.338200428358306
21.01306369999995,105.8357662999999,57.66761119429887
21.01306369999995,105.8360662999999,55.667642456782616
21.01306369999995,105.8363662999999,61.57971772500626
21.01306369999995,105.83666629999989,54.34773058302765
21.01306369999995,105.83696629999989,54.53993418115259
21.01306369999995,105.83726629999988,55.83091826615335
21.01306369999995,105.83756629999988,55.83091826615335
21.01306369999995,105.83786629999987,61.79860745776348
21.01306369999995,105.83816629999987,61.79860745776348
21.01306369999995,105.83846629999987,61.931858832560195
21.01306369999995,105.83876629999986,64.48530771597028
21.01306369999995,105.83906629999986,66.05528336614752
21.01306369999995,105.83936629999985,67.75877791936307
21.01306369999995,105.83966629999985,68.55330745690853
21.01306369999995,105.83996629999984,63.68864208913037
21.01306369999995,105.84026629999984,61.120614349823725
21.01306369999995,105.84056629999984,63.8793245120509
21.01306369999995,105.84086629999983,66.5794244446689
21.01306369999995,105.84116629999983,66.99920394402967
21.01306369999995,105.84146629999982,65.99657205216744
21.01306369999995,105.84176629999982,64.87776680448248
21.01306369999995,105.84206629999981,67.05730134618723
21.01306369999995,105.84236629999981,67.97788067591395
21.01306369999995,105.8426662999998,66.89894797620657
21.01306369999995,105.8429662999998,75.60850260210997
21.01306369999995,105.8432662999998,75.74956122333252
21.01306369999995,105.8435662999998,74.92340575990545
21.01306369999995,105.84386629999979,75.25231955209038
21.01306369999995,105.84416629999978,74.61113659009848
21.01306369999995,105.84446629999978,77.6873829089384
21.01306369999995,105.84476629999978,68.84205018637768
21.01306369999995,105.84506629999977,59.36533672893512
21.01306369999995,105.84536629999977,53.90886648115769
21.01306369999995,105.84566629999976,57.58744744443649
21.01306369999995,105.84596629999976,58.413497236997415
21.01306369999995,105.84626629999975,60.2119771885848
21.01306369999995,105.84656629999975,61.58973062585807
21.01306369999995,105.84686629999975,62.68893874179197
21.01306369999995,105.84716629999974,70.67124745848986
21.01306369999995,105.84746629999974,64.49130581976307
21.01306369999995,105.84776629999973,68.40774649086092
21.01306369999995,105.84806629999973,70.39411496724517
21.01306369999995,105.84836629999973,69.07939206558788
21.01306369999995,105.84866629999972,71.45992162080859
21.01306369999995,105.84896629999972,77.9952096304206
21.01306369999995,105.84926629999971,79.97138955567682
21.01306369999995,105.84956629999971,76.98586705610626
21.01306369999995,105.8498662999997,82.00184568228141
21.01306369999995,105.8501662999997,75.26948999852699
21.01306369999995,105.8504662999997,77.11911848357624
21.01306369999995,105.85076629999969,78.63064153331649
21.01306369999995,105.85106629999969,74.98779978106103
21.01306369999995,105.85136629999968,76.97148361933027
21.01306369999995,105.85166629999968,83.02045557240045
21.01306369999995,105.85196629999967,81.5633412236693
21.01306369999995,105.85226629999967,76.13989361377665
21.01306369999995,105.85256629999967,74.9840010841934
21.01306369999995,105.85286629999966,73.00789036397741
21.01306369999995,105.85316629999966,79.30082549993136
21.01306369999995,105.85346629999965,70.05691838176071
21.01306369999995,105.85376629999965,66.8953962402056
21.01306369999995,105.85406629999964,69.71351533907563
21.01306369999995,105.85436629999964,69.23880305880945
21.01306369999995,105.85466629999964,71.4703557906859
21.01306369999995,105.85496629999963,71.24608507450945
21.01306369999995,105.85526629999963,66.79819392116184
21.01306369999995,105.85556629999962,71.63734674099035
21.01306369999995,105.85586629999962,72.9877456256972
21.01306369999995,105.85616629999961,72.02369349624442
21.01306369999995,105.85646629999961,81.13305173486069
21.01306369999995,105.8567662999996,77.42645188355917
21.01306369999995,105.8570662999996,70.30304645984876
21.01306369999995,105.8573662999996,74.90524938917703
21.01306369999995,105.8576662999996,73.51387986103246
21.01336369999995,105.8291663,68.18284182990986
21.01336369999995,105.82946629999999,64.05749346232801
21.01336369999995,105.82976629999999,73.22258257879315
21.01336369999995,105.83006629999998,68.0989384394457
21.01336369999995,105.83036629999998,67.2055665780772
21.01336369999995,105.83066629999998,64.55591946388074
21.01336369999995,105.83096629999997,70.50487583688259
21.01336369999995,105.83126629999997,68.1187481840545
21.01336369999995,105.83156629999996,66.46940848742294
21.01336369999995,105.83186629999996,72.94616892430797
21.01336369999995,105.83216629999995,67.96556762132762
21.01336369999995,105.83246629999995,68.90387375618158
21.01336369999995,105.83276629999995,66.21570658858845
21.01336369999995,105.83306629999994,68.26472492699196
21.01336369999995,105.83336629999994,63.720574195691015
21.01336369999995,105.83366629999993,64.55120265480643
21.01336369999995,105.83396629999993,62.666134908570626
21.01336369999995,105.83426629999992,61.85012066814464
21.01336369999995,105.83456629999992,59.099223278728616
21.01336369999995,105.83486629999992,61.5757979973213
21.01336369999995,105.83516629999991,64.00830709783965
21.01336369999995,105.83546629999991,62.905038424815686
21.01336369999995,105.8357662999999,57.28565565009883
21.01336369999995,105.8360662999999,58.76026594262396
21.01336369999995,105.8363662999999,53.18322938629542
21.01336369999995,105.83666629999989,58.661213919583346
21.01336369999995,105.83696629999989,59.50036397951719
21.01336369999995,105.83726629999988,59.73096769374334
21.01336369999995,105.83756629999988,59.08497740876051
21.01336369999995,105.83786629999987,58.98290130498047
21.01336369999995,105.83816629999987,60.19049722955987
21.01336369999995,105.83846629999987,60.262872742030424
21.01336369999995,105.83876629999986,65.02579062855669
21.01336369999995,105.83906629999986,65.03312626314657
21.01336369999995,105.83936629999985,67.07831126105341
21.01336369999995,105.83966629999985,69.50969457670058
21.01336369999995,105.83996629999984,65.50742783888293
21.01336369999995,105.84026629999984,66.08233065704401
21.01336369999995,105.84056629999984,69.61527190042568
21.01336369999995,105.84086629999983,66.5794244446689
21.01336369999995,105.84116629999983,67.52594528957266
21.01336369999995,105.84146629999982,66.50760368843382
21.01336369999995,105.84176629999982,64.87776680448248
21.01336369999995,105.84206629999981,66.03763334470854
21.01336369999995,105.84236629999981,67.47990867352641
21.01336369999995,105.8426662999998,68.28230313197747
21.01336369999995,105.8429662999998,75.60850260210997
21.01336369999995,105.8432662999998,75.74956122333252
21.01336369999995,105.8435662999998,74.35314512167093
21.01336369999995,105.84386629999979,75.25231955209038
21.01336369999995,105.84416629999978,75.56213247083267
21.01336369999995,105.84446629999978,76.9309586643957
21.01336369999995,105.84476629999978,68.84205018637768
21.01336369999995,105.84506629999977,59.24962678861961
21.01336369999995,105.84536629999977,56.208817432331344
21.01336369999995,105.84566629999976,56.12185481349795
21.01336369999995,105.84596629999976,60.3296902002014
21.01336369999995,105.84626629999975,59.69711532756115
21.01336369999995,105.84656629999975,64.42838939678799
21.01336369999995,105.84686629999975,60.60980538873781
21.01336369999995,105.84716629999974,69.32517182495874
21.01336369999995,105.84746629999974,70.79041952345277
21.01336369999995,105.84776629999973,71.38430268231681
21.01336369999995,105.84806629999973,64.94417935750182
21.01336369999995,105.84836629999973,67.55204914639077
21.01336369999995,105.84866629999972,74.91620923003852
21.01336369999995,105.84896629999972,81.68799883682321
21.01336369999995,105.84926629999971,71.90700358384386
21.01336369999995,105.84956629999971,78.21283664614302
21.01336369999995,105.8498662999997,74.88354635789086
21.01336369999995,105.8501662999997,87.59484633865421
21.01336369999995,105.8504662999997,75.43758485952694
21.01336369999995,105.85076629999969,75.9698692871761
21.01336369999995,105.85106629999969,74.38263715290857
21.01336369999995,105.85136629999968,72.26231254306037
21.01336369999995,105.85166629999968,78.50424751053059
21.01336369999995,105.85196629999967,81.10804290492624
21.01336369999995,105.85226629999967,75.83107160432738
21.01336369999995,105.85256629999967,77.74401166426499
21.01336369999995,105.85286629999966,74.7412451563005
21.01336369999995,105.85316629999966,69.57219905449716
21.01336369999995,105.85346629999965,70.23583600034421
21.01336369999995,105.85376629999965,72.61622807779955
21.01336369999995,105.85406629999964,67.71432097603433
21.01336369999995,105.85436629999964,67.5569998682925
21.01336369999995,105.85466629999964,70.74861137456058
21.01336369999995,105.85496629999963,64.77539468465696
21.01336369999995,105.85526629999963,64.6227352279401
21.01336369999995,105.85556629999962,62.24619164421436
21.01336369999995,105.85586629999962,69.5147250633699
21.01336369999995,105.85616629999961,70.14409686832443
21.01336369999995,105.85646629999961,81.64309964195213
21.01336369999995,105.8567662999996,84.11347143841112
21.01336369999995,105.8570662999996,73.06504534386323
21.01336369999995,105.8573662999996,73.35730892822835
21.01336369999995,105.8576662999996,75.94026817537092
21.01366369999995,105.8291663,71.7971256016544
21.01366369999995,105.82946629999999,69.48932900342437
21.01366369999995,105.82976629999999,75.7738616275522
21.01366369999995,105.83006629999998,70.02466928636439
21.01366369999995,105.83036629999998,73.53914451660341
21.01366369999995,105.83066629999998,66.18795103926216
21.01366369999995,105.83096629999997,65.36784290991667
21.01366369999995,105.83126629999997,69.23987160135636
21.01366369999995,105.83156629999996,67.2277165408727
21.01366369999995,105.83186629999996,76.0605061003028
21.01366369999995,105.83216629999995,68.96939057981979
21.01366369999995,105.83246629999995,69.43182354561836
21.01366369999995,105.83276629999995,74.30290482680536
21.01366369999995,105.83306629999994,70.67250735379069
21.01366369999995,105.83336629999994,63.85272620962682
21.01366369999995,105.83366629999993,67.0193895038816
21.01366369999995,105.83396629999993,64.0096955655633
21.01366369999995,105.83426629999992,59.337392633669225
21.01366369999995,105.83456629999992,63.51148711632483
21.01366369999995,105.83486629999992,61.38763868918221
21.01366369999995,105.83516629999991,62.26649405457691
21.01366369999995,105.83546629999991,62.47881170157052
21.01366369999995,105.8357662999999,60.04883071132721
21.01366369999995,105.8360662999999,63.01462193340012
21.01366369999995,105.8363662999999,67.38769084097736
21.01366369999995,105.83666629999989,66.28683689201306
21.01366369999995,105.83696629999989,63.829566847928206
21.01366369999995,105.83726629999988,58.675689795398696
21.01366369999995,105.83756629999988,58.80547977000113
21.01366369999995,105.83786629999987,58.742288182014775
21.01366369999995,105.83816629999987,59.100824740420066
21.01366369999995,105.83846629999987,62.442992218333245
21.01366369999995,105.83876629999986,62.00691717054907
21.01366369999995,105.83906629999986,69.1987449647897
21.01366369999995,105.83936629999985,69.86040815888795
21.01366369999995,105.83966629999985,71.09326528494924
21.01366369999995,105.83996629999984,66.47972371376385
21.01366369999995,105.84026629999984,65.28489758837397
21.01366369999995,105.84056629999984,66.47972371376385
21.01366369999995,105.84086629999983,67.90135503942908
21.01366369999995,105.84116629999983,69.6083403285889
21.01366369999995,105.84146629999982,67.84689649847712
21.01366369999995,105.84176629999982,66.76825418413523
21.01366369999995,105.84206629999981,64.37391532583726
21.01366369999995,105.84236629999981,66.22392938309618
21.01366369999995,105.8426662999998,68.28230313197747
21.01366369999995,105.8429662999998,75.60850260210997
21.01366369999995,105.8432662999998,75.74956122333252
21.01366369999995,105.8435662999998,75.74956122333252
21.01366369999995,105.84386629999979,75.25231955209038
21.01366369999995,105.84416629999978,77.03462094448986
21.01366369999995,105.84446629999978,76.5430434190028
21.01366369999995,105.84476629999978,68.84205018637768
21.01366369999995,105.84506629999977,66.39618334895975
21.01366369999995,105.84536629999977,57.271014662329065
21.01366369999995,105.84566629999976,57.56910725263745
21.01366369999995,105.84596629999976,58.25663082736045
21.01366369999995,105.84626629999975,56.33570565525247
21.01366369999995,105.84656629999975,64.28786393239673
21.01366369999995,105.84686629999975,61.070032638336954
21.01366369999995,105.84716629999974,69.49776755937035
21.01366369999995,105.84746629999974,69.8416410326663
21.01366369999995,105.84776629999973,70.58480706446102
21.01366369999995,105.84806629999973,69.58316087711857
21.01366369999995,105.84836629999973,71.72645516175248
21.01366369999995,105.84866629999972,72.7867959287669
21.01366369999995,105.84896629999972,76.90997312627188
21.01366369999995,105.84926629999971,75.9876517591311
21.01366369999995,105.84956629999971,75.54592858336746
21.01366369999995,105.8498662999997,71.80556076924137
21.01366369999995,105.8501662999997,77.36672382175028
21.01366369999995,105.8504662999997,74.90758439773629
21.01366369999995,105.85076629999969,76.0363274353159
21.01366369999995,105.85106629999969,76.16753850147771
21.01366369999995,105.85136629999968,74.66133313601107
21.01366369999995,105.85166629999968,78.35378121950556
21.01366369999995,105.85196629999967,73.35103489647643
21.01366369999995,105.85226629999967,75.06724986579077
21.01366369999995,105.85256629999967,79.84904397658259
21.01366369999995,105.85286629999966,68.43519687399548
21.01366369999995,105.85316629999966,72.3260769142499
21.01366369999995,105.85346629999965,73.54684447157562
21.01366369999995,105.85376629999965,72.30352499801931
21.01366369999995,105.85406629999964,68.910932132532
21.01366369999995,105.85436629999964,68.05865425101224
21.01366369999995,105.85466629999964,67.39059424519166
21.01366369999995,105.85496629999963,66.36408803407342
21.01366369999995,105.85526629999963,66.7901973911675
21.01366369999995,105.85556629999962,68.90071646549491
21.01366369999995,105.85586629999962,68.71840026588389
21.01366369999995,105.85616629999961,78.44308929961203
21.01366369999995,105.85646629999961,85.5088797872608
21.01366369999995,105.8567662999996,74.18411466569647
21.01366369999995,105.8570662999996,73.21176551682314
21.01366369999995,105.8573662999996,76.65390068648819
21.01366369999995,105.8576662999996,72.69392249723884
21.013963699999948,105.8291663,75.69268731917309
21.013963699999948,105.82946629999999,73.700527410702
21.013963699999948,105.82976629999999,71.43909395394519
21.013963699999948,105.83006629999998,72.58442396982116
21.013963699999948,105.83036629999998,68.84008751241875
21.013963699999948,105.83066629999998,68.48012305202339
21.013963699999948,105.83096629999997,64.73633082152374
21.013963699999948,105.83126629999997,69.90494302201832
21.013963699999948,105.83156629999996,73.77719076287345
21.013963699999948,105.83186629999996,70.89235140656878
21.013963699999948,105.83216629999995,70.1524696762027
21.013963699999948,105.83246629999995,67.31537450677423
21.013963699999948,105.83276629999995,68.43260238765853
21.013963699999948,105.83306629999994,74.0941112186712
21.013963699999948,105.83336629999994,70.86004687294589
21.013963699999948,105.83366629999993,62.38621785980909
21.013963699999948,105.83396629999993,60.411643889809966
21.013963699999948,105.83426629999992,60.32359275120149
21.013963699999948,105.83456629999992,63.47200468029129
21.013963699999948,105.83486629999992,61.13515621094173
21.013963699999948,105.83516629999991,61.90684549040847
21.013963699999948,105.83546629999991,61.51337170267324
21.013963699999948,105.8357662999999,57.902144883004894
21.013963699999948,105.8360662999999,58.821974968812825
21.013963699999948,105.8363662999999,65.95816003902242
21.013963699999948,105.83666629999989,66.59072960234435
21.013963699999948,105.83696629999989,62.35375248546336
21.013963699999948,105.83726629999988,65.50973957325733
21.013963699999948,105.83756629999988,60.58323283672024
21.013963699999948,105.83786629999987,62.54547215759712
21.013963699999948,105.83816629999987,61.089928716539134
21.013963699999948,105.83846629999987,60.2722677202499
21.013963699999948,105.83876629999986,66.00654556463357
21.013963699999948,105.83906629999986,68.40919390043132
21.013963699999948,105.83936629999985,69.76046736920485
21.013963699999948,105.83966629999985,72.23817643057771
21.013963699999948,105.83996629999984,69.23436913764672
21.013963699999948,105.84026629999984,66.47972371376385
21.013963699999948,105.84056629999984,69.79375245027441
21.013963699999948,105.84086629999983,68.57072116653997
21.013963699999948,105.84116629999983,67.00365524335847
21.013963699999948,105.84146629999982,68.33918041980824
21.013963699999948,105.84176629999982,65.512274893705
21.013963699999948,105.84206629999981,64.37391532583726
21.013963699999948,105.84236629999981,66.22392938309618
21.013963699999948,105.8426662999998,68.54673357748862
21.013963699999948,105.8429662999998,75.87293304762112
21.013963699999948,105.8432662999998,75.87293304762112
21.013963699999948,105.8435662999998,76.18372814622217
21.013963699999948,105.84386629999979,75.25231955209038
21.013963699999948,105.84416629999978,77.03462094448986
21.013963699999948,105.84446629999978,78.80879646426074
21.013963699999948,105.84476629999978,68.94562161791141
21.013963699999948,105.84506629999977,66.32612292333054
21.013963699999948,105.84536629999977,58.14883403195755
21.013963699999948,105.84566629999976,57.70313969473126
21.013963699999948,105.84596629999976,58.509641278370864
21.013963699999948,105.84626629999975,58.82445750998659
21.013963699999948,105.84656629999975,62.40571508311872
21.013963699999948,105.84686629999975,60.918315669021155
21.013963699999948,105.84716629999974,70.07676987736565
21.013963699999948,105.84746629999974,70.02775950214
21.013963699999948,105.84776629999973,70.5655200799929
21.013963699999948,105.84806629999973,73.12424375614644
21.013963699999948,105.84836629999973,70.3879266252507
21.013963699999948,105.84866629999972,71.52775731102302
21.013963699999948,105.84896629999972,74.80804928898907
21.013963699999948,105.84926629999971,75.02817715108937
21.013963699999948,105.84956629999971,75.44420563287265
21.013963699999948,105.8498662999997,74.56207146427585
21.013963699999948,105.8501662999997,74.2960895828243
21.013963699999948,105.8504662999997,73.63050363989893
21.013963699999948,105.85076629999969,76.93410300375594
21.013963699999948,105.85106629999969,77.87594723744247
21.013963699999948,105.85136629999968,77.69644990209056
21.013963699999948,105.85166629999968,71.75800775423113
21.013963699999948,105.85196629999967,72.42890807316049
21.013963699999948,105.85226629999967,73.06112623471712
21.013963699999948,105.85256629999967,70.14795372402088
21.013963699999948,105.85286629999966,70.39036777156308
21.013963699999948,105.85316629999966,70.40483401631285
21.013963699999948,105.85346629999965,61.75195049417101
21.013963699999948,105.85376629999965,66.60627632574779
21.013963699999948,105.85406629999964,66.91061158019053
21.013963699999948,105.85436629999964,65.53592971690755
21.013963699999948,105.85466629999964,71.2609465008133
21.013963699999948,105.85496629999963,61.56696410033547
21.013963699999948,105.85526629999963,66.08209370418285
21.013963699999948,105.85556629999962,65.10838930610207
21.013963699999948,105.85586629999962,68.7342036167402
21.013963699999948,105.85616629999961,76.52945969107198
21.013963699999948,105.85646629999961,74.78623708151937
21.013963699999948,105.8567662999996,75.77815654372736
21.013963699999948,105.8570662999996,73.88698560815517
21.013963699999948,105.8573662999996,78.9250290419568
21.013963699999948,105.8576662999996,74.14753405287492
21.014263699999947,105.8291663,74.91772215039629
21.014263699999947,105.82946629999999,71.26717412076252
21.014263699999947,105.82976629999999,69.52310683388625
21.014263699999947,105.83006629999998,71.67342240229364
21.014263699999947,105.83036629999998,71.94685371871621
21.014263699999947,105.83066629999998,71.18626528447192
21.014263699999947,105.83096629999997,68.3778143014152
21.014263699999947,105.83126629999997,71.24117931256757
21.014263699999947,105.83156629999996,66.49132199330597
21.014263699999947,105.83186629999996,70.18398727434214
21.014263699999947,105.83216629999995,69.64841308697898
21.014263699999947,105.83246629999995,67.74907574023199
21.014263699999947,105.83276629999995,63.26239290233691
21.014263699999947,105.83306629999994,67.47672704302403
21.014263699999947,105.83336629999994,69.629741741424
21.014263699999947,105.83366629999993,63.12990066375441
21.014263699999947,105.83396629999993,60.70322590598224
21.014263699999947,105.83426629999992,60.632421621170636
21.014263699999947,105.83456629999992,62.56123945101139
21.014263699999947,105.83486629999992,58.830074347611216
21.014263699999947,105.83516629999991,62.692308332322156
21.014263699999947,105.83546629999991,60.02593625248552
21.014263699999947,105.8357662999999,55.935782936676176
21.014263699999947,105.8360662999999,59.71301111918028
21.014263699999947,105.8363662999999,67.1318160727348
21.014263699999947,105.83666629999989,67.3025034061512
21.014263699999947,105.83696629999989,68.21770297756726
21.014263699999947,105.83726629999988,63.58691291841025
21.014263699999947,105.83756629999988,63.87706964591516
21.014263699999947,105.83786629999987,60.808740889768075
21.014263699999947,105.83816629999987,67.75383348905616
21.014263699999947,105.83846629999987,66.23349326129816
21.014263699999947,105.83876629999986,67.0010062766786
21.014263699999947,105.83906629999986,67.53700961714648
21.014263699999947,105.83936629999985,68.01491128053836
21.014263699999947,105.83966629999985,71.02472467480938
21.014263699999947,105.83996629999984,73.52834897371886
21.014263699999947,105.84026629999984,69.56143447394442
21.014263699999947,105.84056629999984,69.4161659569884
21.014263699999947,105.84086629999983,67.4301463202489
21.014263699999947,105.84116629999983,68.01281405489671
21.014263699999947,105.84146629999982,70.34759666414051
21.014263699999947,105.84176629999982,66.46131749880287
21.014263699999947,105.84206629999981,64.56843131619254
21.014263699999947,105.84236629999981,67.01265931730165
21.014263699999947,105.8426662999998,67.83603918844848
21.014263699999947,105.8429662999998,75.16223865858097
21.014263699999947,105.8432662999998,75.16223865858097
21.014263699999947,105.8435662999998,76.18372814622217
21.014263699999947,105.84386629999979,77.48314078508679
21.014263699999947,105.84416629999978,77.03462094448986
21.014263699999947,105.84446629999978,78.80879646426074
21.014263699999947,105.84476629999978,67.92436031329673
21.014263699999947,105.84506629999977,66.32612292333054
21.014263699999947,105.84536629999977,59.8431709662311
21.014263699999947,105.84566629999976,57.25013287019
21.014263699999947,105.84596629999976,58.021781779861485
21.014263699999947,105.84626629999975,58.3394536869975
21.014263699999947,105.84656629999975,59.90968093925096
21.014263699999947,105.84686629999975,60.220909650493184
21.014263699999947,105.84716629999974,69.03957556392523
21.014263699999947,105.84746629999974,74.68383780207218
21.014263699999947,105.84776629999973,72.37579448980122
21.014263699999947,105.84806629999973,74.48102724920827
21.014263699999947,105.84836629999973,68.76029449106002
21.014263699999947,105.84866629999972,74.64142462147173
21.014263699999947,105.84896629999972,72.88881768048469
21.014263699999947,105.84926629999971,76.58701154225668
21.014263699999947,105.84956629999971,73.11869702085815
21.014263699999947,105.8498662999997,81.70557980604082
21.014263699999947,105.8501662999997,76.08629622831309
21.014263699999947,105.8504662999997,75.78448273606534
21.014263699999947,105.85076629999969,80.0016055395798
21.014263699999947,105.85106629999969,78.84859525292285
21.014263699999947,105.85136629999968,76.96847002242804
21.014263699999947,105.85166629999968,79.7225496079728
21.014263699999947,105.85196629999967,72.05340378552867
21.014263699999947,105.85226629999967,72.54636364945131
21.014263699999947,105.85256629999967,66.8894449203562
21.014263699999947,105.85286629999966,64.83175447405378
21.014263699999947,105.85316629999966,60.53769845023626
21.014263699999947,105.85346629999965,70.53699661952511
21.014263699999947,105.85376629999965,64.41502817670673
21.014263699999947,105.85406629999964,61.91974515723423
21.014263699999947,105.85436629999964,70.95258017320259
21.014263699999947,105.85466629999964,59.86297133577604
21.014263699999947,105.85496629999963,58.92128887446118
21.014263699999947,105.85526629999963,68.64695488639168
21.014263699999947,105.85556629999962,68.94669811617591
21.014263699999947,105.85586629999962,71.26514440526546
21.014263699999947,105.85616629999961,72.07706206669401
21.014263699999947,105.85646629999961,70.05012550742113
21.014263699999947,105.8567662999996,73.65576714786653
21.014263699999947,105.8570662999996,66.65780424537495
21.014263699999947,105.8573662999996,73.45317536388598
21.014263699999947,105.8576662999996,78.54550039405822
21.014563699999947,105.8291663,67.54158590165791
21.014563699999947,105.82946629999999,65.96224163971698
21.014563699999947,105.82976629999999,68.85809040534261
21.014563699999947,105.83006629999998,75.60058664082587
21.014563699999947,105.83036629999998,73.93215177442998
21.014563699999947,105.83066629999998,72.38520365973025
21.014563699999947,105.83096629999997,73.3540694745277
21.014563699999947,105.83126629999997,72.47324552048718
21.014563699999947,105.83156629999996,78.76202263717825
21.014563699999947,105.83186629999996,69.81094005146856
21.014563699999947,105.83216629999995,67.41224449926321
21.014563699999947,105.83246629999995,65.12286950633361
21.014563699999947,105.83276629999995,67.44630503870975
21.014563699999947,105.83306629999994,72.04371695315452
21.014563699999947,105.83336629999994,72.2597801351201
21.014563699999947,105.83366629999993,65.09901704515013
21.014563699999947,105.83396629999993,60.86823987406734
21.014563699999947,105.83426629999992,63.31541280916069
21.014563699999947,105.83456629999992,62.31268193003402
21.014563699999947,105.83486629999992,59.50458089351572
21.014563699999947,105.83516629999991,60.386914803213315
21.014563699999947,105.83546629999991,57.954512980120896
21.014563699999947,105.8357662999999,58.3425656719166
21.014563699999947,105.8360662999999,58.60654635428105
21.014563699999947,105.8363662999999,67.23946133606397
21.014563699999947,105.83666629999989,67.5082713314937
21.014563699999947,105.83696629999989,66.89931965335528
21.014563699999947,105.83726629999988,67.1025554734833
21.014563699999947,105.83756629999988,67.95143314283212
21.014563699999947,105.83786629999987,66.10575226791285
21.014563699999947,105.83816629999987,68.50402740038896
21.014563699999947,105.83846629999987,66.73581488996189
21.014563699999947,105.83876629999986,67.0010062766786
21.014563699999947,105.83906629999986,66.74003472361933
21.014563699999947,105.83936629999985,69.27494067983407
21.014563699999947,105.83966629999985,68.67701204084878
21.014563699999947,105.83996629999984,69.04136833997566
21.014563699999947,105.84026629999984,69.79846872532839
21.014563699999947,105.84056629999984,67.69454147224342
21.014563699999947,105.84086629999983,65.586171435709
21.014563699999947,105.84116629999983,68.49225772206842
21.014563699999947,105.84146629999982,70.02942240030404
21.014563699999947,105.84176629999982,66.46131749880287
21.014563699999947,105.84206629999981,64.56843131619254
21.014563699999947,105.84236629999981,67.01265931730165
21.014563699999947,105.8426662999998,69.24028591691304
21.014563699999947,105.8429662999998,75.16223865858097
21.014563699999947,105.8432662999998,75.16223865858097
21.014563699999947,105.8435662999998,73.90077000371137
21.014563699999947,105.84386629999979,77.91730770797643
21.014563699999947,105.84416629999978,77.11084370860736
21.014563699999947,105.84446629999978,80.05707164354718
21.014563699999947,105.84476629999978,76.39864452039967
21.014563699999947,105.84506629999977,64.97160444695045
21.014563699999947,105.84536629999977,67.69361610191065
21.014563699999947,105.84566629999976,57.56441552833324
21.014563699999947,105.84596629999976,58.304718355802095
21.014563699999947,105.84626629999975,55.360299311136686
21.014563699999947,105.84656629999975,60.07498656316912
21.014563699999947,105.84686629999975,59.380017131791675
21.014563699999947,105.84716629999974,67.27652317976906
21.014563699999947,105.84746629999974,70.46699355615306
21.014563699999947,105.84776629999973,67.9378816119713
21.014563699999947,105.84806629999973,71.94157989094339
21.014563699999947,105.84836629999973,65.87762574054572
21.014563699999947,105.84866629999972,75.18916088209956
21.014563699999947,105.84896629999972,74.05411306127705
21.014563699999947,105.84926629999971,74.44408777156232
21.014563699999947,105.84956629999971,73.11908116393494
21.014563699999947,105.8498662999997,73.7084820465116
21.014563699999947,105.8501662999997,75.08634352911335
21.014563699999947,105.8504662999997,78.51297080206577
21.014563699999947,105.85076629999969,76.21922093724224
21.014563699999947,105.85106629999969,77.23853788928228
21.014563699999947,105.85136629999968,76.71642541263999
21.014563699999947,105.85166629999968,79.17272834001888
21.014563699999947,105.85196629999967,77.33739681837118
21.014563699999947,105.85226629999967,74.76621302919953
21.014563699999947,105.85256629999967,69.41496475239552
21.014563699999947,105.85286629999966,66.57207884402523
21.014563699999947,105.85316629999966,72.49639949856669
21.014563699999947,105.85346629999965,68.23114530927386
21.014563699999947,105.85376629999965,62.121735773981456
21.014563699999947,105.85406629999964,57.61216436749281
21.014563699999947,105.85436629999964,67.88215913904347
21.014563699999947,105.85466629999964,61.127940903463966
21.014563699999947,105.85496629999963,59.32647454449412
21.014563699999947,105.85526629999963,68.60170622904715
21.014563699999947,105.85556629999962,60.575090331243786
21.014563699999947,105.85586629999962,67.20407362648265
21.014563699999947,105.85616629999961,71.42046745711252
21.014563699999947,105.85646629999961,71.7638609149727
21.014563699999947,105.8567662999996,74.63146765785821
21.014563699999947,105.8570662999996,66.92008736966406
21.014563699999947,105.8573662999996,76.2996637660858
21.014563699999947,105.8576662999996,77.0722368919479
21.014863699999946,105.8291663,72.22925384162868
21.014863699999946,105.82946629999999,65.35460251641555
21.014863699999946,105.82976629999999,74.90199456252783
21.014863699999946,105.83006629999998,75.2921922552231
21.014863699999946,105.83036629999998,74.74749848688658
21.014863699999946,105.83066629999998,74.04572689836338
21.014863699999946,105.83096629999997,75.64920182077273
21.014863699999946,105.83126629999997,71.25194902655673
21.014863699999946,105.83156629999996,61.958230269059
21.014863699999946,105.83186629999996,70.84432740916283
21.014863699999946,105.83216629999995,69.58652963065366
21.014863699999946,105.83246629999995,70.30812737422073
21.014863699999946,105.83276629999995,72.02747539618251
21.014863699999946,105.83306629999994,68.00009299731988
21.014863699999946,105.83336629999994,68.91349031325439
21.014863699999946,105.83366629999993,73.7921918114865
21.014863699999946,105.83396629999993,68.2293563857647
21.014863699999946,105.83426629999992,61.52523307805609
21.014863699999946,105.83456629999992,62.59765618278989
21.014863699999946,105.83486629999992,59.19362896817039
21.014863699999946,105.83516629999991,60.51811058067126
21.014863699999946,105.83546629999991,57.37389214625475
21.014863699999946,105.8357662999999,57.790766974555595
21.014863699999946,105.8360662999999,57.72139409664726
21.014863699999946,105.8363662999999,58.917200701545426
21.014863699999946,105.83666629999989,64.98132567059596
21.014863699999946,105.83696629999989,68.0828035781147
21.014863699999946,105.83726629999988,70.99927699572034
21.014863699999946,105.83756629999988,67.74575220364856
21.014863699999946,105.83786629999987,67.96602376149659
21.014863699999946,105.83816629999987,66.18350863094379
21.014863699999946,105.83846629999987,67.65417740604647
21.014863699999946,105.83876629999986,68.12503707923345
21.014863699999946,105.83906629999986,68.22825621794627
21.014863699999946,105.83936629999985,66.74003472361933
21.014863699999946,105.83966629999985,67.64457785539733
21.014863699999946,105.83996629999984,67.53700961714648
21.014863699999946,105.84026629999984,69.27494067983407
21.014863699999946,105.84056629999984,66.27127569806896
21.014863699999946,105.84086629999983,69.79657336912027
21.014863699999946,105.84116629999983,71.22200870512481
21.014863699999946,105.84146629999982,75.64402556101926
21.014863699999946,105.84176629999982,70.32182282840704
21.014863699999946,105.84206629999981,66.6263195758087
21.014863699999946,105.84236629999981,69.25058663372452
21.014863699999946,105.8426662999998,68.99392966484646
21.014863699999946,105.8429662999998,69.23727666393853
21.014863699999946,105.8432662999998,67.08608168319674
21.014863699999946,105.8435662999998,65.91085025279023
21.014863699999946,105.84386629999979,76.4235230952063
21.014863699999946,105.84416629999978,76.04315021164494
21.014863699999946,105.84446629999978,72.80040301029953
21.014863699999946,105.84476629999978,68.71089547970024
21.014863699999946,105.84506629999977,66.45831815834399
21.014863699999946,105.84536629999977,66.29055900935148
21.014863699999946,105.84566629999976,58.598628344025286
21.014863699999946,105.84596629999976,56.910672351676794
21.014863699999946,105.84626629999975,51.779191740520176
21.014863699999946,105.84656629999975,63.27277883690273
21.014863699999946,105.84686629999975,61.79000248742666
21.014863699999946,105.84716629999974,64.30115720780762
21.014863699999946,105.84746629999974,71.02010538680221
21.014863699999946,105.84776629999973,68.5242555034323
21.014863699999946,105.84806629999973,66.94388040614612
21.014863699999946,105.84836629999973,68.10762211804867
21.014863699999946,105.84866629999972,73.1508976561241
21.014863699999946,105.84896629999972,73.53902290181833
21.014863699999946,105.84926629999971,73.79610828920215
21.014863699999946,105.84956629999971,74.51281959844901
21.014863699999946,105.8498662999997,76.96756550125897
21.014863699999946,105.8501662999997,74.03363331558839
21.014863699999946,105.8504662999997,74.34196280643624
21.014863699999946,105.85076629999969,74.2811489986027
21.014863699999946,105.85106629999969,80.59213018992688
21.014863699999946,105.85136629999968,74.1373027747927
21.014863699999946,105.85166629999968,79.78330725561986
21.014863699999946,105.85196629999967,79.69708009149991
21.014863699999946,105.85226629999967,68.89322861724848
21.014863699999946,105.85256629999967,73.05497495965349
21.014863699999946,105.85286629999966,69.31122416952039
21.014863699999946,105.85316629999966,69.81892317828762
21.014863699999946,105.85346629999965,65.44986210038218
21.014863699999946,105.85376629999965,57.355321145725625
21.014863699999946,105.85406629999964,60.97398317872849
21.014863699999946,105.85436629999964,64.38285976318954
21.014863699999946,105.85466629999964,60.65097303198955
21.014863699999946,105.85496629999963,52.926930710369824
21.014863699999946,105.85526629999963,60.43896153890299
21.014863699999946,105.85556629999962,55.608488141425454
21.014863699999946,105.85586629999962,60.620893112674764
21.014863699999946,105.85616629999961,62.26487120558323
21.014863699999946,105.85646629999961,71.80871658687765
21.014863699999946,105.8567662999996,70.67461738596073
21.014863699999946,105.8570662999996,68.12946465740546
21.014863699999946,105.8573662999996,74.28191711969697
21.014863699999946,105.8576662999996,69.40609479832537
21.015163699999945,105.8291663,69.25718143491348
21.015163699999945,105.82946629999999,69.66375457572812
21.015163699999945,105.82976629999999,76.72727317680294
21.015163699999945,105.83006629999998,74.3675035911428
21.015163699999945,105.83036629999998,71.53316858497479
21.015163699999945,105.83066629999998,68.53150630967245
21.015163699999945,105.83096629999997,72.6166400330389
21.015163699999945,105.83126629999997,76.61027328899452
21.015163699999945,105.83156629999996,70.4026554855077
21.015163699999945,105.83186629999996,69.21765670770701
21.015163699999945,105.83216629999995,69.84795602682546
21.015163699999945,105.83246629999995,73.51995187361487
21.015163699999945,105.83276629999995,67.35996477450772
21.015163699999945,105.83306629999994,70.83253234697914
21.015163699999945,105.83336629999994,71.34983368299267
21.015163699999945,105.83366629999993,76.03760426839797
21.015163699999945,105.83396629999993,60.231001313640164
21.015163699999945,105.83426629999992,60.221926640476724
21.015163699999945,105.83456629999992,60.40356944270488
21.015163699999945,105.83486629999992,59.46566090041779
21.015163699999945,105.83516629999991,60.68658319384174
21.015163699999945,105.83546629999991,58.621370900376974
21.015163699999945,105.8357662999999,57.14287734094886
21.015163699999945,105.8360662999999,60.771036078021865
21.015163699999945,105.8363662999999,60.41957817208937
21.015163699999945,105.83666629999989,62.13306511954839
21.015163699999945,105.83696629999989,68.13137918848948
21.015163699999945,105.83726629999988,70.0664900921256
21.015163699999945,105.83756629999988,70.79637759043833
21.015163699999945,105.83786629999987,66.44203299282327
21.015163699999945,105.83816629999987,64.37391532583726
21.015163699999945,105.83846629999987,66.47578124592695
21.015163699999945,105.83876629999986,67.63801659501156
21.015163699999945,105.83906629999986,67.63801659501156
21.015163699999945,105.83936629999985,67.63801659501156
21.015163699999945,105.83966629999985,65.26902364767167
21.015163699999945,105.83996629999984,66.5646969165905
21.015163699999945,105.84026629999984,68.42658556781988
21.015163699999945,105.84056629999984,66.41994689948511
21.015163699999945,105.84086629999983,69.58758360006703
21.015163699999945,105.84116629999983,68.59471129078855
21.015163699999945,105.84146629999982,71.59578628140345
21.015163699999945,105.84176629999982,67.28430496397871
21.015163699999945,105.84206629999981,61.733258522303544
21.015163699999945,105.84236629999981,61.45764737635868
21.015163699999945,105.8426662999998,61.336227305861016
21.015163699999945,105.8429662999998,65.22744252298875
21.015163699999945,105.8432662999998,65.19611044844142
21.015163699999945,105.8435662999998,68.10325241881613
21.015163699999945,105.84386629999979,68.04848128716766
21.015163699999945,105.84416629999978,68.53200337418086
21.015163699999945,105.84446629999978,69.55920362212046
21.015163699999945,105.84476629999978,69.55920362212046
21.015163699999945,105.84506629999977,66.93061986265263
21.015163699999945,105.84536629999977,67.67237926652469
21.015163699999945,105.84566629999976,58.024994689471
21.015163699999945,105.84596629999976,59.08573472169459
21.015163699999945,105.84626629999975,56.58338381736108
21.015163699999945,105.84656629999975,61.42026016985862
21.015163699999945,105.84686629999975,61.04459370652427
21.015163699999945,105.84716629999974,66.03123548831994
21.015163699999945,105.84746629999974,68.5858887393064
21.015163699999945,105.84776629999973,73.00456606892944
21.015163699999945,105.84806629999973,69.40667655618444
21.015163699999945,105.84836629999973,71.13455943022156
21.015163699999945,105.84866629999972,75.9692682183693
21.015163699999945,105.84896629999972,70.72773216189611
21.015163699999945,105.84926629999971,71.63559100652064
21.015163699999945,105.84956629999971,72.98736667903742
21.015163699999945,105.8498662999997,71.14629354912907
21.015163699999945,105.8501662999997,72.12510426301192
21.015163699999945,105.8504662999997,74.00361060663657
21.015163699999945,105.85076629999969,71.87823526951773
21.015163699999945,105.85106629999969,74.26853411201134
21.015163699999945,105.85136629999968,79.03450920803233
21.015163699999945,105.85166629999968,74.20920917648937
21.015163699999945,105.85196629999967,79.51341283157926
21.015163699999945,105.85226629999967,66.93066760103646
21.015163699999945,105.85256629999967,72.74222808048914
21.015163699999945,105.85286629999966,71.3936515080549
21.015163699999945,105.85316629999966,69.17620237350457
21.015163699999945,105.85346629999965,67.2246614150936
21.015163699999945,105.85376629999965,63.110341711040164
21.015163699999945,105.85406629999964,63.920139685136235
21.015163699999945,105.85436629999964,58.66278944263274
21.015163699999945,105.85466629999964,65.70058045580608
21.015163699999945,105.85496629999963,63.28885843066236
21.015163699999945,105.85526629999963,63.24567324332291
21.015163699999945,105.85556629999962,62.822326862902884
21.015163699999945,105.85586629999962,69.48636245697823
21.015163699999945,105.85616629999961,68.87161948363484
21.015163699999945,105.85646629999961,69.85558837099619
21.015163699999945,105.8567662999996,63.554769779731515
21.015163699999945,105.8570662999996,68.77635672503817
21.015163699999945,105.8573662999996,70.04906779560238
21.015163699999945,105.8576662999996,75.72061815783466
21.015463699999945,105.8291663,68.31799788326798
21.015463699999945,105.82946629999999,67.77409063875781
21.015463699999945,105.82976629999999,81.12428497659407
21.015463699999945,105.83006629999998,77.70610907234844
21.015463699999945,105.83036629999998,76.24912600640116
21.015463699999945,105.83066629999998,69.64874067984682
21.015463699999945,105.83096629999997,73.83919800085857
21.015463699999945,105.83126629999997,74.41639840471429
21.015463699999945,105.83156629999996,73.02956793668069
21.015463699999945,105.83186629999996,71.4396677094572
21.015463699999945,105.83216629999995,69.36676923203359
21.015463699999945,105.83246629999995,68.31427681029216
21.015463699999945,105.83276629999995,63.56797834720817
21.015463699999945,105.83306629999994,68.69215814841336
21.015463699999945,105.83336629999994,72.14409966685677
21.015463699999945,105.83366629999993,67.95811723932805
21.015463699999945,105.83396629999993,66.73589401058666
21.015463699999945,105.83426629999992,62.094167366928275
21.015463699999945,105.83456629999992,58.9518379314528
21.015463699999945,105.83486629999992,61.89438146118036
21.015463699999945,105.83516629999991,60.541948554363856
21.015463699999945,105.83546629999991,59.81112830205761
21.015463699999945,105.8357662999999,58.433781923536586
21.015463699999945,105.8360662999999,59.23320199748812
21.015463699999945,105.8363662999999,61.8024945439019
21.015463699999945,105.83666629999989,59.78693560433997
21.015463699999945,105.83696629999989,65.03055947166062
21.015463699999945,105.83726629999988,68.26354172130831
21.015463699999945,105.83756629999988,69.06673314535794
21.015463699999945,105.83786629999987,67.80714928200479
21.015463699999945,105.83816629999987,66.46807761981638
21.015463699999945,105.83846629999987,64.04256621895335
21.015463699999945,105.83876629999986,65.26902364767167
21.015463699999945,105.83906629999986,67.63801659501156
21.015463699999945,105.83936629999985,67.63801659501156
21.015463699999945,105.83966629999985,67.1393156810842
21.015463699999945,105.83996629999984,68.16992859894182
21.015463699999945,105.84026629999984,68.16992859894182
21.015463699999945,105.84056629999984,62.53957581347224
21.015463699999945,105.84086629999983,65.08393381143108
21.015463699999945,105.84116629999983,63.908830524116155
21.015463699999945,105.84146629999982,65.85089932298693
21.015463699999945,105.84176629999982,59.77133562311333
21.015463699999945,105.84206629999981,56.368345019572516
21.015463699999945,105.84236629999981,56.82037484609171
21.015463699999945,105.8426662999998,56.50140046364426
21.015463699999945,105.8429662999998,64.12883680062284
21.015463699999945,105.8432662999998,66.55125698385245
21.015463699999945,105.8435662999998,65.12887989310613
21.015463699999945,105.84386629999979,66.58258905839979
21.015463699999945,105.84416629999978,66.58258905839979
21.015463699999945,105.84446629999978,69.12451372343081
21.015463699999945,105.84476629999978,65.82410461880049
21.015463699999945,105.84506629999977,66.93061986265263
21.015463699999945,105.84536629999977,68.22393371763269
21.015463699999945,105.84566629999976,66.01203002710199
21.015463699999945,105.84596629999976,57.677184906904614
21.015463699999945,105.84626629999975,57.71744042419748
21.015463699999945,105.84656629999975,53.90176318952095
21.015463699999945,105.84686629999975,59.99679192478486
21.015463699999945,105.84716629999974,61.32642576713803
21.015463699999945,105.84746629999974,71.01760496004809
21.015463699999945,105.84776629999973,70.36306830803588
21.015463699999945,105.84806629999973,67.0963583567412
21.015463699999945,105.84836629999973,67.63405851636587
21.015463699999945,105.84866629999972,70.74685143859557
21.015463699999945,105.84896629999972,63.963835873061385
21.015463699999945,105.84926629999971,68.04295984845255
21.015463699999945,105.84956629999971,65.93050819614794
21.015463699999945,105.8498662999997,71.82016868067085
21.015463699999945,105.8501662999997,68.57499256810756
21.015463699999945,105.8504662999997,74.74019059639109
21.015463699999945,105.85076629999969,77.44909372985606
21.015463699999945,105.85106629999969,74.93623665440913
21.015463699999945,105.85136629999968,69.32742695467634
21.015463699999945,105.85166629999968,71.3501011473934
21.015463699999945,105.85196629999967,72.62374701945328
21.015463699999945,105.85226629999967,74.53818713823259
21.015463699999945,105.85256629999967,66.97276872113936
21.015463699999945,105.85286629999966,67.11907053110555
21.015463699999945,105.85316629999966,69.7382990162653
21.015463699999945,105.85346629999965,65.44423042678356
21.015463699999945,105.85376629999965,64.43560966991681
21.015463699999945,105.85406629999964,66.88137978473095
21.015463699999945,105.85436629999964,70.39653384950117
21.015463699999945,105.85466629999964,66.60396063760388
21.015463699999945,105.85496629999963,65.92528746690114
21.015463699999945,105.85526629999963,69.66544968928498
21.015463699999945,105.85556629999962,61.06819826743721
21.015463699999945,105.85586629999962,66.24547161096739
21.015463699999945,105.85616629999961,73.04085711376433
21.015463699999945,105.85646629999961,66.90627400086643
21.015463699999945,105.8567662999996,69.6386466081512
21.015463699999945,105.8570662999996,69.7118022023859
21.015463699999945,105.8573662999996,64.58101254488281
21.015463699999945,105.8576662999996,77.25985573622124
21.015763699999944,105.8291663,69.54182696368447
21.015763699999944,105.82946629999999,71.78339561153645
21.015763699999944,105.82976629999999,72.87134463835172
21.015763699999944,105.83006629999998,73.37381225629484
21.015763699999944,105.83036629999998,70.35518233036304
21.015763699999944,105.83066629999998,76.37392461298496
21.015763699999944,105.83096629999997,75.29717058551353
21.015763699999944,105.83126629999997,72.35607136095601
21.015763699999944,105.83156629999996,73.67720633945507
21.015763699999944,105.83186629999996,69.42589225998722
21.015763699999944,105.83216629999995,69.5099446532846
21.015763699999944,105.83246629999995,64.71163951938287
21.015763699999944,105.83276629999995,68.68058417558143
21.015763699999944,105.83306629999994,71.27884145449433
21.015763699999944,105.83336629999994,72.01408269632743
21.015763699999944,105.83366629999993,71.29849767449835
21.015763699999944,105.83396629999993,68.61769700273734
21.015763699999944,105.83426629999992,58.32722061502845
21.015763699999944,105.83456629999992,59.273960699334026
21.015763699999944,105.83486629999992,59.272350541384526
21.015763699999944,105.83516629999991,60.19540586873791
21.015763699999944,105.83546629999991,61.58652782436319
21.015763699999944,105.8357662999999,63.72757999038005
21.015763699999944,105.8360662999999,61.66201314031407
21.015763699999944,105.8363662999999,61.20529005110406
21.015763699999944,105.83666629999989,61.390743461242735
21.015763699999944,105.83696629999989,63.55874606493151
21.015763699999944,105.83726629999988,64.4811548706154
21.015763699999944,105.83756629999988,72.16233198092164
21.015763699999944,105.83786629999987,70.0664900921256
21.015763699999944,105.83816629999987,66.09359080048772
21.015763699999944,105.83846629999987,64.47097005107108
21.015763699999944,105.83876629999986,64.49940658766333
21.015763699999944,105.83906629999986,67.08223301010983
21.015763699999944,105.83936629999985,68.16992859894182
21.015763699999944,105.83966629999985,75.49486450033493
21.015763699999944,105.83996629999984,65.1221667421385
21.015763699999944,105.84026629999984,59.72320386009211
21.015763699999944,105.84056629999984,56.879338492712705
21.015763699999944,105.84086629999983,59.62840893147106
21.015763699999944,105.84116629999983,58.57149495607685
21.015763699999944,105.84146629999982,61.40225477587293
21.015763699999944,105.84176629999982,59.42980440805782
21.015763699999944,105.84206629999981,55.87821037658611
21.015763699999944,105.84236629999981,57.0811455279195
21.015763699999944,105.8426662999998,57.589275534803974
21.015763699999944,105.8429662999998,66.83433120226556
21.015763699999944,105.8432662999998,64.60616956159686
21.015763699999944,105.8435662999998,63.231789357640736
21.015763699999944,105.84386629999979,66.55125698385245
21.015763699999944,105.84416629999978,66.55125698385245
21.015763699999944,105.84446629999978,65.67296167494078
21.015763699999944,105.84476629999978,66.05165629980996
21.015763699999944,105.84506629999977,66.29055900935148
21.015763699999944,105.84536629999977,65.70429374948812
21.015763699999944,105.84566629999976,66.92622615674384
21.015763699999944,105.84596629999976,58.04493734314667
21.015763699999944,105.84626629999975,59.1575309119776
21.015763699999944,105.84656629999975,54.71839789658766
21.015763699999944,105.84686629999975,60.47958410820891
21.015763699999944,105.84716629999974,63.56318104503802
21.015763699999944,105.84746629999974,69.04990557515916
21.015763699999944,105.84776629999973,70.11511746628152
21.015763699999944,105.84806629999973,65.69165644568109
21.015763699999944,105.84836629999973,68.26726122412262
21.015763699999944,105.84866629999972,67.99857915587228
21.015763699999944,105.84896629999972,65.28041935452947
21.015763699999944,105.84926629999971,66.41115209029523
21.015763699999944,105.84956629999971,68.66106271532956
21.015763699999944,105.8498662999997,64.94012295275522
21.015763699999944,105.8501662999997,69.79864849891491
21.015763699999944,105.8504662999997,68.14899111651485
21.015763699999944,105.85076629999969,69.06376897959768
21.015763699999944,105.85106629999969,65.18274760295895
21.015763699999944,105.85136629999968,65.53127096045634
21.015763699999944,105.85166629999968,67.73338351370231
21.015763699999944,105.85196629999967,76.01110028380815
21.015763699999944,105.85226629999967,69.00529551250365
21.015763699999944,105.85256629999967,69.45833139188107
21.015763699999944,105.85286629999966,62.48768141050384
21.015763699999944,105.85316629999966,68.36401756428346
21.015763699999944,105.85346629999965,60.83591016396221
21.015763699999944,105.85376629999965,64.94103413487605
21.015763699999944,105.85406629999964,63.6264569037409
21.015763699999944,105.85436629999964,61.42010147506991
21.015763699999944,105.85466629999964,60.83659910571211
21.015763699999944,105.85496629999963,62.50466640949578
21.015763699999944,105.85526629999963,61.62828127614239
21.015763699999944,105.85556629999962,62.385139965627445
21.015763699999944,105.85586629999962,60.71918934273825
21.015763699999944,105.85616629999961,60.89738241132764
21.015763699999944,105.85646629999961,65.49069657111484
21.015763699999944,105.8567662999996,71.88733539906085
21.015763699999944,105.8570662999996,72.01945879085926
21.015763699999944,105.8573662999996,74.29587055580458
21.015763699999944,105.8576662999996,73.4868573086953
21.016063699999943,105.8291663,68.8149765802665
21.016063699999943,105.82946629999999,68.30247575012497
21.016063699999943,105.82976629999999,69.90308513701424
21.016063699999943,105.83006629999998,70.60862022403163
21.016063699999943,105.83036629999998,69.39391598468534
21.016063699999943,105.83066629999998,73.37732702626622
21.016063699999943,105.83096629999997,67.50082357439152
21.016063699999943,105.83126629999997,70.82220684995316
21.016063699999943,105.83156629999996,71.17870631049314
21.016063699999943,105.83186629999996,73.06047077658715
21.016063699999943,105.83216629999995,66.3403642823492
21.016063699999943,105.83246629999995,73.7337477042041
21.016063699999943,105.83276629999995,73.55165709392674
21.016063699999943,105.83306629999994,69.98418493272665
21.016063699999943,105.83336629999994,68.7574532654278
21.016063699999943,105.83366629999993,73.34314541626557
21.016063699999943,105.83396629999993,69.65774119642346
21.016063699999943,105.83426629999992,62.31755991193829
21.016063699999943,105.83456629999992,55.54048074536611
21.016063699999943,105.83486629999992,57.8407674937873
21.016063699999943,105.83516629999991,59.562256831224005
21.016063699999943,105.83546629999991,62.51558605787976
21.016063699999943,105.8357662999999,66.56948345643646
21.016063699999943,105.8360662999999,64.55565145513977
21.016063699999943,105.8363662999999,61.43572977686462
21.016063699999943,105.83666629999989,62.67668383637472
21.016063699999943,105.83696629999989,61.912484605177724
21.016063699999943,105.83726629999988,64.66615605953345
21.016063699999943,105.83756629999988,66.20207800150366
21.016063699999943,105.83786629999987,67.75123617914433
21.016063699999943,105.83816629999987,68.52809426977471
21.016063699999943,105.83846629999987,68.18907574587847
21.016063699999943,105.83876629999986,65.45883622370643
21.016063699999943,105.83906629999986,68.42658556781988
21.016063699999943,105.83936629999985,68.16992859894182
21.016063699999943,105.83966629999985,71.38438520552546
21.016063699999943,105.83996629999984,59.72320386009211
21.016063699999943,105.84026629999984,54.63374325942712
21.016063699999943,105.84056629999984,54.323703642388196
21.016063699999943,105.84086629999983,57.96753965563373
21.016063699999943,105.84116629999983,60.89852270203927
21.016063699999943,105.84146629999982,60.23543229482921
21.016063699999943,105.84176629999982,58.59076413366333
21.016063699999943,105.84206629999981,56.13535130541622
21.016063699999943,105.84236629999981,58.93208294570208
21.016063699999943,105.8426662999998,58.49957670064458
21.016063699999943,105.8429662999998,54.205237577055506
21.016063699999943,105.8432662999998,55.757754238663935
21.016063699999943,105.8435662999998,57.285775442480414
21.016063699999943,105.84386629999979,56.901681345570395
21.016063699999943,105.84416629999978,57.37760655921804
21.016063699999943,105.84446629999978,59.49908169418097
21.016063699999943,105.84476629999978,58.221426456454566
21.016063699999943,105.84506629999977,59.00408135377474
21.016063699999943,105.84536629999977,58.785628672089786
21.016063699999943,105.84566629999976,58.2996514398195
21.016063699999943,105.84596629999976,56.76409877976391
21.016063699999943,105.84626629999975,59.09754528413906
21.016063699999943,105.84656629999975,53.85630903741097
21.016063699999943,105.84686629999975,59.59642647794861
21.016063699999943,105.84716629999974,63.52481246159785
21.016063699999943,105.84746629999974,62.022975256450536
21.016063699999943,105.84776629999973,76.0411440264846
21.016063699999943,105.84806629999973,67.37919391683354
21.016063699999943,105.84836629999973,74.61465406922697
21.016063699999943,105.84866629999972,71.00281426841576
21.016063699999943,105.84896629999972,67.71363458514413
21.016063699999943,105.84926629999971,67.01669728457843
21.016063699999943,105.84956629999971,71.64736151948418
21.016063699999943,105.8498662999997,66.65678863072554
21.016063699999943,105.8501662999997,66.20390896675339
21.016063699999943,105.8504662999997,70.90061881266911
21.016063699999943,105.85076629999969,78.372195863878
21.016063699999943,105.85106629999969,71.78376868488789
21.016063699999943,105.85136629999968,68.58543900241317
21.016063699999943,105.85166629999968,74.64357326869474
21.016063699999943,105.85196629999967,68.1340830810913
21.016063699999943,105.85226629999967,69.43506228546454
21.016063699999943,105.85256629999967,68.37252998379353
21.016063699999943,105.85286629999966,71.31080294361806
21.016063699999943,105.85316629999966,61.2340038104129
21.016063699999943,105.85346629999965,59.06313688557897
21.016063699999943,105.85376629999965,67.39655080182717
21.016063699999943,105.85406629999964,63.29624103872783
21.016063699999943,105.85436629999964,66.69409569276202
21.016063699999943,105.85466629999964,59.18136934565685
21.016063699999943,105.85496629999963,59.713673778273304
21.016063699999943,105.85526629999963,62.3548614756332
21.016063699999943,105.85556629999962,61.93177712952888
21.016063699999943,105.85586629999962,62.73642727579026
21.016063699999943,105.85616629999961,63.69025356580717
21.016063699999943,105.85646629999961,65.84294488102172
21.016063699999943,105.8567662999996,74.62003719189681
21.016063699999943,105.8570662999996,78.17386556206165
21.016063699999943,105.8573662999996,74.2237981542389
21.016063699999943,105.8576662999996,71.67167270315554
21.016363699999943,105.8291663,68.9571741399291
21.016363699999943,105.82946629999999,66.77131611623034
21.016363699999943,105.82976629999999,69.22508233200104
21.016363699999943,105.83006629999998,68.46477237143726
21.016363699999943,105.83036629999998,68.17045365354939
21.016363699999943,105.83066629999998,69.52736481433158
21.016363699999943,105.83096629999997,69.39402341619662
21.016363699999943,105.83126629999997,68.14593836417221
21.016363699999943,105.83156629999996,72.11072261349467
21.016363699999943,105.83186629999996,69.84997052923778
21.016363699999943,105.83216629999995,73.6399806457571
21.016363699999943,105.83246629999995,72.57019906046554
21.016363699999943,105.83276629999995,69.35063214183076
21.016363699999943,105.83306629999994,66.63004368700122
21.016363699999943,105.83336629999994,73.96973407902682
21.016363699999943,105.83366629999993,77.13690953140085
21.016363699999943,105.83396629999993,70.51114315724507
21.016363699999943,105.83426629999992,58.91384823979689
21.016363699999943,105.83456629999992,56.17220945353513
21.016363699999943,105.83486629999992,54.407719897339945
21.016363699999943,105.83516629999991,57.92074858144625
21.016363699999943,105.83546629999991,60.544247234231804
21.016363699999943,105.8357662999999,65.37410348499155
21.016363699999943,105.8360662999999,68.99643544667421
21.016363699999943,105.8363662999999,67.00024170837744
21.016363699999943,105.83666629999989,61.912484605177724
21.016363699999943,105.83696629999989,62.45254168230525
21.016363699999943,105.83726629999988,62.506397217621284
21.016363699999943,105.83756629999988,64.95432256005357
21.016363699999943,105.83786629999987,65.1989006537622
21.016363699999943,105.83816629999987,72.06220906671695
21.016363699999943,105.83846629999987,71.56899159189587
21.016363699999943,105.83876629999986,65.41336079017442
21.016363699999943,105.83906629999986,60.50638908942737
21.016363699999943,105.83936629999985,58.61235599291672
21.016363699999943,105.83966629999985,59.384331274831965
21.016363699999943,105.83996629999984,57.56441552833324
21.016363699999943,105.84026629999984,57.18653269017983
21.016363699999943,105.84056629999984,56.971149301630604
21.016363699999943,105.84086629999983,58.82429995906064
21.016363699999943,105.84116629999983,60.091736129670295
21.016363699999943,105.84146629999982,59.3152923444236
21.016363699999943,105.84176629999982,58.662157388126474
21.016363699999943,105.84206629999981,56.20241479344428
21.016363699999943,105.84236629999981,55.126655963820994
21.016363699999943,105.8426662999998,53.298721075811315
21.016363699999943,105.8429662999998,55.34467419691126
21.016363699999943,105.8432662999998,55.34467419691126
21.016363699999943,105.8435662999998,56.449831463063134
21.016363699999943,105.84386629999979,56.69210063029112
21.016363699999943,105.84416629999978,57.659946757610186
21.016363699999943,105.84446629999978,57.5970746628758
21.016363699999943,105.84476629999978,57.44159430343275
21.016363699999943,105.84506629999977,56.28153204699801
21.016363699999943,105.84536629999977,56.77996047444043
21.016363699999943,105.84566629999976,59.3551556526987
21.016363699999943,105.84596629999976,53.5866116145117
21.016363699999943,105.84626629999975,57.52534556213308
21.016363699999943,105.84656629999975,55.66217851487629
21.016363699999943,105.84686629999975,59.91591201276033
21.016363699999943,105.84716629999974,62.46513429549658
21.016363699999943,105.84746629999974,65.23083480709865
21.016363699999943,105.84776629999973,76.07502491825383
21.016363699999943,105.84806629999973,68.33134264954369
21.016363699999943,105.84836629999973,70.06136794505524
21.016363699999943,105.84866629999972,65.42443696613826
21.016363699999943,105.84896629999972,70.77293162703936
21.016363699999943,105.84926629999971,70.68195296177383
21.016363699999943,105.84956629999971,69.57136365546785
21.016363699999943,105.8498662999997,67.50394497208336
21.016363699999943,105.8501662999997,70.62047169649856
21.016363699999943,105.8504662999997,72.55973835364767
21.016363699999943,105.85076629999969,71.30946120665008
21.016363699999943,105.85106629999969,66.22907032192781
21.016363699999943,105.85136629999968,66.66211370865139
21.016363699999943,105.85166629999968,66.08515879924887
21.016363699999943,105.85196629999967,67.86278399704092
21.016363699999943,105.85226629999967,64.63451522282347
21.016363699999943,105.85256629999967,63.48936737960946
21.016363699999943,105.85286629999966,72.2990831928104
21.016363699999943,105.85316629999966,60.24652648442023
21.016363699999943,105.85346629999965,57.5068297150914
21.016363699999943,105.85376629999965,61.76385021528556
21.016363699999943,105.85406629999964,60.858013635423674
21.016363699999943,105.85436629999964,60.60855692955141
21.016363699999943,105.85466629999964,57.23004478941168
21.016363699999943,105.85496629999963,66.04114911789141
21.016363699999943,105.85526629999963,60.07395416856997
21.016363699999943,105.85556629999962,61.1018439153499
21.016363699999943,105.85586629999962,66.89409909549099
21.016363699999943,105.85616629999961,63.97889683947487
21.016363699999943,105.85646629999961,67.61353127378852
21.016363699999943,105.8567662999996,69.45160119517192
21.016363699999943,105.8570662999996,76.17342489279203
21.016363699999943,105.8573662999996,82.32205521700983
21.016363699999943,105.8576662999996,81.40687653846356
21.016663699999942,105.8291663,72.04292955000201
21.016663699999942,105.82946629999999,69.43430859302889
21.016663699999942,105.82976629999999,69.12383026757753
21.016663699999942,105.83006629999998,67.29748725976246
21.016663699999942,105.83036629999998,69.2630886723439
21.016663699999942,105.83066629999998,68.47463737368626
21.016663699999942,105.83096629999997,69.34313062050316
21.016663699999942,105.83126629999997,67.70488418423056
21.016663699999942,105.83156629999996,71.216326970124
21.016663699999942,105.83186629999996,66.51657927485306
21.016663699999942,105.83216629999995,73.8443841394986
21.016663699999942,105.83246629999995,74.0272825066068
21.016663699999942,105.83276629999995,66.04981526520386
21.016663699999942,105.83306629999994,72.86383474700415
21.016663699999942,105.83336629999994,79.15880702732336
21.016663699999942,105.83366629999993,70.60474025686713
21.016663699999942,105.83396629999993,76.06889041436902
21.016663699999942,105.83426629999992,55.31673586925574
21.016663699999942,105.83456629999992,56.06956885712309
21.016663699999942,105.83486629999992,57.415038548023034
21.016663699999942,105.83516629999991,56.13696175512702
21.016663699999942,105.83546629999991,61.980798715061354
21.016663699999942,105.8357662999999,69.95542484711385
21.016663699999942,105.8360662999999,68.35989486862573
21.016663699999942,105.8363662999999,66.53067638683031
21.016663699999942,105.83666629999989,63.961454697265225
21.016663699999942,105.83696629999989,61.912484605177724
21.016663699999942,105.83726629999988,62.45254168230525
21.016663699999942,105.83756629999988,62.646076238394755
21.016663699999942,105.83786629999987,67.72440316394133
21.016663699999942,105.83816629999987,72.08431190839015
21.016663699999942,105.83846629999987,72.23999310648257
21.016663699999942,105.83876629999986,65.24287285150082
21.016663699999942,105.83906629999986,60.20341589266815
21.016663699999942,105.83936629999985,60.1723990086451
21.016663699999942,105.83966629999985,57.517289124942394
21.016663699999942,105.83996629999984,58.15980491278884
21.016663699999942,105.84026629999984,58.29261594375197
21.016663699999942,105.84056629999984,55.99038937343701
21.016663699999942,105.84086629999983,58.63232460549152
21.016663699999942,105.84116629999983,60.05238336433766
21.016663699999942,105.84146629999982,58.05870560868679
21.016663699999942,105.84176629999982,57.37084395744341
21.016663699999942,105.84206629999981,54.840475471092525
21.016663699999942,105.84236629999981,53.55581886241467
21.016663699999942,105.8426662999998,54.22560927609686
21.016663699999942,105.8429662999998,53.600225740165776
21.016663699999942,105.8432662999998,53.45302883049003
21.016663699999942,105.8435662999998,54.5064240556853
21.016663699999942,105.84386629999979,57.69306818304699
21.016663699999942,105.84416629999978,56.81603131612641
21.016663699999942,105.84446629999978,56.21420661554298
21.016663699999942,105.84476629999978,54.976486921528405
21.016663699999942,105.84506629999977,55.2575290534613
21.016663699999942,105.84536629999977,58.73155510163119
21.016663699999942,105.84566629999976,58.81376032178481
21.016663699999942,105.84596629999976,57.0383178218823
21.016663699999942,105.84626629999975,60.898777257728256
21.016663699999942,105.84656629999975,59.48992352732493
21.016663699999942,105.84686629999975,58.146173510837684
21.016663699999942,105.84716629999974,61.584037897710715
21.016663699999942,105.84746629999974,62.66264567636422
21.016663699999942,105.84776629999973,68.96227972728664
21.016663699999942,105.84806629999973,67.33774587276824
21.016663699999942,105.84836629999973,67.40725685591116
21.016663699999942,105.84866629999972,65.54075980487816
21.016663699999942,105.84896629999972,70.9949656491372
21.016663699999942,105.84926629999971,66.93175617320097
21.016663699999942,105.84956629999971,66.17651972687395
21.016663699999942,105.8498662999997,67.15599875563697
21.016663699999942,105.8501662999997,71.32272558992949
21.016663699999942,105.8504662999997,72.55078979429615
21.016663699999942,105.85076629999969,74.9418865816298
21.016663699999942,105.85106629999969,66.4157587712014
21.016663699999942,105.85136629999968,64.13159036361124
21.016663699999942,105.85166629999968,65.2673420046625
21.016663699999942,105.85196629999967,64.94472710615685
21.016663699999942,105.85226629999967,57.576025635369405
21.016663699999942,105.85256629999967,66.87986161359504
21.016663699999942,105.85286629999966,65.93357124619745
21.016663699999942,105.85316629999966,65.4079263065329
21.016663699999942,105.85346629999965,64.8626120847684
21.016663699999942,105.85376629999965,65.24271101102359
21.016663699999942,105.85406629999964,61.124053436956174
21.016663699999942,105.85436629999964,61.266145586071545
21.016663699999942,105.85466629999964,56.523732040354815
21.016663699999942,105.85496629999963,57.490256332321124
21.016663699999942,105.85526629999963,61.52873392625459
21.016663699999942,105.85556629999962,62.44680902548019
21.016663699999942,105.85586629999962,60.446284689258405
21.016663699999942,105.85616629999961,61.23644152440731
21.016663699999942,105.85646629999961,71.11721988287063
21.016663699999942,105.8567662999996,73.00689204601147
21.016663699999942,105.8570662999996,74.37379335207716
21.016663699999942,105.8573662999996,74.86910394162052
21.016663699999942,105.8576662999996,79.24009183254975
21.01696369999994,105.8291663,70.10613755427012
21.01696369999994,105.82946629999999,69.95212112881886
21.01696369999994,105.82976629999999,65.17687427481846
21.01696369999994,105.83006629999998,68.36257594063123
21.01696369999994,105.83036629999998,69.88085126939893
21.01696369999994,105.83066629999998,67.41831174113001
21.01696369999994,105.83096629999997,67.31529870243772
21.01696369999994,105.83126629999997,68.23993742237099
21.01696369999994,105.83156629999996,67.7397121193258
21.01696369999994,105.83186629999996,68.52221957566661
21.01696369999994,105.83216629999995,71.22286932251953
21.01696369999994,105.83246629999995,70.12251025173005
21.01696369999994,105.83276629999995,74.17076996228344
21.01696369999994,105.83306629999994,73.0629741279898
21.01696369999994,105.83336629999994,67.37152842207703
21.01696369999994,105.83366629999993,73.49008469260747
21.01696369999994,105.83396629999993,72.15385261513667
21.01696369999994,105.83426629999992,63.15589154006807
21.01696369999994,105.83456629999992,55.333234452155935
21.01696369999994,105.83486629999992,57.33171832694467
21.01696369999994,105.83516629999991,55.997065601403065
21.01696369999994,105.83546629999991,60.24874920138062
21.01696369999994,105.8357662999999,66.53760227316883
21.01696369999994,105.8360662999999,71.93031225415864
21.01696369999994,105.8363662999999,69.75912076237469
21.01696369999994,105.83666629999989,64.93093708205554
21.01696369999994,105.83696629999989,61.77305510525035
21.01696369999994,105.83726629999988,62.45254168230525
21.01696369999994,105.83756629999988,62.13662675924719
21.01696369999994,105.83786629999987,65.24727213606928
21.01696369999994,105.83816629999987,67.1241643799466
21.01696369999994,105.83846629999987,69.99313226255943
21.01696369999994,105.83876629999986,67.65622742669413
21.01696369999994,105.83906629999986,63.12971185314181
21.01696369999994,105.83936629999985,60.081905960288196
21.01696369999994,105.83966629999985,56.77996047444043
21.01696369999994,105.83996629999984,58.29261594375197
21.01696369999994,105.84026629999984,57.383501526595666
21.01696369999994,105.84056629999984,56.36490584207658
21.01696369999994,105.84086629999983,56.90828363631802
21.01696369999994,105.84116629999983,58.3630296454085
21.01696369999994,105.84146629999982,57.50247254642498
21.01696369999994,105.84176629999982,58.299575337867594
21.01696369999994,105.84206629999981,55.63562599159479
21.01696369999994,105.84236629999981,54.952815530507955
21.01696369999994,105.8426662999998,54.5806893042246
21.01696369999994,105.8429662999998,55.74254691714505
21.01696369999994,105.8432662999998,57.144300200781956
21.01696369999994,105.8435662999998,60.19651464253111
21.01696369999994,105.84386629999979,61.36388429931219
21.01696369999994,105.84416629999978,61.87434992551128
21.01696369999994,105.84446629999978,60.25140051812626
21.01696369999994,105.84476629999978,60.07187375212378
21.01696369999994,105.84506629999977,60.26542126515804
21.01696369999994,105.84536629999977,60.66083076994221
21.01696369999994,105.84566629999976,59.2116350834727
21.01696369999994,105.84596629999976,57.53336746990422
21.01696369999994,105.84626629999975,57.166163251952085
21.01696369999994,105.84656629999975,57.925931740848085
21.01696369999994,105.84686629999975,58.14821019143238
21.01696369999994,105.84716629999974,62.2404691137652
21.01696369999994,105.84746629999974,64.00920466683745
21.01696369999994,105.84776629999973,68.9230383981942
21.01696369999994,105.84806629999973,70.23030078198381
21.01696369999994,105.84836629999973,67.94546404799381
21.01696369999994,105.84866629999972,65.04734937282836
21.01696369999994,105.84896629999972,67.3512849827088
21.01696369999994,105.84926629999971,67.0063852499475
21.01696369999994,105.84956629999971,72.27651451473106
21.01696369999994,105.8498662999997,70.10353337250649
21.01696369999994,105.8501662999997,68.79837393333702
21.01696369999994,105.8504662999997,70.85107578491514
21.01696369999994,105.85076629999969,69.18863027887807
21.01696369999994,105.85106629999969,68.70582412048509
21.01696369999994,105.85136629999968,67.59902990979879
21.01696369999994,105.85166629999968,62.28330751175589
21.01696369999994,105.85196629999967,68.91914784595072
21.01696369999994,105.85226629999967,66.79462151790649
21.01696369999994,105.85256629999967,69.8876297972421
21.01696369999994,105.85286629999966,67.83152315705743
21.01696369999994,105.85316629999966,64.42039359199455
21.01696369999994,105.85346629999965,71.0694018516509
21.01696369999994,105.85376629999965,61.668828819723856
21.01696369999994,105.85406629999964,57.73051996175356
21.01696369999994,105.85436629999964,62.79662770835516
21.01696369999994,105.85466629999964,61.31809615320671
21.01696369999994,105.85496629999963,58.225779310096115
21.01696369999994,105.85526629999963,61.47468920088173
21.01696369999994,105.85556629999962,65.2547464770956
21.01696369999994,105.85586629999962,63.574248034006004
21.01696369999994,105.85616629999961,67.22124999453193
21.01696369999994,105.85646629999961,73.27191457511678
21.01696369999994,105.8567662999996,73.15079571514715
21.01696369999994,105.8570662999996,79.65009709347957
21.01696369999994,105.8573662999996,77.72941555080264
21.01696369999994,105.8576662999996,76.31679214013636
21.01726369999994,105.8291663,65.97035327209441
21.01726369999994,105.82946629999999,68.06319450014438
21.01726369999994,105.82976629999999,67.89836972570464
21.01726369999994,105.83006629999998,67.97934031482117
21.01726369999994,105.83036629999998,68.39987125228939
21.01726369999994,105.83066629999998,68.5581672651153
21.01726369999994,105.83096629999997,68.35268916663935
21.01726369999994,105.83126629999997,69.45480594961897
21.01726369999994,105.83156629999996,70.24269261843747
21.01726369999994,105.83186629999996,67.25844699633755
21.01726369999994,105.83216629999995,78.63112051469207
21.01726369999994,105.83246629999995,76.6252345253797
21.01726369999994,105.83276629999995,68.24416172425784
21.01726369999994,105.83306629999994,66.49199952701711
21.01726369999994,105.83336629999994,72.87313080883979
21.01726369999994,105.83366629999993,70.46725533735602
21.01726369999994,105.83396629999993,71.0080657775627
21.01726369999994,105.83426629999992,68.92641128621607
21.01726369999994,105.83456629999992,61.92356908529871
21.01726369999994,105.83486629999992,57.923714884169
21.01726369999994,105.83516629999991,60.69808766186901
21.01726369999994,105.83546629999991,60.438829949338384
21.01726369999994,105.8357662999999,66.024955214269
21.01726369999994,105.8360662999999,67.86685713965089
21.01726369999994,105.8363662999999,66.71795881896298
21.01726369999994,105.83666629999989,68.68340596230838
21.01726369999994,105.83696629999989,66.31473849281137
21.01726369999994,105.83726629999988,61.36267873602351
21.01726369999994,105.83756629999988,62.45254168230525
21.01726369999994,105.83786629999987,61.77305510525035
21.01726369999994,105.83816629999987,66.25601733024853
21.01726369999994,105.83846629999987,72.23112668399459
21.01726369999994,105.83876629999986,68.74918388095986
21.01726369999994,105.83906629999986,64.9854281622092
21.01726369999994,105.83936629999985,58.1495377280053
21.01726369999994,105.83966629999985,56.41480396106526
21.01726369999994,105.83996629999984,56.09582957861781
21.01726369999994,105.84026629999984,55.609597964445456
21.01726369999994,105.84056629999984,52.576504517635975
21.01726369999994,105.84086629999983,56.70382512578513
21.01726369999994,105.84116629999983,57.824415503210815
21.01726369999994,105.84146629999982,57.956481431185864
21.01726369999994,105.84176629999982,58.51380467204258
21.01726369999994,105.84206629999981,58.42376444519326
21.01726369999994,105.84236629999981,57.964847371241916
21.01726369999994,105.8426662999998,58.15830050823482
21.01726369999994,105.8429662999998,57.82998566329677
21.01726369999994,105.8432662999998,57.314093538513575
21.01726369999994,105.8435662999998,55.88078248879724
21.01726369999994,105.84386629999979,61.20789197074275
21.01726369999994,105.84416629999978,57.639242188527106
21.01726369999994,105.84446629999978,59.288786478732504
21.01726369999994,105.84476629999978,58.75595791497531
21.01726369999994,105.84506629999977,61.96867335705596
21.01726369999994,105.84536629999977,60.695691003611714
21.01726369999994,105.84566629999976,60.11628479370545
21.01726369999994,105.84596629999976,58.78795709837307
21.01726369999994,105.84626629999975,60.63242798814747
21.01726369999994,105.84656629999975,60.31052599538495
21.01726369999994,105.84686629999975,59.534850806825375
21.01726369999994,105.84716629999974,64.91463568698524
21.01726369999994,105.84746629999974,65.31759578647657
21.01726369999994,105.84776629999973,74.45603125404483
21.01726369999994,105.84806629999973,71.65807772583766
21.01726369999994,105.84836629999973,67.35239575602962
21.01726369999994,105.84866629999972,66.48385673902081
21.01726369999994,105.84896629999972,67.83808838634215
21.01726369999994,105.84926629999971,67.19353634735378
21.01726369999994,105.84956629999971,69.01406234714084
21.01726369999994,105.8498662999997,69.9097986819533
21.01726369999994,105.8501662999997,71.73725895019555
21.01726369999994,105.8504662999997,69.39790613540379
21.01726369999994,105.85076629999969,67.14561325015534
21.01726369999994,105.85106629999969,65.36590766445651
21.01726369999994,105.85136629999968,63.95773520331959
21.01726369999994,105.85166629999968,65.11962390685719
21.01726369999994,105.85196629999967,66.36828534830903
21.01726369999994,105.85226629999967,66.83182697902593
21.01726369999994,105.85256629999967,65.40822863103105
21.01726369999994,105.85286629999966,67.51333999928259
21.01726369999994,105.85316629999966,65.20010389973831
21.01726369999994,105.85346629999965,62.04268994662071
21.01726369999994,105.85376629999965,65.13324601448042
21.01726369999994,105.85406629999964,61.45745111642901
21.01726369999994,105.85436629999964,62.39367733236742
21.01726369999994,105.85466629999964,62.79968064247598
21.01726369999994,105.85496629999963,69.25586252319167
21.01726369999994,105.85526629999963,65.59813775482013
21.01726369999994,105.85556629999962,67.81500712943286
21.01726369999994,105.85586629999962,62.55515325458623
21.01726369999994,105.85616629999961,70.29893540193143
21.01726369999994,105.85646629999961,71.88348484622313
21.01726369999994,105.8567662999996,72.12605828034648
21.01726369999994,105.8570662999996,78.6402374724668
21.01726369999994,105.8573662999996,71.4290576928839
21.01726369999994,105.8576662999996,64.64227440233047
21.01756369999994,105.8291663,62.2286277414447
21.01756369999994,105.82946629999999,61.946579665733665
21.01756369999994,105.82976629999999,67.71459957728476
21.01756369999994,105.83006629999998,68.99105129997575
21.01756369999994,105.83036629999998,70.26784204941136
21.01756369999994,105.83066629999998,69.13295301192008
21.01756369999994,105.83096629999997,67.11138966023549
21.01756369999994,105.83126629999997,69.66085902399611
21.01756369999994,105.83156629999996,70.17346756851914
21.01756369999994,105.83186629999996,69.47964412880745
21.01756369999994,105.83216629999995,72.513181083815
21.01756369999994,105.83246629999995,69.40507577906043
21.01756369999994,105.83276629999995,67.53540620996719
21.01756369999994,105.83306629999994,73.68753540206144
21.01756369999994,105.83336629999994,70.535186924429
21.01756369999994,105.83366629999993,70.69769228792516
21.01756369999994,105.83396629999993,69.44694137695349
21.01756369999994,105.83426629999992,67.9043041815576
21.01756369999994,105.83456629999992,64.98933215334164
21.01756369999994,105.83486629999992,59.62083446492275
21.01756369999994,105.83516629999991,60.26048658271179
21.01756369999994,105.83546629999991,60.84542001254407
21.01756369999994,105.8357662999999,62.530017163357996
21.01756369999994,105.8360662999999,65.07593972038626
21.01756369999994,105.8363662999999,72.37641239211604
21.01756369999994,105.83666629999989,72.08431190839015
21.01756369999994,105.83696629999989,67.33334549625728
21.01756369999994,105.83726629999988,61.77305510525035
21.01756369999994,105.83756629999988,61.13853658195404
21.01756369999994,105.83786629999987,61.13853658195404
21.01756369999994,105.83816629999987,67.00311043874157
21.01756369999994,105.83846629999987,69.41903905067532
21.01756369999994,105.83876629999986,70.26806482752863
21.01756369999994,105.83906629999986,67.94275773774879
21.01756369999994,105.83936629999985,59.3804281543825
21.01756369999994,105.83966629999985,55.309527375292944
21.01756369999994,105.83996629999984,56.807730386080806
21.01756369999994,105.84026629999984,53.07853654983173
21.01756369999994,105.84056629999984,52.401507624999084
21.01756369999994,105.84086629999983,55.83379721210464
21.01756369999994,105.84116629999983,59.631158578770936
21.01756369999994,105.84146629999982,58.988311573821875
21.01756369999994,105.84176629999982,60.19429139001613
21.01756369999994,105.84206629999981,60.1705131797184
21.01756369999994,105.84236629999981,60.41363099291267
21.01756369999994,105.8426662999998,59.374959787800364
21.01756369999994,105.8429662999998,58.62886259785638
21.01756369999994,105.8432662999998,56.41474007363844
21.01756369999994,105.8435662999998,57.95553137821922
21.01756369999994,105.84386629999979,58.13381915372722
21.01756369999994,105.84416629999978,58.05899777748205
21.01756369999994,105.84446629999978,58.33433663671792
21.01756369999994,105.84476629999978,59.60435678287429
21.01756369999994,105.84506629999977,58.18768314136172
21.01756369999994,105.84536629999977,56.72650039860929
21.01756369999994,105.84566629999976,57.58513741410326
21.01756369999994,105.84596629999976,57.72358268334757
21.01756369999994,105.84626629999975,58.74057383753944
21.01756369999994,105.84656629999975,58.51813288822778
21.01756369999994,105.84686629999975,63.22658803423546
21.01756369999994,105.84716629999974,64.46031016639736
21.01756369999994,105.84746629999974,70.88714759229798
21.01756369999994,105.84776629999973,71.14924580530797
21.01756369999994,105.84806629999973,78.06131870454166
21.01756369999994,105.84836629999973,66.79340763096066
21.01756369999994,105.84866629999972,67.16203777232008
21.01756369999994,105.84896629999972,67.80361630210191
21.01756369999994,105.84926629999971,69.33868106799521
21.01756369999994,105.84956629999971,73.00513808744968
21.01756369999994,105.8498662999997,75.29700141477393
21.01756369999994,105.8501662999997,72.06912079173452
21.01756369999994,105.8504662999997,69.8732996948398
21.01756369999994,105.85076629999969,71.15899767575735
21.01756369999994,105.85106629999969,68.23023912104861
21.01756369999994,105.85136629999968,66.83552468385375
21.01756369999994,105.85166629999968,63.154003902739376
21.01756369999994,105.85196629999967,63.951284892617636
21.01756369999994,105.85226629999967,66.02889157304845
21.01756369999994,105.85256629999967,60.60468839475749
21.01756369999994,105.85286629999966,74.4914816682652
21.01756369999994,105.85316629999966,64.04683530257887
21.01756369999994,105.85346629999965,60.70468536091171
21.01756369999994,105.85376629999965,70.76167575524263
21.01756369999994,105.85406629999964,62.95131809943638
21.01756369999994,105.85436629999964,69.00126229432679
21.01756369999994,105.85466629999964,72.53109572597086
21.01756369999994,105.85496629999963,72.83569778222486
21.01756369999994,105.85526629999963,67.96838415888631
21.01756369999994,105.85556629999962,63.385466265829905
21.01756369999994,105.85586629999962,66.84111569010754
21.01756369999994,105.85616629999961,67.34428329544275
21.01756369999994,105.85646629999961,69.20992903197936
21.01756369999994,105.8567662999996,75.36859111500003
21.01756369999994,105.8570662999996,73.24432681966675
21.01756369999994,105.8573662999996,73.66665307142026
21.01756369999994,105.8576662999996,64.80889393848418
21.01786369999994,105.8291663,62.060703934922444
21.01786369999994,105.82946629999999,62.817664892948045
21.01786369999994,105.82976629999999,64.20277814844194
21.01786369999994,105.83006629999998,66.43185705722696
21.01786369999994,105.83036629999998,70.77809108382438
21.01786369999994,105.83066629999998,65.49960935992002
21.01786369999994,105.83096629999997,68.85350891287068
21.01786369999994,105.83126629999997,66.06043829545864
21.01786369999994,105.83156629999996,66.80365820730178
21.01786369999994,105.83186629999996,68.57393618891405
21.01786369999994,105.83216629999995,69.63764345255078
21.01786369999994,105.83246629999995,60.72631685609892
21.01786369999994,105.83276629999995,63.4079685577572
21.01786369999994,105.83306629999994,71.96335332161019
21.01786369999994,105.83336629999994,69.04774433447989
21.01786369999994,105.83366629999993,69.43176665323045
21.01786369999994,105.83396629999993,70.71269162150334
21.01786369999994,105.83426629999992,70.52845483160957
21.01786369999994,105.83456629999992,68.43771891871137
21.01786369999994,105.83486629999992,69.75036477848217
21.01786369999994,105.83516629999991,63.84101480835025
21.01786369999994,105.83546629999991,61.688842382798086
21.01786369999994,105.8357662999999,59.2672169189367
21.01786369999994,105.8360662999999,64.95291555407006
21.01786369999994,105.8363662999999,67.90958297592086
21.01786369999994,105.83666629999989,70.69876021230851
21.01786369999994,105.83696629999989,68.3192332984825
21.01786369999994,105.83726629999988,64.61953048162864
21.01786369999994,105.83756629999988,62.62167133011165
21.01786369999994,105.83786629999987,59.84275235995837
21.01786369999994,105.83816629999987,63.61615034806792
21.01786369999994,105.83846629999987,64.3863511692536
21.01786369999994,105.83876629999986,71.02418359505717
21.01786369999994,105.83906629999986,66.66164022517333
21.01786369999994,105.83936629999985,60.91571774197041
21.01786369999994,105.83966629999985,58.97183579949993
21.01786369999994,105.83996629999984,54.1007435059102
21.01786369999994,105.84026629999984,55.932522533853856
21.01786369999994,105.84056629999984,55.10528638274147
21.01786369999994,105.84086629999983,58.50153201252657
21.01786369999994,105.84116629999983,59.13243129281349
21.01786369999994,105.84146629999982,59.88433243548356
21.01786369999994,105.84176629999982,59.962171933414965
21.01786369999994,105.84206629999981,59.424475440825745
21.01786369999994,105.84236629999981,59.24658276315324
21.01786369999994,105.8426662999998,60.42520375826864
21.01786369999994,105.8429662999998,58.729726478000885
21.01786369999994,105.8432662999998,59.82983309297771
21.01786369999994,105.8435662999998,58.546746674547975
21.01786369999994,105.84386629999979,59.57600323897613
21.01786369999994,105.84416629999978,56.37913884592234
21.01786369999994,105.84446629999978,54.46097813288949
21.01786369999994,105.84476629999978,53.93266990503338
21.01786369999994,105.84506629999977,54.084336377314905
21.01786369999994,105.84536629999977,54.01250918229923
21.01786369999994,105.84566629999976,54.01205643195074
21.01786369999994,105.84596629999976,63.782869976837006
21.01786369999994,105.84626629999975,62.03952636776661
21.01786369999994,105.84656629999975,63.96262367246453
21.01786369999994,105.84686629999975,68.93778005242851
21.01786369999994,105.84716629999974,63.951020366667464
21.01786369999994,105.84746629999974,65.89917706205065
21.01786369999994,105.84776629999973,78.74980745247395
21.01786369999994,105.84806629999973,75.75352805587414
21.01786369999994,105.84836629999973,75.30640396699764
21.01786369999994,105.84866629999972,73.38054238706073
21.01786369999994,105.84896629999972,73.85693834033435
21.01786369999994,105.84926629999971,74.68977585049194
21.01786369999994,105.84956629999971,71.14333328497162
21.01786369999994,105.8498662999997,74.73220970756776
21.01786369999994,105.8501662999997,71.31813906619463
21.01786369999994,105.8504662999997,72.74061517292296
21.01786369999994,105.85076629999969,73.94297341693294
21.01786369999994,105.85106629999969,70.1545935853781
21.01786369999994,105.85136629999968,69.52868762785832
21.01786369999994,105.85166629999968,73.56454297846433
21.01786369999994,105.85196629999967,69.35082585728087
21.01786369999994,105.85226629999967,71.07991497691252
21.01786369999994,105.85256629999967,69.04992261178953
21.01786369999994,105.85286629999966,71.29623412883636
21.01786369999994,105.85316629999966,78.78755818355572
21.01786369999994,105.85346629999965,66.30321648368593
21.01786369999994,105.85376629999965,67.40068786086076
21.01786369999994,105.85406629999964,69.96303298598616
21.01786369999994,105.85436629999964,63.52228471266439
21.01786369999994,105.85466629999964,69.56632789534565
21.01786369999994,105.85496629999963,70.29757555876057
21.01786369999994,105.85526629999963,66.46026440926958
21.01786369999994,105.85556629999962,63.46375400846158
21.01786369999994,105.85586629999962,68.01006737039043
21.01786369999994,105.85616629999961,70.06797815781388
21.01786369999994,105.85646629999961,73.9218063262274
21.01786369999994,105.8567662999996,77.07853717497142
21.01786369999994,105.8570662999996,81.46701003744005
21.01786369999994,105.8573662999996,63.889778574594544
21.01786369999994,105.8576662999996,57.577641943441066
21.01816369999994,105.8291663,61.985864636048404
21.01816369999994,105.82946629999999,62.656321925946116
21.01816369999994,105.82976629999999,61.719842294357136
21.01816369999994,105.83006629999998,63.19209064140789
21.01816369999994,105.83036629999998,63.55196825445633
21.01816369999994,105.83066629999998,63.61051027440652
21.01816369999994,105.83096629999997,64.1945898732775
21.01816369999994,105.83126629999997,67.02871275421475
21.01816369999994,105.83156629999996,66.05503736407587
21.01816369999994,105.83186629999996,59.332229751348066
21.01816369999994,105.83216629999995,57.02497065915199
21.01816369999994,105.83246629999995,60.581101341005976
21.01816369999994,105.83276629999995,62.48698376861411
21.01816369999994,105.83306629999994,71.57249378320007
21.01816369999994,105.83336629999994,72.16926686759463
21.01816369999994,105.83366629999993,71.52353695836213
21.01816369999994,105.83396629999993,73.733121810955
21.01816369999994,105.83426629999992,74.09777040953072
21.01816369999994,105.83456629999992,69.02038703100513
21.01816369999994,105.83486629999992,71.80525987969496
21.01816369999994,105.83516629999991,71.80525987969496
21.01816369999994,105.83546629999991,60.63065551491768
21.01816369999994,105.8357662999999,60.84542001254407
21.01816369999994,105.8360662999999,59.31965786992542
21.01816369999994,105.8363662999999,66.62916701983019
21.01816369999994,105.83666629999989,69.77703249420937
21.01816369999994,105.83696629999989,66.35598295111433
21.01816369999994,105.83726629999988,66.09721833955795
21.01816369999994,105.83756629999988,62.50106155857662
21.01816369999994,105.83786629999987,59.664113471300084
21.01816369999994,105.83816629999987,62.70171836643874
21.01816369999994,105.83846629999987,63.990678654374165
21.01816369999994,105.83876629999986,62.743799740168996
21.01816369999994,105.83906629999986,63.58869902960994
21.01816369999994,105.83936629999985,59.59344522118025
21.01816369999994,105.83966629999985,58.785104069283136
21.01816369999994,105.83996629999984,53.58492603166105
21.01816369999994,105.84026629999984,54.09833893305766
21.01816369999994,105.84056629999984,55.23327317876711
21.01816369999994,105.84086629999983,58.42193433828291
21.01816369999994,105.84116629999983,59.658830384745315
21.01816369999994,105.84146629999982,59.751968687767075
21.01816369999994,105.84176629999982,58.91713848752747
21.01816369999994,105.84206629999981,60.57356154925216
21.01816369999994,105.84236629999981,62.75723278669007
21.01816369999994,105.8426662999998,60.74868217189585
21.01816369999994,105.8429662999998,60.75740954011019
21.01816369999994,105.8432662999998,61.49914514491935
21.01816369999994,105.8435662999998,60.96462721269391
21.01816369999994,105.84386629999979,61.55265664639819
21.01816369999994,105.84416629999978,63.47130631147411
21.01816369999994,105.84446629999978,62.253881473658396
21.01816369999994,105.84476629999978,60.59131677343318
21.01816369999994,105.84506629999977,54.45029648012974
21.01816369999994,105.84536629999977,64.78506382678465
21.01816369999994,105.84566629999976,68.26500996326826
21.01816369999994,105.84596629999976,70.57623885504512
21.01816369999994,105.84626629999975,80.30686802357728
21.01816369999994,105.84656629999975,77.34976700629159
21.01816369999994,105.84686629999975,71.57161399386462
21.01816369999994,105.84716629999974,76.32549229219094
21.01816369999994,105.84746629999974,69.43007088877782
21.01816369999994,105.84776629999973,75.89484310735652
21.01816369999994,105.84806629999973,76.83144879790997
21.01816369999994,105.84836629999973,77.50886790016398
21.01816369999994,105.84866629999972,76.75533993487726
21.01816369999994,105.84896629999972,71.86459689138564
21.01816369999994,105.84926629999971,75.9764838198462
21.01816369999994,105.84956629999971,74.6674366856291
21.01816369999994,105.8498662999997,73.60356700076478
21.01816369999994,105.8501662999997,74.87367547092792
21.01816369999994,105.8504662999997,75.90664718763655
21.01816369999994,105.85076629999969,72.75556793097061
21.01816369999994,105.85106629999969,69.77290228077582
21.01816369999994,105.85136629999968,73.16147553944323
21.01816369999994,105.85166629999968,69.40071784729267
21.01816369999994,105.85196629999967,70.01781494270219
21.01816369999994,105.85226629999967,68.41814834498898
21.01816369999994,105.85256629999967,69.39394523026287
21.01816369999994,105.85286629999966,69.48900512234928
21.01816369999994,105.85316629999966,63.644037828045654
21.01816369999994,105.85346629999965,65.53060878982359
21.01816369999994,105.85376629999965,65.92652994773694
21.01816369999994,105.85406629999964,64.40506519328072
21.01816369999994,105.85436629999964,64.15017143258612
21.01816369999994,105.85466629999964,61.197993982592905
21.01816369999994,105.85496629999963,65.5365979096552
21.01816369999994,105.85526629999963,63.360718261317984
21.01816369999994,105.85556629999962,68.3297679059092
21.01816369999994,105.85586629999962,76.03812244529416
21.01816369999994,105.85616629999961,76.41733797698053
21.01816369999994,105.85646629999961,79.91296512566115
21.01816369999994,105.8567662999996,81.94950309714301
21.01816369999994,105.8570662999996,74.83009939779919
21.01816369999994,105.8573662999996,74.6640850796646
21.01816369999994,105.8576662999996,61.294772845963806
21.018463699999938,105.8291663,56.41555546584074
21.018463699999938,105.82946629999999,59.402283235040784
21.018463699999938,105.82976629999999,61.47026688547068
21.018463699999938,105.83006629999998,61.116319877601015
21.018463699999938,105.83036629999998,62.92667489138202
21.018463699999938,105.83066629999998,60.745937522213296
21.018463699999938,105.83096629999997,60.914122434757545
21.018463699999938,105.83126629999997,61.058799466642455
21.018463699999938,105.83156629999996,56.92534433713642
21.018463699999938,105.83186629999996,64.11388730983747
21.018463699999938,105.83216629999995,63.528212146766364
21.018463699999938,105.83246629999995,58.65766753408603
21.018463699999938,105.83276629999995,60.48153572507498
21.018463699999938,105.83306629999994,72.31737409194608
21.018463699999938,105.83336629999994,71.80848758435451
21.018463699999938,105.83366629999993,72.10044001508058
21.018463699999938,105.83396629999993,75.98214963749615
21.018463699999938,105.83426629999992,78.06869604476755
21.018463699999938,105.83456629999992,75.13934971267312
21.018463699999938,105.83486629999992,74.6804253011423
21.018463699999938,105.83516629999991,75.22623060044855
21.018463699999938,105.83546629999991,68.07227688753434
21.018463699999938,105.8357662999999,71.06569184414285
21.018463699999938,105.8360662999999,65.78294482482394
21.018463699999938,105.8363662999999,66.81827463408432
21.018463699999938,105.83666629999989,66.72467444104277
21.018463699999938,105.83696629999989,67.96644428734238
21.018463699999938,105.83726629999988,67.48729298777116
21.018463699999938,105.83756629999988,67.09908840611311
21.018463699999938,105.83786629999987,60.80816284718547
21.018463699999938,105.83816629999987,60.38282764415371
21.018463699999938,105.83846629999987,58.157993379564275
21.018463699999938,105.83876629999986,60.694902489817125
21.018463699999938,105.83906629999986,62.49275730225226
21.018463699999938,105.83936629999985,59.49758854770006
21.018463699999938,105.83966629999985,58.392647975411975
21.018463699999938,105.83996629999984,56.74209033905562
21.018463699999938,105.84026629999984,56.933960862111704
21.018463699999938,105.84056629999984,59.880583462600086
21.018463699999938,105.84086629999983,63.63014306084514
21.018463699999938,105.84116629999983,62.685536713585535
21.018463699999938,105.84146629999982,60.300203288837395
21.018463699999938,105.84176629999982,66.23451404850353
21.018463699999938,105.84206629999981,68.461134189402
21.018463699999938,105.84236629999981,71.08912395276016
21.018463699999938,105.8426662999998,68.8746837839985
21.018463699999938,105.8429662999998,64.7765543966649
21.018463699999938,105.8432662999998,64.78417729046252
21.018463699999938,105.8435662999998,63.60620033931977
21.018463699999938,105.84386629999979,61.97996068416974
21.018463699999938,105.84416629999978,66.08951959469901
21.018463699999938,105.84446629999978,65.2799000733515
21.018463699999938,105.84476629999978,69.16791428640937
21.018463699999938,105.84506629999977,70.49660176405538
21.018463699999938,105.84536629999977,73.59018907362433
21.018463699999938,105.84566629999976,75.8366531698028
21.018463699999938,105.84596629999976,75.61536955945421
21.018463699999938,105.84626629999975,77.57182969968501
21.018463699999938,105.84656629999975,74.97806907518567
21.018463699999938,105.84686629999975,66.6416021672588
21.018463699999938,105.84716629999974,74.6809088735046
21.018463699999938,105.84746629999974,78.19265964017683
21.018463699999938,105.84776629999973,79.32145480923441
21.018463699999938,105.84806629999973,78.1812672448303
21.018463699999938,105.84836629999973,68.87192210565878
21.018463699999938,105.84866629999972,70.53546257723666
21.018463699999938,105.84896629999972,71.56494229742933
21.018463699999938,105.84926629999971,73.36586966278166
21.018463699999938,105.84956629999971,74.01686885928072
21.018463699999938,105.8498662999997,74.12068693032701
21.018463699999938,105.8501662999997,78.00833977715538
21.018463699999938,105.8504662999997,75.30409182631887
21.018463699999938,105.85076629999969,75.20516044989185
21.018463699999938,105.85106629999969,75.36911470071585
21.018463699999938,105.85136629999968,71.82740083662556
21.018463699999938,105.85166629999968,66.63352010872042
21.018463699999938,105.85196629999967,70.78604378673602
21.018463699999938,105.85226629999967,70.94116878559744
21.018463699999938,105.85256629999967,70.19335512057494
21.018463699999938,105.85286629999966,72.76484124762783
21.018463699999938,105.85316629999966,68.49604313098119
21.018463699999938,105.85346629999965,68.82770009028683
21.018463699999938,105.85376629999965,71.95012466010226
21.018463699999938,105.85406629999964,70.33338899948208
21.018463699999938,105.85436629999964,67.39189779976425
21.018463699999938,105.85466629999964,68.63658401401192
21.018463699999938,105.85496629999963,73.63803743152728
21.018463699999938,105.85526629999963,78.04764291801992
21.018463699999938,105.85556629999962,79.10846821420061
21.018463699999938,105.85586629999962,78.16359308654467
21.018463699999938,105.85616629999961,79.59480338483786
21.018463699999938,105.85646629999961,77.67319359400166
21.018463699999938,105.8567662999996,76.27734326220437
21.018463699999938,105.8570662999996,78.37648647835339
21.018463699999938,105.8573662999996,66.88126365394254
21.018463699999938,105.8576662999996,63.487343003897905
21.018763699999937,105.8291663,60.46339406429735
21.018763699999937,105.82946629999999,60.39083753737735
21.018763699999937,105.82976629999999,58.486514083088665
21.018763699999937,105.83006629999998,59.37190794891643
21.018763699999937,105.83036629999998,57.99201993586368
21.018763699999937,105.83066629999998,58.386380288706846
21.018763699999937,105.83096629999997,57.22879042054102
21.018763699999937,105.83126629999997,57.2144991861969
21.018763699999937,105.83156629999996,56.46039304743458
21.018763699999937,105.83186629999996,61.95786248939574
21.018763699999937,105.83216629999995,59.37658930059918
21.018763699999937,105.83246629999995,60.61789263511265
21.018763699999937,105.83276629999995,67.07418997287127
21.018763699999937,105.83306629999994,72.07802422724103
21.018763699999937,105.83336629999994,71.4937555307795
21.018763699999937,105.83366629999993,74.56145767512892
21.018763699999937,105.83396629999993,77.21486893841428
21.018763699999937,105.83426629999992,80.02729021596454
21.018763699999937,105.83456629999992,75.87346625743817
21.018763699999937,105.83486629999992,75.41454184590734
21.018763699999937,105.83516629999991,74.4176799157444
21.018763699999937,105.83546629999991,75.96034714521359
21.018763699999937,105.8357662999999,67.43543766710867
21.018763699999937,105.8360662999999,68.32057846498937
21.018763699999937,105.8363662999999,63.50374881790576
21.018763699999937,105.83666629999989,61.88888234346416
21.018763699999937,105.83696629999989,64.16986009700292
21.018763699999937,105.83726629999988,61.56188082865198
21.018763699999937,105.83756629999988,63.27388984855696
21.018763699999937,105.83786629999987,58.04833067040694
21.018763699999937,105.83816629999987,58.33368724720985
21.018763699999937,105.83846629999987,57.84255198439293
21.018763699999937,105.83876629999986,57.376883464919445
21.018763699999937,105.83906629999986,60.47218698346991
21.018763699999937,105.83936629999985,61.009796765438466
21.018763699999937,105.83966629999985,61.53927558472785
21.018763699999937,105.83996629999984,61.57992329377301
21.018763699999937,105.84026629999984,60.6860244573366
21.018763699999937,105.84056629999984,63.96426402765364
21.018763699999937,105.84086629999983,74.67095867873685
21.018763699999937,105.84116629999983,67.25861754023467
21.018763699999937,105.84146629999982,68.37784531302928
21.018763699999937,105.84176629999982,70.58093635208526
21.018763699999937,105.84206629999981,64.28210860669753
21.018763699999937,105.84236629999981,70.51298898769221
21.018763699999937,105.8426662999998,70.01748536366708
21.018763699999937,105.8429662999998,69.72441978734518
21.018763699999937,105.8432662999998,70.04954906295286
21.018763699999937,105.8435662999998,68.36638066268348
21.018763699999937,105.84386629999979,64.82235085268465
21.018763699999937,105.84416629999978,65.66503652129212
21.018763699999937,105.84446629999978,70.89780054565752
21.018763699999937,105.84476629999978,71.50989880284587
21.018763699999937,105.84506629999977,69.18675498308798
21.018763699999937,105.84536629999977,69.3608412960817
21.018763699999937,105.84566629999976,67.74269726807411
21.018763699999937,105.84596629999976,67.05302392907434
21.018763699999937,105.84626629999975,68.58209215432329
21.018763699999937,105.84656629999975,69.38380230281675
21.018763699999937,105.84686629999975,68.63367365359703
21.018763699999937,105.84716629999974,72.94025253465993
21.018763699999937,105.84746629999974,78.98182525824895
21.018763699999937,105.84776629999973,80.1487048111193
21.018763699999937,105.84806629999973,68.66018889517245
21.018763699999937,105.84836629999973,72.5220739199522
21.018763699999937,105.84866629999972,73.12879712974448
21.018763699999937,105.84896629999972,74.72835997773524
21.018763699999937,105.84926629999971,74.50216471799853
21.018763699999937,105.84956629999971,74.85973993249185
21.018763699999937,105.8498662999997,74.83852076265936
21.018763699999937,105.8501662999997,74.06715848371921
21.018763699999937,105.8504662999997,72.37135951037392
21.018763699999937,105.85076629999969,73.49497548833834
21.018763699999937,105.85106629999969,70.99308816187379
21.018763699999937,105.85136629999968,70.22704889426556
21.018763699999937,105.85166629999968,72.9297912583914
21.018763699999937,105.85196629999967,72.87928324812609
21.018763699999937,105.85226629999967,70.37935886821575
21.018763699999937,105.85256629999967,72.55912300927841
21.018763699999937,105.85286629999966,72.01008266806834
21.018763699999937,105.85316629999966,77.08069120413472
21.018763699999937,105.85346629999965,78.35473794875878
21.018763699999937,105.85376629999965,77.93375471216746
21.018763699999937,105.85406629999964,77.15011288022427
21.018763699999937,105.85436629999964,70.06369886902183
21.018763699999937,105.85466629999964,76.86886368264545
21.018763699999937,105.85496629999963,75.96307395034702
21.018763699999937,105.85526629999963,77.86926457114372
21.018763699999937,105.85556629999962,68.48490735462508
21.018763699999937,105.85586629999962,77.17634223918479
21.018763699999937,105.85616629999961,72.04666460073008
21.018763699999937,105.85646629999961,79.47387968328893
21.018763699999937,105.8567662999996,74.66304026016343
21.018763699999937,105.8570662999996,63.50341451076547
21.018763699999937,105.8573662999996,56.89363937136643
21.018763699999937,105.8576662999996,60.67715881277347
