latitude,longitude,noise_pred_dB
20.9920637,105.8291663,64.98886676927366
20.9920637,105.82946629999999,64.98886676927366
20.9920637,105.82976629999999,64.98886676927366
20.9920637,105.83006629999998,64.98886676927366
20.9920637,105.83036629999998,64.98886676927366
20.9920637,105.83066629999998,64.98886676927366
20.9920637,105.83096629999997,64.98886676927366
20.9920637,105.83126629999997,64.98886676927366
20.9920637,105.83156629999996,64.98886676927366
20.9920637,105.83186629999996,64.98886676927366
20.9920637,105.83216629999995,64.98886676927366
20.9920637,105.83246629999995,64.98886676927366
20.9920637,105.83276629999995,64.98886676927366
20.9920637,105.83306629999994,64.98886676927366
20.9920637,105.83336629999994,64.98886676927366
20.9920637,105.83366629999993,64.98886676927366
20.9920637,105.83396629999993,64.98886676927366
20.9920637,105.83426629999992,64.98886676927366
20.9920637,105.83456629999992,64.98886676927366
20.9920637,105.83486629999992,64.98886676927366
20.9920637,105.83516629999991,64.98886676927366
20.9920637,105.83546629999991,64.98886676927366
20.9920637,105.8357662999999,64.98886676927366
20.9920637,105.8360662999999,64.98886676927366
20.9920637,105.8363662999999,64.98886676927366
20.9920637,105.83666629999989,64.98886676927366
20.9920637,105.83696629999989,64.98886676927366
20.9920637,105.83726629999988,64.98886676927366
20.9920637,105.83756629999988,64.98886676927366
20.9920637,105.83786629999987,64.63255562600034
20.9920637,105.83816629999987,64.58499339873177
20.9920637,105.83846629999987,64.25548916396298
20.9920637,105.83876629999986,61.31809748919809
20.9920637,105.83906629999986,61.21406965161297
20.9920637,105.83936629999985,61.21406965161297
20.9920637,105.83966629999985,61.923876629659866
20.9920637,105.83996629999984,65.95309881942138
20.9920637,105.84026629999984,66.81821450859854
20.9920637,105.84056629999984,64.76933104976949
20.9920637,105.84086629999983,58.507026101757305
20.9920637,105.84116629999983,58.49662315734591
20.9920637,105.84146629999982,57.17818177976554
20.9920637,105.84176629999982,57.824157162636865
20.9920637,105.84206629999981,58.76499013781073
20.9920637,105.84236629999981,58.4007962851079
20.9920637,105.8426662999998,71.65945060500857
20.9920637,105.8429662999998,70.73495593854025
20.9920637,105.8432662999998,66.03188267759978
20.9920637,105.8435662999998,61.4556464768009
20.9920637,105.84386629999979,62.88158593882877
20.9920637,105.84416629999978,64.58499339873177
20.9920637,105.84446629999978,64.73991754885158
20.9920637,105.84476629999978,64.73991754885158
20.9920637,105.84506629999977,64.70369941579504
20.9920637,105.84536629999977,64.98886676927366
20.9920637,105.84566629999976,64.98886676927366
20.9920637,105.84596629999976,64.98886676927366
20.9920637,105.84626629999975,64.98886676927366
20.9920637,105.84656629999975,64.98886676927366
20.9920637,105.84686629999975,64.98886676927366
20.9920637,105.84716629999974,64.98886676927366
20.9920637,105.84746629999974,64.98886676927366
20.9920637,105.84776629999973,64.98886676927366
20.9920637,105.84806629999973,64.98886676927366
20.9920637,105.84836629999973,64.98886676927366
20.9920637,105.84866629999972,64.98886676927366
20.9920637,105.84896629999972,64.98886676927366
20.9920637,105.84926629999971,64.98886676927366
20.9920637,105.84956629999971,64.98886676927366
20.9920637,105.8498662999997,64.98886676927366
20.9920637,105.8501662999997,64.98886676927366
20.9920637,105.8504662999997,64.98886676927366
20.9920637,105.85076629999969,64.98886676927366
20.9920637,105.85106629999969,64.98886676927366
20.9920637,105.85136629999968,64.98886676927366
20.9920637,105.85166629999968,64.98886676927366
20.9920637,105.85196629999967,64.98886676927366
20.9920637,105.85226629999967,64.98886676927366
20.9920637,105.85256629999967,64.98886676927366
20.9920637,105.85286629999966,64.98886676927366
20.9920637,105.85316629999966,64.98886676927366
20.9920637,105.85346629999965,64.98886676927366
20.9920637,105.85376629999965,64.98886676927366
20.9920637,105.85406629999964,64.98886676927366
20.9920637,105.85436629999964,64.98886676927366
20.9920637,105.85466629999964,64.98886676927366
20.9920637,105.85496629999963,64.98886676927366
20.9920637,105.85526629999963,64.98886676927366
20.9920637,105.85556629999962,64.98886676927366
20.9920637,105.85586629999962,64.98886676927366
20.9920637,105.85616629999961,64.98886676927366
20.9920637,105.85646629999961,64.98886676927366
20.9920637,105.8567662999996,64.98886676927366
20.9920637,105.8570662999996,64.98886676927366
20.9920637,105.8573662999996,64.98886676927366
20.9920637,105.8576662999996,64.98886676927366
20.9923637,105.8291663,64.98886676927366
20.9923637,105.82946629999999,64.98886676927366
20.9923637,105.82976629999999,64.98886676927366
20.9923637,105.83006629999998,64.98886676927366
20.9923637,105.83036629999998,64.98886676927366
20.9923637,105.83066629999998,64.98886676927366
20.9923637,105.83096629999997,64.98886676927366
20.9923637,105.83126629999997,64.98886676927366
20.9923637,105.83156629999996,64.98886676927366
20.9923637,105.83186629999996,64.98886676927366
20.9923637,105.83216629999995,64.98886676927366
20.9923637,105.83246629999995,64.98886676927366
20.9923637,105.83276629999995,64.98886676927366
20.9923637,105.83306629999994,64.98886676927366
20.9923637,105.83336629999994,64.98886676927366
20.9923637,105.83366629999993,64.98886676927366
20.9923637,105.83396629999993,64.98886676927366
20.9923637,105.83426629999992,64.98886676927366
20.9923637,105.83456629999992,64.98886676927366
20.9923637,105.83486629999992,64.98886676927366
20.9923637,105.83516629999991,64.98886676927366
20.9923637,105.83546629999991,64.98886676927366
20.9923637,105.8357662999999,64.98886676927366
20.9923637,105.8360662999999,64.98886676927366
20.9923637,105.8363662999999,64.98886676927366
20.9923637,105.83666629999989,64.98886676927366
20.9923637,105.83696629999989,64.98886676927366
20.9923637,105.83726629999988,64.98886676927366
20.9923637,105.83756629999988,65.28211144936493
20.9923637,105.83786629999987,64.73991754885158
20.9923637,105.83816629999987,61.72543878969508
20.9923637,105.83846629999987,61.02762056779183
20.9923637,105.83876629999986,61.404079418452106
20.9923637,105.83906629999986,61.404079418452106
20.9923637,105.83936629999985,61.57159494135597
20.9923637,105.83966629999985,60.415943910233345
20.9923637,105.83996629999984,73.10412507934285
20.9923637,105.84026629999984,69.20706854255718
20.9923637,105.84056629999984,68.72987639338979
20.9923637,105.84086629999983,57.030211643133384
20.9923637,105.84116629999983,57.430079526118334
20.9923637,105.84146629999982,61.539553271724955
20.9923637,105.84176629999982,61.35364096006183
20.9923637,105.84206629999981,60.64717053709069
20.9923637,105.84236629999981,57.0902315961733
20.9923637,105.8426662999998,66.71554902025369
20.9923637,105.8429662999998,73.3222390084102
20.9923637,105.8432662999998,71.65428250498918
20.9923637,105.8435662999998,71.10037400462548
20.9923637,105.84386629999979,64.96547760786763
20.9923637,105.84416629999978,61.206572947796545
20.9923637,105.84446629999978,61.72543878969508
20.9923637,105.84476629999978,62.742019475271896
20.9923637,105.84506629999977,62.742019475271896
20.9923637,105.84536629999977,64.70369941579504
20.9923637,105.84566629999976,64.98886676927366
20.9923637,105.84596629999976,64.98886676927366
20.9923637,105.84626629999975,64.98886676927366
20.9923637,105.84656629999975,64.98886676927366
20.9923637,105.84686629999975,64.98886676927366
20.9923637,105.84716629999974,64.98886676927366
20.9923637,105.84746629999974,64.98886676927366
20.9923637,105.84776629999973,64.98886676927366
20.9923637,105.84806629999973,64.98886676927366
20.9923637,105.84836629999973,64.98886676927366
20.9923637,105.84866629999972,64.98886676927366
20.9923637,105.84896629999972,64.98886676927366
20.9923637,105.84926629999971,64.98886676927366
20.9923637,105.84956629999971,64.98886676927366
20.9923637,105.8498662999997,64.98886676927366
20.9923637,105.8501662999997,64.98886676927366
20.9923637,105.8504662999997,64.98886676927366
20.9923637,105.85076629999969,64.98886676927366
20.9923637,105.85106629999969,64.98886676927366
20.9923637,105.85136629999968,64.98886676927366
20.9923637,105.85166629999968,64.98886676927366
20.9923637,105.85196629999967,64.98886676927366
20.9923637,105.85226629999967,64.98886676927366
20.9923637,105.85256629999967,64.98886676927366
20.9923637,105.85286629999966,64.98886676927366
20.9923637,105.85316629999966,64.98886676927366
20.9923637,105.85346629999965,64.98886676927366
20.9923637,105.85376629999965,64.98886676927366
20.9923637,105.85406629999964,64.98886676927366
20.9923637,105.85436629999964,64.98886676927366
20.9923637,105.85466629999964,64.98886676927366
20.9923637,105.85496629999963,64.98886676927366
20.9923637,105.85526629999963,64.98886676927366
20.9923637,105.85556629999962,64.98886676927366
20.9923637,105.85586629999962,64.98886676927366
20.9923637,105.85616629999961,64.98886676927366
20.9923637,105.85646629999961,64.98886676927366
20.9923637,105.8567662999996,64.98886676927366
20.9923637,105.8570662999996,64.98886676927366
20.9923637,105.8573662999996,64.98886676927366
20.9923637,105.8576662999996,64.98886676927366
20.992663699999998,105.8291663,64.98886676927366
20.992663699999998,105.82946629999999,64.98886676927366
20.992663699999998,105.82976629999999,64.98886676927366
20.992663699999998,105.83006629999998,64.98886676927366
20.992663699999998,105.83036629999998,64.98886676927366
20.992663699999998,105.83066629999998,64.98886676927366
20.992663699999998,105.83096629999997,64.98886676927366
20.992663699999998,105.83126629999997,64.98886676927366
20.992663699999998,105.83156629999996,64.98886676927366
20.992663699999998,105.83186629999996,64.98886676927366
20.992663699999998,105.83216629999995,64.98886676927366
20.992663699999998,105.83246629999995,64.98886676927366
20.992663699999998,105.83276629999995,64.98886676927366
20.992663699999998,105.83306629999994,64.98886676927366
20.992663699999998,105.83336629999994,64.98886676927366
20.992663699999998,105.83366629999993,64.98886676927366
20.992663699999998,105.83396629999993,64.98886676927366
20.992663699999998,105.83426629999992,64.98886676927366
20.992663699999998,105.83456629999992,64.98886676927366
20.992663699999998,105.83486629999992,64.98886676927366
20.992663699999998,105.83516629999991,64.98886676927366
20.992663699999998,105.83546629999991,64.98886676927366
20.992663699999998,105.8357662999999,64.98886676927366
20.992663699999998,105.8360662999999,64.98886676927366
20.992663699999998,105.8363662999999,64.98886676927366
20.992663699999998,105.83666629999989,64.98886676927366
20.992663699999998,105.83696629999989,64.98886676927366
20.992663699999998,105.83726629999988,64.98886676927366
20.992663699999998,105.83756629999988,64.52652017776704
20.992663699999998,105.83786629999987,62.742019475271896
20.992663699999998,105.83816629999987,61.046554128709104
20.992663699999998,105.83846629999987,60.86662614584915
20.992663699999998,105.83876629999986,60.61788849324596
20.992663699999998,105.83906629999986,60.40150240652943
20.992663699999998,105.83936629999985,58.37928236457248
20.992663699999998,105.83966629999985,62.477816454116436
20.992663699999998,105.83996629999984,69.65275332462929
20.992663699999998,105.84026629999984,71.2601629113544
20.992663699999998,105.84056629999984,64.28679771383871
20.992663699999998,105.84086629999983,73.10790342324836
20.992663699999998,105.84116629999983,60.82439190491903
20.992663699999998,105.84146629999982,58.170672687106304
20.992663699999998,105.84176629999982,58.86296495534248
20.992663699999998,105.84206629999981,60.07082182675095
20.992663699999998,105.84236629999981,68.81227796777841
20.992663699999998,105.8426662999998,73.68187922855964
20.992663699999998,105.8429662999998,64.66800500275957
20.992663699999998,105.8432662999998,62.392381381480035
20.992663699999998,105.8435662999998,68.00294221699858
20.992663699999998,105.84386629999979,65.52492964570592
20.992663699999998,105.84416629999978,61.09043845748847
20.992663699999998,105.84446629999978,60.67009527804883
20.992663699999998,105.84476629999978,60.52847251057947
20.992663699999998,105.84506629999977,60.714107067916636
20.992663699999998,105.84536629999977,61.84422756359356
20.992663699999998,105.84566629999976,64.52652017776704
20.992663699999998,105.84596629999976,64.98886676927366
20.992663699999998,105.84626629999975,64.98886676927366
20.992663699999998,105.84656629999975,64.98886676927366
20.992663699999998,105.84686629999975,64.98886676927366
20.992663699999998,105.84716629999974,64.98886676927366
20.992663699999998,105.84746629999974,64.98886676927366
20.992663699999998,105.84776629999973,64.98886676927366
20.992663699999998,105.84806629999973,64.98886676927366
20.992663699999998,105.84836629999973,64.98886676927366
20.992663699999998,105.84866629999972,64.98886676927366
20.992663699999998,105.84896629999972,64.98886676927366
20.992663699999998,105.84926629999971,65.20227778376376
20.992663699999998,105.84956629999971,65.25421141260075
20.992663699999998,105.8498662999997,65.20227778376376
20.992663699999998,105.8501662999997,64.98886676927366
20.992663699999998,105.8504662999997,64.98886676927366
20.992663699999998,105.85076629999969,64.98886676927366
20.992663699999998,105.85106629999969,64.98886676927366
20.992663699999998,105.85136629999968,64.98886676927366
20.992663699999998,105.85166629999968,64.98886676927366
20.992663699999998,105.85196629999967,64.98886676927366
20.992663699999998,105.85226629999967,64.98886676927366
20.992663699999998,105.85256629999967,64.98886676927366
20.992663699999998,105.85286629999966,64.98886676927366
20.992663699999998,105.85316629999966,64.98886676927366
20.992663699999998,105.85346629999965,64.98886676927366
20.992663699999998,105.85376629999965,64.98886676927366
20.992663699999998,105.85406629999964,64.98886676927366
20.992663699999998,105.85436629999964,64.98886676927366
20.992663699999998,105.85466629999964,64.98886676927366
20.992663699999998,105.85496629999963,64.98886676927366
20.992663699999998,105.85526629999963,64.98886676927366
20.992663699999998,105.85556629999962,64.98886676927366
20.992663699999998,105.85586629999962,64.98886676927366
20.992663699999998,105.85616629999961,64.98886676927366
20.992663699999998,105.85646629999961,64.98886676927366
20.992663699999998,105.8567662999996,64.98886676927366
20.992663699999998,105.8570662999996,64.98886676927366
20.992663699999998,105.8573662999996,64.98886676927366
20.992663699999998,105.8576662999996,64.98886676927366
20.992963699999997,105.8291663,65.2240359189508
20.992963699999997,105.82946629999999,65.15638229217754
20.992963699999997,105.82976629999999,65.15638229217754
20.992963699999997,105.83006629999998,64.98886676927366
20.992963699999997,105.83036629999998,64.98886676927366
20.992963699999997,105.83066629999998,64.98886676927366
20.992963699999997,105.83096629999997,64.98886676927366
20.992963699999997,105.83126629999997,64.98886676927366
20.992963699999997,105.83156629999996,64.98886676927366
20.992963699999997,105.83186629999996,64.98886676927366
20.992963699999997,105.83216629999995,64.98886676927366
20.992963699999997,105.83246629999995,64.98886676927366
20.992963699999997,105.83276629999995,64.98886676927366
20.992963699999997,105.83306629999994,64.98886676927366
20.992963699999997,105.83336629999994,64.98886676927366
20.992963699999997,105.83366629999993,64.98886676927366
20.992963699999997,105.83396629999993,64.98886676927366
20.992963699999997,105.83426629999992,64.98886676927366
20.992963699999997,105.83456629999992,64.98886676927366
20.992963699999997,105.83486629999992,64.98886676927366
20.992963699999997,105.83516629999991,64.98886676927366
20.992963699999997,105.83546629999991,64.98886676927366
20.992963699999997,105.8357662999999,64.98886676927366
20.992963699999997,105.8360662999999,64.98886676927366
20.992963699999997,105.8363662999999,64.98886676927366
20.992963699999997,105.83666629999989,64.98886676927366
20.992963699999997,105.83696629999989,64.98886676927366
20.992963699999997,105.83726629999988,64.98886676927366
20.992963699999997,105.83756629999988,64.58499339873177
20.992963699999997,105.83786629999987,61.31809748919809
20.992963699999997,105.83816629999987,60.800628187164655
20.992963699999997,105.83846629999987,60.61788849324596
20.992963699999997,105.83876629999986,57.80698349743674
20.992963699999997,105.83906629999986,57.64600111249087
20.992963699999997,105.83936629999985,57.72417737680726
20.992963699999997,105.83966629999985,70.57958236333617
20.992963699999997,105.83996629999984,72.15725825212938
20.992963699999997,105.84026629999984,68.46096067216985
20.992963699999997,105.84056629999984,70.95795709260167
20.992963699999997,105.84086629999983,68.81227796777841
20.992963699999997,105.84116629999983,67.424588726813
20.992963699999997,105.84146629999982,65.97463572762383
20.992963699999997,105.84176629999982,56.98119044278584
20.992963699999997,105.84206629999981,58.3664554474881
20.992963699999997,105.84236629999981,64.31297242925218
20.992963699999997,105.8426662999998,69.54467242274539
20.992963699999997,105.8429662999998,64.02469072549488
20.992963699999997,105.8432662999998,66.0319407492726
20.992963699999997,105.8435662999998,67.22011824097977
20.992963699999997,105.84386629999979,59.0521888518928
20.992963699999997,105.84416629999978,59.34788960676263
20.992963699999997,105.84446629999978,58.865828830125295
20.992963699999997,105.84476629999978,60.166759058322484
20.992963699999997,105.84506629999977,60.166759058322484
20.992963699999997,105.84536629999977,61.386679837329936
20.992963699999997,105.84566629999976,61.84422756359356
20.992963699999997,105.84596629999976,64.70369941579504
20.992963699999997,105.84626629999975,65.28211144936493
20.992963699999997,105.84656629999975,64.98886676927366
20.992963699999997,105.84686629999975,64.98886676927366
20.992963699999997,105.84716629999974,64.98886676927366
20.992963699999997,105.84746629999974,64.98886676927366
20.992963699999997,105.84776629999973,64.98886676927366
20.992963699999997,105.84806629999973,64.98886676927366
20.992963699999997,105.84836629999973,64.98886676927366
20.992963699999997,105.84866629999972,64.98886676927366
20.992963699999997,105.84896629999972,64.98886676927366
20.992963699999997,105.84926629999971,63.26485936032988
20.992963699999997,105.84956629999971,71.71439911079632
20.992963699999997,105.8498662999997,64.00034172401269
20.992963699999997,105.8501662999997,64.98886676927366
20.992963699999997,105.8504662999997,64.98886676927366
20.992963699999997,105.85076629999969,64.98886676927366
20.992963699999997,105.85106629999969,64.98886676927366
20.992963699999997,105.85136629999968,64.98886676927366
20.992963699999997,105.85166629999968,64.98886676927366
20.992963699999997,105.85196629999967,64.98886676927366
20.992963699999997,105.85226629999967,64.98886676927366
20.992963699999997,105.85256629999967,64.98886676927366
20.992963699999997,105.85286629999966,64.98886676927366
20.992963699999997,105.85316629999966,64.98886676927366
20.992963699999997,105.85346629999965,64.98886676927366
20.992963699999997,105.85376629999965,64.98886676927366
20.992963699999997,105.85406629999964,64.98886676927366
20.992963699999997,105.85436629999964,64.98886676927366
20.992963699999997,105.85466629999964,64.98886676927366
20.992963699999997,105.85496629999963,64.98886676927366
20.992963699999997,105.85526629999963,64.98886676927366
20.992963699999997,105.85556629999962,64.98886676927366
20.992963699999997,105.85586629999962,64.98886676927366
20.992963699999997,105.85616629999961,64.98886676927366
20.992963699999997,105.85646629999961,64.98886676927366
20.992963699999997,105.8567662999996,65.06481374818483
20.992963699999997,105.8570662999996,65.25421141260075
20.992963699999997,105.8573662999996,65.25916944431644
20.992963699999997,105.8576662999996,65.06481374818483
20.993263699999996,105.8291663,64.48100757905803
20.993263699999996,105.82946629999999,65.2240359189508
20.993263699999996,105.82976629999999,65.2240359189508
20.993263699999996,105.83006629999998,65.15638229217754
20.993263699999996,105.83036629999998,64.98886676927366
20.993263699999996,105.83066629999998,64.98886676927366
20.993263699999996,105.83096629999997,64.98886676927366
20.993263699999996,105.83126629999997,64.98886676927366
20.993263699999996,105.83156629999996,64.98886676927366
20.993263699999996,105.83186629999996,64.98886676927366
20.993263699999996,105.83216629999995,64.98886676927366
20.993263699999996,105.83246629999995,64.98886676927366
20.993263699999996,105.83276629999995,64.98886676927366
20.993263699999996,105.83306629999994,64.98886676927366
20.993263699999996,105.83336629999994,64.98886676927366
20.993263699999996,105.83366629999993,64.98886676927366
20.993263699999996,105.83396629999993,64.98886676927366
20.993263699999996,105.83426629999992,64.98886676927366
20.993263699999996,105.83456629999992,64.98886676927366
20.993263699999996,105.83486629999992,64.98886676927366
20.993263699999996,105.83516629999991,64.98886676927366
20.993263699999996,105.83546629999991,64.98886676927366
20.993263699999996,105.8357662999999,64.98886676927366
20.993263699999996,105.8360662999999,64.98886676927366
20.993263699999996,105.8363662999999,64.98886676927366
20.993263699999996,105.83666629999989,64.98886676927366
20.993263699999996,105.83696629999989,64.98886676927366
20.993263699999996,105.83726629999988,64.63255562600034
20.993263699999996,105.83756629999988,62.742019475271896
20.993263699999996,105.83786629999987,61.01197709645313
20.993263699999996,105.83816629999987,61.0447573498219
20.993263699999996,105.83846629999987,57.54301827594408
20.993263699999996,105.83876629999986,61.003696448933844
20.993263699999996,105.83906629999986,61.451769961285635
20.993263699999996,105.83936629999985,60.02536825006921
20.993263699999996,105.83966629999985,72.031627111291
20.993263699999996,105.83996629999984,66.20661546424486
20.993263699999996,105.84026629999984,66.8169932894903
20.993263699999996,105.84056629999984,62.56836136425616
20.993263699999996,105.84086629999983,70.56671916893224
20.993263699999996,105.84116629999983,63.92137654890488
20.993263699999996,105.84146629999982,66.6431026003902
20.993263699999996,105.84176629999982,63.4673743434286
20.993263699999996,105.84206629999981,58.30162658779035
20.993263699999996,105.84236629999981,58.383372155122466
20.993263699999996,105.8426662999998,68.72645497429804
20.993263699999996,105.8429662999998,68.3486264528182
20.993263699999996,105.8432662999998,74.36627327959462
20.993263699999996,105.8435662999998,71.02039327165528
20.993263699999996,105.84386629999979,57.10120560914389
20.993263699999996,105.84416629999978,57.53210445686184
20.993263699999996,105.84446629999978,57.478012305104954
20.993263699999996,105.84476629999978,57.52488031766261
20.993263699999996,105.84506629999977,58.51874521352012
20.993263699999996,105.84536629999977,59.34163496648316
20.993263699999996,105.84566629999976,60.57784273141519
20.993263699999996,105.84596629999976,60.763477288752355
20.993263699999996,105.84626629999975,64.25548916396298
20.993263699999996,105.84656629999975,64.52652017776704
20.993263699999996,105.84686629999975,64.98886676927366
20.993263699999996,105.84716629999974,64.98886676927366
20.993263699999996,105.84746629999974,64.98886676927366
20.993263699999996,105.84776629999973,64.98886676927366
20.993263699999996,105.84806629999973,65.25421141260075
20.993263699999996,105.84836629999973,64.90826807717086
20.993263699999996,105.84866629999972,65.25421141260075
20.993263699999996,105.84896629999972,64.98886676927366
20.993263699999996,105.84926629999971,63.26485936032988
20.993263699999996,105.84956629999971,70.699911328122
20.993263699999996,105.8498662999997,63.26485936032988
20.993263699999996,105.8501662999997,64.98886676927366
20.993263699999996,105.8504662999997,64.98886676927366
20.993263699999996,105.85076629999969,64.98886676927366
20.993263699999996,105.85106629999969,64.98886676927366
20.993263699999996,105.85136629999968,64.98886676927366
20.993263699999996,105.85166629999968,64.98886676927366
20.993263699999996,105.85196629999967,64.98886676927366
20.993263699999996,105.85226629999967,64.98886676927366
20.993263699999996,105.85256629999967,64.98886676927366
20.993263699999996,105.85286629999966,64.98886676927366
20.993263699999996,105.85316629999966,64.98886676927366
20.993263699999996,105.85346629999965,64.98886676927366
20.993263699999996,105.85376629999965,64.98886676927366
20.993263699999996,105.85406629999964,64.98886676927366
20.993263699999996,105.85436629999964,64.98886676927366
20.993263699999996,105.85466629999964,64.98886676927366
20.993263699999996,105.85496629999963,64.98886676927366
20.993263699999996,105.85526629999963,64.98886676927366
20.993263699999996,105.85556629999962,64.98886676927366
20.993263699999996,105.85586629999962,64.98886676927366
20.993263699999996,105.85616629999961,64.98886676927366
20.993263699999996,105.85646629999961,65.06481374818483
20.993263699999996,105.8567662999996,66.87128723111546
20.993263699999996,105.8570662999996,71.71439911079632
20.993263699999996,105.8573662999996,71.70575231146445
20.993263699999996,105.8576662999996,67.17945188336387
20.993563699999996,105.8291663,64.31073357963362
20.993563699999996,105.82946629999999,64.46645226195677
20.993563699999996,105.82976629999999,65.2240359189508
20.993563699999996,105.83006629999998,65.2240359189508
20.993563699999996,105.83036629999998,65.15638229217754
20.993563699999996,105.83066629999998,64.98886676927366
20.993563699999996,105.83096629999997,64.98886676927366
20.993563699999996,105.83126629999997,64.98886676927366
20.993563699999996,105.83156629999996,64.98886676927366
20.993563699999996,105.83186629999996,64.98886676927366
20.993563699999996,105.83216629999995,64.98886676927366
20.993563699999996,105.83246629999995,64.98886676927366
20.993563699999996,105.83276629999995,64.98886676927366
20.993563699999996,105.83306629999994,64.98886676927366
20.993563699999996,105.83336629999994,64.98886676927366
20.993563699999996,105.83366629999993,64.98886676927366
20.993563699999996,105.83396629999993,64.98886676927366
20.993563699999996,105.83426629999992,64.98886676927366
20.993563699999996,105.83456629999992,64.98886676927366
20.993563699999996,105.83486629999992,64.98886676927366
20.993563699999996,105.83516629999991,64.98886676927366
20.993563699999996,105.83546629999991,64.98886676927366
20.993563699999996,105.8357662999999,64.98886676927366
20.993563699999996,105.8360662999999,64.98886676927366
20.993563699999996,105.8363662999999,64.98886676927366
20.993563699999996,105.83666629999989,64.98886676927366
20.993563699999996,105.83696629999989,64.98886676927366
20.993563699999996,105.83726629999988,64.58317539242866
20.993563699999996,105.83756629999988,61.72543878969508
20.993563699999996,105.83786629999987,60.800088997170654
20.993563699999996,105.83816629999987,58.6257174406528
20.993563699999996,105.83846629999987,57.52285196765082
20.993563699999996,105.83876629999986,60.734460121499154
20.993563699999996,105.83906629999986,58.34947263674577
20.993563699999996,105.83936629999985,63.92673807314039
20.993563699999996,105.83966629999985,68.6887235935894
20.993563699999996,105.83996629999984,71.14870267273915
20.993563699999996,105.84026629999984,71.9381772704137
20.993563699999996,105.84056629999984,64.18329225507125
20.993563699999996,105.84086629999983,68.31663871606132
20.993563699999996,105.84116629999983,67.0035623743914
20.993563699999996,105.84146629999982,65.24241484469403
20.993563699999996,105.84176629999982,66.19631146070822
20.993563699999996,105.84206629999981,57.55645374817477
20.993563699999996,105.84236629999981,58.8280324291208
20.993563699999996,105.8426662999998,56.671849944536554
20.993563699999996,105.8429662999998,66.33667164215835
20.993563699999996,105.8432662999998,72.1774791647315
20.993563699999996,105.8435662999998,68.44106281842136
20.993563699999996,105.84386629999979,70.47759341667944
20.993563699999996,105.84416629999978,63.0667175250327
20.993563699999996,105.84446629999978,57.51938821985285
20.993563699999996,105.84476629999978,57.74171652106327
20.993563699999996,105.84506629999977,58.33800321104383
20.993563699999996,105.84536629999977,59.69577911974881
20.993563699999996,105.84566629999976,60.23654610879101
20.993563699999996,105.84596629999976,60.23654610879101
20.993563699999996,105.84626629999975,61.72543878969508
20.993563699999996,105.84656629999975,64.25548916396298
20.993563699999996,105.84686629999975,64.52652017776704
20.993563699999996,105.84716629999974,64.9194248136123
20.993563699999996,105.84746629999974,64.98886676927366
20.993563699999996,105.84776629999973,64.98886676927366
20.993563699999996,105.84806629999973,63.26485936032988
20.993563699999996,105.84836629999973,70.9398858659197
20.993563699999996,105.84866629999972,63.91622200342456
20.993563699999996,105.84896629999972,64.98886676927366
20.993563699999996,105.84926629999971,64.00034172401269
20.993563699999996,105.84956629999971,71.24965971118829
20.993563699999996,105.8498662999997,63.26485936032988
20.993563699999996,105.8501662999997,65.28211144936493
20.993563699999996,105.8504662999997,65.28211144936493
20.993563699999996,105.85076629999969,64.98886676927366
20.993563699999996,105.85106629999969,64.98886676927366
20.993563699999996,105.85136629999968,64.98886676927366
20.993563699999996,105.85166629999968,64.98886676927366
20.993563699999996,105.85196629999967,64.98886676927366
20.993563699999996,105.85226629999967,64.98886676927366
20.993563699999996,105.85256629999967,64.98886676927366
20.993563699999996,105.85286629999966,64.98886676927366
20.993563699999996,105.85316629999966,64.98886676927366
20.993563699999996,105.85346629999965,64.98886676927366
20.993563699999996,105.85376629999965,64.98886676927366
20.993563699999996,105.85406629999964,64.98886676927366
20.993563699999996,105.85436629999964,64.98886676927366
20.993563699999996,105.85466629999964,64.98886676927366
20.993563699999996,105.85496629999963,64.98886676927366
20.993563699999996,105.85526629999963,64.98886676927366
20.993563699999996,105.85556629999962,64.98886676927366
20.993563699999996,105.85586629999962,64.98886676927366
20.993563699999996,105.85616629999961,65.20227778376376
20.993563699999996,105.85646629999961,63.26485936032988
20.993563699999996,105.8567662999996,71.55182785046054
20.993563699999996,105.8570662999996,66.95627954108238
20.993563699999996,105.8573662999996,67.17945188336387
20.993563699999996,105.8576662999996,68.89279196122845
20.993863699999995,105.8291663,64.90433782226314
20.993863699999995,105.82946629999999,64.6187627493436
20.993863699999995,105.82976629999999,64.48100757905803
20.993863699999995,105.83006629999998,65.2240359189508
20.993863699999995,105.83036629999998,65.2240359189508
20.993863699999995,105.83066629999998,64.98886676927366
20.993863699999995,105.83096629999997,64.98886676927366
20.993863699999995,105.83126629999997,64.98886676927366
20.993863699999995,105.83156629999996,64.98886676927366
20.993863699999995,105.83186629999996,64.98886676927366
20.993863699999995,105.83216629999995,64.98886676927366
20.993863699999995,105.83246629999995,64.98886676927366
20.993863699999995,105.83276629999995,64.98886676927366
20.993863699999995,105.83306629999994,64.98886676927366
20.993863699999995,105.83336629999994,64.98886676927366
20.993863699999995,105.83366629999993,64.98886676927366
20.993863699999995,105.83396629999993,64.98886676927366
20.993863699999995,105.83426629999992,64.98886676927366
20.993863699999995,105.83456629999992,64.98886676927366
20.993863699999995,105.83486629999992,64.98886676927366
20.993863699999995,105.83516629999991,64.98886676927366
20.993863699999995,105.83546629999991,64.98886676927366
20.993863699999995,105.8357662999999,64.98886676927366
20.993863699999995,105.8360662999999,64.98886676927366
20.993863699999995,105.8363662999999,65.06481374818483
20.993863699999995,105.83666629999989,63.26485936032988
20.993863699999995,105.83696629999989,65.25421141260075
20.993863699999995,105.83726629999988,64.8688358134455
20.993863699999995,105.83756629999988,61.21096871411936
20.993863699999995,105.83786629999987,60.71995224152267
20.993863699999995,105.83816629999987,58.375857474821814
20.993863699999995,105.83846629999987,59.57578835523025
20.993863699999995,105.83876629999986,56.59288477983912
20.993863699999995,105.83906629999986,67.30526844342812
20.993863699999995,105.83936629999985,66.26173796254419
20.993863699999995,105.83966629999985,60.56595362149028
20.993863699999995,105.83996629999984,71.00005761626095
20.993863699999995,105.84026629999984,66.91300518108397
20.993863699999995,105.84056629999984,62.65501755979252
20.993863699999995,105.84086629999983,66.21968469590477
20.993863699999995,105.84116629999983,62.653860339736305
20.993863699999995,105.84146629999982,60.881770926811626
20.993863699999995,105.84176629999982,60.62449971960905
20.993863699999995,105.84206629999981,62.458739712027864
20.993863699999995,105.84236629999981,57.76822951051965
20.993863699999995,105.8426662999998,67.94439913134289
20.993863699999995,105.8429662999998,66.62051535961308
20.993863699999995,105.8432662999998,56.645918161139306
20.993863699999995,105.8435662999998,68.06909686839869
20.993863699999995,105.84386629999979,73.5169442160451
20.993863699999995,105.84416629999978,66.507471193793
20.993863699999995,105.84446629999978,67.55657810929938
20.993863699999995,105.84476629999978,56.86426880404045
20.993863699999995,105.84506629999977,57.60908351291813
20.993863699999995,105.84536629999977,58.79235457410392
20.993863699999995,105.84566629999976,60.94380500711094
20.993863699999995,105.84596629999976,60.40363350607162
20.993863699999995,105.84626629999975,58.08004252184049
20.993863699999995,105.84656629999975,56.414208125872484
20.993863699999995,105.84686629999975,59.3419115204154
20.993863699999995,105.84716629999974,62.18691901223879
20.993863699999995,105.84746629999974,62.023781312363994
20.993863699999995,105.84776629999973,60.721247309533645
20.993863699999995,105.84806629999973,60.8108329802706
20.993863699999995,105.84836629999973,71.20149648580899
20.993863699999995,105.84866629999972,63.26485936032988
20.993863699999995,105.84896629999972,64.98886676927366
20.993863699999995,105.84926629999971,65.25421141260075
20.993863699999995,105.84956629999971,73.20822034456391
20.993863699999995,105.8498662999997,66.87821525911963
20.993863699999995,105.8501662999997,64.74831179007911
20.993863699999995,105.8504662999997,64.58317539242866
20.993863699999995,105.85076629999969,64.58317539242866
20.993863699999995,105.85106629999969,64.63255562600034
20.993863699999995,105.85136629999968,65.28211144936493
20.993863699999995,105.85166629999968,64.98886676927366
20.993863699999995,105.85196629999967,64.98886676927366
20.993863699999995,105.85226629999967,65.24702595844751
20.993863699999995,105.85256629999967,65.25421141260075
20.993863699999995,105.85286629999966,65.25421141260075
20.993863699999995,105.85316629999966,64.98886676927366
20.993863699999995,105.85346629999965,64.98886676927366
20.993863699999995,105.85376629999965,64.98886676927366
20.993863699999995,105.85406629999964,64.98886676927366
20.993863699999995,105.85436629999964,64.98886676927366
20.993863699999995,105.85466629999964,64.63255562600034
20.993863699999995,105.85496629999963,64.52652017776704
20.993863699999995,105.85526629999963,65.28211144936493
20.993863699999995,105.85556629999962,64.98886676927366
20.993863699999995,105.85586629999962,64.98886676927366
20.993863699999995,105.85616629999961,65.06481374818483
20.993863699999995,105.85646629999961,67.24200167556451
20.993863699999995,105.8567662999996,67.23238341672193
20.993863699999995,105.8570662999996,67.17945188336387
20.993863699999995,105.8573662999996,70.67648230390634
20.993863699999995,105.8576662999996,66.87128723111546
20.994163699999994,105.8291663,64.19617235787463
20.994163699999994,105.82946629999999,64.71397136508872
20.994163699999994,105.82976629999999,64.6187627493436
20.994163699999994,105.83006629999998,64.48100757905803
20.994163699999994,105.83036629999998,65.2240359189508
20.994163699999994,105.83066629999998,65.15638229217754
20.994163699999994,105.83096629999997,64.98886676927366
20.994163699999994,105.83126629999997,64.98886676927366
20.994163699999994,105.83156629999996,64.98886676927366
20.994163699999994,105.83186629999996,64.98886676927366
20.994163699999994,105.83216629999995,64.98886676927366
20.994163699999994,105.83246629999995,64.98886676927366
20.994163699999994,105.83276629999995,64.98886676927366
20.994163699999994,105.83306629999994,64.98886676927366
20.994163699999994,105.83336629999994,64.98886676927366
20.994163699999994,105.83366629999993,64.98886676927366
20.994163699999994,105.83396629999993,64.98886676927366
20.994163699999994,105.83426629999992,64.98886676927366
20.994163699999994,105.83456629999992,64.98886676927366
20.994163699999994,105.83486629999992,64.98886676927366
20.994163699999994,105.83516629999991,64.98886676927366
20.994163699999994,105.83546629999991,64.98886676927366
20.994163699999994,105.8357662999999,64.98886676927366
20.994163699999994,105.8360662999999,64.98886676927366
20.994163699999994,105.8363662999999,65.25421141260075
20.994163699999994,105.83666629999989,72.52699274662648
20.994163699999994,105.83696629999989,66.88815739398733
20.994163699999994,105.83726629999988,67.12278172660366
20.994163699999994,105.83756629999988,67.89595081203026
20.994163699999994,105.83786629999987,70.59391664826566
20.994163699999994,105.83816629999987,68.61862655759599
20.994163699999994,105.83846629999987,75.15077595953001
20.994163699999994,105.83876629999986,71.65177964566034
20.994163699999994,105.83906629999986,65.15223189258339
20.994163699999994,105.83936629999985,56.949260927069666
20.994163699999994,105.83966629999985,56.59288477983912
20.994163699999994,105.83996629999984,63.92003235270837
20.994163699999994,105.84026629999984,68.74904221507515
20.994163699999994,105.84056629999984,62.066827054071034
20.994163699999994,105.84086629999983,66.34479290405103
20.994163699999994,105.84116629999983,62.29806252078768
20.994163699999994,105.84146629999982,61.00541942630187
20.994163699999994,105.84176629999982,55.204397427442565
20.994163699999994,105.84206629999981,60.854492855118124
20.994163699999994,105.84236629999981,61.54102796632084
20.994163699999994,105.8426662999998,62.56836136425616
20.994163699999994,105.8429662999998,58.39388880075334
20.994163699999994,105.8432662999998,66.6431026003902
20.994163699999994,105.8435662999998,62.12026975136217
20.994163699999994,105.84386629999979,67.14720430917326
20.994163699999994,105.84416629999978,70.56692378866414
20.994163699999994,105.84446629999978,68.5327483833589
20.994163699999994,105.84476629999978,69.32108782453743
20.994163699999994,105.84506629999977,60.71985179169245
20.994163699999994,105.84536629999977,56.5818632074376
20.994163699999994,105.84566629999976,57.16088805768785
20.994163699999994,105.84596629999976,59.25687396490148
20.994163699999994,105.84626629999975,60.83062043283852
20.994163699999994,105.84656629999975,58.2214524814333
20.994163699999994,105.84686629999975,55.64132417386572
20.994163699999994,105.84716629999974,56.055418837763995
20.994163699999994,105.84746629999974,59.76726942390069
20.994163699999994,105.84776629999973,64.19509763234863
20.994163699999994,105.84806629999973,67.8146857047204
20.994163699999994,105.84836629999973,63.86213619342812
20.994163699999994,105.84866629999972,64.1237860271182
20.994163699999994,105.84896629999972,61.80351280304818
20.994163699999994,105.84926629999971,65.59310922215387
20.994163699999994,105.84956629999971,72.79813933033128
20.994163699999994,105.8498662999997,66.98690586121077
20.994163699999994,105.8501662999997,64.77206687561274
20.994163699999994,105.8504662999997,64.22091213170702
20.994163699999994,105.85076629999969,64.22091213170702
20.994163699999994,105.85106629999969,64.58499339873177
20.994163699999994,105.85136629999968,64.70369941579504
20.994163699999994,105.85166629999968,64.70369941579504
20.994163699999994,105.85196629999967,64.52652017776704
20.994163699999994,105.85226629999967,64.49114866187925
20.994163699999994,105.85256629999967,67.28419394148924
20.994163699999994,105.85286629999966,67.72886674926896
20.994163699999994,105.85316629999966,65.39875352602226
20.994163699999994,105.85346629999965,64.98886676927366
20.994163699999994,105.85376629999965,65.28211144936493
20.994163699999994,105.85406629999964,65.28211144936493
20.994163699999994,105.85436629999964,64.63255562600034
20.994163699999994,105.85466629999964,64.52652017776704
20.994163699999994,105.85496629999963,64.52652017776704
20.994163699999994,105.85526629999963,64.52652017776704
20.994163699999994,105.85556629999962,64.63255562600034
20.994163699999994,105.85586629999962,65.28211144936493
20.994163699999994,105.85616629999961,65.06481374818483
20.994163699999994,105.85646629999961,67.24200167556451
20.994163699999994,105.8567662999996,72.38595928405194
20.994163699999994,105.8570662999996,70.699911328122
20.994163699999994,105.8573662999996,67.24200167556451
20.994163699999994,105.8576662999996,65.06481374818483
20.994463699999994,105.8291663,63.03242874383416
20.994463699999994,105.82946629999999,63.49118195037006
20.994463699999994,105.82976629999999,64.6187627493436
20.994463699999994,105.83006629999998,64.48100757905803
20.994463699999994,105.83036629999998,64.48100757905803
20.994463699999994,105.83066629999998,65.2240359189508
20.994463699999994,105.83096629999997,65.15638229217754
20.994463699999994,105.83126629999997,64.98886676927366
20.994463699999994,105.83156629999996,64.98886676927366
20.994463699999994,105.83186629999996,64.98886676927366
20.994463699999994,105.83216629999995,64.98886676927366
20.994463699999994,105.83246629999995,64.98886676927366
20.994463699999994,105.83276629999995,64.98886676927366
20.994463699999994,105.83306629999994,64.98886676927366
20.994463699999994,105.83336629999994,64.98886676927366
20.994463699999994,105.83366629999993,64.98886676927366
20.994463699999994,105.83396629999993,64.98886676927366
20.994463699999994,105.83426629999992,64.98886676927366
20.994463699999994,105.83456629999992,64.98886676927366
20.994463699999994,105.83486629999992,64.98886676927366
20.994463699999994,105.83516629999991,64.98886676927366
20.994463699999994,105.83546629999991,64.98886676927366
20.994463699999994,105.8357662999999,64.98886676927366
20.994463699999994,105.8360662999999,64.98886676927366
20.994463699999994,105.8363662999999,65.25421141260075
20.994463699999994,105.83666629999989,72.52699274662648
20.994463699999994,105.83696629999989,71.71439911079632
20.994463699999994,105.83726629999988,68.12782001189274
20.994463699999994,105.83756629999988,65.32946415370292
20.994463699999994,105.83786629999987,70.41074989929122
20.994463699999994,105.83816629999987,63.93559895756879
20.994463699999994,105.83846629999987,56.71902690647581
20.994463699999994,105.83876629999986,59.21652082233058
20.994463699999994,105.83906629999986,63.109908948615306
20.994463699999994,105.83936629999985,70.83780047354557
20.994463699999994,105.83966629999985,60.56595362149028
20.994463699999994,105.83996629999984,62.51186563170937
20.994463699999994,105.84026629999984,66.50418716506223
20.994463699999994,105.84056629999984,68.15986789422459
20.994463699999994,105.84086629999983,62.210043972665055
20.994463699999994,105.84116629999983,62.29806252078768
20.994463699999994,105.84146629999982,62.871364500002485
20.994463699999994,105.84176629999982,57.518750739968524
20.994463699999994,105.84206629999981,58.53781475165629
20.994463699999994,105.84236629999981,63.47022173020544
20.994463699999994,105.8426662999998,65.4055427826653
20.994463699999994,105.8429662999998,64.54870106332415
20.994463699999994,105.8432662999998,62.550495711654136
20.994463699999994,105.8435662999998,65.18855950214136
20.994463699999994,105.84386629999979,61.85163509771052
20.994463699999994,105.84416629999978,63.74358338761344
20.994463699999994,105.84446629999978,62.24410298650917
20.994463699999994,105.84476629999978,63.50801254015733
20.994463699999994,105.84506629999977,66.04336333644136
20.994463699999994,105.84536629999977,57.27457195714191
20.994463699999994,105.84566629999976,62.79529815458197
20.994463699999994,105.84596629999976,61.562704368109934
20.994463699999994,105.84626629999975,57.380995587278
20.994463699999994,105.84656629999975,66.59202429197472
20.994463699999994,105.84686629999975,66.66467247417026
20.994463699999994,105.84716629999974,65.57442659772498
20.994463699999994,105.84746629999974,66.85714334155371
20.994463699999994,105.84776629999973,62.18962674355557
20.994463699999994,105.84806629999973,64.24599633993742
20.994463699999994,105.84836629999973,68.07154689120283
20.994463699999994,105.84866629999972,72.62989486470116
20.994463699999994,105.84896629999972,59.79676736548613
20.994463699999994,105.84926629999971,62.071847813605046
20.994463699999994,105.84956629999971,66.98690586121077
20.994463699999994,105.8498662999997,73.1456192350867
20.994463699999994,105.8501662999997,65.02746888211408
20.994463699999994,105.8504662999997,62.70744244301592
20.994463699999994,105.85076629999969,62.70744244301592
20.994463699999994,105.85106629999969,62.36556062461162
20.994463699999994,105.85136629999968,62.742019475271896
20.994463699999994,105.85166629999968,64.58499339873177
20.994463699999994,105.85196629999967,64.25548916396298
20.994463699999994,105.85226629999967,64.87948401240844
20.994463699999994,105.85256629999967,66.58505005760321
20.994463699999994,105.85286629999966,72.43685198171981
20.994463699999994,105.85316629999966,64.9890289043278
20.994463699999994,105.85346629999965,64.70369941579504
20.994463699999994,105.85376629999965,65.28211144936493
20.994463699999994,105.85406629999964,65.28211144936493
20.994463699999994,105.85436629999964,64.63255562600034
20.994463699999994,105.85466629999964,64.52652017776704
20.994463699999994,105.85496629999963,64.52652017776704
20.994463699999994,105.85526629999963,64.52652017776704
20.994463699999994,105.85556629999962,64.63255562600034
20.994463699999994,105.85586629999962,65.28211144936493
20.994463699999994,105.85616629999961,65.28211144936493
20.994463699999994,105.85646629999961,65.25421141260075
20.994463699999994,105.8567662999996,64.00034172401269
20.994463699999994,105.8570662999996,67.24200167556451
20.994463699999994,105.8573662999996,67.23238341672193
20.994463699999994,105.8576662999996,65.06481374818483
20.994763699999993,105.8291663,62.84780481045273
20.994763699999993,105.82946629999999,64.19617235787463
20.994763699999993,105.82976629999999,64.71397136508872
20.994763699999993,105.83006629999998,64.31073357963362
20.994763699999993,105.83036629999998,65.2240359189508
20.994763699999993,105.83066629999998,65.2240359189508
20.994763699999993,105.83096629999997,65.2240359189508
20.994763699999993,105.83126629999997,65.15638229217754
20.994763699999993,105.83156629999996,65.15638229217754
20.994763699999993,105.83186629999996,65.15638229217754
20.994763699999993,105.83216629999995,64.98886676927366
20.994763699999993,105.83246629999995,64.98886676927366
20.994763699999993,105.83276629999995,64.98886676927366
20.994763699999993,105.83306629999994,64.98886676927366
20.994763699999993,105.83336629999994,64.98886676927366
20.994763699999993,105.83366629999993,64.98886676927366
20.994763699999993,105.83396629999993,64.98886676927366
20.994763699999993,105.83426629999992,64.98886676927366
20.994763699999993,105.83456629999992,64.98886676927366
20.994763699999993,105.83486629999992,64.98886676927366
20.994763699999993,105.83516629999991,64.98886676927366
20.994763699999993,105.83546629999991,64.98886676927366
20.994763699999993,105.8357662999999,64.98886676927366
20.994763699999993,105.8360662999999,64.98886676927366
20.994763699999993,105.8363662999999,65.25421141260075
20.994763699999993,105.83666629999989,71.31789605384306
20.994763699999993,105.83696629999989,64.53703859369169
20.994763699999993,105.83726629999988,64.39505562751984
20.994763699999993,105.83756629999988,60.378863344991686
20.994763699999993,105.83786629999987,64.48449328554159
20.994763699999993,105.83816629999987,63.93559895756879
20.994763699999993,105.83846629999987,69.36514832083829
20.994763699999993,105.83876629999986,61.384278216249555
20.994763699999993,105.83906629999986,61.03901060980316
20.994763699999993,105.83936629999985,62.591128040196395
20.994763699999993,105.83966629999985,69.60936714432732
20.994763699999993,105.83996629999984,62.287785274266035
20.994763699999993,105.84026629999984,58.563673152606164
20.994763699999993,105.84056629999984,56.87433048680489
20.994763699999993,105.84086629999983,67.18365974330827
20.994763699999993,105.84116629999983,61.80546406780614
20.994763699999993,105.84146629999982,63.783829368962785
20.994763699999993,105.84176629999982,57.652524976056135
20.994763699999993,105.84206629999981,57.40658910002643
20.994763699999993,105.84236629999981,65.18855950214136
20.994763699999993,105.8426662999998,64.55191146198653
20.994763699999993,105.8429662999998,62.854072534561816
20.994763699999993,105.8432662999998,55.671987448353924
20.994763699999993,105.8435662999998,57.46925523408443
20.994763699999993,105.84386629999979,62.854072534561816
20.994763699999993,105.84416629999978,65.18855950214136
20.994763699999993,105.84446629999978,62.84681402427405
20.994763699999993,105.84476629999978,65.3414386514216
20.994763699999993,105.84506629999977,63.4926600291281
20.994763699999993,105.84536629999977,60.113597975556765
20.994763699999993,105.84566629999976,59.25539147594908
20.994763699999993,105.84596629999976,62.20524396208942
20.994763699999993,105.84626629999975,68.80681704784169
20.994763699999993,105.84656629999975,70.18972721182051
20.994763699999993,105.84686629999975,61.54215206290977
20.994763699999993,105.84716629999974,58.42963479405131
20.994763699999993,105.84746629999974,54.69775255268859
20.994763699999993,105.84776629999973,57.31320487603657
20.994763699999993,105.84806629999973,59.89154138894498
20.994763699999993,105.84836629999973,60.29978708096081
20.994763699999993,105.84866629999972,67.15185556480218
20.994763699999993,105.84896629999972,65.05237315545256
20.994763699999993,105.84926629999971,61.47089399313988
20.994763699999993,105.84956629999971,63.36397986045412
20.994763699999993,105.8498662999997,72.01388845731685
20.994763699999993,105.8501662999997,63.23884217381514
20.994763699999993,105.8504662999997,62.70744244301592
20.994763699999993,105.85076629999969,62.70744244301592
20.994763699999993,105.85106629999969,62.07175913421474
20.994763699999993,105.85136629999968,62.742019475271896
20.994763699999993,105.85166629999968,64.25548916396298
20.994763699999993,105.85196629999967,64.25548916396298
20.994763699999993,105.85226629999967,62.943777844405574
20.994763699999993,105.85256629999967,67.03778941663674
20.994763699999993,105.85286629999966,71.77296906467146
20.994763699999993,105.85316629999966,65.11639312953093
20.994763699999993,105.85346629999965,64.58499339873177
20.994763699999993,105.85376629999965,64.58317539242866
20.994763699999993,105.85406629999964,65.28211144936493
20.994763699999993,105.85436629999964,64.63255562600034
20.994763699999993,105.85466629999964,64.52652017776704
20.994763699999993,105.85496629999963,64.52652017776704
20.994763699999993,105.85526629999963,64.58791759971206
20.994763699999993,105.85556629999962,64.74919770265768
20.994763699999993,105.85586629999962,65.39875352602226
20.994763699999993,105.85616629999961,65.75069474514778
20.994763699999993,105.85646629999961,65.75069474514778
20.994763699999993,105.8567662999996,65.25421141260075
20.994763699999993,105.8570662999996,68.89279196122845
20.994763699999993,105.8573662999996,67.17945188336387
20.994763699999993,105.8576662999996,65.06481374818483
20.995063699999992,105.8291663,60.90466177209787
20.995063699999992,105.82946629999999,62.84780481045273
20.995063699999992,105.82976629999999,63.628666349773155
20.995063699999992,105.83006629999998,64.71397136508872
20.995063699999992,105.83036629999998,64.71397136508872
20.995063699999992,105.83066629999998,64.70844426532031
20.995063699999992,105.83096629999997,64.31073357963362
20.995063699999992,105.83126629999997,64.31073357963362
20.995063699999992,105.83156629999996,65.2240359189508
20.995063699999992,105.83186629999996,65.15638229217754
20.995063699999992,105.83216629999995,65.15638229217754
20.995063699999992,105.83246629999995,64.98886676927366
20.995063699999992,105.83276629999995,64.98886676927366
20.995063699999992,105.83306629999994,64.98886676927366
20.995063699999992,105.83336629999994,64.98886676927366
20.995063699999992,105.83366629999993,64.98886676927366
20.995063699999992,105.83396629999993,64.98886676927366
20.995063699999992,105.83426629999992,64.98886676927366
20.995063699999992,105.83456629999992,64.98886676927366
20.995063699999992,105.83486629999992,64.98886676927366
20.995063699999992,105.83516629999991,64.98886676927366
20.995063699999992,105.83546629999991,64.98886676927366
20.995063699999992,105.8357662999999,64.98886676927366
20.995063699999992,105.8360662999999,65.28211144936493
20.995063699999992,105.8363662999999,65.04337611948866
20.995063699999992,105.83666629999989,71.05188614931419
20.995063699999992,105.83696629999989,63.391734811676436
20.995063699999992,105.83726629999988,62.41364095261904
20.995063699999992,105.83756629999988,60.96238559619729
20.995063699999992,105.83786629999987,57.67729980834488
20.995063699999992,105.83816629999987,63.083118614124686
20.995063699999992,105.83846629999987,68.9651925249444
20.995063699999992,105.83876629999986,69.71895478115907
20.995063699999992,105.83906629999986,66.99234361029885
20.995063699999992,105.83936629999985,68.18702682017827
20.995063699999992,105.83966629999985,67.99327788591184
20.995063699999992,105.83996629999984,66.62972512318423
20.995063699999992,105.84026629999984,65.83687595447697
20.995063699999992,105.84056629999984,69.93392650122864
20.995063699999992,105.84086629999983,63.49294405811528
20.995063699999992,105.84116629999983,66.77847622984771
20.995063699999992,105.84146629999982,65.18855950214136
20.995063699999992,105.84176629999982,57.32484353269432
20.995063699999992,105.84206629999981,57.84941881742553
20.995063699999992,105.84236629999981,55.671987448353924
20.995063699999992,105.8426662999998,68.45215103911862
20.995063699999992,105.8429662999998,65.25367666693914
20.995063699999992,105.8432662999998,64.83223046766462
20.995063699999992,105.8435662999998,62.854072534561816
20.995063699999992,105.84386629999979,67.62464154238
20.995063699999992,105.84416629999978,65.57672243686228
20.995063699999992,105.84446629999978,64.1612190299449
20.995063699999992,105.84476629999978,61.725352137699275
20.995063699999992,105.84506629999977,62.36745397391439
20.995063699999992,105.84536629999977,63.96388499820621
20.995063699999992,105.84566629999976,63.68653943009673
20.995063699999992,105.84596629999976,71.58483100027387
20.995063699999992,105.84626629999975,60.486240609520934
20.995063699999992,105.84656629999975,60.15709636130205
20.995063699999992,105.84686629999975,61.76397211960439
20.995063699999992,105.84716629999974,61.4350361492993
20.995063699999992,105.84746629999974,59.2322942509713
20.995063699999992,105.84776629999973,56.00733652386733
20.995063699999992,105.84806629999973,57.37924110191913
20.995063699999992,105.84836629999973,61.509964352276185
20.995063699999992,105.84866629999972,64.20300272955024
20.995063699999992,105.84896629999972,65.79516238216164
20.995063699999992,105.84926629999971,64.48625779946555
20.995063699999992,105.84956629999971,61.10540348319104
20.995063699999992,105.8498662999997,70.85760475172717
20.995063699999992,105.8501662999997,61.45347625788304
20.995063699999992,105.8504662999997,61.17081858924935
20.995063699999992,105.85076629999969,61.89359778442928
20.995063699999992,105.85106629999969,61.72543878969508
20.995063699999992,105.85136629999968,61.72543878969508
20.995063699999992,105.85166629999968,61.283520456942114
20.995063699999992,105.85196629999967,60.763477288752355
20.995063699999992,105.85226629999967,62.14631983439292
20.995063699999992,105.85256629999967,65.10102465890172
20.995063699999992,105.85286629999966,71.72021702961098
20.995063699999992,105.85316629999966,63.27341920607111
20.995063699999992,105.85346629999965,63.21907199091026
20.995063699999992,105.85376629999965,64.78688889476221
20.995063699999992,105.85406629999964,65.04337611948866
20.995063699999992,105.85436629999964,63.72335376381756
20.995063699999992,105.85466629999964,62.89362987685072
20.995063699999992,105.85496629999963,64.54990606584572
20.995063699999992,105.85526629999963,66.50005774763629
20.995063699999992,105.85556629999962,67.16950974849617
20.995063699999992,105.85586629999962,73.25243039695359
20.995063699999992,105.85616629999961,72.20138864501934
20.995063699999992,105.85646629999961,72.94062096028263
20.995063699999992,105.8567662999996,71.24965971118829
20.995063699999992,105.8570662999996,71.16076660453147
20.995063699999992,105.8573662999996,67.23238341672193
20.995063699999992,105.8576662999996,65.06481374818483
20.99536369999999,105.8291663,62.35051136204559
20.99536369999999,105.82946629999999,60.935686478902845
20.99536369999999,105.82976629999999,62.84780481045273
20.99536369999999,105.83006629999998,63.03242874383416
20.99536369999999,105.83036629999998,63.49118195037006
20.99536369999999,105.83066629999998,64.90433782226314
20.99536369999999,105.83096629999997,64.71397136508872
20.99536369999999,105.83126629999997,64.6187627493436
20.99536369999999,105.83156629999996,64.46645226195677
20.99536369999999,105.83186629999996,65.2240359189508
20.99536369999999,105.83216629999995,65.15638229217754
20.99536369999999,105.83246629999995,64.98886676927366
20.99536369999999,105.83276629999995,64.98886676927366
20.99536369999999,105.83306629999994,64.98886676927366
20.99536369999999,105.83336629999994,64.98886676927366
20.99536369999999,105.83366629999993,64.98886676927366
20.99536369999999,105.83396629999993,64.98886676927366
20.99536369999999,105.83426629999992,64.98886676927366
20.99536369999999,105.83456629999992,64.98886676927366
20.99536369999999,105.83486629999992,64.98886676927366
20.99536369999999,105.83516629999991,64.98886676927366
20.99536369999999,105.83546629999991,64.98886676927366
20.99536369999999,105.8357662999999,64.63255562600034
20.99536369999999,105.8360662999999,64.63255562600034
20.99536369999999,105.8363662999999,63.84815212569825
20.99536369999999,105.83666629999989,72.10152779305245
20.99536369999999,105.83696629999989,60.947706553805666
20.99536369999999,105.83726629999988,60.714107067916636
20.99536369999999,105.83756629999988,61.02177988576859
20.99536369999999,105.83786629999987,58.375857474821814
20.99536369999999,105.83816629999987,69.49320842047624
20.99536369999999,105.83846629999987,61.532131951620876
20.99536369999999,105.83876629999986,60.991907427822895
20.99536369999999,105.83906629999986,66.33590018479416
20.99536369999999,105.83936629999985,66.69201899092329
20.99536369999999,105.83966629999985,63.7362660957244
20.99536369999999,105.83996629999984,65.25367666693914
20.99536369999999,105.84026629999984,61.870616944229845
20.99536369999999,105.84056629999984,65.09687393720381
20.99536369999999,105.84086629999983,63.0260559959527
20.99536369999999,105.84116629999983,68.45215103911862
20.99536369999999,105.84146629999982,65.18855950214136
20.99536369999999,105.84176629999982,57.32484353269432
20.99536369999999,105.84206629999981,57.725717486468675
20.99536369999999,105.84236629999981,57.40658910002643
20.99536369999999,105.8426662999998,64.91528725547394
20.99536369999999,105.8429662999998,60.292839947235414
20.99536369999999,105.8432662999998,55.703916964070096
20.99536369999999,105.8435662999998,60.80715973200038
20.99536369999999,105.84386629999979,64.83223046766462
20.99536369999999,105.84416629999978,65.18855950214136
20.99536369999999,105.84446629999978,61.72403584261349
20.99536369999999,105.84476629999978,63.30676905811151
20.99536369999999,105.84506629999977,61.54102796632084
20.99536369999999,105.84536629999977,62.851893710628595
20.99536369999999,105.84566629999976,67.57941154214048
20.99536369999999,105.84596629999976,58.39388880075334
20.99536369999999,105.84626629999975,57.72484750701613
20.99536369999999,105.84656629999975,57.53184042233074
20.99536369999999,105.84686629999975,62.6910844807978
20.99536369999999,105.84716629999974,56.87707204660185
20.99536369999999,105.84746629999974,60.11691660256071
20.99536369999999,105.84776629999973,58.05896034032086
20.99536369999999,105.84806629999973,56.00733652386733
20.99536369999999,105.84836629999973,61.46189785103513
20.99536369999999,105.84866629999972,60.2103220032964
20.99536369999999,105.84896629999972,59.295595396208384
20.99536369999999,105.84926629999971,64.45217520910063
20.99536369999999,105.84956629999971,68.55359085209099
20.99536369999999,105.8498662999997,66.18102420465016
20.99536369999999,105.8501662999997,60.26836633921492
20.99536369999999,105.8504662999997,61.7805272011576
20.99536369999999,105.85076629999969,62.17236046839994
20.99536369999999,105.85106629999969,61.595464891567154
20.99536369999999,105.85136629999968,60.985532662092744
20.99536369999999,105.85166629999968,60.04153183472515
20.99536369999999,105.85196629999967,60.05440896832384
20.99536369999999,105.85226629999967,63.82921022478873
20.99536369999999,105.85256629999967,64.56676441490912
20.99536369999999,105.85286629999966,70.4240749503233
20.99536369999999,105.85316629999966,71.81102130256276
20.99536369999999,105.85346629999965,70.62364177469189
20.99536369999999,105.85376629999965,70.38533721484536
20.99536369999999,105.85406629999964,72.19998285983048
20.99536369999999,105.85436629999964,73.19827241564205
20.99536369999999,105.85466629999964,71.73878198493114
20.99536369999999,105.85496629999963,72.74551513732422
20.99536369999999,105.85526629999963,72.24919059142537
20.99536369999999,105.85556629999962,68.93498422715318
20.99536369999999,105.85586629999962,67.3749926660732
20.99536369999999,105.85616629999961,67.38464072653436
20.99536369999999,105.85646629999961,65.40475140971789
20.99536369999999,105.8567662999996,63.26485936032988
20.99536369999999,105.8570662999996,63.73329589868525
20.99536369999999,105.8573662999996,65.25421141260075
20.99536369999999,105.8576662999996,64.98886676927366
20.99566369999999,105.8291663,61.47337160830073
20.99566369999999,105.82946629999999,62.49415615334198
20.99566369999999,105.82976629999999,60.482873234773905
20.99566369999999,105.83006629999998,62.84780481045273
20.99566369999999,105.83036629999998,64.31742755600519
20.99566369999999,105.83066629999998,63.03242874383416
20.99566369999999,105.83096629999997,64.90433782226314
20.99566369999999,105.83126629999997,64.8826753794934
20.99566369999999,105.83156629999996,64.6187627493436
20.99566369999999,105.83186629999996,64.46645226195677
20.99566369999999,105.83216629999995,65.2240359189508
20.99566369999999,105.83246629999995,65.15638229217754
20.99566369999999,105.83276629999995,64.98886676927366
20.99566369999999,105.83306629999994,64.98886676927366
20.99566369999999,105.83336629999994,64.98886676927366
20.99566369999999,105.83366629999993,64.98886676927366
20.99566369999999,105.83396629999993,64.98886676927366
20.99566369999999,105.83426629999992,64.98886676927366
20.99566369999999,105.83456629999992,64.98886676927366
20.99566369999999,105.83486629999992,64.98886676927366
20.99566369999999,105.83516629999991,64.98886676927366
20.99566369999999,105.83546629999991,65.28211144936493
20.99566369999999,105.8357662999999,64.52652017776704
20.99566369999999,105.8360662999999,64.70369941579504
20.99566369999999,105.8363662999999,63.6177190076348
20.99566369999999,105.83666629999989,73.49028717974998
20.99566369999999,105.83696629999989,60.08206446750643
20.99566369999999,105.83726629999988,60.49193392826337
20.99566369999999,105.83756629999988,61.263216493161025
20.99566369999999,105.83786629999987,58.71419781381121
20.99566369999999,105.83816629999987,63.638194224535184
20.99566369999999,105.83846629999987,65.66936043157308
20.99566369999999,105.83876629999986,57.27281486393882
20.99566369999999,105.83906629999986,57.40658910002643
20.99566369999999,105.83936629999985,60.80715973200038
20.99566369999999,105.83966629999985,66.77847622984771
20.99566369999999,105.83996629999984,63.77178428026884
20.99566369999999,105.84026629999984,61.74301768913281
20.99566369999999,105.84056629999984,64.55191146198653
20.99566369999999,105.84086629999983,62.53503981710207
20.99566369999999,105.84116629999983,67.72761866892444
20.99566369999999,105.84146629999982,65.86850484881782
20.99566369999999,105.84176629999982,57.37092517612824
20.99566369999999,105.84206629999981,57.725717486468675
20.99566369999999,105.84236629999981,57.652524976056135
20.99566369999999,105.8426662999998,61.870616944229845
20.99566369999999,105.8429662999998,62.854072534561816
20.99566369999999,105.8432662999998,66.03876610492348
20.99566369999999,105.8435662999998,65.86850484881782
20.99566369999999,105.84386629999979,68.45215103911862
20.99566369999999,105.84416629999978,63.611107089028636
20.99566369999999,105.84446629999978,65.40983216199236
20.99566369999999,105.84476629999978,62.23658069075375
20.99566369999999,105.84506629999977,59.43027688982844
20.99566369999999,105.84536629999977,66.36847269515367
20.99566369999999,105.84566629999976,57.40072711677664
20.99566369999999,105.84596629999976,61.94052878771299
20.99566369999999,105.84626629999975,57.736180096175254
20.99566369999999,105.84656629999975,57.736180096175254
20.99566369999999,105.84686629999975,59.056213163446145
20.99566369999999,105.84716629999974,59.854268925713605
20.99566369999999,105.84746629999974,57.756170661512826
20.99566369999999,105.84776629999973,57.84058198396363
20.99566369999999,105.84806629999973,58.024142110695124
20.99566369999999,105.84836629999973,57.322023594959916
20.99566369999999,105.84866629999972,59.651776933776574
20.99566369999999,105.84896629999972,54.81392427679423
20.99566369999999,105.84926629999971,63.04042424209189
20.99566369999999,105.84956629999971,63.01649361160184
20.99566369999999,105.8498662999997,69.7731486888886
20.99566369999999,105.8501662999997,66.9062243736455
20.99566369999999,105.8504662999997,72.24460602880824
20.99566369999999,105.85076629999969,70.68471970930618
20.99566369999999,105.85106629999969,70.8179149874446
20.99566369999999,105.85136629999968,70.8623606279821
20.99566369999999,105.85166629999968,75.0037265836882
20.99566369999999,105.85196629999967,68.558628235913
20.99566369999999,105.85226629999967,70.68423818716086
20.99566369999999,105.85256629999967,71.17961494876673
20.99566369999999,105.85286629999966,68.04578562464816
20.99566369999999,105.85316629999966,71.32751892824105
20.99566369999999,105.85346629999965,71.59293556217642
20.99566369999999,105.85376629999965,71.15094429977934
20.99566369999999,105.85406629999964,70.998067844484
20.99566369999999,105.85436629999964,70.19035670835311
20.99566369999999,105.85466629999964,71.48467835211922
20.99566369999999,105.85496629999963,71.25723431490977
20.99566369999999,105.85526629999963,67.50814527520235
20.99566369999999,105.85556629999962,67.1702887399278
20.99566369999999,105.85586629999962,63.254917225462194
20.99566369999999,105.85616629999961,64.89071481517419
20.99566369999999,105.85646629999961,65.28211144936493
20.99566369999999,105.8567662999996,64.98886676927366
20.99566369999999,105.8570662999996,64.98886676927366
20.99566369999999,105.8573662999996,64.98886676927366
20.99566369999999,105.8576662999996,64.98886676927366
20.99596369999999,105.8291663,62.03244440385285
20.99596369999999,105.82946629999999,61.3660407594424
20.99596369999999,105.82976629999999,60.00097360072657
20.99596369999999,105.83006629999998,60.547456807841016
20.99596369999999,105.83036629999998,62.84780481045273
20.99596369999999,105.83066629999998,63.03242874383416
20.99596369999999,105.83096629999997,64.18882102198937
20.99596369999999,105.83126629999997,63.52868797279646
20.99596369999999,105.83156629999996,64.70844426532031
20.99596369999999,105.83186629999996,64.31073357963362
20.99596369999999,105.83216629999995,65.2240359189508
20.99596369999999,105.83246629999995,65.2240359189508
20.99596369999999,105.83276629999995,65.15638229217754
20.99596369999999,105.83306629999994,65.15638229217754
20.99596369999999,105.83336629999994,65.15638229217754
20.99596369999999,105.83366629999993,65.15638229217754
20.99596369999999,105.83396629999993,65.15638229217754
20.99596369999999,105.83426629999992,65.15638229217754
20.99596369999999,105.83456629999992,64.98886676927366
20.99596369999999,105.83486629999992,64.98886676927366
20.99596369999999,105.83516629999991,64.98886676927366
20.99596369999999,105.83546629999991,64.63255562600034
20.99596369999999,105.8357662999999,64.58317539242866
20.99596369999999,105.8360662999999,64.87121493869891
20.99596369999999,105.8363662999999,63.391734811676436
20.99596369999999,105.83666629999989,70.42143785705012
20.99596369999999,105.83696629999989,59.8022099501303
20.99596369999999,105.83726629999988,58.781781620391705
20.99596369999999,105.83756629999988,58.83278336561213
20.99596369999999,105.83786629999987,67.46197162438453
20.99596369999999,105.83816629999987,64.41817132783773
20.99596369999999,105.83846629999987,64.73709409329837
20.99596369999999,105.83876629999986,57.37092517612824
20.99596369999999,105.83906629999986,57.725717486468675
20.99596369999999,105.83936629999985,57.652524976056135
20.99596369999999,105.83966629999985,55.703916964070096
20.99596369999999,105.83996629999984,60.292839947235414
20.99596369999999,105.84026629999984,63.611107089028636
20.99596369999999,105.84056629999984,63.67190200080675
20.99596369999999,105.84086629999983,62.53503981710207
20.99596369999999,105.84116629999983,67.62464154238
20.99596369999999,105.84146629999982,63.762565234132765
20.99596369999999,105.84176629999982,57.37092517612824
20.99596369999999,105.84206629999981,57.725717486468675
20.99596369999999,105.84236629999981,57.652524976056135
20.99596369999999,105.8426662999998,60.80715973200038
20.99596369999999,105.8429662999998,65.18855950214136
20.99596369999999,105.8432662999998,55.671987448353924
20.99596369999999,105.8435662999998,57.40658910002643
20.99596369999999,105.84386629999979,55.671987448353924
20.99596369999999,105.84416629999978,64.55191146198653
20.99596369999999,105.84446629999978,61.736842708142234
20.99596369999999,105.84476629999978,65.09687393720381
20.99596369999999,105.84506629999977,55.703916964070096
20.99596369999999,105.84536629999977,62.07232215755336
20.99596369999999,105.84566629999976,64.41813722589896
20.99596369999999,105.84596629999976,57.192826389809795
20.99596369999999,105.84626629999975,56.87140563950071
20.99596369999999,105.84656629999975,57.27457195714191
20.99596369999999,105.84686629999975,55.857710895678444
20.99596369999999,105.84716629999974,59.32438824293499
20.99596369999999,105.84746629999974,61.54120143795019
20.99596369999999,105.84776629999973,63.537123442282926
20.99596369999999,105.84806629999973,66.91331309626447
20.99596369999999,105.84836629999973,65.37346085190154
20.99596369999999,105.84866629999972,64.10257782971574
20.99596369999999,105.84896629999972,67.62875114479526
20.99596369999999,105.84926629999971,62.964695931891036
20.99596369999999,105.84956629999971,65.21305954915792
20.99596369999999,105.8498662999997,64.32181665305863
20.99596369999999,105.8501662999997,66.76003477030534
20.99596369999999,105.8504662999997,71.71265092188675
20.99596369999999,105.85076629999969,71.59257508575543
20.99596369999999,105.85106629999969,71.96461527843186
20.99596369999999,105.85136629999968,72.97724190322752
20.99596369999999,105.85166629999968,68.2185940326289
20.99596369999999,105.85196629999967,65.70969997106903
20.99596369999999,105.85226629999967,69.57989587900524
20.99596369999999,105.85256629999967,66.44397088056071
20.99596369999999,105.85286629999966,64.96547760786763
20.99596369999999,105.85316629999966,64.4808556117573
20.99596369999999,105.85346629999965,61.80252429616489
20.99596369999999,105.85376629999965,60.754915817334606
20.99596369999999,105.85406629999964,60.98090001329297
20.99596369999999,105.85436629999964,70.65798994624984
20.99596369999999,105.85466629999964,70.42143785705012
20.99596369999999,105.85496629999963,68.06646006846408
20.99596369999999,105.85526629999963,64.39505562751984
20.99596369999999,105.85556629999962,64.82132880012139
20.99596369999999,105.85586629999962,64.73991754885158
20.99596369999999,105.85616629999961,64.58317539242866
20.99596369999999,105.85646629999961,64.63255562600034
20.99596369999999,105.8567662999996,64.98886676927366
20.99596369999999,105.8570662999996,64.98886676927366
20.99596369999999,105.8573662999996,64.98886676927366
20.99596369999999,105.8576662999996,64.98886676927366
20.99626369999999,105.8291663,62.03244440385285
20.99626369999999,105.82946629999999,61.47337160830073
20.99626369999999,105.82976629999999,62.027253536379256
20.99626369999999,105.83006629999998,60.481089138284744
20.99626369999999,105.83036629999998,62.24888304656934
20.99626369999999,105.83066629999998,62.90977406302577
20.99626369999999,105.83096629999997,64.31742755600519
20.99626369999999,105.83126629999997,64.19617235787463
20.99626369999999,105.83156629999996,64.71397136508872
20.99626369999999,105.83186629999996,64.6187627493436
20.99626369999999,105.83216629999995,64.31073357963362
20.99626369999999,105.83246629999995,65.2240359189508
20.99626369999999,105.83276629999995,65.2240359189508
20.99626369999999,105.83306629999994,65.15638229217754
20.99626369999999,105.83336629999994,65.2240359189508
20.99626369999999,105.83366629999993,65.15638229217754
20.99626369999999,105.83396629999993,65.15638229217754
20.99626369999999,105.83426629999992,65.15638229217754
20.99626369999999,105.83456629999992,64.98886676927366
20.99626369999999,105.83486629999992,64.98886676927366
20.99626369999999,105.83516629999991,64.80007114890421
20.99626369999999,105.83546629999991,64.87121493869891
20.99626369999999,105.8357662999999,64.90743307175545
20.99626369999999,105.8360662999999,60.8106851712007
20.99626369999999,105.8363662999999,58.16038473765982
20.99626369999999,105.83666629999989,67.019604404554
20.99626369999999,105.83696629999989,57.30104224687986
20.99626369999999,105.83726629999988,59.96030721672543
20.99626369999999,105.83756629999988,57.981971806075464
20.99626369999999,105.83786629999987,57.315162547259085
20.99626369999999,105.83816629999987,62.236494700788214
20.99626369999999,105.83846629999987,61.7443339842186
20.99626369999999,105.83876629999986,57.652524976056135
20.99626369999999,105.83906629999986,57.725717486468675
20.99626369999999,105.83936629999985,57.725717486468675
20.99626369999999,105.83966629999985,57.686756435566075
20.99626369999999,105.83996629999984,57.757567469511066
20.99626369999999,105.84026629999984,55.696778101874955
20.99626369999999,105.84056629999984,53.91727980858046
20.99626369999999,105.84086629999983,58.587731295219314
20.99626369999999,105.84116629999983,65.4499057809878
20.99626369999999,105.84146629999982,63.611107089028636
20.99626369999999,105.84176629999982,57.40658910002643
20.99626369999999,105.84206629999981,57.725717486468675
20.99626369999999,105.84236629999981,57.652524976056135
20.99626369999999,105.8426662999998,61.870616944229845
20.99626369999999,105.8429662999998,65.09687393720381
20.99626369999999,105.8432662999998,57.652524976056135
20.99626369999999,105.8435662999998,57.725717486468675
20.99626369999999,105.84386629999979,57.725717486468675
20.99626369999999,105.84416629999978,57.652524976056135
20.99626369999999,105.84446629999978,57.37092517612824
20.99626369999999,105.84476629999978,57.40658910002643
20.99626369999999,105.84506629999977,57.40658910002643
20.99626369999999,105.84536629999977,57.450273387565105
20.99626369999999,105.84566629999976,62.555622149229016
20.99626369999999,105.84596629999976,63.783829368962785
20.99626369999999,105.84626629999975,68.33055277876367
20.99626369999999,105.84656629999975,68.65191656681847
20.99626369999999,105.84686629999975,67.72939703561835
20.99626369999999,105.84716629999974,63.672481963623646
20.99626369999999,105.84746629999974,60.20846242996503
20.99626369999999,105.84776629999973,65.21085895480718
20.99626369999999,105.84806629999973,63.5439954193834
20.99626369999999,105.84836629999973,66.22624639032473
20.99626369999999,105.84866629999972,68.05271236194488
20.99626369999999,105.84896629999972,63.27744976882498
20.99626369999999,105.84926629999971,63.18145433202537
20.99626369999999,105.84956629999971,66.68067421972444
20.99626369999999,105.8498662999997,67.67721758541806
20.99626369999999,105.8501662999997,64.67629068583726
20.99626369999999,105.8504662999997,65.55322640669094
20.99626369999999,105.85076629999969,65.26613171018366
20.99626369999999,105.85106629999969,66.76795968348746
20.99626369999999,105.85136629999968,72.2770799809925
20.99626369999999,105.85166629999968,70.11414156447246
20.99626369999999,105.85196629999967,58.24378527031165
20.99626369999999,105.85226629999967,58.6617330356404
20.99626369999999,105.85256629999967,59.771012151779566
20.99626369999999,105.85286629999966,59.3838505320993
20.99626369999999,105.85316629999966,59.193650536162
20.99626369999999,105.85346629999965,58.98410942927198
20.99626369999999,105.85376629999965,60.429290840796966
20.99626369999999,105.85406629999964,60.714975247197536
20.99626369999999,105.85436629999964,60.224927358625735
20.99626369999999,105.85466629999964,66.45205717024864
20.99626369999999,105.85496629999963,72.10598930433817
20.99626369999999,105.85526629999963,62.62890994434073
20.99626369999999,105.85556629999962,63.87903031330264
20.99626369999999,105.85586629999962,64.58499339873177
20.99626369999999,105.85616629999961,64.73991754885158
20.99626369999999,105.85646629999961,64.70369941579504
20.99626369999999,105.8567662999996,64.63255562600034
20.99626369999999,105.8570662999996,64.98886676927366
20.99626369999999,105.8573662999996,64.98886676927366
20.99626369999999,105.8576662999996,64.98886676927366
20.99656369999999,105.8291663,63.0025296612924
20.99656369999999,105.82946629999999,62.03244440385285
20.99656369999999,105.82976629999999,61.43114391952794
20.99656369999999,105.83006629999998,60.00097360072657
20.99656369999999,105.83036629999998,60.90466177209787
20.99656369999999,105.83066629999998,62.87047893226201
20.99656369999999,105.83096629999997,62.90977406302577
20.99656369999999,105.83126629999997,64.31742755600519
20.99656369999999,105.83156629999996,64.8826753794934
20.99656369999999,105.83186629999996,64.70844426532031
20.99656369999999,105.83216629999995,64.31073357963362
20.99656369999999,105.83246629999995,64.46645226195677
20.99656369999999,105.83276629999995,64.48100757905803
20.99656369999999,105.83306629999994,64.48100757905803
20.99656369999999,105.83336629999994,65.2240359189508
20.99656369999999,105.83366629999993,65.2240359189508
20.99656369999999,105.83396629999993,65.2240359189508
20.99656369999999,105.83426629999992,65.2240359189508
20.99656369999999,105.83456629999992,65.2240359189508
20.99656369999999,105.83486629999992,62.065536136384594
20.99656369999999,105.83516629999991,61.904318827383484
20.99656369999999,105.83546629999991,60.92290390415495
20.99656369999999,105.8357662999999,56.90956428490272
20.99656369999999,105.8360662999999,56.31422742530543
20.99656369999999,105.8363662999999,57.15699347910742
20.99656369999999,105.83666629999989,68.38660737960866
20.99656369999999,105.83696629999989,57.34289018183561
20.99656369999999,105.83726629999988,60.05088037667815
20.99656369999999,105.83756629999988,57.9699439820671
20.99656369999999,105.83786629999987,56.91910048063821
20.99656369999999,105.83816629999987,62.45263010505463
20.99656369999999,105.83846629999987,60.292839947235414
20.99656369999999,105.83876629999986,57.40658910002643
20.99656369999999,105.83906629999986,57.725717486468675
20.99656369999999,105.83936629999985,57.686756435566075
20.99656369999999,105.83966629999985,56.0159064883172
20.99656369999999,105.83996629999984,55.49316509223986
20.99656369999999,105.84026629999984,55.809373309856376
20.99656369999999,105.84056629999984,55.93307464081323
20.99656369999999,105.84086629999983,55.714547594310964
20.99656369999999,105.84116629999983,65.57672243686228
20.99656369999999,105.84146629999982,63.48601102979016
20.99656369999999,105.84176629999982,57.40658910002643
20.99656369999999,105.84206629999981,57.725717486468675
20.99656369999999,105.84236629999981,57.652524976056135
20.99656369999999,105.8426662999998,62.07232215755336
20.99656369999999,105.8429662999998,61.7443339842186
20.99656369999999,105.8432662999998,57.652524976056135
20.99656369999999,105.8435662999998,57.652524976056135
20.99656369999999,105.84386629999979,57.40658910002643
20.99656369999999,105.84416629999978,55.671987448353924
20.99656369999999,105.84446629999978,58.6715889877439
20.99656369999999,105.84476629999978,62.07232215755336
20.99656369999999,105.84506629999977,63.0260559959527
20.99656369999999,105.84536629999977,63.98861815073502
20.99656369999999,105.84566629999976,63.78331264259185
20.99656369999999,105.84596629999976,67.02344540423155
20.99656369999999,105.84626629999975,67.7163336930224
20.99656369999999,105.84656629999975,68.69779818378342
20.99656369999999,105.84686629999975,64.18278736814706
20.99656369999999,105.84716629999974,61.6496930571745
20.99656369999999,105.84746629999974,59.05380581454407
20.99656369999999,105.84776629999973,61.39016510744591
20.99656369999999,105.84806629999973,60.27671445338855
20.99656369999999,105.84836629999973,58.6863030167626
20.99656369999999,105.84866629999972,56.52261082915566
20.99656369999999,105.84896629999972,58.19370229369648
20.99656369999999,105.84926629999971,58.21922503281972
20.99656369999999,105.84956629999971,58.07975741787587
20.99656369999999,105.8498662999997,63.05849950259981
20.99656369999999,105.8501662999997,63.76639526633222
20.99656369999999,105.8504662999997,61.43268673673649
20.99656369999999,105.85076629999969,61.76693328617169
20.99656369999999,105.85106629999969,64.98081946213769
20.99656369999999,105.85136629999968,71.67533976970361
20.99656369999999,105.85166629999968,72.42570144066659
20.99656369999999,105.85196629999967,57.658570773861456
20.99656369999999,105.85226629999967,58.28748870731586
20.99656369999999,105.85256629999967,59.41593634402166
20.99656369999999,105.85286629999966,58.94929714329557
20.99656369999999,105.85316629999966,60.09555793587256
20.99656369999999,105.85346629999965,60.1314291539738
20.99656369999999,105.85376629999965,60.04455136271598
20.99656369999999,105.85406629999964,58.09804319975197
20.99656369999999,105.85436629999964,72.67026690059282
20.99656369999999,105.85466629999964,71.84251900184115
20.99656369999999,105.85496629999963,70.70810816700653
20.99656369999999,105.85526629999963,65.10102465890172
20.99656369999999,105.85556629999962,64.7623379990997
20.99656369999999,105.85586629999962,64.73991754885158
20.99656369999999,105.85616629999961,64.25548916396298
20.99656369999999,105.85646629999961,64.58499339873177
20.99656369999999,105.8567662999996,64.58317539242866
20.99656369999999,105.8570662999996,64.98886676927366
20.99656369999999,105.8573662999996,64.98886676927366
20.99656369999999,105.8576662999996,64.98886676927366
20.996863699999988,105.8291663,63.0025296612924
20.996863699999988,105.82946629999999,62.03244440385285
20.996863699999988,105.82976629999999,61.47337160830073
20.996863699999988,105.83006629999998,62.537200003355856
20.996863699999988,105.83036629999998,59.93705141180081
20.996863699999988,105.83066629999998,60.546009804291856
20.996863699999988,105.83096629999997,63.03242874383416
20.996863699999988,105.83126629999997,62.90977406302577
20.996863699999988,105.83156629999996,64.18882102198937
20.996863699999988,105.83186629999996,64.67556151846607
20.996863699999988,105.83216629999995,64.6187627493436
20.996863699999988,105.83246629999995,64.31073357963362
20.996863699999988,105.83276629999995,64.46645226195677
20.996863699999988,105.83306629999994,64.46645226195677
20.996863699999988,105.83336629999994,65.2240359189508
20.996863699999988,105.83366629999993,65.2240359189508
20.996863699999988,105.83396629999993,64.29936537810718
20.996863699999988,105.83426629999992,62.775738732193
20.996863699999988,105.83456629999992,61.93827404732451
20.996863699999988,105.83486629999992,62.386042058034256
20.996863699999988,105.83516629999991,59.409434215463925
20.996863699999988,105.83546629999991,57.612348023683055
20.996863699999988,105.8357662999999,59.28647241908268
20.996863699999988,105.8360662999999,59.33000731054131
20.996863699999988,105.8363662999999,57.08719101577357
20.996863699999988,105.83666629999989,67.28721823295383
20.996863699999988,105.83696629999989,67.2692031528293
20.996863699999988,105.83726629999988,66.79702775074702
20.996863699999988,105.83756629999988,67.4535427397621
20.996863699999988,105.83786629999987,55.52845124073421
20.996863699999988,105.83816629999987,62.70778264711533
20.996863699999988,105.83846629999987,63.143423185607894
20.996863699999988,105.83876629999986,61.786759251705256
20.996863699999988,105.83906629999986,57.613563925153535
20.996863699999988,105.83936629999985,57.686756435566075
20.996863699999988,105.83966629999985,55.809373309856376
20.996863699999988,105.83996629999984,55.49316509223986
20.996863699999988,105.84026629999984,55.49316509223986
20.996863699999988,105.84056629999984,56.139607819274055
20.996863699999988,105.84086629999983,57.46925523408443
20.996863699999988,105.84116629999983,66.03876610492348
20.996863699999988,105.84146629999982,64.09120003010226
20.996863699999988,105.84176629999982,58.6715889877439
20.996863699999988,105.84206629999981,57.37092517612824
20.996863699999988,105.84236629999981,57.37092517612824
20.996863699999988,105.8426662999998,65.18855950214136
20.996863699999988,105.8429662999998,60.80715973200038
20.996863699999988,105.8432662999998,58.6715889877439
20.996863699999988,105.8435662999998,61.7443339842186
20.996863699999988,105.84386629999979,62.854072534561816
20.996863699999988,105.84416629999978,67.37170305360061
20.996863699999988,105.84446629999978,64.1612190299449
20.996863699999988,105.84476629999978,65.57672243686228
20.996863699999988,105.84506629999977,65.43708295143678
20.996863699999988,105.84536629999977,63.541541811263016
20.996863699999988,105.84566629999976,64.60502980881425
20.996863699999988,105.84596629999976,63.518159649705815
20.996863699999988,105.84626629999975,60.37531171200488
20.996863699999988,105.84656629999975,56.2363575303455
20.996863699999988,105.84686629999975,58.173123428869154
20.996863699999988,105.84716629999974,57.68802900673211
20.996863699999988,105.84746629999974,55.214122041369684
20.996863699999988,105.84776629999973,59.00819229037335
20.996863699999988,105.84806629999973,57.786687583808124
20.996863699999988,105.84836629999973,57.93462824714892
20.996863699999988,105.84866629999972,56.54438961621011
20.996863699999988,105.84896629999972,58.17229769511334
20.996863699999988,105.84926629999971,58.17229769511334
20.996863699999988,105.84956629999971,58.65932652034245
20.996863699999988,105.8498662999997,59.68022179324026
20.996863699999988,105.8501662999997,71.95600911198851
20.996863699999988,105.8504662999997,60.16719999901402
20.996863699999988,105.85076629999969,60.07961029012324
20.996863699999988,105.85106629999969,64.99768962500958
20.996863699999988,105.85136629999968,66.56742356451085
20.996863699999988,105.85166629999968,63.37220376044126
20.996863699999988,105.85196629999967,60.61263159922737
20.996863699999988,105.85226629999967,59.33765687577579
20.996863699999988,105.85256629999967,60.52304431209907
20.996863699999988,105.85286629999966,59.36457836927379
20.996863699999988,105.85316629999966,59.20522268390954
20.996863699999988,105.85346629999965,59.36457836927379
20.996863699999988,105.85376629999965,59.197062846369924
20.996863699999988,105.85406629999964,57.87396598866289
20.996863699999988,105.85436629999964,69.68476668739528
20.996863699999988,105.85466629999964,65.63744429602826
20.996863699999988,105.85496629999963,72.03183258245609
20.996863699999988,105.85526629999963,62.73292247703863
20.996863699999988,105.85556629999962,64.25548916396298
20.996863699999988,105.85586629999962,64.58499339873177
20.996863699999988,105.85616629999961,64.25548916396298
20.996863699999988,105.85646629999961,64.73991754885158
20.996863699999988,105.8567662999996,64.70369941579504
20.996863699999988,105.8570662999996,64.63255562600034
20.996863699999988,105.8573662999996,64.98886676927366
20.996863699999988,105.8576662999996,64.98886676927366
20.997163699999987,105.8291663,63.0025296612924
20.997163699999987,105.82946629999999,62.03244440385285
20.997163699999987,105.82976629999999,61.89931149890066
20.997163699999987,105.83006629999998,62.537200003355856
20.997163699999987,105.83036629999998,60.00097360072657
20.997163699999987,105.83066629999998,60.547456807841016
20.997163699999987,105.83096629999997,62.84780481045273
20.997163699999987,105.83126629999997,64.18882102198937
20.997163699999987,105.83156629999996,63.57504617673702
20.997163699999987,105.83186629999996,64.8826753794934
20.997163699999987,105.83216629999995,64.71397136508872
20.997163699999987,105.83246629999995,64.6187627493436
20.997163699999987,105.83276629999995,64.31073357963362
20.997163699999987,105.83306629999994,64.6187627493436
20.997163699999987,105.83336629999994,64.46645226195677
20.997163699999987,105.83366629999993,64.46645226195677
20.997163699999987,105.83396629999993,63.24100968725732
20.997163699999987,105.83426629999992,60.710691794189714
20.997163699999987,105.83456629999992,60.04002197653847
20.997163699999987,105.83486629999992,59.409434215463925
20.997163699999987,105.83516629999991,59.3552914024522
20.997163699999987,105.83546629999991,55.97137406042449
20.997163699999987,105.8357662999999,59.39980977387516
20.997163699999987,105.8360662999999,59.33000731054131
20.997163699999987,105.8363662999999,58.99297159262267
20.997163699999987,105.83666629999989,66.43622354015814
20.997163699999987,105.83696629999989,62.395501507857006
20.997163699999987,105.83726629999988,68.63044826655094
20.997163699999987,105.83756629999988,66.79537281238333
20.997163699999987,105.83786629999987,58.167349635961216
20.997163699999987,105.83816629999987,56.0847652517266
20.997163699999987,105.83846629999987,61.474569395679346
20.997163699999987,105.83876629999986,62.942198303428114
20.997163699999987,105.83906629999986,55.62005927154551
20.997163699999987,105.83936629999985,56.0159064883172
20.997163699999987,105.83966629999985,55.49316509223986
20.997163699999987,105.83996629999984,55.809373309856376
20.997163699999987,105.84026629999984,55.809373309856376
20.997163699999987,105.84056629999984,55.49024492341413
20.997163699999987,105.84086629999983,64.83142956294935
20.997163699999987,105.84116629999983,63.882234129431396
20.997163699999987,105.84146629999982,63.966091821955985
20.997163699999987,105.84176629999982,66.77847622984771
20.997163699999987,105.84206629999981,64.55191146198653
20.997163699999987,105.84236629999981,60.208982254710826
20.997163699999987,105.8426662999998,62.77021484203723
20.997163699999987,105.8429662999998,68.45215103911862
20.997163699999987,105.8432662999998,67.96400975562528
20.997163699999987,105.8435662999998,65.57672243686228
20.997163699999987,105.84386629999979,67.62464154238
20.997163699999987,105.84416629999978,67.72761866892444
20.997163699999987,105.84446629999978,65.57672243686228
20.997163699999987,105.84476629999978,63.53812776471914
20.997163699999987,105.84506629999977,64.96309970111623
20.997163699999987,105.84536629999977,62.099052718377685
20.997163699999987,105.84566629999976,60.43247987092534
20.997163699999987,105.84596629999976,64.26972432806876
20.997163699999987,105.84626629999975,59.69077918831948
20.997163699999987,105.84656629999975,60.016874260176394
20.997163699999987,105.84686629999975,60.28443212546457
20.997163699999987,105.84716629999974,60.127822739629295
20.997163699999987,105.84746629999974,57.88321581973998
20.997163699999987,105.84776629999973,59.21198030332425
20.997163699999987,105.84806629999973,57.93462824714892
20.997163699999987,105.84836629999973,57.93462824714892
20.997163699999987,105.84866629999972,60.44687088818554
20.997163699999987,105.84896629999972,58.81317736189425
20.997163699999987,105.84926629999971,58.116760372107436
20.997163699999987,105.84956629999971,59.289310891992045
20.997163699999987,105.8498662999997,60.96843883643213
20.997163699999987,105.8501662999997,72.47836039731625
20.997163699999987,105.8504662999997,62.288642641259884
20.997163699999987,105.85076629999969,59.82971394693253
20.997163699999987,105.85106629999969,58.34385555463394
20.997163699999987,105.85136629999968,62.03019512113417
20.997163699999987,105.85166629999968,64.14749367572348
20.997163699999987,105.85196629999967,61.17426407474906
20.997163699999987,105.85226629999967,58.68561955901574
20.997163699999987,105.85256629999967,59.757706891368805
20.997163699999987,105.85286629999966,59.42499178163395
20.997163699999987,105.85316629999966,58.85972713332496
20.997163699999987,105.85346629999965,59.197062846369924
20.997163699999987,105.85376629999965,59.197062846369924
20.997163699999987,105.85406629999964,57.86632676668385
20.997163699999987,105.85436629999964,69.94766257131351
20.997163699999987,105.85466629999964,62.885427649227985
20.997163699999987,105.85496629999963,67.74978754622238
20.997163699999987,105.85526629999963,62.62890994434073
20.997163699999987,105.85556629999962,62.448217984875015
20.997163699999987,105.85586629999962,62.36556062461162
20.997163699999987,105.85616629999961,64.22091213170702
20.997163699999987,105.85646629999961,64.73991754885158
20.997163699999987,105.8567662999996,64.70369941579504
20.997163699999987,105.8570662999996,64.52652017776704
20.997163699999987,105.8573662999996,64.98886676927366
20.997163699999987,105.8576662999996,64.98886676927366
20.997463699999987,105.8291663,62.97811653062475
20.997463699999987,105.82946629999999,63.0025296612924
20.997463699999987,105.82976629999999,62.48425672406735
20.997463699999987,105.83006629999998,60.00097360072657
20.997463699999987,105.83036629999998,60.935686478902845
20.997463699999987,105.83066629999998,62.87047893226201
20.997463699999987,105.83096629999997,62.90977406302577
20.997463699999987,105.83126629999997,64.31742755600519
20.997463699999987,105.83156629999996,64.71397136508872
20.997463699999987,105.83186629999996,64.70844426532031
20.997463699999987,105.83216629999995,64.70844426532031
20.997463699999987,105.83246629999995,64.8826753794934
20.997463699999987,105.83276629999995,63.57504617673702
20.997463699999987,105.83306629999994,64.71397136508872
20.997463699999987,105.83336629999994,63.99287221072866
20.997463699999987,105.83366629999993,63.68484304101876
20.997463699999987,105.83396629999993,60.89870986500532
20.997463699999987,105.83426629999992,60.56343823188046
20.997463699999987,105.83456629999992,59.59235262606954
20.997463699999987,105.83486629999992,59.3552914024522
20.997463699999987,105.83516629999991,57.18402813725524
20.997463699999987,105.83546629999991,58.02119771708554
20.997463699999987,105.8357662999999,59.39980977387516
20.997463699999987,105.8360662999999,59.594603320797546
20.997463699999987,105.8363662999999,60.94511388471484
20.997463699999987,105.83666629999989,67.51972733256216
20.997463699999987,105.83696629999989,66.64463655485477
20.997463699999987,105.83726629999988,64.31961558304855
20.997463699999987,105.83756629999988,61.920930459256965
20.997463699999987,105.83786629999987,61.888872773165865
20.997463699999987,105.83816629999987,52.377498381478645
20.997463699999987,105.83846629999987,64.6434543732713
20.997463699999987,105.83876629999986,62.30753619584192
20.997463699999987,105.83906629999986,62.560587203610396
20.997463699999987,105.83936629999985,55.17403670579762
20.997463699999987,105.83966629999985,55.50817265069634
20.997463699999987,105.83996629999984,55.67858195203615
20.997463699999987,105.84026629999984,55.33131926002208
20.997463699999987,105.84056629999984,61.248017957827706
20.997463699999987,105.84086629999983,60.26208614779278
20.997463699999987,105.84116629999983,60.769522540497775
20.997463699999987,105.84146629999982,63.92505893227711
20.997463699999987,105.84176629999982,59.691443692272266
20.997463699999987,105.84206629999981,61.22055595013937
20.997463699999987,105.84236629999981,62.75512308619879
20.997463699999987,105.8426662999998,62.71203889211564
20.997463699999987,105.8429662999998,63.714413312224195
20.997463699999987,105.8432662999998,63.02112853626185
20.997463699999987,105.8435662999998,60.43317353310999
20.997463699999987,105.84386629999979,65.18855950214136
20.997463699999987,105.84416629999978,60.208982254710826
20.997463699999987,105.84446629999978,55.408887784150686
20.997463699999987,105.84476629999978,59.05079378534586
20.997463699999987,105.84506629999977,59.224205731024355
20.997463699999987,105.84536629999977,70.75401445378547
20.997463699999987,105.84566629999976,61.84618692379144
20.997463699999987,105.84596629999976,61.4757493362102
20.997463699999987,105.84626629999975,56.785142496539926
20.997463699999987,105.84656629999975,57.93281952539221
20.997463699999987,105.84686629999975,58.04376800484511
20.997463699999987,105.84716629999974,59.1421778399904
20.997463699999987,105.84746629999974,59.24322768058553
20.997463699999987,105.84776629999973,58.1363352316705
20.997463699999987,105.84806629999973,56.88331868612524
20.997463699999987,105.84836629999973,57.93462824714892
20.997463699999987,105.84866629999972,60.77192601950017
20.997463699999987,105.84896629999972,58.116760372107436
20.997463699999987,105.84926629999971,58.116760372107436
20.997463699999987,105.84956629999971,58.81404091981617
20.997463699999987,105.8498662999997,60.01916990430639
20.997463699999987,105.8501662999997,69.60376343645623
20.997463699999987,105.8504662999997,66.9010205956416
20.997463699999987,105.85076629999969,64.49572544547004
20.997463699999987,105.85106629999969,66.6399787281357
20.997463699999987,105.85136629999968,66.39932055308695
20.997463699999987,105.85166629999968,57.26236118176907
20.997463699999987,105.85196629999967,57.93609308091297
20.997463699999987,105.85226629999967,59.1008464750078
20.997463699999987,105.85256629999967,67.53503049263618
20.997463699999987,105.85286629999966,69.41715621350475
20.997463699999987,105.85316629999966,58.06898817447214
20.997463699999987,105.85346629999965,59.03770716100568
20.997463699999987,105.85376629999965,58.85943092017138
20.997463699999987,105.85406629999964,57.28890693081032
20.997463699999987,105.85436629999964,70.79171696695481
20.997463699999987,105.85466629999964,62.71466074535438
20.997463699999987,105.85496629999963,69.53598925545563
20.997463699999987,105.85526629999963,58.74781152951924
20.997463699999987,105.85556629999962,61.17081858924935
20.997463699999987,105.85586629999962,64.25548916396298
20.997463699999987,105.85616629999961,64.58499339873177
20.997463699999987,105.85646629999961,64.73991754885158
20.997463699999987,105.8567662999996,64.70369941579504
20.997463699999987,105.8570662999996,64.52652017776704
20.997463699999987,105.8573662999996,65.28211144936493
20.997463699999987,105.8576662999996,64.98886676927366
20.997763699999986,105.8291663,62.97811653062475
20.997763699999986,105.82946629999999,62.6332518096916
20.997763699999986,105.82976629999999,61.47337160830073
20.997763699999986,105.83006629999998,62.537200003355856
20.997763699999986,105.83036629999998,60.547456807841016
20.997763699999986,105.83066629999998,62.84780481045273
20.997763699999986,105.83096629999997,63.03242874383416
20.997763699999986,105.83126629999997,64.19617235787463
20.997763699999986,105.83156629999996,63.49118195037006
20.997763699999986,105.83186629999996,64.71397136508872
20.997763699999986,105.83216629999995,64.71397136508872
20.997763699999986,105.83246629999995,63.57504617673702
20.997763699999986,105.83276629999995,63.03242874383416
20.997763699999986,105.83306629999994,64.08788157336002
20.997763699999986,105.83336629999994,63.73310897088373
20.997763699999986,105.83366629999993,63.44625990512913
20.997763699999986,105.83396629999993,61.14391066621019
20.997763699999986,105.83426629999992,60.408514081760636
20.997763699999986,105.83456629999992,58.01122931060525
20.997763699999986,105.83486629999992,57.59186295923137
20.997763699999986,105.83516629999991,57.935288913933725
20.997763699999986,105.83546629999991,56.14002081598924
20.997763699999986,105.8357662999999,57.57229696005996
20.997763699999986,105.8360662999999,59.34470697760683
20.997763699999986,105.8363662999999,64.08481313359074
20.997763699999986,105.83666629999989,65.62150622696964
20.997763699999986,105.83696629999989,61.213245862274064
20.997763699999986,105.83726629999988,60.1579926227609
20.997763699999986,105.83756629999988,60.13352332436452
20.997763699999986,105.83786629999987,62.790266616011905
20.997763699999986,105.83816629999987,53.14190861006629
20.997763699999986,105.83846629999987,61.98461209569606
20.997763699999986,105.83876629999986,56.107035866036355
20.997763699999986,105.83906629999986,60.19596352677439
20.997763699999986,105.83936629999985,59.10997985284936
20.997763699999986,105.83966629999985,55.96832894289259
20.997763699999986,105.83996629999984,57.41628997903707
20.997763699999986,105.84026629999984,61.85380979710987
20.997763699999986,105.84056629999984,65.87683222706256
20.997763699999986,105.84086629999983,68.31650460659449
20.997763699999986,105.84116629999983,66.51862590867098
20.997763699999986,105.84146629999982,60.02481641224371
20.997763699999986,105.84176629999982,56.05237206922939
20.997763699999986,105.84206629999981,59.92038637481106
20.997763699999986,105.84236629999981,61.795306770991154
20.997763699999986,105.8426662999998,57.70930497900854
20.997763699999986,105.8429662999998,55.92420056721293
20.997763699999986,105.8432662999998,57.910918165499204
20.997763699999986,105.8435662999998,53.394538412503124
20.997763699999986,105.84386629999979,55.298414896978315
20.997763699999986,105.84416629999978,55.67858195203615
20.997763699999986,105.84446629999978,58.34625148974067
20.997763699999986,105.84476629999978,57.682360550474904
20.997763699999986,105.84506629999977,59.39590059722518
20.997763699999986,105.84536629999977,50.527092085974914
20.997763699999986,105.84566629999976,63.842699421968774
20.997763699999986,105.84596629999976,62.093214904754504
20.997763699999986,105.84626629999975,55.52222381106384
20.997763699999986,105.84656629999975,54.00403953643374
20.997763699999986,105.84686629999975,57.98401641143258
20.997763699999986,105.84716629999974,57.257497021225866
20.997763699999986,105.84746629999974,59.2322942509713
20.997763699999986,105.84776629999973,59.201074166255665
20.997763699999986,105.84806629999973,56.88331868612524
20.997763699999986,105.84836629999973,57.93462824714892
20.997763699999986,105.84866629999972,58.81317736189425
20.997763699999986,105.84896629999972,58.98069288479811
20.997763699999986,105.84926629999971,58.146774955990104
20.997763699999986,105.84956629999971,58.81404091981617
20.997763699999986,105.8498662999997,59.864997422271735
20.997763699999986,105.8501662999997,72.30166287095116
20.997763699999986,105.8504662999997,64.90703050655299
20.997763699999986,105.85076629999969,64.1126218525487
20.997763699999986,105.85106629999969,63.75183601946459
20.997763699999986,105.85136629999968,61.02289586824323
20.997763699999986,105.85166629999968,58.405082452027735
20.997763699999986,105.85196629999967,59.00949963871404
20.997763699999986,105.85226629999967,58.50374891603027
20.997763699999986,105.85256629999967,59.548782173698875
20.997763699999986,105.85286629999966,66.94709140908951
20.997763699999986,105.85316629999966,58.06898817447214
20.997763699999986,105.85346629999965,58.781781620391705
20.997763699999986,105.85376629999965,58.868364408558286
20.997763699999986,105.85406629999964,58.550165510300985
20.997763699999986,105.85436629999964,67.1034049535948
20.997763699999986,105.85466629999964,69.87749993435692
20.997763699999986,105.85496629999963,67.21804557447688
20.997763699999986,105.85526629999963,58.92378611777814
20.997763699999986,105.85556629999962,61.12144836841363
20.997763699999986,105.85586629999962,64.58499339873177
20.997763699999986,105.85616629999961,64.70369941579504
20.997763699999986,105.85646629999961,64.58317539242866
20.997763699999986,105.8567662999996,64.63255562600034
20.997763699999986,105.8570662999996,65.28211144936493
20.997763699999986,105.8573662999996,64.98886676927366
20.997763699999986,105.8576662999996,64.98886676927366
20.998063699999985,105.8291663,63.0025296612924
20.998063699999985,105.82946629999999,62.03244440385285
20.998063699999985,105.82976629999999,61.47337160830073
20.998063699999985,105.83006629999998,62.027253536379256
20.998063699999985,105.83036629999998,62.537200003355856
20.998063699999985,105.83066629999998,62.555018326092295
20.998063699999985,105.83096629999997,62.84780481045273
20.998063699999985,105.83126629999997,63.52868797279646
20.998063699999985,105.83156629999996,63.57504617673702
20.998063699999985,105.83186629999996,64.71397136508872
20.998063699999985,105.83216629999995,64.15732352902138
20.998063699999985,105.83246629999995,63.57504617673702
20.998063699999985,105.83276629999995,64.24798560034384
20.998063699999985,105.83306629999994,62.0901764516805
20.998063699999985,105.83336629999994,63.36056749824496
20.998063699999985,105.83366629999993,60.474617338491015
20.998063699999985,105.83396629999993,60.58437875791671
20.998063699999985,105.83426629999992,61.56023380658444
20.998063699999985,105.83456629999992,61.56023380658444
20.998063699999985,105.83486629999992,54.798743478512
20.998063699999985,105.83516629999991,57.673319508109444
20.998063699999985,105.83546629999991,57.60351704477559
20.998063699999985,105.8357662999999,57.23658358725474
20.998063699999985,105.8360662999999,58.400684282852744
20.998063699999985,105.8363662999999,62.050329547727415
20.998063699999985,105.83666629999989,60.738633082380545
20.998063699999985,105.83696629999989,60.6173332476568
20.998063699999985,105.83726629999988,52.81001602045528
20.998063699999985,105.83756629999988,65.63655916617341
20.998063699999985,105.83786629999987,54.313817993568534
20.998063699999985,105.83816629999987,53.948061546854376
20.998063699999985,105.83846629999987,56.559001726519845
20.998063699999985,105.83876629999986,67.87427440455095
20.998063699999985,105.83906629999986,64.5953511030253
20.998063699999985,105.83936629999985,64.75284692241786
20.998063699999985,105.83966629999985,69.31960083818147
20.998063699999985,105.83996629999984,71.43790993276362
20.998063699999985,105.84026629999984,65.91387610283408
20.998063699999985,105.84056629999984,58.4211554961611
20.998063699999985,105.84086629999983,66.01151570117521
20.998063699999985,105.84116629999983,58.97105125631982
20.998063699999985,105.84146629999982,60.86855394328648
20.998063699999985,105.84176629999982,54.663774307265896
20.998063699999985,105.84206629999981,52.14291813981489
20.998063699999985,105.84236629999981,61.29552303130663
20.998063699999985,105.8426662999998,55.78962287406954
20.998063699999985,105.8429662999998,57.239754250226504
20.998063699999985,105.8432662999998,55.19213754961609
20.998063699999985,105.8435662999998,55.996924641797875
20.998063699999985,105.84386629999979,55.489190804177014
20.998063699999985,105.84416629999978,53.25051206591668
20.998063699999985,105.84446629999978,53.02968075870418
20.998063699999985,105.84476629999978,55.72283370669953
20.998063699999985,105.84506629999977,52.62379543184665
20.998063699999985,105.84536629999977,54.42297326206674
20.998063699999985,105.84566629999976,60.262487441698426
20.998063699999985,105.84596629999976,63.00846954172243
20.998063699999985,105.84626629999975,58.0143002149196
20.998063699999985,105.84656629999975,65.63552334644267
20.998063699999985,105.84686629999975,67.3493866496712
20.998063699999985,105.84716629999974,56.362936349460924
20.998063699999985,105.84746629999974,58.61886146482864
20.998063699999985,105.84776629999973,58.98069288479811
20.998063699999985,105.84806629999973,59.21311193864413
20.998063699999985,105.84836629999973,60.614386411089406
20.998063699999985,105.84866629999972,61.119024873725174
20.998063699999985,105.84896629999972,61.00568751893269
20.998063699999985,105.84926629999971,60.61524996901133
20.998063699999985,105.84956629999971,59.97999309291012
20.998063699999985,105.8498662999997,60.79363673473616
20.998063699999985,105.8501662999997,69.64555453993796
20.998063699999985,105.8504662999997,58.85288782952529
20.998063699999985,105.85076629999969,58.40096501584049
20.998063699999985,105.85106629999969,59.16060119427296
20.998063699999985,105.85136629999968,59.05747405530498
20.998063699999985,105.85166629999968,59.68466183780074
20.998063699999985,105.85196629999967,57.8259032398825
20.998063699999985,105.85226629999967,58.04046285360644
20.998063699999985,105.85256629999967,57.692608021829884
20.998063699999985,105.85286629999966,65.6016287432871
20.998063699999985,105.85316629999966,62.85180087331733
20.998063699999985,105.85346629999965,59.18115705874479
20.998063699999985,105.85376629999965,59.180219063311505
20.998063699999985,105.85406629999964,60.137880152201795
20.998063699999985,105.85436629999964,67.32290804539444
20.998063699999985,105.85466629999964,72.42226492996134
20.998063699999985,105.85496629999963,69.11374400143953
20.998063699999985,105.85526629999963,60.948221394017835
20.998063699999985,105.85556629999962,63.32876618530239
20.998063699999985,105.85586629999962,64.58317539242866
20.998063699999985,105.85616629999961,64.52652017776704
20.998063699999985,105.85646629999961,65.28211144936493
20.998063699999985,105.8567662999996,64.98886676927366
20.998063699999985,105.8570662999996,64.98886676927366
20.998063699999985,105.8573662999996,64.98886676927366
20.998063699999985,105.8576662999996,64.98886676927366
20.998363699999985,105.8291663,62.03244440385285
20.998363699999985,105.82946629999999,62.03244440385285
20.998363699999985,105.82976629999999,61.47281946617401
20.998363699999985,105.83006629999998,62.206866800570886
20.998363699999985,105.83036629999998,60.481089138284744
20.998363699999985,105.83066629999998,60.481089138284744
20.998363699999985,105.83096629999997,63.03242874383416
20.998363699999985,105.83126629999997,64.18882102198937
20.998363699999985,105.83156629999996,63.52868797279646
20.998363699999985,105.83186629999996,63.57504617673702
20.998363699999985,105.83216629999995,64.15732352902138
20.998363699999985,105.83246629999995,63.52016761130634
20.998363699999985,105.83276629999995,62.962986788172806
20.998363699999985,105.83306629999994,62.0901764516805
20.998363699999985,105.83336629999994,62.683660800022444
20.998363699999985,105.83366629999993,60.78412058787745
20.998363699999985,105.83396629999993,61.24405522670752
20.998363699999985,105.83426629999992,60.37749523218768
20.998363699999985,105.83456629999992,58.09622707177928
20.998363699999985,105.83486629999992,57.210643012807076
20.998363699999985,105.83516629999991,57.65170865035283
20.998363699999985,105.83546629999991,57.65170865035283
20.998363699999985,105.8357662999999,58.11027250922992
20.998363699999985,105.8360662999999,54.98820195457659
20.998363699999985,105.8363662999999,65.2619130230192
20.998363699999985,105.83666629999989,57.428747786555085
20.998363699999985,105.83696629999989,58.41148758448143
20.998363699999985,105.83726629999988,57.471930914777474
20.998363699999985,105.83756629999988,60.18453001151854
20.998363699999985,105.83786629999987,63.90198585504021
20.998363699999985,105.83816629999987,67.43152145131417
20.998363699999985,105.83846629999987,65.76217383165769
20.998363699999985,105.83876629999986,69.3609732191618
20.998363699999985,105.83906629999986,71.11686275293975
20.998363699999985,105.83936629999985,71.57118570624775
20.998363699999985,105.83966629999985,68.85533019536204
20.998363699999985,105.83996629999984,65.48465700135061
20.998363699999985,105.84026629999984,62.32020734744853
20.998363699999985,105.84056629999984,61.628629230294116
20.998363699999985,105.84086629999983,67.43063943915297
20.998363699999985,105.84116629999983,64.31988914224605
20.998363699999985,105.84146629999982,57.344541196498554
20.998363699999985,105.84176629999982,52.20606636317013
20.998363699999985,105.84206629999981,58.471859427715366
20.998363699999985,105.84236629999981,57.22860916818258
20.998363699999985,105.8426662999998,55.79035422324214
20.998363699999985,105.8429662999998,59.90207412852956
20.998363699999985,105.8432662999998,57.748724771655496
20.998363699999985,105.8435662999998,57.94076329975018
20.998363699999985,105.84386629999979,54.113453667591365
20.998363699999985,105.84416629999978,57.85733661687808
20.998363699999985,105.84446629999978,57.68099299195284
20.998363699999985,105.84476629999978,56.75457287668417
20.998363699999985,105.84506629999977,56.78501315098384
20.998363699999985,105.84536629999977,58.52981559319381
20.998363699999985,105.84566629999976,61.32516202305864
20.998363699999985,105.84596629999976,62.97176305829141
20.998363699999985,105.84626629999975,67.45054720607556
20.998363699999985,105.84656629999975,58.03385993204665
20.998363699999985,105.84686629999975,64.40962043697924
20.998363699999985,105.84716629999974,65.64083354266843
20.998363699999985,105.84746629999974,54.74863924996774
20.998363699999985,105.84776629999973,59.33237744362433
20.998363699999985,105.84806629999973,59.21311193864413
20.998363699999985,105.84836629999973,61.1611557613752
20.998363699999985,105.84866629999972,60.5235448898695
20.998363699999985,105.84896629999972,59.29677394310172
20.998363699999985,105.84926629999971,61.51075665827509
20.998363699999985,105.84956629999971,61.97297155407112
20.998363699999985,105.8498662999997,59.03572353897809
20.998363699999985,105.8501662999997,66.56433066919637
20.998363699999985,105.8504662999997,62.15265709210371
20.998363699999985,105.85076629999969,58.75460725506967
20.998363699999985,105.85106629999969,58.06499130101234
20.998363699999985,105.85136629999968,58.114895268294404
20.998363699999985,105.85166629999968,62.74942114924771
20.998363699999985,105.85196629999967,66.13932697289694
20.998363699999985,105.85226629999967,66.02225234955212
20.998363699999985,105.85256629999967,57.89487085639232
20.998363699999985,105.85286629999966,63.64283531176631
20.998363699999985,105.85316629999966,67.22884595712357
20.998363699999985,105.85346629999965,60.137880152201795
20.998363699999985,105.85376629999965,61.57749392266758
20.998363699999985,105.85406629999964,62.592717142136046
20.998363699999985,105.85436629999964,73.59414770478999
20.998363699999985,105.85466629999964,73.70476549560782
20.998363699999985,105.85496629999963,73.54310341545757
20.998363699999985,105.85526629999963,63.88690520776397
20.998363699999985,105.85556629999962,63.721980853123036
20.998363699999985,105.85586629999962,64.63255562600034
20.998363699999985,105.85616629999961,64.98886676927366
20.998363699999985,105.85646629999961,64.98886676927366
20.998363699999985,105.8567662999996,64.98886676927366
20.998363699999985,105.8570662999996,64.98886676927366
20.998363699999985,105.8573662999996,65.20227778376376
20.998363699999985,105.8576662999996,65.06481374818483
20.998663699999984,105.8291663,62.03244440385285
20.998663699999984,105.82946629999999,62.03244440385285
20.998663699999984,105.82976629999999,61.47281946617401
20.998663699999984,105.83006629999998,62.47395732020478
20.998663699999984,105.83036629999998,60.481089138284744
20.998663699999984,105.83066629999998,60.482873234773905
20.998663699999984,105.83096629999997,60.547456807841016
20.998663699999984,105.83126629999997,63.52016761130634
20.998663699999984,105.83156629999996,63.56538352210006
20.998663699999984,105.83186629999996,64.19617235787463
20.998663699999984,105.83216629999995,63.03242874383416
20.998663699999984,105.83246629999995,62.09039791275368
20.998663699999984,105.83276629999995,61.700664334406845
20.998663699999984,105.83306629999994,60.40179422511488
20.998663699999984,105.83336629999994,60.31175292225506
20.998663699999984,105.83366629999993,59.250508380861746
20.998663699999984,105.83396629999993,58.69360351187
20.998663699999984,105.83426629999992,60.46936435333004
20.998663699999984,105.83456629999992,54.25207082442729
20.998663699999984,105.83486629999992,56.8746442265163
20.998663699999984,105.83516629999991,57.627568051537736
20.998663699999984,105.83546629999991,53.8403122093328
20.998663699999984,105.8357662999999,58.78450408733295
20.998663699999984,105.8360662999999,64.02187110081294
20.998663699999984,105.8363662999999,63.6648244713012
20.998663699999984,105.83666629999989,60.948778865139104
20.998663699999984,105.83696629999989,67.03374671268254
20.998663699999984,105.83726629999988,64.35060896675691
20.998663699999984,105.83756629999988,70.74346064897935
20.998663699999984,105.83786629999987,66.7314617690128
20.998663699999984,105.83816629999987,66.20866024484741
20.998663699999984,105.83846629999987,65.11308831685322
20.998663699999984,105.83876629999986,61.93495732553367
20.998663699999984,105.83906629999986,65.74222492289739
20.998663699999984,105.83936629999985,61.78234737594414
20.998663699999984,105.83966629999985,53.15534110012913
20.998663699999984,105.83996629999984,57.675113152988054
20.998663699999984,105.84026629999984,57.4461759536763
20.998663699999984,105.84056629999984,56.360453051028074
20.998663699999984,105.84086629999983,51.35878420726137
20.998663699999984,105.84116629999983,64.41083176923237
20.998663699999984,105.84146629999982,62.279543939316866
20.998663699999984,105.84176629999982,53.105151497865634
20.998663699999984,105.84206629999981,60.434624869555556
20.998663699999984,105.84236629999981,58.04370613462196
20.998663699999984,105.8426662999998,55.31020753465324
20.998663699999984,105.8429662999998,57.9660527556034
20.998663699999984,105.8432662999998,57.582630596709684
20.998663699999984,105.8435662999998,52.59218232667875
20.998663699999984,105.84386629999979,54.09567348800633
20.998663699999984,105.84416629999978,57.82499313773012
20.998663699999984,105.84446629999978,57.81642322995009
20.998663699999984,105.84476629999978,58.25477202008667
20.998663699999984,105.84506629999977,65.07101232216623
20.998663699999984,105.84536629999977,63.19729844542737
20.998663699999984,105.84566629999976,63.19322450961412
20.998663699999984,105.84596629999976,64.60257778919998
20.998663699999984,105.84626629999975,55.61416990362998
20.998663699999984,105.84656629999975,58.66947974260909
20.998663699999984,105.84686629999975,56.337473146071
20.998663699999984,105.84716629999974,60.968963939050845
20.998663699999984,105.84746629999974,64.34233902034507
20.998663699999984,105.84776629999973,56.47498339893475
20.998663699999984,105.84806629999973,60.9688877304003
20.998663699999984,105.84836629999973,60.57658667823318
20.998663699999984,105.84866629999972,59.87062096341465
20.998663699999984,105.84896629999972,62.80412565792007
20.998663699999984,105.84926629999971,64.16917354728992
20.998663699999984,105.84956629999971,64.37628691950272
20.998663699999984,105.8498662999997,63.71616635165927
20.998663699999984,105.8501662999997,67.8203527653428
20.998663699999984,105.8504662999997,68.16006557202402
20.998663699999984,105.85076629999969,67.92752416675411
20.998663699999984,105.85106629999969,67.26559140387072
20.998663699999984,105.85136629999968,69.9913145188128
20.998663699999984,105.85166629999968,67.45139462402929
20.998663699999984,105.85196629999967,60.50797006758978
20.998663699999984,105.85226629999967,67.55702312573219
20.998663699999984,105.85256629999967,68.3579285631949
20.998663699999984,105.85286629999966,58.223641469892634
20.998663699999984,105.85316629999966,72.39962993251856
20.998663699999984,105.85346629999965,64.38340768521027
20.998663699999984,105.85376629999965,70.63301448804737
20.998663699999984,105.85406629999964,70.73996958273463
20.998663699999984,105.85436629999964,73.20044504714934
20.998663699999984,105.85466629999964,73.20817965158727
20.998663699999984,105.85496629999963,72.68614519952266
20.998663699999984,105.85526629999963,68.77722256074331
20.998663699999984,105.85556629999962,66.9195986239474
20.998663699999984,105.85586629999962,65.358418103837
20.998663699999984,105.85616629999961,64.22977923123238
20.998663699999984,105.85646629999961,65.06481374818483
20.998663699999984,105.8567662999996,64.98886676927366
20.998663699999984,105.8570662999996,65.24702595844751
20.998663699999984,105.8573662999996,63.26485936032988
20.998663699999984,105.8576662999996,67.23238341672193
20.998963699999983,105.8291663,62.03244440385285
20.998963699999983,105.82946629999999,61.47281946617401
20.998963699999983,105.82976629999999,61.3660407594424
20.998963699999983,105.83006629999998,62.49415615334198
20.998963699999983,105.83036629999998,60.90466177209787
20.998963699999983,105.83066629999998,62.87047893226201
20.998963699999983,105.83096629999997,62.81672078240384
20.998963699999983,105.83126629999997,64.15732352902138
20.998963699999983,105.83156629999996,63.52016761130634
20.998963699999983,105.83186629999996,63.03242874383416
20.998963699999983,105.83216629999995,62.81672078240384
20.998963699999983,105.83246629999995,61.65099632697798
20.998963699999983,105.83276629999995,61.76395380954881
20.998963699999983,105.83306629999994,59.753664906839006
20.998963699999983,105.83336629999994,59.18650270265671
20.998963699999983,105.83366629999993,58.785666292117135
20.998963699999983,105.83396629999993,56.43961418101622
20.998963699999983,105.83426629999992,58.38812145494118
20.998963699999983,105.83456629999992,60.61045399571514
20.998963699999983,105.83486629999992,63.25983400844939
20.998963699999983,105.83516629999991,62.1897531706949
20.998963699999983,105.83546629999991,63.5825407511221
20.998963699999983,105.8357662999999,60.99721203206555
20.998963699999983,105.8360662999999,59.559122489840945
20.998963699999983,105.8363662999999,60.55952453219546
20.998963699999983,105.83666629999989,57.07993435695265
20.998963699999983,105.83696629999989,64.69936166851335
20.998963699999983,105.83726629999988,69.56679138472066
20.998963699999983,105.83756629999988,63.15072491773676
20.998963699999983,105.83786629999987,62.01406956267061
20.998963699999983,105.83816629999987,62.7749913461512
20.998963699999983,105.83846629999987,53.943626409724814
20.998963699999983,105.83876629999986,55.20163250094287
20.998963699999983,105.83906629999986,57.187165137942905
20.998963699999983,105.83936629999985,60.93558854124154
20.998963699999983,105.83966629999985,63.30459851351314
20.998963699999983,105.83996629999984,56.72829241454082
20.998963699999983,105.84026629999984,62.08491311980402
20.998963699999983,105.84056629999984,58.63181892633242
20.998963699999983,105.84086629999983,58.52583584657059
20.998963699999983,105.84116629999983,64.12888175369207
20.998963699999983,105.84146629999982,61.793210874193704
20.998963699999983,105.84176629999982,59.09550850524483
20.998963699999983,105.84206629999981,58.50390347651273
20.998963699999983,105.84236629999981,59.17175397657103
20.998963699999983,105.8426662999998,57.5269789464075
20.998963699999983,105.8429662999998,56.06492251047571
20.998963699999983,105.8432662999998,52.5972791129805
20.998963699999983,105.8435662999998,54.03216302031326
20.998963699999983,105.84386629999979,54.91159304428861
20.998963699999983,105.84416629999978,56.00655279887466
20.998963699999983,105.84446629999978,57.992548856333336
20.998963699999983,105.84476629999978,57.6866896212078
20.998963699999983,105.84506629999977,60.50049145867418
20.998963699999983,105.84536629999977,55.6187675182983
20.998963699999983,105.84566629999976,63.24242388776594
20.998963699999983,105.84596629999976,61.81381789959609
20.998963699999983,105.84626629999975,55.9214190327107
20.998963699999983,105.84656629999975,57.02005217955941
20.998963699999983,105.84686629999975,57.90587382153563
20.998963699999983,105.84716629999974,56.017189384771704
20.998963699999983,105.84746629999974,58.57013014665427
20.998963699999983,105.84776629999973,70.14128989260173
20.998963699999983,105.84806629999973,61.34559158528429
20.998963699999983,105.84836629999973,61.380837982837065
20.998963699999983,105.84866629999972,61.26511260938948
20.998963699999983,105.84896629999972,63.04772629213772
20.998963699999983,105.84926629999971,63.48773720898145
20.998963699999983,105.84956629999971,64.72931967496314
20.998963699999983,105.8498662999997,64.03084841516316
20.998963699999983,105.8501662999997,65.41307526818281
20.998963699999983,105.8504662999997,64.20150117071084
20.998963699999983,105.85076629999969,61.65034225363386
20.998963699999983,105.85106629999969,57.95157568564546
20.998963699999983,105.85136629999968,58.1792554300384
20.998963699999983,105.85166629999968,59.373119884637916
20.998963699999983,105.85196629999967,59.53212774687733
20.998963699999983,105.85226629999967,58.18641575468892
20.998963699999983,105.85256629999967,69.07179327684021
20.998963699999983,105.85286629999966,67.3408401323617
20.998963699999983,105.85316629999966,68.27031881686555
20.998963699999983,105.85346629999965,70.61619323313312
20.998963699999983,105.85376629999965,64.17863140749088
20.998963699999983,105.85406629999964,66.95464995021864
20.998963699999983,105.85436629999964,67.46052116527285
20.998963699999983,105.85466629999964,67.20828879712751
20.998963699999983,105.85496629999963,67.10682701101567
20.998963699999983,105.85526629999963,66.66157819639753
20.998963699999983,105.85556629999962,68.856800778165
20.998963699999983,105.85586629999962,73.01075476149104
20.998963699999983,105.85616629999961,71.34492008783536
20.998963699999983,105.85646629999961,63.26485936032988
20.998963699999983,105.8567662999996,65.06481374818483
20.998963699999983,105.8570662999996,65.25421141260075
20.998963699999983,105.8573662999996,72.71026281281209
20.998963699999983,105.8576662999996,67.23238341672193
20.999263699999982,105.8291663,61.47281946617401
20.999263699999982,105.82946629999999,61.89931149890066
20.999263699999982,105.82976629999999,62.537200003355856
20.999263699999982,105.83006629999998,59.93705141180081
20.999263699999982,105.83036629999998,60.935686478902845
20.999263699999982,105.83066629999998,62.87047893226201
20.999263699999982,105.83096629999997,63.01751879625499
20.999263699999982,105.83126629999997,62.90977406302577
20.999263699999982,105.83156629999996,62.81672078240384
20.999263699999982,105.83186629999996,60.1933981667396
20.999263699999982,105.83216629999995,60.54361068740801
20.999263699999982,105.83246629999995,58.82268292319122
20.999263699999982,105.83276629999995,62.027099950323574
20.999263699999982,105.83306629999994,62.53687359000885
20.999263699999982,105.83336629999994,65.02983569870007
20.999263699999982,105.83366629999993,70.39963827287863
20.999263699999982,105.83396629999993,59.65062702610198
20.999263699999982,105.83426629999992,59.464839674086804
20.999263699999982,105.83456629999992,64.2380038964672
20.999263699999982,105.83486629999992,61.98947030425577
20.999263699999982,105.83516629999991,66.3582749272643
20.999263699999982,105.83546629999991,61.2923059107207
20.999263699999982,105.8357662999999,60.67412441414136
20.999263699999982,105.8360662999999,59.86900516621339
20.999263699999982,105.8363662999999,56.92317946705001
20.999263699999982,105.83666629999989,61.02891939451516
20.999263699999982,105.83696629999989,55.02940526312196
20.999263699999982,105.83726629999988,53.95917668614434
20.999263699999982,105.83756629999988,58.51798038567813
20.999263699999982,105.83786629999987,68.12166489389092
20.999263699999982,105.83816629999987,56.49824192840591
20.999263699999982,105.83846629999987,55.48048513125128
20.999263699999982,105.83876629999986,53.897260069001725
20.999263699999982,105.83906629999986,59.66359464144787
20.999263699999982,105.83936629999985,67.13976609470176
20.999263699999982,105.83966629999985,67.00573609415912
20.999263699999982,105.83996629999984,68.549831483301
20.999263699999982,105.84026629999984,65.51391180719257
20.999263699999982,105.84056629999984,66.87888829452702
20.999263699999982,105.84086629999983,61.83618006321827
20.999263699999982,105.84116629999983,63.03687374419059
20.999263699999982,105.84146629999982,60.93954783369859
20.999263699999982,105.84176629999982,59.83231097484671
20.999263699999982,105.84206629999981,58.65399574117108
20.999263699999982,105.84236629999981,56.23649761911268
20.999263699999982,105.8426662999998,55.567157822228744
20.999263699999982,105.8429662999998,57.70801273558891
20.999263699999982,105.8432662999998,55.45008944238538
20.999263699999982,105.8435662999998,56.31622497210715
20.999263699999982,105.84386629999979,55.58462575524466
20.999263699999982,105.84416629999978,54.51138072061008
20.999263699999982,105.84446629999978,56.147529389471224
20.999263699999982,105.84476629999978,54.45626829221217
20.999263699999982,105.84506629999977,55.36963877595493
20.999263699999982,105.84536629999977,59.37451211318414
20.999263699999982,105.84566629999976,58.09806388668028
20.999263699999982,105.84596629999976,56.39349342580789
20.999263699999982,105.84626629999975,55.99627297752446
20.999263699999982,105.84656629999975,54.21524363778421
20.999263699999982,105.84686629999975,57.262841626620435
20.999263699999982,105.84716629999974,63.646218266076694
20.999263699999982,105.84746629999974,61.26296441183817
20.999263699999982,105.84776629999973,64.11879580982375
20.999263699999982,105.84806629999973,71.420945675276
20.999263699999982,105.84836629999973,62.64934668247624
20.999263699999982,105.84866629999972,61.470064143685676
20.999263699999982,105.84896629999972,60.78540054613533
20.999263699999982,105.84926629999971,63.15389116381635
20.999263699999982,105.84956629999971,63.48773720898145
20.999263699999982,105.8498662999997,64.8944560726136
20.999263699999982,105.8501662999997,65.72007745492208
20.999263699999982,105.8504662999997,66.86020828923992
20.999263699999982,105.85076629999969,61.98468999178057
20.999263699999982,105.85106629999969,60.40660156671079
20.999263699999982,105.85136629999968,60.06524746032682
20.999263699999982,105.85166629999968,58.61833560198264
20.999263699999982,105.85196629999967,58.9767410769648
20.999263699999982,105.85226629999967,58.05552692353124
20.999263699999982,105.85256629999967,62.99744214932737
20.999263699999982,105.85286629999966,64.6299095731997
20.999263699999982,105.85316629999966,68.04733070274955
20.999263699999982,105.85346629999965,70.58467166705333
20.999263699999982,105.85376629999965,60.723775929389355
20.999263699999982,105.85406629999964,62.11055433710184
20.999263699999982,105.85436629999964,62.16954513812353
20.999263699999982,105.85466629999964,61.879188942533034
20.999263699999982,105.85496629999963,63.04835592498849
20.999263699999982,105.85526629999963,63.35164573024939
20.999263699999982,105.85556629999962,64.09940290581902
20.999263699999982,105.85586629999962,65.25421141260075
20.999263699999982,105.85616629999961,70.77961316788347
20.999263699999982,105.85646629999961,64.92113554932489
20.999263699999982,105.8567662999996,67.20276329608821
20.999263699999982,105.8570662999996,71.22138048193851
20.999263699999982,105.8573662999996,71.23790348966779
20.999263699999982,105.8576662999996,63.90081142158911
20.99956369999998,105.8291663,62.26505029026834
20.99956369999998,105.82946629999999,61.43114391952794
20.99956369999998,105.82976629999999,62.433008362822555
20.99956369999998,105.83006629999998,62.537200003355856
20.99956369999998,105.83036629999998,60.47935516021917
20.99956369999998,105.83066629999998,60.017111474237964
20.99956369999998,105.83096629999997,60.900815651664864
20.99956369999998,105.83126629999997,61.610246258637474
20.99956369999998,105.83156629999996,62.80384821803863
20.99956369999998,105.83186629999996,66.36525224342607
20.99956369999998,105.83216629999995,70.09678418680069
20.99956369999998,105.83246629999995,71.27784463753675
20.99956369999998,105.83276629999995,67.42523779695088
20.99956369999998,105.83306629999994,61.948319519786345
20.99956369999998,105.83336629999994,65.03614535574408
20.99956369999998,105.83366629999993,68.98699068107886
20.99956369999998,105.83396629999993,60.259219519384516
20.99956369999998,105.83426629999992,61.72004458365997
20.99956369999998,105.83456629999992,59.59583785785725
20.99956369999998,105.83486629999992,56.36090949287679
20.99956369999998,105.83516629999991,60.09694904278914
20.99956369999998,105.83546629999991,61.49298547248297
20.99956369999998,105.8357662999999,68.57038130083107
20.99956369999998,105.8360662999999,58.71924665186376
20.99956369999998,105.8363662999999,56.215985402079674
20.99956369999998,105.83666629999989,55.24773380799125
20.99956369999998,105.83696629999989,57.698489784522835
20.99956369999998,105.83726629999988,58.73339903396371
20.99956369999998,105.83756629999988,69.58478739322258
20.99956369999998,105.83786629999987,69.00397018096149
20.99956369999998,105.83816629999987,55.845869308974436
20.99956369999998,105.83846629999987,54.53500469440333
20.99956369999998,105.83876629999986,55.32030409900572
20.99956369999998,105.83906629999986,56.506525600959
20.99956369999998,105.83936629999985,59.31000285900993
20.99956369999998,105.83966629999985,56.86959054991818
20.99956369999998,105.83996629999984,60.47162660541739
20.99956369999998,105.84026629999984,57.678698210853476
20.99956369999998,105.84056629999984,57.27782448249578
20.99956369999998,105.84086629999983,57.0422542392782
20.99956369999998,105.84116629999983,64.0697476109257
20.99956369999998,105.84146629999982,64.36311554130548
20.99956369999998,105.84176629999982,61.24377783800038
20.99956369999998,105.84206629999981,55.41346650458107
20.99956369999998,105.84236629999981,58.583694469554956
20.99956369999998,105.8426662999998,57.5269789464075
20.99956369999998,105.8429662999998,57.09714941517774
20.99956369999998,105.8432662999998,55.378861059132525
20.99956369999998,105.8435662999998,55.400679317556424
20.99956369999998,105.84386629999979,55.68561331593538
20.99956369999998,105.84416629999978,53.620668979688304
20.99956369999998,105.84446629999978,58.01897227546954
20.99956369999998,105.84476629999978,55.77764033601366
20.99956369999998,105.84506629999977,54.582128198443016
20.99956369999998,105.84536629999977,64.11582933123394
20.99956369999998,105.84566629999976,59.7655914544849
20.99956369999998,105.84596629999976,55.19140411641511
20.99956369999998,105.84626629999975,56.27673828801444
20.99956369999998,105.84656629999975,56.3486856251193
20.99956369999998,105.84686629999975,57.956078204021175
20.99956369999998,105.84716629999974,58.606609629084886
20.99956369999998,105.84746629999974,61.2328028301739
20.99956369999998,105.84776629999973,61.161395548293115
20.99956369999998,105.84806629999973,61.66614376430489
20.99956369999998,105.84836629999973,65.77593387344118
20.99956369999998,105.84866629999972,62.98417072968805
20.99956369999998,105.84896629999972,59.94614820777296
20.99956369999998,105.84926629999971,61.0762255069509
20.99956369999998,105.84956629999971,63.79124123453518
20.99956369999998,105.8498662999997,64.48963863122874
20.99956369999998,105.8501662999997,62.49289939740993
20.99956369999998,105.8504662999997,68.00173838483265
20.99956369999998,105.85076629999969,66.06418731771767
20.99956369999998,105.85106629999969,59.57067843463138
20.99956369999998,105.85136629999968,58.46583615063829
20.99956369999998,105.85166629999968,60.30950009271855
20.99956369999998,105.85196629999967,59.15332250633362
20.99956369999998,105.85226629999967,58.058494850141294
20.99956369999998,105.85256629999967,59.21684294667082
20.99956369999998,105.85286629999966,57.3033487242448
20.99956369999998,105.85316629999966,70.79797953336393
20.99956369999998,105.85346629999965,67.28947929704574
20.99956369999998,105.85376629999965,64.17682527550484
20.99956369999998,105.85406629999964,58.8710821405482
20.99956369999998,105.85436629999964,59.736979955452156
20.99956369999998,105.85466629999964,60.06524746032682
20.99956369999998,105.85496629999963,61.482868697989204
20.99956369999998,105.85526629999963,61.49382254596972
20.99956369999998,105.85556629999962,63.31689787935524
20.99956369999998,105.85586629999962,65.25421141260075
20.99956369999998,105.85616629999961,68.89279196122845
20.99956369999998,105.85646629999961,71.0267052396419
20.99956369999998,105.8567662999996,70.77961316788347
20.99956369999998,105.8570662999996,63.26485936032988
20.99956369999998,105.8573662999996,65.07578360007474
20.99956369999998,105.8576662999996,65.06481374818483
20.99986369999998,105.8291663,61.3660407594424
20.99986369999998,105.82946629999999,62.64208886128199
20.99986369999998,105.82976629999999,61.56694998322858
20.99986369999998,105.83006629999998,61.87247973242485
20.99986369999998,105.83036629999998,61.56636785970797
20.99986369999998,105.83066629999998,65.73540999059412
20.99986369999998,105.83096629999997,69.40818964229773
20.99986369999998,105.83126629999997,68.40706224004549
20.99986369999998,105.83156629999996,69.4189315719496
20.99986369999998,105.83186629999996,68.66749533987476
20.99986369999998,105.83216629999995,69.2995103627746
20.99986369999998,105.83246629999995,69.92876937169758
20.99986369999998,105.83276629999995,66.08801359707661
20.99986369999998,105.83306629999994,63.86173627050363
20.99986369999998,105.83336629999994,59.33462979310981
20.99986369999998,105.83366629999993,56.47627760080471
20.99986369999998,105.83396629999993,57.08180978120029
20.99986369999998,105.83426629999992,56.76751189177003
20.99986369999998,105.83456629999992,56.92890356803538
20.99986369999998,105.83486629999992,57.0683042413655
20.99986369999998,105.83516629999991,62.970198614371256
20.99986369999998,105.83546629999991,60.911592941320954
20.99986369999998,105.8357662999999,61.95127675972929
20.99986369999998,105.8360662999999,55.98990333536951
20.99986369999998,105.8363662999999,56.01694391715058
20.99986369999998,105.83666629999989,55.300879390264846
20.99986369999998,105.83696629999989,57.58536637664142
20.99986369999998,105.83726629999988,58.36765827981364
20.99986369999998,105.83756629999988,69.6458759112357
20.99986369999998,105.83786629999987,58.463850497770004
20.99986369999998,105.83816629999987,57.24036973009425
20.99986369999998,105.83846629999987,57.017223614764944
20.99986369999998,105.83876629999986,60.233786104883535
20.99986369999998,105.83906629999986,62.53455514593589
20.99986369999998,105.83936629999985,61.81810667185902
20.99986369999998,105.83966629999985,57.85685372708253
20.99986369999998,105.83996629999984,61.686177071596425
20.99986369999998,105.84026629999984,61.30207400423355
20.99986369999998,105.84056629999984,56.75449020056714
20.99986369999998,105.84086629999983,55.21373312498515
20.99986369999998,105.84116629999983,70.69979212490777
20.99986369999998,105.84146629999982,72.43644606820433
20.99986369999998,105.84176629999982,63.09621433636303
20.99986369999998,105.84206629999981,56.037508849829756
20.99986369999998,105.84236629999981,56.376029742218236
20.99986369999998,105.8426662999998,57.85733661687808
20.99986369999998,105.8429662999998,57.57564166016124
20.99986369999998,105.8432662999998,55.374969287797335
20.99986369999998,105.8435662999998,54.59905342240175
20.99986369999998,105.84386629999979,55.84532928785543
20.99986369999998,105.84416629999978,59.53088999716849
20.99986369999998,105.84446629999978,56.29876929720415
20.99986369999998,105.84476629999978,61.70558203978333
20.99986369999998,105.84506629999977,59.19399186722295
20.99986369999998,105.84536629999977,68.61080551814548
20.99986369999998,105.84566629999976,55.72920054568882
20.99986369999998,105.84596629999976,57.24336799832196
20.99986369999998,105.84626629999975,56.96550581872317
20.99986369999998,105.84656629999975,56.77101751676621
20.99986369999998,105.84686629999975,57.90425947551418
20.99986369999998,105.84716629999974,60.4063331784593
20.99986369999998,105.84746629999974,60.63285466191979
20.99986369999998,105.84776629999973,53.26298076281203
20.99986369999998,105.84806629999973,52.06363225982487
20.99986369999998,105.84836629999973,59.55560548807732
20.99986369999998,105.84866629999972,65.14373604874706
20.99986369999998,105.84896629999972,63.00311414963685
20.99986369999998,105.84926629999971,60.243715642403416
20.99986369999998,105.84956629999971,60.87257236934323
20.99986369999998,105.8498662999997,60.87257236934323
20.99986369999998,105.8501662999997,59.28498356054976
20.99986369999998,105.8504662999997,69.63395148780046
20.99986369999998,105.85076629999969,58.10548271895399
20.99986369999998,105.85106629999969,59.00615185985205
20.99986369999998,105.85136629999968,59.00615185985205
20.99986369999998,105.85166629999968,57.876870830445
20.99986369999998,105.85196629999967,59.306027701545084
20.99986369999998,105.85226629999967,58.54250321948992
20.99986369999998,105.85256629999967,58.856083141309384
20.99986369999998,105.85286629999966,59.1008464750078
20.99986369999998,105.85316629999966,66.61700915581753
20.99986369999998,105.85346629999965,64.98204831509213
20.99986369999998,105.85376629999965,66.92587301132355
20.99986369999998,105.85406629999964,58.06308370593276
20.99986369999998,105.85436629999964,59.12097848373891
20.99986369999998,105.85466629999964,59.02567690247964
20.99986369999998,105.85496629999963,59.0480963127349
20.99986369999998,105.85526629999963,59.736979955452156
20.99986369999998,105.85556629999962,62.0018819550653
20.99986369999998,105.85586629999962,62.31261503287697
20.99986369999998,105.85616629999961,71.71439911079632
20.99986369999998,105.85646629999961,72.09615695289352
20.99986369999998,105.8567662999996,71.70575231146445
20.99986369999998,105.8570662999996,64.00034172401269
20.99986369999998,105.8573662999996,64.98886676927366
20.99986369999998,105.8576662999996,65.15638229217754
21.00016369999998,105.8291663,62.43150489011591
21.00016369999998,105.82946629999999,65.12201318344144
21.00016369999998,105.82976629999999,65.96517448059079
21.00016369999998,105.83006629999998,67.88773461743041
21.00016369999998,105.83036629999998,67.91844410844931
21.00016369999998,105.83066629999998,69.9617560276557
21.00016369999998,105.83096629999997,70.92959140631389
21.00016369999998,105.83126629999997,67.46748176276267
21.00016369999998,105.83156629999996,70.96061611311887
21.00016369999998,105.83186629999996,65.39738251898112
21.00016369999998,105.83216629999995,63.20827997348078
21.00016369999998,105.83246629999995,61.28477899832387
21.00016369999998,105.83276629999995,57.16843491370034
21.00016369999998,105.83306629999994,59.26874685177358
21.00016369999998,105.83336629999994,60.77294055842416
21.00016369999998,105.83366629999993,59.731923694581546
21.00016369999998,105.83396629999993,54.781269871131705
21.00016369999998,105.83426629999992,56.56891782434398
21.00016369999998,105.83456629999992,57.12113240762968
21.00016369999998,105.83486629999992,59.720053834325384
21.00016369999998,105.83516629999991,59.42497974349532
21.00016369999998,105.83546629999991,62.6952371147027
21.00016369999998,105.8357662999999,59.54223094875169
21.00016369999998,105.8360662999999,72.55160943280977
21.00016369999998,105.8363662999999,70.87767746596973
21.00016369999998,105.83666629999989,62.18820427589357
21.00016369999998,105.83696629999989,67.71067011871986
21.00016369999998,105.83726629999988,70.87337865711247
21.00016369999998,105.83756629999988,68.55823304243363
21.00016369999998,105.83786629999987,53.080167038612736
21.00016369999998,105.83816629999987,57.47243513158049
21.00016369999998,105.83846629999987,59.220272477013616
21.00016369999998,105.83876629999986,57.657962491987625
21.00016369999998,105.83906629999986,56.379297401074716
21.00016369999998,105.83936629999985,59.40327385106713
21.00016369999998,105.83966629999985,59.519469278730504
21.00016369999998,105.83996629999984,60.66416739150605
21.00016369999998,105.84026629999984,60.14787697206082
21.00016369999998,105.84056629999984,60.08508686034874
21.00016369999998,105.84086629999983,57.23322438207519
21.00016369999998,105.84116629999983,69.13422126054611
21.00016369999998,105.84146629999982,74.16228285526509
21.00016369999998,105.84176629999982,59.441398701443894
21.00016369999998,105.84206629999981,58.796599346601866
21.00016369999998,105.84236629999981,55.99148485025582
21.00016369999998,105.8426662999998,56.04014054846169
21.00016369999998,105.8429662999998,57.677811849656464
21.00016369999998,105.8432662999998,54.09379468983025
21.00016369999998,105.8435662999998,59.67735038724357
21.00016369999998,105.84386629999979,59.845729225021174
21.00016369999998,105.84416629999978,59.845729225021174
21.00016369999998,105.84446629999978,61.145374758567264
21.00016369999998,105.84476629999978,61.55306569129551
21.00016369999998,105.84506629999977,58.67178031176744
21.00016369999998,105.84536629999977,67.93781340873595
21.00016369999998,105.84566629999976,66.22152617925443
21.00016369999998,105.84596629999976,68.37622750038804
21.00016369999998,105.84626629999975,70.57009462690516
21.00016369999998,105.84656629999975,68.40039532319244
21.00016369999998,105.84686629999975,66.1843154674524
21.00016369999998,105.84716629999974,62.659483900091715
21.00016369999998,105.84746629999974,65.09625654703618
21.00016369999998,105.84776629999973,61.43910963674667
21.00016369999998,105.84806629999973,60.49531648113018
21.00016369999998,105.84836629999973,63.87215141524194
21.00016369999998,105.84866629999972,57.35475900253219
21.00016369999998,105.84896629999972,63.12077663373136
21.00016369999998,105.84926629999971,58.56338755903199
21.00016369999998,105.84956629999971,59.1770151616179
21.00016369999998,105.8498662999997,59.066066682165
21.00016369999998,105.8501662999997,61.04758124517431
21.00016369999998,105.8504662999997,66.92237872389178
21.00016369999998,105.85076629999969,55.60704975414506
21.00016369999998,105.85106629999969,57.30714993106399
21.00016369999998,105.85136629999968,59.42015839789048
21.00016369999998,105.85166629999968,57.81418238342444
21.00016369999998,105.85196629999967,58.9767410769648
21.00016369999998,105.85226629999967,59.05747405530498
21.00016369999998,105.85256629999967,59.05396997368778
21.00016369999998,105.85286629999966,60.352224979870954
21.00016369999998,105.85316629999966,59.82823432365293
21.00016369999998,105.85346629999965,68.07822925866151
21.00016369999998,105.85376629999965,67.5378788027549
21.00016369999998,105.85406629999964,67.42674893551352
21.00016369999998,105.85436629999964,62.770194153565285
21.00016369999998,105.85466629999964,57.040524820264984
21.00016369999998,105.85496629999963,57.78251194967683
21.00016369999998,105.85526629999963,57.060280654511615
21.00016369999998,105.85556629999962,59.513505158047344
21.00016369999998,105.85586629999962,68.6477110844616
21.00016369999998,105.85616629999961,67.23238341672193
21.00016369999998,105.85646629999961,65.25421141260075
21.00016369999998,105.8567662999996,66.87128723111546
21.00016369999998,105.8570662999996,65.25421141260075
21.00016369999998,105.8573662999996,64.98886676927366
21.00016369999998,105.8576662999996,65.15638229217754
21.00046369999998,105.8291663,68.96108712149825
21.00046369999998,105.82946629999999,70.70685925051765
21.00046369999998,105.82976629999999,69.37716493549274
21.00046369999998,105.83006629999998,69.13734072100478
21.00046369999998,105.83036629999998,70.9964046471819
21.00046369999998,105.83066629999998,65.77120147023096
21.00046369999998,105.83096629999997,65.65322098345095
21.00046369999998,105.83126629999997,61.6043635806637
21.00046369999998,105.83156629999996,62.825758019612934
21.00046369999998,105.83186629999996,61.167745707366194
21.00046369999998,105.83216629999995,61.54036263825283
21.00046369999998,105.83246629999995,62.20848560602686
21.00046369999998,105.83276629999995,57.19869107667893
21.00046369999998,105.83306629999994,59.564471697231575
21.00046369999998,105.83336629999994,60.40678011655901
21.00046369999998,105.83366629999993,58.51893558626642
21.00046369999998,105.83396629999993,55.73448851093859
21.00046369999998,105.83426629999992,56.923914950070554
21.00046369999998,105.83456629999992,56.22406028016287
21.00046369999998,105.83486629999992,59.97548651714409
21.00046369999998,105.83516629999991,61.38955719403573
21.00046369999998,105.83546629999991,58.84233701762843
21.00046369999998,105.8357662999999,63.12375975257155
21.00046369999998,105.8360662999999,63.94370957731534
21.00046369999998,105.8363662999999,64.15543160872434
21.00046369999998,105.83666629999989,64.74944704051869
21.00046369999998,105.83696629999989,61.3038469045426
21.00046369999998,105.83726629999988,61.93671546669555
21.00046369999998,105.83756629999988,68.96203279517718
21.00046369999998,105.83786629999987,59.51237412381365
21.00046369999998,105.83816629999987,58.75967311299221
21.00046369999998,105.83846629999987,60.054295892353046
21.00046369999998,105.83876629999986,60.80822344765265
21.00046369999998,105.83906629999986,59.257280198834394
21.00046369999998,105.83936629999985,58.36501021557824
21.00046369999998,105.83966629999985,58.293795913973575
21.00046369999998,105.83996629999984,58.23233439739022
21.00046369999998,105.84026629999984,58.36501021557824
21.00046369999998,105.84056629999984,61.11862339461763
21.00046369999998,105.84086629999983,60.65227572486249
21.00046369999998,105.84116629999983,68.23365116479533
21.00046369999998,105.84146629999982,71.02038152595529
21.00046369999998,105.84176629999982,54.95581814612652
21.00046369999998,105.84206629999981,56.3137391543927
21.00046369999998,105.84236629999981,62.51211693039802
21.00046369999998,105.8426662999998,61.1930064206858
21.00046369999998,105.8429662999998,59.04642657005917
21.00046369999998,105.8432662999998,60.41775030709276
21.00046369999998,105.8435662999998,59.357288414139425
21.00046369999998,105.84386629999979,58.549545315164366
21.00046369999998,105.84416629999978,59.52657085271091
21.00046369999998,105.84446629999978,60.997407045567584
21.00046369999998,105.84476629999978,61.55306569129551
21.00046369999998,105.84506629999977,59.4310123298976
21.00046369999998,105.84536629999977,71.08535786818786
21.00046369999998,105.84566629999976,64.45524821903777
21.00046369999998,105.84596629999976,68.6491660390484
21.00046369999998,105.84626629999975,68.01303068354939
21.00046369999998,105.84656629999975,69.41723432706586
21.00046369999998,105.84686629999975,68.84149011184864
21.00046369999998,105.84716629999974,58.738151757963344
21.00046369999998,105.84746629999974,56.80022548629441
21.00046369999998,105.84776629999973,55.68946682575603
21.00046369999998,105.84806629999973,52.33896050664452
21.00046369999998,105.84836629999973,63.5685220400512
21.00046369999998,105.84866629999972,64.88207039330321
21.00046369999998,105.84896629999972,57.27102365107368
21.00046369999998,105.84926629999971,59.80418367484065
21.00046369999998,105.84956629999971,59.849095928410996
21.00046369999998,105.8498662999997,58.36813784355927
21.00046369999998,105.8501662999997,61.622211531450276
21.00046369999998,105.8504662999997,68.00671267270059
21.00046369999998,105.85076629999969,61.95587212227212
21.00046369999998,105.85106629999969,65.26689878477347
21.00046369999998,105.85136629999968,67.19353150770853
21.00046369999998,105.85166629999968,57.66371710554117
21.00046369999998,105.85196629999967,57.59083181980847
21.00046369999998,105.85226629999967,58.776318580893914
21.00046369999998,105.85256629999967,59.1151247569298
21.00046369999998,105.85286629999966,58.89402163534345
21.00046369999998,105.85316629999966,58.614562310641425
21.00046369999998,105.85346629999965,66.03673691229962
21.00046369999998,105.85376629999965,66.02767750931189
21.00046369999998,105.85406629999964,65.0912267166517
21.00046369999998,105.85436629999964,66.82018840520568
21.00046369999998,105.85466629999964,69.41224599586458
21.00046369999998,105.85496629999963,65.73843851194029
21.00046369999998,105.85526629999963,68.57550260669312
21.00046369999998,105.85556629999962,67.16416502305279
21.00046369999998,105.85586629999962,62.94842948483097
21.00046369999998,105.85616629999961,63.64648391989415
21.00046369999998,105.85646629999961,64.98886676927366
21.00046369999998,105.8567662999996,65.24702595844751
21.00046369999998,105.8570662999996,64.98886676927366
21.00046369999998,105.8573662999996,64.98886676927366
21.00046369999998,105.8576662999996,65.15638229217754
21.00076369999998,105.8291663,69.74126464580901
21.00076369999998,105.82946629999999,70.39552450148854
21.00076369999998,105.82976629999999,65.8892400604037
21.00076369999998,105.83006629999998,59.95997075520115
21.00076369999998,105.83036629999998,60.54361068740801
21.00076369999998,105.83066629999998,60.173497365144634
21.00076369999998,105.83096629999997,62.507042235743235
21.00076369999998,105.83126629999997,62.962986788172806
21.00076369999998,105.83156629999996,62.778362854791375
21.00076369999998,105.83186629999996,62.94173541808708
21.00076369999998,105.83216629999995,62.049276472366266
21.00076369999998,105.83246629999995,62.180625894083484
21.00076369999998,105.83276629999995,61.80255171964274
21.00076369999998,105.83306629999994,60.12895497232991
21.00076369999998,105.83336629999994,59.479690876968064
21.00076369999998,105.83366629999993,60.18071187880726
21.00076369999998,105.83396629999993,56.24320766784158
21.00076369999998,105.83426629999992,54.799920768278895
21.00076369999998,105.83456629999992,56.30253660945
21.00076369999998,105.83486629999992,57.44625263224779
21.00076369999998,105.83516629999991,64.99849123735137
21.00076369999998,105.83546629999991,55.38863768882949
21.00076369999998,105.8357662999999,53.060683596849
21.00076369999998,105.8360662999999,53.03464940377863
21.00076369999998,105.8363662999999,57.78795971940759
21.00076369999998,105.83666629999989,66.62199989720365
21.00076369999998,105.83696629999989,54.94582603949817
21.00076369999998,105.83726629999988,53.52146825851534
21.00076369999998,105.83756629999988,69.0496690155987
21.00076369999998,105.83786629999987,57.33276792901382
21.00076369999998,105.83816629999987,59.38373525476517
21.00076369999998,105.83846629999987,59.59822772160017
21.00076369999998,105.83876629999986,61.646829017388725
21.00076369999998,105.83906629999986,61.87956273768133
21.00076369999998,105.83936629999985,61.42462456392513
21.00076369999998,105.83966629999985,60.69308593306769
21.00076369999998,105.83996629999984,60.75778940203618
21.00076369999998,105.84026629999984,61.47619477645317
21.00076369999998,105.84056629999984,59.08242965512361
21.00076369999998,105.84086629999983,57.69523632037122
21.00076369999998,105.84116629999983,66.69251960888897
21.00076369999998,105.84146629999982,66.15059930220261
21.00076369999998,105.84176629999982,61.6057207524091
21.00076369999998,105.84206629999981,60.03319613550171
21.00076369999998,105.84236629999981,57.49116421777966
21.00076369999998,105.8426662999998,60.104291627141336
21.00076369999998,105.8429662999998,60.935469925647375
21.00076369999998,105.8432662999998,60.72341299281875
21.00076369999998,105.8435662999998,59.952392389794355
21.00076369999998,105.84386629999979,55.366132515050694
21.00076369999998,105.84416629999978,61.79752190398647
21.00076369999998,105.84446629999978,60.3512719361235
21.00076369999998,105.84476629999978,60.44150085822686
21.00076369999998,105.84506629999977,59.4310123298976
21.00076369999998,105.84536629999977,69.95156268486294
21.00076369999998,105.84566629999976,65.5875717515771
21.00076369999998,105.84596629999976,65.79283175807241
21.00076369999998,105.84626629999975,64.46958136356672
21.00076369999998,105.84656629999975,69.25750270040865
21.00076369999998,105.84686629999975,59.614564433277444
21.00076369999998,105.84716629999974,70.32698011938889
21.00076369999998,105.84746629999974,62.00560711843088
21.00076369999998,105.84776629999973,57.077632648138064
21.00076369999998,105.84806629999973,58.71007667566909
21.00076369999998,105.84836629999973,58.38316545658099
21.00076369999998,105.84866629999972,65.65617854749016
21.00076369999998,105.84896629999972,64.07070758105768
21.00076369999998,105.84926629999971,56.41400130249805
21.00076369999998,105.84956629999971,62.82798709275836
21.00076369999998,105.8498662999997,70.47131625996988
21.00076369999998,105.8501662999997,66.66974437723634
21.00076369999998,105.8504662999997,68.79315714265074
21.00076369999998,105.85076629999969,67.6620681628964
21.00076369999998,105.85106629999969,64.22432245314218
21.00076369999998,105.85136629999968,69.1249115935219
21.00076369999998,105.85166629999968,59.12689705194632
21.00076369999998,105.85196629999967,59.30059697581769
21.00076369999998,105.85226629999967,58.93751131533946
21.00076369999998,105.85256629999967,70.29219730737488
21.00076369999998,105.85286629999966,58.389524915872805
21.00076369999998,105.85316629999966,58.004858616409436
21.00076369999998,105.85346629999965,57.862978987821855
21.00076369999998,105.85376629999965,68.65757509711923
21.00076369999998,105.85406629999964,67.77906778674938
21.00076369999998,105.85436629999964,58.02016348354593
21.00076369999998,105.85466629999964,58.69814562024027
21.00076369999998,105.85496629999963,57.859724971507895
21.00076369999998,105.85526629999963,57.91269782389429
21.00076369999998,105.85556629999962,59.61107944726608
21.00076369999998,105.85586629999962,62.52080373826943
21.00076369999998,105.85616629999961,62.426178513591054
21.00076369999998,105.85646629999961,65.28211144936493
21.00076369999998,105.8567662999996,64.98886676927366
21.00076369999998,105.8570662999996,64.98886676927366
21.00076369999998,105.8573662999996,65.15638229217754
21.00076369999998,105.8576662999996,65.15638229217754
21.00106369999998,105.8291663,67.3712386714395
21.00106369999998,105.82946629999999,59.95997075520115
21.00106369999998,105.82976629999999,60.5611492007219
21.00106369999998,105.83006629999998,60.90466177209787
21.00106369999998,105.83036629999998,60.482873234773905
21.00106369999998,105.83066629999998,62.63507838852945
21.00106369999998,105.83096629999997,62.89478240086183
21.00106369999998,105.83126629999997,64.50875364999895
21.00106369999998,105.83156629999996,61.53046017169863
21.00106369999998,105.83186629999996,63.16909955607269
21.00106369999998,105.83216629999995,65.51110892110142
21.00106369999998,105.83246629999995,65.96593911468493
21.00106369999998,105.83276629999995,70.24760888897166
21.00106369999998,105.83306629999994,69.3842215722574
21.00106369999998,105.83336629999994,60.102187768824244
21.00106369999998,105.83366629999993,59.36702976339905
21.00106369999998,105.83396629999993,56.24320766784158
21.00106369999998,105.83426629999992,53.42242339254991
21.00106369999998,105.83456629999992,64.33530858618056
21.00106369999998,105.83486629999992,62.207799921344844
21.00106369999998,105.83516629999991,57.827850182572675
21.00106369999998,105.83546629999991,52.10282005439858
21.00106369999998,105.8357662999999,54.5595943123566
21.00106369999998,105.8360662999999,57.73859219205663
21.00106369999998,105.8363662999999,55.532451023137504
21.00106369999998,105.83666629999989,55.617310377047055
21.00106369999998,105.83696629999989,54.518895891598326
21.00106369999998,105.83726629999988,52.716271601249666
21.00106369999998,105.83756629999988,70.73218100880052
21.00106369999998,105.83786629999987,59.4076419118759
21.00106369999998,105.83816629999987,59.77763166387827
21.00106369999998,105.83846629999987,61.442875139263045
21.00106369999998,105.83876629999986,61.999058497643155
21.00106369999998,105.83906629999986,63.30375564638969
21.00106369999998,105.83936629999985,62.470042105662316
21.00106369999998,105.83966629999985,61.785814199395475
21.00106369999998,105.83996629999984,60.42169126275402
21.00106369999998,105.84026629999984,62.74745278513428
21.00106369999998,105.84056629999984,62.92222612233538
21.00106369999998,105.84086629999983,61.40559083014737
21.00106369999998,105.84116629999983,67.1004915805036
21.00106369999998,105.84146629999982,68.47904766354765
21.00106369999998,105.84176629999982,61.241345287510036
21.00106369999998,105.84206629999981,61.77933544980057
21.00106369999998,105.84236629999981,60.54815015938097
21.00106369999998,105.8426662999998,60.190871480502985
21.00106369999998,105.8429662999998,59.293134881725415
21.00106369999998,105.8432662999998,59.73276608772173
21.00106369999998,105.8435662999998,60.28796269119788
21.00106369999998,105.84386629999979,55.728409391593694
21.00106369999998,105.84416629999978,57.88088086613242
21.00106369999998,105.84446629999978,60.87934708506199
21.00106369999998,105.84476629999978,60.11132644171162
21.00106369999998,105.84506629999977,62.100192824777885
21.00106369999998,105.84536629999977,65.8447218689007
21.00106369999998,105.84566629999976,66.29715505690505
21.00106369999998,105.84596629999976,62.261080077211204
21.00106369999998,105.84626629999975,60.75588180179171
21.00106369999998,105.84656629999975,61.899211552841166
21.00106369999998,105.84686629999975,70.92137592129848
21.00106369999998,105.84716629999974,67.75138680587413
21.00106369999998,105.84746629999974,65.66344770243518
21.00106369999998,105.84776629999973,65.90602654578032
21.00106369999998,105.84806629999973,56.4829927333618
21.00106369999998,105.84836629999973,61.65566904780095
21.00106369999998,105.84866629999972,54.567418797736174
21.00106369999998,105.84896629999972,65.57691305916929
21.00106369999998,105.84926629999971,61.047492717892915
21.00106369999998,105.84956629999971,68.3462831069895
21.00106369999998,105.8498662999997,65.23253424974918
21.00106369999998,105.8501662999997,59.63655423852205
21.00106369999998,105.8504662999997,67.47251451309498
21.00106369999998,105.85076629999969,69.41327129480457
21.00106369999998,105.85106629999969,58.934416171298466
21.00106369999998,105.85136629999968,57.28290897912091
21.00106369999998,105.85166629999968,56.983593805742025
21.00106369999998,105.85196629999967,59.50057383365721
21.00106369999998,105.85226629999967,57.442699371101575
21.00106369999998,105.85256629999967,67.29883578896919
21.00106369999998,105.85286629999966,69.54551761310177
21.00106369999998,105.85316629999966,66.682131515705
21.00106369999998,105.85346629999965,62.03756674919589
21.00106369999998,105.85376629999965,58.95264670514661
21.00106369999998,105.85406629999964,65.48468004353832
21.00106369999998,105.85436629999964,62.54618412031626
21.00106369999998,105.85466629999964,58.04589881649256
21.00106369999998,105.85496629999963,59.15332250633362
21.00106369999998,105.85526629999963,59.05747405530498
21.00106369999998,105.85556629999962,59.736979955452156
21.00106369999998,105.85586629999962,59.97999309291012
21.00106369999998,105.85616629999961,63.42284079293056
21.00106369999998,105.85646629999961,65.28211144936493
21.00106369999998,105.8567662999996,64.98886676927366
21.00106369999998,105.8570662999996,64.98886676927366
21.00106369999998,105.8573662999996,64.98886676927366
21.00106369999998,105.8576662999996,65.15638229217754
21.001363699999978,105.8291663,68.61178777767006
21.001363699999978,105.82946629999999,65.88000275885682
21.001363699999978,105.82976629999999,59.98999843029496
21.001363699999978,105.83006629999998,60.41682352537096
21.001363699999978,105.83036629999998,59.96055284071805
21.001363699999978,105.83066629999998,64.96870938492206
21.001363699999978,105.83096629999997,65.04043759182551
21.001363699999978,105.83126629999997,68.97593042302684
21.001363699999978,105.83156629999996,66.03511413428352
21.001363699999978,105.83186629999996,69.11702946275322
21.001363699999978,105.83216629999995,67.47854050637577
21.001363699999978,105.83246629999995,69.88540479561009
21.001363699999978,105.83276629999995,65.58994661757852
21.001363699999978,105.83306629999994,60.33365995145455
21.001363699999978,105.83336629999994,60.56959230396085
21.001363699999978,105.83366629999993,60.068648019028394
21.001363699999978,105.83396629999993,58.79246477078021
21.001363699999978,105.83426629999992,63.072519171359616
21.001363699999978,105.83456629999992,63.272401994423056
21.001363699999978,105.83486629999992,62.99072163264427
21.001363699999978,105.83516629999991,62.402669189555
21.001363699999978,105.83546629999991,68.29473684521065
21.001363699999978,105.8357662999999,57.948515051360005
21.001363699999978,105.8360662999999,62.03984179228327
21.001363699999978,105.8363662999999,58.7325811058109
21.001363699999978,105.83666629999989,60.70006983595059
21.001363699999978,105.83696629999989,61.13650095489823
21.001363699999978,105.83726629999988,64.7714432223196
21.001363699999978,105.83756629999988,69.485797746793
21.001363699999978,105.83786629999987,58.38734651649759
21.001363699999978,105.83816629999987,61.79694750220913
21.001363699999978,105.83846629999987,61.67962314583946
21.001363699999978,105.83876629999986,62.06099218117717
21.001363699999978,105.83906629999986,62.607159562867785
21.001363699999978,105.83936629999985,62.73523406275922
21.001363699999978,105.83966629999985,62.72831828838001
21.001363699999978,105.83996629999984,59.9026246053827
21.001363699999978,105.84026629999984,63.051744873519105
21.001363699999978,105.84056629999984,63.142009417630995
21.001363699999978,105.84086629999983,63.09009442395161
21.001363699999978,105.84116629999983,67.946594809567
21.001363699999978,105.84146629999982,68.35071785944281
21.001363699999978,105.84176629999982,61.63978238176508
21.001363699999978,105.84206629999981,58.61218380475115
21.001363699999978,105.84236629999981,57.97957006173092
21.001363699999978,105.8426662999998,58.014740439684715
21.001363699999978,105.8429662999998,59.95695472936845
21.001363699999978,105.8432662999998,60.17967792252782
21.001363699999978,105.8435662999998,57.800203498713664
21.001363699999978,105.84386629999979,56.75025060043516
21.001363699999978,105.84416629999978,59.27488628262293
21.001363699999978,105.84446629999978,60.1375284065948
21.001363699999978,105.84476629999978,60.58988392232345
21.001363699999978,105.84506629999977,67.77341314449976
21.001363699999978,105.84536629999977,62.28892374267319
21.001363699999978,105.84566629999976,62.174195578381074
21.001363699999978,105.84596629999976,64.29703144858847
21.001363699999978,105.84626629999975,55.958624256316625
21.001363699999978,105.84656629999975,67.13285968096389
21.001363699999978,105.84686629999975,69.91059013246497
21.001363699999978,105.84716629999974,70.41004982731799
21.001363699999978,105.84746629999974,73.21687628780862
21.001363699999978,105.84776629999973,64.99381844788581
21.001363699999978,105.84806629999973,65.10164029049896
21.001363699999978,105.84836629999973,59.42314573789192
21.001363699999978,105.84866629999972,59.845255032042004
21.001363699999978,105.84896629999972,59.31873562968321
21.001363699999978,105.84926629999971,67.53685288539832
21.001363699999978,105.84956629999971,60.69954214852731
21.001363699999978,105.8498662999997,56.929623359107985
21.001363699999978,105.8501662999997,61.08784890927812
21.001363699999978,105.8504662999997,64.51735098031763
21.001363699999978,105.85076629999969,65.89022714734426
21.001363699999978,105.85106629999969,56.68382879190258
21.001363699999978,105.85136629999968,59.561987002466196
21.001363699999978,105.85166629999968,59.87928395551411
21.001363699999978,105.85196629999967,58.43298522778184
21.001363699999978,105.85226629999967,60.12972008572351
21.001363699999978,105.85256629999967,56.93296054158162
21.001363699999978,105.85286629999966,60.057132602362024
21.001363699999978,105.85316629999966,68.69774232545356
21.001363699999978,105.85346629999965,66.88373520198965
21.001363699999978,105.85376629999965,62.830702789740656
21.001363699999978,105.85406629999964,63.75183601946459
21.001363699999978,105.85436629999964,66.57320244085501
21.001363699999978,105.85466629999964,60.33385864244601
21.001363699999978,105.85496629999963,60.291986342476235
21.001363699999978,105.85526629999963,60.291986342476235
21.001363699999978,105.85556629999962,59.7475740390641
21.001363699999978,105.85586629999962,60.37671534815237
21.001363699999978,105.85616629999961,62.139227660092985
21.001363699999978,105.85646629999961,63.831019967909924
21.001363699999978,105.8567662999996,64.98886676927366
21.001363699999978,105.8570662999996,64.98886676927366
21.001363699999978,105.8573662999996,64.98886676927366
21.001363699999978,105.8576662999996,65.15638229217754
21.001663699999977,105.8291663,64.10752803143643
21.001663699999977,105.82946629999999,68.42511311005504
21.001663699999977,105.82976629999999,65.42352359668283
21.001663699999977,105.83006629999998,70.19571930198397
21.001663699999977,105.83036629999998,68.92456522643117
21.001663699999977,105.83066629999998,68.0398036134849
21.001663699999977,105.83096629999997,64.06989614553322
21.001663699999977,105.83126629999997,64.61700120495549
21.001663699999977,105.83156629999996,60.43547177139576
21.001663699999977,105.83186629999996,59.84654556696937
21.001663699999977,105.83216629999995,57.916427406601414
21.001663699999977,105.83246629999995,61.39629918350267
21.001663699999977,105.83276629999995,61.35629646627541
21.001663699999977,105.83306629999994,61.490947218502534
21.001663699999977,105.83336629999994,59.273105629614264
21.001663699999977,105.83366629999993,60.67502114315069
21.001663699999977,105.83396629999993,65.67994997286704
21.001663699999977,105.83426629999992,63.64638564702278
21.001663699999977,105.83456629999992,64.04688473487766
21.001663699999977,105.83486629999992,56.05317451242658
21.001663699999977,105.83516629999991,55.59042640848834
21.001663699999977,105.83546629999991,53.91752804792248
21.001663699999977,105.8357662999999,57.363294392113374
21.001663699999977,105.8360662999999,70.0666213206301
21.001663699999977,105.8363662999999,68.19361413636766
21.001663699999977,105.83666629999989,65.22002949009287
21.001663699999977,105.83696629999989,66.61494582867074
21.001663699999977,105.83726629999988,67.98122262311558
21.001663699999977,105.83756629999988,63.84069267976099
21.001663699999977,105.83786629999987,61.81677498659927
21.001663699999977,105.83816629999987,62.34077428404094
21.001663699999977,105.83846629999987,62.34077428404094
21.001663699999977,105.83876629999986,62.5912578312386
21.001663699999977,105.83906629999986,62.252393760491046
21.001663699999977,105.83936629999985,61.94300667889908
21.001663699999977,105.83966629999985,59.08242965512361
21.001663699999977,105.83996629999984,57.268232379835695
21.001663699999977,105.84026629999984,57.723374090629854
21.001663699999977,105.84056629999984,61.2812937242255
21.001663699999977,105.84086629999983,63.04317088840645
21.001663699999977,105.84116629999983,72.02245029205316
21.001663699999977,105.84146629999982,70.63029781462748
21.001663699999977,105.84176629999982,65.1869746922154
21.001663699999977,105.84206629999981,64.21678857316846
21.001663699999977,105.84236629999981,65.0206579646849
21.001663699999977,105.8426662999998,63.418369763465435
21.001663699999977,105.8429662999998,63.37181277885187
21.001663699999977,105.8432662999998,62.1393835704537
21.001663699999977,105.8435662999998,60.396437913975724
21.001663699999977,105.84386629999979,62.728419468355845
21.001663699999977,105.84416629999978,62.036879901723935
21.001663699999977,105.84446629999978,62.536343176027785
21.001663699999977,105.84476629999978,64.39660976019901
21.001663699999977,105.84506629999977,70.62394823520597
21.001663699999977,105.84536629999977,62.21576075712961
21.001663699999977,105.84566629999976,63.683633224603895
21.001663699999977,105.84596629999976,64.76500844639075
21.001663699999977,105.84626629999975,63.25937214917849
21.001663699999977,105.84656629999975,70.17743989582854
21.001663699999977,105.84686629999975,59.90759013873931
21.001663699999977,105.84716629999974,70.3003336712952
21.001663699999977,105.84746629999974,63.45505956703261
21.001663699999977,105.84776629999973,57.502062999139035
21.001663699999977,105.84806629999973,65.48684746479258
21.001663699999977,105.84836629999973,67.94320306596033
21.001663699999977,105.84866629999972,58.83492388634663
21.001663699999977,105.84896629999972,60.31988499962047
21.001663699999977,105.84926629999971,66.9309172929643
21.001663699999977,105.84956629999971,63.97379934881673
21.001663699999977,105.8498662999997,58.42282391819102
21.001663699999977,105.8501662999997,58.30493617466029
21.001663699999977,105.8504662999997,60.77559596591004
21.001663699999977,105.85076629999969,66.89832148393049
21.001663699999977,105.85106629999969,57.66550068337037
21.001663699999977,105.85136629999968,57.69562286515438
21.001663699999977,105.85166629999968,58.86423468875673
21.001663699999977,105.85196629999967,59.1953626162861
21.001663699999977,105.85226629999967,56.73940329978798
21.001663699999977,105.85256629999967,64.25431973845127
21.001663699999977,105.85286629999966,66.1285641356849
21.001663699999977,105.85316629999966,64.61500944311831
21.001663699999977,105.85346629999965,65.97559500978461
21.001663699999977,105.85376629999965,67.1968057370042
21.001663699999977,105.85406629999964,72.2142964899838
21.001663699999977,105.85436629999964,72.13300067229079
21.001663699999977,105.85466629999964,58.20912705348369
21.001663699999977,105.85496629999963,61.130919462928055
21.001663699999977,105.85526629999963,62.426178513591054
21.001663699999977,105.85556629999962,62.426178513591054
21.001663699999977,105.85586629999962,60.37671534815237
21.001663699999977,105.85616629999961,62.139227660092985
21.001663699999977,105.85646629999961,63.831019967909924
21.001663699999977,105.8567662999996,64.98886676927366
21.001663699999977,105.8570662999996,64.98886676927366
21.001663699999977,105.8573662999996,65.15638229217754
21.001663699999977,105.8576662999996,65.15638229217754
21.001963699999976,105.8291663,64.57819560566033
21.001963699999976,105.82946629999999,69.4843851970945
21.001963699999976,105.82976629999999,69.92930764255631
21.001963699999976,105.83006629999998,66.17310460794957
21.001963699999976,105.83036629999998,61.07378599550066
21.001963699999976,105.83066629999998,61.891469304494315
21.001963699999976,105.83096629999997,61.617023583346935
21.001963699999976,105.83126629999997,62.42574870376314
21.001963699999976,105.83156629999996,61.889338945774924
21.001963699999976,105.83186629999996,60.960387036478984
21.001963699999976,105.83216629999995,60.656551592175205
21.001963699999976,105.83246629999995,59.423768423717675
21.001963699999976,105.83276629999995,59.62263925973751
21.001963699999976,105.83306629999994,63.27316393736939
21.001963699999976,105.83336629999994,62.900667508618575
21.001963699999976,105.83366629999993,61.63466701497764
21.001963699999976,105.83396629999993,68.77915666131939
21.001963699999976,105.83426629999992,62.08034307493371
21.001963699999976,105.83456629999992,58.421886488635984
21.001963699999976,105.83486629999992,60.43577655505743
21.001963699999976,105.83516629999991,59.62716300734333
21.001963699999976,105.83546629999991,59.20673939513957
21.001963699999976,105.8357662999999,59.22122770978191
21.001963699999976,105.8360662999999,69.1085076071299
21.001963699999976,105.8363662999999,58.97538018010658
21.001963699999976,105.83666629999989,57.81692114986668
21.001963699999976,105.83696629999989,57.56390978525302
21.001963699999976,105.83726629999988,59.38487359338313
21.001963699999976,105.83756629999988,59.57673468052217
21.001963699999976,105.83786629999987,61.15184130319229
21.001963699999976,105.83816629999987,61.127428172524645
21.001963699999976,105.83846629999987,62.13722389901076
21.001963699999976,105.83876629999986,62.84904693795629
21.001963699999976,105.83906629999986,62.35865004513597
21.001963699999976,105.83936629999985,62.125274069085926
21.001963699999976,105.83966629999985,61.86565157623627
21.001963699999976,105.83996629999984,57.28382036238088
21.001963699999976,105.84026629999984,57.28382036238088
21.001963699999976,105.84056629999984,58.44904930822919
21.001963699999976,105.84086629999983,60.83865222129729
21.001963699999976,105.84116629999983,71.27680747970045
21.001963699999976,105.84146629999982,70.490688104399
21.001963699999976,105.84176629999982,68.87306803574604
21.001963699999976,105.84206629999981,66.3846238458199
21.001963699999976,105.84236629999981,67.57041847659409
21.001963699999976,105.8426662999998,67.42037200510563
21.001963699999976,105.8429662999998,62.38432717485365
21.001963699999976,105.8432662999998,64.30253984784275
21.001963699999976,105.8435662999998,61.961605410977725
21.001963699999976,105.84386629999979,64.00579392581872
21.001963699999976,105.84416629999978,62.95473756625807
21.001963699999976,105.84446629999978,64.92368957670463
21.001963699999976,105.84476629999978,64.15795026022859
21.001963699999976,105.84506629999977,63.96096702235859
21.001963699999976,105.84536629999977,62.852888294621394
21.001963699999976,105.84566629999976,62.19085007984735
21.001963699999976,105.84596629999976,73.02125776868347
21.001963699999976,105.84626629999975,72.31820536687736
21.001963699999976,105.84656629999975,74.33678161460118
21.001963699999976,105.84686629999975,70.26931340692262
21.001963699999976,105.84716629999974,62.92212992836584
21.001963699999976,105.84746629999974,55.83957462641424
21.001963699999976,105.84776629999973,55.87750491904257
21.001963699999976,105.84806629999973,53.483241331187465
21.001963699999976,105.84836629999973,71.0284696461795
21.001963699999976,105.84866629999972,64.52869773882631
21.001963699999976,105.84896629999972,63.22313580886057
21.001963699999976,105.84926629999971,69.54480476483985
21.001963699999976,105.84956629999971,68.81978726086406
21.001963699999976,105.8498662999997,69.3440725801422
21.001963699999976,105.8501662999997,61.064538812763516
21.001963699999976,105.8504662999997,57.24324980949765
21.001963699999976,105.85076629999969,69.85813737207151
21.001963699999976,105.85106629999969,63.43293129305575
21.001963699999976,105.85136629999968,64.27148966080858
21.001963699999976,105.85166629999968,68.15771597260516
21.001963699999976,105.85196629999967,67.39003668986332
21.001963699999976,105.85226629999967,69.40863690806951
21.001963699999976,105.85256629999967,67.5722885783269
21.001963699999976,105.85286629999966,68.17781371844909
21.001963699999976,105.85316629999966,64.46887161084199
21.001963699999976,105.85346629999965,64.12219368512811
21.001963699999976,105.85376629999965,68.72042593521151
21.001963699999976,105.85406629999964,69.79034340227676
21.001963699999976,105.85436629999964,69.32249117314551
21.001963699999976,105.85466629999964,69.32249117314551
21.001963699999976,105.85496629999963,58.439704005662584
21.001963699999976,105.85526629999963,60.91270882490003
21.001963699999976,105.85556629999962,60.91270882490003
21.001963699999976,105.85586629999962,60.91270882490003
21.001963699999976,105.85616629999961,62.830145286960466
21.001963699999976,105.85646629999961,63.89261196949429
21.001963699999976,105.8567662999996,64.98886676927366
21.001963699999976,105.8570662999996,64.98886676927366
21.001963699999976,105.8573662999996,65.15638229217754
21.001963699999976,105.8576662999996,65.15638229217754
21.002263699999975,105.8291663,62.77212772005344
21.002263699999975,105.82946629999999,64.07353001344478
21.002263699999975,105.82976629999999,68.03582692033017
21.002263699999975,105.83006629999998,64.57819560566033
21.002263699999975,105.83036629999998,62.962986788172806
21.002263699999975,105.83066629999998,61.96752177087211
21.002263699999975,105.83096629999997,61.91269878328953
21.002263699999975,105.83126629999997,61.77770743803618
21.002263699999975,105.83156629999996,62.028048934732055
21.002263699999975,105.83186629999996,61.943782811338416
21.002263699999975,105.83216629999995,58.08369509778092
21.002263699999975,105.83246629999995,59.08387824541992
21.002263699999975,105.83276629999995,65.7946347528848
21.002263699999975,105.83306629999994,71.23376504816265
21.002263699999975,105.83336629999994,66.82014466489868
21.002263699999975,105.83366629999993,67.39762746221436
21.002263699999975,105.83396629999993,57.0896683876081
21.002263699999975,105.83426629999992,59.99729197827739
21.002263699999975,105.83456629999992,60.22994009466145
21.002263699999975,105.83486629999992,60.13986708991194
21.002263699999975,105.83516629999991,59.66896222532731
21.002263699999975,105.83546629999991,60.57463856120481
21.002263699999975,105.8357662999999,59.15939767112353
21.002263699999975,105.8360662999999,69.032759262827
21.002263699999975,105.8363662999999,57.37997150997534
21.002263699999975,105.83666629999989,58.85495558702863
21.002263699999975,105.83696629999989,58.52708884227419
21.002263699999975,105.83726629999988,59.81898509995976
21.002263699999975,105.83756629999988,61.15184130319229
21.002263699999975,105.83786629999987,62.22334379709251
21.002263699999975,105.83816629999987,61.38963238660449
21.002263699999975,105.83846629999987,61.45141217661659
21.002263699999975,105.83876629999986,63.508442186865466
21.002263699999975,105.83906629999986,62.10086093841828
21.002263699999975,105.83936629999985,61.665192811937914
21.002263699999975,105.83966629999985,60.38081475822589
21.002263699999975,105.83996629999984,59.09526431745457
21.002263699999975,105.84026629999984,59.09526431745457
21.002263699999975,105.84056629999984,61.01318118713578
21.002263699999975,105.84086629999983,60.93184056778388
21.002263699999975,105.84116629999983,68.72609385305911
21.002263699999975,105.84146629999982,70.90832398613227
21.002263699999975,105.84176629999982,62.54120770142255
21.002263699999975,105.84206629999981,58.87506877110551
21.002263699999975,105.84236629999981,60.410846196344266
21.002263699999975,105.8426662999998,59.760228289238135
21.002263699999975,105.8429662999998,57.628076811858556
21.002263699999975,105.8432662999998,57.742840777963444
21.002263699999975,105.8435662999998,58.37888603271694
21.002263699999975,105.84386629999979,55.70356258512362
21.002263699999975,105.84416629999978,55.27434797880692
21.002263699999975,105.84446629999978,59.28538090171307
21.002263699999975,105.84476629999978,70.06300349908066
21.002263699999975,105.84506629999977,56.34155471316883
21.002263699999975,105.84536629999977,53.80860282594879
21.002263699999975,105.84566629999976,71.27770354628363
21.002263699999975,105.84596629999976,71.59464531420869
21.002263699999975,105.84626629999975,73.30029456462007
21.002263699999975,105.84656629999975,66.15598135591306
21.002263699999975,105.84686629999975,72.14583391714837
21.002263699999975,105.84716629999974,63.57967258928895
21.002263699999975,105.84746629999974,54.5486818679444
21.002263699999975,105.84776629999973,55.12476395603127
21.002263699999975,105.84806629999973,58.01726537554714
21.002263699999975,105.84836629999973,57.86125869251345
21.002263699999975,105.84866629999972,64.5838685852873
21.002263699999975,105.84896629999972,76.93451591952267
21.002263699999975,105.84926629999971,67.62324179763858
21.002263699999975,105.84956629999971,70.129485334591
21.002263699999975,105.8498662999997,60.74015601773767
21.002263699999975,105.8501662999997,57.65931026858521
21.002263699999975,105.8504662999997,57.86690676919236
21.002263699999975,105.85076629999969,70.29625349830827
21.002263699999975,105.85106629999969,68.17929235179732
21.002263699999975,105.85136629999968,64.70966161628931
21.002263699999975,105.85166629999968,62.675005469177414
21.002263699999975,105.85196629999967,59.681995599967756
21.002263699999975,105.85226629999967,61.14508605115934
21.002263699999975,105.85256629999967,60.71425444819458
21.002263699999975,105.85286629999966,61.30082792027727
21.002263699999975,105.85316629999966,66.07486616510698
21.002263699999975,105.85346629999965,66.24526748104935
21.002263699999975,105.85376629999965,71.60089921868997
21.002263699999975,105.85406629999964,71.70629281622479
21.002263699999975,105.85436629999964,68.90269438206676
21.002263699999975,105.85466629999964,69.04630399673172
21.002263699999975,105.85496629999963,57.82603246139574
21.002263699999975,105.85526629999963,59.395414455465804
21.002263699999975,105.85556629999962,60.028806896725015
21.002263699999975,105.85586629999962,59.83498740342348
21.002263699999975,105.85616629999961,62.834440973846974
21.002263699999975,105.85646629999961,63.83502340072176
21.002263699999975,105.8567662999996,65.20227778376376
21.002263699999975,105.8570662999996,65.20227778376376
21.002263699999975,105.8573662999996,65.36979330666765
21.002263699999975,105.8576662999996,65.43744693344091
21.002563699999975,105.8291663,64.71397136508872
21.002563699999975,105.82946629999999,62.50307050625996
21.002563699999975,105.82976629999999,69.70694010888533
21.002563699999975,105.83006629999998,61.199768944745024
21.002563699999975,105.83036629999998,63.03652204396527
21.002563699999975,105.83066629999998,62.74727882674249
21.002563699999975,105.83096629999997,62.3739448626922
21.002563699999975,105.83126629999997,61.92822664010835
21.002563699999975,105.83156629999996,59.603757512138195
21.002563699999975,105.83186629999996,59.540620942620244
21.002563699999975,105.83216629999995,59.962409479944206
21.002563699999975,105.83246629999995,58.00202564961859
21.002563699999975,105.83276629999995,70.67131346439825
21.002563699999975,105.83306629999994,67.72860972628527
21.002563699999975,105.83336629999994,70.93068319328033
21.002563699999975,105.83366629999993,66.72592297919425
21.002563699999975,105.83396629999993,66.23129822294064
21.002563699999975,105.83426629999992,61.55070603846869
21.002563699999975,105.83456629999992,61.22935350357715
21.002563699999975,105.83486629999992,58.93398584090143
21.002563699999975,105.83516629999991,59.51606238077094
21.002563699999975,105.83546629999991,60.10450744811832
21.002563699999975,105.8357662999999,57.52912663770858
21.002563699999975,105.8360662999999,67.21000624856048
21.002563699999975,105.8363662999999,59.14503890621868
21.002563699999975,105.83666629999989,59.72427037964223
21.002563699999975,105.83696629999989,59.50829370753392
21.002563699999975,105.83726629999988,60.646936816627104
21.002563699999975,105.83756629999988,59.81142480080929
21.002563699999975,105.83786629999987,61.414045517272136
21.002563699999975,105.83816629999987,61.95853453538784
21.002563699999975,105.83846629999987,61.50796432170164
21.002563699999975,105.83876629999986,62.298308965466916
21.002563699999975,105.83906629999986,62.35865004513597
21.002563699999975,105.83936629999985,63.00053645041428
21.002563699999975,105.83966629999985,62.30686614938186
21.002563699999975,105.83996629999984,61.57371204244295
21.002563699999975,105.84026629999984,61.47682521127726
21.002563699999975,105.84056629999984,61.47682521127726
21.002563699999975,105.84086629999983,61.554497261037774
21.002563699999975,105.84116629999983,69.38345872949245
21.002563699999975,105.84146629999982,67.91713240770353
21.002563699999975,105.84176629999982,61.46126898041758
21.002563699999975,105.84206629999981,60.60939320502103
21.002563699999975,105.84236629999981,58.19632566227364
21.002563699999975,105.8426662999998,62.549251121232224
21.002563699999975,105.8429662999998,57.41557821679049
21.002563699999975,105.8432662999998,60.06917328486828
21.002563699999975,105.8435662999998,58.41248134160141
21.002563699999975,105.84386629999979,58.586073519575876
21.002563699999975,105.84416629999978,59.04098908196132
21.002563699999975,105.84446629999978,58.79835294461276
21.002563699999975,105.84476629999978,66.83525415854437
21.002563699999975,105.84506629999977,56.105104041847476
21.002563699999975,105.84536629999977,67.0838627084102
21.002563699999975,105.84566629999976,69.23347395778377
21.002563699999975,105.84596629999976,71.49464370367207
21.002563699999975,105.84626629999975,59.13218881218164
21.002563699999975,105.84656629999975,58.4669984547932
21.002563699999975,105.84686629999975,64.82499525009081
21.002563699999975,105.84716629999974,70.25014911063128
21.002563699999975,105.84746629999974,66.3114816844952
21.002563699999975,105.84776629999973,56.33977516148623
21.002563699999975,105.84806629999973,58.36611170912951
21.002563699999975,105.84836629999973,59.5758608691999
21.002563699999975,105.84866629999972,69.45411858442368
21.002563699999975,105.84896629999972,57.94104603906214
21.002563699999975,105.84926629999971,63.69151813628157
21.002563699999975,105.84956629999971,64.88487609299767
21.002563699999975,105.8498662999997,63.55558894251091
21.002563699999975,105.8501662999997,57.030452692706575
21.002563699999975,105.8504662999997,57.80571462536558
21.002563699999975,105.85076629999969,64.85222839762386
21.002563699999975,105.85106629999969,61.82404689663985
21.002563699999975,105.85136629999968,58.32809108409475
21.002563699999975,105.85166629999968,62.49681903724774
21.002563699999975,105.85196629999967,61.225440117044
21.002563699999975,105.85226629999967,59.416274645654724
21.002563699999975,105.85256629999967,58.915734089448165
21.002563699999975,105.85286629999966,61.61908803241489
21.002563699999975,105.85316629999966,59.580921309821704
21.002563699999975,105.85346629999965,56.978250815668794
21.002563699999975,105.85376629999965,70.04463783996873
21.002563699999975,105.85406629999964,62.519423646994504
21.002563699999975,105.85436629999964,62.56702210810366
21.002563699999975,105.85466629999964,62.98013668784337
21.002563699999975,105.85496629999963,60.180139892175724
21.002563699999975,105.85526629999963,60.49116320462048
21.002563699999975,105.85556629999962,62.48233015059549
21.002563699999975,105.85586629999962,64.3936611488449
21.002563699999975,105.85616629999961,67.56104674356023
21.002563699999975,105.85646629999961,66.86134509624776
21.002563699999975,105.8567662999996,66.87850933352617
21.002563699999975,105.8570662999996,67.12379506398626
21.002563699999975,105.8573662999996,67.37027881899209
21.002563699999975,105.8576662999996,67.402519970131
21.002863699999974,105.8291663,64.90433782226314
21.002863699999974,105.82946629999999,63.8600111062487
21.002863699999974,105.82976629999999,70.04341479596188
21.002863699999974,105.83006629999998,64.26730505455059
21.002863699999974,105.83036629999998,62.58967022607802
21.002863699999974,105.83066629999998,62.778362854791375
21.002863699999974,105.83096629999997,62.81672078240384
21.002863699999974,105.83126629999997,60.47801485217966
21.002863699999974,105.83156629999996,60.83521981643651
21.002863699999974,105.83186629999996,60.90466177209787
21.002863699999974,105.83216629999995,60.481089138284744
21.002863699999974,105.83246629999995,60.013647854501215
21.002863699999974,105.83276629999995,70.74059393044867
21.002863699999974,105.83306629999994,65.60076559749278
21.002863699999974,105.83336629999994,61.945227454352484
21.002863699999974,105.83366629999993,59.30831002529096
21.002863699999974,105.83396629999993,62.86926403634517
21.002863699999974,105.83426629999992,61.65359229593054
21.002863699999974,105.83456629999992,65.83967040990703
21.002863699999974,105.83486629999992,60.3513794484844
21.002863699999974,105.83516629999991,59.43201479626359
21.002863699999974,105.83546629999991,62.089935644253195
21.002863699999974,105.8357662999999,58.581217327165795
21.002863699999974,105.8360662999999,68.03560242310873
21.002863699999974,105.8363662999999,58.932360758082645
21.002863699999974,105.83666629999989,60.14612372720514
21.002863699999974,105.83696629999989,58.784692604363826
21.002863699999974,105.83726629999988,59.72632025922401
21.002863699999974,105.83756629999988,59.85048207314657
21.002863699999974,105.83786629999987,59.98691993031006
21.002863699999974,105.83816629999987,61.89589736364614
21.002863699999974,105.83846629999987,61.127428172524645
21.002863699999974,105.83876629999986,61.47582530728424
21.002863699999974,105.83906629999986,62.74745278513428
21.002863699999974,105.83936629999985,61.531269590586184
21.002863699999974,105.83966629999985,62.365881695033714
21.002863699999974,105.83996629999984,61.05473811939063
21.002863699999974,105.84026629999984,61.781117299662085
21.002863699999974,105.84056629999984,61.781117299662085
21.002863699999974,105.84086629999983,61.1439031614894
21.002863699999974,105.84116629999983,66.9933223950453
21.002863699999974,105.84146629999982,67.44239464716502
21.002863699999974,105.84176629999982,67.16291921834691
21.002863699999974,105.84206629999981,71.84361347540532
21.002863699999974,105.84236629999981,72.55055476437187
21.002863699999974,105.8426662999998,66.83582137702585
21.002863699999974,105.8429662999998,60.42819300313706
21.002863699999974,105.8432662999998,61.142988545763025
21.002863699999974,105.8435662999998,62.94782876774108
21.002863699999974,105.84386629999979,59.06543735025726
21.002863699999974,105.84416629999978,60.7617088657376
21.002863699999974,105.84446629999978,63.935015837513276
21.002863699999974,105.84476629999978,68.0880835736872
21.002863699999974,105.84506629999977,56.675584215782635
21.002863699999974,105.84536629999977,60.60015573806271
21.002863699999974,105.84566629999976,72.22817463506045
21.002863699999974,105.84596629999976,71.79299908746556
21.002863699999974,105.84626629999975,57.377812766620174
21.002863699999974,105.84656629999975,57.216147741363656
21.002863699999974,105.84686629999975,56.82198143592461
21.002863699999974,105.84716629999974,62.286361088184805
21.002863699999974,105.84746629999974,70.83447169887766
21.002863699999974,105.84776629999973,69.11272696553934
21.002863699999974,105.84806629999973,63.036140846691524
21.002863699999974,105.84836629999973,75.5045096902819
21.002863699999974,105.84866629999972,63.183984737506336
21.002863699999974,105.84896629999972,59.78942116593574
21.002863699999974,105.84926629999971,55.19523865245411
21.002863699999974,105.84956629999971,64.03205606860037
21.002863699999974,105.8498662999997,63.32554029110896
21.002863699999974,105.8501662999997,57.91092404532306
21.002863699999974,105.8504662999997,57.892935352144534
21.002863699999974,105.85076629999969,64.3772618989709
21.002863699999974,105.85106629999969,64.42233752884768
21.002863699999974,105.85136629999968,62.47112855100262
21.002863699999974,105.85166629999968,63.07055739406692
21.002863699999974,105.85196629999967,65.76706239503503
21.002863699999974,105.85226629999967,65.39292233678347
21.002863699999974,105.85256629999967,66.78576484497712
21.002863699999974,105.85286629999966,72.0858390458503
21.002863699999974,105.85316629999966,70.53379162784805
21.002863699999974,105.85346629999965,70.418875908349
21.002863699999974,105.85376629999965,68.67712807472167
21.002863699999974,105.85406629999964,70.08133014071306
21.002863699999974,105.85436629999964,68.58714592786511
21.002863699999974,105.85466629999964,66.08610587170872
21.002863699999974,105.85496629999963,67.53033355556097
21.002863699999974,105.85526629999963,67.3256451285425
21.002863699999974,105.85556629999962,67.08088504091737
21.002863699999974,105.85586629999962,68.47975310126456
21.002863699999974,105.85616629999961,72.62792968046631
21.002863699999974,105.85646629999961,72.79813933033128
21.002863699999974,105.8567662999996,72.92346258731044
21.002863699999974,105.8570662999996,69.06030748413234
21.002863699999974,105.8573662999996,67.47717082524166
21.002863699999974,105.8576662999996,67.46755256639908
21.003163699999973,105.8291663,64.19617235787463
21.003163699999973,105.82946629999999,64.57558674517904
21.003163699999973,105.82976629999999,62.87195056662001
21.003163699999973,105.83006629999998,66.76478722282438
21.003163699999973,105.83036629999998,61.66400440849564
21.003163699999973,105.83066629999998,60.546009804291856
21.003163699999973,105.83096629999997,60.547456807841016
21.003163699999973,105.83126629999997,60.482873234773905
21.003163699999973,105.83156629999996,60.90466177209787
21.003163699999973,105.83186629999996,60.41164718262339
21.003163699999973,105.83216629999995,60.29807180930131
21.003163699999973,105.83246629999995,66.36525224342607
21.003163699999973,105.83276629999995,69.67743591781715
21.003163699999973,105.83306629999994,60.900815651664864
21.003163699999973,105.83336629999994,59.6434348087267
21.003163699999973,105.83366629999993,60.749604872797136
21.003163699999973,105.83396629999993,60.35218644127103
21.003163699999973,105.83426629999992,62.77741410292102
21.003163699999973,105.83456629999992,64.71924228687232
21.003163699999973,105.83486629999992,63.13131199776388
21.003163699999973,105.83516629999991,66.32010967181137
21.003163699999973,105.83546629999991,63.95420945443928
21.003163699999973,105.8357662999999,63.210632895319605
21.003163699999973,105.8360662999999,67.84898028273676
21.003163699999973,105.8363662999999,58.764349885683146
21.003163699999973,105.83666629999989,59.648112762190834
21.003163699999973,105.83696629999989,58.91249566826685
21.003163699999973,105.83726629999988,61.55190386118832
21.003163699999973,105.83756629999988,60.09207320723196
21.003163699999973,105.83786629999987,62.235326005737576
21.003163699999973,105.83816629999987,62.235326005737576
21.003163699999973,105.83846629999987,61.55082742459399
21.003163699999973,105.83876629999986,59.38022625033406
21.003163699999973,105.83906629999986,58.96735437090806
21.003163699999973,105.83936629999985,62.256656274768055
21.003163699999973,105.83966629999985,62.256656274768055
21.003163699999973,105.83996629999984,58.5677100421442
21.003163699999973,105.84026629999984,58.86755008668246
21.003163699999973,105.84056629999984,57.579136624274824
21.003163699999973,105.84086629999983,58.36529050625281
21.003163699999973,105.84116629999983,65.6628265132705
21.003163699999973,105.84146629999982,66.06451257158515
21.003163699999973,105.84176629999982,61.26138636659398
21.003163699999973,105.84206629999981,63.068316873007234
21.003163699999973,105.84236629999981,61.023060873618654
21.003163699999973,105.8426662999998,58.03633623669023
21.003163699999973,105.8429662999998,63.03076028522972
21.003163699999973,105.8432662999998,61.75752074582929
21.003163699999973,105.8435662999998,61.33160063924236
21.003163699999973,105.84386629999979,60.19875931650084
21.003163699999973,105.84416629999978,58.530944270136686
21.003163699999973,105.84446629999978,65.69857572325422
21.003163699999973,105.84476629999978,68.57892577525216
21.003163699999973,105.84506629999977,58.649259048756235
21.003163699999973,105.84536629999977,54.31899598275894
21.003163699999973,105.84566629999976,53.64881301097362
21.003163699999973,105.84596629999976,72.3124793606381
21.003163699999973,105.84626629999975,66.07932516944034
21.003163699999973,105.84656629999975,55.93782843486293
21.003163699999973,105.84686629999975,60.134157851783996
21.003163699999973,105.84716629999974,60.8294363536854
21.003163699999973,105.84746629999974,57.25133362538533
21.003163699999973,105.84776629999973,66.61186691299002
21.003163699999973,105.84806629999973,77.85305892537676
21.003163699999973,105.84836629999973,60.938044388877174
21.003163699999973,105.84866629999972,64.13466044453851
21.003163699999973,105.84896629999972,63.638566758944876
21.003163699999973,105.84926629999971,60.582928099449994
21.003163699999973,105.84956629999971,62.7834237859232
21.003163699999973,105.8498662999997,68.97337777561617
21.003163699999973,105.8501662999997,66.59627397742297
21.003163699999973,105.8504662999997,66.34168614826832
21.003163699999973,105.85076629999969,68.52675018751368
21.003163699999973,105.85106629999969,68.54856171558252
21.003163699999973,105.85136629999968,68.45247573226874
21.003163699999973,105.85166629999968,70.00163319250495
21.003163699999973,105.85196629999967,70.79668457018187
21.003163699999973,105.85226629999967,68.34690176500932
21.003163699999973,105.85256629999967,62.817465405441
21.003163699999973,105.85286629999966,62.859528094336326
21.003163699999973,105.85316629999966,60.56595362149028
21.003163699999973,105.85346629999965,58.44481177129589
21.003163699999973,105.85376629999965,60.29998905925615
21.003163699999973,105.85406629999964,57.78601152596832
21.003163699999973,105.85436629999964,59.641780376091724
21.003163699999973,105.85466629999964,57.862978987821855
21.003163699999973,105.85496629999963,68.58714592786511
21.003163699999973,105.85526629999963,58.87162376047278
21.003163699999973,105.85556629999962,59.835615930379596
21.003163699999973,105.85586629999962,61.069787670725354
21.003163699999973,105.85616629999961,64.50302516174807
21.003163699999973,105.85646629999961,65.06481374818483
21.003163699999973,105.8567662999996,65.06481374818483
21.003163699999973,105.8570662999996,65.23232927108867
21.003163699999973,105.8573662999996,65.23232927108867
21.003163699999973,105.8576662999996,65.29998289786194
21.003463699999973,105.8291663,62.90977406302577
21.003463699999973,105.82946629999999,62.81672078240384
21.003463699999973,105.82976629999999,61.610246258637474
21.003463699999973,105.83006629999998,68.46670301705885
21.003463699999973,105.83036629999998,63.73601338450067
21.003463699999973,105.83066629999998,61.16282096127176
21.003463699999973,105.83096629999997,60.80561599701491
21.003463699999973,105.83126629999997,60.98472183453502
21.003463699999973,105.83156629999996,59.62263925973751
21.003463699999973,105.83186629999996,59.46433938389807
21.003463699999973,105.83216629999995,58.094939489965
21.003463699999973,105.83246629999995,69.93482873688468
21.003463699999973,105.83276629999995,63.23493364433004
21.003463699999973,105.83306629999994,58.66306830292469
21.003463699999973,105.83336629999994,60.06802338806259
21.003463699999973,105.83366629999993,60.121631637626365
21.003463699999973,105.83396629999993,59.9750165362111
21.003463699999973,105.83426629999992,59.39275064343051
21.003463699999973,105.83456629999992,60.739152025138935
21.003463699999973,105.83486629999992,60.69286227465197
21.003463699999973,105.83516629999991,59.87899064421396
21.003463699999973,105.83546629999991,63.55618773227041
21.003463699999973,105.8357662999999,67.115536767464
21.003463699999973,105.8360662999999,70.17995341940696
21.003463699999973,105.8363662999999,68.93891789977229
21.003463699999973,105.83666629999989,69.36046561400568
21.003463699999973,105.83696629999989,64.6935891150852
21.003463699999973,105.83726629999988,60.31612181377699
21.003463699999973,105.83756629999988,59.98163266924426
21.003463699999973,105.83786629999987,60.236652223876625
21.003463699999973,105.83816629999987,61.42695918865594
21.003463699999973,105.83846629999987,59.16586502441094
21.003463699999973,105.83876629999986,58.788041025043604
21.003463699999973,105.83906629999986,59.477971234051694
21.003463699999973,105.83936629999985,58.84609405815993
21.003463699999973,105.83966629999985,59.24768905236138
21.003463699999973,105.83996629999984,60.127808016168714
21.003463699999973,105.84026629999984,62.41577205504265
21.003463699999973,105.84056629999984,61.969544458557316
21.003463699999973,105.84086629999983,60.92124524455221
21.003463699999973,105.84116629999983,68.28395420129314
21.003463699999973,105.84146629999982,66.58702805416465
21.003463699999973,105.84176629999982,57.23112615433355
21.003463699999973,105.84206629999981,59.85424907029967
21.003463699999973,105.84236629999981,62.00860061174003
21.003463699999973,105.8426662999998,61.17770635297492
21.003463699999973,105.8429662999998,62.99967625718083
21.003463699999973,105.8432662999998,61.75752074582929
21.003463699999973,105.8435662999998,61.898965462729656
21.003463699999973,105.84386629999979,61.78835304148232
21.003463699999973,105.84416629999978,59.407497178449596
21.003463699999973,105.84446629999978,63.28156380228675
21.003463699999973,105.84476629999978,69.21685535741868
21.003463699999973,105.84506629999977,57.58996065594136
21.003463699999973,105.84536629999977,55.62790940043593
21.003463699999973,105.84566629999976,54.20787347794826
21.003463699999973,105.84596629999976,53.902851522840294
21.003463699999973,105.84626629999975,70.93737951104737
21.003463699999973,105.84656629999975,70.48746409688565
21.003463699999973,105.84686629999975,57.2511985391514
21.003463699999973,105.84716629999974,58.225172289296495
21.003463699999973,105.84746629999974,62.38574496322652
21.003463699999973,105.84776629999973,70.53501207276238
21.003463699999973,105.84806629999973,65.26596150574461
21.003463699999973,105.84836629999973,63.313857631672
21.003463699999973,105.84866629999972,68.42853428258073
21.003463699999973,105.84896629999972,65.12627336759564
21.003463699999973,105.84926629999971,62.02890965960935
21.003463699999973,105.84956629999971,66.02377040433899
21.003463699999973,105.8498662999997,66.79454646992413
21.003463699999973,105.8501662999997,68.08943370661297
21.003463699999973,105.8504662999997,65.03203627877663
21.003463699999973,105.85076629999969,66.61663258998139
21.003463699999973,105.85106629999969,68.97531172979252
21.003463699999973,105.85136629999968,57.856009242617425
21.003463699999973,105.85166629999968,58.942862488987245
21.003463699999973,105.85196629999967,57.63381628438
21.003463699999973,105.85226629999967,58.34947263674577
21.003463699999973,105.85256629999967,58.671598373210934
21.003463699999973,105.85286629999966,58.91585525235434
21.003463699999973,105.85316629999966,58.82269361314978
21.003463699999973,105.85346629999965,59.03513497437264
21.003463699999973,105.85376629999965,57.94551920834509
21.003463699999973,105.85406629999964,59.05685050156988
21.003463699999973,105.85436629999964,65.12613932354682
21.003463699999973,105.85466629999964,67.28876531900087
21.003463699999973,105.85496629999963,67.28739941766378
21.003463699999973,105.85526629999963,57.93007737918139
21.003463699999973,105.85556629999962,58.07965940245171
21.003463699999973,105.85586629999962,59.395414455465804
21.003463699999973,105.85616629999961,63.70086896351719
21.003463699999973,105.85646629999961,64.43749531062439
21.003463699999973,105.8567662999996,64.98886676927366
21.003463699999973,105.8570662999996,65.15638229217754
21.003463699999973,105.8573662999996,65.15638229217754
21.003463699999973,105.8576662999996,65.15638229217754
21.003763699999972,105.8291663,62.24888304656934
21.003763699999972,105.82946629999999,60.481089138284744
21.003763699999972,105.82976629999999,60.626310609273574
21.003763699999972,105.83006629999998,66.28019727029266
21.003763699999972,105.83036629999998,66.24335132615337
21.003763699999972,105.83066629999998,59.933220360801556
21.003763699999972,105.83096629999997,65.09919715978496
21.003763699999972,105.83126629999997,63.86494796273546
21.003763699999972,105.83156629999996,66.87312354408722
21.003763699999972,105.83186629999996,67.74201830174687
21.003763699999972,105.83216629999995,67.38876331464743
21.003763699999972,105.83246629999995,70.80379368407269
21.003763699999972,105.83276629999995,58.65170180048025
21.003763699999972,105.83306629999994,58.629238807017
21.003763699999972,105.83336629999994,60.06223177456791
21.003763699999972,105.83366629999993,61.97429078487389
21.003763699999972,105.83396629999993,60.160570348781064
21.003763699999972,105.83426629999992,59.4089700485963
21.003763699999972,105.83456629999992,60.3712447471611
21.003763699999972,105.83486629999992,60.44232834174707
21.003763699999972,105.83516629999991,61.58846121873178
21.003763699999972,105.83546629999991,62.02059141133086
21.003763699999972,105.8357662999999,62.45413039062232
21.003763699999972,105.8360662999999,69.89255774659468
21.003763699999972,105.8363662999999,60.13881788692622
21.003763699999972,105.83666629999989,64.6417646643255
21.003763699999972,105.83696629999989,67.5750759071929
21.003763699999972,105.83726629999988,68.4030734437212
21.003763699999972,105.83756629999988,69.81474785861906
21.003763699999972,105.83786629999987,65.89306767127066
21.003763699999972,105.83816629999987,62.90250317190566
21.003763699999972,105.83846629999987,58.93870755344131
21.003763699999972,105.83876629999986,58.80619658396286
21.003763699999972,105.83906629999986,60.7792786842191
21.003763699999972,105.83936629999985,59.31477593452367
21.003763699999972,105.83966629999985,60.88522447371881
21.003763699999972,105.83996629999984,59.76353951462035
21.003763699999972,105.84026629999984,60.32408881844898
21.003763699999972,105.84056629999984,62.31787670056421
21.003763699999972,105.84086629999983,62.28082363490815
21.003763699999972,105.84116629999983,68.03183297631207
21.003763699999972,105.84146629999982,66.72146695671499
21.003763699999972,105.84176629999982,60.575607312642674
21.003763699999972,105.84206629999981,60.5838622565285
21.003763699999972,105.84236629999981,62.03481400490365
21.003763699999972,105.8426662999998,61.17770635297492
21.003763699999972,105.8429662999998,60.58316065215201
21.003763699999972,105.8432662999998,59.02613091122722
21.003763699999972,105.8435662999998,61.51193020268708
21.003763699999972,105.84386629999979,59.78195513289994
21.003763699999972,105.84416629999978,60.49799186154745
21.003763699999972,105.84446629999978,57.9499590059157
21.003763699999972,105.84476629999978,66.56521546815556
21.003763699999972,105.84506629999977,66.97892492123204
21.003763699999972,105.84536629999977,58.91615712559322
21.003763699999972,105.84566629999976,55.23875067131578
21.003763699999972,105.84596629999976,68.63220043308118
21.003763699999972,105.84626629999975,67.70528850719232
21.003763699999972,105.84656629999975,64.61988053092988
21.003763699999972,105.84686629999975,69.1932230189589
21.003763699999972,105.84716629999974,63.59583166457122
21.003763699999972,105.84746629999974,69.90365446982636
21.003763699999972,105.84776629999973,62.60283604066559
21.003763699999972,105.84806629999973,67.04835132732178
21.003763699999972,105.84836629999973,57.82184181958381
21.003763699999972,105.84866629999972,59.39353272909513
21.003763699999972,105.84896629999972,57.79360345483593
21.003763699999972,105.84926629999971,57.07276919380977
21.003763699999972,105.84956629999971,57.4434821234237
21.003763699999972,105.8498662999997,59.031750211660594
21.003763699999972,105.8501662999997,59.34340032912916
21.003763699999972,105.8504662999997,59.86709757834543
21.003763699999972,105.85076629999969,62.13243808748145
21.003763699999972,105.85106629999969,66.54751492393018
21.003763699999972,105.85136629999968,59.0020368063402
21.003763699999972,105.85166629999968,58.469565223001716
21.003763699999972,105.85196629999967,60.663090781039365
21.003763699999972,105.85226629999967,61.851051415511414
21.003763699999972,105.85256629999967,58.95602577852003
21.003763699999972,105.85286629999966,58.82269361314978
21.003763699999972,105.85316629999966,59.03513497437264
21.003763699999972,105.85346629999965,58.994843285300774
21.003763699999972,105.85376629999965,61.345789052685966
21.003763699999972,105.85406629999964,65.51572874145722
21.003763699999972,105.85436629999964,66.46167972275714
21.003763699999972,105.85466629999964,63.57263342064074
21.003763699999972,105.85496629999963,70.06772939027229
21.003763699999972,105.85526629999963,57.59481329188981
21.003763699999972,105.85556629999962,58.26529395978888
21.003763699999972,105.85586629999962,62.005984972626194
21.003763699999972,105.85616629999961,64.73991754885158
21.003763699999972,105.85646629999961,64.70369941579504
21.003763699999972,105.8567662999996,65.28211144936493
21.003763699999972,105.8570662999996,65.15638229217754
21.003763699999972,105.8573662999996,65.15638229217754
21.003763699999972,105.8576662999996,65.15638229217754
21.00406369999997,105.8291663,60.481089138284744
21.00406369999997,105.82946629999999,60.00097360072657
21.00406369999997,105.82976629999999,60.12576864531335
21.00406369999997,105.83006629999998,64.61841047017984
21.00406369999997,105.83036629999998,67.63361522666261
21.00406369999997,105.83066629999998,70.6711736343651
21.00406369999997,105.83096629999997,69.73332301502533
21.00406369999997,105.83126629999997,64.10358352535111
21.00406369999997,105.83156629999996,63.66676037231837
21.00406369999997,105.83186629999996,62.43319808913329
21.00406369999997,105.83216629999995,67.7802181933667
21.00406369999997,105.83246629999995,71.36508638397501
21.00406369999997,105.83276629999995,60.79773636050741
21.00406369999997,105.83306629999994,59.53883684613108
21.00406369999997,105.83336629999994,59.893808701721106
21.00406369999997,105.83366629999993,61.30663075441568
21.00406369999997,105.83396629999993,62.07526650410133
21.00406369999997,105.83426629999992,59.72427037964223
21.00406369999997,105.83456629999992,60.759293081205435
21.00406369999997,105.83486629999992,61.305955342371874
21.00406369999997,105.83516629999991,60.10407151556873
21.00406369999997,105.83546629999991,62.52188565055537
21.00406369999997,105.8357662999999,71.90522298176322
21.00406369999997,105.8360662999999,63.2306406967585
21.00406369999997,105.8363662999999,61.885903909070564
21.00406369999997,105.83666629999989,58.60906734151587
21.00406369999997,105.83696629999989,70.54411040155709
21.00406369999997,105.83726629999988,64.76924840723407
21.00406369999997,105.83756629999988,64.78873191591735
21.00406369999997,105.83786629999987,62.88255343859595
21.00406369999997,105.83816629999987,65.73708179016445
21.00406369999997,105.83846629999987,67.87368136258544
21.00406369999997,105.83876629999986,67.18088456463809
21.00406369999997,105.83906629999986,68.71145606677581
21.00406369999997,105.83936629999985,70.64514319932083
21.00406369999997,105.83966629999985,68.95935551471236
21.00406369999997,105.83996629999984,65.11854314076291
21.00406369999997,105.84026629999984,64.23013577652985
21.00406369999997,105.84056629999984,64.0118720097321
21.00406369999997,105.84086629999983,63.855702979328896
21.00406369999997,105.84116629999983,67.9347039523143
21.00406369999997,105.84146629999982,66.96172415774114
21.00406369999997,105.84176629999982,61.12756529898347
21.00406369999997,105.84206629999981,61.13745630057654
21.00406369999997,105.84236629999981,62.12289346623081
21.00406369999997,105.8426662999998,59.94187580548899
21.00406369999997,105.8429662999998,60.60891486260048
21.00406369999997,105.8432662999998,59.867609456139455
21.00406369999997,105.8435662999998,59.605204515687355
21.00406369999997,105.84386629999979,59.439484681578655
21.00406369999997,105.84416629999978,61.58649688235033
21.00406369999997,105.84446629999978,61.29439397260471
21.00406369999997,105.84476629999978,58.507489957592476
21.00406369999997,105.84506629999977,64.43345598219574
21.00406369999997,105.84536629999977,69.00098440053713
21.00406369999997,105.84566629999976,65.17230942844608
21.00406369999997,105.84596629999976,67.29191842618313
21.00406369999997,105.84626629999975,53.76613166300239
21.00406369999997,105.84656629999975,67.28394879603766
21.00406369999997,105.84686629999975,68.08054566764926
21.00406369999997,105.84716629999974,72.35377147208257
21.00406369999997,105.84746629999974,59.53953148739234
21.00406369999997,105.84776629999973,59.94339738032744
21.00406369999997,105.84806629999973,63.74959673166653
21.00406369999997,105.84836629999973,64.70731877361482
21.00406369999997,105.84866629999972,61.49468574549742
21.00406369999997,105.84896629999972,57.38711263251697
21.00406369999997,105.84926629999971,60.2991169744423
21.00406369999997,105.84956629999971,62.17952466359114
21.00406369999997,105.8498662999997,61.41767843560459
21.00406369999997,105.8501662999997,62.08198736910563
21.00406369999997,105.8504662999997,60.1706511462866
21.00406369999997,105.85076629999969,62.54083206628101
21.00406369999997,105.85106629999969,68.73811802470745
21.00406369999997,105.85136629999968,57.66550068337037
21.00406369999997,105.85166629999968,57.87731289017706
21.00406369999997,105.85196629999967,59.4727363670468
21.00406369999997,105.85226629999967,61.952626457053405
21.00406369999997,105.85256629999967,58.26412130531748
21.00406369999997,105.85286629999966,58.75925310005681
21.00406369999997,105.85316629999966,59.46504575116116
21.00406369999997,105.85346629999965,60.649174242431165
21.00406369999997,105.85376629999965,63.494084269603675
21.00406369999997,105.85406629999964,67.03925586975757
21.00406369999997,105.85436629999964,60.40475830615309
21.00406369999997,105.85466629999964,57.856232586526055
21.00406369999997,105.85496629999963,69.95534746590796
21.00406369999997,105.85526629999963,59.45431999417079
21.00406369999997,105.85556629999962,62.005984972626194
21.00406369999997,105.85586629999962,64.58499339873177
21.00406369999997,105.85616629999961,64.73991754885158
21.00406369999997,105.85646629999961,64.70369941579504
21.00406369999997,105.8567662999996,65.28211144936493
21.00406369999997,105.8570662999996,64.98886676927366
21.00406369999997,105.8573662999996,64.98886676927366
21.00406369999997,105.8576662999996,64.98886676927366
21.00436369999997,105.8291663,62.027253536379256
21.00436369999997,105.82946629999999,61.74108234547818
21.00436369999997,105.82976629999999,62.087559458127174
21.00436369999997,105.83006629999998,59.55398488353051
21.00436369999997,105.83036629999998,67.80116845351404
21.00436369999997,105.83066629999998,64.38081407364963
21.00436369999997,105.83096629999997,61.2099360841742
21.00436369999997,105.83126629999997,56.4095434120878
21.00436369999997,105.83156629999996,60.04880378615322
21.00436369999997,105.83186629999996,60.33335717553691
21.00436369999997,105.83216629999995,60.48231591855765
21.00436369999997,105.83246629999995,71.15230398346134
21.00436369999997,105.83276629999995,64.68416377405428
21.00436369999997,105.83306629999994,59.07184103372003
21.00436369999997,105.83336629999994,59.357400754161404
21.00436369999997,105.83366629999993,59.993434186749184
21.00436369999997,105.83396629999993,58.46678140797805
21.00436369999997,105.83426629999992,59.755354407691115
21.00436369999997,105.83456629999992,60.759293081205435
21.00436369999997,105.83486629999992,60.10573872413938
21.00436369999997,105.83516629999991,62.92784057140284
21.00436369999997,105.83546629999991,61.68111489147525
21.00436369999997,105.8357662999999,67.51452843178942
21.00436369999997,105.8360662999999,61.017311450769604
21.00436369999997,105.8363662999999,61.52427110314064
21.00436369999997,105.83666629999989,63.27583516476898
21.00436369999997,105.83696629999989,69.76243005502356
21.00436369999997,105.83726629999988,65.33985253222939
21.00436369999997,105.83756629999988,70.54761302240809
21.00436369999997,105.83786629999987,60.20531088468994
21.00436369999997,105.83816629999987,61.21464008650823
21.00436369999997,105.83846629999987,58.555713669317896
21.00436369999997,105.83876629999986,59.955493142458224
21.00436369999997,105.83906629999986,64.5824488305168
21.00436369999997,105.83936629999985,68.61121655163251
21.00436369999997,105.83966629999985,65.08068315103488
21.00436369999997,105.83996629999984,64.3530473619637
21.00436369999997,105.84026629999984,63.926066411249316
21.00436369999997,105.84056629999984,65.53243549690927
21.00436369999997,105.84086629999983,65.29792210349862
21.00436369999997,105.84116629999983,66.62063786806397
21.00436369999997,105.84146629999982,68.1657928262105
21.00436369999997,105.84176629999982,61.40246673840834
21.00436369999997,105.84206629999981,60.59686172888348
21.00436369999997,105.84236629999981,61.389210507281064
21.00436369999997,105.8426662999998,61.43114391952794
21.00436369999997,105.8429662999998,62.433008362822555
21.00436369999997,105.8432662999998,62.537200003355856
21.00436369999997,105.8435662999998,59.058721308572906
21.00436369999997,105.84386629999979,60.33178133706982
21.00436369999997,105.84416629999978,61.25616367956536
21.00436369999997,105.84446629999978,60.948608377895134
21.00436369999997,105.84476629999978,60.45356793147622
21.00436369999997,105.84506629999977,60.51978789598559
21.00436369999997,105.84536629999977,67.71996708083132
21.00436369999997,105.84566629999976,68.85198461485666
21.00436369999997,105.84596629999976,70.01071067222628
21.00436369999997,105.84626629999975,66.89531072784773
21.00436369999997,105.84656629999975,68.13307794758532
21.00436369999997,105.84686629999975,55.439890852289814
21.00436369999997,105.84716629999974,70.16369493733892
21.00436369999997,105.84746629999974,63.14052912638458
21.00436369999997,105.84776629999973,63.92149482574591
21.00436369999997,105.84806629999973,63.4147027975376
21.00436369999997,105.84836629999973,63.794729833039334
21.00436369999997,105.84866629999972,61.354135797699534
21.00436369999997,105.84896629999972,58.90601354263494
21.00436369999997,105.84926629999971,59.462361765520406
21.00436369999997,105.84956629999971,58.82019853549353
21.00436369999997,105.8498662999997,58.82019853549353
21.00436369999997,105.8501662999997,56.92335334878819
21.00436369999997,105.8504662999997,65.9940837979761
21.00436369999997,105.85076629999969,68.98411267099195
21.00436369999997,105.85106629999969,73.12425151417158
21.00436369999997,105.85136629999968,56.902986686450596
21.00436369999997,105.85166629999968,60.16619752024346
21.00436369999997,105.85196629999967,59.70598267572802
21.00436369999997,105.85226629999967,58.9578259383125
21.00436369999997,105.85256629999967,60.73780790036115
21.00436369999997,105.85286629999966,58.4112022323705
21.00436369999997,105.85316629999966,66.40595637316208
21.00436369999997,105.85346629999965,68.91888239635227
21.00436369999997,105.85376629999965,69.63595836836845
21.00436369999997,105.85406629999964,60.59365589936682
21.00436369999997,105.85436629999964,59.453690137779596
21.00436369999997,105.85466629999964,59.940600351124864
21.00436369999997,105.85496629999963,72.09657113316345
21.00436369999997,105.85526629999963,59.989720272363506
21.00436369999997,105.85556629999962,62.41364095261904
21.00436369999997,105.85586629999962,64.22091213170702
21.00436369999997,105.85616629999961,64.70369941579504
21.00436369999997,105.85646629999961,64.58317539242866
21.00436369999997,105.8567662999996,65.28211144936493
21.00436369999997,105.8570662999996,64.98886676927366
21.00436369999997,105.8573662999996,64.98886676927366
21.00436369999997,105.8576662999996,64.98886676927366
21.00466369999997,105.8291663,62.537200003355856
21.00466369999997,105.82946629999999,62.7812996324345
21.00466369999997,105.82976629999999,60.924371805299806
21.00466369999997,105.83006629999998,60.28467922489594
21.00466369999997,105.83036629999998,65.08761051372996
21.00466369999997,105.83066629999998,68.33333145231936
21.00466369999997,105.83096629999997,60.6597189548195
21.00466369999997,105.83126629999997,60.62565648559537
21.00466369999997,105.83156629999996,60.31238714711031
21.00466369999997,105.83186629999996,60.38904801947261
21.00466369999997,105.83216629999995,59.82313792775037
21.00466369999997,105.83246629999995,65.40794024406507
21.00466369999997,105.83276629999995,63.00636315396927
21.00466369999997,105.83306629999994,59.87571337047447
21.00466369999997,105.83336629999994,57.768856776952255
21.00466369999997,105.83366629999993,58.13325756362286
21.00466369999997,105.83396629999993,58.431240391245545
21.00466369999997,105.83426629999992,58.431240391245545
21.00466369999997,105.83456629999992,59.94874441852723
21.00466369999997,105.83486629999992,60.75191471537595
21.00466369999997,105.83516629999991,61.2892056479648
21.00466369999997,105.83546629999991,65.47392585727809
21.00466369999997,105.8357662999999,69.76046886650671
21.00466369999997,105.8360662999999,62.8641159472254
21.00466369999997,105.8363662999999,61.883905465091395
21.00466369999997,105.83666629999989,65.22451872921843
21.00466369999997,105.83696629999989,69.87235050947653
21.00466369999997,105.83726629999988,58.040435152486495
21.00466369999997,105.83756629999988,68.3569412675653
21.00466369999997,105.83786629999987,64.63490353232167
21.00466369999997,105.83816629999987,58.55317990663351
21.00466369999997,105.83846629999987,60.39088864461664
21.00466369999997,105.83876629999986,62.25216070436946
21.00466369999997,105.83906629999986,67.74815118504738
21.00466369999997,105.83936629999985,65.18813569532881
21.00466369999997,105.83966629999985,60.453131173892125
21.00466369999997,105.83996629999984,64.95267895247267
21.00466369999997,105.84026629999984,65.68858057911
21.00466369999997,105.84056629999984,62.24080692012405
21.00466369999997,105.84086629999983,63.57477497277164
21.00466369999997,105.84116629999983,69.46801893506661
21.00466369999997,105.84146629999982,68.93429236470564
21.00466369999997,105.84176629999982,60.97563144024576
21.00466369999997,105.84206629999981,61.27129259526813
21.00466369999997,105.84236629999981,62.03244440385285
21.00466369999997,105.8426662999998,61.47337160830073
21.00466369999997,105.8429662999998,62.537200003355856
21.00466369999997,105.8432662999998,62.537200003355856
21.00466369999997,105.8435662999998,60.00097360072657
21.00466369999997,105.84386629999979,62.52707014312242
21.00466369999997,105.84416629999978,61.3660407594424
21.00466369999997,105.84446629999978,63.0025296612924
21.00466369999997,105.84476629999978,62.03244440385285
21.00466369999997,105.84506629999977,62.30196604769437
21.00466369999997,105.84536629999977,64.03083703314857
21.00466369999997,105.84566629999976,67.84624847573507
21.00466369999997,105.84596629999976,61.391474924065456
21.00466369999997,105.84626629999975,68.8997290337791
21.00466369999997,105.84656629999975,57.40789044395072
21.00466369999997,105.84686629999975,61.52549726537979
21.00466369999997,105.84716629999974,68.62395630132526
21.00466369999997,105.84746629999974,63.63960507338772
21.00466369999997,105.84776629999973,65.64031514353132
21.00466369999997,105.84806629999973,58.44448190303931
21.00466369999997,105.84836629999973,58.83107985538122
21.00466369999997,105.84866629999972,59.35954044234525
21.00466369999997,105.84896629999972,59.473633360106206
21.00466369999997,105.84926629999971,59.38756190573941
21.00466369999997,105.84956629999971,58.77990684642167
21.00466369999997,105.8498662999997,58.563673152606164
21.00466369999997,105.8501662999997,58.53397097039196
21.00466369999997,105.8504662999997,60.84183549580611
21.00466369999997,105.85076629999969,62.480600763567274
21.00466369999997,105.85106629999969,70.40749031326908
21.00466369999997,105.85136629999968,58.54803492992897
21.00466369999997,105.85166629999968,61.21555974599851
21.00466369999997,105.85196629999967,60.94913315092801
21.00466369999997,105.85226629999967,61.21555974599851
21.00466369999997,105.85256629999967,61.71610030220507
21.00466369999997,105.85286629999966,58.4112022323705
21.00466369999997,105.85316629999966,68.08035836259342
21.00466369999997,105.85346629999965,68.36209527618838
21.00466369999997,105.85376629999965,63.70408875808042
21.00466369999997,105.85406629999964,69.8335410705451
21.00466369999997,105.85436629999964,66.86829302582765
21.00466369999997,105.85466629999964,65.74869600166222
21.00466369999997,105.85496629999963,72.69382894917915
21.00466369999997,105.85526629999963,61.46376100580669
21.00466369999997,105.85556629999962,62.742019475271896
21.00466369999997,105.85586629999962,64.73991754885158
21.00466369999997,105.85616629999961,64.70369941579504
21.00466369999997,105.85646629999961,64.52652017776704
21.00466369999997,105.8567662999996,65.28211144936493
21.00466369999997,105.8570662999996,64.98886676927366
21.00466369999997,105.8573662999996,64.98886676927366
21.00466369999997,105.8576662999996,64.98886676927366
21.00496369999997,105.8291663,61.89931149890066
21.00496369999997,105.82946629999999,61.030407253533134
21.00496369999997,105.82976629999999,61.483444600851925
21.00496369999997,105.83006629999998,61.64021296855242
21.00496369999997,105.83036629999998,59.1777487457785
21.00496369999997,105.83066629999998,68.32645886497329
21.00496369999997,105.83096629999997,59.60371925186536
21.00496369999997,105.83126629999997,60.58872888332462
21.00496369999997,105.83156629999996,60.07231270434361
21.00496369999997,105.83186629999996,60.67823466070303
21.00496369999997,105.83216629999995,60.445833335081154
21.00496369999997,105.83246629999995,65.80533357675337
21.00496369999997,105.83276629999995,69.20346405565721
21.00496369999997,105.83306629999994,60.06861888544117
21.00496369999997,105.83336629999994,56.596523801772136
21.00496369999997,105.83366629999993,57.08677965257686
21.00496369999997,105.83396629999993,57.48431043432186
21.00496369999997,105.83426629999992,58.663929690010534
21.00496369999997,105.83456629999992,60.317148376272655
21.00496369999997,105.83486629999992,61.25537615205711
21.00496369999997,105.83516629999991,61.27656896051655
21.00496369999997,105.83546629999991,67.26979763760427
21.00496369999997,105.8357662999999,64.84499936201074
21.00496369999997,105.8360662999999,61.5477092622587
21.00496369999997,105.8363662999999,61.98414533412756
21.00496369999997,105.83666629999989,68.43481790084415
21.00496369999997,105.83696629999989,66.31545745519013
21.00496369999997,105.83726629999988,57.73490540329023
21.00496369999997,105.83756629999988,64.07252332282124
21.00496369999997,105.83786629999987,67.70827735648326
21.00496369999997,105.83816629999987,59.42905825586633
21.00496369999997,105.83846629999987,60.481089138284744
21.00496369999997,105.83876629999986,62.43150489011591
21.00496369999997,105.83906629999986,69.3024168712673
21.00496369999997,105.83936629999985,64.16711356365737
21.00496369999997,105.83966629999985,60.7310439575093
21.00496369999997,105.83996629999984,65.27205973536081
21.00496369999997,105.84026629999984,68.60180502226763
21.00496369999997,105.84056629999984,60.78703734323792
21.00496369999997,105.84086629999983,61.99539086998145
21.00496369999997,105.84116629999983,68.1008821185592
21.00496369999997,105.84146629999982,67.74426843343426
21.00496369999997,105.84176629999982,60.34388774516608
21.00496369999997,105.84206629999981,60.793119249384375
21.00496369999997,105.84236629999981,61.301127205639254
21.00496369999997,105.8426662999998,61.07655041537373
21.00496369999997,105.8429662999998,61.25616367956536
21.00496369999997,105.8432662999998,61.57161345850343
21.00496369999997,105.8435662999998,62.206866800570886
21.00496369999997,105.84386629999979,61.3660407594424
21.00496369999997,105.84416629999978,62.03244440385285
21.00496369999997,105.84446629999978,63.0025296612924
21.00496369999997,105.84476629999978,63.0025296612924
21.00496369999997,105.84506629999977,63.0025296612924
21.00496369999997,105.84536629999977,61.61598332737175
21.00496369999997,105.84566629999976,69.69784969962397
21.00496369999997,105.84596629999976,59.30175192817388
21.00496369999997,105.84626629999975,58.57330215374783
21.00496369999997,105.84656629999975,57.1453975272475
21.00496369999997,105.84686629999975,70.35498001222601
21.00496369999997,105.84716629999974,63.379424916657676
21.00496369999997,105.84746629999974,55.76060547134898
21.00496369999997,105.84776629999973,71.3181565362591
21.00496369999997,105.84806629999973,61.30504375871955
21.00496369999997,105.84836629999973,60.55904991627759
21.00496369999997,105.84866629999972,62.27007354708545
21.00496369999997,105.84896629999972,59.89184426809824
21.00496369999997,105.84926629999971,62.802105059031
21.00496369999997,105.84956629999971,70.79956514543917
21.00496369999997,105.8498662999997,66.22565605386512
21.00496369999997,105.8501662999997,72.89907993536484
21.00496369999997,105.8504662999997,73.10957124950261
21.00496369999997,105.85076629999969,74.65912881713301
21.00496369999997,105.85106629999969,73.2338274728129
21.00496369999997,105.85136629999968,60.995136768246255
21.00496369999997,105.85166629999968,61.85731166841138
21.00496369999997,105.85196629999967,60.52365527279596
21.00496369999997,105.85226629999967,61.11122732823516
21.00496369999997,105.85256629999967,61.961023523697044
21.00496369999997,105.85286629999966,64.84582656527553
21.00496369999997,105.85316629999966,66.14823123329207
21.00496369999997,105.85346629999965,59.177893067787814
21.00496369999997,105.85376629999965,58.477799498994905
21.00496369999997,105.85406629999964,68.64283939290885
21.00496369999997,105.85436629999964,66.94625143070871
21.00496369999997,105.85466629999964,66.9417792142844
21.00496369999997,105.85496629999963,72.41029548499806
21.00496369999997,105.85526629999963,59.989720272363506
21.00496369999997,105.85556629999962,61.348979939034805
21.00496369999997,105.85586629999962,64.25548916396298
21.00496369999997,105.85616629999961,64.52652017776704
21.00496369999997,105.85646629999961,64.52652017776704
21.00496369999997,105.8567662999996,64.98886676927366
21.00496369999997,105.8570662999996,64.98886676927366
21.00496369999997,105.8573662999996,64.98886676927366
21.00496369999997,105.8576662999996,64.98886676927366
21.00526369999997,105.8291663,62.68812483862048
21.00526369999997,105.82946629999999,62.68812483862048
21.00526369999997,105.82976629999999,62.63157269353543
21.00526369999997,105.83006629999998,60.076545508639505
21.00526369999997,105.83036629999998,59.73291556519687
21.00526369999997,105.83066629999998,70.01668143799553
21.00526369999997,105.83096629999997,64.55173532952007
21.00526369999997,105.83126629999997,59.68033244437053
21.00526369999997,105.83156629999996,60.01579882505564
21.00526369999997,105.83186629999996,60.47507353083937
21.00526369999997,105.83216629999995,60.548299289280294
21.00526369999997,105.83246629999995,62.84655966524657
21.00526369999997,105.83276629999995,70.38970461161117
21.00526369999997,105.83306629999994,58.3926873596102
21.00526369999997,105.83336629999994,59.29271798873062
21.00526369999997,105.83366629999993,58.122602250073086
21.00526369999997,105.83396629999993,57.189743085388216
21.00526369999997,105.83426629999992,58.17583172093851
21.00526369999997,105.83456629999992,58.04329860840117
21.00526369999997,105.83486629999992,60.19165437682995
21.00526369999997,105.83516629999991,59.95631432111466
21.00526369999997,105.83546629999991,67.1539279370127
21.00526369999997,105.8357662999999,61.91046718336804
21.00526369999997,105.8360662999999,61.71952915343459
21.00526369999997,105.8363662999999,59.78091783752908
21.00526369999997,105.83666629999989,70.22673763293518
21.00526369999997,105.83696629999989,57.71422605078681
21.00526369999997,105.83726629999988,59.82952067852409
21.00526369999997,105.83756629999988,62.73902666919729
21.00526369999997,105.83786629999987,62.680097012849544
21.00526369999997,105.83816629999987,59.45447803611705
21.00526369999997,105.83846629999987,62.027253536379256
21.00526369999997,105.83876629999986,61.838163176555916
21.00526369999997,105.83906629999986,69.08213778897948
21.00526369999997,105.83936629999985,60.97658283619119
21.00526369999997,105.83966629999985,60.046122660674705
21.00526369999997,105.83996629999984,64.0776035484191
21.00526369999997,105.84026629999984,68.8943780676172
21.00526369999997,105.84056629999984,58.50126799547219
21.00526369999997,105.84086629999983,57.83560395615271
21.00526369999997,105.84116629999983,66.17000949081275
21.00526369999997,105.84146629999982,66.04187465129525
21.00526369999997,105.84176629999982,59.9305825014093
21.00526369999997,105.84206629999981,61.89863616491666
21.00526369999997,105.84236629999981,60.06828666648489
21.00526369999997,105.8426662999998,60.201103890437444
21.00526369999997,105.8429662999998,59.7919631336037
21.00526369999997,105.8432662999998,60.357212049849615
21.00526369999997,105.8435662999998,59.063888483645265
21.00526369999997,105.84386629999979,59.11401588843766
21.00526369999997,105.84416629999978,61.15157077127727
21.00526369999997,105.84446629999978,61.55082742459399
21.00526369999997,105.84476629999978,61.15184130319229
21.00526369999997,105.84506629999977,62.062899881796405
21.00526369999997,105.84536629999977,61.07987645364161
21.00526369999997,105.84566629999976,71.38847599327929
21.00526369999997,105.84596629999976,62.29133263219357
21.00526369999997,105.84626629999975,62.27680689115869
21.00526369999997,105.84656629999975,59.68053065112795
21.00526369999997,105.84686629999975,63.51870567207884
21.00526369999997,105.84716629999974,68.76212063760077
21.00526369999997,105.84746629999974,56.563186290173626
21.00526369999997,105.84776629999973,70.08228956654298
21.00526369999997,105.84806629999973,65.954177607389
21.00526369999997,105.84836629999973,63.1195108268523
21.00526369999997,105.84866629999972,62.872895862633804
21.00526369999997,105.84896629999972,65.51285291590291
21.00526369999997,105.84926629999971,64.01171136158705
21.00526369999997,105.84956629999971,66.87115810405678
21.00526369999997,105.8498662999997,62.61442925140426
21.00526369999997,105.8501662999997,57.42361068879928
21.00526369999997,105.8504662999997,58.35728695257827
21.00526369999997,105.85076629999969,58.396331277505766
21.00526369999997,105.85106629999969,69.23042271450234
21.00526369999997,105.85136629999968,61.3982179694664
21.00526369999997,105.85166629999968,58.42072345761501
21.00526369999997,105.85196629999967,61.451159365638986
21.00526369999997,105.85226629999967,61.343778879354666
21.00526369999997,105.85256629999967,61.24403154814043
21.00526369999997,105.85286629999966,63.234789505967875
21.00526369999997,105.85316629999966,67.34286770583833
21.00526369999997,105.85346629999965,68.511465987712
21.00526369999997,105.85376629999965,67.91398522994314
21.00526369999997,105.85406629999964,72.13315532952451
21.00526369999997,105.85436629999964,70.94192991194959
21.00526369999997,105.85466629999964,70.48539018371419
21.00526369999997,105.85496629999963,73.79286663351873
21.00526369999997,105.85526629999963,60.777172530169295
21.00526369999997,105.85556629999962,61.72543878969508
21.00526369999997,105.85586629999962,62.742019475271896
21.00526369999997,105.85616629999961,64.52652017776704
21.00526369999997,105.85646629999961,64.98886676927366
21.00526369999997,105.8567662999996,64.98886676927366
21.00526369999997,105.8570662999996,64.98886676927366
21.00526369999997,105.8573662999996,64.98886676927366
21.00526369999997,105.8576662999996,64.98886676927366
21.005563699999968,105.8291663,62.68812483862048
21.005563699999968,105.82946629999999,62.663711707952835
21.005563699999968,105.82976629999999,62.63157269353543
21.005563699999968,105.83006629999998,62.68800936532636
21.005563699999968,105.83036629999998,59.751880374844625
21.005563699999968,105.83066629999998,64.76490606074142
21.005563699999968,105.83096629999997,65.95117651058578
21.005563699999968,105.83126629999997,60.233739900029086
21.005563699999968,105.83156629999996,58.50457935824426
21.005563699999968,105.83186629999996,58.7977539159103
21.005563699999968,105.83216629999995,59.38489748062746
21.005563699999968,105.83246629999995,58.186697321072145
21.005563699999968,105.83276629999995,69.76270176595499
21.005563699999968,105.83306629999994,57.77282385264669
21.005563699999968,105.83336629999994,59.36711694604666
21.005563699999968,105.83366629999993,55.47927409848923
21.005563699999968,105.83396629999993,58.63347531166853
21.005563699999968,105.83426629999992,57.2372104918227
21.005563699999968,105.83456629999992,58.37498549611229
21.005563699999968,105.83486629999992,60.49521354951188
21.005563699999968,105.83516629999991,61.055222988453124
21.005563699999968,105.83546629999991,64.21441625090874
21.005563699999968,105.8357662999999,60.71017988009039
21.005563699999968,105.8360662999999,60.783434368704825
21.005563699999968,105.8363662999999,62.34910671422791
21.005563699999968,105.83666629999989,69.10436723683007
21.005563699999968,105.83696629999989,57.73128742249841
21.005563699999968,105.83726629999988,58.08318087666039
21.005563699999968,105.83756629999988,69.08680928513287
21.005563699999968,105.83786629999987,62.11160797159121
21.005563699999968,105.83816629999987,61.26917314064845
21.005563699999968,105.83846629999987,59.061112198279304
21.005563699999968,105.83876629999986,64.69294724455216
21.005563699999968,105.83906629999986,69.6307831000843
21.005563699999968,105.83936629999985,57.576273589977916
21.005563699999968,105.83966629999985,64.10966821088853
21.005563699999968,105.83996629999984,63.12157207666108
21.005563699999968,105.84026629999984,63.1807458162205
21.005563699999968,105.84056629999984,62.35312956599079
21.005563699999968,105.84086629999983,61.60306255342371
21.005563699999968,105.84116629999983,66.810985077887
21.005563699999968,105.84146629999982,68.24557899505214
21.005563699999968,105.84176629999982,59.196536534895124
21.005563699999968,105.84206629999981,56.28045181957128
21.005563699999968,105.84236629999981,60.22649461218465
21.005563699999968,105.8426662999998,61.18382868753293
21.005563699999968,105.8429662999998,59.355327530756156
21.005563699999968,105.8432662999998,60.25883472581689
21.005563699999968,105.8435662999998,58.998285116029756
21.005563699999968,105.84386629999979,60.71592445856773
21.005563699999968,105.84416629999978,60.62249078191891
21.005563699999968,105.84446629999978,61.43671313843735
21.005563699999968,105.84476629999978,61.79581834382266
21.005563699999968,105.84506629999977,59.396690675788605
21.005563699999968,105.84536629999977,57.78142228485984
21.005563699999968,105.84566629999976,69.18611746784575
21.005563699999968,105.84596629999976,58.29940385206971
21.005563699999968,105.84626629999975,60.64689521367921
21.005563699999968,105.84656629999975,56.94509545817262
21.005563699999968,105.84686629999975,56.816078458284416
21.005563699999968,105.84716629999974,69.53578099046173
21.005563699999968,105.84746629999974,55.86538951689157
21.005563699999968,105.84776629999973,65.14636955152466
21.005563699999968,105.84806629999973,65.92513639507793
21.005563699999968,105.84836629999973,60.245758411991105
21.005563699999968,105.84866629999972,59.05931803812387
21.005563699999968,105.84896629999972,59.927178589654915
21.005563699999968,105.84926629999971,64.62919175331201
21.005563699999968,105.84956629999971,66.50824249980269
21.005563699999968,105.8498662999997,66.9505035961011
21.005563699999968,105.8501662999997,60.371835011868875
21.005563699999968,105.8504662999997,60.78361105639969
21.005563699999968,105.85076629999969,61.087165025899424
21.005563699999968,105.85106629999969,66.5858282066238
21.005563699999968,105.85136629999968,62.50655098229052
21.005563699999968,105.85166629999968,59.6952293033186
21.005563699999968,105.85196629999967,61.76487140771151
21.005563699999968,105.85226629999967,57.14734805037893
21.005563699999968,105.85256629999967,66.40981430127462
21.005563699999968,105.85286629999966,67.71527990735348
21.005563699999968,105.85316629999966,65.18157069265513
21.005563699999968,105.85346629999965,58.074143432895596
21.005563699999968,105.85376629999965,59.33509883006072
21.005563699999968,105.85406629999964,69.73952854825231
21.005563699999968,105.85436629999964,71.59293556217642
21.005563699999968,105.85466629999964,71.53235531727226
21.005563699999968,105.85496629999963,72.18803710761733
21.005563699999968,105.85526629999963,61.50745803916254
21.005563699999968,105.85556629999962,64.25548916396298
21.005563699999968,105.85586629999962,64.25548916396298
21.005563699999968,105.85616629999961,65.28211144936493
21.005563699999968,105.85646629999961,64.98886676927366
21.005563699999968,105.8567662999996,64.98886676927366
21.005563699999968,105.8570662999996,64.98886676927366
21.005563699999968,105.8573662999996,64.98886676927366
21.005563699999968,105.8576662999996,64.98886676927366
21.005863699999967,105.8291663,62.663711707952835
21.005863699999967,105.82946629999999,62.663711707952835
21.005863699999967,105.82976629999999,62.70499452437354
21.005863699999967,105.83006629999998,62.69547433963182
21.005863699999967,105.83036629999998,61.99433906429394
21.005863699999967,105.83066629999998,59.48498129417289
21.005863699999967,105.83096629999997,69.5616335676885
21.005863699999967,105.83126629999997,58.571094823567556
21.005863699999967,105.83156629999996,64.02671228341444
21.005863699999967,105.83186629999996,69.62387415192863
21.005863699999967,105.83216629999995,70.29729099301017
21.005863699999967,105.83246629999995,68.04059359534982
21.005863699999967,105.83276629999995,68.13672639380958
21.005863699999967,105.83306629999994,67.86107362969277
21.005863699999967,105.83336629999994,70.33300707232848
21.005863699999967,105.83366629999993,69.49391678956322
21.005863699999967,105.83396629999993,68.04045440038051
21.005863699999967,105.83426629999992,68.72437335715398
21.005863699999967,105.83456629999992,64.59615763938784
21.005863699999967,105.83486629999992,61.02736027150144
21.005863699999967,105.83516629999991,64.39667803329758
21.005863699999967,105.83546629999991,62.289891671612835
21.005863699999967,105.8357662999999,60.790723313858756
21.005863699999967,105.8360662999999,59.45039938454812
21.005863699999967,105.8363662999999,66.63290304411521
21.005863699999967,105.83666629999989,64.25855586017714
21.005863699999967,105.83696629999989,57.91354374681141
21.005863699999967,105.83726629999988,56.22223681721212
21.005863699999967,105.83756629999988,69.8047659063413
21.005863699999967,105.83786629999987,56.088023808594706
21.005863699999967,105.83816629999987,60.91900434563656
21.005863699999967,105.83846629999987,61.06930945875464
21.005863699999967,105.83876629999986,69.93319621538988
21.005863699999967,105.83906629999986,64.26773160905397
21.005863699999967,105.83936629999985,58.268773150374265
21.005863699999967,105.83966629999985,67.57916949313994
21.005863699999967,105.83996629999984,61.93511013153679
21.005863699999967,105.84026629999984,62.6118460296791
21.005863699999967,105.84056629999984,64.99964200591515
21.005863699999967,105.84086629999983,67.06501879944895
21.005863699999967,105.84116629999983,64.63142562173915
21.005863699999967,105.84146629999982,69.04301950569476
21.005863699999967,105.84176629999982,58.47459680598507
21.005863699999967,105.84206629999981,57.13311202750873
21.005863699999967,105.84236629999981,56.484276414581856
21.005863699999967,105.8426662999998,59.89034560532045
21.005863699999967,105.8429662999998,58.057591700845826
21.005863699999967,105.8432662999998,58.08270591773911
21.005863699999967,105.8435662999998,60.281974055918454
21.005863699999967,105.84386629999979,60.15905881946708
21.005863699999967,105.84416629999978,60.522668487295206
21.005863699999967,105.84446629999978,60.20885806781368
21.005863699999967,105.84476629999978,59.59856932227404
21.005863699999967,105.84506629999977,59.39950012581724
21.005863699999967,105.84536629999977,59.19726278741967
21.005863699999967,105.84566629999976,70.94872303743747
21.005863699999967,105.84596629999976,55.33946551598269
21.005863699999967,105.84626629999975,58.2285776965313
21.005863699999967,105.84656629999975,58.90033025688725
21.005863699999967,105.84686629999975,57.742731548491435
21.005863699999967,105.84716629999974,70.37363142874409
21.005863699999967,105.84746629999974,64.389074413861
21.005863699999967,105.84776629999973,57.439640656204325
21.005863699999967,105.84806629999973,60.427423180561604
21.005863699999967,105.84836629999973,57.108309748336474
21.005863699999967,105.84866629999972,58.58514065479506
21.005863699999967,105.84896629999972,58.45740619141422
21.005863699999967,105.84926629999971,63.357307623812325
21.005863699999967,105.84956629999971,63.608834667876465
21.005863699999967,105.8498662999997,65.91263899167045
21.005863699999967,105.8501662999997,57.95661351489697
21.005863699999967,105.8504662999997,59.88492555996173
21.005863699999967,105.85076629999969,59.56862361260789
21.005863699999967,105.85106629999969,66.55169710147209
21.005863699999967,105.85136629999968,65.92006641786736
21.005863699999967,105.85166629999968,59.68097623231066
21.005863699999967,105.85196629999967,61.10472671220248
21.005863699999967,105.85226629999967,61.665562811905914
21.005863699999967,105.85256629999967,58.46073455765423
21.005863699999967,105.85286629999966,59.0127355982435
21.005863699999967,105.85316629999966,59.410320392721005
21.005863699999967,105.85346629999965,59.38682748476398
21.005863699999967,105.85376629999965,59.65360029831316
21.005863699999967,105.85406629999964,70.06260041523021
21.005863699999967,105.85436629999964,65.27518929001181
21.005863699999967,105.85466629999964,64.49332985134315
21.005863699999967,105.85496629999963,71.79146129735592
21.005863699999967,105.85526629999963,63.27341920607111
21.005863699999967,105.85556629999962,64.25548916396298
21.005863699999967,105.85586629999962,64.73991754885158
21.005863699999967,105.85616629999961,64.63255562600034
21.005863699999967,105.85646629999961,64.98886676927366
21.005863699999967,105.8567662999996,65.15638229217754
21.005863699999967,105.8570662999996,64.98886676927366
21.005863699999967,105.8573662999996,64.98886676927366
21.005863699999967,105.8576662999996,64.98886676927366
21.006163699999966,105.8291663,62.17580805725379
21.006163699999966,105.82946629999999,62.11925591216874
21.006163699999966,105.82976629999999,62.80516455703959
21.006163699999966,105.83006629999998,62.69975821006686
21.006163699999966,105.83036629999998,62.95023695990513
21.006163699999966,105.83066629999998,66.83392463250038
21.006163699999966,105.83096629999997,70.21847232358749
21.006163699999966,105.83126629999997,69.2504424321419
21.006163699999966,105.83156629999996,64.1635604849686
21.006163699999966,105.83186629999996,62.88005825735529
21.006163699999966,105.83216629999995,59.75397943287642
21.006163699999966,105.83246629999995,63.18082751782814
21.006163699999966,105.83276629999995,68.47420043073583
21.006163699999966,105.83306629999994,55.572010813205
21.006163699999966,105.83336629999994,59.353342212776255
21.006163699999966,105.83366629999993,55.484395849128404
21.006163699999966,105.83396629999993,57.09587249359002
21.006163699999966,105.83426629999992,61.70977712811499
21.006163699999966,105.83456629999992,66.81108507613531
21.006163699999966,105.83486629999992,70.41226343812578
21.006163699999966,105.83516629999991,68.96961300917268
21.006163699999966,105.83546629999991,67.81897646356778
21.006163699999966,105.8357662999999,59.637868833413826
21.006163699999966,105.8360662999999,61.93966205892873
21.006163699999966,105.8363662999999,59.12482494125042
21.006163699999966,105.83666629999989,72.17840680028371
21.006163699999966,105.83696629999989,67.55486972837888
21.006163699999966,105.83726629999988,57.75304476653148
21.006163699999966,105.83756629999988,69.78987299711687
21.006163699999966,105.83786629999987,55.695557655271514
21.006163699999966,105.83816629999987,56.89893903745509
21.006163699999966,105.83846629999987,60.67083770649803
21.006163699999966,105.83876629999986,67.98556525414767
21.006163699999966,105.83906629999986,55.338348691250864
21.006163699999966,105.83936629999985,53.19696908392065
21.006163699999966,105.83966629999985,69.27151525461102
21.006163699999966,105.83996629999984,60.90445260234565
21.006163699999966,105.84026629999984,54.67591038650493
21.006163699999966,105.84056629999984,55.033202189536055
21.006163699999966,105.84086629999983,67.45671638695174
21.006163699999966,105.84116629999983,65.5610601441441
21.006163699999966,105.84146629999982,65.86078859353408
21.006163699999966,105.84176629999982,57.6849877156706
21.006163699999966,105.84206629999981,57.65623370266411
21.006163699999966,105.84236629999981,58.12762322756419
21.006163699999966,105.8426662999998,57.77063252393983
21.006163699999966,105.8429662999998,58.77404686330241
21.006163699999966,105.8432662999998,58.11074021584887
21.006163699999966,105.8435662999998,58.746555896409234
21.006163699999966,105.84386629999979,58.26717306279564
21.006163699999966,105.84416629999978,60.44849280983547
21.006163699999966,105.84446629999978,59.89196829983318
21.006163699999966,105.84476629999978,60.35268196388166
21.006163699999966,105.84506629999977,58.12695814199444
21.006163699999966,105.84536629999977,64.28210487975042
21.006163699999966,105.84566629999976,70.80753989249393
21.006163699999966,105.84596629999976,57.54545927359259
21.006163699999966,105.84626629999975,59.86950155575652
21.006163699999966,105.84656629999975,57.38643206558598
21.006163699999966,105.84686629999975,57.73958816582901
21.006163699999966,105.84716629999974,65.4808477236444
21.006163699999966,105.84746629999974,62.75807967008771
21.006163699999966,105.84776629999973,69.94471144527343
21.006163699999966,105.84806629999973,65.12747747753248
21.006163699999966,105.84836629999973,57.848578355687835
21.006163699999966,105.84866629999972,66.2460247440695
21.006163699999966,105.84896629999972,55.80871587586762
21.006163699999966,105.84926629999971,62.69273202106942
21.006163699999966,105.84956629999971,61.047492717892915
21.006163699999966,105.8498662999997,64.7641500361657
21.006163699999966,105.8501662999997,55.58715612370373
21.006163699999966,105.8504662999997,60.02988325443142
21.006163699999966,105.85076629999969,63.22797154457206
21.006163699999966,105.85106629999969,66.24451822339586
21.006163699999966,105.85136629999968,68.1710232623833
21.006163699999966,105.85166629999968,58.612391323517805
21.006163699999966,105.85196629999967,58.84990071770773
21.006163699999966,105.85226629999967,58.82019853549353
21.006163699999966,105.85256629999967,58.82019853549353
21.006163699999966,105.85286629999966,61.116648673831875
21.006163699999966,105.85316629999966,59.95353516400456
21.006163699999966,105.85346629999965,58.90788888893079
21.006163699999966,105.85376629999965,58.776005305672484
21.006163699999966,105.85406629999964,67.84908592038458
21.006163699999966,105.85436629999964,65.6258862318389
21.006163699999966,105.85466629999964,67.61875535126532
21.006163699999966,105.85496629999963,65.9609679100673
21.006163699999966,105.85526629999963,61.78582553752022
21.006163699999966,105.85556629999962,64.38842765461088
21.006163699999966,105.85586629999962,64.75069091533253
21.006163699999966,105.85616629999961,65.28211144936493
21.006163699999966,105.85646629999961,64.98886676927366
21.006163699999966,105.8567662999996,65.15638229217754
21.006163699999966,105.8570662999996,65.15638229217754
21.006163699999966,105.8573662999996,65.15638229217754
21.006163699999966,105.8576662999996,65.15638229217754
21.006463699999966,105.8291663,62.17580805725379
21.006463699999966,105.82946629999999,62.01351243959232
21.006463699999966,105.82976629999999,62.882836606800105
21.006463699999966,105.83006629999998,67.8751284484095
21.006463699999966,105.83036629999998,69.86172266099972
21.006463699999966,105.83066629999998,69.1124718678991
21.006463699999966,105.83096629999997,70.05068999216479
21.006463699999966,105.83126629999997,68.41907725296852
21.006463699999966,105.83156629999996,68.81375336835085
21.006463699999966,105.83186629999996,66.69410805266041
21.006463699999966,105.83216629999995,60.09961835924419
21.006463699999966,105.83246629999995,71.35428899399683
21.006463699999966,105.83276629999995,67.01221989757758
21.006463699999966,105.83306629999994,59.178124720596394
21.006463699999966,105.83336629999994,61.13220236568962
21.006463699999966,105.83366629999993,60.92690022163602
21.006463699999966,105.83396629999993,58.281660525765105
21.006463699999966,105.83426629999992,60.4756607621953
21.006463699999966,105.83456629999992,59.90379697042385
21.006463699999966,105.83486629999992,59.63387572301708
21.006463699999966,105.83516629999991,56.69467221864915
21.006463699999966,105.83546629999991,69.32984561514975
21.006463699999966,105.8357662999999,65.39067001953505
21.006463699999966,105.8360662999999,61.109644695150784
21.006463699999966,105.8363662999999,59.54853828688589
21.006463699999966,105.83666629999989,57.311634475900945
21.006463699999966,105.83696629999989,68.04845553872153
21.006463699999966,105.83726629999988,67.49100071353489
21.006463699999966,105.83756629999988,70.59383993282903
21.006463699999966,105.83786629999987,54.85186676552685
21.006463699999966,105.83816629999987,56.90895584668288
21.006463699999966,105.83846629999987,56.87557406654833
21.006463699999966,105.83876629999986,66.21933630952539
21.006463699999966,105.83906629999986,55.449584779995696
21.006463699999966,105.83936629999985,56.930106170672715
21.006463699999966,105.83966629999985,58.10197567141667
21.006463699999966,105.83996629999984,57.47221695904818
21.006463699999966,105.84026629999984,56.88358007113616
21.006463699999966,105.84056629999984,56.86017566899538
21.006463699999966,105.84086629999983,59.5839018758812
21.006463699999966,105.84116629999983,62.61429081561641
21.006463699999966,105.84146629999982,65.68334816121526
21.006463699999966,105.84176629999982,59.048823950843385
21.006463699999966,105.84206629999981,58.37188361738715
21.006463699999966,105.84236629999981,56.51150973008396
21.006463699999966,105.8426662999998,56.44817371253499
21.006463699999966,105.8429662999998,60.36080134438597
21.006463699999966,105.8432662999998,60.2999011652177
21.006463699999966,105.8435662999998,57.617715350360236
21.006463699999966,105.84386629999979,58.4613267247436
21.006463699999966,105.84416629999978,57.932318221806376
21.006463699999966,105.84446629999978,61.39017736653375
21.006463699999966,105.84476629999978,60.0160083476472
21.006463699999966,105.84506629999977,62.194814822154804
21.006463699999966,105.84536629999977,71.122664309597
21.006463699999966,105.84566629999976,69.43093845504055
21.006463699999966,105.84596629999976,62.04812614336359
21.006463699999966,105.84626629999975,62.83260082968332
21.006463699999966,105.84656629999975,61.43739212890111
21.006463699999966,105.84686629999975,58.646514082843666
21.006463699999966,105.84716629999974,67.7822598073782
21.006463699999966,105.84746629999974,62.375033529895504
21.006463699999966,105.84776629999973,54.1598427835626
21.006463699999966,105.84806629999973,69.08121792159383
21.006463699999966,105.84836629999973,63.111635170239865
21.006463699999966,105.84866629999972,68.77386781705438
21.006463699999966,105.84896629999972,70.7695830723024
21.006463699999966,105.84926629999971,60.80112874238214
21.006463699999966,105.84956629999971,65.17087790245178
21.006463699999966,105.8498662999997,62.74057771318252
21.006463699999966,105.8501662999997,71.64370364297054
21.006463699999966,105.8504662999997,72.9207119935132
21.006463699999966,105.85076629999969,66.50418716506223
21.006463699999966,105.85106629999969,67.91892121854715
21.006463699999966,105.85136629999968,68.12470012882663
21.006463699999966,105.85166629999968,58.79810027163285
21.006463699999966,105.85196629999967,60.15709636130205
21.006463699999966,105.85226629999967,58.98852224304732
21.006463699999966,105.85256629999967,59.244888999551144
21.006463699999966,105.85286629999966,59.244888999551144
21.006463699999966,105.85316629999966,60.94435545755903
21.006463699999966,105.85346629999965,59.84596450905913
21.006463699999966,105.85376629999965,57.25754399773601
21.006463699999966,105.85406629999964,67.43737039526566
21.006463699999966,105.85436629999964,63.78192161698129
21.006463699999966,105.85466629999964,65.88932895501921
21.006463699999966,105.85496629999963,62.77153068743995
21.006463699999966,105.85526629999963,59.551366055003164
21.006463699999966,105.85556629999962,60.583152347235114
21.006463699999966,105.85586629999962,64.75250892163562
21.006463699999966,105.85616629999961,64.90743307175545
21.006463699999966,105.85646629999961,64.69403570067088
21.006463699999966,105.8567662999996,64.80007114890421
21.006463699999966,105.8570662999996,65.15638229217754
21.006463699999966,105.8573662999996,65.2240359189508
21.006463699999966,105.8576662999996,65.15638229217754
21.006763699999965,105.8291663,63.150835967463784
21.006763699999965,105.82946629999999,66.06832501182396
21.006763699999965,105.82976629999999,72.3422862214517
21.006763699999965,105.83006629999998,71.10509853442565
21.006763699999965,105.83036629999998,70.93075027304685
21.006763699999965,105.83066629999998,66.6262083988771
21.006763699999965,105.83096629999997,59.927727314378444
21.006763699999965,105.83126629999997,60.82090124909839
21.006763699999965,105.83156629999996,68.83141581572959
21.006763699999965,105.83186629999996,70.2654996906358
21.006763699999965,105.83216629999995,69.2556616254075
21.006763699999965,105.83246629999995,72.06339518067355
21.006763699999965,105.83276629999995,56.591343042074264
21.006763699999965,105.83306629999994,60.75372452359589
21.006763699999965,105.83336629999994,60.93857529432472
21.006763699999965,105.83366629999993,60.75372452359589
21.006763699999965,105.83396629999993,60.03426732863709
21.006763699999965,105.83426629999992,58.43264512549483
21.006763699999965,105.83456629999992,59.62985517358784
21.006763699999965,105.83486629999992,58.027336001186335
21.006763699999965,105.83516629999991,67.6996683343529
21.006763699999965,105.83546629999991,67.9094502634936
21.006763699999965,105.8357662999999,60.41012085877783
21.006763699999965,105.8360662999999,58.783302224976296
21.006763699999965,105.8363662999999,59.69096392934931
21.006763699999965,105.83666629999989,59.87671910502641
21.006763699999965,105.83696629999989,57.09779752589914
21.006763699999965,105.83726629999988,57.453071559286066
21.006763699999965,105.83756629999988,55.420149012901774
21.006763699999965,105.83786629999987,57.73677070922381
21.006763699999965,105.83816629999987,57.83600918467456
21.006763699999965,105.83846629999987,55.36038445044417
21.006763699999965,105.83876629999986,68.7662595011135
21.006763699999965,105.83906629999986,54.85598273373702
21.006763699999965,105.83936629999985,59.201695632000614
21.006763699999965,105.83966629999985,57.79420081566885
21.006763699999965,105.83996629999984,58.67210921013477
21.006763699999965,105.84026629999984,57.74434522804657
21.006763699999965,105.84056629999984,57.307060932599285
21.006763699999965,105.84086629999983,57.89037519417908
21.006763699999965,105.84116629999983,61.45974884803951
21.006763699999965,105.84146629999982,64.40335009985778
21.006763699999965,105.84176629999982,59.919449247242824
21.006763699999965,105.84206629999981,58.55843724385898
21.006763699999965,105.84236629999981,59.8904328193238
21.006763699999965,105.8426662999998,59.65879195525827
21.006763699999965,105.8429662999998,58.36407490118586
21.006763699999965,105.8432662999998,60.92731399710233
21.006763699999965,105.8435662999998,60.111758438875086
21.006763699999965,105.84386629999979,60.09963827192659
21.006763699999965,105.84416629999978,59.68465680458182
21.006763699999965,105.84446629999978,57.53564876670049
21.006763699999965,105.84476629999978,64.23949059640935
21.006763699999965,105.84506629999977,70.23911676559474
21.006763699999965,105.84536629999977,64.28441134459266
21.006763699999965,105.84566629999976,63.843152812108926
21.006763699999965,105.84596629999976,68.30773468137872
21.006763699999965,105.84626629999975,66.64456011421237
21.006763699999965,105.84656629999975,66.46366630380042
21.006763699999965,105.84686629999975,68.28083437630669
21.006763699999965,105.84716629999974,69.74874452699247
21.006763699999965,105.84746629999974,64.09826540712679
21.006763699999965,105.84776629999973,56.15096172874368
21.006763699999965,105.84806629999973,53.59022688065058
21.006763699999965,105.84836629999973,64.73994565549992
21.006763699999965,105.84866629999972,66.45825305080503
21.006763699999965,105.84896629999972,68.84044416340711
21.006763699999965,105.84926629999971,63.99249138243674
21.006763699999965,105.84956629999971,68.89133835663935
21.006763699999965,105.8498662999997,56.553726921630094
21.006763699999965,105.8501662999997,67.60197901819292
21.006763699999965,105.8504662999997,65.49672783029574
21.006763699999965,105.85076629999969,66.43967761079178
21.006763699999965,105.85106629999969,60.466849462621596
21.006763699999965,105.85136629999968,64.71928466952322
21.006763699999965,105.85166629999968,64.68766102212334
21.006763699999965,105.85196629999967,56.11643976490254
21.006763699999965,105.85226629999967,59.6599170661576
21.006763699999965,105.85256629999967,56.31710153394577
21.006763699999965,105.85286629999966,56.83667799369163
21.006763699999965,105.85316629999966,56.967191605601855
21.006763699999965,105.85346629999965,53.6821755384914
21.006763699999965,105.85376629999965,56.91216226617153
21.006763699999965,105.85406629999964,58.88873067787835
21.006763699999965,105.85436629999964,66.3300681685326
21.006763699999965,105.85466629999964,68.7368546274302
21.006763699999965,105.85496629999963,58.013259204375295
21.006763699999965,105.85526629999963,58.471490533194256
21.006763699999965,105.85556629999962,58.95893664143895
21.006763699999965,105.85586629999962,61.450721300350125
21.006763699999965,105.85616629999961,61.37851241072664
21.006763699999965,105.85646629999961,62.61573350777888
21.006763699999965,105.8567662999996,64.69403570067088
21.006763699999965,105.8570662999996,65.15638229217754
21.006763699999965,105.8573662999996,65.2240359189508
21.006763699999965,105.8576662999996,65.2240359189508
21.007063699999964,105.8291663,62.55345523259026
21.007063699999964,105.82946629999999,70.08552932128815
21.007063699999964,105.82976629999999,71.24244640468963
21.007063699999964,105.83006629999998,66.9769502700012
21.007063699999964,105.83036629999998,61.82406141660322
21.007063699999964,105.83066629999998,59.95958227399537
21.007063699999964,105.83096629999997,60.14471751923744
21.007063699999964,105.83126629999997,60.095487475882834
21.007063699999964,105.83156629999996,62.9685855594185
21.007063699999964,105.83186629999996,65.66270640392648
21.007063699999964,105.83216629999995,72.96083368298262
21.007063699999964,105.83246629999995,70.90742941424962
21.007063699999964,105.83276629999995,62.558493163647995
21.007063699999964,105.83306629999994,60.35821998925686
21.007063699999964,105.83336629999994,62.75686145842569
21.007063699999964,105.83366629999993,59.42260771258698
21.007063699999964,105.83396629999993,61.91444254892369
21.007063699999964,105.83426629999992,57.0075938149838
21.007063699999964,105.83456629999992,58.71806750210748
21.007063699999964,105.83486629999992,66.66997294348812
21.007063699999964,105.83516629999991,66.64456011421237
21.007063699999964,105.83546629999991,59.79086385430919
21.007063699999964,105.8357662999999,59.72153221782236
21.007063699999964,105.8360662999999,65.11672245371822
21.007063699999964,105.8363662999999,69.76267064315506
21.007063699999964,105.83666629999989,60.14076691157188
21.007063699999964,105.83696629999989,57.35566453469379
21.007063699999964,105.83726629999988,56.20406036889704
21.007063699999964,105.83756629999988,57.025191926732916
21.007063699999964,105.83786629999987,57.189743085388216
21.007063699999964,105.83816629999987,56.9226102946489
21.007063699999964,105.83846629999987,59.84314853208291
21.007063699999964,105.83876629999986,57.68663918089723
21.007063699999964,105.83906629999986,59.25229712788457
21.007063699999964,105.83936629999985,57.30816549661012
21.007063699999964,105.83966629999985,57.30816549661012
21.007063699999964,105.83996629999984,58.08079581350686
21.007063699999964,105.84026629999984,57.041773517761634
21.007063699999964,105.84056629999984,58.36407490118586
21.007063699999964,105.84086629999983,62.00108672300563
21.007063699999964,105.84116629999983,64.28542224726716
21.007063699999964,105.84146629999982,63.780176721120164
21.007063699999964,105.84176629999982,60.93530067975422
21.007063699999964,105.84206629999981,59.146022808378376
21.007063699999964,105.84236629999981,59.013702627747406
21.007063699999964,105.8426662999998,59.81053805438249
21.007063699999964,105.8429662999998,57.6468749331434
21.007063699999964,105.8432662999998,58.514938010065876
21.007063699999964,105.8435662999998,60.87894141907747
21.007063699999964,105.84386629999979,60.40742642834803
21.007063699999964,105.84416629999978,65.46579459495503
21.007063699999964,105.84446629999978,68.18477599838857
21.007063699999964,105.84476629999978,67.00616908138825
21.007063699999964,105.84506629999977,61.034558712244554
21.007063699999964,105.84536629999977,59.055676109092175
21.007063699999964,105.84566629999976,59.16980162721777
21.007063699999964,105.84596629999976,59.74665660949078
21.007063699999964,105.84626629999975,59.74665660949078
21.007063699999964,105.84656629999975,58.95246050308889
21.007063699999964,105.84686629999975,59.50833393151957
21.007063699999964,105.84716629999974,62.321635560869225
21.007063699999964,105.84746629999974,70.1264019351167
21.007063699999964,105.84776629999973,70.94878709059299
21.007063699999964,105.84806629999973,66.73896367727646
21.007063699999964,105.84836629999973,64.44409523629214
21.007063699999964,105.84866629999972,69.24228079166362
21.007063699999964,105.84896629999972,68.41312810850131
21.007063699999964,105.84926629999971,63.688735105209645
21.007063699999964,105.84956629999971,65.74937718065308
21.007063699999964,105.8498662999997,54.02029786065333
21.007063699999964,105.8501662999997,59.62996046720268
21.007063699999964,105.8504662999997,61.56331580000806
21.007063699999964,105.85076629999969,67.97165307803844
21.007063699999964,105.85106629999969,58.451355877296606
21.007063699999964,105.85136629999968,63.324557156791435
21.007063699999964,105.85166629999968,57.05410119635995
21.007063699999964,105.85196629999967,56.50919685202195
21.007063699999964,105.85226629999967,70.20427319148315
21.007063699999964,105.85256629999967,62.233038319640606
21.007063699999964,105.85286629999966,62.28289243823867
21.007063699999964,105.85316629999966,65.24221829494958
21.007063699999964,105.85346629999965,67.8964520393543
21.007063699999964,105.85376629999965,65.93678164360888
21.007063699999964,105.85406629999964,59.63813985749003
21.007063699999964,105.85436629999964,56.985350294139806
21.007063699999964,105.85466629999964,66.71862668329155
21.007063699999964,105.85496629999963,57.01374507391326
21.007063699999964,105.85526629999963,57.354034330123575
21.007063699999964,105.85556629999962,58.32456609211001
21.007063699999964,105.85586629999962,59.979189436029195
21.007063699999964,105.85616629999961,60.58310187273304
21.007063699999964,105.85646629999961,61.5101340389007
21.007063699999964,105.8567662999996,64.07531620221296
21.007063699999964,105.8570662999996,65.2240359189508
21.007063699999964,105.8573662999996,65.2240359189508
21.007063699999964,105.8576662999996,64.48100757905803
21.007363699999964,105.8291663,62.13548421141705
21.007363699999964,105.82946629999999,62.562565665286556
21.007363699999964,105.82976629999999,61.53148686926513
21.007363699999964,105.83006629999998,60.80104985747178
21.007363699999964,105.83036629999998,60.63907178887282
21.007363699999964,105.83066629999998,60.48506322550447
21.007363699999964,105.83096629999997,64.36888335731258
21.007363699999964,105.83126629999997,61.263582138495266
21.007363699999964,105.83156629999996,63.90788412690491
21.007363699999964,105.83186629999996,72.88108650310113
21.007363699999964,105.83216629999995,72.44844847324862
21.007363699999964,105.83246629999995,69.28283488803544
21.007363699999964,105.83276629999995,69.66695821103653
21.007363699999964,105.83306629999994,69.20294670916975
21.007363699999964,105.83336629999994,62.68528864401927
21.007363699999964,105.83366629999993,64.62696809090895
21.007363699999964,105.83396629999993,63.31027894012592
21.007363699999964,105.83426629999992,62.53685761188919
21.007363699999964,105.83456629999992,65.04193778450784
21.007363699999964,105.83486629999992,66.05994899035004
21.007363699999964,105.83516629999991,67.72583682449323
21.007363699999964,105.83546629999991,60.66701334813886
21.007363699999964,105.8357662999999,64.16567900649203
21.007363699999964,105.8360662999999,70.40968502300387
21.007363699999964,105.8363662999999,65.47670378484315
21.007363699999964,105.83666629999989,59.955217702976384
21.007363699999964,105.83696629999989,58.887615242231924
21.007363699999964,105.83726629999988,58.040664760785425
21.007363699999964,105.83756629999988,57.90153325407621
21.007363699999964,105.83786629999987,58.29488232482592
21.007363699999964,105.83816629999987,58.608151663310984
21.007363699999964,105.83846629999987,58.012302825431156
21.007363699999964,105.83876629999986,57.04514764803313
21.007363699999964,105.83906629999986,56.11220858210654
21.007363699999964,105.83936629999985,57.43936328919734
21.007363699999964,105.83966629999985,57.70162498828945
21.007363699999964,105.83996629999984,57.94730434107643
21.007363699999964,105.84026629999984,57.31932761950684
21.007363699999964,105.84056629999984,57.75061109440351
21.007363699999964,105.84086629999983,64.02340963738578
21.007363699999964,105.84116629999983,62.85278606372678
21.007363699999964,105.84146629999982,65.14853684886288
21.007363699999964,105.84176629999982,65.45801032602128
21.007363699999964,105.84206629999981,63.32549336781195
21.007363699999964,105.84236629999981,63.64943122317905
21.007363699999964,105.8426662999998,62.5516305201997
21.007363699999964,105.8429662999998,62.041924454432156
21.007363699999964,105.8432662999998,59.84375453670867
21.007363699999964,105.8435662999998,60.89849747862586
21.007363699999964,105.84386629999979,62.241697581857835
21.007363699999964,105.84416629999978,67.21405519735637
21.007363699999964,105.84446629999978,58.0453033581717
21.007363699999964,105.84476629999978,58.08318087666039
21.007363699999964,105.84506629999977,59.23427180909632
21.007363699999964,105.84536629999977,59.6474684069582
21.007363699999964,105.84566629999976,58.7650512569947
21.007363699999964,105.84596629999976,60.247483296283676
21.007363699999964,105.84626629999975,59.61509670327383
21.007363699999964,105.84656629999975,57.81046725246278
21.007363699999964,105.84686629999975,58.34312204234846
21.007363699999964,105.84716629999974,58.42604459577216
21.007363699999964,105.84746629999974,73.00225298890746
21.007363699999964,105.84776629999973,57.55979136935397
21.007363699999964,105.84806629999973,61.72169675790272
21.007363699999964,105.84836629999973,66.09195741704629
21.007363699999964,105.84866629999972,54.21307332515757
21.007363699999964,105.84896629999972,63.737060584327004
21.007363699999964,105.84926629999971,67.06983038714405
21.007363699999964,105.84956629999971,61.92186356578591
21.007363699999964,105.8498662999997,71.48594324739224
21.007363699999964,105.8501662999997,63.19090951252048
21.007363699999964,105.8504662999997,57.78633618614981
21.007363699999964,105.85076629999969,65.65928269010857
21.007363699999964,105.85106629999969,61.30550440804503
21.007363699999964,105.85136629999968,70.74892108429091
21.007363699999964,105.85166629999968,56.68603570610204
21.007363699999964,105.85196629999967,57.294747662901756
21.007363699999964,105.85226629999967,64.07861143423752
21.007363699999964,105.85256629999967,62.94626223032589
21.007363699999964,105.85286629999966,62.103886689320305
21.007363699999964,105.85316629999966,68.07300747451977
21.007363699999964,105.85346629999965,66.85850812069414
21.007363699999964,105.85376629999965,69.10220220693618
21.007363699999964,105.85406629999964,59.80226953467532
21.007363699999964,105.85436629999964,61.680855347173114
21.007363699999964,105.85466629999964,72.37926703406923
21.007363699999964,105.85496629999963,57.28145208221371
21.007363699999964,105.85526629999963,60.25677390929452
21.007363699999964,105.85556629999962,59.76212888736937
21.007363699999964,105.85586629999962,60.40830256320071
21.007363699999964,105.85616629999961,63.77354840795372
21.007363699999964,105.85646629999961,64.2535602218208
21.007363699999964,105.8567662999996,64.17427670562029
21.007363699999964,105.8570662999996,64.22365693919198
21.007363699999964,105.8573662999996,64.70844426532031
21.007363699999964,105.8576662999996,64.6187627493436
21.007663699999963,105.8291663,62.518134695725145
21.007663699999963,105.82946629999999,62.66345139756328
21.007663699999963,105.82976629999999,61.43142074241731
21.007663699999963,105.83006629999998,61.46402511917754
21.007663699999963,105.83036629999998,60.74208539026749
21.007663699999963,105.83066629999998,63.29228545454075
21.007663699999963,105.83096629999997,62.041868166046704
21.007663699999963,105.83126629999997,62.68731321292114
21.007663699999963,105.83156629999996,74.14831315136514
21.007663699999963,105.83186629999996,73.44141937415436
21.007663699999963,105.83216629999995,66.06445527862599
21.007663699999963,105.83246629999995,70.97849872837895
21.007663699999963,105.83276629999995,69.94694292906082
21.007663699999963,105.83306629999994,68.68247325876688
21.007663699999963,105.83336629999994,68.99245485553045
21.007663699999963,105.83366629999993,64.73658763386123
21.007663699999963,105.83396629999993,61.889671905173
21.007663699999963,105.83426629999992,65.30791051977847
21.007663699999963,105.83456629999992,68.44815148711044
21.007663699999963,105.83486629999992,58.701362476651724
21.007663699999963,105.83516629999991,65.80178761373908
21.007663699999963,105.83546629999991,67.03198521801656
21.007663699999963,105.8357662999999,67.70029642067215
21.007663699999963,105.8360662999999,62.11730625218916
21.007663699999963,105.8363662999999,57.079760569327995
21.007663699999963,105.83666629999989,59.007028283967344
21.007663699999963,105.83696629999989,57.97209092159776
21.007663699999963,105.83726629999988,57.88141063866223
21.007663699999963,105.83756629999988,57.16858314764664
21.007663699999963,105.83786629999987,57.99348604585631
21.007663699999963,105.83816629999987,57.71469464410612
21.007663699999963,105.83846629999987,59.44315862727637
21.007663699999963,105.83876629999986,57.41718628758751
21.007663699999963,105.83906629999986,58.41129355546564
21.007663699999963,105.83936629999985,53.872470206447915
21.007663699999963,105.83966629999985,56.78825112479115
21.007663699999963,105.83996629999984,59.58281426944888
21.007663699999963,105.84026629999984,62.26072838989588
21.007663699999963,105.84056629999984,63.80827090288832
21.007663699999963,105.84086629999983,67.64818896472937
21.007663699999963,105.84116629999983,71.76543501162652
21.007663699999963,105.84146629999982,71.83980853816348
21.007663699999963,105.84176629999982,66.96112556498163
21.007663699999963,105.84206629999981,67.7699676446673
21.007663699999963,105.84236629999981,67.33103192469918
21.007663699999963,105.8426662999998,68.09341270332236
21.007663699999963,105.8429662999998,71.68255616166809
21.007663699999963,105.8432662999998,67.12794253724721
21.007663699999963,105.8435662999998,64.33576370953584
21.007663699999963,105.84386629999979,66.57376666773769
21.007663699999963,105.84416629999978,69.86871222841403
21.007663699999963,105.84446629999978,70.32518872970164
21.007663699999963,105.84476629999978,66.26836893189709
21.007663699999963,105.84506629999977,62.737296863752135
21.007663699999963,105.84536629999977,63.425454662641144
21.007663699999963,105.84566629999976,64.02675270322544
21.007663699999963,105.84596629999976,61.8221060265346
21.007663699999963,105.84626629999975,57.78485088430012
21.007663699999963,105.84656629999975,56.63802442772067
21.007663699999963,105.84686629999975,57.748210472707854
21.007663699999963,105.84716629999974,59.070101402814934
21.007663699999963,105.84746629999974,69.99414896418308
21.007663699999963,105.84776629999973,56.54308218238082
21.007663699999963,105.84806629999973,63.585172037158934
21.007663699999963,105.84836629999973,75.90170942023127
21.007663699999963,105.84866629999972,72.58412213620791
21.007663699999963,105.84896629999972,54.31898252597513
21.007663699999963,105.84926629999971,59.08449067941427
21.007663699999963,105.84956629999971,71.3562230588195
21.007663699999963,105.8498662999997,59.175680496609246
21.007663699999963,105.8501662999997,67.61504526804563
21.007663699999963,105.8504662999997,69.09838072763445
21.007663699999963,105.85076629999969,66.29658782796096
21.007663699999963,105.85106629999969,57.925981503056775
21.007663699999963,105.85136629999968,74.94554772405627
21.007663699999963,105.85166629999968,53.905684738539954
21.007663699999963,105.85196629999967,55.11332326198971
21.007663699999963,105.85226629999967,65.45060271302918
21.007663699999963,105.85256629999967,58.53195482905588
21.007663699999963,105.85286629999966,55.81759843777239
21.007663699999963,105.85316629999966,66.45769365584249
21.007663699999963,105.85346629999965,66.11438630800671
21.007663699999963,105.85376629999965,69.2332563397315
21.007663699999963,105.85406629999964,67.6454147197022
21.007663699999963,105.85436629999964,62.86851142269341
21.007663699999963,105.85466629999964,68.82118574809107
21.007663699999963,105.85496629999963,57.0925950106365
21.007663699999963,105.85526629999963,56.51923996956251
21.007663699999963,105.85556629999962,59.41348547634479
21.007663699999963,105.85586629999962,59.58899168288005
21.007663699999963,105.85616629999961,63.750808499010944
21.007663699999963,105.85646629999961,64.03799618890608
21.007663699999963,105.8567662999996,63.741953431060054
21.007663699999963,105.8570662999996,63.09389566516354
21.007663699999963,105.8573662999996,63.49118195037006
21.007663699999963,105.8576662999996,63.52016761130634
21.007963699999962,105.8291663,61.91200411176334
21.007963699999962,105.82946629999999,62.74745278513428
21.007963699999962,105.82976629999999,61.56587200557039
21.007963699999962,105.83006629999998,60.2854119599564
21.007963699999962,105.83036629999998,60.9310295298986
21.007963699999962,105.83066629999998,63.37395436595109
21.007963699999962,105.83096629999997,67.49466717672087
21.007963699999962,105.83126629999997,72.96169172758
21.007963699999962,105.83156629999996,73.89822303214993
21.007963699999962,105.83186629999996,73.89822303214993
21.007963699999962,105.83216629999995,69.34564732144902
21.007963699999962,105.83246629999995,70.59687893857061
21.007963699999962,105.83276629999995,62.846009533602874
21.007963699999962,105.83306629999994,66.16890370756384
21.007963699999962,105.83336629999994,69.32205567807938
21.007963699999962,105.83366629999993,70.59131220900045
21.007963699999962,105.83396629999993,66.3353238018664
21.007963699999962,105.83426629999992,69.04805236043298
21.007963699999962,105.83456629999992,60.22422422061847
21.007963699999962,105.83486629999992,60.31705005183887
21.007963699999962,105.83516629999991,61.71030572263579
21.007963699999962,105.83546629999991,69.44625808641716
21.007963699999962,105.8357662999999,69.21217083958737
21.007963699999962,105.8360662999999,65.65499981345027
21.007963699999962,105.8363662999999,60.14010348756806
21.007963699999962,105.83666629999989,58.940658170465326
21.007963699999962,105.83696629999989,56.764293891750974
21.007963699999962,105.83726629999988,52.983360862714854
21.007963699999962,105.83756629999988,64.3623770663325
21.007963699999962,105.83786629999987,60.65392134449255
21.007963699999962,105.83816629999987,59.10546580660573
21.007963699999962,105.83846629999987,55.31853339227163
21.007963699999962,105.83876629999986,61.10360799210873
21.007963699999962,105.83906629999986,64.45355778957202
21.007963699999962,105.83936629999985,63.117401271275625
21.007963699999962,105.83966629999985,61.62149972653032
21.007963699999962,105.83996629999984,66.98937420564302
21.007963699999962,105.84026629999984,64.19779346685074
21.007963699999962,105.84056629999984,64.26390651905002
21.007963699999962,105.84086629999983,67.36658944944135
21.007963699999962,105.84116629999983,68.23488489387934
21.007963699999962,105.84146629999982,70.16167348404507
21.007963699999962,105.84176629999982,67.66768424481087
21.007963699999962,105.84206629999981,65.45640741282489
21.007963699999962,105.84236629999981,64.1928311132115
21.007963699999962,105.8426662999998,64.3982674065479
21.007963699999962,105.8429662999998,67.73120145878967
21.007963699999962,105.8432662999998,65.77442131413869
21.007963699999962,105.8435662999998,66.83642813221694
21.007963699999962,105.84386629999979,66.8550609204151
21.007963699999962,105.84416629999978,70.71572439993759
21.007963699999962,105.84446629999978,67.91768179343264
21.007963699999962,105.84476629999978,67.61977049578837
21.007963699999962,105.84506629999977,67.1683015834691
21.007963699999962,105.84536629999977,69.29690622005417
21.007963699999962,105.84566629999976,67.40170405432292
21.007963699999962,105.84596629999976,71.1097911001365
21.007963699999962,105.84626629999975,69.44724653422773
21.007963699999962,105.84656629999975,68.58836819948489
21.007963699999962,105.84686629999975,69.1984662810112
21.007963699999962,105.84716629999974,66.95411275971539
21.007963699999962,105.84746629999974,67.81057347648004
21.007963699999962,105.84776629999973,60.36480839409589
21.007963699999962,105.84806629999973,59.939259983521445
21.007963699999962,105.84836629999973,56.28150930304004
21.007963699999962,105.84866629999972,58.46683565634073
21.007963699999962,105.84896629999972,58.79956508756818
21.007963699999962,105.84926629999971,58.728977723069356
21.007963699999962,105.84956629999971,59.09415229490186
21.007963699999962,105.8498662999997,66.7761979391918
21.007963699999962,105.8501662999997,62.5962520666502
21.007963699999962,105.8504662999997,59.194978614972605
21.007963699999962,105.85076629999969,69.58502413038732
21.007963699999962,105.85106629999969,62.22874967290719
21.007963699999962,105.85136629999968,71.8474299141828
21.007963699999962,105.85166629999968,59.84646667055221
21.007963699999962,105.85196629999967,58.20447521558896
21.007963699999962,105.85226629999967,67.73264098066407
21.007963699999962,105.85256629999967,59.11335831824539
21.007963699999962,105.85286629999966,57.193429308880795
21.007963699999962,105.85316629999966,60.36169253405197
21.007963699999962,105.85346629999965,61.40083734609235
21.007963699999962,105.85376629999965,60.51173451675202
21.007963699999962,105.85406629999964,56.30883294761136
21.007963699999962,105.85436629999964,55.010495389586886
21.007963699999962,105.85466629999964,68.07476353444814
21.007963699999962,105.85496629999963,54.88212189430567
21.007963699999962,105.85526629999963,56.32684764873686
21.007963699999962,105.85556629999962,56.9418082563591
21.007963699999962,105.85586629999962,57.48389675943602
21.007963699999962,105.85616629999961,61.8342948820897
21.007963699999962,105.85646629999961,62.51211693039802
21.007963699999962,105.8567662999996,62.63942364878169
21.007963699999962,105.8570662999996,62.63942364878169
21.007963699999962,105.8573662999996,64.31742755600519
21.007963699999962,105.8576662999996,63.52868797279646
21.00826369999996,105.8291663,62.30254399100159
21.00826369999996,105.82946629999999,62.46954356360791
21.00826369999996,105.82976629999999,60.23695106036602
21.00826369999996,105.83006629999998,65.65025253662677
21.00826369999996,105.83036629999998,70.3599513670411
21.00826369999996,105.83066629999998,72.3178083907931
21.00826369999996,105.83096629999997,74.23218408188974
21.00826369999996,105.83126629999997,73.18495333583424
21.00826369999996,105.83156629999996,64.24619079281463
21.00826369999996,105.83186629999996,63.761150080170324
21.00826369999996,105.83216629999995,69.46199376230275
21.00826369999996,105.83246629999995,63.160232787639394
21.00826369999996,105.83276629999995,64.07637141259865
21.00826369999996,105.83306629999994,62.44099419084973
21.00826369999996,105.83336629999994,64.42967485359553
21.00826369999996,105.83366629999993,69.9836182414375
21.00826369999996,105.83396629999993,67.75703663032814
21.00826369999996,105.83426629999992,59.32720996605157
21.00826369999996,105.83456629999992,63.0516749866518
21.00826369999996,105.83486629999992,58.03487501787947
21.00826369999996,105.83516629999991,69.69111878664694
21.00826369999996,105.83546629999991,65.59777920244812
21.00826369999996,105.8357662999999,64.2209626808382
21.00826369999996,105.8360662999999,71.8217087086867
21.00826369999996,105.8363662999999,66.31806931553842
21.00826369999996,105.83666629999989,60.24298478563724
21.00826369999996,105.83696629999989,61.37509833622483
21.00826369999996,105.83726629999988,55.083663661646334
21.00826369999996,105.83756629999988,63.36313160219956
21.00826369999996,105.83786629999987,69.55917450095235
21.00826369999996,105.83816629999987,60.78177817601242
21.00826369999996,105.83846629999987,60.481911315195916
21.00826369999996,105.83876629999986,65.18977328254327
21.00826369999996,105.83906629999986,59.47487989615738
21.00826369999996,105.83936629999985,64.43623062592255
21.00826369999996,105.83966629999985,65.25494561633394
21.00826369999996,105.83996629999984,66.86275643157981
21.00826369999996,105.84026629999984,61.580221401414676
21.00826369999996,105.84056629999984,69.32561594099273
21.00826369999996,105.84086629999983,61.3478273873938
21.00826369999996,105.84116629999983,67.59976042029155
21.00826369999996,105.84146629999982,67.19234402339981
21.00826369999996,105.84176629999982,56.28838083996424
21.00826369999996,105.84206629999981,58.04989592588502
21.00826369999996,105.84236629999981,56.25592826388957
21.00826369999996,105.8426662999998,59.521524137925944
21.00826369999996,105.8429662999998,59.521524137925944
21.00826369999996,105.8432662999998,60.748465441821345
21.00826369999996,105.8435662999998,62.36096889212723
21.00826369999996,105.84386629999979,64.16348201888052
21.00826369999996,105.84416629999978,62.7175182674883
21.00826369999996,105.84446629999978,62.31185172155008
21.00826369999996,105.84476629999978,60.08735168020814
21.00826369999996,105.84506629999977,58.780919859113745
21.00826369999996,105.84536629999977,61.308334358504815
21.00826369999996,105.84566629999976,64.423331742417
21.00826369999996,105.84596629999976,69.56250236006848
21.00826369999996,105.84626629999975,63.80026637741547
21.00826369999996,105.84656629999975,67.1184692949785
21.00826369999996,105.84686629999975,66.27091209478921
21.00826369999996,105.84716629999974,70.17320224014065
21.00826369999996,105.84746629999974,67.96016997203743
21.00826369999996,105.84776629999973,71.54107248567162
21.00826369999996,105.84806629999973,70.94496752556572
21.00826369999996,105.84836629999973,70.00752708116386
21.00826369999996,105.84866629999972,67.36775690757717
21.00826369999996,105.84896629999972,62.182599348033314
21.00826369999996,105.84926629999971,63.47359264561779
21.00826369999996,105.84956629999971,60.61365649639976
21.00826369999996,105.8498662999997,58.93490423766054
21.00826369999996,105.8501662999997,68.41721657075351
21.00826369999996,105.8504662999997,57.43629742438618
21.00826369999996,105.85076629999969,57.591292691733166
21.00826369999996,105.85106629999969,67.17302639413573
21.00826369999996,105.85136629999968,74.4210729098034
21.00826369999996,105.85166629999968,58.00379936856696
21.00826369999996,105.85196629999967,64.34781361569722
21.00826369999996,105.85226629999967,67.72101628281136
21.00826369999996,105.85256629999967,64.23206684038344
21.00826369999996,105.85286629999966,62.08752419654907
21.00826369999996,105.85316629999966,63.614339881019696
21.00826369999996,105.85346629999965,58.701941315446454
21.00826369999996,105.85376629999965,60.924853170517125
21.00826369999996,105.85406629999964,60.683417458484584
21.00826369999996,105.85436629999964,59.50210903811811
21.00826369999996,105.85466629999964,70.2116746069059
21.00826369999996,105.85496629999963,58.0148917809524
21.00826369999996,105.85526629999963,58.431636342528705
21.00826369999996,105.85556629999962,59.775728952801266
21.00826369999996,105.85586629999962,57.02255491836308
21.00826369999996,105.85616629999961,57.33748736166324
21.00826369999996,105.85646629999961,60.53423273445664
21.00826369999996,105.8567662999996,62.72052676638791
21.00826369999996,105.8570662999996,62.49356396949806
21.00826369999996,105.8573662999996,63.577388550444695
21.00826369999996,105.8576662999996,63.88682553894705
21.00856369999996,105.8291663,62.30254399100159
21.00856369999996,105.82946629999999,61.91898256883668
21.00856369999996,105.82976629999999,64.13308676570786
21.00856369999996,105.83006629999998,67.51489618088138
21.00856369999996,105.83036629999998,71.91841223902482
21.00856369999996,105.83066629999998,71.6846351291237
21.00856369999996,105.83096629999997,68.28408645152199
21.00856369999996,105.83126629999997,62.15758042719514
21.00856369999996,105.83156629999996,67.5643457798028
21.00856369999996,105.83186629999996,70.79162741104882
21.00856369999996,105.83216629999995,75.20012305696396
21.00856369999996,105.83246629999995,66.6405129399261
21.00856369999996,105.83276629999995,60.46303789491211
21.00856369999996,105.83306629999994,61.27241333773315
21.00856369999996,105.83336629999994,60.67050990911218
21.00856369999996,105.83366629999993,61.36195613443319
21.00856369999996,105.83396629999993,68.86578701083222
21.00856369999996,105.83426629999992,68.28988913275008
21.00856369999996,105.83456629999992,61.20486718557753
21.00856369999996,105.83486629999992,69.15816311455751
21.00856369999996,105.83516629999991,68.51613822309636
21.00856369999996,105.83546629999991,60.71465772361708
21.00856369999996,105.8357662999999,64.0056985985475
21.00856369999996,105.8360662999999,67.78704297641373
21.00856369999996,105.8363662999999,70.97695355698644
21.00856369999996,105.83666629999989,69.87156789056424
21.00856369999996,105.83696629999989,53.47220780422253
21.00856369999996,105.83726629999988,57.28325386531299
21.00856369999996,105.83756629999988,55.94372947916568
21.00856369999996,105.83786629999987,62.87014840245539
21.00856369999996,105.83816629999987,67.02414794578257
21.00856369999996,105.83846629999987,65.01740528206719
21.00856369999996,105.83876629999986,59.87197193014651
21.00856369999996,105.83906629999986,67.73986784127058
21.00856369999996,105.83936629999985,66.77199510121143
21.00856369999996,105.83966629999985,61.299754053442264
21.00856369999996,105.83996629999984,59.85549896990205
21.00856369999996,105.84026629999984,70.03612076660512
21.00856369999996,105.84056629999984,60.88742508682212
21.00856369999996,105.84086629999983,58.075994262921526
21.00856369999996,105.84116629999983,66.6670007460661
21.00856369999996,105.84146629999982,67.08084312524686
21.00856369999996,105.84176629999982,58.21922503281972
21.00856369999996,105.84206629999981,57.96881970876664
21.00856369999996,105.84236629999981,57.90661820984619
21.00856369999996,105.8426662999998,57.90661820984619
21.00856369999996,105.8429662999998,58.55496223079815
21.00856369999996,105.8432662999998,59.736979955452156
21.00856369999996,105.8435662999998,61.76071955138145
21.00856369999996,105.84386629999979,64.16917354728992
21.00856369999996,105.84416629999978,64.41156562339665
21.00856369999996,105.84446629999978,63.69469912426107
21.00856369999996,105.84476629999978,62.5864356806428
21.00856369999996,105.84506629999977,60.85514153223408
21.00856369999996,105.84536629999977,59.63810572155022
21.00856369999996,105.84566629999976,58.39290690935504
21.00856369999996,105.84596629999976,71.24992648464608
21.00856369999996,105.84626629999975,64.04479349826038
21.00856369999996,105.84656629999975,58.258523201995835
21.00856369999996,105.84686629999975,59.00264582473168
21.00856369999996,105.84716629999974,55.52989039260247
21.00856369999996,105.84746629999974,61.10806001008027
21.00856369999996,105.84776629999973,70.43471394697133
21.00856369999996,105.84806629999973,70.09708768286326
21.00856369999996,105.84836629999973,70.78907445928274
21.00856369999996,105.84866629999972,74.85512977455188
21.00856369999996,105.84896629999972,71.85708864259053
21.00856369999996,105.84926629999971,71.90615041518105
21.00856369999996,105.84956629999971,71.96632749957854
21.00856369999996,105.8498662999997,72.67339022521169
21.00856369999996,105.8501662999997,73.2992491987775
21.00856369999996,105.8504662999997,72.06044363295193
21.00856369999996,105.85076629999969,68.56050232853445
21.00856369999996,105.85106629999969,72.29019923506148
21.00856369999996,105.85136629999968,70.5410257350313
21.00856369999996,105.85166629999968,75.05028745551309
21.00856369999996,105.85196629999967,75.12831864093431
21.00856369999996,105.85226629999967,76.01504371282667
21.00856369999996,105.85256629999967,75.4359900333973
21.00856369999996,105.85286629999966,75.29058176377299
21.00856369999996,105.85316629999966,74.61333738323843
21.00856369999996,105.85346629999965,69.39941346086621
21.00856369999996,105.85376629999965,72.40055835249129
21.00856369999996,105.85406629999964,73.25021161681427
21.00856369999996,105.85436629999964,67.93854795250222
21.00856369999996,105.85466629999964,68.70765782585389
21.00856369999996,105.85496629999963,64.44492490273208
21.00856369999996,105.85526629999963,59.65911911041724
21.00856369999996,105.85556629999962,59.085660796715295
21.00856369999996,105.85586629999962,58.23417732720812
21.00856369999996,105.85616629999961,65.76714605580345
21.00856369999996,105.85646629999961,66.41073154236855
21.00856369999996,105.8567662999996,69.01140693507745
21.00856369999996,105.8570662999996,69.0708840440846
21.00856369999996,105.8573662999996,69.19665481010537
21.00856369999996,105.8576662999996,62.89519997527429
21.00886369999996,105.8291663,62.30254399100159
21.00886369999996,105.82946629999999,62.43016989150606
21.00886369999996,105.82976629999999,69.75852187873632
21.00886369999996,105.83006629999998,66.73764626173363
21.00886369999996,105.83036629999998,66.58119184827858
21.00886369999996,105.83066629999998,62.951043171978554
21.00886369999996,105.83096629999997,62.99515376059412
21.00886369999996,105.83126629999997,62.64683054332086
21.00886369999996,105.83156629999996,73.89012821995837
21.00886369999996,105.83186629999996,73.2962014702537
21.00886369999996,105.83216629999995,71.6402493866128
21.00886369999996,105.83246629999995,72.9673292240959
21.00886369999996,105.83276629999995,70.47883780189694
21.00886369999996,105.83306629999994,61.83223243950826
21.00886369999996,105.83336629999994,62.2889121578414
21.00886369999996,105.83366629999993,64.69643167535078
21.00886369999996,105.83396629999993,70.26730587304984
21.00886369999996,105.83426629999992,69.57131053641193
21.00886369999996,105.83456629999992,70.93824899009662
21.00886369999996,105.83486629999992,70.70239253141875
21.00886369999996,105.83516629999991,61.803876036873454
21.00886369999996,105.83546629999991,63.4754624916078
21.00886369999996,105.8357662999999,67.8063704058877
21.00886369999996,105.8360662999999,64.05192899722155
21.00886369999996,105.8363662999999,57.81331017784019
21.00886369999996,105.83666629999989,71.01369948471164
21.00886369999996,105.83696629999989,71.38577340166218
21.00886369999996,105.83726629999988,56.71949147079688
21.00886369999996,105.83756629999988,58.9796945512866
21.00886369999996,105.83786629999987,60.29724729231962
21.00886369999996,105.83816629999987,72.08708885308823
21.00886369999996,105.83846629999987,64.2566933643872
21.00886369999996,105.83876629999986,65.92917163756053
21.00886369999996,105.83906629999986,62.78584869083613
21.00886369999996,105.83936629999985,61.576104979934414
21.00886369999996,105.83966629999985,61.05077478675126
21.00886369999996,105.83996629999984,71.94528426125108
21.00886369999996,105.84026629999984,59.484697683803276
21.00886369999996,105.84056629999984,57.84058198396363
21.00886369999996,105.84086629999983,58.10626146923079
21.00886369999996,105.84116629999983,63.083753242327006
21.00886369999996,105.84146629999982,66.42136443527285
21.00886369999996,105.84176629999982,58.13747946548761
21.00886369999996,105.84206629999981,58.17229769511334
21.00886369999996,105.84236629999981,57.85548235397415
21.00886369999996,105.8426662999998,57.85548235397415
21.00886369999996,105.8429662999998,56.00733652386733
21.00886369999996,105.8432662999998,59.18777587954834
21.00886369999996,105.8435662999998,64.15151053072276
21.00886369999996,105.84386629999979,64.60501083352823
21.00886369999996,105.84416629999978,65.2240359189508
21.00886369999996,105.84446629999978,64.48100757905803
21.00886369999996,105.84476629999978,64.70844426532031
21.00886369999996,105.84506629999977,64.25678484087851
21.00886369999996,105.84536629999977,63.37517526385144
21.00886369999996,105.84566629999976,59.31218982404481
21.00886369999996,105.84596629999976,69.0748093813318
21.00886369999996,105.84626629999975,57.515863980467564
21.00886369999996,105.84656629999975,60.53347094632612
21.00886369999996,105.84686629999975,61.38523922800022
21.00886369999996,105.84716629999974,59.16775859406858
21.00886369999996,105.84746629999974,62.83459230077242
21.00886369999996,105.84776629999973,70.03916012582886
21.00886369999996,105.84806629999973,60.662499292097756
21.00886369999996,105.84836629999973,62.93119087662493
21.00886369999996,105.84866629999972,60.97324180448051
21.00886369999996,105.84896629999972,70.32885973676042
21.00886369999996,105.84926629999971,63.28553626163298
21.00886369999996,105.84956629999971,64.53871946708962
21.00886369999996,105.8498662999997,70.11951288672745
21.00886369999996,105.8501662999997,69.69645134743394
21.00886369999996,105.8504662999997,69.97461623107456
21.00886369999996,105.85076629999969,68.99042696330872
21.00886369999996,105.85106629999969,68.6268346689137
21.00886369999996,105.85136629999968,71.06288700228083
21.00886369999996,105.85166629999968,74.48187117853331
21.00886369999996,105.85196629999967,69.33719344145743
21.00886369999996,105.85226629999967,72.6941334407925
21.00886369999996,105.85256629999967,70.97581106971845
21.00886369999996,105.85286629999966,70.61562252057038
21.00886369999996,105.85316629999966,71.19475854873151
21.00886369999996,105.85346629999965,71.31602120669756
21.00886369999996,105.85376629999965,75.20313036048965
21.00886369999996,105.85406629999964,70.09826861616123
21.00886369999996,105.85436629999964,71.351160177503
21.00886369999996,105.85466629999964,73.7441582693845
21.00886369999996,105.85496629999963,70.62078527360076
21.00886369999996,105.85526629999963,70.31177300078788
21.00886369999996,105.85556629999962,67.18326460549842
21.00886369999996,105.85586629999962,67.64529585481479
21.00886369999996,105.85616629999961,64.7385448007378
21.00886369999996,105.85646629999961,66.63283386482071
21.00886369999996,105.8567662999996,68.67443137724065
21.00886369999996,105.8570662999996,69.14403670589061
21.00886369999996,105.8573662999996,68.8850515154357
21.00886369999996,105.8576662999996,59.57087616610706
21.00916369999996,105.8291663,63.0025296612924
21.00916369999996,105.82946629999999,58.57680510675849
21.00916369999996,105.82976629999999,71.41520089385976
21.00916369999996,105.83006629999998,70.54833847479841
21.00916369999996,105.83036629999998,65.09585428354934
21.00916369999996,105.83066629999998,59.975289959580884
21.00916369999996,105.83096629999997,59.52818913783301
21.00916369999996,105.83126629999997,65.71098114218218
21.00916369999996,105.83156629999996,72.49498438278778
21.00916369999996,105.83186629999996,61.33149873117159
21.00916369999996,105.83216629999995,67.83296599879901
21.00916369999996,105.83246629999995,71.08598734251963
21.00916369999996,105.83276629999995,71.1602717592028
21.00916369999996,105.83306629999994,73.15985709959351
21.00916369999996,105.83336629999994,66.50645839671064
21.00916369999996,105.83366629999993,71.29017955235116
21.00916369999996,105.83396629999993,63.68958518517151
21.00916369999996,105.83426629999992,59.18159346633437
21.00916369999996,105.83456629999992,68.71099720170605
21.00916369999996,105.83486629999992,71.06507360659565
21.00916369999996,105.83516629999991,66.46008947076275
21.00916369999996,105.83546629999991,71.37336477353871
21.00916369999996,105.8357662999999,65.69318969716551
21.00916369999996,105.8360662999999,58.53271823501194
21.00916369999996,105.8363662999999,64.49532340711127
21.00916369999996,105.83666629999989,67.21721763606132
21.00916369999996,105.83696629999989,67.65435001641896
21.00916369999996,105.83726629999988,66.54196693786035
21.00916369999996,105.83756629999988,61.40447729734582
21.00916369999996,105.83786629999987,69.85321097387043
21.00916369999996,105.83816629999987,61.37548035865851
21.00916369999996,105.83846629999987,67.1816519511907
21.00916369999996,105.83876629999986,65.10382217943463
21.00916369999996,105.83906629999986,63.34108249158773
21.00916369999996,105.83936629999985,61.9144199824441
21.00916369999996,105.83966629999985,70.70807594939463
21.00916369999996,105.83996629999984,59.51662983859229
21.00916369999996,105.84026629999984,59.06523547703926
21.00916369999996,105.84056629999984,57.85548235397415
21.00916369999996,105.84086629999983,55.941300297984775
21.00916369999996,105.84116629999983,60.59847824011296
21.00916369999996,105.84146629999982,65.42381238329665
21.00916369999996,105.84176629999982,57.93842936477991
21.00916369999996,105.84206629999981,55.95179920086142
21.00916369999996,105.84236629999981,57.85548235397415
21.00916369999996,105.8426662999998,57.85548235397415
21.00916369999996,105.8429662999998,56.00733652386733
21.00916369999996,105.8432662999998,58.236884644508486
21.00916369999996,105.8435662999998,61.63934125052939
21.00916369999996,105.84386629999979,65.28211144936493
21.00916369999996,105.84416629999978,65.15638229217754
21.00916369999996,105.84446629999978,65.2240359189508
21.00916369999996,105.84476629999978,64.31073357963362
21.00916369999996,105.84506629999977,63.99287221072866
21.00916369999996,105.84536629999977,64.49857702235008
21.00916369999996,105.84566629999976,64.67897045752854
21.00916369999996,105.84596629999976,66.72138443767474
21.00916369999996,105.84626629999975,57.705057096627286
21.00916369999996,105.84656629999975,57.72944630095299
21.00916369999996,105.84686629999975,60.22054410868808
21.00916369999996,105.84716629999974,56.86239799912097
21.00916369999996,105.84746629999974,59.40778960010874
21.00916369999996,105.84776629999973,70.00130130581546
21.00916369999996,105.84806629999973,64.47285601875396
21.00916369999996,105.84836629999973,65.96883172951713
21.00916369999996,105.84866629999972,69.06383784925401
21.00916369999996,105.84896629999972,70.83318983116357
21.00916369999996,105.84926629999971,63.94976036027165
21.00916369999996,105.84956629999971,62.516790145263755
21.00916369999996,105.8498662999997,72.39276701522192
21.00916369999996,105.8501662999997,60.836745876381904
21.00916369999996,105.8504662999997,70.27619700752813
21.00916369999996,105.85076629999969,65.45295945048397
21.00916369999996,105.85106629999969,62.68820891944298
21.00916369999996,105.85136629999968,70.41913714982341
21.00916369999996,105.85166629999968,63.892157070145096
21.00916369999996,105.85196629999967,66.9875750605547
21.00916369999996,105.85226629999967,69.95832343397096
21.00916369999996,105.85256629999967,61.86719398174453
21.00916369999996,105.85286629999966,61.950754981669625
21.00916369999996,105.85316629999966,63.11817430119259
21.00916369999996,105.85346629999965,62.961717136532215
21.00916369999996,105.85376629999965,61.046063645491195
21.00916369999996,105.85406629999964,65.66465409108896
21.00916369999996,105.85436629999964,73.12032580003059
21.00916369999996,105.85466629999964,71.97831213067778
21.00916369999996,105.85496629999963,71.99275614086153
21.00916369999996,105.85526629999963,71.53979012893363
21.00916369999996,105.85556629999962,67.08410784365577
21.00916369999996,105.85586629999962,69.15890661992097
21.00916369999996,105.85616629999961,64.89248554868858
21.00916369999996,105.85646629999961,70.31602755176279
21.00916369999996,105.8567662999996,70.14650635216988
21.00916369999996,105.8570662999996,69.23345462315741
21.00916369999996,105.8573662999996,71.66841523924195
21.00916369999996,105.8576662999996,59.990995462006126
21.00946369999996,105.8291663,61.301127205639254
21.00946369999996,105.82946629999999,57.979203417033986
21.00946369999996,105.82976629999999,64.26031095112417
21.00946369999996,105.83006629999998,69.84287315035724
21.00946369999996,105.83036629999998,69.23135690352831
21.00946369999996,105.83066629999998,60.394354196707724
21.00946369999996,105.83096629999997,61.50041842074022
21.00946369999996,105.83126629999997,69.1260830334865
21.00946369999996,105.83156629999996,67.71088946329766
21.00946369999996,105.83186629999996,61.99843490641463
21.00946369999996,105.83216629999995,71.08863510800953
21.00946369999996,105.83246629999995,65.50219475824473
21.00946369999996,105.83276629999995,70.5898151089177
21.00946369999996,105.83306629999994,73.25769421586322
21.00946369999996,105.83336629999994,71.90723175810062
21.00946369999996,105.83366629999993,65.60351305635203
21.00946369999996,105.83396629999993,60.621617532340764
21.00946369999996,105.83426629999992,66.21643687078836
21.00946369999996,105.83456629999992,71.59997320146115
21.00946369999996,105.83486629999992,68.89725074013948
21.00946369999996,105.83516629999991,73.68054043346693
21.00946369999996,105.83546629999991,63.50449595639779
21.00946369999996,105.8357662999999,59.632603751803224
21.00946369999996,105.8360662999999,64.60864542019992
21.00946369999996,105.8363662999999,67.30134457212367
21.00946369999996,105.83666629999989,53.3302308575642
21.00946369999996,105.83696629999989,58.946113088426934
21.00946369999996,105.83726629999988,64.68870802878608
21.00946369999996,105.83756629999988,71.3818522305333
21.00946369999996,105.83786629999987,64.74082670304409
21.00946369999996,105.83816629999987,67.66662426099401
21.00946369999996,105.83846629999987,65.4520916287333
21.00946369999996,105.83876629999986,63.33399745867695
21.00946369999996,105.83906629999986,61.940473784838346
21.00946369999996,105.83936629999985,71.8228589192497
21.00946369999996,105.83966629999985,60.88742508682212
21.00946369999996,105.83996629999984,59.166258025088744
21.00946369999996,105.84026629999984,59.131271702921815
21.00946369999996,105.84056629999984,57.76957355082234
21.00946369999996,105.84086629999983,55.941300297984775
21.00946369999996,105.84116629999983,62.76358923093922
21.00946369999996,105.84146629999982,65.84297904868386
21.00946369999996,105.84176629999982,59.69359607924162
21.00946369999996,105.84206629999981,58.00446559066246
21.00946369999996,105.84236629999981,55.95179920086142
21.00946369999996,105.8426662999998,57.42385391484837
21.00946369999996,105.8429662999998,57.42733160203025
21.00946369999996,105.8432662999998,61.703104897647385
21.00946369999996,105.8435662999998,61.249932035725706
21.00946369999996,105.84386629999979,60.85448366071519
21.00946369999996,105.84416629999978,64.98886676927366
21.00946369999996,105.84446629999978,64.98886676927366
21.00946369999996,105.84476629999978,65.2240359189508
21.00946369999996,105.84506629999977,64.39701030629541
21.00946369999996,105.84536629999977,64.97475604947228
21.00946369999996,105.84566629999976,70.09166693888197
21.00946369999996,105.84596629999976,64.116241845344
21.00946369999996,105.84626629999975,60.90116638385774
21.00946369999996,105.84656629999975,59.02865724150449
21.00946369999996,105.84686629999975,56.54336973995439
21.00946369999996,105.84716629999974,56.720671809288554
21.00946369999996,105.84746629999974,56.87559258642079
21.00946369999996,105.84776629999973,69.56210122892927
21.00946369999996,105.84806629999973,61.3975446663311
21.00946369999996,105.84836629999973,67.02543535752223
21.00946369999996,105.84866629999972,72.18516534427587
21.00946369999996,105.84896629999972,70.62165827820562
21.00946369999996,105.84926629999971,63.32533563944863
21.00946369999996,105.84956629999971,61.14301274653812
21.00946369999996,105.8498662999997,71.70007369453783
21.00946369999996,105.8501662999997,70.14242277144055
21.00946369999996,105.8504662999997,65.68482897918668
21.00946369999996,105.85076629999969,68.98754855393494
21.00946369999996,105.85106629999969,64.22805785261278
21.00946369999996,105.85136629999968,68.90069298595792
21.00946369999996,105.85166629999968,64.26336000605197
21.00946369999996,105.85196629999967,64.26336000605197
21.00946369999996,105.85226629999967,69.94821471343191
21.00946369999996,105.85256629999967,62.845384577666835
21.00946369999996,105.85286629999966,62.940784580364806
21.00946369999996,105.85316629999966,62.19898680908028
21.00946369999996,105.85346629999965,63.08928753059154
21.00946369999996,105.85376629999965,62.7295967909209
21.00946369999996,105.85406629999964,72.43306212353976
21.00946369999996,105.85436629999964,73.50792818125656
21.00946369999996,105.85466629999964,72.57064500268655
21.00946369999996,105.85496629999963,65.02493700875236
21.00946369999996,105.85526629999963,63.37709568070567
21.00946369999996,105.85556629999962,60.85197845005502
21.00946369999996,105.85586629999962,61.98034754917202
21.00946369999996,105.85616629999961,65.70030296638366
21.00946369999996,105.85646629999961,66.41315046911389
21.00946369999996,105.8567662999996,62.72999115461215
21.00946369999996,105.8570662999996,61.673462092703616
21.00946369999996,105.8573662999996,59.030299703393496
21.00946369999996,105.8576662999996,60.3753940250448
21.009763699999958,105.8291663,60.740577901810624
21.009763699999958,105.82946629999999,59.55283063028625
21.009763699999958,105.82976629999999,58.72348494838845
21.009763699999958,105.83006629999998,70.21022349441981
21.009763699999958,105.83036629999998,66.8548891465534
21.009763699999958,105.83066629999998,58.68794393165595
21.009763699999958,105.83096629999997,59.55106521110477
21.009763699999958,105.83126629999997,70.51039849377901
21.009763699999958,105.83156629999996,61.86932835105479
21.009763699999958,105.83186629999996,71.54578044498572
21.009763699999958,105.83216629999995,73.07916428908419
21.009763699999958,105.83246629999995,58.3828215386932
21.009763699999958,105.83276629999995,58.85434741885296
21.009763699999958,105.83306629999994,66.62911174449701
21.009763699999958,105.83336629999994,70.26230107901995
21.009763699999958,105.83366629999993,68.19533179452996
21.009763699999958,105.83396629999993,66.98193322748435
21.009763699999958,105.83426629999992,72.82929024408479
21.009763699999958,105.83456629999992,63.11286837221031
21.009763699999958,105.83486629999992,58.92700383162135
21.009763699999958,105.83516629999991,70.67044758273555
21.009763699999958,105.83546629999991,68.52066606575838
21.009763699999958,105.8357662999999,63.3288451085795
21.009763699999958,105.8360662999999,67.92476552257892
21.009763699999958,105.8363662999999,58.2121403724904
21.009763699999958,105.83666629999989,56.97845862224791
21.009763699999958,105.83696629999989,57.40599444777893
21.009763699999958,105.83726629999988,65.76025287064112
21.009763699999958,105.83756629999988,65.36734305481642
21.009763699999958,105.83786629999987,64.52064325077438
21.009763699999958,105.83816629999987,70.95732490507157
21.009763699999958,105.83846629999987,61.620302277159226
21.009763699999958,105.83876629999986,63.2023662546543
21.009763699999958,105.83906629999986,72.1617090928011
21.009763699999958,105.83936629999985,63.45984764482228
21.009763699999958,105.83966629999985,59.33377354799261
21.009763699999958,105.83996629999984,57.9432969696434
21.009763699999958,105.84026629999984,57.94416052756532
21.009763699999958,105.84056629999984,55.84612482515589
21.009763699999958,105.84086629999983,55.88576297497887
21.009763699999958,105.84116629999983,63.069253701472114
21.009763699999958,105.84146629999982,66.3284885134327
21.009763699999958,105.84176629999982,61.35165573094609
21.009763699999958,105.84206629999981,61.08780026295245
21.009763699999958,105.84236629999981,62.26498835897625
21.009763699999958,105.8426662999998,60.964987904971736
21.009763699999958,105.8429662999998,61.143264145806036
21.009763699999958,105.8432662999998,61.249932035725706
21.009763699999958,105.8435662999998,61.13070494196057
21.009763699999958,105.84386629999979,63.61563758554542
21.009763699999958,105.84416629999978,64.98886676927366
21.009763699999958,105.84446629999978,64.98886676927366
21.009763699999958,105.84476629999978,65.15638229217754
21.009763699999958,105.84506629999977,65.2240359189508
21.009763699999958,105.84536629999977,62.524563300655984
21.009763699999958,105.84566629999976,69.92339150538561
21.009763699999958,105.84596629999976,63.758977933297444
21.009763699999958,105.84626629999975,62.371986043089755
21.009763699999958,105.84656629999975,60.4950393387833
21.009763699999958,105.84686629999975,58.77338129052693
21.009763699999958,105.84716629999974,58.744739867717996
21.009763699999958,105.84746629999974,56.535406106527944
21.009763699999958,105.84776629999973,67.74168225923312
21.009763699999958,105.84806629999973,61.76352163211789
21.009763699999958,105.84836629999973,71.69649588920062
21.009763699999958,105.84866629999972,71.33140043603947
21.009763699999958,105.84896629999972,72.10545719185302
21.009763699999958,105.84926629999971,67.40574836396817
21.009763699999958,105.84956629999971,61.37488227524083
21.009763699999958,105.8498662999997,70.09534986477664
21.009763699999958,105.8501662999997,63.941266585407455
21.009763699999958,105.8504662999997,61.41973808410869
21.009763699999958,105.85076629999969,70.03233745548191
21.009763699999958,105.85106629999969,60.99050342599269
21.009763699999958,105.85136629999968,69.14055879999884
21.009763699999958,105.85166629999968,64.976591040488
21.009763699999958,105.85196629999967,69.41730334667265
21.009763699999958,105.85226629999967,70.8442542879669
21.009763699999958,105.85256629999967,66.00335387191554
21.009763699999958,105.85286629999966,67.13361606818371
21.009763699999958,105.85316629999966,63.11265328141475
21.009763699999958,105.85346629999965,63.49556432225278
21.009763699999958,105.85376629999965,67.52691077931014
21.009763699999958,105.85406629999964,73.79832549846977
21.009763699999958,105.85436629999964,62.91174149991766
21.009763699999958,105.85466629999964,64.88921027176909
21.009763699999958,105.85496629999963,63.24991135593645
21.009763699999958,105.85526629999963,62.31042013797039
21.009763699999958,105.85556629999962,62.27945684529638
21.009763699999958,105.85586629999962,59.72751764242424
21.009763699999958,105.85616629999961,62.95775560854696
21.009763699999958,105.85646629999961,62.759647193426865
21.009763699999958,105.8567662999996,62.30227966914516
21.009763699999958,105.8570662999996,61.192009079067645
21.009763699999958,105.8573662999996,61.942804551329104
21.009763699999958,105.8576662999996,62.47395732020478
21.010063699999957,105.8291663,61.136395105296465
21.010063699999957,105.82946629999999,61.200650692268596
21.010063699999957,105.82976629999999,59.19966677751267
21.010063699999957,105.83006629999998,59.33111116807625
21.010063699999957,105.83036629999998,69.26874303284875
21.010063699999957,105.83066629999998,64.42947023794956
21.010063699999957,105.83096629999997,62.691213783526
21.010063699999957,105.83126629999997,68.08960227775465
21.010063699999957,105.83156629999996,60.36817426478499
21.010063699999957,105.83186629999996,63.815390545788176
21.010063699999957,105.83216629999995,63.74766438847614
21.010063699999957,105.83246629999995,69.86719444528946
21.010063699999957,105.83276629999995,64.05404582565272
21.010063699999957,105.83306629999994,60.54734221422525
21.010063699999957,105.83336629999994,65.61484832449956
21.010063699999957,105.83366629999993,67.59821687566364
21.010063699999957,105.83396629999993,67.74051334465632
21.010063699999957,105.83426629999992,62.49738405416447
21.010063699999957,105.83456629999992,63.49835201014403
21.010063699999957,105.83486629999992,57.11328158564735
21.010063699999957,105.83516629999991,62.569398749807895
21.010063699999957,105.83546629999991,53.42792331030152
21.010063699999957,105.8357662999999,66.05823540227378
21.010063699999957,105.8360662999999,60.30365615039922
21.010063699999957,105.8363662999999,56.46380452078362
21.010063699999957,105.83666629999989,57.31939890468421
21.010063699999957,105.83696629999989,63.944029543081896
21.010063699999957,105.83726629999988,65.85748497258314
21.010063699999957,105.83756629999988,64.8214744836842
21.010063699999957,105.83786629999987,63.19195042612241
21.010063699999957,105.83816629999987,60.57723436967019
21.010063699999957,105.83846629999987,63.5289013058417
21.010063699999957,105.83876629999986,72.65286095456707
21.010063699999957,105.83906629999986,62.690758678565594
21.010063699999957,105.83936629999985,61.18513980610859
21.010063699999957,105.83966629999985,59.2322942509713
21.010063699999957,105.83996629999984,58.14763851391203
21.010063699999957,105.84026629999984,58.14763851391203
21.010063699999957,105.84056629999984,58.05896034032086
21.010063699999957,105.84086629999983,61.05821265433759
21.010063699999957,105.84116629999983,64.37548381268618
21.010063699999957,105.84146629999982,66.63989034427432
21.010063699999957,105.84176629999982,61.235829781209766
21.010063699999957,105.84206629999981,61.15424369367312
21.010063699999957,105.84236629999981,61.15424369367312
21.010063699999957,105.8426662999998,61.806086749689406
21.010063699999957,105.8429662999998,62.11552458522112
21.010063699999957,105.8432662999998,62.00902460276105
21.010063699999957,105.8435662999998,61.530907955944855
21.010063699999957,105.84386629999979,64.13618365698032
21.010063699999957,105.84416629999978,64.98886676927366
21.010063699999957,105.84446629999978,64.98886676927366
21.010063699999957,105.84476629999978,64.98886676927366
21.010063699999957,105.84506629999977,65.41454148135139
21.010063699999957,105.84536629999977,64.37786388347486
21.010063699999957,105.84566629999976,69.12334602529687
21.010063699999957,105.84596629999976,63.933135254503085
21.010063699999957,105.84626629999975,61.37989266086988
21.010063699999957,105.84656629999975,63.40291729112276
21.010063699999957,105.84686629999975,62.71870716498217
21.010063699999957,105.84716629999974,56.55487727107744
21.010063699999957,105.84746629999974,57.5655585405522
21.010063699999957,105.84776629999973,72.49041554814026
21.010063699999957,105.84806629999973,61.86398667265727
21.010063699999957,105.84836629999973,62.566876063157245
21.010063699999957,105.84866629999972,67.04728319466862
21.010063699999957,105.84896629999972,73.33276917162554
21.010063699999957,105.84926629999971,65.13454263478006
21.010063699999957,105.84956629999971,72.11330717325744
21.010063699999957,105.8498662999997,64.43183071371176
21.010063699999957,105.8501662999997,62.28535520826573
21.010063699999957,105.8504662999997,61.08774255770003
21.010063699999957,105.85076629999969,71.93241205634368
21.010063699999957,105.85106629999969,62.6013021660881
21.010063699999957,105.85136629999968,65.2635088178602
21.010063699999957,105.85166629999968,67.36695806650872
21.010063699999957,105.85196629999967,66.40019520374808
21.010063699999957,105.85226629999967,70.68357709672674
21.010063699999957,105.85256629999967,73.00623085264957
21.010063699999957,105.85286629999966,74.39403304942631
21.010063699999957,105.85316629999966,71.54758736879087
21.010063699999957,105.85346629999965,74.78274682979125
21.010063699999957,105.85376629999965,74.00951111782932
21.010063699999957,105.85406629999964,72.39217278552998
21.010063699999957,105.85436629999964,63.93494065412391
21.010063699999957,105.85466629999964,67.57468945886993
21.010063699999957,105.85496629999963,63.01965501787522
21.010063699999957,105.85526629999963,62.792635942398675
21.010063699999957,105.85556629999962,60.61108198088638
21.010063699999957,105.85586629999962,61.21455992916593
21.010063699999957,105.85616629999961,62.32251779675581
21.010063699999957,105.85646629999961,62.96370417258647
21.010063699999957,105.8567662999996,62.44058221511664
21.010063699999957,105.8570662999996,60.38574659882575
21.010063699999957,105.8573662999996,61.49524595551439
21.010063699999957,105.8576662999996,61.47337160830073
21.010363699999957,105.8291663,60.87708820075851
21.010363699999957,105.82946629999999,58.44737961565582
21.010363699999957,105.82976629999999,59.1169066262453
21.010363699999957,105.83006629999998,57.02613685014516
21.010363699999957,105.83036629999998,65.0848607544733
21.010363699999957,105.83066629999998,70.34453529660273
21.010363699999957,105.83096629999997,67.71921432420908
21.010363699999957,105.83126629999997,68.31493869897717
21.010363699999957,105.83156629999996,61.38780670055448
21.010363699999957,105.83186629999996,68.09887594006601
21.010363699999957,105.83216629999995,57.03029387276956
21.010363699999957,105.83246629999995,60.67789332013484
21.010363699999957,105.83276629999995,72.6295510945232
21.010363699999957,105.83306629999994,65.07975214683917
21.010363699999957,105.83336629999994,65.4773841501078
21.010363699999957,105.83366629999993,70.00247704163587
21.010363699999957,105.83396629999993,59.711667847025176
21.010363699999957,105.83426629999992,60.027480060600595
21.010363699999957,105.83456629999992,63.111118276308005
21.010363699999957,105.83486629999992,55.788871799336754
21.010363699999957,105.83516629999991,55.526587510635835
21.010363699999957,105.83546629999991,53.88840723436817
21.010363699999957,105.8357662999999,54.16863951566588
21.010363699999957,105.8360662999999,66.4415822294485
21.010363699999957,105.8363662999999,69.09933125363801
21.010363699999957,105.83666629999989,64.52407019605734
21.010363699999957,105.83696629999989,65.47928880178229
21.010363699999957,105.83726629999988,63.78195462736034
21.010363699999957,105.83756629999988,63.5530663197541
21.010363699999957,105.83786629999987,67.1920380150644
21.010363699999957,105.83816629999987,66.20513319672882
21.010363699999957,105.83846629999987,68.40689891170764
21.010363699999957,105.83876629999986,59.14471998694473
21.010363699999957,105.83906629999986,60.05088037667815
21.010363699999957,105.83936629999985,60.11691660256071
21.010363699999957,105.83966629999985,59.16249178763745
21.010363699999957,105.83996629999984,58.957781800071025
21.010363699999957,105.84026629999984,59.077047305051224
21.010363699999957,105.84056629999984,57.322023594959916
21.010363699999957,105.84086629999983,63.923789429744645
21.010363699999957,105.84116629999983,72.53743492184167
21.010363699999957,105.84146629999982,66.17813732062008
21.010363699999957,105.84176629999982,64.20669698844934
21.010363699999957,105.84206629999981,64.13618365698032
21.010363699999957,105.84236629999981,64.06397476735685
21.010363699999957,105.8426662999998,64.98886676927366
21.010363699999957,105.8429662999998,63.61563758554542
21.010363699999957,105.8432662999998,64.13618365698032
21.010363699999957,105.8435662999998,64.13618365698032
21.010363699999957,105.84386629999979,64.19777565856471
21.010363699999957,105.84416629999978,64.98886676927366
21.010363699999957,105.84446629999978,64.98886676927366
21.010363699999957,105.84476629999978,64.98886676927366
21.010363699999957,105.84506629999977,64.98886676927366
21.010363699999957,105.84536629999977,63.500028510007006
21.010363699999957,105.84566629999976,70.89966800216479
21.010363699999957,105.84596629999976,62.707032377378695
21.010363699999957,105.84626629999975,63.50660623137032
21.010363699999957,105.84656629999975,63.95871267270556
21.010363699999957,105.84686629999975,61.8342948820897
21.010363699999957,105.84716629999974,56.51622402814915
21.010363699999957,105.84746629999974,56.9486301100042
21.010363699999957,105.84776629999973,68.50935201175079
21.010363699999957,105.84806629999973,66.94722860405241
21.010363699999957,105.84836629999973,62.73145521445015
21.010363699999957,105.84866629999972,67.61586218180092
21.010363699999957,105.84896629999972,71.98968114232785
21.010363699999957,105.84926629999971,73.16563365652323
21.010363699999957,105.84956629999971,67.57332799275868
21.010363699999957,105.8498662999997,63.11265328141475
21.010363699999957,105.8501662999997,62.30357761990587
21.010363699999957,105.8504662999997,64.78292595255999
21.010363699999957,105.85076629999969,69.39567858286821
21.010363699999957,105.85106629999969,65.50568025891975
21.010363699999957,105.85136629999968,65.48708446131262
21.010363699999957,105.85166629999968,69.4382833461811
21.010363699999957,105.85196629999967,65.69367000227612
21.010363699999957,105.85226629999967,70.7968144452428
21.010363699999957,105.85256629999967,65.91797216731028
21.010363699999957,105.85286629999966,73.20701566648732
21.010363699999957,105.85316629999966,62.88489664625744
21.010363699999957,105.85346629999965,66.55044254168844
21.010363699999957,105.85376629999965,66.27048941699118
21.010363699999957,105.85406629999964,63.84462184279959
21.010363699999957,105.85436629999964,68.1910858462606
21.010363699999957,105.85466629999964,72.77059617145227
21.010363699999957,105.85496629999963,61.460569826616435
21.010363699999957,105.85526629999963,61.9320374210297
21.010363699999957,105.85556629999962,62.40501783832925
21.010363699999957,105.85586629999962,61.21455992916593
21.010363699999957,105.85616629999961,61.23691412618204
21.010363699999957,105.85646629999961,65.42683371387788
21.010363699999957,105.8567662999996,64.62851014908603
21.010363699999957,105.8570662999996,61.91425011576595
21.010363699999957,105.8573662999996,62.23981404273547
21.010363699999957,105.8576662999996,61.47337160830073
21.010663699999956,105.8291663,61.880944094228056
21.010663699999956,105.82946629999999,60.91390643137904
21.010663699999956,105.82976629999999,56.50915256797513
21.010663699999956,105.83006629999998,58.16257176329268
21.010663699999956,105.83036629999998,57.97246153535563
21.010663699999956,105.83066629999998,70.87924380417138
21.010663699999956,105.83096629999997,69.43925737767647
21.010663699999956,105.83126629999997,57.932675563749555
21.010663699999956,105.83156629999996,63.507644431620655
21.010663699999956,105.83186629999996,67.20401589720157
21.010663699999956,105.83216629999995,56.60218766060624
21.010663699999956,105.83246629999995,53.080167038612736
21.010663699999956,105.83276629999995,70.31742235433664
21.010663699999956,105.83306629999994,69.54556404096353
21.010663699999956,105.83336629999994,69.33090510105548
21.010663699999956,105.83366629999993,59.60703778674952
21.010663699999956,105.83396629999993,58.8252026808401
21.010663699999956,105.83426629999992,61.3698690894751
21.010663699999956,105.83456629999992,59.70980037158952
21.010663699999956,105.83486629999992,61.58068972382833
21.010663699999956,105.83516629999991,61.17598371761197
21.010663699999956,105.83546629999991,55.874142968073585
21.010663699999956,105.8357662999999,55.61223775839755
21.010663699999956,105.8360662999999,57.82238261739215
21.010663699999956,105.8363662999999,66.18695110957654
21.010663699999956,105.83666629999989,65.83505517105608
21.010663699999956,105.83696629999989,61.15278006966311
21.010663699999956,105.83726629999988,68.55390255616003
21.010663699999956,105.83756629999988,66.5644833585751
21.010663699999956,105.83786629999987,69.42944550364642
21.010663699999956,105.83816629999987,55.73318230354557
21.010663699999956,105.83846629999987,56.34193359701364
21.010663699999956,105.83876629999986,58.625465591065854
21.010663699999956,105.83906629999986,59.59492321788203
21.010663699999956,105.83936629999985,59.24322768058553
21.010663699999956,105.83966629999985,58.00342301731495
21.010663699999956,105.83996629999984,60.4783217774965
21.010663699999956,105.84026629999984,62.05713628877534
21.010663699999956,105.84056629999984,67.88252040209652
21.010663699999956,105.84086629999983,68.80362053373638
21.010663699999956,105.84116629999983,76.19408480762958
21.010663699999956,105.84146629999982,72.56828567411212
21.010663699999956,105.84176629999982,65.25916944431644
21.010663699999956,105.84206629999981,64.98886676927366
21.010663699999956,105.84236629999981,64.98886676927366
21.010663699999956,105.8426662999998,64.98886676927366
21.010663699999956,105.8429662999998,64.98886676927366
21.010663699999956,105.8432662999998,64.98886676927366
21.010663699999956,105.8435662999998,64.98886676927366
21.010663699999956,105.84386629999979,64.98886676927366
21.010663699999956,105.84416629999978,64.98886676927366
21.010663699999956,105.84446629999978,64.98886676927366
21.010663699999956,105.84476629999978,64.98886676927366
21.010663699999956,105.84506629999977,64.98886676927366
21.010663699999956,105.84536629999977,65.4217269355046
21.010663699999956,105.84566629999976,72.29591362693631
21.010663699999956,105.84596629999976,65.50095634666397
21.010663699999956,105.84626629999975,64.93410110379051
21.010663699999956,105.84656629999975,62.8116157203931
21.010663699999956,105.84686629999975,59.255683611779496
21.010663699999956,105.84716629999974,58.532909314754555
21.010663699999956,105.84746629999974,58.81263808028879
21.010663699999956,105.84776629999973,66.73516737147614
21.010663699999956,105.84806629999973,66.44484304678072
21.010663699999956,105.84836629999973,62.90076354128388
21.010663699999956,105.84866629999972,61.77736780023095
21.010663699999956,105.84896629999972,75.43236429080845
21.010663699999956,105.84926629999971,70.7632574785133
21.010663699999956,105.84956629999971,75.25038887018503
21.010663699999956,105.8498662999997,74.14869144154989
21.010663699999956,105.8501662999997,70.80041712797052
21.010663699999956,105.8504662999997,72.58904546048872
21.010663699999956,105.85076629999969,70.91210110824112
21.010663699999956,105.85106629999969,72.30803578277371
21.010663699999956,105.85136629999968,68.5572260906272
21.010663699999956,105.85166629999968,72.19375611116031
21.010663699999956,105.85196629999967,65.17110865114033
21.010663699999956,105.85226629999967,70.7587497600007
21.010663699999956,105.85256629999967,68.24838106407364
21.010663699999956,105.85286629999966,74.140646794517
21.010663699999956,105.85316629999966,69.20080762613041
21.010663699999956,105.85346629999965,69.67458523921101
21.010663699999956,105.85376629999965,67.59501423000252
21.010663699999956,105.85406629999964,64.06232315016929
21.010663699999956,105.85436629999964,69.98876445171983
21.010663699999956,105.85466629999964,73.78616888735222
21.010663699999956,105.85496629999963,60.33217599140166
21.010663699999956,105.85526629999963,61.75574721867311
21.010663699999956,105.85556629999962,61.353607033554916
21.010663699999956,105.85586629999962,61.07161869485012
21.010663699999956,105.85616629999961,60.82809745896136
21.010663699999956,105.85646629999961,67.91057876790562
21.010663699999956,105.8567662999996,66.95726081933356
21.010663699999956,105.8570662999996,62.10334519699965
21.010663699999956,105.8573662999996,61.58948004908525
21.010663699999956,105.8576662999996,61.68074124718335
21.010963699999955,105.8291663,61.8407257350669
21.010963699999955,105.82946629999999,59.69125594279743
21.010963699999955,105.82976629999999,58.826421741962804
21.010963699999955,105.83006629999998,58.73568497317458
21.010963699999955,105.83036629999998,58.11281742084129
21.010963699999955,105.83066629999998,67.73650114854921
21.010963699999955,105.83096629999997,61.19864642072603
21.010963699999955,105.83126629999997,54.858133382954634
21.010963699999955,105.83156629999996,56.69549118097719
21.010963699999955,105.83186629999996,54.480183220212886
21.010963699999955,105.83216629999995,54.56876126927519
21.010963699999955,105.83246629999995,68.00803206419234
21.010963699999955,105.83276629999995,63.79783576196693
21.010963699999955,105.83306629999994,53.95065717842673
21.010963699999955,105.83336629999994,54.54216795609826
21.010963699999955,105.83366629999993,53.29916804217506
21.010963699999955,105.83396629999993,56.75069401059241
21.010963699999955,105.83426629999992,56.02106006495648
21.010963699999955,105.83456629999992,55.736024648665754
21.010963699999955,105.83486629999992,58.556449396823545
21.010963699999955,105.83516629999991,56.945712868366506
21.010963699999955,105.83546629999991,60.32723488508453
21.010963699999955,105.8357662999999,58.830834461237885
21.010963699999955,105.8360662999999,58.852936342556305
21.010963699999955,105.8363662999999,57.75844409250074
21.010963699999955,105.83666629999989,66.07360274282186
21.010963699999955,105.83696629999989,64.70160849678531
21.010963699999955,105.83726629999988,70.33735091053777
21.010963699999955,105.83756629999988,62.05537257634418
21.010963699999955,105.83786629999987,65.49976103975315
21.010963699999955,105.83816629999987,55.71983942339828
21.010963699999955,105.83846629999987,59.96030721672543
21.010963699999955,105.83876629999986,59.15380907889055
21.010963699999955,105.83906629999986,59.59492321788203
21.010963699999955,105.83936629999985,59.59492321788203
21.010963699999955,105.83966629999985,57.9340014791409
21.010963699999955,105.83996629999984,63.02390234538677
21.010963699999955,105.84026629999984,70.16925410484
21.010963699999955,105.84056629999984,64.04076893067429
21.010963699999955,105.84086629999983,66.31623951323841
21.010963699999955,105.84116629999983,72.02999354045822
21.010963699999955,105.84146629999982,72.56246443677782
21.010963699999955,105.84176629999982,65.25916944431644
21.010963699999955,105.84206629999981,64.98886676927366
21.010963699999955,105.84236629999981,64.98886676927366
21.010963699999955,105.8426662999998,64.98886676927366
21.010963699999955,105.8429662999998,64.98886676927366
21.010963699999955,105.8432662999998,64.98886676927366
21.010963699999955,105.8435662999998,64.98886676927366
21.010963699999955,105.84386629999979,64.98886676927366
21.010963699999955,105.84416629999978,64.98886676927366
21.010963699999955,105.84446629999978,64.98886676927366
21.010963699999955,105.84476629999978,64.98886676927366
21.010963699999955,105.84506629999977,64.98886676927366
21.010963699999955,105.84536629999977,65.23232927108867
21.010963699999955,105.84566629999976,66.65949163023829
21.010963699999955,105.84596629999976,71.13897450992224
21.010963699999955,105.84626629999975,65.22338715102242
21.010963699999955,105.84656629999975,64.3740792561341
21.010963699999955,105.84686629999975,58.32839169908928
21.010963699999955,105.84716629999974,58.05760464006484
21.010963699999955,105.84746629999974,59.37777042772326
21.010963699999955,105.84776629999973,67.46617981570766
21.010963699999955,105.84806629999973,66.43543473580209
21.010963699999955,105.84836629999973,61.496244491174195
21.010963699999955,105.84866629999972,71.34932457769231
21.010963699999955,105.84896629999972,71.04502778970233
21.010963699999955,105.84926629999971,67.96744520955987
21.010963699999955,105.84956629999971,66.46383175985476
21.010963699999955,105.8498662999997,72.56843298429256
21.010963699999955,105.8501662999997,64.56893578061523
21.010963699999955,105.8504662999997,66.68424898253248
21.010963699999955,105.85076629999969,74.40987098150714
21.010963699999955,105.85106629999969,67.93314413398525
21.010963699999955,105.85136629999968,63.940782619475904
21.010963699999955,105.85166629999968,70.67029871514877
21.010963699999955,105.85196629999967,60.4613106172869
21.010963699999955,105.85226629999967,72.18169513795712
21.010963699999955,105.85256629999967,67.75177101503633
21.010963699999955,105.85286629999966,69.10304781425356
21.010963699999955,105.85316629999966,62.988429964937126
21.010963699999955,105.85346629999965,62.853491296085565
21.010963699999955,105.85376629999965,68.2170157511712
21.010963699999955,105.85406629999964,67.26693652462689
21.010963699999955,105.85436629999964,70.33018045352601
21.010963699999955,105.85466629999964,72.38228265304231
21.010963699999955,105.85496629999963,60.65289700278355
21.010963699999955,105.85526629999963,60.740668694743526
21.010963699999955,105.85556629999962,67.94654462894111
21.010963699999955,105.85586629999962,67.82942825321054
21.010963699999955,105.85616629999961,66.9012960094431
21.010963699999955,105.85646629999961,67.21514537718446
21.010963699999955,105.8567662999996,66.95726081933356
21.010963699999955,105.8570662999996,62.59816568785769
21.010963699999955,105.8573662999996,61.193485587344156
21.010963699999955,105.8576662999996,61.47337160830073
21.011263699999954,105.8291663,59.17470640482754
21.011263699999954,105.82946629999999,59.771121788351
21.011263699999954,105.82976629999999,57.633431608221215
21.011263699999954,105.83006629999998,57.87059282810272
21.011263699999954,105.83036629999998,58.110059873393475
21.011263699999954,105.83066629999998,69.5711205829747
21.011263699999954,105.83096629999997,66.13590454846548
21.011263699999954,105.83126629999997,61.91905488284102
21.011263699999954,105.83156629999996,56.95168030259615
21.011263699999954,105.83186629999996,55.39318630462033
21.011263699999954,105.83216629999995,65.11957069261554
21.011263699999954,105.83246629999995,62.64713328364586
21.011263699999954,105.83276629999995,60.42278662896499
21.011263699999954,105.83306629999994,57.407915086230105
21.011263699999954,105.83336629999994,55.46400153474143
21.011263699999954,105.83366629999993,58.30464870302908
21.011263699999954,105.83396629999993,55.0851464144193
21.011263699999954,105.83426629999992,59.019979877033826
21.011263699999954,105.83456629999992,58.945029131341
21.011263699999954,105.83486629999992,59.447595342731816
21.011263699999954,105.83516629999991,57.04191275143217
21.011263699999954,105.83546629999991,58.02177902352011
21.011263699999954,105.8357662999999,58.31556540140519
21.011263699999954,105.8360662999999,57.33499445611068
21.011263699999954,105.8363662999999,57.23449252968168
21.011263699999954,105.83666629999989,68.30154939468217
21.011263699999954,105.83696629999989,65.56403446601962
21.011263699999954,105.83726629999988,64.59482358946767
21.011263699999954,105.83756629999988,68.50708998225788
21.011263699999954,105.83786629999987,61.96938214096513
21.011263699999954,105.83816629999987,57.88870743814693
21.011263699999954,105.83846629999987,56.949163790146386
21.011263699999954,105.83876629999986,59.15380907889055
21.011263699999954,105.83906629999986,59.24322768058553
21.011263699999954,105.83936629999985,55.60566024996753
21.011263699999954,105.83966629999985,59.243637491719156
21.011263699999954,105.83996629999984,69.94480286215756
21.011263699999954,105.84026629999984,64.19047618320113
21.011263699999954,105.84056629999984,63.917639572475395
21.011263699999954,105.84086629999983,66.87128723111546
21.011263699999954,105.84116629999983,71.71439911079632
21.011263699999954,105.84146629999982,72.45671451093963
21.011263699999954,105.84176629999982,65.25421141260075
21.011263699999954,105.84206629999981,64.98886676927366
21.011263699999954,105.84236629999981,64.98886676927366
21.011263699999954,105.8426662999998,64.98886676927366
21.011263699999954,105.8429662999998,64.98886676927366
21.011263699999954,105.8432662999998,64.98886676927366
21.011263699999954,105.8435662999998,64.98886676927366
21.011263699999954,105.84386629999979,64.98886676927366
21.011263699999954,105.84416629999978,64.98886676927366
21.011263699999954,105.84446629999978,64.98886676927366
21.011263699999954,105.84476629999978,64.98886676927366
21.011263699999954,105.84506629999977,64.98886676927366
21.011263699999954,105.84536629999977,65.36979330666765
21.011263699999954,105.84566629999976,67.12332654366448
21.011263699999954,105.84596629999976,70.900555473835
21.011263699999954,105.84626629999975,64.9545164891569
21.011263699999954,105.84656629999975,64.2369391108759
21.011263699999954,105.84686629999975,61.44365185402406
21.011263699999954,105.84716629999974,57.078355546234846
21.011263699999954,105.84746629999974,59.43394848653633
21.011263699999954,105.84776629999973,65.67491228186017
21.011263699999954,105.84806629999973,66.77178141740815
21.011263699999954,105.84836629999973,69.92594821956727
21.011263699999954,105.84866629999972,69.88386225248124
21.011263699999954,105.84896629999972,72.79735889434599
21.011263699999954,105.84926629999971,68.20720361450114
21.011263699999954,105.84956629999971,69.95324895798464
21.011263699999954,105.8498662999997,73.07947886642083
21.011263699999954,105.8501662999997,65.24743958916946
21.011263699999954,105.8504662999997,62.52101585955473
21.011263699999954,105.85076629999969,68.58832768036991
21.011263699999954,105.85106629999969,66.69009096010716
21.011263699999954,105.85136629999968,66.83175762501949
21.011263699999954,105.85166629999968,68.70467357763398
21.011263699999954,105.85196629999967,63.839422028529306
21.011263699999954,105.85226629999967,69.67094258536224
21.011263699999954,105.85256629999967,62.90076298470483
21.011263699999954,105.85286629999966,62.75431059104282
21.011263699999954,105.85316629999966,66.46922642520816
21.011263699999954,105.85346629999965,62.52440975971645
21.011263699999954,105.85376629999965,68.14339776700878
21.011263699999954,105.85406629999964,70.7001688805913
21.011263699999954,105.85436629999964,71.24849547263379
21.011263699999954,105.85466629999964,70.76911776962838
21.011263699999954,105.85496629999963,62.082187169413984
21.011263699999954,105.85526629999963,60.17575582706006
21.011263699999954,105.85556629999962,61.415146341963364
21.011263699999954,105.85586629999962,59.76763839627638
21.011263699999954,105.85616629999961,61.06354841972699
21.011263699999954,105.85646629999961,66.90002829381517
21.011263699999954,105.8567662999996,67.10197842873485
21.011263699999954,105.8570662999996,61.91425011576595
21.011263699999954,105.8573662999996,61.030407253533134
21.011263699999954,105.8576662999996,62.03244440385285
21.011563699999954,105.8291663,59.53883684613108
21.011563699999954,105.82946629999999,59.820185425939286
21.011563699999954,105.82976629999999,59.804859911895946
21.011563699999954,105.83006629999998,58.57731490640178
21.011563699999954,105.83036629999998,68.82639266702287
21.011563699999954,105.83066629999998,70.51886980945004
21.011563699999954,105.83096629999997,63.40445954359067
21.011563699999954,105.83126629999997,66.21164180255427
21.011563699999954,105.83156629999996,64.32115994868815
21.011563699999954,105.83186629999996,64.33698629023368
21.011563699999954,105.83216629999995,64.39666102564772
21.011563699999954,105.83246629999995,60.4112346105543
21.011563699999954,105.83276629999995,60.19369719044217
21.011563699999954,105.83306629999994,57.54676373019897
21.011563699999954,105.83336629999994,56.5765671349292
21.011563699999954,105.83366629999993,58.001835901511285
21.011563699999954,105.83396629999993,57.17918976058383
21.011563699999954,105.83426629999992,58.945029131341
21.011563699999954,105.83456629999992,59.726363689603204
21.011563699999954,105.83486629999992,59.39720360330238
21.011563699999954,105.83516629999991,58.57149094201916
21.011563699999954,105.83546629999991,57.836677008387255
21.011563699999954,105.8357662999999,58.337786551090005
21.011563699999954,105.8360662999999,58.920659981578666
21.011563699999954,105.8363662999999,64.88770150660797
21.011563699999954,105.83666629999989,66.04220269503554
21.011563699999954,105.83696629999989,65.77118601961018
21.011563699999954,105.83726629999988,66.8931878733706
21.011563699999954,105.83756629999988,61.18247500919637
21.011563699999954,105.83786629999987,56.48082564927631
21.011563699999954,105.83816629999987,55.61531858435435
21.011563699999954,105.83846629999987,57.78251194967683
21.011563699999954,105.83876629999986,59.24322768058553
21.011563699999954,105.83906629999986,58.931255578673266
21.011563699999954,105.83936629999985,59.16777252518394
21.011563699999954,105.83966629999985,67.07515547214688
21.011563699999954,105.83996629999984,62.645819471670286
21.011563699999954,105.84026629999984,62.70934027751835
21.011563699999954,105.84056629999984,65.20227778376376
21.011563699999954,105.84086629999983,66.88815739398733
21.011563699999954,105.84116629999983,72.7212308103409
21.011563699999954,105.84146629999982,72.20194554744887
21.011563699999954,105.84176629999982,65.25421141260075
21.011563699999954,105.84206629999981,64.98886676927366
21.011563699999954,105.84236629999981,64.98886676927366
21.011563699999954,105.8426662999998,64.98886676927366
21.011563699999954,105.8429662999998,64.98886676927366
21.011563699999954,105.8432662999998,64.98886676927366
21.011563699999954,105.8435662999998,64.98886676927366
21.011563699999954,105.84386629999979,64.98886676927366
21.011563699999954,105.84416629999978,64.98886676927366
21.011563699999954,105.84446629999978,64.98886676927366
21.011563699999954,105.84476629999978,64.98886676927366
21.011563699999954,105.84506629999977,64.98886676927366
21.011563699999954,105.84536629999977,64.98886676927366
21.011563699999954,105.84566629999976,63.968465048362376
21.011563699999954,105.84596629999976,72.95925242294582
21.011563699999954,105.84626629999975,62.9651644368861
21.011563699999954,105.84656629999975,64.01690451542879
21.011563699999954,105.84686629999975,62.16113758614134
21.011563699999954,105.84716629999974,58.070860186355
21.011563699999954,105.84746629999974,60.961141126161905
21.011563699999954,105.84776629999973,67.21043232247155
21.011563699999954,105.84806629999973,70.31173604145911
21.011563699999954,105.84836629999973,70.05136797839417
21.011563699999954,105.84866629999972,60.04660220292783
21.011563699999954,105.84896629999972,67.53531296304449
21.011563699999954,105.84926629999971,68.9473640804559
21.011563699999954,105.84956629999971,63.778403291475456
21.011563699999954,105.8498662999997,71.69172700128506
21.011563699999954,105.8501662999997,63.71578180929363
21.011563699999954,105.8504662999997,65.60803700608619
21.011563699999954,105.85076629999969,67.67567064414041
21.011563699999954,105.85106629999969,70.44356406751747
21.011563699999954,105.85136629999968,70.16390598716498
21.011563699999954,105.85166629999968,73.97164660209815
21.011563699999954,105.85196629999967,62.53978687626152
21.011563699999954,105.85226629999967,63.72922273788967
21.011563699999954,105.85256629999967,61.343242933047094
21.011563699999954,105.85286629999966,66.82151365481705
21.011563699999954,105.85316629999966,71.98091509058635
21.011563699999954,105.85346629999965,62.34867739525313
21.011563699999954,105.85376629999965,74.33530848325088
21.011563699999954,105.85406629999964,62.692299152562605
21.011563699999954,105.85436629999964,68.1093472283579
21.011563699999954,105.85466629999964,66.45206768795266
21.011563699999954,105.85496629999963,59.88799233102756
21.011563699999954,105.85526629999963,62.224702820203
21.011563699999954,105.85556629999962,61.848253369646415
21.011563699999954,105.85586629999962,69.09887549199097
21.011563699999954,105.85616629999961,71.07235163210082
21.011563699999954,105.85646629999961,67.65907802896375
21.011563699999954,105.8567662999996,66.99926034281383
21.011563699999954,105.8570662999996,61.87867715420782
21.011563699999954,105.8573662999996,63.0025296612924
21.011563699999954,105.8576662999996,62.03244440385285
21.011863699999953,105.8291663,61.2341599903659
21.011863699999953,105.82946629999999,58.98891263839234
21.011863699999953,105.82976629999999,64.08443562145162
21.011863699999953,105.83006629999998,69.22548449403789
21.011863699999953,105.83036629999998,64.46994933953509
21.011863699999953,105.83066629999998,58.44215916790027
21.011863699999953,105.83096629999997,59.251074058800306
21.011863699999953,105.83126629999997,58.475642458455226
21.011863699999953,105.83156629999996,63.37030178974648
21.011863699999953,105.83186629999996,64.37035003920758
21.011863699999953,105.83216629999995,58.35575634414498
21.011863699999953,105.83246629999995,60.87083854825671
21.011863699999953,105.83276629999995,59.26058583124827
21.011863699999953,105.83306629999994,60.89158496479634
21.011863699999953,105.83336629999994,58.31929879857922
21.011863699999953,105.83366629999993,60.09040624124045
21.011863699999953,105.83396629999993,58.747750584369136
21.011863699999953,105.83426629999992,57.992548856333336
21.011863699999953,105.83456629999992,57.176065668304965
21.011863699999953,105.83486629999992,58.14149259394556
21.011863699999953,105.83516629999991,57.782663806579606
21.011863699999953,105.83546629999991,58.92493145200925
21.011863699999953,105.8357662999999,58.85527556774889
21.011863699999953,105.8360662999999,65.72064619782664
21.011863699999953,105.8363662999999,65.23089353721977
21.011863699999953,105.83666629999989,64.7164834953486
21.011863699999953,105.83696629999989,65.15116808003455
21.011863699999953,105.83726629999988,61.02231847229253
21.011863699999953,105.83756629999988,62.888285383020474
21.011863699999953,105.83786629999987,63.2276104562318
21.011863699999953,105.83816629999987,67.27687188501551
21.011863699999953,105.83846629999987,67.19983941924164
21.011863699999953,105.83876629999986,55.99899405046572
21.011863699999953,105.83906629999986,62.100828672879835
21.011863699999953,105.83936629999985,66.38859745631574
21.011863699999953,105.83966629999985,61.39272389792306
21.011863699999953,105.83996629999984,62.173346800770695
21.011863699999953,105.84026629999984,64.98886676927366
21.011863699999953,105.84056629999984,65.24702595844751
21.011863699999953,105.84086629999983,66.88815739398733
21.011863699999953,105.84116629999983,72.52699274662648
21.011863699999953,105.84146629999982,72.20194554744887
21.011863699999953,105.84176629999982,65.25421141260075
21.011863699999953,105.84206629999981,64.98886676927366
21.011863699999953,105.84236629999981,64.98886676927366
21.011863699999953,105.8426662999998,64.98886676927366
21.011863699999953,105.8429662999998,64.98886676927366
21.011863699999953,105.8432662999998,64.98886676927366
21.011863699999953,105.8435662999998,64.98886676927366
21.011863699999953,105.84386629999979,64.98886676927366
21.011863699999953,105.84416629999978,64.98886676927366
21.011863699999953,105.84446629999978,64.98886676927366
21.011863699999953,105.84476629999978,64.98886676927366
21.011863699999953,105.84506629999977,64.98886676927366
21.011863699999953,105.84536629999977,64.98886676927366
21.011863699999953,105.84566629999976,65.4217269355046
21.011863699999953,105.84596629999976,72.29591362693631
21.011863699999953,105.84626629999975,65.65667502898711
21.011863699999953,105.84656629999975,63.81751125339154
21.011863699999953,105.84686629999975,61.77986070645973
21.011863699999953,105.84716629999974,57.68303193549302
21.011863699999953,105.84746629999974,58.805609007169316
21.011863699999953,105.84776629999973,68.75192205767497
21.011863699999953,105.84806629999973,71.09483250860329
21.011863699999953,105.84836629999973,69.72170158421629
21.011863699999953,105.84866629999972,69.14369332622219
21.011863699999953,105.84896629999972,70.53713040081585
21.011863699999953,105.84926629999971,69.71051348348675
21.011863699999953,105.84956629999971,73.73707226241581
21.011863699999953,105.8498662999997,72.98289567802682
21.011863699999953,105.8501662999997,74.0710539323286
21.011863699999953,105.8504662999997,72.133785921329
21.011863699999953,105.85076629999969,72.9786529438808
21.011863699999953,105.85106629999969,71.56095302468123
21.011863699999953,105.85136629999968,71.74864790303306
21.011863699999953,105.85166629999968,72.21291283536945
21.011863699999953,105.85196629999967,63.47200669738293
21.011863699999953,105.85226629999967,70.96871950086643
21.011863699999953,105.85256629999967,61.31729369632764
21.011863699999953,105.85286629999966,67.87415045716531
21.011863699999953,105.85316629999966,72.49365713728628
21.011863699999953,105.85346629999965,62.720090889485064
21.011863699999953,105.85376629999965,71.02706522695453
21.011863699999953,105.85406629999964,68.70701363696978
21.011863699999953,105.85436629999964,69.79201918108905
21.011863699999953,105.85466629999964,66.64756437700753
21.011863699999953,105.85496629999963,61.37067597326966
21.011863699999953,105.85526629999963,61.664579221243514
21.011863699999953,105.85556629999962,66.2431772323752
21.011863699999953,105.85586629999962,70.68029989235706
21.011863699999953,105.85616629999961,62.36434773323463
21.011863699999953,105.85646629999961,65.69891359480657
21.011863699999953,105.8567662999996,68.84865692293215
21.011863699999953,105.8570662999996,62.73913681620672
21.011863699999953,105.8573662999996,63.0025296612924
21.011863699999953,105.8576662999996,62.03244440385285
21.012163699999952,105.8291663,67.7200865163831
21.012163699999952,105.82946629999999,68.91840880283702
21.012163699999952,105.82976629999999,65.13720759241087
21.012163699999952,105.83006629999998,57.84203292006308
21.012163699999952,105.83036629999998,59.273105629614264
21.012163699999952,105.83066629999998,59.64717293100091
21.012163699999952,105.83096629999997,59.64717293100091
21.012163699999952,105.83126629999997,59.81678454262233
21.012163699999952,105.83156629999996,59.4386412547517
21.012163699999952,105.83186629999996,62.88824592473399
21.012163699999952,105.83216629999995,65.5642349280784
21.012163699999952,105.83246629999995,56.864827439242596
21.012163699999952,105.83276629999995,59.89700185686714
21.012163699999952,105.83306629999994,58.68138579671154
21.012163699999952,105.83336629999994,60.124216606834246
21.012163699999952,105.83366629999993,60.44738427581589
21.012163699999952,105.83396629999993,59.15645141112169
21.012163699999952,105.83426629999992,56.91580688258151
21.012163699999952,105.83456629999992,57.782663806579606
21.012163699999952,105.83486629999992,58.426986703472075
21.012163699999952,105.83516629999991,59.830637023137
21.012163699999952,105.83546629999991,58.71336617823769
21.012163699999952,105.8357662999999,64.36197355022568
21.012163699999952,105.8360662999999,72.69993518856846
21.012163699999952,105.8363662999999,69.92716248436321
21.012163699999952,105.83666629999989,69.20290690651565
21.012163699999952,105.83696629999989,64.98924535599666
21.012163699999952,105.83726629999988,56.44516172537812
21.012163699999952,105.83756629999988,56.289711866438665
21.012163699999952,105.83786629999987,65.80493720326719
21.012163699999952,105.83816629999987,61.328929462601124
21.012163699999952,105.83846629999987,65.58414195559685
21.012163699999952,105.83876629999986,66.73750809638952
21.012163699999952,105.83906629999986,66.86114892793404
21.012163699999952,105.83936629999985,64.63144959006667
21.012163699999952,105.83966629999985,63.90789502656616
21.012163699999952,105.83996629999984,64.9194248136123
21.012163699999952,105.84026629999984,64.98886676927366
21.012163699999952,105.84056629999984,65.24702595844751
21.012163699999952,105.84086629999983,66.88815739398733
21.012163699999952,105.84116629999983,72.52214199025275
21.012163699999952,105.84146629999982,72.1721330827844
21.012163699999952,105.84176629999982,65.25421141260075
21.012163699999952,105.84206629999981,64.98886676927366
21.012163699999952,105.84236629999981,64.98886676927366
21.012163699999952,105.8426662999998,64.98886676927366
21.012163699999952,105.8429662999998,64.98886676927366
21.012163699999952,105.8432662999998,64.98886676927366
21.012163699999952,105.8435662999998,64.98886676927366
21.012163699999952,105.84386629999979,64.98886676927366
21.012163699999952,105.84416629999978,64.98886676927366
21.012163699999952,105.84446629999978,64.98886676927366
21.012163699999952,105.84476629999978,64.98886676927366
21.012163699999952,105.84506629999977,64.98886676927366
21.012163699999952,105.84536629999977,64.98886676927366
21.012163699999952,105.84566629999976,65.23232927108867
21.012163699999952,105.84596629999976,67.43793244576536
21.012163699999952,105.84626629999975,72.7680423481549
21.012163699999952,105.84656629999975,64.47122379166503
21.012163699999952,105.84686629999975,62.18943521428766
21.012163699999952,105.84716629999974,59.01325117911838
21.012163699999952,105.84746629999974,67.17252302962926
21.012163699999952,105.84776629999973,67.36881922881267
21.012163699999952,105.84806629999973,62.35664033340667
21.012163699999952,105.84836629999973,61.18533126962018
21.012163699999952,105.84866629999972,58.5423373765742
21.012163699999952,105.84896629999972,65.81617495880418
21.012163699999952,105.84926629999971,67.95847938658265
21.012163699999952,105.84956629999971,60.738613979001144
21.012163699999952,105.8498662999997,69.51942826563979
21.012163699999952,105.8501662999997,64.01658165956758
21.012163699999952,105.8504662999997,68.91924470003872
21.012163699999952,105.85076629999969,67.51936939138882
21.012163699999952,105.85106629999969,69.57402041335494
21.012163699999952,105.85136629999968,63.20650504531828
21.012163699999952,105.85166629999968,73.12450211468457
21.012163699999952,105.85196629999967,62.56395569358924
21.012163699999952,105.85226629999967,74.56342564596945
21.012163699999952,105.85256629999967,62.55982324121554
21.012163699999952,105.85286629999966,66.14255451662352
21.012163699999952,105.85316629999966,71.86986311026729
21.012163699999952,105.85346629999965,60.727246178563824
21.012163699999952,105.85376629999965,67.55213002192446
21.012163699999952,105.85406629999964,67.13460862892381
21.012163699999952,105.85436629999964,69.6706414674855
21.012163699999952,105.85466629999964,65.78655536643055
21.012163699999952,105.85496629999963,62.434143982481125
21.012163699999952,105.85526629999963,61.88117259187586
21.012163699999952,105.85556629999962,67.1019137951274
21.012163699999952,105.85586629999962,70.066135228139
21.012163699999952,105.85616629999961,62.86373528523685
21.012163699999952,105.85646629999961,62.96150355330531
21.012163699999952,105.8567662999996,68.75894240904378
21.012163699999952,105.8570662999996,62.026440599942475
21.012163699999952,105.8573662999996,63.0025296612924
21.012163699999952,105.8576662999996,61.47337160830073
21.01246369999995,105.8291663,64.06481619953712
21.01246369999995,105.82946629999999,66.86496439569888
21.01246369999995,105.82976629999999,58.50709877284802
21.01246369999995,105.83006629999998,59.485831380287806
21.01246369999995,105.83036629999998,60.44683097960511
21.01246369999995,105.83066629999998,60.464859360877554
21.01246369999995,105.83096629999997,60.61404489592594
21.01246369999995,105.83126629999997,60.04835620230771
21.01246369999995,105.83156629999996,60.336574946929495
21.01246369999995,105.83186629999996,60.934379482069225
21.01246369999995,105.83216629999995,63.301515448408374
21.01246369999995,105.83246629999995,70.95692134847728
21.01246369999995,105.83276629999995,64.95337643407821
21.01246369999995,105.83306629999994,59.65290808140654
21.01246369999995,105.83336629999994,59.94800776367512
21.01246369999995,105.83366629999993,60.10450744811832
21.01246369999995,105.83396629999993,60.62758154443189
21.01246369999995,105.83426629999992,61.0311701108887
21.01246369999995,105.83456629999992,57.451099686084284
21.01246369999995,105.83486629999992,59.21486979595635
21.01246369999995,105.83516629999991,57.843930587886256
21.01246369999995,105.83546629999991,63.87993294942276
21.01246369999995,105.8357662999999,68.98667107482922
21.01246369999995,105.8360662999999,69.18862343040082
21.01246369999995,105.8363662999999,66.57762721587375
21.01246369999995,105.83666629999989,63.77906492551946
21.01246369999995,105.83696629999989,60.56622528358114
21.01246369999995,105.83726629999988,62.426178513591054
21.01246369999995,105.83756629999988,61.07192866190636
21.01246369999995,105.83786629999987,61.399167316820744
21.01246369999995,105.83816629999987,59.681580405507134
21.01246369999995,105.83846629999987,62.91263700551177
21.01246369999995,105.83876629999986,60.47219709796241
21.01246369999995,105.83906629999986,73.32158295812413
21.01246369999995,105.83936629999985,66.85974891320524
21.01246369999995,105.83966629999985,64.23686694139803
21.01246369999995,105.83996629999984,64.9194248136123
21.01246369999995,105.84026629999984,64.98886676927366
21.01246369999995,105.84056629999984,65.24702595844751
21.01246369999995,105.84086629999983,64.92113554932489
21.01246369999995,105.84116629999983,70.77961316788347
21.01246369999995,105.84146629999982,71.70575231146445
21.01246369999995,105.84176629999982,65.25421141260075
21.01246369999995,105.84206629999981,64.98886676927366
21.01246369999995,105.84236629999981,64.98886676927366
21.01246369999995,105.8426662999998,64.98886676927366
21.01246369999995,105.8429662999998,64.98886676927366
21.01246369999995,105.8432662999998,64.98886676927366
21.01246369999995,105.8435662999998,64.98886676927366
21.01246369999995,105.84386629999979,64.98886676927366
21.01246369999995,105.84416629999978,64.98886676927366
21.01246369999995,105.84446629999978,64.98886676927366
21.01246369999995,105.84476629999978,64.98886676927366
21.01246369999995,105.84506629999977,64.98886676927366
21.01246369999995,105.84536629999977,64.98886676927366
21.01246369999995,105.84566629999976,65.15638229217754
21.01246369999995,105.84596629999976,63.500028510007006
21.01246369999995,105.84626629999975,71.47744724844634
21.01246369999995,105.84656629999975,65.71363345381319
21.01246369999995,105.84686629999975,68.7075328780292
21.01246369999995,105.84716629999974,69.8777492834697
21.01246369999995,105.84746629999974,64.99565875741185
21.01246369999995,105.84776629999973,59.142502827941485
21.01246369999995,105.84806629999973,62.78441258041479
21.01246369999995,105.84836629999973,65.58978976069126
21.01246369999995,105.84866629999972,66.79193746072472
21.01246369999995,105.84896629999972,69.25218022226551
21.01246369999995,105.84926629999971,68.83150185850684
21.01246369999995,105.84956629999971,61.668958629332636
21.01246369999995,105.8498662999997,68.43345261119164
21.01246369999995,105.8501662999997,62.328770932511205
21.01246369999995,105.8504662999997,69.9885937821287
21.01246369999995,105.85076629999969,69.09287856255379
21.01246369999995,105.85106629999969,74.40320127551313
21.01246369999995,105.85136629999968,61.68872581994615
21.01246369999995,105.85166629999968,72.57424944738875
21.01246369999995,105.85196629999967,62.19055482563781
21.01246369999995,105.85226629999967,73.82159136304148
21.01246369999995,105.85256629999967,63.85407733913055
21.01246369999995,105.85286629999966,66.6016158009846
21.01246369999995,105.85316629999966,67.27811335186293
21.01246369999995,105.85346629999965,63.289265894952806
21.01246369999995,105.85376629999965,72.6769766504366
21.01246369999995,105.85406629999964,60.974435369174195
21.01246369999995,105.85436629999964,71.46370555149983
21.01246369999995,105.85466629999964,66.16878107676514
21.01246369999995,105.85496629999963,62.63599521194472
21.01246369999995,105.85526629999963,61.89846428799883
21.01246369999995,105.85556629999962,66.96681510401315
21.01246369999995,105.85586629999962,72.05530758953056
21.01246369999995,105.85616629999961,63.485750105629
21.01246369999995,105.85646629999961,61.920803628663194
21.01246369999995,105.8567662999996,68.12593543657384
21.01246369999995,105.8570662999996,61.84827595357496
21.01246369999995,105.8573662999996,62.03244440385285
21.01246369999995,105.8576662999996,62.433008362822555
21.01276369999995,105.8291663,63.07765746924971
21.01276369999995,105.82946629999999,68.22359424161873
21.01276369999995,105.82976629999999,65.33834412989478
21.01276369999995,105.83006629999998,61.26789072454409
21.01276369999995,105.83036629999998,63.01395516524028
21.01276369999995,105.83066629999998,63.00660382935503
21.01276369999995,105.83096629999997,61.71826870487537
21.01276369999995,105.83126629999997,61.44365185402406
21.01276369999995,105.83156629999996,59.72671183063788
21.01276369999995,105.83186629999996,59.213274599473344
21.01276369999995,105.83216629999995,64.05813936757048
21.01276369999995,105.83246629999995,71.09553591516388
21.01276369999995,105.83276629999995,66.86712951955124
21.01276369999995,105.83306629999994,64.56817214338776
21.01276369999995,105.83336629999994,60.81090571163408
21.01276369999995,105.83366629999993,60.925301928344496
21.01276369999995,105.83396629999993,60.464043613049775
21.01276369999995,105.83426629999992,61.159077161156155
21.01276369999995,105.83456629999992,61.62270926998232
21.01276369999995,105.83486629999992,59.301780467366676
21.01276369999995,105.83516629999991,65.20505818061332
21.01276369999995,105.83546629999991,68.96869917792743
21.01276369999995,105.8357662999999,69.46973029614331
21.01276369999995,105.8360662999999,69.56496259431668
21.01276369999995,105.8363662999999,64.03963178846756
21.01276369999995,105.83666629999989,64.14237963303177
21.01276369999995,105.83696629999989,62.426178513591054
21.01276369999995,105.83726629999988,62.426178513591054
21.01276369999995,105.83756629999988,62.426178513591054
21.01276369999995,105.83786629999987,62.426178513591054
21.01276369999995,105.83816629999987,62.426178513591054
21.01276369999995,105.83846629999987,64.07930164109928
21.01276369999995,105.83876629999986,61.51724876690895
21.01276369999995,105.83906629999986,66.2155910260162
21.01276369999995,105.83936629999985,67.22656217938763
21.01276369999995,105.83966629999985,64.09940290581902
21.01276369999995,105.83996629999984,64.98886676927366
21.01276369999995,105.84026629999984,64.98886676927366
21.01276369999995,105.84056629999984,65.24702595844751
21.01276369999995,105.84086629999983,64.90826807717086
21.01276369999995,105.84116629999983,70.98477880391147
21.01276369999995,105.84146629999982,71.71439911079632
21.01276369999995,105.84176629999982,65.25421141260075
21.01276369999995,105.84206629999981,64.98886676927366
21.01276369999995,105.84236629999981,64.98886676927366
21.01276369999995,105.8426662999998,64.98886676927366
21.01276369999995,105.8429662999998,64.98886676927366
21.01276369999995,105.8432662999998,64.98886676927366
21.01276369999995,105.8435662999998,64.98886676927366
21.01276369999995,105.84386629999979,64.98886676927366
21.01276369999995,105.84416629999978,64.98886676927366
21.01276369999995,105.84446629999978,64.98886676927366
21.01276369999995,105.84476629999978,64.98886676927366
21.01276369999995,105.84506629999977,64.98886676927366
21.01276369999995,105.84536629999977,64.98886676927366
21.01276369999995,105.84566629999976,64.98886676927366
21.01276369999995,105.84596629999976,65.4217269355046
21.01276369999995,105.84626629999975,72.72674942066926
21.01276369999995,105.84656629999975,65.29397460181002
21.01276369999995,105.84686629999975,66.2309257457075
21.01276369999995,105.84716629999974,69.60001938925613
21.01276369999995,105.84746629999974,64.57253112320977
21.01276369999995,105.84776629999973,59.415785495740224
21.01276369999995,105.84806629999973,70.24973981005837
21.01276369999995,105.84836629999973,67.7613077628563
21.01276369999995,105.84866629999972,65.86465617303807
21.01276369999995,105.84896629999972,66.35673063567617
21.01276369999995,105.84926629999971,66.42955223822437
21.01276369999995,105.84956629999971,61.80452157375907
21.01276369999995,105.8498662999997,74.03052869014094
21.01276369999995,105.8501662999997,62.63256538239442
21.01276369999995,105.8504662999997,74.12594764499994
21.01276369999995,105.85076629999969,66.40413907926273
21.01276369999995,105.85106629999969,71.33014467662294
21.01276369999995,105.85136629999968,64.72035498557413
21.01276369999995,105.85166629999968,72.84871890098148
21.01276369999995,105.85196629999967,64.53173353398327
21.01276369999995,105.85226629999967,74.48954463581157
21.01276369999995,105.85256629999967,67.37038081591119
21.01276369999995,105.85286629999966,68.30304570140602
21.01276369999995,105.85316629999966,69.4210125710639
21.01276369999995,105.85346629999965,64.93018274793502
21.01276369999995,105.85376629999965,69.9764721888835
21.01276369999995,105.85406629999964,59.53150423109675
21.01276369999995,105.85436629999964,70.98906585204621
21.01276369999995,105.85466629999964,66.00158210506603
21.01276369999995,105.85496629999963,61.36779586657725
21.01276369999995,105.85526629999963,62.967743485948105
21.01276369999995,105.85556629999962,62.516794570754904
21.01276369999995,105.85586629999962,69.84757736567126
21.01276369999995,105.85616629999961,69.23226955419628
21.01276369999995,105.85646629999961,69.30688271917205
21.01276369999995,105.8567662999996,69.28306004195747
21.01276369999995,105.8570662999996,61.93811174528053
21.01276369999995,105.8573662999996,61.47337160830073
21.01276369999995,105.8576662999996,62.52707014312242
21.01306369999995,105.8291663,65.12446756096493
21.01306369999995,105.82946629999999,64.02562161852302
21.01306369999995,105.82976629999999,69.11079583141392
21.01306369999995,105.83006629999998,60.6607249247784
21.01306369999995,105.83036629999998,62.46207163685499
21.01306369999995,105.83066629999998,63.70073392544521
21.01306369999995,105.83096629999997,62.10828606041447
21.01306369999995,105.83126629999997,61.07232876690975
21.01306369999995,105.83156629999996,59.403733326817466
21.01306369999995,105.83186629999996,65.35383034570819
21.01306369999995,105.83216629999995,71.6141232899051
21.01306369999995,105.83246629999995,60.7862190588934
21.01306369999995,105.83276629999995,69.1020785206526
21.01306369999995,105.83306629999994,64.69338816112374
21.01306369999995,105.83336629999994,67.39028079557455
21.01306369999995,105.83366629999993,60.30946273638231
21.01306369999995,105.83396629999993,60.15768774435632
21.01306369999995,105.83426629999992,62.24230066947975
21.01306369999995,105.83456629999992,61.581546153085185
21.01306369999995,105.83486629999992,64.71953660829281
21.01306369999995,105.83516629999991,66.93845979619012
21.01306369999995,105.83546629999991,67.43049836676039
21.01306369999995,105.8357662999999,67.92251460715272
21.01306369999995,105.8360662999999,64.18064538661564
21.01306369999995,105.8363662999999,59.362525801025974
21.01306369999995,105.83666629999989,59.395414455465804
21.01306369999995,105.83696629999989,63.98100297745015
21.01306369999995,105.83726629999988,63.98100297745015
21.01306369999995,105.83756629999988,63.98100297745015
21.01306369999995,105.83786629999987,64.1940474926457
21.01306369999995,105.83816629999987,64.1940474926457
21.01306369999995,105.83846629999987,63.70988263547316
21.01306369999995,105.83876629999986,61.59268938941429
21.01306369999995,105.83906629999986,64.92113554932489
21.01306369999995,105.83936629999985,70.76981744187235
21.01306369999995,105.83966629999985,63.73329589868525
21.01306369999995,105.83996629999984,64.98886676927366
21.01306369999995,105.84026629999984,64.98886676927366
21.01306369999995,105.84056629999984,65.24702595844751
21.01306369999995,105.84086629999983,64.90826807717086
21.01306369999995,105.84116629999983,70.49041902932267
21.01306369999995,105.84146629999982,71.71439911079632
21.01306369999995,105.84176629999982,65.25421141260075
21.01306369999995,105.84206629999981,64.98886676927366
21.01306369999995,105.84236629999981,64.98886676927366
21.01306369999995,105.8426662999998,64.98886676927366
21.01306369999995,105.8429662999998,64.98886676927366
21.01306369999995,105.8432662999998,64.98886676927366
21.01306369999995,105.8435662999998,64.98886676927366
21.01306369999995,105.84386629999979,64.98886676927366
21.01306369999995,105.84416629999978,64.98886676927366
21.01306369999995,105.84446629999978,64.98886676927366
21.01306369999995,105.84476629999978,64.98886676927366
21.01306369999995,105.84506629999977,64.98886676927366
21.01306369999995,105.84536629999977,64.98886676927366
21.01306369999995,105.84566629999976,64.98886676927366
21.01306369999995,105.84596629999976,64.99537179252347
21.01306369999995,105.84626629999975,66.56152524369851
21.01306369999995,105.84656629999975,71.37929148235149
21.01306369999995,105.84686629999975,62.82249973806572
21.01306369999995,105.84716629999974,63.6303831005824
21.01306369999995,105.84746629999974,67.75760605298947
21.01306369999995,105.84776629999973,61.85346834232177
21.01306369999995,105.84806629999973,66.59079256872093
21.01306369999995,105.84836629999973,69.07493802161007
21.01306369999995,105.84866629999972,59.83528239510128
21.01306369999995,105.84896629999972,65.74878502780142
21.01306369999995,105.84926629999971,68.61623709895498
21.01306369999995,105.84956629999971,61.80452157375907
21.01306369999995,105.8498662999997,72.90733036181781
21.01306369999995,105.8501662999997,62.94578806743292
21.01306369999995,105.8504662999997,74.31436003351214
21.01306369999995,105.85076629999969,64.31671739568587
21.01306369999995,105.85106629999969,74.4938978727729
21.01306369999995,105.85136629999968,64.08213991699347
21.01306369999995,105.85166629999968,72.83373682512584
21.01306369999995,105.85196629999967,67.70157501269048
21.01306369999995,105.85226629999967,74.0177898954856
21.01306369999995,105.85256629999967,67.7786623395249
21.01306369999995,105.85286629999966,64.109429389253
21.01306369999995,105.85316629999966,71.1943762909436
21.01306369999995,105.85346629999965,65.23670035178914
21.01306369999995,105.85376629999965,66.3819843396314
21.01306369999995,105.85406629999964,59.20641037902133
21.01306369999995,105.85436629999964,68.34074553771346
21.01306369999995,105.85466629999964,66.48325105420925
21.01306369999995,105.85496629999963,67.26787900485759
21.01306369999995,105.85526629999963,64.39441289729993
21.01306369999995,105.85556629999962,62.40368785307179
21.01306369999995,105.85586629999962,67.68367714888348
21.01306369999995,105.85616629999961,64.78889263371696
21.01306369999995,105.85646629999961,62.74540605827228
21.01306369999995,105.8567662999996,60.483699343200925
21.01306369999995,105.8570662999996,61.575121257901834
21.01306369999995,105.8573662999996,61.93821031028199
21.01306369999995,105.8576662999996,62.433008362822555
21.01336369999995,105.8291663,63.52016761130634
21.01336369999995,105.82946629999999,65.26813387403314
21.01336369999995,105.82976629999999,70.19983567201079
21.01336369999995,105.83006629999998,68.13132356797806
21.01336369999995,105.83036629999998,62.21985022720645
21.01336369999995,105.83066629999998,62.03784105354588
21.01336369999995,105.83096629999997,59.820185425939286
21.01336369999995,105.83126629999997,57.43494768065573
21.01336369999995,105.83156629999996,57.40227576527784
21.01336369999995,105.83186629999996,71.78027316949277
21.01336369999995,105.83216629999995,62.31136328528056
21.01336369999995,105.83246629999995,59.486561564021365
21.01336369999995,105.83276629999995,58.579748689655254
21.01336369999995,105.83306629999994,65.62876798977696
21.01336369999995,105.83336629999994,63.13534919137262
21.01336369999995,105.83366629999993,69.13287997568284
21.01336369999995,105.83396629999993,62.159236037492796
21.01336369999995,105.83426629999992,62.90315363045993
21.01336369999995,105.83456629999992,65.16931610794245
21.01336369999995,105.83486629999992,70.03218407636807
21.01336369999995,105.83516629999991,69.14864459404465
21.01336369999995,105.83546629999991,74.44058539483872
21.01336369999995,105.8357662999999,64.67297476464805
21.01336369999995,105.8360662999999,69.70784937791304
21.01336369999995,105.8363662999999,62.237374650216545
21.01336369999995,105.83666629999989,58.55229937610009
21.01336369999995,105.83696629999989,64.73991754885158
21.01336369999995,105.83726629999988,64.70369941579504
21.01336369999995,105.83756629999988,64.58317539242866
21.01336369999995,105.83786629999987,64.52652017776704
21.01336369999995,105.83816629999987,65.28211144936493
21.01336369999995,105.83846629999987,64.98886676927366
21.01336369999995,105.83876629999986,64.9194248136123
21.01336369999995,105.83906629999986,65.25421141260075
21.01336369999995,105.83936629999985,72.56828567411212
21.01336369999995,105.83966629999985,67.23238341672193
21.01336369999995,105.83996629999984,65.25916944431644
21.01336369999995,105.84026629999984,64.98886676927366
21.01336369999995,105.84056629999984,65.24702595844751
21.01336369999995,105.84086629999983,64.90826807717086
21.01336369999995,105.84116629999983,70.65355717833982
21.01336369999995,105.84146629999982,72.09615695289352
21.01336369999995,105.84176629999982,65.25421141260075
21.01336369999995,105.84206629999981,64.98886676927366
21.01336369999995,105.84236629999981,64.98886676927366
21.01336369999995,105.8426662999998,64.98886676927366
21.01336369999995,105.8429662999998,64.98886676927366
21.01336369999995,105.8432662999998,64.98886676927366
21.01336369999995,105.8435662999998,64.98886676927366
21.01336369999995,105.84386629999979,64.98886676927366
21.01336369999995,105.84416629999978,64.98886676927366
21.01336369999995,105.84446629999978,64.98886676927366
21.01336369999995,105.84476629999978,64.98886676927366
21.01336369999995,105.84506629999977,64.98886676927366
21.01336369999995,105.84536629999977,64.98886676927366
21.01336369999995,105.84566629999976,64.9194248136123
21.01336369999995,105.84596629999976,64.9194248136123
21.01336369999995,105.84626629999975,62.373652129792696
21.01336369999995,105.84656629999975,72.9669895647278
21.01336369999995,105.84686629999975,69.33920929894765
21.01336369999995,105.84716629999974,62.34727019821377
21.01336369999995,105.84746629999974,69.77299596279711
21.01336369999995,105.84776629999973,71.53397855401792
21.01336369999995,105.84806629999973,70.99874531052419
21.01336369999995,105.84836629999973,67.37074880547974
21.01336369999995,105.84866629999972,70.89618038718008
21.01336369999995,105.84896629999972,69.75866646319639
21.01336369999995,105.84926629999971,69.70932202561589
21.01336369999995,105.84956629999971,72.01052394426436
21.01336369999995,105.8498662999997,71.92334458704002
21.01336369999995,105.8501662999997,68.80236931823106
21.01336369999995,105.8504662999997,70.54985871555891
21.01336369999995,105.85076629999969,67.90759605206465
21.01336369999995,105.85106629999969,71.84781856536628
21.01336369999995,105.85136629999968,65.68494365466373
21.01336369999995,105.85166629999968,71.81725028228442
21.01336369999995,105.85196629999967,67.66783005025776
21.01336369999995,105.85226629999967,75.16170391620459
21.01336369999995,105.85256629999967,68.25909168016175
21.01336369999995,105.85286629999966,65.770994168161
21.01336369999995,105.85316629999966,68.436739683044
21.01336369999995,105.85346629999965,68.3531126179696
21.01336369999995,105.85376629999965,65.33843242421395
21.01336369999995,105.85406629999964,60.124415475117935
21.01336369999995,105.85436629999964,62.900773970620456
21.01336369999995,105.85466629999964,66.1824731768231
21.01336369999995,105.85496629999963,67.37705735698877
21.01336369999995,105.85526629999963,70.0495439557596
21.01336369999995,105.85556629999962,69.8340734478324
21.01336369999995,105.85586629999962,71.50137900074368
21.01336369999995,105.85616629999961,68.2442179256314
21.01336369999995,105.85646629999961,64.8583391731578
21.01336369999995,105.8567662999996,62.239634071838914
21.01336369999995,105.8570662999996,61.11717003590564
21.01336369999995,105.8573662999996,62.433008362822555
21.01336369999995,105.8576662999996,62.35051136204559
21.01366369999995,105.8291663,64.31742755600519
21.01366369999995,105.82946629999999,64.19617235787463
21.01366369999995,105.82976629999999,62.63646517871888
21.01366369999995,105.83006629999998,68.20099604985197
21.01366369999995,105.83036629999998,62.90735583807237
21.01366369999995,105.83066629999998,59.55205636144063
21.01366369999995,105.83096629999997,59.598752037254556
21.01366369999995,105.83126629999997,59.70118029848753
21.01366369999995,105.83156629999996,66.9017221882008
21.01366369999995,105.83186629999996,64.72781856793821
21.01366369999995,105.83216629999995,60.12323655549535
21.01366369999995,105.83246629999995,60.41498096741912
21.01366369999995,105.83276629999995,61.25661165671048
21.01366369999995,105.83306629999994,59.40986465760148
21.01366369999995,105.83336629999994,66.79894327888186
21.01366369999995,105.83366629999993,64.43664860673951
21.01366369999995,105.83396629999993,64.0950767089037
21.01366369999995,105.83426629999992,63.210869253998034
21.01366369999995,105.83456629999992,71.07216306929807
21.01366369999995,105.83486629999992,70.77753855583212
21.01366369999995,105.83516629999991,71.3475044752684
21.01366369999995,105.83546629999991,66.26156272305626
21.01366369999995,105.8357662999999,63.64648391989415
21.01366369999995,105.8360662999999,67.074357992994
21.01366369999995,105.8363662999999,73.43986674465694
21.01366369999995,105.83666629999989,60.59389009052586
21.01366369999995,105.83696629999989,63.83450019267473
21.01366369999995,105.83726629999988,65.28211144936493
21.01366369999995,105.83756629999988,64.98886676927366
21.01366369999995,105.83786629999987,64.98886676927366
21.01366369999995,105.83816629999987,64.98886676927366
21.01366369999995,105.83846629999987,64.98886676927366
21.01366369999995,105.83876629999986,64.98886676927366
21.01366369999995,105.83906629999986,65.24702595844751
21.01366369999995,105.83936629999985,64.92113554932489
21.01366369999995,105.83966629999985,70.98477880391147
21.01366369999995,105.83996629999984,65.25421141260075
21.01366369999995,105.84026629999984,64.98886676927366
21.01366369999995,105.84056629999984,65.25421141260075
21.01366369999995,105.84086629999983,72.03581477779252
21.01366369999995,105.84116629999983,67.23238341672193
21.01366369999995,105.84146629999982,72.7212308103409
21.01366369999995,105.84176629999982,65.25421141260075
21.01366369999995,105.84206629999981,64.98886676927366
21.01366369999995,105.84236629999981,64.98886676927366
21.01366369999995,105.8426662999998,64.98886676927366
21.01366369999995,105.8429662999998,64.98886676927366
21.01366369999995,105.8432662999998,64.98886676927366
21.01366369999995,105.8435662999998,64.98886676927366
21.01366369999995,105.84386629999979,64.98886676927366
21.01366369999995,105.84416629999978,64.98886676927366
21.01366369999995,105.84446629999978,64.98886676927366
21.01366369999995,105.84476629999978,64.98886676927366
21.01366369999995,105.84506629999977,64.98886676927366
21.01366369999995,105.84536629999977,64.98886676927366
21.01366369999995,105.84566629999976,64.98886676927366
21.01366369999995,105.84596629999976,64.9194248136123
21.01366369999995,105.84626629999975,64.09940290581902
21.01366369999995,105.84656629999975,67.74164207129601
21.01366369999995,105.84686629999975,63.03058824580537
21.01366369999995,105.84716629999974,60.75439564916529
21.01366369999995,105.84746629999974,70.15107234451436
21.01366369999995,105.84776629999973,64.71188841602407
21.01366369999995,105.84806629999973,67.19313319333787
21.01366369999995,105.84836629999973,70.00031175345521
21.01366369999995,105.84866629999972,60.85651201230728
21.01366369999995,105.84896629999972,67.01935904276294
21.01366369999995,105.84926629999971,72.21744442526348
21.01366369999995,105.84956629999971,64.9292111293461
21.01366369999995,105.8498662999997,70.80141990224782
21.01366369999995,105.8501662999997,66.64239953618399
21.01366369999995,105.8504662999997,70.615367883996
21.01366369999995,105.85076629999969,66.83902822878704
21.01366369999995,105.85106629999969,72.29723825133027
21.01366369999995,105.85136629999968,71.52175493644363
21.01366369999995,105.85166629999968,73.8270323417779
21.01366369999995,105.85196629999967,70.65146544381878
21.01366369999995,105.85226629999967,69.52943289484305
21.01366369999995,105.85256629999967,69.2998863246043
21.01366369999995,105.85286629999966,67.53552253913657
21.01366369999995,105.85316629999966,70.51735222489295
21.01366369999995,105.85346629999965,69.5924501739621
21.01366369999995,105.85376629999965,68.54352972652735
21.01366369999995,105.85406629999964,62.24550508235835
21.01366369999995,105.85436629999964,63.02789584964898
21.01366369999995,105.85466629999964,58.77171975429524
21.01366369999995,105.85496629999963,57.40680112421196
21.01366369999995,105.85526629999963,60.3049146458101
21.01366369999995,105.85556629999962,62.66051493160911
21.01366369999995,105.85586629999962,68.81887799790876
21.01366369999995,105.85616629999961,63.886391770732104
21.01366369999995,105.85646629999961,64.92184327055145
21.01366369999995,105.8567662999996,58.61833273607629
21.01366369999995,105.8570662999996,61.7449286801274
21.01366369999995,105.8573662999996,62.537200003355856
21.01366369999995,105.8576662999996,61.89931149890066
21.013963699999948,105.8291663,64.19617235787463
21.013963699999948,105.82946629999999,63.03242874383416
21.013963699999948,105.82976629999999,62.89478240086183
21.013963699999948,105.83006629999998,64.3627256003498
21.013963699999948,105.83036629999998,68.29019722891073
21.013963699999948,105.83066629999998,61.891469304494315
21.013963699999948,105.83096629999997,61.91269878328953
21.013963699999948,105.83126629999997,61.161364305993196
21.013963699999948,105.83156629999996,63.535976432286056
21.013963699999948,105.83186629999996,66.7508590443023
21.013963699999948,105.83216629999995,58.94936149462034
21.013963699999948,105.83246629999995,60.19165437682995
21.013963699999948,105.83276629999995,60.338269478245216
21.013963699999948,105.83306629999994,60.689895760255
21.013963699999948,105.83336629999994,59.22162239343606
21.013963699999948,105.83366629999993,68.2152328190802
21.013963699999948,105.83396629999993,69.93996793273377
21.013963699999948,105.83426629999992,73.10900306310869
21.013963699999948,105.83456629999992,70.62865618039598
21.013963699999948,105.83486629999992,69.90881741529452
21.013963699999948,105.83516629999991,72.75012582707225
21.013963699999948,105.83546629999991,65.18476945693939
21.013963699999948,105.8357662999999,64.9194248136123
21.013963699999948,105.8360662999999,64.3069730802321
21.013963699999948,105.8363662999999,66.51958315060612
21.013963699999948,105.83666629999989,70.43903054043042
21.013963699999948,105.83696629999989,64.40296660164168
21.013963699999948,105.83726629999988,64.9194248136123
21.013963699999948,105.83756629999988,64.98886676927366
21.013963699999948,105.83786629999987,64.98886676927366
21.013963699999948,105.83816629999987,64.98886676927366
21.013963699999948,105.83846629999987,64.98886676927366
21.013963699999948,105.83876629999986,64.98886676927366
21.013963699999948,105.83906629999986,64.98886676927366
21.013963699999948,105.83936629999985,63.26485936032988
21.013963699999948,105.83966629999985,70.86917894623426
21.013963699999948,105.83996629999984,63.26485936032988
21.013963699999948,105.84026629999984,65.25421141260075
21.013963699999948,105.84056629999984,66.95627954108238
21.013963699999948,105.84086629999983,72.5568226164216
21.013963699999948,105.84116629999983,66.88815739398733
21.013963699999948,105.84146629999982,72.7212308103409
21.013963699999948,105.84176629999982,65.25421141260075
21.013963699999948,105.84206629999981,64.98886676927366
21.013963699999948,105.84236629999981,64.98886676927366
21.013963699999948,105.8426662999998,64.98886676927366
21.013963699999948,105.8429662999998,64.98886676927366
21.013963699999948,105.8432662999998,64.98886676927366
21.013963699999948,105.8435662999998,64.98886676927366
21.013963699999948,105.84386629999979,64.98886676927366
21.013963699999948,105.84416629999978,64.98886676927366
21.013963699999948,105.84446629999978,64.98886676927366
21.013963699999948,105.84476629999978,64.98886676927366
21.013963699999948,105.84506629999977,64.98886676927366
21.013963699999948,105.84536629999977,64.98886676927366
21.013963699999948,105.84566629999976,64.98886676927366
21.013963699999948,105.84596629999976,64.98886676927366
21.013963699999948,105.84626629999975,65.20227778376376
21.013963699999948,105.84656629999975,67.21081995191825
21.013963699999948,105.84686629999975,67.29270420961497
21.013963699999948,105.84716629999974,61.50447485116941
21.013963699999948,105.84746629999974,66.61758573340775
21.013963699999948,105.84776629999973,64.83758756576893
21.013963699999948,105.84806629999973,64.96962083813852
21.013963699999948,105.84836629999973,70.74718837639375
21.013963699999948,105.84866629999972,62.55817553229854
21.013963699999948,105.84896629999972,65.87896494680402
21.013963699999948,105.84926629999971,71.71699517673194
21.013963699999948,105.84956629999971,60.66485573258047
21.013963699999948,105.8498662999997,69.94703148806575
21.013963699999948,105.8501662999997,62.226158977376286
21.013963699999948,105.8504662999997,71.86037658784142
21.013963699999948,105.85076629999969,65.0231787725209
21.013963699999948,105.85106629999969,71.42960382984965
21.013963699999948,105.85136629999968,60.85642034815043
21.013963699999948,105.85166629999968,71.91197525464624
21.013963699999948,105.85196629999967,61.865983090342425
21.013963699999948,105.85226629999967,61.59233859548707
21.013963699999948,105.85256629999967,60.33971789307823
21.013963699999948,105.85286629999966,58.0838117681314
21.013963699999948,105.85316629999966,63.167215748094115
21.013963699999948,105.85346629999965,69.36407172817606
21.013963699999948,105.85376629999965,63.517527041111784
21.013963699999948,105.85406629999964,61.39946798710371
21.013963699999948,105.85436629999964,68.6435457923781
21.013963699999948,105.85466629999964,68.01528127580785
21.013963699999948,105.85496629999963,69.27573771310273
21.013963699999948,105.85526629999963,70.1395772862488
21.013963699999948,105.85556629999962,67.37711205884231
21.013963699999948,105.85586629999962,68.7617851211049
21.013963699999948,105.85616629999961,64.91850130165008
21.013963699999948,105.85646629999961,59.02500264662671
21.013963699999948,105.8567662999996,59.968323403271086
21.013963699999948,105.8570662999996,59.88993871589443
21.013963699999948,105.8573662999996,59.68459212715602
21.013963699999948,105.8576662999996,62.13742484490953
21.014263699999947,105.8291663,63.03242874383416
21.014263699999947,105.82946629999999,62.84780481045273
21.014263699999947,105.82976629999999,63.105963999626624
21.014263699999947,105.83006629999998,62.932746354754535
21.014263699999947,105.83036629999998,66.76140820081291
21.014263699999947,105.83066629999998,62.066780533479275
21.014263699999947,105.83096629999997,59.1626204293742
21.014263699999947,105.83126629999997,64.7522174114614
21.014263699999947,105.83156629999996,68.39788137482199
21.014263699999947,105.83186629999996,62.781530859496044
21.014263699999947,105.83216629999995,60.16173494707316
21.014263699999947,105.83246629999995,60.160570348781064
21.014263699999947,105.83276629999995,59.85289596749858
21.014263699999947,105.83306629999994,59.89655279698555
21.014263699999947,105.83336629999994,61.60980156900409
21.014263699999947,105.83366629999993,64.74295757319948
21.014263699999947,105.83396629999993,70.6302026982427
21.014263699999947,105.83426629999992,69.66215324555637
21.014263699999947,105.83456629999992,72.72458261085815
21.014263699999947,105.83486629999992,72.87195709838167
21.014263699999947,105.83516629999991,64.00034172401269
21.014263699999947,105.83546629999991,64.98886676927366
21.014263699999947,105.8357662999999,64.9194248136123
21.014263699999947,105.8360662999999,64.9194248136123
21.014263699999947,105.8363662999999,63.07762244290876
21.014263699999947,105.83666629999989,72.87477469839139
21.014263699999947,105.83696629999989,66.64049347580045
21.014263699999947,105.83726629999988,65.25421141260075
21.014263699999947,105.83756629999988,64.98886676927366
21.014263699999947,105.83786629999987,64.98886676927366
21.014263699999947,105.83816629999987,64.98886676927366
21.014263699999947,105.83846629999987,64.98886676927366
21.014263699999947,105.83876629999986,64.98886676927366
21.014263699999947,105.83906629999986,64.98886676927366
21.014263699999947,105.83936629999985,65.25421141260075
21.014263699999947,105.83966629999985,67.24200167556451
21.014263699999947,105.83996629999984,72.75527593243382
21.014263699999947,105.84026629999984,70.65355717833982
21.014263699999947,105.84056629999984,71.16076660453147
21.014263699999947,105.84086629999983,64.92113554932489
21.014263699999947,105.84116629999983,66.88815739398733
21.014263699999947,105.84146629999982,72.81973861187053
21.014263699999947,105.84176629999982,65.25421141260075
21.014263699999947,105.84206629999981,64.98886676927366
21.014263699999947,105.84236629999981,64.98886676927366
21.014263699999947,105.8426662999998,64.98886676927366
21.014263699999947,105.8429662999998,64.98886676927366
21.014263699999947,105.8432662999998,64.98886676927366
21.014263699999947,105.8435662999998,64.98886676927366
21.014263699999947,105.84386629999979,64.98886676927366
21.014263699999947,105.84416629999978,64.98886676927366
21.014263699999947,105.84446629999978,64.98886676927366
21.014263699999947,105.84476629999978,64.98886676927366
21.014263699999947,105.84506629999977,64.98886676927366
21.014263699999947,105.84536629999977,64.98886676927366
21.014263699999947,105.84566629999976,64.98886676927366
21.014263699999947,105.84596629999976,64.98886676927366
21.014263699999947,105.84626629999975,65.15638229217754
21.014263699999947,105.84656629999975,63.38526607100933
21.014263699999947,105.84686629999975,69.05605360292788
21.014263699999947,105.84716629999974,59.97394186027642
21.014263699999947,105.84746629999974,64.68182245537736
21.014263699999947,105.84776629999973,68.10948078297312
21.014263699999947,105.84806629999973,64.43409719510485
21.014263699999947,105.84836629999973,70.12938675019623
21.014263699999947,105.84866629999972,62.75266684053618
21.014263699999947,105.84896629999972,67.17546164615406
21.014263699999947,105.84926629999971,69.7301885340768
21.014263699999947,105.84956629999971,61.63426403554117
21.014263699999947,105.8498662999997,70.02844506420644
21.014263699999947,105.8501662999997,62.4354449997468
21.014263699999947,105.8504662999997,69.37362613709733
21.014263699999947,105.85076629999969,68.32289850231071
21.014263699999947,105.85106629999969,71.87784812607633
21.014263699999947,105.85136629999968,60.78784402235575
21.014263699999947,105.85166629999968,69.37362613709733
21.014263699999947,105.85196629999967,61.57366619174925
21.014263699999947,105.85226629999967,61.18440859498202
21.014263699999947,105.85256629999967,60.99872237268328
21.014263699999947,105.85286629999966,60.57792860386506
21.014263699999947,105.85316629999966,61.543201449408755
21.014263699999947,105.85346629999965,68.95226414114683
21.014263699999947,105.85376629999965,59.00727077577022
21.014263699999947,105.85406629999964,59.78950005227114
21.014263699999947,105.85436629999964,70.68105773276334
21.014263699999947,105.85466629999964,58.917141177611136
21.014263699999947,105.85496629999963,55.71499863318168
21.014263699999947,105.85526629999963,56.64062643918302
21.014263699999947,105.85556629999962,64.07489293906102
21.014263699999947,105.85586629999962,63.889853905743365
21.014263699999947,105.85616629999961,67.61819056292124
21.014263699999947,105.85646629999961,69.11966534059468
21.014263699999947,105.8567662999996,70.07120961035194
21.014263699999947,105.8570662999996,68.42854084168661
21.014263699999947,105.8573662999996,66.8141857040271
21.014263699999947,105.8576662999996,59.76191434289951
21.014563699999947,105.8291663,62.81672078240384
21.014563699999947,105.82946629999999,62.81672078240384
21.014563699999947,105.82976629999999,62.786793731481914
21.014563699999947,105.83006629999998,65.05249550267011
21.014563699999947,105.83036629999998,65.66266111715177
21.014563699999947,105.83066629999998,60.238080938211745
21.014563699999947,105.83096629999997,59.538182217877186
21.014563699999947,105.83126629999997,69.49459533730584
21.014563699999947,105.83156629999996,64.26432630564294
21.014563699999947,105.83186629999996,58.024718894625515
21.014563699999947,105.83216629999995,62.028048934732055
21.014563699999947,105.83246629999995,62.028048934732055
21.014563699999947,105.83276629999995,59.80349951636362
21.014563699999947,105.83306629999994,59.712675887483755
21.014563699999947,105.83336629999994,62.41902128469243
21.014563699999947,105.83366629999993,71.25252767620985
21.014563699999947,105.83396629999993,69.69508995289976
21.014563699999947,105.83426629999992,70.96255222436709
21.014563699999947,105.83456629999992,72.59237629439802
21.014563699999947,105.83486629999992,64.08373752632845
21.014563699999947,105.83516629999991,65.24702595844751
21.014563699999947,105.83546629999991,64.98886676927366
21.014563699999947,105.8357662999999,64.98886676927366
21.014563699999947,105.8360662999999,64.98886676927366
21.014563699999947,105.8363662999999,65.20227778376376
21.014563699999947,105.83666629999989,63.26485936032988
21.014563699999947,105.83696629999989,72.14798635274165
21.014563699999947,105.83726629999988,66.88815739398733
21.014563699999947,105.83756629999988,65.20227778376376
21.014563699999947,105.83786629999987,64.98886676927366
21.014563699999947,105.83816629999987,64.98886676927366
21.014563699999947,105.83846629999987,64.98886676927366
21.014563699999947,105.83876629999986,64.98886676927366
21.014563699999947,105.83906629999986,64.98886676927366
21.014563699999947,105.83936629999985,64.98886676927366
21.014563699999947,105.83966629999985,65.25916944431644
21.014563699999947,105.83996629999984,64.00034172401269
21.014563699999947,105.84026629999984,63.26485936032988
21.014563699999947,105.84056629999984,63.26485936032988
21.014563699999947,105.84086629999983,65.06481374818483
21.014563699999947,105.84116629999983,66.88815739398733
21.014563699999947,105.84146629999982,72.56610868836769
21.014563699999947,105.84176629999982,65.25421141260075
21.014563699999947,105.84206629999981,64.98886676927366
21.014563699999947,105.84236629999981,64.98886676927366
21.014563699999947,105.8426662999998,64.98886676927366
21.014563699999947,105.8429662999998,64.98886676927366
21.014563699999947,105.8432662999998,64.98886676927366
21.014563699999947,105.8435662999998,64.98886676927366
21.014563699999947,105.84386629999979,64.98886676927366
21.014563699999947,105.84416629999978,64.98886676927366
21.014563699999947,105.84446629999978,64.98886676927366
21.014563699999947,105.84476629999978,64.98886676927366
21.014563699999947,105.84506629999977,64.98886676927366
21.014563699999947,105.84536629999977,64.98886676927366
21.014563699999947,105.84566629999976,64.98886676927366
21.014563699999947,105.84596629999976,64.9194248136123
21.014563699999947,105.84626629999975,64.23149029026074
21.014563699999947,105.84656629999975,63.1339070916114
21.014563699999947,105.84686629999975,68.74784384925096
21.014563699999947,105.84716629999974,62.969704050141
21.014563699999947,105.84746629999974,64.82378827040027
21.014563699999947,105.84776629999973,71.45963220176883
21.014563699999947,105.84806629999973,63.12283612385473
21.014563699999947,105.84836629999973,68.84784226319928
21.014563699999947,105.84866629999972,61.983625546059265
21.014563699999947,105.84896629999972,67.49906123632204
21.014563699999947,105.84926629999971,73.00233450171469
21.014563699999947,105.84956629999971,62.097915550501384
21.014563699999947,105.8498662999997,69.91896404110949
21.014563699999947,105.8501662999997,62.50505749076122
21.014563699999947,105.8504662999997,71.64934054878343
21.014563699999947,105.85076629999969,67.55705426779922
21.014563699999947,105.85106629999969,72.43435862857449
21.014563699999947,105.85136629999968,63.611973485000576
21.014563699999947,105.85166629999968,69.57385340972074
21.014563699999947,105.85196629999967,65.35016915416047
21.014563699999947,105.85226629999967,66.0103871243405
21.014563699999947,105.85256629999967,65.89893726526246
21.014563699999947,105.85286629999966,63.86227947555161
21.014563699999947,105.85316629999966,63.677528158913624
21.014563699999947,105.85346629999965,62.613762667781906
21.014563699999947,105.85376629999965,55.532432437126026
21.014563699999947,105.85406629999964,54.199685377253566
21.014563699999947,105.85436629999964,68.34004079548109
21.014563699999947,105.85466629999964,60.94932317303539
21.014563699999947,105.85496629999963,58.126282761014664
21.014563699999947,105.85526629999963,57.70454099225057
21.014563699999947,105.85556629999962,56.94698421168393
21.014563699999947,105.85586629999962,56.25041169288131
21.014563699999947,105.85616629999961,57.711985125538135
21.014563699999947,105.85646629999961,57.72597591240354
21.014563699999947,105.8567662999996,58.42381418694255
21.014563699999947,105.8570662999996,70.52245178724434
21.014563699999947,105.8573662999996,65.92166563228508
21.014563699999947,105.8576662999996,62.013489335244415
21.014863699999946,105.8291663,62.24888304656934
21.014863699999946,105.82946629999999,60.482873234773905
21.014863699999946,105.82976629999999,61.66400440849564
21.014863699999946,105.83006629999998,67.72234065530056
21.014863699999946,105.83036629999998,62.93469361649547
21.014863699999946,105.83066629999998,61.16282096127176
21.014863699999946,105.83096629999997,60.93184035846984
21.014863699999946,105.83126629999997,66.8639348677583
21.014863699999946,105.83156629999996,70.62203684401689
21.014863699999946,105.83186629999996,58.46547795893437
21.014863699999946,105.83216629999995,59.439484681578655
21.014863699999946,105.83246629999995,60.1681865940754
21.014863699999946,105.83276629999995,57.2777163661626
21.014863699999946,105.83306629999994,60.5446078105422
21.014863699999946,105.83336629999994,67.83498657875232
21.014863699999946,105.83366629999993,65.98013259892093
21.014863699999946,105.83396629999993,65.0735789483746
21.014863699999946,105.83426629999992,65.36198640587294
21.014863699999946,105.83456629999992,72.20604410928975
21.014863699999946,105.83486629999992,63.43237488323374
21.014863699999946,105.83516629999991,65.20227778376376
21.014863699999946,105.83546629999991,64.98886676927366
21.014863699999946,105.8357662999999,64.98886676927366
21.014863699999946,105.8360662999999,64.98886676927366
21.014863699999946,105.8363662999999,64.98886676927366
21.014863699999946,105.83666629999989,65.06481374818483
21.014863699999946,105.83696629999989,66.87850933352617
21.014863699999946,105.83726629999988,70.77961316788347
21.014863699999946,105.83756629999988,63.91622200342456
21.014863699999946,105.83786629999987,64.98886676927366
21.014863699999946,105.83816629999987,64.98886676927366
21.014863699999946,105.83846629999987,64.98886676927366
21.014863699999946,105.83876629999986,64.98886676927366
21.014863699999946,105.83906629999986,64.98886676927366
21.014863699999946,105.83936629999985,64.98886676927366
21.014863699999946,105.83966629999985,64.98886676927366
21.014863699999946,105.83996629999984,64.98886676927366
21.014863699999946,105.84026629999984,64.98886676927366
21.014863699999946,105.84056629999984,64.98886676927366
21.014863699999946,105.84086629999983,65.24702595844751
21.014863699999946,105.84116629999983,66.88815739398733
21.014863699999946,105.84146629999982,72.5568226164216
21.014863699999946,105.84176629999982,65.25421141260075
21.014863699999946,105.84206629999981,64.98886676927366
21.014863699999946,105.84236629999981,64.98886676927366
21.014863699999946,105.8426662999998,64.98886676927366
21.014863699999946,105.8429662999998,64.98886676927366
21.014863699999946,105.8432662999998,64.98886676927366
21.014863699999946,105.8435662999998,64.98886676927366
21.014863699999946,105.84386629999979,64.98886676927366
21.014863699999946,105.84416629999978,64.98886676927366
21.014863699999946,105.84446629999978,64.98886676927366
21.014863699999946,105.84476629999978,64.98886676927366
21.014863699999946,105.84506629999977,64.98886676927366
21.014863699999946,105.84536629999977,64.98886676927366
21.014863699999946,105.84566629999976,64.98886676927366
21.014863699999946,105.84596629999976,64.06397476735685
21.014863699999946,105.84626629999975,64.30369917988426
21.014863699999946,105.84656629999975,64.29027275773153
21.014863699999946,105.84686629999975,63.9369533978898
21.014863699999946,105.84716629999974,66.121429788758
21.014863699999946,105.84746629999974,56.71211746375641
21.014863699999946,105.84776629999973,70.66885310466118
21.014863699999946,105.84806629999973,62.02761411446971
21.014863699999946,105.84836629999973,68.2893171833611
21.014863699999946,105.84866629999972,63.159486340829034
21.014863699999946,105.84896629999972,64.92087567402659
21.014863699999946,105.84926629999971,71.12375378016667
21.014863699999946,105.84956629999971,59.28583691724588
21.014863699999946,105.8498662999997,69.5786683840161
21.014863699999946,105.8501662999997,62.58613672998307
21.014863699999946,105.8504662999997,71.1315435591875
21.014863699999946,105.85076629999969,67.83788605391248
21.014863699999946,105.85106629999969,72.06729971042697
21.014863699999946,105.85136629999968,67.44998519010485
21.014863699999946,105.85166629999968,69.98669603645142
21.014863699999946,105.85196629999967,65.46485683475049
21.014863699999946,105.85226629999967,65.39722882360445
21.014863699999946,105.85256629999967,68.45697955195068
21.014863699999946,105.85286629999966,70.08886291844583
21.014863699999946,105.85316629999966,68.97744785648287
21.014863699999946,105.85346629999965,60.915088602388074
21.014863699999946,105.85376629999965,56.33970985791445
21.014863699999946,105.85406629999964,54.66907659083471
21.014863699999946,105.85436629999964,71.3655862232495
21.014863699999946,105.85466629999964,54.01822699195871
21.014863699999946,105.85496629999963,57.92468729007303
21.014863699999946,105.85526629999963,59.226927504491
21.014863699999946,105.85556629999962,58.55789351567935
21.014863699999946,105.85586629999962,59.49810331422325
21.014863699999946,105.85616629999961,60.34975316552632
21.014863699999946,105.85646629999961,57.721072698838036
21.014863699999946,105.8567662999996,63.24961708265516
21.014863699999946,105.8570662999996,71.47723479151941
21.014863699999946,105.8573662999996,60.47416873174666
21.014863699999946,105.8576662999996,61.36170196386659
21.015163699999945,105.8291663,62.87047893226201
21.015163699999945,105.82946629999999,62.555018326092295
21.015163699999945,105.82976629999999,63.431434787021296
21.015163699999945,105.83006629999998,67.40661156725488
21.015163699999945,105.83036629999998,59.61176011877222
21.015163699999945,105.83066629999998,60.00097360072657
21.015163699999945,105.83096629999997,60.5611492007219
21.015163699999945,105.83126629999997,59.95997075520115
21.015163699999945,105.83156629999996,71.1868938262353
21.015163699999945,105.83186629999996,65.3121607705492
21.015163699999945,105.83216629999995,60.38788275144873
21.015163699999945,105.83246629999995,59.743913925090666
21.015163699999945,105.83276629999995,61.17461044661454
21.015163699999945,105.83306629999994,66.97490057139856
21.015163699999945,105.83336629999994,66.26413030427992
21.015163699999945,105.83366629999993,64.10170679410207
21.015163699999945,105.83396629999993,64.00765022023693
21.015163699999945,105.83426629999992,63.519505973745744
21.015163699999945,105.83456629999992,66.23015720713092
21.015163699999945,105.83486629999992,72.33132610257067
21.015163699999945,105.83516629999991,64.08373752632845
21.015163699999945,105.83546629999991,64.98886676927366
21.015163699999945,105.8357662999999,64.98886676927366
21.015163699999945,105.8360662999999,64.98886676927366
21.015163699999945,105.8363662999999,64.98886676927366
21.015163699999945,105.83666629999989,64.98886676927366
21.015163699999945,105.83696629999989,65.25421141260075
21.015163699999945,105.83726629999988,72.20194554744887
21.015163699999945,105.83756629999988,67.23238341672193
21.015163699999945,105.83786629999987,65.25916944431644
21.015163699999945,105.83816629999987,64.98886676927366
21.015163699999945,105.83846629999987,64.98886676927366
21.015163699999945,105.83876629999986,64.98886676927366
21.015163699999945,105.83906629999986,64.98886676927366
21.015163699999945,105.83936629999985,64.98886676927366
21.015163699999945,105.83966629999985,64.98886676927366
21.015163699999945,105.83996629999984,64.98886676927366
21.015163699999945,105.84026629999984,64.98886676927366
21.015163699999945,105.84056629999984,64.98886676927366
21.015163699999945,105.84086629999983,65.24702595844751
21.015163699999945,105.84116629999983,64.92113554932489
21.015163699999945,105.84146629999982,70.90217554132144
21.015163699999945,105.84176629999982,65.25421141260075
21.015163699999945,105.84206629999981,64.98886676927366
21.015163699999945,105.84236629999981,64.98886676927366
21.015163699999945,105.8426662999998,64.98886676927366
21.015163699999945,105.8429662999998,64.98886676927366
21.015163699999945,105.8432662999998,64.98886676927366
21.015163699999945,105.8435662999998,64.98886676927366
21.015163699999945,105.84386629999979,64.98886676927366
21.015163699999945,105.84416629999978,64.98886676927366
21.015163699999945,105.84446629999978,64.98886676927366
21.015163699999945,105.84476629999978,64.98886676927366
21.015163699999945,105.84506629999977,64.98886676927366
21.015163699999945,105.84536629999977,64.98886676927366
21.015163699999945,105.84566629999976,64.9194248136123
21.015163699999945,105.84596629999976,64.9194248136123
21.015163699999945,105.84626629999975,64.06397476735685
21.015163699999945,105.84656629999975,62.8866872116459
21.015163699999945,105.84686629999975,59.65627288430292
21.015163699999945,105.84716629999974,68.32534479837396
21.015163699999945,105.84746629999974,64.18169441619311
21.015163699999945,105.84776629999973,71.59526386092972
21.015163699999945,105.84806629999973,73.38944503214213
21.015163699999945,105.84836629999973,70.91613414076963
21.015163699999945,105.84866629999972,67.35471926369257
21.015163699999945,105.84896629999972,67.70927383234331
21.015163699999945,105.84926629999971,70.35333609336914
21.015163699999945,105.84956629999971,69.9283668877308
21.015163699999945,105.8498662999997,68.75345990119227
21.015163699999945,105.8501662999997,69.6301848085316
21.015163699999945,105.8504662999997,68.76137377420413
21.015163699999945,105.85076629999969,70.1893374805126
21.015163699999945,105.85106629999969,69.45918527218879
21.015163699999945,105.85136629999968,69.2998863246043
21.015163699999945,105.85166629999968,70.00236015584036
21.015163699999945,105.85196629999967,71.77883657505092
21.015163699999945,105.85226629999967,70.21620110431842
21.015163699999945,105.85256629999967,70.39419149835763
21.015163699999945,105.85286629999966,67.63660665042374
21.015163699999945,105.85316629999966,68.95834567105786
21.015163699999945,105.85346629999965,64.2228233522039
21.015163699999945,105.85376629999965,61.78746855792577
21.015163699999945,105.85406629999964,61.56722487288223
21.015163699999945,105.85436629999964,66.52160425946732
21.015163699999945,105.85466629999964,56.19037678373743
21.015163699999945,105.85496629999963,57.988720668891425
21.015163699999945,105.85526629999963,59.628129111421615
21.015163699999945,105.85556629999962,59.73806415938962
21.015163699999945,105.85586629999962,59.65382854445119
21.015163699999945,105.85616629999961,59.32491131450511
21.015163699999945,105.85646629999961,59.17857343513097
21.015163699999945,105.8567662999996,66.84035340167186
21.015163699999945,105.8570662999996,62.19594359927314
21.015163699999945,105.8573662999996,61.885903909070564
21.015163699999945,105.8576662999996,62.027253536379256
21.015463699999945,105.8291663,62.87047893226201
21.015463699999945,105.82946629999999,60.98472183453502
21.015463699999945,105.82976629999999,65.8892400604037
21.015463699999945,105.83006629999998,69.35811915844343
21.015463699999945,105.83036629999998,60.900815651664864
21.015463699999945,105.83066629999998,59.58974873829035
21.015463699999945,105.83096629999997,59.07318530709255
21.015463699999945,105.83126629999997,69.4189315719496
21.015463699999945,105.83156629999996,65.82955803669306
21.015463699999945,105.83186629999996,59.57096404467693
21.015463699999945,105.83216629999995,59.22075152400851
21.015463699999945,105.83246629999995,61.0400347556072
21.015463699999945,105.83276629999995,65.7685002376761
21.015463699999945,105.83306629999994,70.40847304322318
21.015463699999945,105.83336629999994,64.02511643936867
21.015463699999945,105.83366629999993,64.13126368038358
21.015463699999945,105.83396629999993,64.90433782226314
21.015463699999945,105.83426629999992,63.63790035513864
21.015463699999945,105.83456629999992,64.71093974675071
21.015463699999945,105.83486629999992,72.43711469712602
21.015463699999945,105.83516629999991,72.92346258731044
21.015463699999945,105.83546629999991,65.25421141260075
21.015463699999945,105.8357662999999,64.98886676927366
21.015463699999945,105.8360662999999,64.98886676927366
21.015463699999945,105.8363662999999,64.98886676927366
21.015463699999945,105.83666629999989,64.98886676927366
21.015463699999945,105.83696629999989,65.24702595844751
21.015463699999945,105.83726629999988,63.26485936032988
21.015463699999945,105.83756629999988,70.699911328122
21.015463699999945,105.83786629999987,63.26485936032988
21.015463699999945,105.83816629999987,65.24702595844751
21.015463699999945,105.83846629999987,64.98886676927366
21.015463699999945,105.83876629999986,64.98886676927366
21.015463699999945,105.83906629999986,64.98886676927366
21.015463699999945,105.83936629999985,64.98886676927366
21.015463699999945,105.83966629999985,64.98886676927366
21.015463699999945,105.83996629999984,64.98886676927366
21.015463699999945,105.84026629999984,64.98886676927366
21.015463699999945,105.84056629999984,64.98886676927366
21.015463699999945,105.84086629999983,65.24702595844751
21.015463699999945,105.84116629999983,64.92113554932489
21.015463699999945,105.84146629999982,70.98477880391147
21.015463699999945,105.84176629999982,65.25421141260075
21.015463699999945,105.84206629999981,64.98886676927366
21.015463699999945,105.84236629999981,64.98886676927366
21.015463699999945,105.8426662999998,64.98886676927366
21.015463699999945,105.8429662999998,64.98886676927366
21.015463699999945,105.8432662999998,64.98886676927366
21.015463699999945,105.8435662999998,64.98886676927366
21.015463699999945,105.84386629999979,64.98886676927366
21.015463699999945,105.84416629999978,64.98886676927366
21.015463699999945,105.84446629999978,64.98886676927366
21.015463699999945,105.84476629999978,64.98886676927366
21.015463699999945,105.84506629999977,64.98886676927366
21.015463699999945,105.84536629999977,64.98886676927366
21.015463699999945,105.84566629999976,64.98886676927366
21.015463699999945,105.84596629999976,64.98886676927366
21.015463699999945,105.84626629999975,64.98886676927366
21.015463699999945,105.84656629999975,64.30369917988426
21.015463699999945,105.84686629999975,63.73119504835692
21.015463699999945,105.84716629999974,68.43356439976927
21.015463699999945,105.84746629999974,63.58029591039133
21.015463699999945,105.84776629999973,61.6112010194615
21.015463699999945,105.84806629999973,61.90564659492095
21.015463699999945,105.84836629999973,69.04459903032424
21.015463699999945,105.84866629999972,61.47113453927618
21.015463699999945,105.84896629999972,63.5100185286082
21.015463699999945,105.84926629999971,68.37122669299254
21.015463699999945,105.84956629999971,61.10361885899417
21.015463699999945,105.8498662999997,70.7478115027642
21.015463699999945,105.8501662999997,62.51598035015511
21.015463699999945,105.8504662999997,69.8834480496423
21.015463699999945,105.85076629999969,66.10613430463341
21.015463699999945,105.85106629999969,66.21696516053665
21.015463699999945,105.85136629999968,65.30915648290267
21.015463699999945,105.85166629999968,65.57720886752249
21.015463699999945,105.85196629999967,59.138933553102575
21.015463699999945,105.85226629999967,69.18884791318749
21.015463699999945,105.85256629999967,59.44915660973634
21.015463699999945,105.85286629999966,62.41446843629483
21.015463699999945,105.85316629999966,68.30620088346711
21.015463699999945,105.85346629999965,61.78579771062759
21.015463699999945,105.85376629999965,65.60142747447337
21.015463699999945,105.85406629999964,63.87297005543029
21.015463699999945,105.85436629999964,63.46368307376576
21.015463699999945,105.85466629999964,69.08699200453859
21.015463699999945,105.85496629999963,68.45846760559914
21.015463699999945,105.85526629999963,68.80104344191446
21.015463699999945,105.85556629999962,65.81865025998593
21.015463699999945,105.85586629999962,60.77920052897941
21.015463699999945,105.85616629999961,60.81269544170875
21.015463699999945,105.85646629999961,62.202018454962946
21.015463699999945,105.8567662999996,68.27285550395581
21.015463699999945,105.8570662999996,61.302960196450265
21.015463699999945,105.8573662999996,60.00097360072657
21.015463699999945,105.8576662999996,59.93705141180081
21.015763699999944,105.8291663,62.84780481045273
21.015763699999944,105.82946629999999,60.80561599701491
21.015763699999944,105.82976629999999,65.27292427436616
21.015763699999944,105.83006629999998,71.17013412518233
21.015763699999944,105.83036629999998,60.900815651664864
21.015763699999944,105.83066629999998,59.990995462006126
21.015763699999944,105.83096629999997,68.34541938432844
21.015763699999944,105.83126629999997,65.9214001888804
21.015763699999944,105.83156629999996,60.54361068740801
21.015763699999944,105.83186629999996,59.62124769493111
21.015763699999944,105.83216629999995,58.645968500151504
21.015763699999944,105.83246629999995,65.91129139506009
21.015763699999944,105.83276629999995,66.70680691632663
21.015763699999944,105.83306629999994,64.70691297089373
21.015763699999944,105.83336629999994,62.50760369458313
21.015763699999944,105.83366629999993,64.31742755600519
21.015763699999944,105.83396629999993,64.90433782226314
21.015763699999944,105.83426629999992,64.6187627493436
21.015763699999944,105.83456629999992,65.48219510812466
21.015763699999944,105.83486629999992,63.90081142158911
21.015763699999944,105.83516629999991,72.43667057014866
21.015763699999944,105.83546629999991,67.17945188336387
21.015763699999944,105.8357662999999,65.25421141260075
21.015763699999944,105.8360662999999,64.98886676927366
21.015763699999944,105.8363662999999,64.98886676927366
21.015763699999944,105.83666629999989,64.98886676927366
21.015763699999944,105.83696629999989,64.98886676927366
21.015763699999944,105.83726629999988,65.25421141260075
21.015763699999944,105.83756629999988,67.23238341672193
21.015763699999944,105.83786629999987,72.20194554744887
21.015763699999944,105.83816629999987,65.25421141260075
21.015763699999944,105.83846629999987,64.98886676927366
21.015763699999944,105.83876629999986,64.98886676927366
21.015763699999944,105.83906629999986,64.98886676927366
21.015763699999944,105.83936629999985,64.98886676927366
21.015763699999944,105.83966629999985,64.98886676927366
21.015763699999944,105.83996629999984,64.98886676927366
21.015763699999944,105.84026629999984,64.98886676927366
21.015763699999944,105.84056629999984,64.98886676927366
21.015763699999944,105.84086629999983,65.24702595844751
21.015763699999944,105.84116629999983,64.90826807717086
21.015763699999944,105.84146629999982,70.51140378716504
21.015763699999944,105.84176629999982,65.25421141260075
21.015763699999944,105.84206629999981,64.98886676927366
21.015763699999944,105.84236629999981,64.98886676927366
21.015763699999944,105.8426662999998,64.98886676927366
21.015763699999944,105.8429662999998,64.98886676927366
21.015763699999944,105.8432662999998,64.98886676927366
21.015763699999944,105.8435662999998,64.98886676927366
21.015763699999944,105.84386629999979,64.98886676927366
21.015763699999944,105.84416629999978,64.98886676927366
21.015763699999944,105.84446629999978,64.98886676927366
21.015763699999944,105.84476629999978,64.98886676927366
21.015763699999944,105.84506629999977,64.98886676927366
21.015763699999944,105.84536629999977,64.98886676927366
21.015763699999944,105.84566629999976,64.98886676927366
21.015763699999944,105.84596629999976,64.98886676927366
21.015763699999944,105.84626629999975,64.98886676927366
21.015763699999944,105.84656629999975,64.23149029026074
21.015763699999944,105.84686629999975,63.71467389515431
21.015763699999944,105.84716629999974,63.23815030632951
21.015763699999944,105.84746629999974,65.90403058972701
21.015763699999944,105.84776629999973,59.94465216369848
21.015763699999944,105.84806629999973,58.92427851151236
21.015763699999944,105.84836629999973,71.01733845458476
21.015763699999944,105.84866629999972,61.698003335392485
21.015763699999944,105.84896629999972,62.83524198844525
21.015763699999944,105.84926629999971,68.45490204882564
21.015763699999944,105.84956629999971,60.76370416381291
21.015763699999944,105.8498662999997,69.97801009497299
21.015763699999944,105.8501662999997,65.16199312634389
21.015763699999944,105.8504662999997,71.18895563178766
21.015763699999944,105.85076629999969,67.1382970500916
21.015763699999944,105.85106629999969,64.95602606332521
21.015763699999944,105.85136629999968,66.11354830175733
21.015763699999944,105.85166629999968,66.1577508814584
21.015763699999944,105.85196629999967,60.30461317744409
21.015763699999944,105.85226629999967,69.73999748129374
21.015763699999944,105.85256629999967,57.497576520068456
21.015763699999944,105.85286629999966,60.829371790777046
21.015763699999944,105.85316629999966,69.36590633220878
21.015763699999944,105.85346629999965,58.67442645279382
21.015763699999944,105.85376629999965,62.296881343671885
21.015763699999944,105.85406629999964,62.17070134109003
21.015763699999944,105.85436629999964,62.068491749769436
21.015763699999944,105.85466629999964,59.1482769791558
21.015763699999944,105.85496629999963,58.734091263713424
21.015763699999944,105.85526629999963,61.54465037400545
21.015763699999944,105.85556629999962,62.68557923811705
21.015763699999944,105.85586629999962,66.20403038694856
21.015763699999944,105.85616629999961,68.80301870373683
21.015763699999944,105.85646629999961,67.27990761870608
21.015763699999944,105.8567662999996,60.32361361454228
21.015763699999944,105.8570662999996,63.5928156125764
21.015763699999944,105.8573662999996,60.935686478902845
21.015763699999944,105.8576662999996,60.401223292731174
21.016063699999943,105.8291663,62.27852556496424
21.016063699999943,105.82946629999999,61.68470490422692
21.016063699999943,105.82976629999999,62.50562768226727
21.016063699999943,105.83006629999998,69.01011817518118
21.016063699999943,105.83036629999998,59.36358797037151
21.016063699999943,105.83066629999998,69.58939296012267
21.016063699999943,105.83096629999997,66.04812892459127
21.016063699999943,105.83126629999997,60.4790271143409
21.016063699999943,105.83156629999996,62.6123443478873
21.016063699999943,105.83186629999996,65.27147727081702
21.016063699999943,105.83216629999995,67.92712940537768
21.016063699999943,105.83246629999995,72.38126623522854
21.016063699999943,105.83276629999995,65.5104346843483
21.016063699999943,105.83306629999994,62.27981373554281
21.016063699999943,105.83336629999994,62.44514830727052
21.016063699999943,105.83366629999993,64.31742755600519
21.016063699999943,105.83396629999993,64.90433782226314
21.016063699999943,105.83426629999992,64.70844426532031
21.016063699999943,105.83456629999992,64.48100757905803
21.016063699999943,105.83486629999992,65.36979330666765
21.016063699999943,105.83516629999991,63.43237488323374
21.016063699999943,105.83546629999991,70.76981744187235
21.016063699999943,105.8357662999999,66.87128723111546
21.016063699999943,105.8360662999999,65.06481374818483
21.016063699999943,105.8363662999999,64.98886676927366
21.016063699999943,105.83666629999989,64.98886676927366
21.016063699999943,105.83696629999989,64.98886676927366
21.016063699999943,105.83726629999988,64.98886676927366
21.016063699999943,105.83756629999988,63.73329589868525
21.016063699999943,105.83786629999987,70.67648230390634
21.016063699999943,105.83816629999987,66.87128723111546
21.016063699999943,105.83846629999987,65.06481374818483
21.016063699999943,105.83876629999986,64.98886676927366
21.016063699999943,105.83906629999986,64.98886676927366
21.016063699999943,105.83936629999985,64.98886676927366
21.016063699999943,105.83966629999985,64.98886676927366
21.016063699999943,105.83996629999984,64.98886676927366
21.016063699999943,105.84026629999984,64.98886676927366
21.016063699999943,105.84056629999984,64.98886676927366
21.016063699999943,105.84086629999983,64.98886676927366
21.016063699999943,105.84116629999983,64.90826807717086
21.016063699999943,105.84146629999982,70.82107270124371
21.016063699999943,105.84176629999982,65.4217269355046
21.016063699999943,105.84206629999981,65.15638229217754
21.016063699999943,105.84236629999981,64.98886676927366
21.016063699999943,105.8426662999998,64.98886676927366
21.016063699999943,105.8429662999998,65.15638229217754
21.016063699999943,105.8432662999998,64.98886676927366
21.016063699999943,105.8435662999998,64.98886676927366
21.016063699999943,105.84386629999979,64.98886676927366
21.016063699999943,105.84416629999978,64.98886676927366
21.016063699999943,105.84446629999978,64.98886676927366
21.016063699999943,105.84476629999978,64.98886676927366
21.016063699999943,105.84506629999977,64.98886676927366
21.016063699999943,105.84536629999977,64.98886676927366
21.016063699999943,105.84566629999976,64.9194248136123
21.016063699999943,105.84596629999976,64.06397476735685
21.016063699999943,105.84626629999975,64.98886676927366
21.016063699999943,105.84656629999975,64.23149029026074
21.016063699999943,105.84686629999975,63.541560260039915
21.016063699999943,105.84716629999974,61.42698399762956
21.016063699999943,105.84746629999974,69.52021814232147
21.016063699999943,105.84776629999973,61.1008618727687
21.016063699999943,105.84806629999973,58.699516036029706
21.016063699999943,105.84836629999973,71.43905527528842
21.016063699999943,105.84866629999972,64.42770931253945
21.016063699999943,105.84896629999972,61.698003335392485
21.016063699999943,105.84926629999971,70.41312494214449
21.016063699999943,105.84956629999971,59.271609371290594
21.016063699999943,105.8498662999997,70.79332989488705
21.016063699999943,105.8501662999997,64.36327266953026
21.016063699999943,105.8504662999997,68.87728639626027
21.016063699999943,105.85076629999969,69.08783091584253
21.016063699999943,105.85106629999969,67.16010757398173
21.016063699999943,105.85136629999968,70.16749715849797
21.016063699999943,105.85166629999968,67.2350943031288
21.016063699999943,105.85196629999967,58.9661104271276
21.016063699999943,105.85226629999967,69.3607836953038
21.016063699999943,105.85256629999967,52.658259570044855
21.016063699999943,105.85286629999966,63.21556399658559
21.016063699999943,105.85316629999966,64.70906340308854
21.016063699999943,105.85346629999965,61.06490642576066
21.016063699999943,105.85376629999965,65.44897589521752
21.016063699999943,105.85406629999964,65.1092476451156
21.016063699999943,105.85436629999964,60.45421111256464
21.016063699999943,105.85466629999964,57.3307586108508
21.016063699999943,105.85496629999963,58.71628040730393
21.016063699999943,105.85526629999963,66.73353013253217
21.016063699999943,105.85556629999962,60.591291373214354
21.016063699999943,105.85586629999962,59.31804010248438
21.016063699999943,105.85616629999961,65.59289546723332
21.016063699999943,105.85646629999961,68.6918910763755
21.016063699999943,105.8567662999996,65.94030148903256
21.016063699999943,105.8570662999996,58.99344125344605
21.016063699999943,105.8573662999996,60.626310609273574
21.016063699999943,105.8576662999996,60.481089138284744
21.016363699999943,105.8291663,62.54320095844691
21.016363699999943,105.82946629999999,62.28712601343716
21.016363699999943,105.82976629999999,64.48830075516116
21.016363699999943,105.83006629999998,67.90850352407152
21.016363699999943,105.83036629999998,68.46850326076165
21.016363699999943,105.83066629999998,65.57214366012956
21.016363699999943,105.83096629999997,62.934479069035014
21.016363699999943,105.83126629999997,62.462479941449175
21.016363699999943,105.83156629999996,63.9957598058885
21.016363699999943,105.83186629999996,65.8201422276858
21.016363699999943,105.83216629999995,69.50846859278255
21.016363699999943,105.83246629999995,65.80604891653944
21.016363699999943,105.83276629999995,61.687796192097416
21.016363699999943,105.83306629999994,62.81672078240384
21.016363699999943,105.83336629999994,64.31742755600519
21.016363699999943,105.83366629999993,64.19617235787463
21.016363699999943,105.83396629999993,64.8826753794934
21.016363699999943,105.83426629999992,64.6187627493436
21.016363699999943,105.83456629999992,65.2240359189508
21.016363699999943,105.83486629999992,65.15638229217754
21.016363699999943,105.83516629999991,65.06481374818483
21.016363699999943,105.83546629999991,66.88815739398733
21.016363699999943,105.8357662999999,72.51330522900311
21.016363699999943,105.8360662999999,63.26485936032988
21.016363699999943,105.8363662999999,65.20227778376376
21.016363699999943,105.83666629999989,64.98886676927366
21.016363699999943,105.83696629999989,64.98886676927366
21.016363699999943,105.83726629999988,64.98886676927366
21.016363699999943,105.83756629999988,65.06481374818483
21.016363699999943,105.83786629999987,66.87128723111546
21.016363699999943,105.83816629999987,70.67648230390634
21.016363699999943,105.83846629999987,63.73329589868525
21.016363699999943,105.83876629999986,64.98886676927366
21.016363699999943,105.83906629999986,64.98886676927366
21.016363699999943,105.83936629999985,64.98886676927366
21.016363699999943,105.83966629999985,64.98886676927366
21.016363699999943,105.83996629999984,64.98886676927366
21.016363699999943,105.84026629999984,64.98886676927366
21.016363699999943,105.84056629999984,64.98886676927366
21.016363699999943,105.84086629999983,65.41454148135139
21.016363699999943,105.84116629999983,64.4925846227217
21.016363699999943,105.84146629999982,71.15229432681535
21.016363699999943,105.84176629999982,65.35228497984323
21.016363699999943,105.84206629999981,65.08694033651618
21.016363699999943,105.84236629999981,65.08694033651618
21.016363699999943,105.8426662999998,65.15638229217754
21.016363699999943,105.8429662999998,65.15638229217754
21.016363699999943,105.8432662999998,65.15638229217754
21.016363699999943,105.8435662999998,64.98886676927366
21.016363699999943,105.84386629999979,64.98886676927366
21.016363699999943,105.84416629999978,64.98886676927366
21.016363699999943,105.84446629999978,64.98886676927366
21.016363699999943,105.84476629999978,64.98886676927366
21.016363699999943,105.84506629999977,64.98886676927366
21.016363699999943,105.84536629999977,64.98886676927366
21.016363699999943,105.84566629999976,64.9194248136123
21.016363699999943,105.84596629999976,64.06397476735685
21.016363699999943,105.84626629999975,64.9194248136123
21.016363699999943,105.84656629999975,64.53049175356273
21.016363699999943,105.84686629999975,64.299143917034
21.016363699999943,105.84716629999974,64.03352336303706
21.016363699999943,105.84746629999974,69.02867209286588
21.016363699999943,105.84776629999973,64.03287555957716
21.016363699999943,105.84806629999973,61.009205406371514
21.016363699999943,105.84836629999973,72.78966028112549
21.016363699999943,105.84866629999972,64.70453433770298
21.016363699999943,105.84896629999972,60.55322254454513
21.016363699999943,105.84926629999971,67.64457607209292
21.016363699999943,105.84956629999971,60.7068480602374
21.016363699999943,105.8498662999997,69.53619831496916
21.016363699999943,105.8501662999997,65.48461477851583
21.016363699999943,105.8504662999997,68.14184551984798
21.016363699999943,105.85076629999969,69.02114514786263
21.016363699999943,105.85106629999969,66.3321071169982
21.016363699999943,105.85136629999968,72.15165864293623
21.016363699999943,105.85166629999968,63.895979319115725
21.016363699999943,105.85196629999967,57.519879144270334
21.016363699999943,105.85226629999967,69.40615668329552
21.016363699999943,105.85256629999967,53.39795106477314
21.016363699999943,105.85286629999966,65.37401571993824
21.016363699999943,105.85316629999966,61.90916030949411
21.016363699999943,105.85346629999965,61.6229725997988
21.016363699999943,105.85376629999965,60.48372936923107
21.016363699999943,105.85406629999964,60.871574235519475
21.016363699999943,105.85436629999964,58.620292615151605
21.016363699999943,105.85466629999964,58.346612702679906
21.016363699999943,105.85496629999963,60.21159607256639
21.016363699999943,105.85526629999963,65.7292235810889
21.016363699999943,105.85556629999962,62.788307076414355
21.016363699999943,105.85586629999962,63.70770167022941
21.016363699999943,105.85616629999961,67.94210605862636
21.016363699999943,105.85646629999961,61.45849888707457
21.016363699999943,105.8567662999996,64.77064890652287
21.016363699999943,105.8570662999996,69.22343083400764
21.016363699999943,105.8573662999996,65.07822522327564
21.016363699999943,105.8576662999996,61.25954075120329
21.016663699999942,105.8291663,62.180222151984196
21.016663699999942,105.82946629999999,63.43996715422249
21.016663699999942,105.82976629999999,63.61614098662481
21.016663699999942,105.83006629999998,67.37535106991295
21.016663699999942,105.83036629999998,66.42798149611016
21.016663699999942,105.83066629999998,62.73501844051775
21.016663699999942,105.83096629999997,61.577237266315464
21.016663699999942,105.83126629999997,65.26545941710557
21.016663699999942,105.83156629999996,67.39075337224355
21.016663699999942,105.83186629999996,67.54924292350532
21.016663699999942,105.83216629999995,62.829238734720796
21.016663699999942,105.83246629999995,62.58967022607802
21.016663699999942,105.83276629999995,62.2294403458402
21.016663699999942,105.83306629999994,62.90977406302577
21.016663699999942,105.83336629999994,64.19617235787463
21.016663699999942,105.83366629999993,64.90433782226314
21.016663699999942,105.83396629999993,64.70844426532031
21.016663699999942,105.83426629999992,64.46645226195677
21.016663699999942,105.83456629999992,65.2240359189508
21.016663699999942,105.83486629999992,64.98886676927366
21.016663699999942,105.83516629999991,64.98886676927366
21.016663699999942,105.83546629999991,65.25916944431644
21.016663699999942,105.8357662999999,67.20276329608821
21.016663699999942,105.8360662999999,72.81973861187053
21.016663699999942,105.8363662999999,64.00034172401269
21.016663699999942,105.83666629999989,64.98886676927366
21.016663699999942,105.83696629999989,64.98886676927366
21.016663699999942,105.83726629999988,64.98886676927366
21.016663699999942,105.83756629999988,64.98886676927366
21.016663699999942,105.83786629999987,65.25421141260075
21.016663699999942,105.83816629999987,72.20194554744887
21.016663699999942,105.83846629999987,67.17945188336387
21.016663699999942,105.83876629999986,65.25916944431644
21.016663699999942,105.83906629999986,64.36297623065882
21.016663699999942,105.83936629999985,64.98886676927366
21.016663699999942,105.83966629999985,64.98886676927366
21.016663699999942,105.83996629999984,64.98886676927366
21.016663699999942,105.84026629999984,64.98886676927366
21.016663699999942,105.84056629999984,65.15638229217754
21.016663699999942,105.84086629999983,64.78865094273658
21.016663699999942,105.84116629999983,66.49340309660346
21.016663699999942,105.84146629999982,72.32996164510632
21.016663699999942,105.84176629999982,65.27273681795555
21.016663699999942,105.84206629999981,65.44962697226879
21.016663699999942,105.84236629999981,65.44962697226879
21.016663699999942,105.8426662999998,65.44962697226879
21.016663699999942,105.8429662999998,65.15638229217754
21.016663699999942,105.8432662999998,65.15638229217754
21.016663699999942,105.8435662999998,65.15638229217754
21.016663699999942,105.84386629999979,64.98886676927366
21.016663699999942,105.84416629999978,64.98886676927366
21.016663699999942,105.84446629999978,64.98886676927366
21.016663699999942,105.84476629999978,64.98886676927366
21.016663699999942,105.84506629999977,64.98886676927366
21.016663699999942,105.84536629999977,64.98886676927366
21.016663699999942,105.84566629999976,64.06397476735685
21.016663699999942,105.84596629999976,64.06397476735685
21.016663699999942,105.84626629999975,65.17758400278615
21.016663699999942,105.84656629999975,64.74390276805283
21.016663699999942,105.84686629999975,63.55613123996904
21.016663699999942,105.84716629999974,63.551465201802856
21.016663699999942,105.84746629999974,64.04908693073496
21.016663699999942,105.84776629999973,69.56126533611243
21.016663699999942,105.84806629999973,59.324052995355146
21.016663699999942,105.84836629999973,71.60434607917458
21.016663699999942,105.84866629999972,65.65803361864683
21.016663699999942,105.84896629999972,60.55322254454513
21.016663699999942,105.84926629999971,67.09801318762139
21.016663699999942,105.84956629999971,60.04666314101338
21.016663699999942,105.8498662999997,70.07792777603275
21.016663699999942,105.8501662999997,65.85421326324945
21.016663699999942,105.8504662999997,68.54472211127221
21.016663699999942,105.85076629999969,68.4404269792503
21.016663699999942,105.85106629999969,67.32477675960733
21.016663699999942,105.85136629999968,70.21543387965386
21.016663699999942,105.85166629999968,66.42227018054433
21.016663699999942,105.85196629999967,64.10944705018584
21.016663699999942,105.85226629999967,69.95950568305508
21.016663699999942,105.85256629999967,64.73284973252717
21.016663699999942,105.85286629999966,66.86181327320254
21.016663699999942,105.85316629999966,59.03063607439389
21.016663699999942,105.85346629999965,65.05245993993434
21.016663699999942,105.85376629999965,62.601754925764794
21.016663699999942,105.85406629999964,65.86879233839323
21.016663699999942,105.85436629999964,59.42880866859705
21.016663699999942,105.85466629999964,59.88474718500308
21.016663699999942,105.85496629999963,60.78770086492638
21.016663699999942,105.85526629999963,65.62886724504021
21.016663699999942,105.85556629999962,61.944914023867035
21.016663699999942,105.85586629999962,68.68044303192245
21.016663699999942,105.85616629999961,63.134484960674165
21.016663699999942,105.85646629999961,61.90182743514843
21.016663699999942,105.8567662999996,62.18943521428766
21.016663699999942,105.8570662999996,59.07318530709255
21.016663699999942,105.8573662999996,69.67747984141396
21.016663699999942,105.8576662999996,65.24882799632702
21.01696369999994,105.8291663,63.29632487358397
21.01696369999994,105.82946629999999,62.779564097142455
21.01696369999994,105.82976629999999,68.96845450676634
21.01696369999994,105.83006629999998,63.304991703538526
21.01696369999994,105.83036629999998,63.24600708180332
21.01696369999994,105.83066629999998,63.13321198540604
21.01696369999994,105.83096629999997,66.62383433773654
21.01696369999994,105.83126629999997,67.87595667439498
21.01696369999994,105.83156629999996,69.6524233572969
21.01696369999994,105.83186629999996,62.1706578240929
21.01696369999994,105.83216629999995,64.23738359145847
21.01696369999994,105.83246629999995,63.03242874383416
21.01696369999994,105.83276629999995,63.03242874383416
21.01696369999994,105.83306629999994,64.18882102198937
21.01696369999994,105.83336629999994,63.56538352210006
21.01696369999994,105.83366629999993,64.67556151846607
21.01696369999994,105.83396629999993,64.31073357963362
21.01696369999994,105.83426629999992,65.2240359189508
21.01696369999994,105.83456629999992,65.15638229217754
21.01696369999994,105.83486629999992,64.98886676927366
21.01696369999994,105.83516629999991,64.98886676927366
21.01696369999994,105.83546629999991,64.98886676927366
21.01696369999994,105.8357662999999,65.25421141260075
21.01696369999994,105.8360662999999,71.70575231146445
21.01696369999994,105.8363662999999,67.23238341672193
21.01696369999994,105.83666629999989,65.25421141260075
21.01696369999994,105.83696629999989,64.98886676927366
21.01696369999994,105.83726629999988,64.98886676927366
21.01696369999994,105.83756629999988,64.98886676927366
21.01696369999994,105.83786629999987,65.20227778376376
21.01696369999994,105.83816629999987,64.90826807717086
21.01696369999994,105.83846629999987,73.57877841002991
21.01696369999994,105.83876629999986,63.26485936032988
21.01696369999994,105.83906629999986,65.24702595844751
21.01696369999994,105.83936629999985,64.98886676927366
21.01696369999994,105.83966629999985,64.98886676927366
21.01696369999994,105.83996629999984,64.98886676927366
21.01696369999994,105.84026629999984,64.98886676927366
21.01696369999994,105.84056629999984,65.15638229217754
21.01696369999994,105.84086629999983,64.78865094273658
21.01696369999994,105.84116629999983,67.05567291689121
21.01696369999994,105.84146629999982,72.55696152338588
21.01696369999994,105.84176629999982,65.91821026805164
21.01696369999994,105.84206629999981,64.91671322556154
21.01696369999994,105.84236629999981,64.9843668523348
21.01696369999994,105.8426662999998,65.9858638948249
21.01696369999994,105.8429662999998,65.9858638948249
21.01696369999994,105.8432662999998,65.91821026805164
21.01696369999994,105.8435662999998,64.08373752632845
21.01696369999994,105.84386629999979,63.26485936032988
21.01696369999994,105.84416629999978,63.26485936032988
21.01696369999994,105.84446629999978,65.25421141260075
21.01696369999994,105.84476629999978,63.91622200342456
21.01696369999994,105.84506629999977,63.73329589868525
21.01696369999994,105.84536629999977,63.26485936032988
21.01696369999994,105.84566629999976,63.98554879606693
21.01696369999994,105.84596629999976,66.63078321391832
21.01696369999994,105.84626629999975,67.56244400452496
21.01696369999994,105.84656629999975,66.22200493994764
21.01696369999994,105.84686629999975,65.73439009347533
21.01696369999994,105.84716629999974,70.96735403724932
21.01696369999994,105.84746629999974,71.58078108709493
21.01696369999994,105.84776629999973,66.69512525202535
21.01696369999994,105.84806629999973,69.13369948471335
21.01696369999994,105.84836629999973,70.28588270050892
21.01696369999994,105.84866629999972,70.39219844894595
21.01696369999994,105.84896629999972,68.65423101444199
21.01696369999994,105.84926629999971,68.06000393166308
21.01696369999994,105.84956629999971,69.82421433416525
21.01696369999994,105.8498662999997,68.05432157433194
21.01696369999994,105.8501662999997,69.0207408812457
21.01696369999994,105.8504662999997,69.08746182105804
21.01696369999994,105.85076629999969,71.00203287525852
21.01696369999994,105.85106629999969,69.03115809724736
21.01696369999994,105.85136629999968,71.13764377655568
21.01696369999994,105.85166629999968,65.97051127286908
21.01696369999994,105.85196629999967,61.96817952748538
21.01696369999994,105.85226629999967,64.02015578444423
21.01696369999994,105.85256629999967,61.9811043920572
21.01696369999994,105.85286629999966,67.68616348044735
21.01696369999994,105.85316629999966,65.19800038114913
21.01696369999994,105.85346629999965,64.02221498199783
21.01696369999994,105.85376629999965,68.45103231670615
21.01696369999994,105.85406629999964,67.43180700952925
21.01696369999994,105.85436629999964,65.06755942366155
21.01696369999994,105.85466629999964,64.44972881914731
21.01696369999994,105.85496629999963,63.85926617811768
21.01696369999994,105.85526629999963,66.6899603413846
21.01696369999994,105.85556629999962,62.91257305118365
21.01696369999994,105.85586629999962,69.71770137263339
21.01696369999994,105.85616629999961,62.07642080083902
21.01696369999994,105.85646629999961,62.0901764516805
21.01696369999994,105.8567662999996,63.00543801591638
21.01696369999994,105.8570662999996,59.551566866585155
21.01696369999994,105.8573662999996,69.10253101791704
21.01696369999994,105.8576662999996,61.526530782261894
21.01726369999994,105.8291663,63.389066361343765
21.01726369999994,105.82946629999999,64.5772149635972
21.01726369999994,105.82976629999999,67.66060488907874
21.01726369999994,105.83006629999998,63.92516466801804
21.01726369999994,105.83036629999998,63.38425483043572
21.01726369999994,105.83066629999998,65.05700835768431
21.01726369999994,105.83096629999997,66.99014080413801
21.01726369999994,105.83126629999997,63.636467768511324
21.01726369999994,105.83156629999996,64.334610540799
21.01726369999994,105.83186629999996,64.82033486828671
21.01726369999994,105.83216629999995,63.798608645721735
21.01726369999994,105.83246629999995,63.52016761130634
21.01726369999994,105.83276629999995,64.90433782226314
21.01726369999994,105.83306629999994,64.71397136508872
21.01726369999994,105.83336629999994,64.6187627493436
21.01726369999994,105.83366629999993,64.46645226195677
21.01726369999994,105.83396629999993,65.2240359189508
21.01726369999994,105.83426629999992,65.15638229217754
21.01726369999994,105.83456629999992,64.98886676927366
21.01726369999994,105.83486629999992,64.98886676927366
21.01726369999994,105.83516629999991,64.98886676927366
21.01726369999994,105.83546629999991,64.98886676927366
21.01726369999994,105.8357662999999,65.24702595844751
21.01726369999994,105.8360662999999,63.26485936032988
21.01726369999994,105.8363662999999,70.79853828113212
21.01726369999994,105.83666629999989,64.92113554932489
21.01726369999994,105.83696629999989,65.20227778376376
21.01726369999994,105.83726629999988,64.98886676927366
21.01726369999994,105.83756629999988,64.98886676927366
21.01726369999994,105.83786629999987,64.98886676927366
21.01726369999994,105.83816629999987,65.25421141260075
21.01726369999994,105.83846629999987,72.75594706440656
21.01726369999994,105.83876629999986,67.23238341672193
21.01726369999994,105.83906629999986,65.06481374818483
21.01726369999994,105.83936629999985,64.98886676927366
21.01726369999994,105.83966629999985,64.98886676927366
21.01726369999994,105.83996629999984,64.98886676927366
21.01726369999994,105.84026629999984,64.98886676927366
21.01726369999994,105.84056629999984,65.15638229217754
21.01726369999994,105.84086629999983,65.41454148135139
21.01726369999994,105.84116629999983,65.65278803154906
21.01726369999994,105.84146629999982,70.78411582033328
21.01726369999994,105.84176629999982,66.59965382412278
21.01726369999994,105.84206629999981,67.51936309116638
21.01726369999994,105.84236629999981,72.84564708971399
21.01726369999994,105.8426662999998,72.36402457017138
21.01726369999994,105.8429662999998,71.55582366102847
21.01726369999994,105.8432662999998,71.7601605324515
21.01726369999994,105.8435662999998,70.86742685102588
21.01726369999994,105.84386629999979,70.86917894623426
21.01726369999994,105.84416629999978,70.65910243099394
21.01726369999994,105.84446629999978,71.35680361694499
21.01726369999994,105.84476629999978,71.38022937898612
21.01726369999994,105.84506629999977,72.3256476109866
21.01726369999994,105.84536629999977,70.39693863203031
21.01726369999994,105.84566629999976,71.06969106422532
21.01726369999994,105.84596629999976,72.1744701196766
21.01726369999994,105.84626629999975,71.78458830676254
21.01726369999994,105.84656629999975,72.25969444143466
21.01726369999994,105.84686629999975,64.90429201594374
21.01726369999994,105.84716629999974,69.10375987620988
21.01726369999994,105.84746629999974,68.39203601995139
21.01726369999994,105.84776629999973,64.50048959170462
21.01726369999994,105.84806629999973,65.88131508870994
21.01726369999994,105.84836629999973,69.38176117365991
21.01726369999994,105.84866629999972,63.93709657739157
21.01726369999994,105.84896629999972,60.71718870470201
21.01726369999994,105.84926629999971,69.38390000789387
21.01726369999994,105.84956629999971,58.14556657781743
21.01726369999994,105.8498662999997,69.50012232693913
21.01726369999994,105.8501662999997,67.1438351858899
21.01726369999994,105.8504662999997,70.16470527003013
21.01726369999994,105.85076629999969,61.312909284769496
21.01726369999994,105.85106629999969,60.69338596909271
21.01726369999994,105.85136629999968,71.06542791367588
21.01726369999994,105.85166629999968,60.47908822843788
21.01726369999994,105.85196629999967,57.49241668968752
21.01726369999994,105.85226629999967,56.89479645163252
21.01726369999994,105.85256629999967,54.96255856804219
21.01726369999994,105.85286629999966,68.27803571641606
21.01726369999994,105.85316629999966,59.4143807660834
21.01726369999994,105.85346629999965,58.736332481354594
21.01726369999994,105.85376629999965,60.098838383413906
21.01726369999994,105.85406629999964,64.24760991769821
21.01726369999994,105.85436629999964,64.36554199924245
21.01726369999994,105.85466629999964,62.86752159099411
21.01726369999994,105.85496629999963,65.5654702881732
21.01726369999994,105.85526629999963,68.81621864052218
21.01726369999994,105.85556629999962,67.7044203290875
21.01726369999994,105.85586629999962,65.49073689233876
21.01726369999994,105.85616629999961,62.0916213636631
21.01726369999994,105.85646629999961,63.03242874383416
21.01726369999994,105.8567662999996,62.91787409708357
21.01726369999994,105.8570662999996,65.87968993699765
21.01726369999994,105.8573662999996,64.82092392655467
21.01726369999994,105.8576662999996,61.860789529537044
21.01756369999994,105.8291663,70.29391018253499
21.01756369999994,105.82946629999999,68.58310706352208
21.01756369999994,105.82976629999999,63.954217109656014
21.01756369999994,105.83006629999998,64.90186323102853
21.01756369999994,105.83036629999998,65.94250803334899
21.01756369999994,105.83066629999998,64.66393023476809
21.01756369999994,105.83096629999997,64.9482719244775
21.01756369999994,105.83126629999997,62.645354243629356
21.01756369999994,105.83156629999996,63.29632487358397
21.01756369999994,105.83186629999996,64.52944686468553
21.01756369999994,105.83216629999995,64.64299026791878
21.01756369999994,105.83246629999995,64.8826753794934
21.01756369999994,105.83276629999995,64.71397136508872
21.01756369999994,105.83306629999994,64.31073357963362
21.01756369999994,105.83336629999994,64.46645226195677
21.01756369999994,105.83366629999993,65.2240359189508
21.01756369999994,105.83396629999993,65.15638229217754
21.01756369999994,105.83426629999992,64.98886676927366
21.01756369999994,105.83456629999992,64.98886676927366
21.01756369999994,105.83486629999992,64.98886676927366
21.01756369999994,105.83516629999991,64.98886676927366
21.01756369999994,105.83546629999991,64.98886676927366
21.01756369999994,105.8357662999999,64.98886676927366
21.01756369999994,105.8360662999999,65.06481374818483
21.01756369999994,105.8363662999999,67.20276329608821
21.01756369999994,105.83666629999989,72.20194554744887
21.01756369999994,105.83696629999989,65.25421141260075
21.01756369999994,105.83726629999988,64.98886676927366
21.01756369999994,105.83756629999988,64.98886676927366
21.01756369999994,105.83786629999987,64.98886676927366
21.01756369999994,105.83816629999987,65.24702595844751
21.01756369999994,105.83846629999987,64.90826807717086
21.01756369999994,105.83876629999986,71.20886524701868
21.01756369999994,105.83906629999986,63.26485936032988
21.01756369999994,105.83936629999985,64.98886676927366
21.01756369999994,105.83966629999985,64.98886676927366
21.01756369999994,105.83996629999984,64.98886676927366
21.01756369999994,105.84026629999984,65.15638229217754
21.01756369999994,105.84056629999984,65.15638229217754
21.01756369999994,105.84086629999983,65.48219510812466
21.01756369999994,105.84116629999983,65.63992055939504
21.01756369999994,105.84146629999982,70.95386898072692
21.01756369999994,105.84176629999982,71.17533847776706
21.01756369999994,105.84206629999981,71.03762094960916
21.01756369999994,105.84236629999981,71.81418386924881
21.01756369999994,105.8426662999998,71.07969018677377
21.01756369999994,105.8429662999998,72.98909842761876
21.01756369999994,105.8432662999998,73.18836699316381
21.01756369999994,105.8435662999998,73.12071336639055
21.01756369999994,105.84386629999979,67.37027881899209
21.01756369999994,105.84416629999978,67.05567291689121
21.01756369999994,105.84446629999978,63.43237488323374
21.01756369999994,105.84476629999978,63.968465048362376
21.01756369999994,105.84506629999977,64.1678572469166
21.01756369999994,105.84536629999977,65.4217269355046
21.01756369999994,105.84566629999976,65.4217269355046
21.01756369999994,105.84596629999976,65.48938056227786
21.01756369999994,105.84626629999975,65.70384102905398
21.01756369999994,105.84656629999975,63.55613123996904
21.01756369999994,105.84686629999975,63.060373052631185
21.01756369999994,105.84716629999974,71.57444555637977
21.01756369999994,105.84746629999974,59.56905252430792
21.01756369999994,105.84776629999973,56.64370895835255
21.01756369999994,105.84806629999973,58.91383653429828
21.01756369999994,105.84836629999973,68.04471146538064
21.01756369999994,105.84866629999972,64.42420851561263
21.01756369999994,105.84896629999972,61.84439915566839
21.01756369999994,105.84926629999971,69.84644832770624
21.01756369999994,105.84956629999971,60.95796390489717
21.01756369999994,105.8498662999997,68.41815993126681
21.01756369999994,105.8501662999997,66.57549625893323
21.01756369999994,105.8504662999997,71.9643727599153
21.01756369999994,105.85076629999969,61.84847454727087
21.01756369999994,105.85106629999969,62.31558220452457
21.01756369999994,105.85136629999968,71.15489169867794
21.01756369999994,105.85166629999968,64.93512003092316
21.01756369999994,105.85196629999967,59.39215168678453
21.01756369999994,105.85226629999967,59.20179578916181
21.01756369999994,105.85256629999967,54.720920900104666
21.01756369999994,105.85286629999966,66.56083755032982
21.01756369999994,105.85316629999966,58.9956990871847
21.01756369999994,105.85346629999965,59.819088565081806
21.01756369999994,105.85376629999965,58.828384510330345
21.01756369999994,105.85406629999964,68.39606051293113
21.01756369999994,105.85436629999964,59.77452233682609
21.01756369999994,105.85466629999964,61.255371596421554
21.01756369999994,105.85496629999963,60.99625299758215
21.01756369999994,105.85526629999963,62.27031028436738
21.01756369999994,105.85556629999962,66.5767073537969
21.01756369999994,105.85586629999962,61.87909438439984
21.01756369999994,105.85616629999961,61.90555251829907
21.01756369999994,105.85646629999961,62.81672078240384
21.01756369999994,105.8567662999996,59.95997075520115
21.01756369999994,105.8570662999996,68.58273771976326
21.01756369999994,105.8573662999996,60.6098917980435
21.01756369999994,105.8576662999996,61.74289325214225
21.01786369999994,105.8291663,65.34008337290005
21.01786369999994,105.82946629999999,66.4613195759262
21.01786369999994,105.82976629999999,67.3500212597621
21.01786369999994,105.83006629999998,69.17363622442173
21.01786369999994,105.83036629999998,67.50444456281062
21.01786369999994,105.83066629999998,63.6038966651222
21.01786369999994,105.83096629999997,63.36374970873794
21.01786369999994,105.83126629999997,64.07496323925847
21.01786369999994,105.83156629999996,63.853339001462956
21.01786369999994,105.83186629999996,63.853339001462956
21.01786369999994,105.83216629999995,64.34876883756594
21.01786369999994,105.83246629999995,64.87321276255662
21.01786369999994,105.83276629999995,64.46645226195677
21.01786369999994,105.83306629999994,65.2240359189508
21.01786369999994,105.83336629999994,65.2240359189508
21.01786369999994,105.83366629999993,65.15638229217754
21.01786369999994,105.83396629999993,64.98886676927366
21.01786369999994,105.83426629999992,64.98886676927366
21.01786369999994,105.83456629999992,64.98886676927366
21.01786369999994,105.83486629999992,64.98886676927366
21.01786369999994,105.83516629999991,64.98886676927366
21.01786369999994,105.83546629999991,64.98886676927366
21.01786369999994,105.8357662999999,64.98886676927366
21.01786369999994,105.8360662999999,64.98886676927366
21.01786369999994,105.8363662999999,63.26485936032988
21.01786369999994,105.83666629999989,71.20886524701868
21.01786369999994,105.83696629999989,66.88815739398733
21.01786369999994,105.83726629999988,65.25421141260075
21.01786369999994,105.83756629999988,64.98886676927366
21.01786369999994,105.83786629999987,64.98886676927366
21.01786369999994,105.83816629999987,64.98886676927366
21.01786369999994,105.83846629999987,65.25421141260075
21.01786369999994,105.83876629999986,72.56828567411212
21.01786369999994,105.83906629999986,67.23238341672193
21.01786369999994,105.83936629999985,65.25916944431644
21.01786369999994,105.83966629999985,65.19308658222228
21.01786369999994,105.83996629999984,65.15638229217754
21.01786369999994,105.84026629999984,65.2240359189508
21.01786369999994,105.84056629999984,65.2240359189508
21.01786369999994,105.84086629999983,64.73916676823188
21.01786369999994,105.84116629999983,64.86147974386787
21.01786369999994,105.84146629999982,69.49580781459476
21.01786369999994,105.84176629999982,61.747576322166424
21.01786369999994,105.84206629999981,62.70687632989309
21.01786369999994,105.84236629999981,65.44402595177581
21.01786369999994,105.8426662999998,65.44402595177581
21.01786369999994,105.8429662999998,64.19015626318784
21.01786369999994,105.8432662999998,64.61246201001447
21.01786369999994,105.8435662999998,67.6525195476722
21.01786369999994,105.84386629999979,72.84791692032847
21.01786369999994,105.84416629999978,65.4539680866435
21.01786369999994,105.84446629999978,64.48100757905803
21.01786369999994,105.84476629999978,64.48100757905803
21.01786369999994,105.84506629999977,65.2240359189508
21.01786369999994,105.84536629999977,65.2240359189508
21.01786369999994,105.84566629999976,64.46645226195677
21.01786369999994,105.84596629999976,64.70844426532031
21.01786369999994,105.84626629999975,64.78418789541396
21.01786369999994,105.84656629999975,63.99287221072866
21.01786369999994,105.84686629999975,63.85149074475858
21.01786369999994,105.84716629999974,67.97062689704426
21.01786369999994,105.84746629999974,63.47066976035287
21.01786369999994,105.84776629999973,57.6942116220112
21.01786369999994,105.84806629999973,57.7425183446628
21.01786369999994,105.84836629999973,64.42885105328459
21.01786369999994,105.84866629999972,63.688277066623954
21.01786369999994,105.84896629999972,62.44268076725622
21.01786369999994,105.84926629999971,69.16969858114237
21.01786369999994,105.84956629999971,62.36628069523866
21.01786369999994,105.8498662999997,68.6977207316709
21.01786369999994,105.8501662999997,62.22034707901198
21.01786369999994,105.8504662999997,69.73762670175016
21.01786369999994,105.85076629999969,63.05785767695376
21.01786369999994,105.85106629999969,62.57046490918577
21.01786369999994,105.85136629999968,69.39853566143438
21.01786369999994,105.85166629999968,66.24411210765376
21.01786369999994,105.85196629999967,60.31394104783663
21.01786369999994,105.85226629999967,59.04300600171385
21.01786369999994,105.85256629999967,60.238719088897966
21.01786369999994,105.85286629999966,69.39336554372633
21.01786369999994,105.85316629999966,64.79149633838358
21.01786369999994,105.85346629999965,62.35817929490108
21.01786369999994,105.85376629999965,66.19611647236486
21.01786369999994,105.85406629999964,67.82679407308422
21.01786369999994,105.85436629999964,64.05385251429053
21.01786369999994,105.85466629999964,59.80831627542064
21.01786369999994,105.85496629999963,58.97198810883099
21.01786369999994,105.85526629999963,67.11896837507493
21.01786369999994,105.85556629999962,63.4996768965091
21.01786369999994,105.85586629999962,62.049276472366266
21.01786369999994,105.85616629999961,61.44402039280856
21.01786369999994,105.85646629999961,60.595285902468596
21.01786369999994,105.8567662999996,65.19257359604846
21.01786369999994,105.8570662999996,69.11301829213797
21.01786369999994,105.8573662999996,61.3775624414519
21.01786369999994,105.8576662999996,62.03244440385285
21.01816369999994,105.8291663,70.02965502260611
21.01816369999994,105.82946629999999,70.83287236982615
21.01816369999994,105.82976629999999,68.98124865389275
21.01816369999994,105.83006629999998,68.27725156099793
21.01816369999994,105.83036629999998,62.714328259494366
21.01816369999994,105.83066629999998,64.06331456150609
21.01816369999994,105.83096629999997,63.853339001462956
21.01816369999994,105.83126629999997,63.77354840795372
21.01816369999994,105.83156629999996,63.806431154807974
21.01816369999994,105.83186629999996,63.408720469121384
21.01816369999994,105.83216629999995,64.07531620221296
21.01816369999994,105.83246629999995,64.77425225914934
21.01816369999994,105.83276629999995,65.2240359189508
21.01816369999994,105.83306629999994,65.15638229217754
21.01816369999994,105.83336629999994,65.15638229217754
21.01816369999994,105.83366629999993,64.98886676927366
21.01816369999994,105.83396629999993,64.98886676927366
21.01816369999994,105.83426629999992,64.98886676927366
21.01816369999994,105.83456629999992,64.98886676927366
21.01816369999994,105.83486629999992,64.98886676927366
21.01816369999994,105.83516629999991,64.98886676927366
21.01816369999994,105.83546629999991,64.98886676927366
21.01816369999994,105.8357662999999,64.98886676927366
21.01816369999994,105.8360662999999,64.98886676927366
21.01816369999994,105.8363662999999,65.06481374818483
21.01816369999994,105.83666629999989,66.95627954108238
21.01816369999994,105.83696629999989,70.9398858659197
21.01816369999994,105.83726629999988,66.88815739398733
21.01816369999994,105.83756629999988,65.06481374818483
21.01816369999994,105.83786629999987,64.98886676927366
21.01816369999994,105.83816629999987,64.98886676927366
21.01816369999994,105.83846629999987,65.24702595844751
21.01816369999994,105.83876629999986,63.26485936032988
21.01816369999994,105.83906629999986,72.51330522900311
21.01816369999994,105.83936629999985,63.43237488323374
21.01816369999994,105.83966629999985,65.15638229217754
21.01816369999994,105.83996629999984,65.15638229217754
21.01816369999994,105.84026629999984,64.48100757905803
21.01816369999994,105.84056629999984,64.48100757905803
21.01816369999994,105.84086629999983,64.72461145113063
21.01816369999994,105.84116629999983,64.50881909369909
21.01816369999994,105.84146629999982,69.57643946308399
21.01816369999994,105.84176629999982,68.50005562680504
21.01816369999994,105.84206629999981,69.44017776626936
21.01816369999994,105.84236629999981,69.5251883656545
21.01816369999994,105.8426662999998,69.47007207785326
21.01816369999994,105.8429662999998,73.24995850947684
21.01816369999994,105.8432662999998,69.4772128634215
21.01816369999994,105.8435662999998,72.43612914772048
21.01816369999994,105.84386629999979,69.07760675713095
21.01816369999994,105.84416629999978,63.75744556969135
21.01816369999994,105.84446629999978,64.70844426532031
21.01816369999994,105.84476629999978,64.6187627493436
21.01816369999994,105.84506629999977,64.31073357963362
21.01816369999994,105.84536629999977,64.70844426532031
21.01816369999994,105.84566629999976,64.71397136508872
21.01816369999994,105.84596629999976,64.71397136508872
21.01816369999994,105.84626629999975,63.57504617673702
21.01816369999994,105.84656629999975,63.52868797279646
21.01816369999994,105.84686629999975,64.2598702143994
21.01816369999994,105.84716629999974,65.5769424873916
21.01816369999994,105.84746629999974,71.01271125316978
21.01816369999994,105.84776629999973,65.64261901218251
21.01816369999994,105.84806629999973,69.08233082328768
21.01816369999994,105.84836629999973,68.87578066515421
21.01816369999994,105.84866629999972,70.77547156254488
21.01816369999994,105.84896629999972,64.0710790950854
21.01816369999994,105.84926629999971,71.31041046069925
21.01816369999994,105.84956629999971,61.85884032954945
21.01816369999994,105.8498662999997,69.91790834800858
21.01816369999994,105.8501662999997,65.56152794551411
21.01816369999994,105.8504662999997,69.2758985251531
21.01816369999994,105.85076629999969,62.06971186565265
21.01816369999994,105.85106629999969,64.00525396225291
21.01816369999994,105.85136629999968,67.23304017539786
21.01816369999994,105.85166629999968,68.64682373571421
21.01816369999994,105.85196629999967,68.09653049652441
21.01816369999994,105.85226629999967,67.32108672448321
21.01816369999994,105.85256629999967,69.95266703687062
21.01816369999994,105.85286629999966,68.79351064934004
21.01816369999994,105.85316629999966,66.0046496619979
21.01816369999994,105.85346629999965,63.9827121965085
21.01816369999994,105.85376629999965,63.91992724341141
21.01816369999994,105.85406629999964,62.48645100618781
21.01816369999994,105.85436629999964,69.67716732240989
21.01816369999994,105.85466629999964,67.25191647867935
21.01816369999994,105.85496629999963,63.98959377951961
21.01816369999994,105.85526629999963,69.3266049525987
21.01816369999994,105.85556629999962,58.636586102363026
21.01816369999994,105.85586629999962,62.362062934454556
21.01816369999994,105.85616629999961,62.329482920112945
21.01816369999994,105.85646629999961,61.620044959008034
21.01816369999994,105.8567662999996,67.76775047367677
21.01816369999994,105.8570662999996,64.6881538964399
21.01816369999994,105.8573662999996,62.57421621577914
21.01816369999994,105.8576662999996,63.0025296612924
21.018463699999938,105.8291663,70.21652160724909
21.018463699999938,105.82946629999999,70.20195940338166
21.018463699999938,105.82976629999999,68.73389236378902
21.018463699999938,105.83006629999998,68.89446438143788
21.018463699999938,105.83036629999998,63.18163382729021
21.018463699999938,105.83066629999998,63.71674963883129
21.018463699999938,105.83096629999997,63.71674963883129
21.018463699999938,105.83126629999997,63.71674963883129
21.018463699999938,105.83156629999996,63.641897791666956
21.018463699999938,105.83186629999996,64.49065831364014
21.018463699999938,105.83216629999995,64.81834454210579
21.018463699999938,105.83246629999995,65.44962697226879
21.018463699999938,105.83276629999995,65.15638229217754
21.018463699999938,105.83306629999994,64.98886676927366
21.018463699999938,105.83336629999994,64.98886676927366
21.018463699999938,105.83366629999993,64.98886676927366
21.018463699999938,105.83396629999993,64.98886676927366
21.018463699999938,105.83426629999992,64.98886676927366
21.018463699999938,105.83456629999992,64.98886676927366
21.018463699999938,105.83486629999992,64.98886676927366
21.018463699999938,105.83516629999991,64.98886676927366
21.018463699999938,105.83546629999991,64.98886676927366
21.018463699999938,105.8357662999999,64.98886676927366
21.018463699999938,105.8360662999999,64.98886676927366
21.018463699999938,105.8363662999999,64.98886676927366
21.018463699999938,105.83666629999989,63.26485936032988
21.018463699999938,105.83696629999989,70.67648230390634
21.018463699999938,105.83726629999988,72.56610868836769
21.018463699999938,105.83756629999988,65.25421141260075
21.018463699999938,105.83786629999987,64.98886676927366
21.018463699999938,105.83816629999987,64.98886676927366
21.018463699999938,105.83846629999987,64.98886676927366
21.018463699999938,105.83876629999986,65.25421141260075
21.018463699999938,105.83906629999986,72.56828567411212
21.018463699999938,105.83936629999985,67.41462103304102
21.018463699999938,105.83966629999985,65.26457042222758
21.018463699999938,105.83996629999984,65.29998289786194
21.018463699999938,105.84026629999984,64.5215420823348
21.018463699999938,105.84056629999984,64.9545164891569
21.018463699999938,105.84086629999983,65.04419800513364
21.018463699999938,105.84116629999983,66.65572666519896
21.018463699999938,105.84146629999982,71.12924083019387
21.018463699999938,105.84176629999982,60.26838548780836
21.018463699999938,105.84206629999981,60.26838548780836
21.018463699999938,105.84236629999981,61.113978183944404
21.018463699999938,105.8426662999998,60.95691120665115
21.018463699999938,105.8429662999998,63.792433661960146
21.018463699999938,105.8432662999998,63.66299889397991
21.018463699999938,105.8435662999998,64.25354408198288
21.018463699999938,105.84386629999979,69.28666411568345
21.018463699999938,105.84416629999978,63.326260543787946
21.018463699999938,105.84446629999978,63.82354271127396
21.018463699999938,105.84476629999978,63.49118195037006
21.018463699999938,105.84506629999977,64.90433782226314
21.018463699999938,105.84536629999977,64.18882102198937
21.018463699999938,105.84566629999976,64.18882102198937
21.018463699999938,105.84596629999976,63.52016761130634
21.018463699999938,105.84626629999975,64.19617235787463
21.018463699999938,105.84656629999975,63.03242874383416
21.018463699999938,105.84686629999975,60.547456807841016
21.018463699999938,105.84716629999974,59.10828834956208
21.018463699999938,105.84746629999974,69.22298813064387
21.018463699999938,105.84776629999973,65.19213089268469
21.018463699999938,105.84806629999973,65.6389802150549
21.018463699999938,105.84836629999973,61.72057722112977
21.018463699999938,105.84866629999972,65.33040340563396
21.018463699999938,105.84896629999972,70.89866949188533
21.018463699999938,105.84926629999971,69.33469264534133
21.018463699999938,105.84956629999971,65.08500649817287
21.018463699999938,105.8498662999997,70.08755244649466
21.018463699999938,105.8501662999997,69.33912890462751
21.018463699999938,105.8504662999997,69.9520948997612
21.018463699999938,105.85076629999969,70.68120396640857
21.018463699999938,105.85106629999969,72.41686386038126
21.018463699999938,105.85136629999968,69.44979391697083
21.018463699999938,105.85166629999968,68.43769558135264
21.018463699999938,105.85196629999967,60.19418303172259
21.018463699999938,105.85226629999967,59.43301139501852
21.018463699999938,105.85256629999967,57.60456391666466
21.018463699999938,105.85286629999966,59.3531655527954
21.018463699999938,105.85316629999966,58.69386147258094
21.018463699999938,105.85346629999965,60.55351445746397
21.018463699999938,105.85376629999965,59.8785657338401
21.018463699999938,105.85406629999964,58.85560985423152
21.018463699999938,105.85436629999964,65.7417655018953
21.018463699999938,105.85466629999964,68.56465597963489
21.018463699999938,105.85496629999963,70.39245482793712
21.018463699999938,105.85526629999963,68.54851874333511
21.018463699999938,105.85556629999962,69.42274869607162
21.018463699999938,105.85586629999962,66.75105602097888
21.018463699999938,105.85616629999961,68.71849277000643
21.018463699999938,105.85646629999961,64.82070400659241
21.018463699999938,105.8567662999996,68.48282220019503
21.018463699999938,105.8570662999996,61.87247973242485
21.018463699999938,105.8573662999996,61.47337160830073
21.018463699999938,105.8576662999996,62.03244440385285
21.018763699999937,105.8291663,69.47965538599173
21.018763699999937,105.82946629999999,68.37801655446698
21.018763699999937,105.82976629999999,68.18086328057939
21.018763699999937,105.83006629999998,70.61553856319819
21.018763699999937,105.83036629999998,64.71056856108615
21.018763699999937,105.83066629999998,63.87823319305661
21.018763699999937,105.83096629999997,63.408720469121384
21.018763699999937,105.83126629999997,63.641897791666956
21.018763699999937,105.83156629999996,64.49065831364014
21.018763699999937,105.83186629999996,64.82016254840889
21.018763699999937,105.83216629999995,64.69403570067088
21.018763699999937,105.83246629999995,65.15638229217754
21.018763699999937,105.83276629999995,64.98886676927366
21.018763699999937,105.83306629999994,64.98886676927366
21.018763699999937,105.83336629999994,64.98886676927366
21.018763699999937,105.83366629999993,64.98886676927366
21.018763699999937,105.83396629999993,64.98886676927366
21.018763699999937,105.83426629999992,64.98886676927366
21.018763699999937,105.83456629999992,64.98886676927366
21.018763699999937,105.83486629999992,64.98886676927366
21.018763699999937,105.83516629999991,64.98886676927366
21.018763699999937,105.83546629999991,64.98886676927366
21.018763699999937,105.8357662999999,64.98886676927366
21.018763699999937,105.8360662999999,64.98886676927366
21.018763699999937,105.8363662999999,64.98886676927366
21.018763699999937,105.83666629999989,65.06481374818483
21.018763699999937,105.83696629999989,65.25421141260075
21.018763699999937,105.83726629999988,65.25421141260075
21.018763699999937,105.83756629999988,65.20227778376376
21.018763699999937,105.83786629999987,64.98886676927366
21.018763699999937,105.83816629999987,64.98886676927366
21.018763699999937,105.83846629999987,64.98886676927366
21.018763699999937,105.83876629999986,65.36979330666765
21.018763699999937,105.83906629999986,65.08865107222877
21.018763699999937,105.83936629999985,71.36052327857426
21.018763699999937,105.83966629999985,67.07826600756896
21.018763699999937,105.83996629999984,67.402519970131
21.018763699999937,105.84026629999984,67.4417583496073
21.018763699999937,105.84056629999984,70.54952111432924
21.018763699999937,105.84086629999983,69.2995103627746
21.018763699999937,105.84116629999983,66.96212271002712
21.018763699999937,105.84146629999982,69.3566065708305
21.018763699999937,105.84176629999982,69.26772636468027
21.018763699999937,105.84206629999981,67.33699375540826
21.018763699999937,105.84236629999981,69.34193256215835
21.018763699999937,105.8426662999998,70.16154797252564
21.018763699999937,105.8429662999998,70.28375081578508
21.018763699999937,105.8432662999998,69.97177998088776
21.018763699999937,105.8435662999998,70.08085287835505
21.018763699999937,105.84386629999979,70.53378423593077
21.018763699999937,105.84416629999978,64.96303401257101
21.018763699999937,105.84446629999978,64.2598702143994
21.018763699999937,105.84476629999978,63.03242874383416
21.018763699999937,105.84506629999977,62.84780481045273
21.018763699999937,105.84536629999977,62.81672078240384
21.018763699999937,105.84566629999976,60.546009804291856
21.018763699999937,105.84596629999976,62.84780481045273
21.018763699999937,105.84626629999975,62.81672078240384
21.018763699999937,105.84656629999975,62.81672078240384
21.018763699999937,105.84686629999975,60.90466177209787
21.018763699999937,105.84716629999974,59.89527848748662
21.018763699999937,105.84746629999974,69.35973151561159
21.018763699999937,105.84776629999973,65.0831143720601
21.018763699999937,105.84806629999973,61.07203269225563
21.018763699999937,105.84836629999973,66.58355562464729
21.018763699999937,105.84866629999972,69.38911326762785
21.018763699999937,105.84896629999972,70.86210671242198
21.018763699999937,105.84926629999971,69.09481469214717
21.018763699999937,105.84956629999971,71.21778946443013
21.018763699999937,105.8498662999997,69.70158276283766
21.018763699999937,105.8501662999997,67.12057572141353
21.018763699999937,105.8504662999997,64.21377960718607
21.018763699999937,105.85076629999969,61.74459660852775
21.018763699999937,105.85106629999969,62.47744233044797
21.018763699999937,105.85136629999968,60.40289178050402
21.018763699999937,105.85166629999968,69.24545918051005
21.018763699999937,105.85196629999967,61.21029821436527
21.018763699999937,105.85226629999967,59.5594373912196
21.018763699999937,105.85256629999967,57.747496251044645
21.018763699999937,105.85286629999966,59.16714647216411
21.018763699999937,105.85316629999966,61.31486534432694
21.018763699999937,105.85346629999965,61.06021085671192
21.018763699999937,105.85376629999965,64.44553802891086
21.018763699999937,105.85406629999964,71.95415570129194
21.018763699999937,105.85436629999964,67.82122370151062
21.018763699999937,105.85466629999964,63.311698620838044
21.018763699999937,105.85496629999963,62.411608559334795
21.018763699999937,105.85526629999963,61.74453769494625
21.018763699999937,105.85556629999962,60.65147133744134
21.018763699999937,105.85586629999962,60.56634188561335
21.018763699999937,105.85616629999961,64.77219441244951
21.018763699999937,105.85646629999961,64.70679833718336
21.018763699999937,105.8567662999996,69.990849914114
21.018763699999937,105.8570662999996,61.37903894972841
21.018763699999937,105.8573662999996,61.47337160830073
21.018763699999937,105.8576662999996,63.0025296612924
