tree
version=v4
num_class=1
num_tree_per_iteration=1
label_index=0
max_feature_idx=7
objective=regression
feature_names=built_area_ratio road_density_km_km2 intersection_count dist_highway_m dist_residential_m hour_sin hour_cos is_weekend
feature_infos=[0.047988858876820036:0.69667003521115689] [13.599845500455372:53.744066381944329] [8:52] [0.081471073361213731:575.74161169229637] [0.028287278589064584:145.63966365702353] [-1:1] [-1:0.70710678118654735] [0:1]
tree_sizes=743 763 746 751 733 735 764 745 745 735 765 752 736 750 782 754 745 770 745 768 735 746 771 749 787 757 751 803 748 756 769 749 803 783 743 807 741 764 780 746 782 772 733 789 759 765 780 754 760 745 801 750 790 733 749 745 801 748 787 752 751 768 730 766 754 751 770 772 739 737 783 782 780 786 771 772 752 785 767 798 780 765 773 749 765 784 807 770 740 763 787 775 783 792 765 768 771 789 740 786 834 768 793 800 757 771 796 775 785 792 774 794 772 783 798 789 771 803 797 787 817 757 783 799 799 770 786 786 732 800 799 806 803 800 793 807 759 786 771 785 763 771 768 793 786 791 803 768 773 791 786 754 807 792 800 820 784 788 833 771 799 811 800 768 773 772 777 800 792 805 797 804 793 786 823 803 792 789 786 789 768 769 833 788 754 822 788 770 807 773 770 790 793 771 781 758 773 772 800 805 785 791 817 769 797 770 809 787 796 806 775 809 763 771 794 802 815 803 790 782 790 817 770 766 808 772 791 813 790 756 800 805 766 827 807 817 772 767 801 799 801 785 765 789 817 791 781 774 767 803 803 793 815 792 804 786 814 825 781 784 800 769 752 806 814 803 826 792 781 767 795 769 802 784 803 761 806 782 791 821 808 808 784 815 820 809 813 804 803 793 805 801 831 783 818 775 810 767 789 811

Tree=0
num_leaves=7
num_cat=0
split_feature=7 6 0 3 5 3
split_gain=1694.99 660.973 465.013 987.42 797.365 325.46
threshold=1.0000000180025095e-35 -0.60355339059327406 0.1915869478148958 134.20392424568931 0.12940952255126059 5.7414681043438813
decision_type=2 2 2 2 2 2
left_child=1 2 3 -1 -4 -3
right_child=-2 5 4 -5 -6 -7
leaf_value=0.082390132976545474 -0.29091717906722148 -0.065458099264507866 0.23182034530444917 -0.25430670611330497 -0.20279649420347601 0.12869569868915287
leaf_weight=38 44 25 31 51 15.999999999999998 158
leaf_count=38 44 25 31 51 16 158
internal_value=-4.99426e-08 0.0401265 -0.0433613 -0.110549 0.0838657 0.102172
internal_weight=363 319 136 89 47 183
internal_count=363 319 136 89 47 183
is_linear=0
shrinkage=1


Tree=1
num_leaves=7
num_cat=0
split_feature=7 0 3 1 1 5
split_gain=1529.73 603.221 587.536 787.527 448.617 297.158
threshold=1.0000000180025095e-35 0.18430426923396026 60.301072436875053 23.799386928528733 23.229002716043073 0.68301270189221941
decision_type=2 2 2 2 2 2
left_child=1 2 -1 -4 -3 -2
right_child=5 4 3 -5 -6 -7
leaf_value=0.087927256464958192 -0.051311462169343784 -0.049924717417785099 0.28265909433364866 -0.19256195251638181 0.1350901597723265 -0.35139120135343438
leaf_weight=50 10.999999999999998 42 9.9999999999999982 68 149 33
leaf_count=50 11 42 10 68 149 33
internal_value=2.59359e-09 0.0381202 -0.0458692 -0.131636 0.0944063 -0.276371
internal_weight=363 319 128 78 191 44
internal_count=363 319 128 78 191 44
is_linear=0
shrinkage=0.05


Tree=2
num_leaves=7
num_cat=0
split_feature=7 6 5 0 3 4
split_gain=1380.58 559.324 406.542 743.185 725.487 312.921
threshold=1.0000000180025095e-35 -0.60355339059327406 0.12940952255126059 0.20208480414887928 134.20392424568931 4.934106402004792
decision_type=2 2 2 2 2 2
left_child=1 2 3 4 -1 -6
right_child=-2 -3 -4 -5 5 -7
leaf_value=0.11951176663239799 -0.26255271211689846 0.093289720646711316 -0.17451014837715775 0.24966121006011963 -0.012224668264389039 -0.30351968385555128
leaf_weight=30 44 183 40 25 13.999999999999998 27
leaf_count=30 44 183 40 25 14 27
internal_value=1.12374e-10 0.0362142 -0.040586 0.0152157 -0.0673355 -0.204053
internal_weight=363 319 136 96 71 41
internal_count=363 319 136 96 71 41
is_linear=0
shrinkage=0.05


Tree=3
num_leaves=7
num_cat=0
split_feature=7 0 5 3 0 1
split_gain=1245.97 515.212 351.691 297.994 481.177 517.631
threshold=1.0000000180025095e-35 0.42313774298843893 -0.78656609248549292 219.93928153224729 0.17308977043471593 32.282707802799457
decision_type=2 2 2 2 2 2
left_child=1 2 -1 -4 5 -5
right_child=-2 -3 3 4 -6 -7
leaf_value=0.10070001664230738 -0.24942507174882023 0.22470118062337863 0.030461000746641403 -0.070453186333179471 0.012977057452104529 -0.44078288748860361
leaf_weight=82 44 32 117 23 49 15.999999999999998
leaf_count=82 44 32 117 23 49 16
internal_value=-1.63995e-09 0.0344035 0.0131856 -0.0218202 -0.0913304 -0.222383
internal_weight=363 319 287 205 88 39
internal_count=363 319 287 205 88 39
is_linear=0
shrinkage=0.05


Tree=4
num_leaves=7
num_cat=0
split_feature=7 0 5 3 0 1
split_gain=1124.49 465.109 308.047 282.118 440.387 361.205
threshold=1.0000000180025095e-35 0.44399541217732608 -0.78656609248549292 219.93928153224729 0.19008315490224972 32.282707802799457
decision_type=2 2 2 2 2 2
left_child=1 2 -1 -4 5 -5
right_child=-2 -3 3 4 -6 -7
leaf_value=0.095665017306441225 -0.2369538154283708 0.22360363741373193 0.031101257329185807 -0.070705441186825438 0.04455593615971707 -0.34107741827056526
leaf_weight=82 44 29 120 30 37 21
leaf_count=82 44 29 120 30 37 21
internal_value=1.44188e-09 0.0326833 0.0135913 -0.0187648 -0.0867639 -0.182035
internal_weight=363 319 290 208 88 51
internal_count=363 319 290 208 88 51
is_linear=0
shrinkage=0.05


Tree=5
num_leaves=7
num_cat=0
split_feature=7 0 5 1 3 5
split_gain=1014.85 421.578 320.231 478.278 320.687 293.662
threshold=1.0000000180025095e-35 0.42313774298843893 0.12940952255126059 36.278699160909532 160.33762563655083 0.68301270189221941
decision_type=2 2 2 2 2 2
left_child=1 2 3 -1 -5 -4
right_child=-2 -3 5 4 -6 -7
leaf_value=0.10659938419014217 -0.22510612612717196 0.20318829354364426 -0.16363833996467292 0.059764730930328372 -0.18459989767650078 0.0070960808545351035
leaf_weight=125 44 32 40 25 29 68
leaf_count=125 44 32 40 25 29 68
internal_value=2.12947e-11 0.0310491 0.0118559 0.0528807 -0.0714681 -0.0561389
internal_weight=363 319 287 179 54 108
internal_count=363 319 287 179 54 108
is_linear=0
shrinkage=0.05


Tree=6
num_leaves=7
num_cat=0
split_feature=7 0 3 1 1 5
split_gain=915.905 396.397 413.53 617.927 375.589 268.185
threshold=1.0000000180025095e-35 0.18430426923396026 60.301072436875053 23.799386928528733 23.229002716043073 0.68301270189221941
decision_type=2 2 2 2 2 2
left_child=1 2 -1 -4 -3 -2
right_child=5 4 3 -5 -6 -7
leaf_value=0.073660177357494833 -4.4003129005432129e-05 -0.05693772813704398 0.25644036427140238 -0.16451060197809164 0.11234986101145912 -0.28511976060090644
leaf_weight=50 10.999999999999998 42 9.9999999999999982 68 149 33
leaf_count=50 11 42 10 68 149 33
internal_value=4.15375e-10 0.0294967 -0.0385883 -0.110543 0.0751243 -0.213851
internal_weight=363 319 128 78 191 44
internal_count=363 319 128 78 191 44
is_linear=0
shrinkage=0.05


Tree=7
num_leaves=7
num_cat=0
split_feature=7 0 5 1 3 5
split_gain=826.604 365.338 268.945 415.581 281.034 278.062
threshold=1.0000000180025095e-35 0.44399541217732608 0.12940952255126059 36.278699160909532 266.17414413516423 -0.3794095225512602
decision_type=2 2 2 2 2 2
left_child=1 2 3 4 5 -1
right_child=-2 -3 -4 -5 -6 -7
leaf_value=0.121689418126203 -0.20315828587521209 0.19723029886854107 -0.050044922859550603 -0.066894048245416754 0.011710312062839293 0.39480449963699688
leaf_weight=61 44 29 111 54 53 10.999999999999998
leaf_count=61 44 29 111 54 53 11
internal_value=-1.1376e-09 0.0280218 0.011101 0.0490183 0.0990924 0.163415
internal_weight=363 319 290 179 125 72
internal_count=363 319 290 179 125 72
is_linear=0
shrinkage=0.05


Tree=8
num_leaves=7
num_cat=0
split_feature=7 6 5 0 3 4
split_gain=746.01 345.117 314.419 544.38 526.103 285.972
threshold=1.0000000180025095e-35 -0.60355339059327406 0.12940952255126059 0.20208480414887928 90.750128147948075 3.6614854674731685
decision_type=2 2 2 2 2 2
left_child=1 2 3 4 -1 -6
right_child=-2 -3 -4 -5 5 -7
leaf_value=0.13518174152510862 -0.19300036851147362 0.071454152701005261 -0.15148359263781461 0.21601967668533326 0.084692887067794806 -0.21666303631421685
leaf_weight=24 44 183 40 25 9.9999999999999982 37
leaf_count=24 44 183 40 25 10 37
internal_value=7.30177e-10 0.0266207 -0.0337066 0.0153672 -0.0552851 -0.152545
internal_weight=363 319 136 96 71 47
internal_count=363 319 136 96 71 47
is_linear=0
shrinkage=0.05


Tree=9
num_leaves=7
num_cat=0
split_feature=7 0 5 1 3 3
split_gain=673.274 321.717 246.256 351.851 251.291 244.144
threshold=1.0000000180025095e-35 0.42313774298843893 0.12940952255126059 36.278699160909532 160.33762563655083 266.17414413516423
decision_type=2 2 2 2 2 2
left_child=1 2 3 5 -5 -1
right_child=-2 -3 -4 4 -6 -7
leaf_value=0.15052643086140355 -0.18335034706714481 0.17566529428586364 -0.051103105137331621 0.054012926638126374 -0.16230206176124773 0.009128203411709588
leaf_weight=72 44 32 108 25 29 53
leaf_count=72 44 32 108 25 29 53
internal_value=-8.51788e-11 0.0252897 0.00852309 0.0444987 -0.0621562 0.0905736
internal_weight=363 319 287 179 54 125
internal_count=363 319 287 179 54 125
is_linear=0
shrinkage=0.05


Tree=10
num_leaves=7
num_cat=0
split_feature=7 0 1 3 1 5
split_gain=607.63 301.323 323.098 314.302 521.068 242.037
threshold=1.0000000180025095e-35 0.18430426923396026 23.898154912944751 60.301072436875053 23.799386928528733 0.68301270189221941
decision_type=2 2 2 2 2 2
left_child=1 3 -3 -1 -5 -2
right_child=5 2 -4 4 -6 -7
leaf_value=0.062523165550082929 0.028933643211017959 -0.038454099521040924 0.10516188451472451 0.23892966851592068 -0.14762428681201795 -0.24188832313273895
leaf_weight=50 10.999999999999998 55 136 9.9999999999999982 68 33
leaf_count=50 11 55 136 10 68 33
internal_value=-8.49223e-10 0.0240252 0.0638065 -0.0353359 -0.0980661 -0.174183
internal_weight=363 319 191 128 78 44
internal_count=363 319 191 128 78 44
is_linear=0
shrinkage=0.05


Tree=11
num_leaves=7
num_cat=0
split_feature=7 0 5 5 2 0
split_gain=548.386 279.198 218.438 205.848 312.258 274.694
threshold=1.0000000180025095e-35 0.44399541217732608 0.68301270189221941 0.12940952255126059 32.500000000000007 0.17308977043471593
decision_type=2 2 2 2 2 2
left_child=1 3 -2 4 -1 -6
right_child=2 -3 -4 -5 5 -7
leaf_value=0.098582452092794523 0.027486961538141425 0.17074517299389017 -0.22979390749877152 -0.045462668328000617 -0.14100769654957249 0.049173030465148218
leaf_weight=102 10.999999999999998 29 33 111 34 43
leaf_count=102 11 29 33 111 34 43
internal_value=5.5828e-10 0.022824 -0.165474 0.00803184 0.0412044 -0.0348029
internal_weight=363 319 44 290 179 77
internal_count=363 319 44 290 179 77
is_linear=0
shrinkage=0.05


Tree=12
num_leaves=7
num_cat=0
split_feature=7 6 1 5 3 0
split_gain=494.919 259.341 265.344 378.707 312.395 582.189
threshold=1.0000000180025095e-35 -0.60355339059327406 42.233037606540698 0.12940952255126059 62.211178685661871 0.1915869478148958
decision_type=2 2 2 2 2 2
left_child=1 2 3 4 -1 -6
right_child=-2 -3 -4 -5 5 -7
leaf_value=0.24143580504589612 -0.15720000630032949 0.060547319676503134 -0.21539249490289128 -0.13196589344969165 -0.13880619557969498 0.16826699026699724
leaf_weight=18 44 183 17 39 33 29
leaf_count=18 44 183 17 39 33 29
internal_value=-7.70971e-10 0.0216828 -0.0306129 -0.00421586 0.0580623 0.00482481
internal_weight=363 319 136 119 80 62
internal_count=363 319 136 119 80 62
is_linear=0
shrinkage=0.05


Tree=13
num_leaves=7
num_cat=0
split_feature=7 0 4 5 2 3
split_gain=446.664 245.54 200.605 188.253 265.415 238.531
threshold=1.0000000180025095e-35 0.42313774298843893 10.457150575620117 0.12940952255126059 32.500000000000007 160.33762563655083
decision_type=2 2 2 2 2 2
left_child=1 3 -2 4 -1 -6
right_child=2 -3 -4 -5 5 -7
leaf_value=0.090305094193101079 -0.32368067987263205 0.15197038016049191 -0.083962249383330356 -0.046182356322943062 0.077481162895758959 -0.10297769989739075
leaf_weight=102 11.999999999999998 32 32 108 30 47
leaf_count=102 12 32 32 108 30 47
internal_value=3.93695e-10 0.0205986 -0.14934 0.0059509 0.0374056 -0.0326691
internal_weight=363 319 44 287 179 77
internal_count=363 319 44 287 179 77
is_linear=0
shrinkage=0.05


Tree=14
num_leaves=7
num_cat=0
split_feature=7 0 5 3 1 0
split_gain=403.114 222.375 192.481 170.812 253.991 337.833
threshold=1.0000000180025095e-35 0.44399541217732608 0.68301270189221941 260.91682882530574 32.282707802799457 0.17308977043471593
decision_type=2 2 2 2 2 2
left_child=1 3 -2 -1 -5 -6
right_child=2 -3 -4 4 5 -7
leaf_value=0.036365189713736375 0.039260358431122522 0.1515820295646273 -0.20225079274651681 0.0048737221303148358 -0.3344797479112942 -0.0041892906650900846
leaf_weight=180 10.999999999999998 29 33 79 15.000000000000002 15.999999999999998
leaf_count=180 11 29 33 79 15 16
internal_value=-9.10798e-11 0.0195687 -0.141873 0.00636736 -0.04272 -0.164007
internal_weight=363 319 44 290 110 31
internal_count=363 319 44 290 110 31
is_linear=0
shrinkage=0.05


Tree=15
num_leaves=7
num_cat=0
split_feature=7 6 3 6 1 5
split_gain=363.811 205.781 246.76 244.518 228.864 334.829
threshold=1.0000000180025095e-35 -0.60355339059327406 5.7414681043438813 0.25881904510252057 42.233037606540698 0.12940952255126059
decision_type=2 2 2 2 2 2
left_child=1 4 -3 -4 5 -1
right_child=-2 2 3 -5 -6 -7
leaf_value=0.055081367092207081 -0.13477935306727887 -0.092752462208271033 0.092473423508675517 -0.162986900806427 -0.19960173429811703 -0.12359934078577238
leaf_weight=80 44 25 148 9.9999999999999982 17 39
leaf_count=80 44 25 148 10 17 39
internal_value=4.81312e-10 0.0185903 0.0532098 0.076305 -0.0279933 -0.00347786
internal_weight=363 319 183 158 136 119
internal_count=363 319 183 158 136 119
is_linear=0
shrinkage=0.05


Tree=16
num_leaves=7
num_cat=0
split_feature=0 3 0 1 5 0
split_gain=342.417 364.246 336.274 252.536 246.69 155.56
threshold=0.18430426923396026 60.301072436875053 0.11091051342035599 26.085739572378152 0.12940952255126059 0.17308977043471593
decision_type=2 2 2 2 2 2
left_child=1 -1 -3 4 -2 -4
right_child=3 2 5 -5 -6 -7
leaf_value=0.050521714783584082 0.075030399861861954 0.10990074778596559 -0.18319719439262855 0.085290603059553369 -0.10831383847913077 -0.030238186500289223
leaf_weight=54 32 14.999999999999998 68 129 43 22
leaf_count=54 32 15 68 129 43 22
internal_value=8.00476e-11 -0.0550061 -0.109278 0.0428724 -0.030087 -0.145807
internal_weight=363 159 105 204 75 90
internal_count=363 159 105 204 75 90
is_linear=0
shrinkage=0.05


Tree=17
num_leaves=7
num_cat=0
split_feature=7 0 5 5 1 3
split_gain=315.918 186.838 173.18 149.758 211.658 191.714
threshold=1.0000000180025095e-35 0.42313774298843893 0.68301270189221941 0.12940952255126059 36.278699160909532 6.4227718483374332
decision_type=2 2 2 2 2 2
left_child=1 3 -2 4 -1 -5
right_child=2 -3 -4 5 -6 -7
leaf_value=0.068336793454736464 0.046216564151373783 0.13192043555900454 -0.18286578707171208 -0.21457005270889828 -0.050120494062839839 -0.016243372728770716
leaf_weight=125 10.999999999999998 32 33 13.999999999999998 54 94
leaf_count=125 11 32 33 14 54 94
internal_value=-2.80423e-10 0.0173235 -0.125595 0.00454611 0.0326011 -0.0419524
internal_weight=363 319 44 287 179 108
internal_count=363 319 44 287 179 108
is_linear=0
shrinkage=0.05


Tree=18
num_leaves=7
num_cat=0
split_feature=0 3 0 1 5 3
split_gain=292.72 324.779 306.486 222.438 207.036 143.387
threshold=0.18430426923396026 60.301072436875053 0.11091051342035599 26.085739572378152 0.12940952255126059 368.97129477308232
decision_type=2 2 2 2 2 2
left_child=1 -1 -3 4 -2 -4
right_child=3 2 5 -5 -6 -7
leaf_value=0.048788825877838671 0.067464644322171807 0.10714065899451575 -0.17829479972521467 0.079449556817755451 -0.10049869092397912 -0.040575987438636801
leaf_weight=54 32 14.999999999999998 63 129 43 27
leaf_count=54 32 15 63 129 43 27
internal_value=4.87213e-10 -0.050858 -0.102105 0.0396393 -0.0288343 -0.136979
internal_weight=363 159 105 204 75 90
internal_count=363 159 105 204 75 90
is_linear=0
shrinkage=0.05


Tree=19
num_leaves=7
num_cat=0
split_feature=7 0 4 3 3 2
split_gain=275.092 162.73 158.534 141.657 208.278 209.265
threshold=1.0000000180025095e-35 0.42313774298843893 10.457150575620117 260.91682882530574 5.7414681043438813 43.500000000000007
decision_type=2 2 2 2 2 2
left_child=1 3 -2 4 -1 -6
right_child=2 -3 -4 -5 5 -7
leaf_value=-0.08812823928892613 -0.27218387996157012 0.12311385748907924 -0.059079899263451807 -0.040318508429283445 0.074221600735629042 -0.14365941658616066
leaf_weight=30 11.999999999999998 32 32 110 135 11.999999999999998
leaf_count=30 12 32 32 110 135 12
internal_value=2.70161e-10 0.0161654 -0.117199 0.00424084 0.0319331 0.0564354
internal_weight=363 319 44 287 177 147
internal_count=363 319 44 287 177 147
is_linear=0
shrinkage=0.05


Tree=20
num_leaves=7
num_cat=0
split_feature=5 0 6 2 2 3
split_gain=255.343 235.849 424.87 195.603 206.086 191.937
threshold=0.12940952255126059 0.33675979141878626 1.0000000180025095e-35 32.500000000000007 29.500000000000004 60.301072436875053
decision_type=2 2 2 2 2 2
left_child=3 2 -2 4 -1 -5
right_child=1 -3 -4 5 -6 -7
leaf_value=0.047281468149055456 -0.039730338632850158 0.076622219773178749 -0.30627655720009522 0.1196316714349546 0.21319911790390811 -0.062360248360477516
leaf_weight=85 124 33 17 19 24 61
leaf_count=85 124 33 17 19 24 61
internal_value=5.31085e-11 -0.0437053 -0.0718671 0.0402367 0.0838138 -0.0191372
internal_weight=363 174 141 189 109 80
internal_count=363 174 141 189 109 80
is_linear=0
shrinkage=0.05


Tree=21
num_leaves=7
num_cat=0
split_feature=0 3 0 3 3 5
split_gain=241.114 265.056 272.315 198.185 161.287 155.597
threshold=0.18430426923396026 60.301072436875053 0.11091051342035599 76.024733381852158 124.11595228024872 0.12940952255126059
decision_type=2 2 2 2 2 2
left_child=1 -1 -3 5 -5 -2
right_child=3 2 -4 4 -6 -7
leaf_value=0.0438620711642283 0.05044034837628715 0.10478273100219666 -0.12532637947963343 0.19090547805482694 0.044266266196482183 -0.11913624434701858
leaf_weight=54 24 14.999999999999998 90 22 127 31
leaf_count=54 24 15 90 22 127 31
internal_value=-6.46923e-10 -0.0461577 -0.0924536 0.0359759 0.0659177 -0.0451392
internal_weight=363 159 105 204 149 55
internal_count=363 159 105 204 149 55
is_linear=0
shrinkage=0.05


Tree=22
num_leaves=7
num_cat=0
split_feature=5 0 6 1 0 5
split_gain=223.1 202.008 379.259 174.347 176.003 117.623
threshold=0.12940952255126059 0.33675979141878626 1.0000000180025095e-35 43.171769130360381 0.16531552498450866 0.68301270189221941
decision_type=2 2 2 2 2 2
left_child=3 2 5 -1 -5 -2
right_child=1 -3 -4 4 -6 -7
leaf_value=0.054589161488582338 -0.097829496930353352 0.070508011910274171 -0.28838596291401808 -0.25003375351428975 0.039796395464376973 0.0021475147112811868
leaf_weight=168 48 33 17 10.000000000000002 10.999999999999998 76
leaf_count=168 48 33 17 10 11 76
internal_value=6.44485e-10 -0.0408529 -0.0669161 0.0376106 -0.098218 -0.0365533
internal_weight=363 174 141 189 21 124
internal_count=363 174 141 189 21 124
is_linear=0
shrinkage=0.05


Tree=23
num_leaves=7
num_cat=0
split_feature=0 3 0 1 5 3
split_gain=205.828 235.762 241.756 177.211 152.464 124.765
threshold=0.18430426923396026 60.301072436875053 0.11091051342035599 26.085739572378152 0.12940952255126059 368.97129477308232
decision_type=2 2 2 2 2 2
left_child=1 -1 -3 4 -2 -4
right_child=3 2 5 -5 -6 -7
leaf_value=0.042252953212570263 0.05476033899467439 0.099530635854850225 -0.15582230100556027 0.068772750786801645 -0.089376403772553736 -0.027357198525634077
leaf_weight=54 32 14.999999999999998 63 129 43 27
leaf_count=54 32 15 63 129 43 27
internal_value=6.85022e-11 -0.0426467 -0.0863094 0.0332394 -0.0278781 -0.117283
internal_weight=363 159 105 204 75 90
internal_count=363 159 105 204 75 90
is_linear=0
shrinkage=0.05


Tree=24
num_leaves=7
num_cat=0
split_feature=7 5 3 6 6 3
split_gain=195.883 143.383 130.631 170.902 201.265 170.038
threshold=1.0000000180025095e-35 0.68301270189221941 5.7414681043438813 -0.60355339059327406 0.25881904510252057 14.792968437488577
decision_type=2 2 2 2 2 2
left_child=2 -2 -1 5 -5 -4
right_child=1 -3 3 4 -6 -7
leaf_value=-0.085667278816302622 0.057436774704944009 -0.15100845359265805 0.17987565875053407 0.073629395848744214 -0.15813772588968278 -0.034653198734418425
leaf_weight=30 10.999999999999998 33 9.9999999999999982 148 9.9999999999999982 121
leaf_count=30 11 33 10 148 10 121
internal_value=1.54451e-10 -0.0988971 0.013641 0.0239498 0.0589606 -0.018277
internal_weight=363 44 319 289 158 131
internal_count=363 44 319 289 158 131
is_linear=0
shrinkage=0.05


Tree=25
num_leaves=7
num_cat=0
split_feature=5 0 6 1 3 4
split_gain=184.459 169.89 321.465 152.563 167.428 146.046
threshold=0.12940952255126059 0.33675979141878626 1.0000000180025095e-35 40.930063937761204 178.63341022920645 6.6179236137944946
decision_type=2 2 2 2 2 2
left_child=3 2 -2 5 -5 -1
right_child=1 -3 -4 4 -6 -7
leaf_value=-0.00085057182953907897 -0.033094704318265881 0.064978208042906993 -0.26494686919100147 0.032720218137616205 -0.18599536140759787 0.097973319040399728
leaf_weight=65 124 33 17 21 14.999999999999998 88
leaf_count=65 124 33 17 21 15 88
internal_value=-4.95551e-10 -0.0371469 -0.0610485 0.0341987 -0.0584113 0.0559893
internal_weight=363 174 141 189 36 153
internal_count=363 174 141 189 36 153
is_linear=0
shrinkage=0.05


Tree=26
num_leaves=7
num_cat=0
split_feature=0 3 0 1 5 0
split_gain=170.78 198.67 216.549 158.585 124.346 122.34
threshold=0.18430426923396026 60.301072436875053 0.11091051342035599 27.340823725061604 1.0000000180025095e-35 0.17308977043471593
decision_type=2 2 2 2 2 2
left_child=1 -1 -3 4 -2 -4
right_child=3 2 5 -5 -6 -7
leaf_value=0.039089041441265085 0.047839974719834956 0.096957683010647708 -0.1413999725242748 0.068674550204666271 -0.072151518821716318 -0.0057530154558745302
leaf_weight=54 38 14.999999999999998 68 116 50 22
leaf_count=54 38 15 68 116 50 22
internal_value=-1.83699e-10 -0.0388465 -0.0789276 0.0302774 -0.020337 -0.108242
internal_weight=363 159 105 204 88 90
internal_count=363 159 105 204 88 90
is_linear=0
shrinkage=0.05


Tree=27
num_leaves=7
num_cat=0
split_feature=5 0 6 1 0 2
split_gain=156.622 149.604 238.698 135.523 138.233 112.299
threshold=0.12940952255126059 0.42313774298843893 1.0000000180025095e-35 43.171769130360381 0.16531552498450866 31.500000000000004
decision_type=2 2 2 2 2 2
left_child=3 2 -2 -1 -5 -3
right_child=1 5 -4 4 -6 -7
leaf_value=0.046482058395520748 -0.029761599318856614 0.18076954280527735 -0.22394647904568249 -0.22278488516807549 0.034070481427691202 -0.031342501938343051
leaf_weight=168 131 13.000000000000002 18 10.000000000000002 10.999999999999998 11.999999999999998
leaf_count=168 131 13 18 10 11 12
internal_value=4.24483e-10 -0.0342294 -0.0532202 0.0315128 -0.0882416 0.0789558
internal_weight=363 174 149 189 21 25
internal_count=363 174 149 189 21 25
is_linear=0
shrinkage=0.05


Tree=28
num_leaves=7
num_cat=0
split_feature=0 3 0 1 3 0
split_gain=146.483 176.803 194.668 141.775 114.261 182.826
threshold=0.18430426923396026 60.301072436875053 0.11091051342035599 27.340823725061604 368.97129477308232 0.17308977043471593
decision_type=2 2 2 2 2 2
left_child=1 -1 -3 -2 5 -4
right_child=3 2 4 -5 -6 -7
leaf_value=0.037544248875713462 -0.019815635909749704 0.092974431316057843 -0.19869228778850467 0.064346030858698597 -0.015524734556674958 -0.01800597228464626
leaf_weight=54 88 14.999999999999998 42 116 27 21
leaf_count=54 88 15 42 116 27 21
internal_value=5.24671e-10 -0.0359771 -0.0737881 0.028041 -0.101582 -0.138464
internal_weight=363 159 105 204 90 63
internal_count=363 159 105 204 90 63
is_linear=0
shrinkage=0.05


Tree=29
num_leaves=7
num_cat=0
split_feature=5 0 6 1 4 4
split_gain=140.428 131.729 259.096 121.942 164.581 133.837
threshold=0.12940952255126059 0.33675979141878626 1.0000000180025095e-35 38.309918648995463 6.3807920782184882 4.8551324120299713
decision_type=2 2 2 2 2 2
left_child=3 2 -2 4 5 -1
right_child=1 -3 -4 -5 -6 -7
leaf_value=0.033130973842408921 -0.028362206511590028 0.057514952890800712 -0.23651150885202432 -0.039969601624823631 0.098990121188505406 -0.13932645599047341
leaf_weight=45 124 33 17 47 82 14.999999999999998
leaf_count=45 124 33 17 47 82 15
internal_value=-4.63865e-10 -0.0324116 -0.0534582 0.0298392 0.052945 -0.00998338
internal_weight=363 174 141 189 142 60
internal_count=363 174 141 189 142 60
is_linear=0
shrinkage=0.05


Tree=30
num_leaves=7
num_cat=0
split_feature=5 3 0 6 2 2
split_gain=126.737 129.11 184.84 220.041 111.972 193.816
threshold=0.12940952255126059 6.4227718483374332 0.24516384365908575 1.0000000180025095e-35 32.500000000000007 29.500000000000004
decision_type=2 2 2 2 2 2
left_child=4 -2 3 -3 5 -1
right_child=1 2 -4 -5 -6 -7
leaf_value=0.025889625376199977 -0.17639432166303909 -0.02447218931486549 0.075031839087605481 -0.23538113365482008 -0.016574987573549152 0.18679231835218768
leaf_weight=85 13.999999999999998 106 40 13.999999999999998 80 24
leaf_count=85 14 106 40 14 80 24
internal_value=-2.39052e-10 -0.030791 -0.0180507 -0.0490782 0.0283473 0.0613177
internal_weight=363 174 160 120 189 109
internal_count=363 174 160 120 189 109
is_linear=0
shrinkage=0.05


Tree=31
num_leaves=7
num_cat=0
split_feature=0 3 0 1 3 0
split_gain=118.927 155.029 174.492 125.716 99.6632 159.401
threshold=0.18430426923396026 60.301072436875053 0.11091051342035599 26.277939714916304 368.97129477308232 0.17308977043471593
decision_type=2 2 2 2 2 2
left_child=1 -1 -3 -2 5 -4
right_child=3 2 4 -5 -6 -7
leaf_value=0.036428506437827045 -0.025142665030797581 0.090060982306798307 -0.18482045635048833 0.055829073556178201 -0.013765394660057845 -0.01610648718086027
leaf_weight=54 77 14.999999999999998 42 127 27 21
leaf_count=54 77 15 42 127 27 21
internal_value=4.49498e-10 -0.032417 -0.0678233 0.0252662 -0.0941373 -0.128582
internal_weight=363 159 105 204 90 63
internal_count=363 159 105 204 90 63
is_linear=0
shrinkage=0.05


Tree=32
num_leaves=7
num_cat=0
split_feature=5 3 0 6 1 0
split_gain=113.502 116.076 163.224 196.803 105.182 106.024
threshold=0.12940952255126059 6.4227718483374332 0.24516384365908575 1.0000000180025095e-35 43.171769130360381 0.16531552498450866
decision_type=2 2 2 2 2 2
left_child=4 -2 3 -3 -1 -6
right_child=1 2 -4 -5 5 -7
leaf_value=0.04001390055886337 -0.16719706079789573 -0.02294523054821733 0.070411872975528242 -0.22240715229085517 -0.19650505661964413 0.028444886376911945
leaf_weight=168 13.999999999999998 106 40 13.999999999999998 10.000000000000002 10.999999999999998
leaf_count=168 14 106 40 14 10 11
internal_value=-6.7476e-11 -0.029139 -0.0170589 -0.0462158 0.0268263 -0.0786741
internal_weight=363 174 160 120 189 21
internal_count=363 174 160 120 189 21
is_linear=0
shrinkage=0.05


Tree=33
num_leaves=7
num_cat=0
split_feature=5 3 0 6 1 3
split_gain=102.435 104.758 147.31 177.615 96.0351 137.862
threshold=0.12940952255126059 6.4227718483374332 0.24516384365908575 1.0000000180025095e-35 40.930063937761204 178.63341022920645
decision_type=2 2 2 2 2 2
left_child=4 -2 3 -3 -1 -6
right_child=1 2 -4 -5 5 -7
leaf_value=0.042773621138930934 -0.15883720815181734 -0.021797968625565465 0.066891277283430098 -0.21128679769379752 0.03470313304236957 -0.16376401225725812
leaf_weight=153 13.999999999999998 106 40 13.999999999999998 21 14.999999999999998
leaf_count=153 14 106 40 14 21 15
internal_value=-5.654e-11 -0.027682 -0.0162059 -0.043905 0.025485 -0.0479915
internal_weight=363 174 160 120 189 36
internal_count=363 174 160 120 189 36
is_linear=0
shrinkage=0.05


Tree=34
num_leaves=7
num_cat=0
split_feature=0 3 0 1 3 3
split_gain=95.645 137.257 156.143 110.172 96.5063 88.5383
threshold=0.18430426923396026 60.301072436875053 0.11091051342035599 27.340823725061604 124.11595228024872 368.97129477308232
decision_type=2 2 2 2 2 2
left_child=1 -1 -3 -2 -5 -4
right_child=3 2 5 4 -6 -7
leaf_value=0.035708009820707425 -0.0195285329081261 0.086966079423824949 -0.1197442302509906 0.15770771444628115 0.034478349786386205 -0.01152491822010941
leaf_weight=54 88 14.999999999999998 63 19 97 27
leaf_count=54 88 15 63 19 97 27
internal_value=8.75039e-11 -0.0290713 -0.0623864 0.0226585 0.0546625 -0.0872784
internal_weight=363 159 105 204 116 90
internal_count=363 159 105 204 116 90
is_linear=0
shrinkage=0.05


Tree=35
num_leaves=7
num_cat=0
split_feature=5 3 0 6 1 0
split_gain=92.7988 94.1847 130.094 158.343 85.6629 90.4698
threshold=0.12940952255126059 6.4227718483374332 0.24516384365908575 1.0000000180025095e-35 43.171769130360381 0.16531552498450866
decision_type=2 2 2 2 2 2
left_child=4 -2 3 -3 -1 -6
right_child=1 2 -4 -5 5 -7
leaf_value=0.036157885110948147 -0.15070801568882808 -0.020623246830874915 0.062624330520629878 -0.19953658772366389 -0.17979785054922098 0.027997183732011099
leaf_weight=168 13.999999999999998 106 40 13.999999999999998 10.000000000000002 10.999999999999998
leaf_count=168 14 106 40 14 10 11
internal_value=-4.87116e-10 -0.0263478 -0.0154663 -0.0414965 0.0242567 -0.0709528
internal_weight=363 174 160 120 189 21
internal_count=363 174 160 120 189 21
is_linear=0
shrinkage=0.05


Tree=36
num_leaves=7
num_cat=0
split_feature=0 5 6 4 4 1
split_gain=84.2836 99.6242 99.2716 97.0054 196.246 151.294
threshold=0.44399541217732608 0.12940952255126059 1.0000000180025095e-35 6.5286615512644133 3.6614854674731685 38.309918648995463
decision_type=2 2 2 2 2 2
left_child=1 3 -3 4 -1 -5
right_child=-2 2 -4 5 -6 -7
leaf_value=0.044357785648158329 0.081764063958464001 -0.020801759528205909 -0.13790234795638495 0.082667207811027765 -0.11694158812363942 -0.058248995348811151
leaf_weight=44 29 131 21 80 33 25
leaf_count=44 29 131 21 80 33 25
internal_value=-1.34663e-10 -0.00709928 -0.0369801 0.0178562 -0.0247705 0.0491157
internal_weight=363 334 152 182 77 105
internal_count=363 334 152 182 77 105
is_linear=0
shrinkage=0.05


Tree=37
num_leaves=7
num_cat=0
split_feature=0 3 0 1 3 3
split_gain=76.8387 119.063 138.13 98.2522 89.0789 87.2837
threshold=0.18430426923396026 60.301072436875053 0.11091051342035599 27.340823725061604 124.11595228024872 43.533862720779915
decision_type=2 2 2 2 2 2
left_child=1 5 -3 -2 -5 -1
right_child=3 2 -4 4 -6 -7
leaf_value=0.00029774518860947518 -0.019530402196687648 0.083388002092639607 -0.080497723142875163 0.14953265478344341 0.031140268067877321 0.15320154676834744
leaf_weight=42 88 14.999999999999998 90 19 97 11.999999999999998
leaf_count=42 88 15 90 19 97 12
internal_value=-3.91643e-10 -0.0260569 -0.0570855 0.0203091 0.0505321 0.0342764
internal_weight=363 159 105 204 116 54
internal_count=363 159 105 204 116 54
is_linear=0
shrinkage=0.05


Tree=38
num_leaves=7
num_cat=0
split_feature=5 3 5 7 1 3
split_gain=76.1201 83.5916 110.345 172.376 80.9031 81.9669
threshold=0.12940952255126059 6.4227718483374332 0.91597561503675362 1.0000000180025095e-35 31.562526241220798 297.11377635473889
decision_type=2 2 2 2 2 2
left_child=-1 -2 -3 4 5 -4
right_child=1 2 3 -5 -6 -7
leaf_value=0.021968986047924591 -0.14102104795830592 -0.05212863950968482 0.076259316188784745 -0.082483961751036672 -0.015161246657371522 0.24470268651843072
leaf_weight=189 13.999999999999998 86 26 23 14.999999999999998 9.9999999999999982
leaf_count=189 14 86 26 23 15 10
internal_value=-1.10835e-10 -0.0238629 -0.0136115 0.0311516 0.082399 0.123049
internal_weight=363 174 160 74 51 36
internal_count=363 174 160 74 51 36
is_linear=0
shrinkage=0.05


Tree=39
num_leaves=7
num_cat=0
split_feature=0 3 1 0 1 0
split_gain=68.6984 85.9326 172.334 131.691 122.352 143.277
threshold=0.44399541217732608 219.93928153224729 27.2740178447376 0.20650104838725608 31.160350471501008 0.17308977043471593
decision_type=2 2 2 2 2 2
left_child=1 2 -1 -4 -3 -6
right_child=-2 4 3 -5 5 -7
leaf_value=-0.034314535804812543 0.07381834254182619 -0.0024695241779107788 0.036423141784092165 0.19339837268926205 -0.20208630032837391 -0.029316408832867943
leaf_weight=88 29 99 81 15.999999999999998 20 30
leaf_count=88 29 99 81 16 20 30
internal_value=1.79786e-10 -0.00640938 0.0163512 0.062316 -0.0346691 -0.0984244
internal_weight=363 334 185 97 149 50
internal_count=363 334 185 97 149 50
is_linear=0
shrinkage=0.05


Tree=40
num_leaves=7
num_cat=0
split_feature=5 2 3 1 3 5
split_gain=68.9492 74.0669 82.7463 131.063 73.0782 94.4851
threshold=0.12940952255126059 43.500000000000007 273.43887533725916 32.282707802799457 6.4227718483374332 0.91597561503675362
decision_type=2 2 2 2 2 2
left_child=1 2 -1 -4 -2 -6
right_child=4 -3 3 -5 5 -7
leaf_value=0.053540194067212513 -0.13225427014487132 -0.099303182462851206 0.025881703777651473 -0.14122699205763639 -0.048767744310113582 0.028295381461597376
leaf_weight=117 13.999999999999998 11.999999999999998 44 15.999999999999998 86 74
leaf_count=117 14 12 44 16 86 74
internal_value=1.24144e-10 0.0209086 0.0290586 -0.0186806 -0.0227111 -0.013126
internal_weight=363 189 177 60 174 160
internal_count=363 189 177 60 174 160
is_linear=0
shrinkage=0.05


Tree=41
num_leaves=7
num_cat=0
split_feature=5 1 1 7 5 6
split_gain=62.2267 67.7223 73.7958 66.1282 126.82 100.167
threshold=0.12940952255126059 43.171769130360381 47.104645492170057 1.0000000180025095e-35 0.68301270189221941 1.0000000180025095e-35
decision_type=2 2 2 2 2 2
left_child=1 -1 -3 4 -2 -6
right_child=3 2 -4 -5 5 -7
leaf_value=0.030444994125892189 -0.07890878696925939 -0.15415885014967481 0.033512960523366934 -0.077092110692727867 0.059022462681990455 -0.058021628409624104
leaf_weight=168 40 11.000000000000002 9.9999999999999982 41 68 25
leaf_count=168 40 11 10 41 68 25
internal_value=4.68227e-12 0.0198632 -0.0647913 -0.0215755 -0.00446139 0.027559
internal_weight=363 189 21 174 133 93
internal_count=363 189 21 174 133 93
is_linear=0
shrinkage=0.05


Tree=42
num_leaves=7
num_cat=0
split_feature=3 3 0 2 1 1
split_gain=62.32 100.811 111.122 155.976 128.087 100.95
threshold=5.7414681043438813 14.792968437488577 0.17308977043471593 26.500000000000004 23.799386928528733 31.283543432267738
decision_type=2 2 2 2 2 2
left_child=-1 -2 4 -4 -3 -5
right_child=1 2 3 5 -6 -7
leaf_value=-0.069022717488308752 0.089166015761932643 0.058997833785479487 -0.046552680707123553 0.10220269894925878 -0.074887403256725521 0.013945252231011788
leaf_weight=30 33 23 62 54 80 81
leaf_count=30 33 23 62 54 80 81
internal_value=-3.24648e-10 0.00621826 -0.00290599 0.0190977 -0.0449907 0.0492482
internal_weight=363 333 300 197 103 135
internal_count=363 333 300 197 103 135
is_linear=0
shrinkage=0.05


Tree=43
num_leaves=7
num_cat=0
split_feature=0 2 3 1 1 0
split_gain=57.8762 81.7197 68.9451 149.73 123.755 112.345
threshold=0.44399541217732608 32.500000000000007 219.93928153224729 27.2740178447376 30.621236653992103 0.20650104838725608
decision_type=2 2 2 2 2 2
left_child=2 -2 3 -1 -5 -6
right_child=1 -3 -4 4 5 -7
leaf_value=-0.032721998826177288 0.12864656730702048 -0.047939200401306156 -0.031195769036476247 0.20090879382422339 0.012684786579354783 0.18409172459082171
leaf_weight=88 19.000000000000004 9.9999999999999982 149 12.999999999999998 73 10.999999999999998
leaf_count=88 19 10 149 13 73 11
internal_value=6.02922e-12 0.0677549 -0.00588291 0.0145042 0.0573486 0.0351309
internal_weight=363 29 334 185 97 84
internal_count=363 29 334 185 97 84
is_linear=0
shrinkage=0.05


Tree=44
num_leaves=7
num_cat=0
split_feature=5 4 4 1 1 1
split_gain=54.7372 65.1056 149.232 134.64 128.444 119.566
threshold=0.12940952255126059 6.5286615512644133 3.6614854674731685 31.814783427110054 38.309918648995463 33.822575691797404
decision_type=2 2 2 2 2 2
left_child=1 2 -1 -4 5 -3
right_child=-2 4 3 -5 -6 -7
leaf_value=0.042715789062397869 -0.020235506874701843 0.045035364781148161 0.020189810991287235 -0.17797690108418465 -0.054473693914711477 0.1976159236393869
leaf_weight=48 174 65 14.999999999999998 20 25 15.999999999999998
leaf_count=48 174 65 15 20 25 16
internal_value=-1.01599e-10 0.0186295 -0.0145341 -0.0930483 0.0445973 0.0751747
internal_weight=363 189 83 35 106 81
internal_count=363 189 83 35 106 81
is_linear=0
shrinkage=0.05


Tree=45
num_leaves=7
num_cat=0
split_feature=3 3 0 2 1 0
split_gain=54.9575 90.7245 91.8005 133.929 115.516 95.7357
threshold=5.7414681043438813 14.792968437488577 0.17308977043471593 26.500000000000004 23.799386928528733 0.11421914061704323
decision_type=2 2 2 2 2 2
left_child=-1 -2 4 -4 5 -3
right_child=1 2 3 -5 -6 -7
leaf_value=-0.064817385536928979 0.084528382901440977 0.14715499522594302 -0.043650785241756709 0.0451215320887665 -0.069459457605262287 -0.058623141944408423
leaf_weight=30 33 13.000000000000002 62 135 80 9.9999999999999982
leaf_count=30 33 13 62 135 80 10
internal_value=3.49054e-10 0.0058394 -0.00281638 0.017183 -0.0410677 0.0576862
internal_weight=363 333 300 197 103 23
internal_count=363 333 300 197 103 23
is_linear=0
shrinkage=0.05


Tree=46
num_leaves=7
num_cat=0
split_feature=0 0 3 1 1 1
split_gain=50.428 77.5353 58.5955 133.657 111.076 100.831
threshold=0.44399541217732608 0.58188918547082713 219.93928153224729 27.2740178447376 30.621236653992103 32.282707802799457
decision_type=2 2 2 2 2 2
left_child=2 -2 3 -1 -5 -4
right_child=1 -3 5 4 -6 -7
leaf_value=-0.031316109797493982 0.12255729813324777 -0.049448028206825256 -0.0026298348326236013 0.18979041541998204 0.032734146093328795 -0.093406323516784726
leaf_weight=88 19.000000000000004 9.9999999999999982 106 12.999999999999998 84 43
leaf_count=88 19 10 106 13 84 43
internal_value=-3.00178e-11 0.0632451 -0.00549134 0.0133034 0.0537829 -0.0288271
internal_weight=363 29 334 185 97 149
internal_count=363 29 334 185 97 149
is_linear=0
shrinkage=0.05


Tree=47
num_leaves=7
num_cat=0
split_feature=2 2 4 6 3 5
split_gain=48.7857 67.8187 71.9799 130.82 106.951 85.6717
threshold=43.500000000000007 40.500000000000007 6.3807920782184882 1.0000000180025095e-35 154.85153239911071 -0.3794095225512602
decision_type=2 2 2 2 2 2
left_child=1 2 3 4 5 -1
right_child=-2 -3 -4 -5 -6 -7
leaf_value=-0.016085689214782584 -0.085362625773996115 0.1013256114195375 0.017389233628278735 -0.15159185775800754 -0.044502615540598832 0.13817935448346869
leaf_weight=18 15.999999999999998 17 203 19 72 18
leaf_count=18 16 17 203 19 72 18
internal_value=4.59504e-10 0.00393603 -0.00108101 -0.0306043 -0.00931947 0.0610468
internal_weight=363 347 330 127 108 36
internal_count=363 347 330 127 108 36
is_linear=0
shrinkage=0.05


Tree=48
num_leaves=7
num_cat=0
split_feature=5 2 2 6 3 0
split_gain=49.2005 59.4271 149.303 139.604 93.6853 181.121
threshold=0.12940952255126059 32.500000000000007 29.500000000000004 -0.37940952255126015 60.301072436875053 0.19121938185453405
decision_type=2 2 2 2 2 2
left_child=1 2 -1 -4 -3 -6
right_child=-2 4 3 -5 5 -7
leaf_value=0.010586935257648721 -0.01918482130618188 0.081885952973052081 0.27239962170521415 0.031218104002376398 -0.11951975990095109 0.054700590154299372
leaf_weight=85 174 19 12.000000000000002 11.999999999999998 35 26
leaf_count=85 174 19 12 12 35 26
internal_value=4.18959e-10 0.0176622 0.0416817 0.151809 -0.0150643 -0.0452619
internal_weight=363 189 109 24 80 61
internal_count=363 189 109 24 80 61
is_linear=0
shrinkage=0.05


Tree=49
num_leaves=7
num_cat=0
split_feature=3 3 0 0 0 6
split_gain=49.0061 78.727 77.8037 66.1026 113.438 74.4883
threshold=5.7414681043438813 14.792968437488577 0.33675979141878626 0.22211295444658147 0.21373285067558948 1.0000000180025095e-35
decision_type=2 2 2 2 2 2
left_child=-1 -2 3 4 5 -3
right_child=1 2 -4 -5 -6 -7
leaf_value=-0.061207299468417964 0.078815756681742094 -0.0064806698720149426 0.065337964892387398 -0.08620939365139714 0.097087264314293875 -0.11283135554856726
leaf_weight=30 33 193 37 27 25 18
leaf_count=30 33 193 37 27 25 18
internal_value=-5.07994e-11 0.00551417 -0.002549 -0.0120996 -0.00362098 -0.0155532
internal_weight=363 333 300 263 236 211
internal_count=363 333 300 263 236 211
is_linear=0
shrinkage=0.05


Tree=50
num_leaves=7
num_cat=0
split_feature=1 1 2 5 3 7
split_gain=48.735 89.998 73.3541 63.2158 54.6585 71.7393
threshold=49.371919659549611 43.171769130360381 37.500000000000007 0.12940952255126059 6.4227718483374332 1.0000000180025095e-35
decision_type=2 2 2 2 2 2
left_child=1 3 -3 -1 -5 -6
right_child=-2 2 -4 4 5 -7
leaf_value=0.025071172194328119 0.108849040819332 0.003096786588430404 -0.17702842669991348 -0.11313361057213374 0.011777076962464881 -0.066007858494342098
leaf_weight=168 9.9999999999999982 10.000000000000002 12.999999999999998 13.999999999999998 107 41
leaf_count=168 10 10 13 14 107 41
internal_value=3.97608e-10 -0.00308354 -0.0987131 0.00358155 -0.018704 -0.00977145
internal_weight=363 353 23 330 162 148
internal_count=363 353 23 330 162 148
is_linear=0
shrinkage=0.05


Tree=51
num_leaves=7
num_cat=0
split_feature=1 1 5 3 1 2
split_gain=44.2336 165.768 57.0523 53.7792 103.448 96.1951
threshold=47.104645492170057 43.171769130360381 0.12940952255126059 57.304690676020286 24.288969357078926 32.500000000000007
decision_type=2 2 2 2 2 2
left_child=1 2 3 4 -1 -5
right_child=-2 -3 -4 5 -6 -7
leaf_value=0.010087255050117771 0.076412766322027897 -0.16654969692230226 -0.017768785383920245 0.042627437748539616 0.15919187014040195 -0.049009422290449342
leaf_weight=30 18 14.999999999999998 162 71 19 48
leaf_count=30 18 15 162 71 19 48
internal_value=2.81385e-10 -0.00398675 0.00340247 0.0238176 0.0679033 0.00566467
internal_weight=363 345 330 168 49 119
internal_count=363 345 330 168 49 119
is_linear=0
shrinkage=0.05


Tree=52
num_leaves=7
num_cat=0
split_feature=0 2 3 1 1 4
split_gain=43.3446 71.2992 46.3695 107.871 101.232 87.525
threshold=0.44399541217732608 32.500000000000007 219.93928153224729 27.2740178447376 30.621236653992103 26.144913448538848
decision_type=2 2 2 2 2 2
left_child=2 -2 3 -1 -5 -6
right_child=1 -3 -4 4 5 -7
leaf_value=-0.028456671474586154 0.11551216934856615 -0.049431099891662604 -0.025850035823981633 0.17783503498022374 0.048735907503093284 -0.097118231778343528
leaf_weight=88 19.000000000000004 9.9999999999999982 149 12.999999999999998 72 11.999999999999998
leaf_count=88 19 10 149 13 72 12
internal_value=-5.37755e-10 0.0586352 -0.00509108 0.0116283 0.047994 0.0278996
internal_weight=363 29 334 185 97 84
internal_count=363 29 334 185 97 84
is_linear=0
shrinkage=0.05


Tree=53
num_leaves=7
num_cat=0
split_feature=4 6 4 2 3 1
split_gain=45.7782 97.374 121.758 112.132 100.869 100.842
threshold=6.5286615512644133 1.0000000180025095e-35 3.6614854674731685 26.500000000000004 145.38541782837154 31.814783427110054
decision_type=2 2 2 2 2 2
left_child=1 2 3 -1 -5 -4
right_child=-2 -3 5 4 -6 -7
leaf_value=-0.059746310908509341 0.014647987668393869 -0.11852462163025684 0.0049102224085641952 0.15801242735414278 0.019400831758975987 -0.14315147388564506
leaf_weight=23 216 22 23 21 35 23
leaf_count=23 216 22 23 21 35 23
internal_value=-5.18898e-10 -0.0215236 -0.00445139 0.0332041 0.0713802 -0.0691206
internal_weight=363 147 125 79 56 46
internal_count=363 147 125 79 56 46
is_linear=0
shrinkage=0.05


Tree=54
num_leaves=7
num_cat=0
split_feature=4 6 4 2 1 3
split_gain=41.3149 87.88 109.886 101.709 91.0103 80.2039
threshold=6.5286615512644133 1.0000000180025095e-35 3.6614854674731685 39.500000000000007 31.814783427110054 139.06983659771842
decision_type=2 2 2 2 2 2
left_child=1 2 3 5 -4 -1
right_child=-2 -3 4 -5 -6 -7
leaf_value=0.089962631996188855 0.013915589184357991 -0.11259839250282809 0.0046647099211164144 0.17260096777569167 -0.13599389865589531 -0.027571430174197928
leaf_weight=21 216 22 23 10.999999999999998 23 47
leaf_count=21 216 22 23 11 23 47
internal_value=-3.54698e-11 -0.0204474 -0.00422882 0.0315439 -0.0656646 0.00872585
internal_weight=363 147 125 79 46 68
internal_count=363 147 125 79 46 68
is_linear=0
shrinkage=0.05


Tree=55
num_leaves=7
num_cat=0
split_feature=3 3 0 0 0 5
split_gain=42.0976 66.5786 66.017 59.1393 97.6411 59.3188
threshold=5.7414681043438813 14.792968437488577 0.33675979141878626 0.22211295444658147 0.21373285067558948 -0.78656609248549292
decision_type=2 2 2 2 2 2
left_child=-1 -2 3 4 5 -3
right_child=1 2 -4 -5 -6 -7
leaf_value=-0.056729230253646769 0.072519901519020408 0.043338409106473665 0.060229471144643991 -0.081199581755532158 0.090351153329014777 -0.026377480203585553
leaf_weight=30 33 37 37 27 25 174
leaf_count=30 33 37 37 27 25 174
internal_value=-4.90035e-11 0.00511074 -0.00230427 -0.0111018 -0.00308213 -0.0141524
internal_weight=363 333 300 263 236 211
internal_count=363 333 300 263 236 211
is_linear=0
shrinkage=0.05


Tree=56
num_leaves=7
num_cat=0
split_feature=1 1 2 0 2 3
split_gain=39.0274 75.1738 60.0223 47.8688 84.0529 78.6957
threshold=49.371919659549611 43.171769130360381 37.500000000000007 0.11421914061704323 26.500000000000004 7.4460065935752722
decision_type=2 2 2 2 2 2
left_child=1 3 -3 -1 -5 -6
right_child=-2 2 -4 4 5 -7
leaf_value=0.072905668810657839 0.097406756263226271 0.0019356897473335258 -0.16100084896271047 -0.03220506124180663 -0.10879856923764403 0.029323657209222972
leaf_weight=23 9.9999999999999982 10.000000000000002 12.999999999999998 131 10.999999999999998 165
leaf_count=23 10 10 13 131 11 165
internal_value=-1.06153e-10 -0.0027594 -0.0901589 0.00333208 -0.00188027 0.020691
internal_weight=363 353 23 330 307 176
internal_count=363 353 23 330 307 176
is_linear=0
shrinkage=0.05


Tree=57
num_leaves=7
num_cat=0
split_feature=4 6 4 2 1 3
split_gain=38.634 81.4892 96.6387 94.9876 80.8416 72.6296
threshold=6.5286615512644133 1.0000000180025095e-35 3.6614854674731685 39.500000000000007 31.814783427110054 139.06983659771842
decision_type=2 2 2 2 2 2
left_child=1 2 3 5 -4 -1
right_child=-2 -3 4 -5 -6 -7
leaf_value=0.084646595269441613 0.013456537627132127 -0.10850994072177195 0.0045152135881716795 0.16570838689804079 -0.12805273578218793 -0.027200023544595598
leaf_weight=21 216 22 23 10.999999999999998 23 47
leaf_count=21 216 22 23 11 23 47
internal_value=1.95757e-10 -0.0197729 -0.00415515 0.029392 -0.0617688 0.00734084
internal_weight=363 147 125 79 46 68
internal_count=363 147 125 79 46 68
is_linear=0
shrinkage=0.05


Tree=58
num_leaves=7
num_cat=0
split_feature=0 0 1 1 5 3
split_gain=38.4894 64.8171 41.4455 129.165 53.7147 58.3974
threshold=0.47681386795739839 0.58188918547082713 47.104645492170057 43.171769130360381 0.12940952255126059 273.43887533725916
decision_type=2 2 2 2 2 2
left_child=2 -2 3 4 5 -1
right_child=1 -3 -4 -5 -6 -7
leaf_value=0.039580004596125304 0.12102796919643877 -0.041243276000022894 0.069294067999968928 -0.15191895445187886 -0.024068948212997911 -0.023814426403154027
leaf_weight=107 16.000000000000004 9.9999999999999982 18 14.999999999999998 142 55
leaf_count=107 16 10 18 15 142 55
internal_value=1.31488e-10 0.058616 -0.0045223 -0.00868749 -0.00162014 0.0180572
internal_weight=363 26 337 319 304 162
internal_count=363 26 337 319 304 162
is_linear=0
shrinkage=0.05


Tree=59
num_leaves=7
num_cat=0
split_feature=3 3 3 0 4 4
split_gain=36.4501 59.6067 59.7401 68.6161 121.734 94.1716
threshold=5.7414681043438813 14.792968437488577 43.533862720779915 0.17308977043471593 41.363351557860632 27.05371910932509
decision_type=2 2 2 2 2 2
left_child=-1 -2 -3 4 -4 -5
right_child=1 2 3 5 -6 -7
leaf_value=-0.052787041273744152 0.06853773929178715 -0.083587445318698883 -0.051062013045043111 0.038823598049581048 0.13360038593411447 -0.051227620052587658
leaf_weight=30 33 21 83 150 9.9999999999999982 36
leaf_count=30 33 21 83 150 10 36
internal_value=-8.57561e-11 0.00475559 -0.00226045 0.00386094 -0.0312058 0.0213943
internal_weight=363 333 300 279 93 186
internal_count=363 333 300 279 93 186
is_linear=0
shrinkage=0.05


Tree=60
num_leaves=7
num_cat=0
split_feature=4 6 3 3 6 3
split_gain=35.5971 73.9606 86.7997 76.8945 59.913 154.589
threshold=6.5286615512644133 1.0000000180025095e-35 145.38541782837154 51.882466125523507 -0.12940952255126037 134.20392424568931
decision_type=2 2 2 2 2 2
left_child=1 2 3 -1 -2 -6
right_child=4 -3 -4 -5 5 -7
leaf_value=-0.022097327516359441 0.0019351215650955135 -0.10351845208894124 -0.03215906895632141 0.11948662200434641 -0.020857999184065397 0.20067259775740759
leaf_weight=17 184 22 86 22 18 13.999999999999998
leaf_count=17 184 22 86 22 18 14
internal_value=-2.3732e-11 -0.0189798 -0.00410103 0.0577705 0.0129168 0.0760616
internal_weight=363 147 125 39 216 32
internal_count=363 147 125 39 216 32
is_linear=0
shrinkage=0.05


Tree=61
num_leaves=7
num_cat=0
split_feature=0 2 5 3 1 1
split_gain=33.3324 48.8965 37.7048 46.9394 75.8616 96.7751
threshold=0.42313774298843893 32.500000000000007 0.98296291314453421 219.93928153224729 27.2740178447376 38.309918648995463
decision_type=2 2 2 2 2 2
left_child=2 -2 3 4 -1 -6
right_child=1 -3 -4 -5 5 -7
leaf_value=-0.020318675857331409 0.099853674832143288 -0.025991217792034151 -0.088174418073434097 -0.021757527047005676 0.093307799444186934 -0.0091826987851943292
leaf_weight=76 19 12.999999999999998 12.999999999999998 149 51 42
leaf_count=76 19 13 13 149 51 42
internal_value=2.28854e-10 0.0487292 -0.00471098 -0.00129895 0.0167385 0.0470218
internal_weight=363 32 331 318 169 93
internal_count=363 32 331 318 169 93
is_linear=0
shrinkage=0.05


Tree=62
num_leaves=7
num_cat=0
split_feature=4 6 4 2 1 3
split_gain=33.3527 66.0312 84.3107 87.93 73.9378 72.7209
threshold=6.5286615512644133 1.0000000180025095e-35 3.6614854674731685 26.500000000000004 31.814783427110054 145.38541782837154
decision_type=2 2 2 2 2 2
left_child=1 2 3 -1 -4 -5
right_child=-2 -3 4 5 -6 -7
leaf_value=-0.055289203625010414 0.01250300010508875 -0.09825020124289123 0.005263898276999775 0.13438535361062914 -0.12151710938500322 0.016692549990756169
leaf_weight=23 216 22 23 21 23 35
leaf_count=23 216 22 23 21 23 35
internal_value=-7.38303e-10 -0.0183718 -0.00431315 0.0270213 -0.0581266 0.0608274
internal_weight=363 147 125 79 46 56
internal_count=363 147 125 79 46 56
is_linear=0
shrinkage=0.05


Tree=63
num_leaves=7
num_cat=0
split_feature=2 0 0 1 4 3
split_gain=32.3708 38.4687 66.3298 181.063 57.0192 78.6657
threshold=12.500000000000002 0.10540033244478106 0.14241435813816225 25.687046228719613 26.144913448538848 286.61114605665335
decision_type=2 2 2 2 2 2
left_child=-1 -2 3 -3 -4 -6
right_child=1 2 4 -5 5 -7
leaf_value=-0.08446338122541254 0.073841052495926207 0.081192277371883378 0.019473135580176298 -0.16689145619931975 -0.057231118751778491 0.052591166274876082
leaf_weight=10.999999999999998 18 12.000000000000002 218 19 63 22
leaf_count=11 18 12 218 19 63 22
internal_value=4.00238e-10 0.00263948 -0.00119773 -0.070859 0.00592934 -0.0288065
internal_weight=363 352 334 31 303 85
internal_count=363 352 334 31 303 85
is_linear=0
shrinkage=0.05


Tree=64
num_leaves=7
num_cat=0
split_feature=4 6 4 2 6 6
split_gain=31.3593 59.1488 76.3082 84.2943 67.8383 53.8123
threshold=6.5286615512644133 1.0000000180025095e-35 3.6614854674731685 39.500000000000007 -0.37940952255126015 -0.12940952255126037
decision_type=2 2 2 2 2 2
left_child=1 2 3 -1 -4 -2
right_child=5 -3 4 -5 -6 -7
leaf_value=0.004528884633499034 0.0017160172877914233 -0.093415352769873367 -0.1066402583301102 0.15371613854711708 0.01667811054932444 0.071967242518439889
leaf_weight=68 184 22 27 10.999999999999998 19 32
leaf_count=68 184 22 27 11 19 32
internal_value=-4.06973e-11 -0.0178143 -0.00450849 0.0253018 -0.0557044 0.0121236
internal_weight=363 147 125 79 46 216
internal_count=363 147 125 79 46 216
is_linear=0
shrinkage=0.05


Tree=65
num_leaves=7
num_cat=0
split_feature=3 3 3 0 4 4
split_gain=31.6723 55.8906 54.2334 54.734 105.648 87.3979
threshold=5.7414681043438813 14.792968437488577 43.533862720779915 0.17308977043471593 41.363351557860632 27.05371910932509
decision_type=2 2 2 2 2 2
left_child=-1 -2 -3 4 -4 -5
right_child=1 2 3 5 -6 -7
leaf_value=-0.049206015703578798 0.066194922635049544 -0.079848956795675427 -0.046345424432172835 0.035921963536490999 0.12568374693393708 -0.050830157711688022
leaf_weight=30 33 21 83 150 9.9999999999999982 36
leaf_count=30 33 21 83 150 10 36
internal_value=-6.20882e-11 0.00443297 -0.00236084 0.0034716 -0.0278477 0.0191312
internal_weight=363 333 300 279 93 186
internal_count=363 333 300 279 93 186
is_linear=0
shrinkage=0.05


Tree=66
num_leaves=7
num_cat=0
split_feature=3 3 4 4 4 0
split_gain=31.1401 57.6104 156.663 52.6964 46.1558 43.9095
threshold=401.85215651260063 368.97129477308232 4.6803512435130754 9.8257015328828547 1.4272395205449415 0.20208480414887928
decision_type=2 2 2 2 2 2
left_child=1 4 -3 -2 -1 -6
right_child=3 2 -4 -5 5 -7
leaf_value=0.069538270157169221 -0.085183383925602985 -0.044667634198611417 0.22877497188746931 0.024364261407601208 -0.022411564466210062 0.018197104257770477
leaf_weight=22 26 11.000000000000002 9.9999999999999982 19 162 113
leaf_count=22 26 11 10 19 162 113
internal_value=2.32189e-11 0.00550895 0.0855431 -0.0389299 -0.000150029 -0.00572509
internal_weight=363 318 21 45 297 275
internal_count=363 318 21 45 297 275
is_linear=0
shrinkage=0.05


Tree=67
num_leaves=7
num_cat=0
split_feature=1 1 0 2 6 1
split_gain=30.1217 113.872 41.3176 65.6662 66.9385 95.7566
threshold=47.104645492170057 43.171769130360381 0.11421914061704323 26.500000000000004 -0.37940952255126015 27.061188289243734
decision_type=2 2 2 2 2 2
left_child=1 2 -1 4 5 -4
right_child=-2 -3 3 -5 -6 -7
leaf_value=0.067472128100369289 0.063056523497733816 -0.13802464842796325 -0.03304516705166962 0.017942207775459709 -0.0011828348494884447 -0.19136282870402704
leaf_weight=23 18 14.999999999999998 36 176 82 12.999999999999998
leaf_count=23 18 15 36 176 82 13
internal_value=-9.18494e-11 -0.00328991 0.0028344 -0.00200817 -0.0288117 -0.0750478
internal_weight=363 345 330 307 131 49
internal_count=363 345 330 307 131 49
is_linear=0
shrinkage=0.05


Tree=68
num_leaves=7
num_cat=0
split_feature=3 3 4 4 0 6
split_gain=29.2541 50.9168 51.7697 114.34 105.195 152.81
threshold=5.7414681043438813 14.792968437488577 48.442471165882814 25.687734532558096 0.17308977043471593 -0.9159756150367534
decision_type=2 2 2 2 2 2
left_child=-1 -2 3 4 -3 -6
right_child=1 2 -4 -5 5 -7
leaf_value=-0.047290279033283394 0.063210146117842564 -0.042433592690913763 0.061269917878611337 -0.091997574067985033 0.16071692222827361 0.0092693182881231663
leaf_weight=30 33 81 29 36 19 135
leaf_count=30 33 81 29 36 19 135
internal_value=-3.1352e-10 0.00426039 -0.00222409 -0.00901865 0.00369301 0.0279544
internal_weight=363 333 300 271 235 154
internal_count=363 333 300 271 235 154
is_linear=0
shrinkage=0.05


Tree=69
num_leaves=7
num_cat=0
split_feature=4 6 3 3 4 4
split_gain=28.8413 53.2391 69.4366 79.1233 48.6539 80.2871
threshold=6.5286615512644133 1.0000000180025095e-35 134.20392424568931 51.882466125523507 26.144913448538848 35.941156998882093
decision_type=2 2 2 2 2 2
left_child=1 2 3 -1 -2 -6
right_child=4 -3 -4 -5 5 -7
leaf_value=-0.022059526825871537 0.03407324112853722 -0.088809078914875342 -0.027699765246361498 0.12835696561055052 -0.077605263008312747 0.0172172367370323
leaf_weight=17 114 22 90 18 33 69
leaf_count=17 114 22 90 18 33 69
internal_value=-1.07756e-10 -0.0170841 -0.00446052 0.0552975 0.0116267 -0.0134606
internal_weight=363 147 125 35 216 102
internal_count=363 147 125 35 216 102
is_linear=0
shrinkage=0.05


Tree=70
num_leaves=7
num_cat=0
split_feature=0 0 5 3 1 1
split_gain=29.4234 38.2104 36.0655 36.1193 66.6443 61.6612
threshold=0.42313774298843893 0.58188918547082713 0.98296291314453421 219.93928153224729 22.449026196348189 27.2740178447376
decision_type=2 2 2 2 2 2
left_child=2 -2 3 5 -5 -1
right_child=1 -3 -4 4 -6 -7
leaf_value=-0.018675878994460954 0.082618929547342401 -0.035256744325160981 -0.086055031074927402 0.1056356141716242 -0.02800458968154711 0.042035644980878521
leaf_weight=76 22 9.9999999999999982 12.999999999999998 9.9999999999999982 139 93
leaf_count=76 22 10 13 10 139 93
internal_value=-1.14491e-10 0.0457828 -0.00442613 -0.0010891 -0.0190354 0.0147334
internal_weight=363 32 331 318 149 169
internal_count=363 32 331 318 149 169
is_linear=0
shrinkage=0.05


Tree=71
num_leaves=7
num_cat=0
split_feature=3 3 4 4 4 7
split_gain=27.3906 54.8631 136.782 47.856 39.8055 40.25
threshold=401.85215651260063 368.97129477308232 4.6803512435130754 14.644156087689192 1.4272395205449415 1.0000000180025095e-35
decision_type=2 2 2 2 2 2
left_child=1 4 -3 -2 -1 -6
right_child=3 2 -4 -5 5 -7
leaf_value=0.064361218117516147 -0.069375712983310231 -0.038399292528629295 0.21710459963593168 0.04438646401350315 0.0017718159267678857 -0.055623929250453202
leaf_weight=22 32 11.000000000000002 9.9999999999999982 12.999999999999998 240 35
leaf_count=22 32 11 10 13 240 35
internal_value=2.54815e-10 0.00516666 0.0832692 -0.0365111 -0.00035574 -0.0055331
internal_weight=363 318 21 45 297 275
internal_count=363 318 21 45 297 275
is_linear=0
shrinkage=0.05


Tree=72
num_leaves=7
num_cat=0
split_feature=4 6 4 2 1 1
split_gain=27.1907 46.8603 64.8887 76.2991 63.2873 60.143
threshold=6.5286615512644133 1.0000000180025095e-35 3.6614854674731685 39.500000000000007 31.814783427110054 29.297878120741139
decision_type=2 2 2 2 2 2
left_child=1 2 3 -1 5 -4
right_child=-2 -3 4 -5 -6 -7
leaf_value=0.0029813327819711586 0.011289077815254806 -0.083879092267968441 -0.0642205385921093 0.14491727081212133 -0.11060227824617988 0.098879797384142876
leaf_weight=68 216 22 13.000000000000002 10.999999999999998 23 9.9999999999999982
leaf_count=68 216 22 13 11 23 10
internal_value=-1.13529e-10 -0.016588 -0.00474481 0.0227446 -0.0519548 0.00669265
internal_weight=363 147 125 79 46 23
internal_count=363 147 125 79 46 23
is_linear=0
shrinkage=0.05


Tree=73
num_leaves=7
num_cat=0
split_feature=0 3 5 3 1 0
split_gain=27.8798 37.6812 30.3942 31.8226 60.1199 74.6539
threshold=0.42313774298843893 270.54046213980826 0.98296291314453421 219.93928153224729 31.160350471501008 0.14775062835504757
decision_type=2 2 2 2 2 2
left_child=2 -2 3 -1 -5 -6
right_child=1 -3 -4 4 5 -7
leaf_value=0.013606606903568616 -0.006400090171133771 0.10232690036296846 -0.079244979413656103 0.0044809729049001086 -0.18497254461050036 -0.032233117655850949
leaf_weight=169 17 14.999999999999998 12.999999999999998 99 9.9999999999999982 40
leaf_count=169 17 15 13 99 10 40
internal_value=-7.68405e-11 0.0445657 -0.00430847 -0.00124502 -0.0180902 -0.062781
internal_weight=363 32 331 318 149 50
internal_count=363 32 331 318 149 50
is_linear=0
shrinkage=0.05


Tree=74
num_leaves=7
num_cat=0
split_feature=3 3 3 3 3 4
split_gain=26.7899 45.3023 48.6523 50.9128 72.7161 71.7502
threshold=5.7414681043438813 14.792968437488577 43.533862720779915 57.304690676020286 76.024733381852158 49.053930499306709
decision_type=2 2 2 2 2 2
left_child=-1 -2 -3 -4 -5 -6
right_child=1 2 3 4 5 -7
leaf_value=-0.045254663688441117 0.059681726495424907 -0.075432358890594478 0.084817412826750024 -0.12234373738368352 -0.0031262578307372385 0.10967854042847952
leaf_weight=30 33 21 18 11.999999999999998 234 14.999999999999998
leaf_count=30 33 21 18 12 234 15
internal_value=-3.21473e-10 0.004077 -0.00203952 0.00348467 -0.00212449 0.00366921
internal_weight=363 333 300 279 261 249
internal_count=363 333 300 279 261 249
is_linear=0
shrinkage=0.05


Tree=75
num_leaves=7
num_cat=0
split_feature=1 1 0 2 3 3
split_gain=26.4524 100.027 35.7278 55.8399 62.669 87.2787
threshold=47.104645492170057 43.171769130360381 0.11421914061704323 26.500000000000004 7.4460065935752722 160.33762563655083
decision_type=2 2 2 2 2 2
left_child=1 2 -1 -4 -5 -6
right_child=-2 -3 3 4 5 -7
leaf_value=0.062763393945668058 0.059091211648450964 -0.12936173240343729 -0.026563061008812817 -0.099003163047812204 0.074988961166569168 -0.001810640896405649
leaf_weight=23 18 14.999999999999998 131 10.999999999999998 56 109
leaf_count=23 18 15 131 11 56 109
internal_value=1.82673e-10 -0.00308302 0.00265692 -0.00184617 0.0165511 0.0242547
internal_weight=363 345 330 307 176 165
internal_count=363 345 330 307 176 165
is_linear=0
shrinkage=0.05


Tree=76
num_leaves=7
num_cat=0
split_feature=4 5 6 2 1 1
split_gain=24.7051 44.587 63.1794 47.5089 44.7664 70.997
threshold=6.5286615512644133 -0.78656609248549292 -0.12940952255126037 25.500000000000004 38.309918648995463 30.899974818272863
decision_type=2 2 2 2 2 2
left_child=-1 2 3 -2 5 -3
right_child=1 4 -4 -5 -6 -7
leaf_value=-0.015811673320551108 -0.031230276326338454 -0.011123965687344774 0.14676775863537422 0.081208263074650497 -0.064994885027408605 0.071816827302031663
leaf_weight=147 21 107 12.999999999999998 17 24 34
leaf_count=147 21 107 13 17 24 34
internal_value=3.10248e-10 0.0107607 0.0516213 0.0190712 -0.00186891 0.00887594
internal_weight=363 216 51 38 165 141
internal_count=363 216 51 38 165 141
is_linear=0
shrinkage=0.05


Tree=77
num_leaves=7
num_cat=0
split_feature=1 1 0 3 2 6
split_gain=24.6717 87.7949 32.3442 50.9473 49.6525 60.7699
threshold=47.104645492170057 43.171769130360381 0.11421914061704323 178.63341022920645 26.500000000000004 -0.37940952255126015
decision_type=2 2 2 2 2 2
left_child=1 2 3 -1 5 -4
right_child=-2 -3 4 -5 -6 -7
leaf_value=-0.011658322624862192 0.057067594201200535 -0.12128334412972133 -0.069245961551763574 0.13731460625475103 0.01546358836296184 0.0011333324966338895
leaf_weight=12.000000000000002 18 14.999999999999998 49 10.999999999999998 176 82
leaf_count=12 18 15 49 11 176 82
internal_value=8.69106e-11 -0.00297744 0.0024001 0.0595896 -0.00188445 -0.0251917
internal_weight=363 345 330 23 307 131
internal_count=363 345 330 23 307 131
is_linear=0
shrinkage=0.05


Tree=78
num_leaves=7
num_cat=0
split_feature=3 3 4 4 4 0
split_gain=23.5552 49.1923 117.198 43.6312 33.2607 35.9356
threshold=401.85215651260063 368.97129477308232 4.6803512435130754 9.8257015328828547 1.4272395205449415 0.20208480414887928
decision_type=2 2 2 2 2 2
left_child=1 4 -3 -2 -1 -6
right_child=3 2 -4 -5 5 -7
leaf_value=0.058719943705099559 -0.07594591470865103 -0.033874845369295629 0.2026317571103573 0.023734848671837859 -0.02026605800808879 0.016470797439064599
leaf_weight=22 26 11.000000000000002 9.9999999999999982 19 162 113
leaf_count=22 26 11 10 19 162 113
internal_value=2.45723e-10 0.00479129 0.0787473 -0.0338585 -0.000437921 -0.00517055
internal_weight=363 318 21 45 297 275
internal_count=363 318 21 45 297 275
is_linear=0
shrinkage=0.05


Tree=79
num_leaves=7
num_cat=0
split_feature=7 4 6 3 5 0
split_gain=23.2854 63.1299 52.3007 45.7907 39.7033 80.5789
threshold=1.0000000180025095e-35 32.063677568608 0.25881904510252057 270.54046213980826 0.68301270189221941 0.19469509745675254
decision_type=2 2 2 2 2 2
left_child=2 3 4 -2 -1 -6
right_child=1 -3 -4 -5 5 -7
leaf_value=-0.0026057371877961691 -0.13380435984581707 0.049177102812876308 -0.10783702626824379 -0.007468688258757958 0.1108204514755366 0.0048902717210223962
leaf_weight=225 16.000000000000004 14.999999999999998 9.9999999999999982 12.999999999999998 26 58
leaf_count=225 16 15 10 13 26 58
internal_value=5.66234e-10 -0.0340979 0.00470315 -0.0771711 0.00834523 0.0376782
internal_weight=363 44 319 29 309 84
internal_count=363 44 319 29 309 84
is_linear=0
shrinkage=0.05


Tree=80
num_leaves=7
num_cat=0
split_feature=0 3 0 0 5 2
split_gain=23.3371 34.2503 28.3096 76.3467 48.0237 35.2557
threshold=0.42313774298843893 270.54046213980826 0.22046593595002537 0.21373285067558948 -0.3794095225512602 20.500000000000004
decision_type=2 2 2 2 2 2
left_child=2 -2 3 -1 -5 -4
right_child=1 -3 5 4 -6 -7
leaf_value=-0.0048714923958938852 -0.0078165611690458135 0.095842498143514004 0.02454938418749306 0.024895244029661014 0.17325584992766382 -0.058515628368001095
leaf_weight=247 17 14.999999999999998 18 12.000000000000002 9.9999999999999982 44
leaf_count=247 17 15 18 12 10 44
internal_value=1.46241e-11 0.0407736 -0.00394186 0.00307823 0.0923319 -0.0344
internal_weight=363 32 331 269 22 62
internal_count=363 32 331 269 22 62
is_linear=0
shrinkage=0.05


Tree=81
num_leaves=7
num_cat=0
split_feature=4 5 6 2 4 2
split_gain=22.4143 41.2869 54.2794 41.6989 39.9412 99.9037
threshold=6.5286615512644133 -0.78656609248549292 -0.12940952255126037 25.500000000000004 3.6614854674731685 39.500000000000007
decision_type=2 2 2 2 2 2
left_child=4 2 3 -2 5 -1
right_child=1 -3 -4 -5 -6 -7
leaf_value=-0.014981913272864545 -0.027726861799047112 -0.0019035426134977379 0.13775974042140521 0.077612299647401364 -0.047810356361227796 0.13998686323563259
leaf_weight=78 21 165 12.999999999999998 17 57 11.999999999999998
leaf_count=78 21 165 13 17 57 12
internal_value=-2.7154e-10 0.0102497 0.0495691 0.0193986 -0.0150608 0.00568059
internal_weight=363 216 51 38 147 90
internal_count=363 216 51 38 147 90
is_linear=0
shrinkage=0.05


Tree=82
num_leaves=7
num_cat=0
split_feature=1 1 0 2 3 3
split_gain=21.8494 78.0283 29.3148 43.8991 56.6479 80.7243
threshold=47.104645492170057 43.171769130360381 0.11421914061704323 26.500000000000004 7.4460065935752722 124.11595228024872
decision_type=2 2 2 2 2 2
left_child=1 2 -1 -4 -5 -6
right_child=-2 -3 3 4 5 -7
leaf_value=0.056713105721966084 0.053704341418213321 -0.11433356324831645 -0.023726719006441022 -0.095362225716764282 0.080733110008458064 0.0010621711046847164
leaf_weight=23 18 14.999999999999998 131 10.999999999999998 43 122
leaf_count=23 18 15 131 11 43 122
internal_value=1.67535e-10 -0.00280197 0.00226765 -0.00181132 0.0145007 0.0218249
internal_weight=363 345 330 307 176 165
internal_count=363 345 330 307 176 165
is_linear=0
shrinkage=0.05


Tree=83
num_leaves=7
num_cat=0
split_feature=4 4 0 3 0 6
split_gain=20.9337 39.7942 80.0916 87.9343 76.4943 85.0378
threshold=6.5286615512644133 26.144913448538848 0.16124299808971335 297.11377635473889 0.16263780443994127 -0.9159756150367534
decision_type=2 2 2 2 2 2
left_child=-1 4 -3 -4 -2 -6
right_child=1 2 3 -5 5 -7
leaf_value=-0.014554859718092445 -0.031327906144516811 0.05751213210410086 -0.072102282324975189 0.05521667660472708 0.16462087119619051 0.032353147433605046
leaf_weight=147 35 29 55 18 14.999999999999998 64
leaf_count=147 35 29 55 18 15 64
internal_value=-2.97228e-10 0.00990539 -0.0127831 -0.0407086 0.0302056 0.0574673
internal_weight=363 216 102 73 114 79
internal_count=363 216 102 73 114 79
is_linear=0
shrinkage=0.05


Tree=84
num_leaves=7
num_cat=0
split_feature=3 3 4 4 4 0
split_gain=21.7351 44.1305 102.02 36.801 28.5672 33.3616
threshold=401.85215651260063 368.97129477308232 4.6803512435130754 9.8257015328828547 1.4272395205449415 0.20208480414887928
decision_type=2 2 2 2 2 2
left_child=1 4 -3 -2 -1 -6
right_child=3 2 -4 -5 5 -7
leaf_value=0.054474795643578877 -0.071177109044331763 -0.030426781963218331 0.1902349491417408 0.020369632738201242 -0.01928127537176795 0.016115470920005336
leaf_weight=22 26 11.000000000000002 9.9999999999999982 19 162 113
leaf_count=22 26 11 10 19 162 113
internal_value=5.08507e-10 0.00460246 0.0746502 -0.032524 -0.000350414 -0.00473643
internal_weight=363 318 21 45 297 275
internal_count=363 318 21 45 297 275
is_linear=0
shrinkage=0.05


Tree=85
num_leaves=7
num_cat=0
split_feature=0 3 0 0 5 2
split_gain=20.5724 32.4423 23.9418 62.9474 42.1387 32.3098
threshold=0.42313774298843893 270.54046213980826 0.22046593595002537 0.21373285067558948 -0.3794095225512602 20.500000000000004
decision_type=2 2 2 2 2 2
left_child=2 -2 3 -1 -5 -4
right_child=1 -3 5 4 -6 -7
leaf_value=-0.0044636179845278651 -0.0090079995967886038 0.091877954999605826 0.024721666342682309 0.020628964590529597 0.15960230022668839 -0.054797280410473992
leaf_weight=247 17 14.999999999999998 18 12.000000000000002 9.9999999999999982 44
leaf_count=247 17 15 18 12 10 44
internal_value=-2.1176e-10 0.0382823 -0.00370101 0.00275486 0.0837987 -0.0317111
internal_weight=363 32 331 269 22 62
internal_count=363 32 331 269 22 62
is_linear=0
shrinkage=0.05


Tree=86
num_leaves=7
num_cat=0
split_feature=7 4 6 0 6 0
split_gain=20.0681 56.7731 45.6687 41.4121 36.9651 77.3528
threshold=1.0000000180025095e-35 32.063677568608 0.25881904510252057 0.15660357070675943 -0.60355339059327406 0.19469509745675254
decision_type=2 2 2 2 2 2
left_child=2 3 4 -2 -1 -6
right_child=1 -3 -4 -5 5 -7
leaf_value=-0.011735248153940227 -0.13022542345027127 0.047316388313968977 -0.10079683259129524 -0.010655254844043937 0.068985391296446319 -0.0012597554907268656
leaf_weight=136 15.000000000000002 14.999999999999998 9.9999999999999982 13.999999999999998 60 113
leaf_count=136 15 15 10 14 60 113
internal_value=-1.71833e-10 -0.0316548 0.00436617 -0.0725019 0.00776951 0.0231027
internal_weight=363 44 319 29 309 173
internal_count=363 44 319 29 309 173
is_linear=0
shrinkage=0.05


Tree=87
num_leaves=7
num_cat=0
split_feature=3 3 4 1 4 0
split_gain=19.6145 80.9788 37.2495 34.3125 25.5162 30.8537
threshold=391.00102261144957 368.97129477308232 9.8257015328828547 26.410870144149744 1.4272395205449415 0.20208480414887928
decision_type=2 2 2 2 2 2
left_child=1 4 3 -2 -1 -6
right_child=2 -3 -4 -5 5 -7
leaf_value=0.051528614573180677 -0.13377301557497545 0.13219850684205692 0.022281063889915294 -0.024763229134536924 -0.018418980455370965 0.015621335814352585
leaf_weight=22 10.999999999999998 11.999999999999998 22 21 162 113
leaf_count=22 11 12 22 21 162 113
internal_value=3.81252e-10 0.00485873 -0.0278027 -0.0622353 -0.000286311 -0.00443151
internal_weight=363 309 54 32 297 275
internal_count=363 309 54 32 297 275
is_linear=0
shrinkage=0.05


Tree=88
num_leaves=7
num_cat=0
split_feature=3 3 4 4 0 6
split_gain=19.1399 42.7614 42.9087 96.4222 80.4402 111.407
threshold=5.7414681043438813 14.792968437488577 48.442471165882814 24.921184286642802 0.17308977043471593 -0.9159756150367534
decision_type=2 2 2 2 2 2
left_child=-1 -2 3 4 -3 -6
right_child=1 2 -4 -5 5 -7
leaf_value=-0.038251412341681619 0.057468949207528076 -0.036882395163914304 0.05530885161896204 -0.08253387299513347 0.13806216277574238 0.0086292497631638571
leaf_weight=30 33 81 29 38 19 133
leaf_count=30 33 81 29 38 19 133
internal_value=-6.06899e-10 0.00344607 -0.00249644 -0.00868225 0.00336222 0.0248084
internal_weight=363 333 300 271 233 152
internal_count=363 333 300 271 233 152
is_linear=0
shrinkage=0.05


Tree=89
num_leaves=7
num_cat=0
split_feature=0 0 1 1 4 4
split_gain=19.6965 28.851 130.349 56.8818 55.2779 77.0924
threshold=0.10540033244478106 0.14241435813816225 25.687046228719613 25.937891605395283 15.722389596866959 26.144913448538848
decision_type=2 2 2 2 2 2
left_child=-1 2 -2 4 -3 -6
right_child=1 3 -4 -5 5 -7
leaf_value=0.049558028029768095 0.070552932045289452 -0.076711826297718 -0.12836990915238858 0.016511699034364571 0.10308094977268152 -0.031267141782575184
leaf_weight=19 13.999999999999998 38 20 213 13.999999999999998 45
leaf_count=19 14 38 20 213 14 45
internal_value=-5.24077e-10 -0.00273722 -0.0464605 0.00205824 -0.0296798 0.000612066
internal_weight=363 344 34 310 97 59
internal_count=363 344 34 310 97 59
is_linear=0
shrinkage=0.05


Tree=90
num_leaves=7
num_cat=0
split_feature=0 0 5 3 1 1
split_gain=18.4737 31.341 23.522 24.3861 48.1295 39.5999
threshold=0.42313774298843893 0.58188918547082713 0.98296291314453421 219.93928153224729 22.449026196348189 27.153326026900022
decision_type=2 2 2 2 2 2
left_child=2 -2 3 5 -5 -1
right_child=1 -3 -4 4 -6 -7
leaf_value=-0.014907277760406335 0.069638258227231839 -0.037117277383804319 -0.069429909265958351 0.090388956591486935 -0.023180432259875663 0.033808046391114913
leaf_weight=75 22 9.9999999999999982 12.999999999999998 9.9999999999999982 139 94
leaf_count=75 22 10 13 10 139 94
internal_value=2.67851e-10 0.0362772 -0.00350716 -0.000812201 -0.0155583 0.0121888
internal_weight=363 32 331 318 149 169
internal_count=363 32 331 318 149 169
is_linear=0
shrinkage=0.05


Tree=91
num_leaves=7
num_cat=0
split_feature=4 4 5 6 6 3
split_gain=18.6436 44.7435 41.8642 47.4432 37.0008 49.6993
threshold=6.6179236137944946 7.7139648736850033 -0.78656609248549292 -0.12940952255126037 1.0000000180025095e-35 134.20392424568931
decision_type=2 2 2 2 2 2
left_child=4 -2 3 -3 5 -1
right_child=1 2 -4 -5 -6 -7
leaf_value=0.046598493219870668 0.10329819979767006 0.013673499133437872 -0.0083459725997482356 0.12694391012191772 -0.073402401948855681 -0.022696982287680328
leaf_weight=36 11.999999999999998 32 156 12.999999999999998 22 92
leaf_count=36 12 32 156 13 22 92
internal_value=5.07994e-11 0.00950906 0.00390971 0.0463961 -0.0135029 -0.00320763
internal_weight=363 213 201 45 150 128
internal_count=363 213 201 45 150 128
is_linear=0
shrinkage=0.05


Tree=92
num_leaves=7
num_cat=0
split_feature=0 2 5 3 1 1
split_gain=17.9157 29.8464 20.5296 20.8215 42.76 35.2639
threshold=0.42313774298843893 32.500000000000007 0.98296291314453421 219.93928153224729 22.449026196348189 27.2740178447376
decision_type=2 2 2 2 2 2
left_child=2 -2 3 5 -5 -1
right_child=1 -3 -4 4 -6 -7
leaf_value=-0.014188220248998781 0.075667553826382294 -0.022652583698240612 -0.065040680536857021 0.085300815403461461 -0.021746249377673908 0.031724238656060673
leaf_weight=76 19 12.999999999999998 12.999999999999998 9.9999999999999982 139 93
leaf_count=76 19 13 13 10 139 93
internal_value=9.44151e-11 0.035725 -0.00345378 -0.000936072 -0.0145619 0.0110772
internal_weight=363 32 331 318 149 169
internal_count=363 32 331 318 149 169
is_linear=0
shrinkage=0.05


Tree=93
num_leaves=7
num_cat=0
split_feature=4 4 5 6 1 6
split_gain=17.6042 39.7393 37.5775 42.6661 32.7534 32.7508
threshold=6.6179236137944946 7.7139648736850033 -0.78656609248549292 -0.12940952255126037 23.717056895400408 1.0000000180025095e-35
decision_type=2 2 2 2 2 2
left_child=5 -2 3 4 -3 -1
right_child=1 2 -4 -5 -6 -7
leaf_value=-0.0034351292633800767 0.097629108528296149 -0.028658353086364899 -0.0076480375155090138 0.12060069021446487 0.074338725323860474 -0.069475570973008868
leaf_weight=128 11.999999999999998 19 156 12.999999999999998 12.999999999999998 22
leaf_count=128 12 19 156 13 13 22
internal_value=9.96105e-11 0.00924018 0.00396323 0.0442156 0.0131842 -0.0131211
internal_weight=363 213 201 45 32 150
internal_count=363 213 201 45 32 150
is_linear=0
shrinkage=0.05


Tree=94
num_leaves=7
num_cat=0
split_feature=0 3 1 1 0 3
split_gain=17.394 29.0017 19.6776 51.0201 27.471 73.092
threshold=0.42313774298843893 270.54046213980826 47.471599153746126 43.171769130360381 0.1551028605827689 60.301072436875053
decision_type=2 2 2 2 2 2
left_child=2 -2 3 4 5 -1
right_child=1 -3 -4 -5 -6 -7
leaf_value=0.094638031199574479 -0.0095113297595697307 0.085875049034754444 0.05068938890472055 -0.090400541091666509 -0.010148421015941243 -0.010070140078663827
leaf_weight=25 17 14.999999999999998 15.999999999999998 17 223 50
leaf_count=25 17 15 16 17 223 50
internal_value=1.18532e-10 0.035201 -0.00340312 -0.00615068 -0.00134448 0.0248326
internal_weight=363 32 331 315 298 75
internal_count=363 32 331 315 298 75
is_linear=0
shrinkage=0.05


Tree=95
num_leaves=7
num_cat=0
split_feature=3 3 4 4 0 3
split_gain=16.6547 39.0799 84.4448 31.9505 22.0278 67.4338
threshold=401.85215651260063 368.97129477308232 4.6803512435130754 9.8257015328828547 0.20208480414887928 124.11595228024872
decision_type=2 2 2 2 2 2
left_child=1 4 -3 -2 5 -1
right_child=3 2 -4 -5 -6 -7
leaf_value=0.019026864775117825 -0.064486071925896865 -0.025651897625489663 0.17510464161634445 0.020814466456833641 0.015790537424377853 -0.042871951845220552
leaf_weight=88 26 11.000000000000002 9.9999999999999982 19 121 88
leaf_count=88 26 11 10 19 121 88
internal_value=-2.72534e-10 0.00402881 0.0699465 -0.0284703 -0.000632029 -0.0119225
internal_weight=363 318 21 45 297 176
internal_count=363 318 21 45 297 176
is_linear=0
shrinkage=0.05


Tree=96
num_leaves=7
num_cat=0
split_feature=3 3 3 3 3 4
split_gain=16.836 34.9436 43.2475 44.3215 54.624 51.3501
threshold=5.7414681043438813 14.792968437488577 43.533862720779915 57.304690676020286 76.024733381852158 49.053930499306709
decision_type=2 2 2 2 2 2
left_child=-1 -2 -3 -4 -5 -6
right_child=1 2 3 4 5 -7
leaf_value=-0.035875485607733335 0.052067528365913662 -0.071336131986408008 0.078953987691137539 -0.10636089150793851 -0.0028923785648284819 0.092538031935691836
leaf_weight=30 33 21 18 11.999999999999998 234 14.999999999999998
leaf_count=30 33 21 18 12 234 15
internal_value=1.96527e-10 0.00323203 -0.00213988 0.00306844 -0.00216505 0.00285644
internal_weight=363 333 300 279 261 249
internal_count=363 333 300 279 261 249
is_linear=0
shrinkage=0.05


Tree=97
num_leaves=7
num_cat=0
split_feature=1 1 0 3 2 6
split_gain=16.4021 50.0723 21.8743 39.0724 35.2316 48.6696
threshold=47.471599153746126 43.171769130360381 0.11421914061704323 178.63341022920645 26.500000000000004 -0.37940952255126015
decision_type=2 2 2 2 2 2
left_child=1 2 3 -1 5 -4
right_child=-2 -3 4 -5 -6 -7
leaf_value=-0.013334797819455461 0.049496192391961819 -0.085965090639450972 -0.060552892636279679 0.11712655804374002 0.013118427358991045 0.0024309900719899596
leaf_weight=12.000000000000002 15.999999999999998 17 49 10.999999999999998 176 82
leaf_count=12 16 17 49 11 176 82
internal_value=-6.50258e-10 -0.00228225 0.00202869 0.0490598 -0.00149481 -0.0211279
internal_weight=363 347 330 23 307 131
internal_count=363 347 330 23 307 131
is_linear=0
shrinkage=0.05


Tree=98
num_leaves=7
num_cat=0
split_feature=3 3 4 4 3 0
split_gain=15.2042 31.8844 37.8389 82.8295 71.2588 68.0468
threshold=5.7414681043438813 14.792968437488577 48.442471165882814 24.921184286642802 286.61114605665335 0.17308977043471593
decision_type=2 2 2 2 2 2
left_child=-1 -2 3 5 -5 -3
right_child=1 2 -4 4 -6 -7
leaf_value=-0.034092610764006777 0.049720214691125988 -0.033720359776491002 0.052223120218720935 -0.14478690224258525 -0.0078478025958726282 0.023019403620549529
leaf_weight=30 33 81 29 19 19 152
leaf_count=30 33 81 29 19 19 152
internal_value=1.78311e-10 0.00307141 -0.00205996 -0.00786885 -0.0763174 0.00329442
internal_weight=363 333 300 271 38 233
internal_count=363 333 300 271 38 233
is_linear=0
shrinkage=0.05


Tree=99
num_leaves=7
num_cat=0
split_feature=1 1 1 1 1 1
split_gain=14.826 54.7516 21.9415 24.701 23.8233 83.8009
threshold=47.104645492170057 43.171769130360381 41.701617533799812 40.522036302239904 33.429039471018349 31.814783427110054
decision_type=2 2 2 2 2 2
left_child=1 2 3 4 5 -1
right_child=-2 -3 -4 -5 -6 -7
leaf_value=0.0057340320077720695 0.044238666941722238 -0.095734658638636283 0.068308188828329244 -0.077903261780738836 0.033160957018388254 -0.0859015677390354
leaf_weight=229 18 14.999999999999998 11.999999999999998 9.9999999999999982 51 28
leaf_count=229 18 15 12 10 51 28
internal_value=4.00238e-11 -0.0023081 0.00193856 -0.000565957 0.00194499 -0.00424961
internal_weight=363 345 330 318 308 257
internal_count=363 345 330 318 308 257
is_linear=0
shrinkage=0.05


Tree=100
num_leaves=7
num_cat=0
split_feature=3 7 5 4 3 6
split_gain=14.5542 15.9956 47.8366 43.2088 44.0668 37.9466
threshold=500.43090994973062 1.0000000180025095e-35 0.68301270189221941 49.053930499306709 278.58304513701677 0.25881904510252057
decision_type=2 2 2 2 2 2
left_child=1 5 -3 4 -4 -1
right_child=-2 2 3 -5 -6 -7
leaf_value=0.0091176241530052157 -0.054146900027990344 0.063956282186237251 -0.1548684819959677 0.030325888395309447 -0.015258013606071472 -0.089907911345362676
leaf_weight=297 11.999999999999998 10.999999999999998 13.000000000000002 9.9999999999999982 9.9999999999999982 9.9999999999999982
leaf_count=297 12 11 13 10 10 10
internal_value=1.25748e-10 0.00185118 -0.026343 -0.0564428 -0.0941683 0.00589204
internal_weight=363 351 44 33 23 307
internal_count=363 351 44 33 23 307
is_linear=0
shrinkage=0.05


Tree=101
num_leaves=7
num_cat=0
split_feature=0 0 1 1 4 4
split_gain=15.0666 21.6298 111.073 47.9845 49.2176 66.5449
threshold=0.10540033244478106 0.14241435813816225 25.687046228719613 25.937891605395283 15.722389596866959 26.144913448538848
decision_type=2 2 2 2 2 2
left_child=-1 2 -2 4 -3 -6
right_child=1 3 -4 -5 5 -7
leaf_value=0.043343834422136608 0.067763129781399464 -0.071771268590696546 -0.11586275100708009 0.015033225725654145 0.096392483051334119 -0.028427229051788652
leaf_weight=19 13.999999999999998 38 20 213 13.999999999999998 45
leaf_count=19 14 38 20 213 14 45
internal_value=-5.69569e-11 -0.00239399 -0.0402521 0.00175819 -0.0273922 0.00119101
internal_weight=363 344 34 310 97 59
internal_count=363 344 34 310 97 59
is_linear=0
shrinkage=0.05


Tree=102
num_leaves=7
num_cat=0
split_feature=0 0 0 0 1 0
split_gain=14.3082 26.8471 19.2397 51.8435 30.3871 73.5222
threshold=0.42313774298843893 0.58188918547082713 0.22046593595002537 0.21509200852515706 31.160350471501008 0.14241435813816225
decision_type=2 2 2 2 2 2
left_child=2 -2 3 4 -1 -6
right_child=1 -3 -4 -5 5 -7
leaf_value=0.013771261241301104 0.062803039064800198 -0.036002654135227206 -0.02819588871282195 0.089986128266900778 -0.15076984941959382 -0.0092196512564614013
leaf_weight=132 22 9.9999999999999982 62 15.999999999999998 9.9999999999999982 111
leaf_count=132 22 10 62 16 10 111
internal_value=-8.17152e-11 0.0319263 -0.00308653 0.00270076 -0.00281926 -0.020918
internal_weight=363 32 331 269 253 121
internal_count=363 32 331 269 253 121
is_linear=0
shrinkage=0.05


Tree=103
num_leaves=7
num_cat=0
split_feature=3 3 4 4 4 6
split_gain=14.4255 36.5622 71.8938 27.9476 21.3639 27.7838
threshold=401.85215651260063 368.97129477308232 4.6803512435130754 9.8257015328828547 1.4272395205449415 -0.37940952255126015
decision_type=2 2 2 2 2 2
left_child=1 4 -3 -2 5 -1
right_child=3 2 -4 -5 -6 -7
leaf_value=0.097946885228157018 -0.060180698650387623 -0.020699917186390263 0.16453759148716929 0.019597617134844005 -0.0045516482530669738 -0.014899280574172736
leaf_weight=12.000000000000002 26 11.000000000000002 9.9999999999999982 19 275 9.9999999999999982
leaf_count=12 26 11 10 19 275 10
internal_value=-1.8216e-10 0.00374951 0.0675084 -0.0264965 -0.000758698 0.0466532
internal_weight=363 318 21 45 297 22
internal_count=363 318 21 45 297 22
is_linear=0
shrinkage=0.05


Tree=104
num_leaves=7
num_cat=0
split_feature=3 3 3 3 3 3
split_gain=13.4582 28.4876 33.3314 42.518 47.8105 42.8806
threshold=5.7414681043438813 14.792968437488577 43.533862720779915 57.304690676020286 76.024733381852158 124.11595228024872
decision_type=2 2 2 2 2 2
left_child=-1 -2 -3 -4 -5 -6
right_child=1 2 3 4 5 -7
leaf_value=-0.032075337270895642 0.046983637903450115 -0.062708204008993657 0.076937352617581695 -0.099995322991162539 0.058244876484386622 -0.0054959008436156736
leaf_weight=30 33 21 18 11.999999999999998 30 219
leaf_count=30 33 21 18 12 30 219
internal_value=3.5675e-10 0.00288967 -0.00196067 0.00261173 -0.00251418 0.00218371
internal_weight=363 333 300 279 261 249
internal_count=363 333 300 279 261 249
is_linear=0
shrinkage=0.05


Tree=105
num_leaves=7
num_cat=0
split_feature=3 2 3 2 3 1
split_gain=13.2795 14.6393 47.5678 40.0803 85.9323 55.5154
threshold=500.43090994973062 33.500000000000007 306.51505617790536 26.500000000000004 10.551460763971743 38.309918648995463
decision_type=2 2 2 2 2 2
left_child=1 3 -3 -1 -5 -6
right_child=-2 2 -4 4 5 -7
leaf_value=-0.0082242844876326965 -0.051721499487757686 0.0043360630578648017 -0.077487079621009203 -0.099345638332041838 0.067648935198069443 -0.032676699319306543
leaf_weight=149 11.999999999999998 78 23 10.999999999999998 73 17
leaf_count=149 12 78 23 11 73 17
internal_value=1.76579e-10 0.00176826 -0.0142969 0.00825859 0.0325749 0.0486985
internal_weight=363 351 101 250 101 90
internal_count=363 351 101 250 101 90
is_linear=0
shrinkage=0.05


Tree=106
num_leaves=7
num_cat=0
split_feature=4 4 4 2 4 0
split_gain=13.4864 39.6252 31.5953 84.0037 41.5374 40.9454
threshold=6.6179236137944946 8.5697096777372774 4.7421048654564286 40.500000000000007 4.1997812496762261 0.17262606224361707
decision_type=2 2 2 2 2 2
left_child=2 -2 3 4 -1 -4
right_child=1 -3 5 -5 -6 -7
leaf_value=-0.02388212883614757 0.086440064708391828 0.0021518091050287086 -0.12704594383637111 0.12705288762226702 0.083594121988862763 -0.01604348890207432
leaf_weight=89 14.999999999999998 198 11.999999999999998 11.999999999999998 9.9999999999999982 27
leaf_count=89 15 198 12 12 10 27
internal_value=1.43162e-10 0.0080876 -0.0114844 0.00211772 -0.0130259 -0.0501981
internal_weight=363 213 150 111 99 39
internal_count=363 213 150 111 99 39
is_linear=0
shrinkage=0.05


Tree=107
num_leaves=7
num_cat=0
split_feature=1 1 1 1 1 1
split_gain=13.9685 46.7104 20.0482 24.9548 58.6317 72.9742
threshold=47.104645492170057 43.171769130360381 41.701617533799812 36.278699160909532 33.429039471018349 31.814783427110054
decision_type=2 2 2 2 2 2
left_child=1 2 3 4 5 -1
right_child=-2 -3 -4 -5 -6 -7
leaf_value=0.0054865344333987053 0.042940316845973332 -0.088533947368462887 0.065123620194693407 -0.04332996006574362 0.070037028628091011 -0.080024941079318526
leaf_weight=229 18 14.999999999999998 11.999999999999998 31 30 28
leaf_count=229 18 15 12 31 30 28
internal_value=1.84212e-10 -0.00224036 0.00168207 -0.000711949 0.00389139 -0.00382989
internal_weight=363 345 330 318 287 257
internal_count=363 345 330 318 287 257
is_linear=0
shrinkage=0.05


Tree=108
num_leaves=7
num_cat=0
split_feature=0 5 3 3 3 1
split_gain=13.0652 20.2833 75.5112 26.5897 65.8935 56.0975
threshold=0.10540033244478106 0.98296291314453421 134.20392424568931 145.38541782837154 51.882466125523507 40.522036302239904
decision_type=2 2 2 2 2 2
left_child=-1 3 -3 4 5 -2
right_child=1 2 -4 -5 -6 -7
leaf_value=0.040362458244750377 0.0085894414801386335 -0.14297773567113006 0.035019483933081998 -0.011059376671113433 0.069101635898939917 -0.11192888030782343
leaf_weight=19 79 11.000000000000002 12.999999999999998 187 43 10.999999999999998
leaf_count=19 79 11 13 187 43 11
internal_value=1.40468e-11 -0.00222932 -0.0465626 0.00109567 0.0181859 -0.00614058
internal_weight=363 344 24 320 133 90
internal_count=363 344 24 320 133 90
is_linear=0
shrinkage=0.05


Tree=109
num_leaves=7
num_cat=0
split_feature=1 1 0 1 1 3
split_gain=12.6066 40.4261 18.0731 63.1745 102.685 75.607
threshold=47.104645492170057 43.171769130360381 0.1551028605827689 33.563474297677494 25.687046228719613 383.20789905645063
decision_type=2 2 2 2 2 2
left_child=1 2 3 4 -1 -6
right_child=-2 -3 -4 -5 5 -7
leaf_value=0.05640972981659266 0.04079330712556839 -0.08240753081937631 -0.0048251438628443902 0.14009154476225377 -0.16396651205917195 0.007067741453647614
leaf_weight=39 18 14.999999999999998 255 9.9999999999999982 12.000000000000002 13.999999999999998
leaf_count=39 18 15 255 10 12 14
internal_value=7.45315e-11 -0.00212835 0.00152071 0.0230966 0.00509738 -0.0718711
internal_weight=363 345 330 75 65 26
internal_count=363 345 330 75 65 26
is_linear=0
shrinkage=0.05


Tree=110
num_leaves=7
num_cat=0
split_feature=3 3 3 3 3 3
split_gain=12.5348 13.087 23.4675 31.5433 33.1125 42.8701
threshold=500.43090994973062 5.7414681043438813 14.792968437488577 43.533862720779915 57.304690676020286 76.024733381852158
decision_type=2 2 2 2 2 2
left_child=1 -1 -3 -4 -5 -6
right_child=-2 2 3 4 5 -7
leaf_value=-0.029863177090883253 -0.050250170504053442 0.04460779562112735 -0.058909688588409198 0.070223717391490942 -0.092200380361949413 0.0046680219887749921
leaf_weight=30 11.999999999999998 33 21 18 11.999999999999998 237
leaf_count=30 12 33 21 18 12 237
internal_value=-9.8937e-12 0.00171795 0.00466946 9.31948e-05 0.00473387 -3.34751e-07
internal_weight=363 351 321 288 267 249
internal_count=363 351 321 288 267 249
is_linear=0
shrinkage=0.05


Tree=111
num_leaves=7
num_cat=0
split_feature=0 3 0 0 1 0
split_gain=11.9174 26.8498 16.4795 47.7937 26.4029 64.6314
threshold=0.42313774298843893 270.54046213980826 0.22046593595002537 0.21509200852515706 31.160350471501008 0.14241435813816225
decision_type=2 2 2 2 2 2
left_child=2 -2 3 4 -1 -6
right_child=1 -3 -4 -5 5 -7
leaf_value=0.012703854010341634 -0.013884537732776474 0.077894965807596847 -0.026055401990625768 0.086346066719852399 -0.14137905359268188 -0.0086631326961356236
leaf_weight=132 17 14.999999999999998 62 15.999999999999998 9.9999999999999982 111
leaf_count=132 17 15 62 16 10 111
internal_value=-1.26934e-10 0.0291371 -0.00281688 0.00253921 -0.00276083 -0.0196314
internal_weight=363 32 331 269 253 121
internal_count=363 32 331 269 253 121
is_linear=0
shrinkage=0.05


Tree=112
num_leaves=7
num_cat=0
split_feature=3 3 2 3 4 7
split_gain=12.2993 34.8427 78.911 34.9697 25.9393 23.8137
threshold=401.85215651260063 355.16723636556304 31.500000000000004 326.85300626786415 9.8257015328828547 1.0000000180025095e-35
decision_type=2 2 2 2 2 2
left_child=1 3 -3 5 -2 -1
right_child=4 2 -4 -5 -6 -7
leaf_value=0.0067877549568406683 -0.056917465542658023 0.11443635571748019 -0.043800982832908633 -0.085707643379767745 0.019941010208506332 -0.039757562840297342
leaf_weight=242 26 20 12.999999999999998 11.999999999999998 19 31
leaf_count=242 26 20 13 12 19 31
internal_value=-1.14812e-10 0.00346219 0.0521004 -0.00216961 -0.0244661 0.00150239
internal_weight=363 318 33 285 45 273
internal_count=363 318 33 285 45 273
is_linear=0
shrinkage=0.05


Tree=113
num_leaves=7
num_cat=0
split_feature=4 4 4 2 6 6
split_gain=11.941 35.5867 29.7098 81.4982 44.4673 43.1673
threshold=6.6179236137944946 8.5697096777372774 3.6614854674731685 39.500000000000007 1.0000000180025095e-35 -0.37940952255126015
decision_type=2 2 2 2 2 2
left_child=2 -2 3 4 -1 -4
right_child=1 -3 5 -5 -6 -7
leaf_value=0.0031774694213013658 0.081862680514653521 0.0019849636385010348 -0.083398326952010396 0.12866764234689373 -0.109745711106807 0.0016114901984110475
leaf_weight=68 14.999999999999998 198 28 11.999999999999998 9.9999999999999982 32
leaf_count=68 15 198 28 12 10 32
internal_value=1.5862e-10 0.00761015 -0.0108064 0.00736247 -0.0112999 -0.0380598
internal_weight=363 213 150 90 78 60
internal_count=363 213 150 90 78 60
is_linear=0
shrinkage=0.05


Tree=114
num_leaves=7
num_cat=0
split_feature=3 3 4 1 0 4
split_gain=11.9101 66.0358 23.6518 27.0523 20.1433 17.9737
threshold=391.00102261144957 368.97129477308232 9.8257015328828547 26.410870144149744 0.20263218458347004 26.144913448538848
decision_type=2 2 2 2 2 2
left_child=1 5 3 -2 -4 -1
right_child=2 -3 4 -5 -6 -7
leaf_value=0.0075751778010929027 -0.11262210973284462 0.11877820631489158 0.070654002577066402 -0.015829818589346751 -0.025431090189764902 -0.01879602063839373
leaf_weight=202 10.999999999999998 11.999999999999998 10.000000000000002 21 11.999999999999998 95
leaf_count=202 11 12 10 21 12 95
internal_value=-6.33389e-11 0.00378609 -0.0216649 -0.0491022 0.018244 -0.000860054
internal_weight=363 309 54 32 22 297
internal_count=363 309 54 32 22 297
is_linear=0
shrinkage=0.05


Tree=115
num_leaves=7
num_cat=0
split_feature=1 1 1 1 1 2
split_gain=11.5325 35.4479 16.8298 23.5337 27.2772 67.0321
threshold=47.104645492170057 43.171769130360381 41.701617533799812 38.309918648995463 33.429039471018349 39.500000000000007
decision_type=2 2 2 2 2 2
left_child=1 2 3 4 -1 -6
right_child=-2 -3 -4 -5 5 -7
leaf_value=-0.0034884081751421631 0.039016756580935591 -0.077209578752517716 0.059508022790153825 -0.054770647185413461 0.087055542637352601 -0.044772718474268919
leaf_weight=257 18 14.999999999999998 11.999999999999998 19 27 14.999999999999998
leaf_count=257 18 15 12 19 27 15
internal_value=-3.10713e-10 -0.00203566 0.00138134 -0.000812121 0.00261668 0.039974
internal_weight=363 345 330 318 299 42
internal_count=363 345 330 318 299 42
is_linear=0
shrinkage=0.05


Tree=116
num_leaves=7
num_cat=0
split_feature=5 2 5 0 4 5
split_gain=11.5212 35.5266 70.7448 117.187 62.9874 44.8707
threshold=1.0000000180025095e-35 33.500000000000007 -0.9159756150367534 0.15072376617313146 3.6614854674731685 -0.78656609248549292
decision_type=2 2 2 2 2 2
left_child=1 2 -1 -4 -3 -6
right_child=-2 4 3 -5 5 -7
leaf_value=-0.00092506350742446058 -0.0082223327749358904 0.057778929836220218 -0.04764015186916698 0.15078158009311426 0.039161602556705477 -0.081739078377458196
leaf_weight=72 196 18 10.999999999999998 23 9.9999999999999982 33
leaf_count=72 196 18 11 23 10 33
internal_value=1.41382e-10 0.00965016 0.0271446 0.0865863 -0.02075 -0.0536226
internal_weight=363 167 106 34 61 43
internal_count=363 167 106 34 61 43
is_linear=0
shrinkage=0.05


Tree=117
num_leaves=7
num_cat=0
split_feature=4 4 2 2 6 3
split_gain=11.4587 30.9836 27.9921 38.0247 23.1932 65.6003
threshold=6.6179236137944946 8.5697096777372774 42.500000000000007 37.500000000000007 -0.12940952255126037 134.20392424568931
decision_type=2 2 2 2 2 2
left_child=2 -2 3 -1 -3 -6
right_child=1 4 -4 -5 5 -7
leaf_value=-0.0082073447463864631 0.076738938192526501 -0.0053073468194511468 0.056734645127185762 -0.092605668306350711 -0.021953776996168826 0.1223565898835659
leaf_weight=121 14.999999999999998 166 13.999999999999998 14.999999999999998 18 13.999999999999998
leaf_count=121 15 166 14 15 18 14
internal_value=1.82288e-10 0.00745488 -0.0105859 -0.017516 0.00220608 0.041182
internal_weight=363 213 150 136 198 32
internal_count=363 213 150 136 198 32
is_linear=0
shrinkage=0.05


Tree=118
num_leaves=7
num_cat=0
split_feature=3 3 4 1 0 3
split_gain=11.4084 57.247 22.0067 24.727 18.3372 16.5471
threshold=391.00102261144957 368.97129477308232 9.8257015328828547 26.410870144149744 0.20263218458347004 331.79843933613159
decision_type=2 2 2 2 2 2
left_child=1 5 3 -2 -4 -1
right_child=2 -3 4 -5 -6 -7
leaf_value=0.0026349878203910668 -0.10839823538606817 0.11077229681735237 0.067297399938106517 -0.015859306710106987 -0.024378819329043233 -0.043406015421663016
leaf_weight=276 10.999999999999998 11.999999999999998 10.000000000000002 21 11.999999999999998 21
leaf_count=276 11 12 10 21 12 21
internal_value=3.76165e-11 0.00370549 -0.0212037 -0.0476696 0.0172922 -0.000620437
internal_weight=363 309 54 32 22 297
internal_count=363 309 54 32 22 297
is_linear=0
shrinkage=0.05


Tree=119
num_leaves=7
num_cat=0
split_feature=1 1 2 4 1 1
split_gain=10.8901 31.5231 15.9863 76.9258 32.2502 34.7151
threshold=47.104645492170057 43.171769130360381 40.500000000000007 5.8466113445956074 38.309918648995463 33.429039471018349
decision_type=2 2 2 2 2 2
left_child=1 2 4 -4 5 -1
right_child=-2 -3 3 -5 -6 -7
leaf_value=-0.003789684199180235 0.037914597988128663 -0.072868404189745592 0.14710180841386314 -0.031930103600025177 -0.064986664115598322 0.052245572690040834
leaf_weight=255 18 14.999999999999998 10.000000000000002 14.999999999999998 19 31
leaf_count=255 18 15 10 15 19 31
internal_value=-2.87927e-10 -0.00197815 0.00124413 0.0396827 -0.00190657 0.00228407
internal_weight=363 345 330 25 305 286
internal_count=363 345 330 25 305 286
is_linear=0
shrinkage=0.05


Tree=120
num_leaves=7
num_cat=0
split_feature=4 4 6 3 3 3
split_gain=11.0533 28.7303 25.8634 43.9828 45.771 42.8002
threshold=6.6179236137944946 7.7139648736850033 -0.12940952255126037 379.10445389551461 245.56479517475711 372.65778762279768
decision_type=2 2 2 2 2 2
left_child=2 -2 5 4 -4 -1
right_child=1 -3 3 -5 -6 -7
leaf_value=-0.01151153660361089 0.082476773733894032 0.0028349299697362964 -0.076581022174408028 -0.13721136510372164 0.068258180916309349 0.076446155086159706
leaf_weight=102 11.999999999999998 201 12.000000000000002 9.9999999999999982 9.9999999999999982 15.999999999999998
leaf_count=102 12 201 12 10 10 16
internal_value=-4.17171e-10 0.00732179 -0.0103969 -0.0502658 -0.010745 0.00041493
internal_weight=363 213 150 32 22 118
internal_count=363 213 150 32 22 118
is_linear=0
shrinkage=0.05


Tree=121
num_leaves=7
num_cat=0
split_feature=3 3 3 4 4 3
split_gain=10.7621 11.4836 22.4311 29.0387 69.4217 58.7664
threshold=500.43090994973062 5.7414681043438813 14.792968437488577 48.442471165882814 25.687734532558096 286.61114605665335
decision_type=2 2 2 2 2 2
left_child=1 -1 -3 4 -4 -6
right_child=-2 2 3 -5 5 -7
leaf_value=-0.027991500472029054 -0.046561625103155778 0.043403107675751951 0.0049707206371219434 0.04733005818621866 -0.13028424296154348 -0.0023211572100134458
leaf_weight=30 11.999999999999998 33 223 29 19 17
leaf_count=30 12 33 223 29 19 17
internal_value=3.81653e-10 0.00159185 0.00435665 -0.000117423 -0.00543008 -0.0698572
internal_weight=363 351 321 288 259 36
internal_count=363 351 321 288 259 36
is_linear=0
shrinkage=0.05


Tree=122
num_leaves=7
num_cat=0
split_feature=0 3 0 0 2 1
split_gain=10.5001 24.2751 13.5739 40.6657 24.0319 42.0456
threshold=0.42313774298843893 270.54046213980826 0.22046593595002537 0.21509200852515706 20.500000000000004 27.51587185798542
decision_type=2 2 2 2 2 2
left_child=2 -2 3 -1 -4 -6
right_child=1 -3 4 -5 5 -7
leaf_value=-0.0026719225607370672 -0.013557233853156075 0.073710868755976364 0.02493504220619798 0.079522101487964403 -0.071864049373702568 0.041012325070121071
leaf_weight=253 17 14.999999999999998 18 15.999999999999998 33 10.999999999999998
leaf_count=253 17 15 18 16 33 11
internal_value=-6.08054e-11 0.0273497 -0.00264408 0.00221694 -0.0237346 -0.043645
internal_weight=363 32 331 269 62 44
internal_count=363 32 331 269 62 44
is_linear=0
shrinkage=0.05


Tree=123
num_leaves=7
num_cat=0
split_feature=3 3 4 1 0 3
split_gain=10.7681 51.5242 20.7003 21.3583 16.7046 15.7941
threshold=391.00102261144957 368.97129477308232 9.8257015328828547 26.410870144149744 0.20263218458347004 331.79843933613159
decision_type=2 2 2 2 2 2
left_child=1 5 3 -2 -4 -1
right_child=2 -3 4 -5 -6 -7
leaf_value=0.0026764934285260413 -0.10270907364108346 0.10517437954743702 0.064462977051734913 -0.016704313953717551 -0.023037097944567601 -0.042304709340844841
leaf_weight=276 10.999999999999998 11.999999999999998 10.000000000000002 21 11.999999999999998 21
leaf_count=276 11 12 10 21 12 21
internal_value=1.01342e-10 0.00360002 -0.0206001 -0.0462685 0.0167357 -0.000503996
internal_weight=363 309 54 32 22 297
internal_count=363 309 54 32 22 297
is_linear=0
shrinkage=0.05


Tree=124
num_leaves=7
num_cat=0
split_feature=4 4 4 2 6 2
split_gain=10.4957 26.7918 25.1013 69.8453 38.2169 37.1238
threshold=6.6179236137944946 7.7139648736850033 3.6614854674731685 39.500000000000007 1.0000000180025095e-35 39.500000000000007
decision_type=2 2 2 2 2 2
left_child=2 -2 3 4 -1 -4
right_child=1 -3 5 -5 -6 -7
leaf_value=0.0027137045091127649 0.079709953193863245 0.002801891068802841 -0.016547370597492068 0.11886756146947544 -0.10197271890938282 -0.11819034543904393
leaf_weight=68 11.999999999999998 201 49 11.999999999999998 9.9999999999999982 10.999999999999998
leaf_count=68 12 201 49 12 10 11
internal_value=1.08013e-10 0.00713474 -0.0101313 0.00656906 -0.0107076 -0.0351819
internal_weight=363 213 150 90 78 60
internal_count=363 213 150 90 78 60
is_linear=0
shrinkage=0.05


Tree=125
num_leaves=7
num_cat=0
split_feature=1 1 1 1 1 1
split_gain=10.3387 27.5609 16.3572 19.5394 47.47 61.76
threshold=47.104645492170057 43.171769130360381 41.701617533799812 35.938140735315812 33.429039471018349 31.283543432267738
decision_type=2 2 2 2 2 2
left_child=1 2 3 4 5 -1
right_child=-2 -3 -4 -5 -6 -7
leaf_value=0.0061564432488411935 0.036942161122957867 -0.06821295499801637 0.058390279735128087 -0.036897390094750064 0.066278903400180514 -0.066186876857981955
leaf_weight=223 18 14.999999999999998 11.999999999999998 34 27 34
leaf_count=223 18 15 12 34 27 34
internal_value=2.53356e-10 -0.00192742 0.00108556 -0.00107688 0.00321149 -0.00341427
internal_weight=363 345 330 318 284 257
internal_count=363 345 330 318 284 257
is_linear=0
shrinkage=0.05


Tree=126
num_leaves=7
num_cat=0
split_feature=2 6 1 4 0 3
split_gain=10.6273 36.0025 72.8274 38.0987 33.2959 33.1891
threshold=26.500000000000004 -0.37940952255126015 27.061188289243734 2.9112271066891169 0.16987068353822704 7.4460065935752722
decision_type=2 2 2 2 2 2
left_child=1 2 4 -3 -1 -2
right_child=5 3 -4 -5 -6 -7
leaf_value=0.032405081780060484 -0.077190175787969079 -0.070438514707180169 -0.14023750764983042 0.021692976274913768 -0.053634136712009263 0.012040039509854685
leaf_weight=23 10.999999999999998 12.999999999999998 13.999999999999998 82 22 198
leaf_count=23 11 13 14 82 22 198
internal_value=5.18257e-11 -0.00996647 -0.0406434 0.00908551 -0.00965854 0.00734371
internal_weight=363 154 59 95 45 209
internal_count=363 154 59 95 45 209
is_linear=0
shrinkage=0.05


Tree=127
num_leaves=7
num_cat=0
split_feature=0 5 3 3 3 1
split_gain=10.0204 17.4608 58.7774 24.5196 56.1208 45.5835
threshold=0.10540033244478106 0.98296291314453421 134.20392424568931 145.38541782837154 51.882466125523507 40.522036302239904
decision_type=2 2 2 2 2 2
left_child=-1 3 -3 4 5 -2
right_child=1 2 -4 -5 -6 -7
leaf_value=0.035347767252671095 0.0083720184768302543 -0.12814933589278632 0.028891553787084731 -0.010539675718123582 0.064532774647827765 -0.10026678524234078
leaf_weight=19 79 11.000000000000002 12.999999999999998 187 43 10.999999999999998
leaf_count=19 79 11 13 187 43 11
internal_value=-4.00045e-10 -0.00195235 -0.0430855 0.00113264 0.0175441 -0.00490606
internal_weight=363 344 24 320 133 90
internal_count=363 344 24 320 133 90
is_linear=0
shrinkage=0.05


Tree=128
num_leaves=7
num_cat=0
split_feature=2 1 2 5 6 1
split_gain=9.733 35.3813 31.804 66.3366 74.0769 64.5288
threshold=26.500000000000004 30.323500659777761 32.500000000000007 0.12940952255126059 -0.37940952255126015 26.410870144149744
decision_type=2 2 2 2 2 2
left_child=1 -1 3 4 -2 -5
right_child=2 -3 -4 5 -6 -7
leaf_value=-0.0010955967190063619 0.14098066176686969 -0.077572935556664196 -0.010100487753812035 -0.083579835923094509 0.01239211658636729 0.036692831527303765
leaf_weight=137 21 17 118 19 24 27
leaf_count=137 21 17 118 19 24 27
internal_value=1.48646e-10 -0.0095379 0.00702793 0.0292384 0.0724001 -0.012985
internal_weight=363 154 209 91 45 46
internal_count=363 154 209 91 45 46
is_linear=0
shrinkage=0.05


Tree=129
num_leaves=7
num_cat=0
split_feature=2 4 2 0 1 1
split_gain=9.88757 97.1959 33.8591 32.3942 16.7043 87.4388
threshold=40.500000000000007 4.3570904265127037 37.500000000000007 0.17149003590029369 42.413765175921171 38.309918648995463
decision_type=2 2 2 2 2 2
left_child=2 -2 4 -3 5 -1
right_child=1 3 -4 -5 -6 -7
leaf_value=0.003763254170856354 0.15623230814933778 0.031491420553489156 -0.067406363275490308 -0.087298782914876943 0.041420907899737361 -0.13411825926353535
leaf_weight=275 9.9999999999999982 11.000000000000002 19 11.999999999999998 24 11.999999999999998
leaf_count=275 10 11 19 12 24 12
internal_value=-3.91579e-11 0.0260953 -0.00260953 -0.0304861 0.00134912 -0.00200183
internal_weight=363 33 330 23 311 287
internal_count=363 33 330 23 311 287
is_linear=0
shrinkage=0.05


Tree=130
num_leaves=7
num_cat=0
split_feature=4 4 2 2 5 1
split_gain=10.2342 23.949 23.84 35.119 21.9784 33.9311
threshold=6.6179236137944946 7.7139648736850033 42.500000000000007 37.500000000000007 -0.78656609248549292 28.440135457000146
decision_type=2 2 2 2 2 2
left_child=2 -2 3 -1 5 -3
right_child=1 4 -4 -5 -6 -7
leaf_value=-0.0074538693866020925 0.075662213331088427 0.006059645651839674 0.052122988658291958 -0.088563517928123475 -0.0059312566885730634 0.1018515401161634
leaf_weight=121 11.999999999999998 32 13.999999999999998 14.999999999999998 156 12.999999999999998
leaf_count=121 12 32 14 15 156 13
internal_value=2.07824e-10 0.0070453 -0.0100043 -0.0163998 0.00294877 0.0337329
internal_weight=363 213 150 136 201 45
internal_count=363 213 150 136 201 45
is_linear=0
shrinkage=0.05


Tree=131
num_leaves=7
num_cat=0
split_feature=0 5 0 5 4 1
split_gain=9.88404 44.6227 34.6195 14.7575 38.3343 70.7645
threshold=0.57093510892922505 0.98296291314453421 0.42313774298843893 0.91597561503675362 12.989778016078168 21.451679169957895
decision_type=2 2 2 2 2 2
left_child=1 2 3 -1 -5 -6
right_child=-2 -3 -4 4 5 -7
leaf_value=-0.0052942100423819353 0.041193878863539014 -0.078320280462503444 0.082492511776777411 0.073369071290785959 0.088031018003821349 -0.081521562254056337
leaf_weight=270 13.999999999999998 18 12.999999999999998 22 10.000000000000002 15.999999999999998
leaf_count=270 14 18 13 22 10 16
internal_value=-1.38319e-10 -0.00165248 0.00251677 -0.000752679 0.0247934 -0.016309
internal_weight=363 349 331 318 48 26
internal_count=363 349 331 318 48 26
is_linear=0
shrinkage=0.05


Tree=132
num_leaves=7
num_cat=0
split_feature=4 6 3 3 3 3
split_gain=10.2542 21.7909 39.8903 39.772 39.121 60.2907
threshold=6.6179236137944946 -0.12940952255126037 379.10445389551461 245.56479517475711 372.65778762279768 134.20392424568931
decision_type=2 2 2 2 2 2
left_child=1 4 3 -3 5 -1
right_child=-2 2 -4 -5 -6 -7
leaf_value=0.041693911509854457 0.0070521641111639752 -0.070342438605924429 -0.12941136419773103 0.064671678543090819 0.072600024845451125 -0.039276002647716607
leaf_weight=35 213 12.000000000000002 9.9999999999999982 9.9999999999999982 15.999999999999998 67
leaf_count=35 213 12 10 10 16 67
internal_value=-1.13401e-10 -0.0100141 -0.0466096 -0.00897239 -8.98718e-05 -0.0114922
internal_weight=363 150 32 22 118 102
internal_count=363 150 32 22 118 102
is_linear=0
shrinkage=0.05


Tree=133
num_leaves=7
num_cat=0
split_feature=3 3 4 1 0 4
split_gain=10.0503 47.2435 17.9098 20.0579 14.2539 13.6558
threshold=391.00102261144957 368.97129477308232 9.8257015328828547 26.410870144149744 0.20263218458347004 1.4272395205449415
decision_type=2 2 2 2 2 2
left_child=1 5 3 -2 -4 -1
right_child=2 -3 4 -5 -6 -7
leaf_value=0.037453867393461147 -0.098472655361348943 0.10074133643259604 0.058914235681295384 -0.015127233593236833 -0.021913094073534013 -0.0034843465268654243
leaf_weight=22 10.999999999999998 11.999999999999998 10.000000000000002 21 11.999999999999998 275
leaf_count=22 11 12 10 21 12 275
internal_value=-1.6954e-10 0.00347795 -0.0199016 -0.0437772 0.0148266 -0.000451886
internal_weight=363 309 54 32 22 297
internal_count=363 309 54 32 22 297
is_linear=0
shrinkage=0.05


Tree=134
num_leaves=7
num_cat=0
split_feature=4 4 4 5 5 7
split_gain=9.72001 46.8978 52.4618 35.7296 29.6525 30.1803
threshold=66.800669763991138 58.780433710682999 50.252210902595131 0.98296291314453421 0.91597561503675362 1.0000000180025095e-35
decision_type=2 2 2 2 2 2
left_child=1 2 3 4 -1 -6
right_child=-2 -3 -4 -5 5 -7
leaf_value=-0.0055193259948864582 0.035819819404019251 -0.098979831673204899 0.1042741631468137 -0.072747872002861078 0.054243958810734197 -0.038566704543138097
leaf_weight=250 18 11.999999999999998 11.999999999999998 17 43 10.999999999999998
leaf_count=250 18 12 12 17 43 11
internal_value=-3.22114e-10 -0.00186886 0.00163063 -0.00220651 0.00173824 0.0353381
internal_weight=363 345 333 321 304 54
internal_count=363 345 333 321 304 54
is_linear=0
shrinkage=0.05


Tree=135
num_leaves=7
num_cat=0
split_feature=0 5 0 0 3 4
split_gain=9.92165 37.0506 30.0896 13.5664 20.6664 40.1998
threshold=0.57093510892922505 0.98296291314453421 0.42313774298843893 0.3226562617822667 14.792968437488577 58.780433710682999
decision_type=2 2 2 2 2 2
left_child=1 2 3 4 5 -1
right_child=-2 -3 -4 -5 -6 -7
leaf_value=0.055043617483132926 0.041272165094103135 -0.071516262175929213 0.076703521437369859 -0.047320172091325129 -0.0044812370477879922 -0.049607510430117449
leaf_weight=39 13.999999999999998 18 12.999999999999998 14.999999999999998 252 11.999999999999998
leaf_count=39 14 18 13 15 252 12
internal_value=2.78371e-11 -0.00165562 0.00214345 -0.000904602 0.0013932 0.0304198
internal_weight=363 349 331 318 303 51
internal_count=363 349 331 318 303 51
is_linear=0
shrinkage=0.05


Tree=136
num_leaves=7
num_cat=0
split_feature=0 0 4 0 1 2
split_gain=10.2238 17.0674 76.1328 29.5728 20.4215 50.6274
threshold=0.10540033244478106 0.14241435813816225 11.478467061847832 0.14775062835504757 25.937891605395283 32.500000000000007
decision_type=2 2 2 2 2 2
left_child=-1 2 -2 -3 -5 -6
right_child=1 3 -4 4 5 -7
leaf_value=0.035704621045212999 -0.11042103697271909 0.078674203964571157 0.039218551183448122 -0.020664898958057166 0.032410785365009714 -0.017406230334959485
leaf_weight=19 17 11.999999999999998 17 94 102 102
leaf_count=19 17 12 17 94 102 102
internal_value=2.75548e-10 -0.00197206 -0.0356012 0.00171631 -0.00138267 0.00750228
internal_weight=363 344 34 310 298 204
internal_count=363 344 34 310 298 204
is_linear=0
shrinkage=0.05


Tree=137
num_leaves=7
num_cat=0
split_feature=4 4 4 5 5 1
split_gain=9.61366 40.7988 46.6175 30.749 25.5113 28.6716
threshold=66.800669763991138 58.780433710682999 50.252210902595131 0.98296291314453421 0.91597561503675362 21.825108049454268
decision_type=2 2 2 2 2 2
left_child=1 2 3 4 -1 -6
right_child=-2 -3 -4 -5 5 -7
leaf_value=-0.0052839266769587993 0.035623317046297918 -0.092435127000013995 0.098162863900264116 -0.067651981531697158 0.10903641261160374 0.015244288807099854
leaf_weight=250 18 11.999999999999998 11.999999999999998 17 9.9999999999999982 44
leaf_count=250 18 12 12 17 10 44
internal_value=7.70971e-11 -0.00185861 0.00140541 -0.00221169 0.0014478 0.0326132
internal_weight=363 345 333 321 304 54
internal_count=363 345 333 321 304 54
is_linear=0
shrinkage=0.05


Tree=138
num_leaves=7
num_cat=0
split_feature=2 0 6 1 4 4
split_gain=9.79547 30.8012 57.3568 30.2771 30.274 35.4506
threshold=26.500000000000004 0.57093510892922505 -0.12940952255126037 30.323500659777761 3.6614854674731685 2.7018668802173749
decision_type=2 2 2 2 2 2
left_child=3 2 4 -1 5 -2
right_child=1 -3 -4 -5 -6 -7
leaf_value=-0.0017588161319548633 0.02191950551620344 0.092676780223846442 -0.07150786909396234 -0.07250500163611244 -0.0011609186895373391 0.1196291061739127
leaf_weight=137 41 9.9999999999999982 23 17 123 11.999999999999998
leaf_count=137 41 10 23 17 123 12
internal_value=-6.43972e-11 0.00705044 0.00274761 -0.00956846 0.0124515 0.0440424
internal_weight=363 209 199 154 176 53
internal_count=363 209 199 154 176 53
is_linear=0
shrinkage=0.05


Tree=139
num_leaves=7
num_cat=0
split_feature=0 2 6 1 4 0
split_gain=9.4012 15.715 38.2405 68.1438 37.5552 27.7981
threshold=0.10540033244478106 26.500000000000004 -0.37940952255126015 27.061188289243734 2.9112271066891169 0.57093510892922505
decision_type=2 2 2 2 2 2
left_child=-1 2 3 -2 -4 -3
right_child=1 5 4 -5 -6 -7
leaf_value=0.034238183184673913 -0.015535603620504081 0.0026102326824399996 -0.085398321747779851 -0.14815428440387432 0.01783717052281104 0.08804293841123581
leaf_weight=19 38 199 9.9999999999999982 12.999999999999998 74 9.9999999999999982
leaf_count=19 38 199 10 13 74 10
internal_value=-1.79594e-10 -0.00189106 -0.0151881 -0.0493404 0.00554723 0.00669792
internal_weight=363 344 135 51 84 209
internal_count=363 344 135 51 84 209
is_linear=0
shrinkage=0.05


Tree=140
num_leaves=7
num_cat=0
split_feature=4 4 4 0 6 2
split_gain=8.8489 22.7544 52.956 49.1772 47.4488 45.9336
threshold=6.6179236137944946 26.144913448538848 30.873189402472061 0.16263780443994127 -0.9159756150367534 30.500000000000004
decision_type=2 2 2 2 2 2
left_child=-1 3 -3 -2 -5 -4
right_child=1 2 5 4 -6 -7
leaf_value=-0.0093026253500332438 -0.02786676782895537 -0.10916077382862568 -0.020726056802012619 0.12412893341233333 0.02502599993059712 0.057221805221504642
leaf_weight=150 34 11.999999999999998 63 14.999999999999998 62 27
leaf_count=150 34 12 63 15 62 27
internal_value=-9.72373e-11 0.00655114 -0.0104969 0.0222169 0.0443318 0.0026583
internal_weight=363 213 102 111 77 90
internal_count=363 213 102 111 77 90
is_linear=0
shrinkage=0.05


Tree=141
num_leaves=7
num_cat=0
split_feature=0 0 1 1 1 0
split_gain=9.02778 13.8391 69.3531 26.7043 34.7391 30.1532
threshold=0.10540033244478106 0.14241435813816225 25.687046228719613 25.937891605395283 24.288969357078926 0.14884243089412311
decision_type=2 2 2 2 2 2
left_child=-1 2 -2 4 -3 -5
right_child=1 3 -4 5 -6 -7
leaf_value=0.033551327805770075 0.053216938248702467 -0.0064846463198773565 -0.091881764382123948 0.088364885499080031 -0.085188397085841971 0.006774720265553218
leaf_weight=19 13.999999999999998 80 20 11.999999999999998 17 201
leaf_count=19 14 80 20 12 17 201
internal_value=5.36216e-11 -0.00185313 -0.0321352 0.00146814 -0.0202781 0.0113713
internal_weight=363 344 34 310 97 213
internal_count=363 344 34 310 97 213
is_linear=0
shrinkage=0.05


Tree=142
num_leaves=7
num_cat=0
split_feature=3 3 2 3 0 3
split_gain=9.24936 25.3753 62.9723 25.7566 15.8551 57.9866
threshold=401.85215651260063 355.16723636556304 31.500000000000004 326.85300626786415 0.20208480414887928 180.98053610430091
decision_type=2 2 2 2 2 2
left_child=1 3 -3 4 -1 -6
right_child=-2 2 -4 -5 5 -7
leaf_value=-0.0086265586374074579 -0.02121679606123103 0.10019575513899326 -0.041160487268979737 -0.073497725712756312 -0.010169169485364875 0.065993467010067489
leaf_weight=162 45 20 12.999999999999998 11.999999999999998 73 38
leaf_count=162 45 20 13 12 73 38
internal_value=3.07619e-10 0.00300238 0.04451 -0.00180376 0.00134762 0.0159045
internal_weight=363 318 33 285 273 111
internal_count=363 318 33 285 273 111
is_linear=0
shrinkage=0.05


Tree=143
num_leaves=7
num_cat=0
split_feature=4 4 4 5 5 7
split_gain=9.04678 35.4942 41.6971 28.0428 23.8891 26.9157
threshold=66.800669763991138 58.780433710682999 50.252210902595131 0.98296291314453421 0.91597561503675362 1.0000000180025095e-35
decision_type=2 2 2 2 2 2
left_child=1 2 3 4 -1 -6
right_child=-2 -3 -4 -5 5 -7
leaf_value=-0.005198864084482193 0.034557080061899295 -0.086286235104004544 0.092750230928262081 -0.064673785743755569 0.049327717227644702 -0.038319705782288854
leaf_weight=250 18 11.999999999999998 11.999999999999998 17 43 10.999999999999998
leaf_count=250 18 12 12 17 43 11
internal_value=2.46348e-10 -0.00180298 0.00124146 -0.00217942 0.00131533 0.0314736
internal_weight=363 345 333 321 304 54
internal_count=363 345 333 321 304 54
is_linear=0
shrinkage=0.05


Tree=144
num_leaves=7
num_cat=0
split_feature=0 2 6 1 4 3
split_gain=8.5305 13.6719 33.9886 59.8418 34.4812 26.5783
threshold=0.10540033244478106 26.500000000000004 -0.37940952255126015 27.061188289243734 2.9112271066891169 7.4460065935752722
decision_type=2 2 2 2 2 2
left_child=-1 2 3 -2 -4 -3
right_child=1 5 4 -5 -6 -7
leaf_value=0.032614179582972275 -0.014722880211315657 -0.069437985799529339 -0.08179935153573753 -0.13900082237445391 0.017120867576198403 0.010412513722449241
leaf_weight=19 38 10.999999999999998 9.9999999999999982 12.999999999999998 74 198
leaf_count=19 38 11 10 13 74 198
internal_value=-4.63609e-10 -0.00180137 -0.0142039 -0.0464016 0.00534465 0.00620986
internal_weight=363 344 135 51 84 209
internal_count=363 344 135 51 84 209
is_linear=0
shrinkage=0.05


Tree=145
num_leaves=7
num_cat=0
split_feature=6 1 2 2 1 1
split_gain=8.66681 16.6556 30.5171 36.2065 24.7567 105.543
threshold=0.25881904510252057 46.438030701212476 43.500000000000007 40.500000000000007 31.283543432267738 30.044625459953725
decision_type=2 2 2 2 2 2
left_child=1 2 3 4 5 -1
right_child=-2 -3 -4 -5 -6 -7
leaf_value=-0.0053644178602366872 -0.041783917260666686 0.045737871304154402 -0.087264936082065106 0.074747191788628695 -0.024964668768747103 0.10788398469271868
leaf_weight=195 11.999999999999998 20 9.9999999999999982 15.999999999999998 87 23
leaf_count=195 12 20 10 16 87 23
internal_value=3.00435e-10 0.00142851 -0.00124879 0.00143084 -0.00241527 0.00658381
internal_weight=363 351 331 321 305 218
internal_count=363 351 331 321 305 218
is_linear=0
shrinkage=0.05


Tree=146
num_leaves=7
num_cat=0
split_feature=4 4 6 3 2 2
split_gain=9.0517 21.2174 19.9132 39.5609 18.8564 31.6687
threshold=6.6179236137944946 8.5697096777372774 -0.12940952255126037 134.20392424568931 42.500000000000007 37.500000000000007
decision_type=2 2 2 2 2 2
left_child=4 -2 -3 -4 5 -1
right_child=1 2 3 -5 -6 -7
leaf_value=-0.0066013690938572754 0.06395997792482376 -0.0046796205930456697 -0.010632106620404456 0.10143488411392486 0.04584473626954215 -0.083623578349749261
leaf_weight=121 14.999999999999998 166 18 13.999999999999998 13.999999999999998 14.999999999999998
leaf_count=121 15 166 18 14 14 15
internal_value=2.2321e-10 0.00662579 0.00228229 0.0383972 -0.00940862 -0.0150965
internal_weight=363 213 198 32 150 136
internal_count=363 213 198 32 150 136
is_linear=0
shrinkage=0.05


Tree=147
num_leaves=7
num_cat=0
split_feature=4 4 0 0 1 2
split_gain=8.16916 19.3972 47.4729 45.9196 44.7149 93.527
threshold=6.6179236137944946 26.144913448538848 0.16124299808971335 0.16263780443994127 34.273443017586253 30.500000000000004
decision_type=2 2 2 2 2 2
left_child=-1 3 -3 -2 5 -4
right_child=1 2 4 -5 -6 -7
leaf_value=-0.0089381893251290114 -0.027637961309622316 0.044673973257685531 -0.046093627179459654 0.042128365532821649 -0.12384929589249871 0.10476305335043715
leaf_weight=150 34 29 49 77 10.999999999999998 12.999999999999998
leaf_count=150 34 29 49 77 11 13
internal_value=-1.61204e-11 0.0062945 -0.00944574 0.0207585 -0.0309453 -0.0144624
internal_weight=363 213 102 111 73 62
internal_count=363 213 102 111 73 62
is_linear=0
shrinkage=0.05


Tree=148
num_leaves=7
num_cat=0
split_feature=3 3 4 5 4 4
split_gain=8.43056 38.114 13.2104 18.1565 12.3406 19.5055
threshold=391.00102261144957 368.97129477308232 9.8257015328828547 0.68301270189221941 1.5686052084233717 2.5130326904792244
decision_type=2 2 2 2 2 2
left_child=1 4 3 -2 -1 -6
right_child=2 -3 -4 -5 5 -7
leaf_value=0.031885554255158814 -0.069886286635147898 0.09054700123767058 0.011598446660421112 0.0067990815410247226 -0.055411861486294692 -8.3742311717611059e-05
leaf_weight=27 19 11.999999999999998 22 12.999999999999998 17 253
leaf_count=27 19 12 22 13 17 253
internal_value=-8.23566e-11 0.00318539 -0.0182275 -0.0387329 -0.000344372 -0.00356736
internal_weight=363 309 54 32 297 270
internal_count=363 309 54 32 297 270
is_linear=0
shrinkage=0.05


Tree=149
num_leaves=7
num_cat=0
split_feature=4 4 4 5 5 7
split_gain=8.12381 31.5304 36.9995 24.612 21.161 25.128
threshold=66.800669763991138 58.780433710682999 50.252210902595131 0.98296291314453421 0.91597561503675362 1.0000000180025095e-35
decision_type=2 2 2 2 2 2
left_child=1 2 3 4 -1 -6
right_child=-2 -3 -4 -5 5 -7
leaf_value=-0.0049185030899941929 0.032746882157193291 -0.081334858884414052 0.08736100544532141 -0.060608328221475376 0.046847472855344768 -0.037839242265644397
leaf_weight=250 18 11.999999999999998 11.999999999999998 17 43 10.999999999999998
leaf_count=250 18 12 12 17 43 11
internal_value=-1.29051e-10 -0.00170853 0.00116088 -0.00206155 0.00121245 0.0295965
internal_weight=363 345 333 321 304 54
internal_count=363 345 333 321 304 54
is_linear=0
shrinkage=0.05


Tree=150
num_leaves=7
num_cat=0
split_feature=6 1 2 2 2 5
split_gain=8.48653 15.21 27.0067 33.1 20.8068 38.6097
threshold=0.25881904510252057 46.438030701212476 43.500000000000007 40.500000000000007 33.500000000000007 1.0000000180025095e-35
decision_type=2 2 2 2 2 2
left_child=1 2 3 4 -1 -6
right_child=-2 -3 -4 -5 5 -7
leaf_value=0.0038238876607269048 -0.041347071590522928 0.043756375536322598 -0.082062751920893795 0.071476486232131722 -0.067004741872510598 0.017467337163786092
leaf_weight=250 11.999999999999998 20 9.9999999999999982 15.999999999999998 31 24
leaf_count=250 12 20 10 16 31 24
internal_value=-2.17052e-10 0.00141357 -0.0011449 0.0013759 -0.0023015 -0.0301442
internal_weight=363 351 331 321 305 55
internal_count=363 351 331 321 305 55
is_linear=0
shrinkage=0.05


Tree=151
num_leaves=7
num_cat=0
split_feature=5 2 5 0 0 2
split_gain=8.14927 21.1418 57.4523 94.4549 46.1928 94.0779
threshold=1.0000000180025095e-35 33.500000000000007 -0.9159756150367534 0.15072376617313146 0.19121938185453405 40.500000000000007
decision_type=2 2 2 2 2 2
left_child=1 2 -1 -4 5 -3
right_child=-2 4 3 -5 -6 -7
leaf_value=-0.003683771634112216 -0.0069152243720481598 -0.12370547518134117 -0.045327667621049013 0.1328122939752496 0.042595829679207373 0.031659913494398721
leaf_weight=72 196 20 10.999999999999998 23 22 19
leaf_count=72 196 20 11 23 22 19
internal_value=-3.10441e-11 0.00811607 0.0216118 0.0751788 -0.0153355 -0.0480146
internal_weight=363 167 106 34 61 39
internal_count=363 167 106 34 61 39
is_linear=0
shrinkage=0.05


Tree=152
num_leaves=7
num_cat=0
split_feature=0 0 4 4 4 5
split_gain=8.17575 11.9151 16.3628 37.3056 32.8581 23.764
threshold=0.10540033244478106 0.12596242758667933 58.780433710682999 66.800669763991138 50.252210902595131 0.98296291314453421
decision_type=2 2 2 2 2 2
left_child=-1 -2 4 -4 5 -3
right_child=1 2 3 -5 -6 -7
leaf_value=0.031928825143136476 -0.050709534312287967 0.0033743709948881664 -0.11328507274389264 0.01516938370007735 0.087898038056763744 -0.057503600287086822
leaf_weight=19 11.999999999999998 281 10.000000000000002 12.999999999999998 10.999999999999998 17
leaf_count=19 12 281 10 13 11 17
internal_value=-2.77088e-11 -0.00176351 5.62266e-06 -0.0406804 0.00303403 -9.85334e-05
internal_weight=363 344 332 23 309 298
internal_count=363 344 332 23 309 298
is_linear=0
shrinkage=0.05


Tree=153
num_leaves=7
num_cat=0
split_feature=0 3 0 0 1 3
split_gain=8.59609 22.8543 9.1474 28.7306 17.0439 42.8109
threshold=0.47681386795739839 270.54046213980826 0.22046593595002537 0.21509200852515706 31.160350471501008 306.51505617790536
decision_type=2 2 2 2 2 2
left_child=2 -2 3 4 -1 -6
right_child=1 -3 -4 -5 5 -7
leaf_value=0.010320368126937839 -0.027040498365055423 0.067844764540592836 -0.018521379708202886 0.066982559068128472 -0.0032264627371598217 -0.086803115956071361
leaf_weight=132 11.000000000000002 14.999999999999998 68 15.999999999999998 103 18
leaf_count=132 11 15 68 16 103 18
internal_value=-1.24946e-10 0.027701 -0.00213717 0.00200456 -0.00210472 -0.0156594
internal_weight=363 26 337 269 253 121
internal_count=363 26 337 269 253 121
is_linear=0
shrinkage=0.05


Tree=154
num_leaves=7
num_cat=0
split_feature=3 3 4 1 1 4
split_gain=7.83834 33.672 11.5849 18.732 18.7729 10.8768
threshold=391.00102261144957 368.97129477308232 11.478467061847832 26.410870144149744 31.283543432267738 26.144913448538848
decision_type=2 2 2 2 2 2
left_child=1 5 3 -2 -5 -1
right_child=2 -3 -4 4 -6 -7
leaf_value=0.0063156477028116741 -0.078873215402875632 0.085184643045067787 0.016590473165406901 0.045987080633640272 -0.045136006692281141 -0.014198866576740616
leaf_weight=202 13.999999999999998 11.999999999999998 17 10.000000000000002 12.999999999999998 95
leaf_count=202 14 12 17 10 13 95
internal_value=-6.82457e-11 0.00307147 -0.0175756 -0.0332736 -0.00551727 -0.000246234
internal_weight=363 309 54 37 23 297
internal_count=363 309 54 37 23 297
is_linear=0
shrinkage=0.05


Tree=155
num_leaves=7
num_cat=0
split_feature=6 1 2 2 1 1
split_gain=8.12999 14.3316 24.9117 28.8911 17.7901 32.5606
threshold=0.25881904510252057 46.438030701212476 43.500000000000007 40.500000000000007 38.309918648995463 42.413765175921171
decision_type=2 2 2 2 2 2
left_child=1 2 3 4 -1 -6
right_child=-2 -3 -4 -5 5 -7
leaf_value=0.0015717933551945781 -0.040469199605286124 0.042485506273806095 -0.07881590082077311 0.066813340876251459 -0.097625502886680426 0.014282079671437926
leaf_weight=279 11.999999999999998 20 9.9999999999999982 15.999999999999998 13.000000000000002 12.999999999999998
leaf_count=279 12 20 10 16 13 13
internal_value=5.59948e-11 0.00138356 -0.00109994 0.00132112 -0.00211454 -0.0416717
internal_weight=363 351 331 321 305 26
internal_count=363 351 331 321 305 26
is_linear=0
shrinkage=0.05


Tree=156
num_leaves=7
num_cat=0
split_feature=4 4 4 2 4 2
split_gain=7.97521 18.667 18.0554 47.399 36.0237 34.4215
threshold=6.6179236137944946 8.5697096777372774 4.7421048654564286 40.500000000000007 4.1997812496762261 32.500000000000007
decision_type=2 2 2 2 2 2
left_child=2 -2 3 4 5 -1
right_child=1 -3 -4 -5 -6 -7
leaf_value=0.0021386514544108159 0.059997316400210068 0.0021452416976292929 -0.038097059430602272 0.095297985275586458 0.080054780691862115 -0.06364121491710345
leaf_weight=59 14.999999999999998 198 39 11.999999999999998 9.9999999999999982 30
leaf_count=59 15 198 39 12 10 30
internal_value=-2.67595e-10 0.00621933 -0.00883145 0.00145106 -0.00992433 -0.0200343
internal_weight=363 213 150 111 99 89
internal_count=363 213 150 111 99 89
is_linear=0
shrinkage=0.05


Tree=157
num_leaves=7
num_cat=0
split_feature=0 0 0 3 1 3
split_gain=7.91298 22.0153 8.49453 11.3501 26.6672 27.8475
threshold=0.47681386795739839 0.58188918547082713 0.3795318053144498 14.792968437488577 20.677458910471447 5.7414681043438813
decision_type=2 2 2 2 2 2
left_child=2 -2 3 4 -1 -6
right_child=1 -3 -4 -5 5 -7
leaf_value=-0.026314228400588037 0.062951076589524743 -0.031620102822780612 -0.043362458329647781 -0.0049712519298465751 -0.0044916004819028519 0.080712317899716168
leaf_weight=21 16.000000000000004 9.9999999999999982 11.999999999999998 265 17 22
leaf_count=21 16 10 12 265 17 22
internal_value=-2.06533e-10 0.0265775 -0.00205049 -0.000525129 0.0191119 0.0435721
internal_weight=363 26 337 325 60 39
internal_count=363 26 337 325 60 39
is_linear=0
shrinkage=0.05


Tree=158
num_leaves=7
num_cat=0
split_feature=1 1 2 1 4 6
split_gain=7.37792 11.2174 18.4755 15.0568 14.5301 34.5767
threshold=49.371919659549611 43.171769130360381 37.500000000000007 41.701617533799812 1.4272395205449415 -0.37940952255126015
decision_type=2 2 2 2 2 2
left_child=1 3 -3 4 5 -1
right_child=-2 2 -4 -5 -6 -7
leaf_value=0.10200551924380385 0.04235171966254711 0.016133505702018734 -0.074264827599892252 0.056133032574628795 -0.0040433642963017416 -0.016454351507127287
leaf_weight=11.000000000000002 9.9999999999999982 10.000000000000002 12.999999999999998 11.999999999999998 293 13.999999999999998
leaf_count=11 10 10 13 12 293 14
internal_value=-1.72154e-10 -0.00119977 -0.0349612 0.0011533 -0.000921402 0.035668
internal_weight=363 353 23 330 318 25
internal_count=363 353 23 330 318 25
is_linear=0
shrinkage=0.05


Tree=159
num_leaves=7
num_cat=0
split_feature=0 3 0 3 1 1
split_gain=7.32641 20.9205 10.0803 15.7917 28.1667 22.4465
threshold=0.42313774298843893 187.39877198297108 0.3226562617822667 14.792968437488577 20.677458910471447 20.90067866282261
decision_type=2 2 2 2 2 2
left_child=2 -2 3 4 -1 -5
right_child=1 -3 -4 5 -6 -7
leaf_value=-0.022770306719467046 -0.020193264310558637 0.060820947105393687 -0.042257524629433954 0.048501043518384301 0.052008779177113496 -0.0093569892615110416
leaf_weight=20 14.999999999999998 17 14.999999999999998 18 34 244
leaf_count=20 15 17 15 18 34 244
internal_value=7.67122e-11 0.0228455 -0.00220863 -0.000307577 0.0243128 -0.00538201
internal_weight=363 32 331 316 54 262
internal_count=363 32 331 316 54 262
is_linear=0
shrinkage=0.05


Tree=160
num_leaves=7
num_cat=0
split_feature=3 3 4 1 0 3
split_gain=7.1642 30.2106 11.2015 15.8178 12.0517 10.2007
threshold=391.00102261144957 368.97129477308232 9.8257015328828547 26.410870144149744 0.20263218458347004 331.79843933613159
decision_type=2 2 2 2 2 2
left_child=1 5 3 -2 -4 -1
right_child=2 -3 4 -5 -6 -7
leaf_value=0.0023498814077238025 -0.084256277030164556 0.080714584017793342 0.051200882866978631 -0.01024260190980775 -0.023120769268522662 -0.033799434568555581
leaf_weight=276 10.999999999999998 11.999999999999998 10.000000000000002 21 11.999999999999998 21
leaf_count=276 11 12 10 21 12 21
internal_value=1.67535e-10 0.00293642 -0.0168029 -0.0356848 0.0106618 -0.000206131
internal_weight=363 309 54 32 22 297
internal_count=363 309 54 32 22 297
is_linear=0
shrinkage=0.05


Tree=161
num_leaves=7
num_cat=0
split_feature=5 1 0 0 6 1
split_gain=7.16254 20.8435 54.3909 36.8059 33.0769 28.6733
threshold=1.0000000180025095e-35 21.825108049454268 0.15618500335845617 0.12164969000977628 -0.37940952255126015 25.937891605395283
decision_type=2 2 2 2 2 2
left_child=-1 2 -2 -3 -4 -5
right_child=1 3 4 5 -6 -7
leaf_value=0.0076088693662139471 0.10948537724235884 -0.10225343622944572 -0.086462959051132215 -0.044443375502641387 0.039182240380482229 0.0053367258199224516
leaf_weight=167 12.999999999999998 10.999999999999998 9.9999999999999982 39 11.000000000000002 112
leaf_count=167 13 11 10 39 11 112
internal_value=-2.56563e-11 -0.00648307 0.0291084 -0.0139529 -0.0206488 -0.00752039
internal_weight=363 196 34 162 21 151
internal_count=363 196 34 162 21 151
is_linear=0
shrinkage=0.05


Tree=162
num_leaves=7
num_cat=0
split_feature=4 4 4 2 2 6
split_gain=6.88073 17.1857 16.9363 48.9137 35.2691 23.586
threshold=6.6179236137944946 7.7139648736850033 3.6614854674731685 39.500000000000007 39.500000000000007 1.0000000180025095e-35
decision_type=2 2 2 2 2 2
left_child=2 -2 3 5 -4 -1
right_child=1 -3 4 -5 -6 -7
leaf_value=0.0016006130588186139 0.063902997225522992 0.0023066157692885818 -0.010616907180876149 0.099491655081510547 -0.10968832617456264 -0.080640717558562766
leaf_weight=68 11.999999999999998 201 49 11.999999999999998 10.999999999999998 9.9999999999999982
leaf_count=68 12 201 49 12 11 10
internal_value=1.92679e-10 0.00577683 -0.0082031 0.00551483 -0.02878 -0.00894315
internal_weight=363 213 150 90 60 78
internal_count=363 213 150 90 60 78
is_linear=0
shrinkage=0.05


Tree=163
num_leaves=7
num_cat=0
split_feature=0 2 0 3 1 1
split_gain=7.038 21.063 8.89149 13.3651 25.9944 18.6563
threshold=0.42313774298843893 32.500000000000007 0.3226562617822667 14.792968437488577 20.677458910471447 20.90067866282261
decision_type=2 2 2 2 2 2
left_child=2 -2 3 4 -1 -5
right_child=1 -3 -4 5 -6 -7
leaf_value=-0.022960555963218214 0.055945802440768799 -0.026649766845198781 -0.03977799465258916 0.044076100654072234 0.048877169772544332 -0.0086714587533144195
leaf_weight=20 19 12.999999999999998 14.999999999999998 18 34 244
leaf_count=20 19 13 15 18 34 244
internal_value=-3.12493e-10 0.0223914 -0.00216472 -0.000379283 0.0222706 -0.00504758
internal_weight=363 32 331 316 54 262
internal_count=363 32 331 316 54 262
is_linear=0
shrinkage=0.05


Tree=164
num_leaves=7
num_cat=0
split_feature=1 1 1 1 1 1
split_gain=6.95943 16.631 13.2765 13.8358 37.8864 43.4887
threshold=47.471599153746126 43.171769130360381 41.701617533799812 35.938140735315812 33.429039471018349 31.283543432267738
decision_type=2 2 2 2 2 2
left_child=1 2 3 4 5 -1
right_child=-2 -3 -4 -5 -6 -7
leaf_value=0.0047701630440661726 0.032240972574800256 -0.049714311957359314 0.052624909300357105 -0.03109283545876251 0.05900090089826672 -0.055936042109833044
leaf_weight=223 15.999999999999998 17 11.999999999999998 34 27 34
leaf_count=223 16 17 12 34 27 34
internal_value=4.20763e-11 -0.00148662 0.000997842 -0.00095035 0.00265826 -0.00326101
internal_weight=363 347 330 318 284 257
internal_count=363 347 330 318 284 257
is_linear=0
shrinkage=0.05


Tree=165
num_leaves=7
num_cat=0
split_feature=2 3 2 5 6 0
split_gain=7.23765 24.9078 35.1437 35.6537 85.7103 73.956
threshold=26.500000000000004 7.4460065935752722 32.500000000000007 1.0000000180025095e-35 -0.37940952255126015 0.20437523707108782
decision_type=2 2 2 2 2 2
left_child=-1 -2 3 4 -3 -5
right_child=1 2 -4 5 -6 -7
leaf_value=-0.0082248571824717828 -0.067171628722413029 0.17525568610200515 -0.0075819652447284298 -0.054628415203963721 0.011896098227727981 0.069498495509227126
leaf_weight=154 10.999999999999998 12.999999999999998 116 24 21 24
leaf_count=154 11 13 116 24 21 24
internal_value=5.23388e-11 0.00606042 0.0101289 0.0351832 0.0743571 0.00743504
internal_weight=363 209 198 82 34 48
internal_count=363 209 198 82 34 48
is_linear=0
shrinkage=0.05


Tree=166
num_leaves=7
num_cat=0
split_feature=1 1 1 1 1 1
split_gain=6.5345 14.6958 12.3375 12.0506 32.8184 40.0336
threshold=47.471599153746126 43.171769130360381 41.701617533799812 35.938140735315812 33.429039471018349 31.814783427110054
decision_type=2 2 2 2 2 2
left_child=1 2 3 4 5 -1
right_child=-2 -3 -4 -5 -6 -7
leaf_value=0.0037759357138117977 0.031241193832829597 -0.046775665528634019 0.050662797161688415 -0.029113741416264983 0.054823653496525904 -0.059560255759528703
leaf_weight=229 15.999999999999998 17 11.999999999999998 34 27 28
leaf_count=229 16 17 12 34 27 28
internal_value=-2.56948e-10 -0.00144052 0.000894931 -0.000983102 0.00238465 -0.00312451
internal_weight=363 347 330 318 284 257
internal_count=363 347 330 318 284 257
is_linear=0
shrinkage=0.05


Tree=167
num_leaves=7
num_cat=0
split_feature=2 4 0 2 1 1
split_gain=6.96012 66.3483 21.4495 18.7155 11.3996 60.5868
threshold=40.500000000000007 4.3570904265127037 0.17149003590029369 37.500000000000007 42.413765175921171 38.309918648995463
decision_type=2 2 2 2 2 2
left_child=3 -2 -3 4 5 -1
right_child=1 2 -4 -5 -6 -7
leaf_value=0.0027844303181733601 0.12941463947296145 0.025578256086869668 -0.071083754425247517 -0.050363941176941519 0.033857001923024654 -0.11198947280645372
leaf_weight=275 9.9999999999999982 11.000000000000002 11.999999999999998 19 24 11.999999999999998
leaf_count=275 10 11 12 19 24 12
internal_value=-3.80354e-11 0.021894 -0.0248541 -0.0021894 0.000753739 -0.00201448
internal_weight=363 33 23 330 311 287
internal_count=363 33 23 330 311 287
is_linear=0
shrinkage=0.05


Tree=168
num_leaves=7
num_cat=0
split_feature=2 3 2 3 2 5
split_gain=6.87304 22.8972 30.1215 33.6933 32.5775 31.6631
threshold=26.500000000000004 7.4460065935752722 32.500000000000007 331.79843933613159 35.500000000000007 1.0000000180025095e-35
decision_type=2 2 2 2 2 2
left_child=-1 -2 5 -4 -5 -3
right_child=1 2 3 4 -6 -7
leaf_value=-0.0080150068580330195 -0.064308297794989575 0.069918302453451736 0.0060795218232823044 -0.12921997681260106 -0.0045270161195234823 0.0068525486858561635
leaf_weight=154 10.999999999999998 34 95 10.000000000000002 10.999999999999998 48
leaf_count=154 11 34 95 10 11 48
internal_value=-2.30778e-10 0.00590579 0.00980658 -0.00659002 -0.0639046 0.0330018
internal_weight=363 209 198 116 21 82
internal_count=363 209 198 116 21 82
is_linear=0
shrinkage=0.05


Tree=169
num_leaves=7
num_cat=0
split_feature=4 2 2 5 6 2
split_gain=7.10595 23.3569 25.4593 16.8531 27.2099 24.6833
threshold=6.3807920782184882 42.500000000000007 37.500000000000007 -0.78656609248549292 -0.12940952255126037 28.500000000000004
decision_type=2 2 2 2 2 2
left_child=1 2 -1 4 5 -2
right_child=3 -3 -4 -5 -6 -7
leaf_value=-0.0068362487750685116 -0.01550655354346548 0.058159901946783069 -0.07602603117624919 -0.0020671707182051894 0.090117567032575618 0.076006784737110145
leaf_weight=117 28 11.999999999999998 14.999999999999998 167 13.999999999999998 9.9999999999999982
leaf_count=117 28 12 15 167 14 10
internal_value=7.08113e-11 -0.00862717 -0.0146987 0.00567266 0.0305294 0.0085759
internal_weight=363 144 132 219 52 38
internal_count=363 144 132 219 52 38
is_linear=0
shrinkage=0.05


Tree=170
num_leaves=7
num_cat=0
split_feature=3 4 2 1 1 3
split_gain=6.85763 7.17591 20.6295 24.6881 45.5 50.1888
threshold=500.43090994973062 6.3807920782184882 42.500000000000007 31.058323299460913 30.044625459953725 362.80080080679903
decision_type=2 2 2 2 2 2
left_child=1 2 3 4 5 -1
right_child=-2 -3 -4 -5 -6 -7
leaf_value=-0.038228261302269639 -0.037167783950765927 0.0071287685198088493 0.055251906067132955 -0.036025652962346236 0.091731957976634693 0.07771759328121941
leaf_weight=42 11.999999999999998 210 11.999999999999998 62 12.999999999999998 11.999999999999998
leaf_count=42 12 210 12 62 13 12
internal_value=-8.46657e-11 0.00127069 -0.0074541 -0.0132872 0.00775432 -0.0124625
internal_weight=363 351 141 129 67 54
internal_count=363 351 141 129 67 54
is_linear=0
shrinkage=0.05


Tree=171
num_leaves=7
num_cat=0
split_feature=0 5 0 5 4 1
split_gain=6.82823 26.2659 24.2362 8.85846 34.1198 54.302
threshold=0.57093510892922505 0.98296291314453421 0.42313774298843893 0.91597561503675362 12.989778016078168 21.451679169957895
decision_type=2 2 2 2 2 2
left_child=1 2 3 -1 -5 -6
right_child=-2 -3 -4 4 5 -7
leaf_value=-0.004428961729561841 0.034238863204206736 -0.060194299370050434 0.068741320388821456 0.064709695496342409 0.071505804695188982 -0.077020975016057494
leaf_weight=270 13.999999999999998 18 12.999999999999998 22 10.000000000000002 15.999999999999998
leaf_count=270 14 18 13 22 10 16
internal_value=-1.60095e-10 -0.00137348 0.00182524 -0.000910327 0.018882 -0.0198953
internal_weight=363 349 331 318 48 26
internal_count=363 349 331 318 48 26
is_linear=0
shrinkage=0.05


Tree=172
num_leaves=7
num_cat=0
split_feature=6 1 2 2 1 1
split_gain=6.86495 12.4511 20.0303 22.3484 13.5089 74.9995
threshold=0.25881904510252057 46.438030701212476 43.500000000000007 40.500000000000007 31.283543432267738 30.044625459953725
decision_type=2 2 2 2 2 2
left_child=1 2 3 4 5 -1
right_child=-2 -3 -4 -5 -6 -7
leaf_value=-0.0053187331772194466 -0.037187614447126788 0.039582014121115207 -0.070730511117726574 0.058728557266294959 -0.018551281087057687 0.090146682864945871
leaf_weight=195 11.999999999999998 20 9.9999999999999982 15.999999999999998 87 23
leaf_count=195 12 20 10 16 87 23
internal_value=-1.12888e-11 0.00127137 -0.00104347 0.00112746 -0.00189423 0.00475331
internal_weight=363 351 331 321 305 218
internal_count=363 351 331 321 305 218
is_linear=0
shrinkage=0.05


Tree=173
num_leaves=7
num_cat=0
split_feature=4 2 2 3 5 3
split_gain=7.05991 18.5856 22.3551 16.747 37.1354 23.1423
threshold=6.3807920782184882 42.500000000000007 37.500000000000007 139.06983659771842 0.37940952255126054 172.50205129622051
decision_type=2 2 2 2 2 2
left_child=1 2 3 4 -1 -5
right_child=-2 -3 -4 5 -6 -7
leaf_value=-0.031959072807255913 0.0056542564681029486 0.05097716202338537 -0.071482274731000259 -0.08667791289362041 0.069762766998457279 -0.0086643614912671699
leaf_weight=17 219 11.999999999999998 14.999999999999998 10.999999999999998 19 70
leaf_count=17 219 12 15 11 19 70
internal_value=-5.82397e-11 -0.00859918 -0.0140152 -0.00664764 0.0217275 -0.0192588
internal_weight=363 144 132 117 36 81
internal_count=363 144 132 117 36 81
is_linear=0
shrinkage=0.05


Tree=174
num_leaves=7
num_cat=0
split_feature=6 1 2 2 1 1
split_gain=6.55892 11.2633 18.4993 20.2862 12.5804 26.5307
threshold=0.25881904510252057 46.438030701212476 43.500000000000007 40.500000000000007 38.309918648995463 42.413765175921171
decision_type=2 2 2 2 2 2
left_child=1 2 3 4 -1 -6
right_child=-2 -3 -4 -5 5 -7
leaf_value=0.0013483961306405539 -0.036349269375205044 0.037680254308506848 -0.067929930314421655 0.056006504222750664 -0.085523894722931648 0.015491496570981467
leaf_weight=279 11.999999999999998 20 9.9999999999999982 15.999999999999998 13.000000000000002 12.999999999999998
leaf_count=279 12 20 10 16 13 13
internal_value=-1.03138e-10 0.00124271 -0.000958954 0.00112737 -0.00175154 -0.0350162
internal_weight=363 351 331 321 305 26
internal_count=363 351 331 321 305 26
is_linear=0
shrinkage=0.05


Tree=175
num_leaves=7
num_cat=0
split_feature=4 6 3 5 3 3
split_gain=6.73166 17.4031 28.042 50.8453 33.6504 22.7702
threshold=6.3807920782184882 1.0000000180025095e-35 134.20392424568931 0.37940952255126054 172.50205129622051 51.882466125523507
decision_type=2 2 2 2 2 2
left_child=1 2 3 5 -4 -1
right_child=-2 -3 4 -5 -6 -7
leaf_value=-0.060338742641562748 0.0055212443698724927 -0.050464183358209472 -0.081641309723636368 0.11512414282904222 -0.0015769992967786855 0.043908960819244391
leaf_weight=11.000000000000002 219 21 15.999999999999998 12.999999999999998 73 9.9999999999999982
leaf_count=11 219 21 16 13 73 10
internal_value=1.60191e-10 -0.00839689 -0.00121467 0.0374111 -0.0159706 -0.010697
internal_weight=363 144 123 34 89 21
internal_count=363 144 123 34 89 21
is_linear=0
shrinkage=0.05


Tree=176
num_leaves=7
num_cat=0
split_feature=0 5 0 4 4 5
split_gain=6.79168 23.4041 22.1498 8.77336 15.8809 19.6392
threshold=0.57093510892922505 0.98296291314453421 0.42313774298843893 59.621651724872258 52.945739412977773 0.91597561503675362
decision_type=2 2 2 2 2 2
left_child=1 2 3 4 5 -1
right_child=-2 -3 -4 -5 -6 -7
leaf_value=-0.0066992392575330271 0.034147115477493835 -0.0568938302497069 0.065620532531577805 -0.034870538115501407 0.060034452514214957 0.029581065305154138
leaf_weight=245 13.999999999999998 18 12.999999999999998 18 10.999999999999998 44
leaf_count=245 14 18 13 18 11 44
internal_value=3.9121e-10 -0.0013698 0.00164964 -0.000965527 0.00106877 -0.00117559
internal_weight=363 349 331 318 300 289
internal_count=363 349 331 318 300 289
is_linear=0
shrinkage=0.05


Tree=177
num_leaves=7
num_cat=0
split_feature=4 4 4 5 0 1
split_gain=6.95338 26.399 27.9773 17.1496 14.907 59.9019
threshold=66.800669763991138 58.780433710682999 50.252210902595131 0.98296291314453421 0.14241435813816225 30.621236653992103
decision_type=2 2 2 2 2 2
left_child=1 2 3 4 5 -1
right_child=-2 -3 -4 -5 -6 -7
leaf_value=0.006183818637421637 0.030296190331379577 -0.074440044909715661 0.076001976182063433 -0.050628838556654315 0.0054698047431549811 -0.13350694060325624
leaf_weight=33 18 11.999999999999998 11.999999999999998 17 261 9.9999999999999982
leaf_count=33 18 12 12 17 261 10
internal_value=-2.00119e-11 -0.00158067 0.00104489 -0.00175724 0.000975709 -0.0263024
internal_weight=363 345 333 321 304 43
internal_count=363 345 333 321 304 43
is_linear=0
shrinkage=0.05


Tree=178
num_leaves=7
num_cat=0
split_feature=0 2 6 1 4 0
split_gain=6.43653 11.0396 26.5698 50.4178 28.0293 22.1433
threshold=0.10540033244478106 26.500000000000004 -0.37940952255126015 27.061188289243734 2.9112271066891169 0.57093510892922505
decision_type=2 2 2 2 2 2
left_child=-1 2 3 -2 -4 -3
right_child=1 5 4 -5 -6 -7
leaf_value=0.028329895279909437 -0.012099756310252768 0.0019857728645561179 -0.073994786664843562 -0.12617293435793658 0.015191838597073347 0.07823539927601815
leaf_weight=19 38 199 9.9999999999999982 12.999999999999998 74 9.9999999999999982
leaf_count=19 38 199 10 13 74 10
internal_value=2.9261e-10 -0.00156473 -0.0127096 -0.0411772 0.00457438 0.00563408
internal_weight=363 344 135 51 84 209
internal_count=363 344 135 51 84 209
is_linear=0
shrinkage=0.05


Tree=179
num_leaves=7
num_cat=0
split_feature=4 4 4 5 3 1
split_gain=6.10168 23.6462 24.9543 16.4544 14.0586 34.3779
threshold=66.800669763991138 58.780433710682999 50.252210902595131 0.98296291314453421 134.20392424568931 21.825108049454268
decision_type=2 2 2 2 2 2
left_child=1 2 3 4 -1 -6
right_child=-2 -3 -4 -5 5 -7
leaf_value=0.015416407525334337 0.02838015871950322 -0.070436851431926101 0.071795873747517669 -0.049513000425170456 0.078858566724441276 -0.012137297637072272
leaf_weight=109 18 11.999999999999998 11.999999999999998 17 10.999999999999998 184
leaf_count=109 18 12 12 17 11 184
internal_value=1.79594e-11 -0.0014807 0.0010042 -0.00164222 0.00103477 -0.0070042
internal_weight=363 345 333 321 304 195
internal_count=363 345 333 321 304 195
is_linear=0
shrinkage=0.05


Tree=180
num_leaves=7
num_cat=0
split_feature=2 2 4 4 2 2
split_gain=6.17361 11.291 12.2689 33.5078 56.9479 46.1906
threshold=12.500000000000002 14.500000000000002 26.144913448538848 30.873189402472061 30.500000000000004 23.500000000000004
decision_type=2 2 2 2 2 2
left_child=-1 -2 -3 -4 5 -5
right_child=1 2 3 4 -6 -7
leaf_value=-0.036885969340801239 0.038642200827598575 0.0045435803866945212 -0.098920890959826382 0.0098739583531151642 0.052181993562866139 -0.09146528758785942
leaf_weight=10.999999999999998 19 250 10.999999999999998 23 27 22
leaf_count=11 19 250 11 23 27 22
internal_value=-2.62335e-11 0.00115269 -0.000986355 -0.0176428 -0.0052253 -0.0396697
internal_weight=363 352 333 83 72 45
internal_count=363 352 333 83 72 45
is_linear=0
shrinkage=0.05


Tree=181
num_leaves=7
num_cat=0
split_feature=4 4 2 4 2 6
split_gain=5.97985 17.0278 33.1174 30.0949 26.146 24.4519
threshold=6.3807920782184882 4.7421048654564286 40.500000000000007 4.1997812496762261 32.500000000000007 -0.37940952255126015
decision_type=2 2 2 2 2 2
left_child=1 2 3 4 5 -1
right_child=-2 -3 -4 -5 -6 -7
leaf_value=0.046985025592148309 0.0052038030928536639 -0.039447603758537411 0.079905383288860321 0.074194326326251031 -0.055293634757399561 -0.021014393134063516
leaf_weight=20 219 33 11.999999999999998 9.9999999999999982 30 39
leaf_count=20 219 33 12 10 30 39
internal_value=-1.29684e-10 -0.00791412 0.0014607 -0.00804774 -0.0172884 0.00203626
internal_weight=363 144 111 99 89 59
internal_count=363 144 111 99 89 59
is_linear=0
shrinkage=0.05


Tree=182
num_leaves=7
num_cat=0
split_feature=1 1 2 1 4 6
split_gain=6.15876 8.47082 15.618 11.3491 10.7698 26.8261
threshold=49.371919659549611 43.171769130360381 37.500000000000007 41.701617533799812 1.4272395205449415 -0.37940952255126015
decision_type=2 2 2 2 2 2
left_child=1 3 -3 4 5 -1
right_child=-2 2 -4 -5 -6 -7
leaf_value=0.089079812668602543 0.0386946146376431 0.016542880535125728 -0.066571307182312009 0.048681485458898055 -0.0035403913397138542 -0.015262075420469047
leaf_weight=11.000000000000002 9.9999999999999982 10.000000000000002 12.999999999999998 11.999999999999998 293 13.999999999999998
leaf_count=11 10 10 13 12 293 14
internal_value=1.3213e-11 -0.00109616 -0.0304347 0.000948643 -0.000852597 0.0306484
internal_weight=363 353 23 330 318 25
internal_count=363 353 23 330 318 25
is_linear=0
shrinkage=0.05


Tree=183
num_leaves=7
num_cat=0
split_feature=0 5 0 0 3 1
split_gain=6.11835 18.9216 20.2975 8.74927 13.7034 31.1865
threshold=0.57093510892922505 0.98296291314453421 0.42313774298843893 0.3226562617822667 14.792968437488577 20.677458910471447
decision_type=2 2 2 2 2 2
left_child=1 2 3 4 5 -1
right_child=-2 -3 -4 -5 -6 -7
leaf_value=-0.026348962198550763 0.032410269762788504 -0.0512246718009313 0.062652546625870928 -0.038363660977532466 -0.004026842530306783 0.05452083491254598
leaf_weight=19 13.999999999999998 18 12.999999999999998 14.999999999999998 252 32
leaf_count=19 14 18 13 15 252 32
internal_value=-1.78311e-11 -0.00130013 0.0014148 -0.00108863 0.000756674 0.0243929
internal_weight=363 349 331 318 303 51
internal_count=363 349 331 318 303 51
is_linear=0
shrinkage=0.05


Tree=184
num_leaves=7
num_cat=0
split_feature=3 3 4 4 0 0
split_gain=6.03482 16.608 19.9706 36.5686 42.284 35.775
threshold=6.4227718483374332 14.792968437488577 49.053930499306709 24.921184286642802 0.18275873095896403 0.17308977043471593
decision_type=2 2 2 2 2 2
left_child=-1 -2 3 5 -5 -3
right_child=1 2 -4 4 -6 -7
leaf_value=-0.020386785923531561 0.037509500434001287 -0.024985541449284849 0.038699379430285528 0.015396047756075859 -0.091617587053527447 0.016155305587208683
leaf_weight=33 30 81 28 14.999999999999998 24 152
leaf_count=33 30 81 28 15 24 152
internal_value=-2.18976e-10 0.00203868 -0.0015084 -0.00564744 -0.0504585 0.00185312
internal_weight=363 330 300 272 39 233
internal_count=363 330 300 272 39 233
is_linear=0
shrinkage=0.05


Tree=185
num_leaves=7
num_cat=0
split_feature=6 1 2 2 1 1
split_gain=6.22612 10.6473 15.8685 16.6191 10.8316 23.6377
threshold=0.25881904510252057 46.438030701212476 43.500000000000007 40.500000000000007 38.309918648995463 42.413765175921171
decision_type=2 2 2 2 2 2
left_child=1 2 3 4 -1 -6
right_child=-2 -3 -4 -5 5 -7
leaf_value=0.0012731112801494064 -0.035415086150169375 0.036637857677415016 -0.062956248968839654 0.050674429908394818 -0.080143806524574743 0.015205151021767123
leaf_weight=279 11.999999999999998 20 9.9999999999999982 15.999999999999998 13.000000000000002 12.999999999999998
leaf_count=279 12 20 10 16 13 13
internal_value=9.42627e-11 0.00121077 -0.000929837 0.00100245 -0.00160329 -0.0324693
internal_weight=363 351 331 321 305 26
internal_count=363 351 331 321 305 26
is_linear=0
shrinkage=0.05


Tree=186
num_leaves=7
num_cat=0
split_feature=4 2 2 6 3 3
split_gain=6.21509 15.591 20.0741 14.9452 29.9777 13.0607
threshold=6.3807920782184882 42.500000000000007 37.500000000000007 -0.12940952255126037 134.20392424568931 134.20392424568931
decision_type=2 2 2 2 2 2
left_child=1 2 5 -2 -5 -1
right_child=3 -3 -4 4 -6 -7
leaf_value=0.019522930411621928 -0.0001965680941989425 0.046497639765342075 -0.067485185066858938 -0.007188284852438504 0.08851888706286748 -0.016961329131637042
leaf_weight=35 186 11.999999999999998 14.999999999999998 18 14.999999999999998 82
leaf_count=35 186 12 15 18 15 82
internal_value=-2.79012e-11 -0.00806828 -0.0130288 0.00530517 0.036315 -0.00604723
internal_weight=363 144 132 219 33 117
internal_count=363 144 132 219 33 117
is_linear=0
shrinkage=0.05


Tree=187
num_leaves=7
num_cat=0
split_feature=2 3 0 3 3 1
split_gain=5.85172 20.1131 26.1371 37.4215 29.0849 62.3563
threshold=26.500000000000004 7.4460065935752722 0.20208480414887928 383.20789905645063 134.20392424568931 42.233037606540698
decision_type=2 2 2 2 2 2
left_child=-1 -2 4 -4 5 -3
right_child=1 2 3 -5 -6 -7
leaf_value=-0.0073955600103061021 -0.060357695885679942 0.070922819111082294 0.049405000023987324 -0.029097708165645598 -0.024340683834529239 -0.066061169902483619
leaf_weight=154 10.999999999999998 27 63 20 76 11.999999999999998
leaf_count=154 11 27 63 20 76 12
internal_value=1.31168e-10 0.00544936 0.00910531 0.0304887 -0.00632791 0.0287739
internal_weight=363 209 198 83 115 39
internal_count=363 209 198 83 115 39
is_linear=0
shrinkage=0.05


Tree=188
num_leaves=7
num_cat=0
split_feature=6 1 2 2 2 4
split_gain=6.23153 10.3879 14.0989 15.3141 10.4983 26.2257
threshold=0.25881904510252057 46.438030701212476 43.500000000000007 40.500000000000007 33.500000000000007 2.7018668802173749
decision_type=2 2 2 2 2 2
left_child=1 2 3 4 -1 -6
right_child=-2 -3 -4 -5 5 -7
leaf_value=0.0027679730679374191 -0.035430478801329927 0.036204108797537625 -0.05936876803636551 0.048600132763385775 -0.094602077826857575 -0.0050845184880826209
leaf_weight=250 11.999999999999998 20 9.9999999999999982 15.999999999999998 9.9999999999999982 45
leaf_count=250 12 20 10 16 10 45
internal_value=8.52269e-11 0.0012113 -0.000903071 0.000918291 -0.00158305 -0.0213604
internal_weight=363 351 331 321 305 55
internal_count=363 351 331 321 305 55
is_linear=0
shrinkage=0.05


Tree=189
num_leaves=7
num_cat=0
split_feature=0 4 4 3 3 1
split_gain=5.69361 10.1992 22.0157 15.2639 22.8642 38.3285
threshold=0.10540033244478106 59.621651724872258 52.945739412977773 124.11595228024872 51.882466125523507 40.522036302239904
decision_type=2 2 2 2 2 2
left_child=-1 2 3 4 5 -2
right_child=1 -3 -4 -5 -6 -7
leaf_value=0.026644832140913136 0.012141723378050712 -0.032908808114007114 0.070395681741964922 -0.0099088969725099479 0.04470637205890135 -0.089132750305262479
leaf_weight=19 62 24 10.999999999999998 198 38 10.999999999999998
leaf_count=19 62 24 11 198 38 11
internal_value=1.34615e-10 -0.00147166 0.000886124 -0.00158833 0.0132538 -0.00311881
internal_weight=363 344 320 309 111 73
internal_count=363 344 320 309 111 73
is_linear=0
shrinkage=0.05


Tree=190
num_leaves=7
num_cat=0
split_feature=2 5 3 6 1 1
split_gain=5.71586 19.2995 37.7971 35.7261 35.4564 29.6644
threshold=26.500000000000004 0.91597561503675362 270.54046213980826 -0.12940952255126037 24.103780126708944 26.778760401399452
decision_type=2 2 2 2 2 2
left_child=1 3 4 5 -3 -1
right_child=-2 2 -4 -5 -6 -7
leaf_value=-0.016106550758430625 0.0053857313807715076 0.033059915030996007 0.096102680141727126 0.043378905363773049 -0.072009298148063519 -0.084092436718111424
leaf_weight=68 209 21 11.999999999999998 19 12.999999999999998 21
leaf_count=68 209 21 12 19 13 21
internal_value=-1.67311e-10 -0.00730921 0.0198124 -0.018861 -0.00711361 -0.0321482
internal_weight=363 154 46 108 34 89
internal_count=363 154 46 108 34 89
is_linear=0
shrinkage=0.05


Tree=191
num_leaves=7
num_cat=0
split_feature=4 4 4 5 0 1
split_gain=6.00012 22.3025 18.8997 14.1362 12.3303 48.9158
threshold=66.800669763991138 58.780433710682999 50.252210902595131 0.98296291314453421 0.14241435813816225 30.621236653992103
decision_type=2 2 2 2 2 2
left_child=1 2 3 4 5 -1
right_child=-2 -3 -4 -5 -6 -7
leaf_value=0.0056706683710217483 0.028142968109912344 -0.068436546375354138 0.062553022258604568 -0.045728831694406627 0.005210370441962933 -0.12056196570396423
leaf_weight=33 18 11.999999999999998 11.999999999999998 17 261 9.9999999999999982
leaf_count=33 18 12 12 17 261 10
internal_value=2.26801e-10 -0.00146833 0.000944941 -0.00135817 0.00112309 -0.0236858
internal_weight=363 345 333 321 304 43
internal_count=363 345 333 321 304 43
is_linear=0
shrinkage=0.05


Tree=192
num_leaves=7
num_cat=0
split_feature=6 1 2 2 2 5
split_gain=5.72619 9.44265 12.0982 14.0704 9.68161 23.6141
threshold=0.25881904510252057 46.438030701212476 43.500000000000007 40.500000000000007 33.500000000000007 1.0000000180025095e-35
decision_type=2 2 2 2 2 2
left_child=1 2 3 4 -1 -6
right_child=-2 -3 -4 -5 5 -7
leaf_value=0.0026131894782185556 -0.033963492636879283 0.034523941772058607 -0.05501358777284622 0.046537143923342232 -0.04938465704119975 0.016677159614240131
leaf_weight=250 11.999999999999998 20 9.9999999999999982 15.999999999999998 31 24
leaf_count=250 12 20 10 16 31 24
internal_value=4.98245e-10 0.00116115 -0.000854733 0.000832458 -0.00156516 -0.0205577
internal_weight=363 351 331 321 305 55
internal_count=363 351 331 321 305 55
is_linear=0
shrinkage=0.05


Tree=193
num_leaves=7
num_cat=0
split_feature=4 4 2 4 2 6
split_gain=5.73904 15.5597 27.1731 26.8158 20.7987 21.9733
threshold=6.3807920782184882 4.7421048654564286 40.500000000000007 4.1997812496762261 32.500000000000007 -0.37940952255126015
decision_type=2 2 2 2 2 2
left_child=1 2 3 4 5 -1
right_child=-2 -3 -4 -5 -6 -7
leaf_value=0.043718255516141655 0.0050979505161240224 -0.037896676203518206 0.072265127301216134 0.070227867662906659 -0.050024020454535884 -0.020742709504870269
leaf_weight=20 219 33 11.999999999999998 9.9999999999999982 30 39
leaf_count=20 219 33 12 10 30 39
internal_value=-3.34558e-10 -0.00775313 0.00120846 -0.00740447 -0.0161272 0.00110847
internal_weight=363 144 111 99 89 59
internal_count=363 144 111 99 89 59
is_linear=0
shrinkage=0.05


Tree=194
num_leaves=7
num_cat=0
split_feature=5 4 6 0 4 1
split_gain=5.83747 16.9733 18.92 21.8212 17.5055 46.6339
threshold=1.0000000180025095e-35 66.800669763991138 1.0000000180025095e-35 0.33675979141878626 42.058755894843451 21.825108049454268
decision_type=2 2 2 2 2 2
left_child=-1 2 4 -4 5 -2
right_child=1 -3 3 -5 -6 -7
leaf_value=0.0068690850750771837 0.077076077706327573 0.051763228854785362 -0.10215908018025482 -0.012771883110205332 -0.040992266386747363 -0.0076963150139629571
leaf_weight=167 19 11.999999999999998 11.000000000000002 18 25 111
leaf_count=167 19 12 11 18 25 111
internal_value=7.17093e-11 -0.00585274 -0.0096103 -0.0466774 -0.00267518 0.0046935
internal_weight=363 196 184 29 155 130
internal_count=363 196 184 29 155 130
is_linear=0
shrinkage=0.05


Tree=195
num_leaves=7
num_cat=0
split_feature=2 0 6 0 6 3
split_gain=6.0451 19.3148 39.1069 19.4712 36.2148 31.2453
threshold=26.500000000000004 0.57093510892922505 -0.12940952255126037 0.20437523707108782 -0.37940952255126015 134.20392424568931
decision_type=2 2 2 2 2 2
left_child=-1 2 3 5 -5 -2
right_child=1 -3 -4 4 -6 -7
leaf_value=-0.0075167705734296673 0.036261992744709315 0.073344765901565565 -0.059183081660581671 0.073286193095404531 -0.007182357474057763 -0.018585192465518669
leaf_weight=154 38 9.9999999999999982 23 29 27 82
leaf_count=154 38 10 23 29 27 82
internal_value=7.18376e-12 0.00553867 0.00213133 0.010144 0.0344889 -0.00121692
internal_weight=363 209 199 176 56 120
internal_count=363 209 199 176 56 120
is_linear=0
shrinkage=0.05


Tree=196
num_leaves=7
num_cat=0
split_feature=2 3 2 5 6 0
split_gain=5.4557 18.8081 24.2725 31.3967 63.8081 61.0216
threshold=26.500000000000004 10.551460763971743 32.500000000000007 1.0000000180025095e-35 -0.37940952255126015 0.20650104838725608
decision_type=2 2 2 2 2 2
left_child=-1 -2 3 4 -3 -5
right_child=1 2 -4 5 -6 -7
leaf_value=-0.0071409321898086506 -0.050716971073831829 0.15398882329463959 -0.0055889135144912361 -0.047460719355596953 0.011697603538632393 0.065684052421288053
leaf_weight=154 13.999999999999998 12.999999999999998 114 26 20 22
leaf_count=154 14 13 114 26 20 22
internal_value=-1.90883e-10 0.00526174 0.00928072 0.0302084 0.0677517 0.0043973
internal_weight=363 209 195 81 33 48
internal_count=363 209 195 81 33 48
is_linear=0
shrinkage=0.05


Tree=197
num_leaves=7
num_cat=0
split_feature=0 1 0 1 1 1
split_gain=5.20326 9.11516 27.3437 30.8635 40.6831 34.1675
threshold=0.10540033244478106 28.142341287977164 0.13625686927658084 31.283543432267738 30.323500659777761 33.429039471018349
decision_type=2 2 2 2 2 2
left_child=-1 -2 -3 4 -4 -5
right_child=1 2 3 5 -6 -7
leaf_value=0.025471629123938713 -0.010500630885560455 -0.074608515799045566 0.011766711760672831 -0.045203082307296638 0.1099381736945361 0.012818466310622171
leaf_weight=19 153 9.9999999999999982 31 34 15.999999999999998 100
leaf_count=19 153 10 31 34 16 100
internal_value=-1.48261e-10 -0.00140686 0.00587767 0.0103244 0.0451868 -0.00190342
internal_weight=363 344 191 181 47 134
internal_count=363 344 191 181 47 134
is_linear=0
shrinkage=0.05


Tree=198
num_leaves=7
num_cat=0
split_feature=4 4 2 1 1 1
split_gain=5.30071 14.4451 32.6389 21.3243 18.1946 24.1676
threshold=6.3807920782184882 3.6614854674731685 39.500000000000007 34.273443017586253 30.286541006484825 31.814783427110054
decision_type=2 2 2 2 2 2
left_child=1 2 -1 4 -3 -6
right_child=-2 3 -4 -5 5 -7
leaf_value=-0.0069948313399576219 0.0048993978435683955 -0.046587924762732456 0.081582177678743997 -0.081005475989409867 0.078602717816829648 -0.026643774906794232
leaf_weight=78 219 18 11.999999999999998 13.999999999999998 10.000000000000002 11.999999999999998
leaf_count=78 219 18 12 14 10 12
internal_value=-4.11142e-11 -0.00745117 0.00481544 -0.0278955 -0.00930702 0.0211955
internal_weight=363 144 90 54 40 22
internal_count=363 144 90 54 40 22
is_linear=0
shrinkage=0.05


Tree=199
num_leaves=7
num_cat=0
split_feature=1 1 2 1 1 1
split_gain=4.94329 5.66443 12.1198 10.7471 9.58003 22.8987
threshold=49.371919659549611 43.171769130360381 37.500000000000007 41.701617533799812 36.278699160909532 33.429039471018349
decision_type=2 2 2 2 2 2
left_child=1 3 -3 4 5 -1
right_child=-2 2 -4 -5 -6 -7
leaf_value=-0.0030359054274190262 0.034666669052094222 0.01640992403030395 -0.056806637919866121 0.047139647676764679 -0.027468587554270226 0.043126615708072982
leaf_weight=257 9.9999999999999982 10.000000000000002 12.999999999999998 11.999999999999998 31 30
leaf_count=257 10 10 13 12 31 30
internal_value=-7.6584e-11 -0.000982059 -0.0249734 0.000690062 -0.00106275 0.00178945
internal_weight=363 353 23 330 318 287
internal_count=363 353 23 330 318 287
is_linear=0
shrinkage=0.05


Tree=200
num_leaves=7
num_cat=0
split_feature=4 5 0 1 1 3
split_gain=4.87677 13.6019 22.5801 28.3324 29.6101 27.3459
threshold=6.3807920782184882 1.0000000180025095e-35 0.17308977043471593 23.41856220926427 40.930063937761204 300.54949101624936
decision_type=2 2 2 2 2 2
left_child=-1 2 -2 -4 5 -5
right_child=1 -3 3 4 -6 -7
leaf_value=-0.0071469945289815472 -0.015800451834996541 -0.0057087817704016275 -0.028003170627814072 0.10814848840236664 -0.016398349827663465 0.015706075044969719
leaf_weight=144 30 129 12.999999999999998 24 10.999999999999998 11.999999999999998
leaf_count=144 30 129 13 24 11 12
internal_value=-1.64393e-10 0.00469939 0.0196178 0.0373269 0.0553969 0.0773344
internal_weight=363 219 90 60 47 36
internal_count=363 219 90 60 47 36
is_linear=0
shrinkage=0.05


Tree=201
num_leaves=7
num_cat=0
split_feature=0 4 4 4 3 3
split_gain=4.96449 8.97803 28.2782 17.2759 14.615 23.9823
threshold=0.10540033244478106 58.780433710682999 66.800669763991138 50.252210902595131 124.11595228024872 180.98053610430091
decision_type=2 2 2 2 2 2
left_child=-1 3 -3 4 -2 -6
right_child=1 2 -4 -5 5 -7
leaf_value=0.02488035202810639 0.013317859092505152 -0.095581855177879316 0.011600404942873866 0.059785601512218511 -0.047032813860901766 -0.0013916041426084661
leaf_weight=19 109 10.000000000000002 15.999999999999998 11.999999999999998 35 162
leaf_count=19 109 10 16 12 35 162
internal_value=3.27374e-10 -0.00137421 -0.0296235 0.000935489 -0.00137236 -0.00950045
internal_weight=363 344 26 318 306 197
internal_count=363 344 26 318 306 197
is_linear=0
shrinkage=0.05


Tree=202
num_leaves=7
num_cat=0
split_feature=1 0 3 0 3 1
split_gain=5.03003 5.0708 19.9486 8.64294 8.54147 20.8126
threshold=49.371919659549611 0.47681386795739839 270.54046213980826 0.3795318053144498 14.792968437488577 19.283800269256918
decision_type=2 2 2 2 2 2
left_child=1 3 -3 4 5 -1
right_child=-2 2 -4 -5 -6 -7
leaf_value=-0.040113269751264641 0.034969483651220802 -0.030881577730178824 0.057766891419887549 -0.0443281843016545 -0.0050876523165360975 0.031367260693235602
leaf_weight=12.999999999999998 9.9999999999999982 11.000000000000002 14.999999999999998 11.999999999999998 255 47
leaf_count=13 10 11 15 12 255 47
internal_value=1.27431e-10 -0.000990637 0.0202618 -0.00268043 -0.00109385 0.0158798
internal_weight=363 353 26 327 315 60
internal_count=363 353 26 327 315 60
is_linear=0
shrinkage=0.05


Tree=203
num_leaves=7
num_cat=0
split_feature=2 2 4 4 2 2
split_gain=4.95904 9.42023 11.1296 28.0009 46.9532 41.0562
threshold=12.500000000000002 14.500000000000002 26.144913448538848 30.873189402472061 30.500000000000004 23.500000000000004
decision_type=2 2 2 2 2 2
left_child=-1 -2 -3 -4 5 -5
right_child=1 2 3 4 -6 -7
leaf_value=-0.033059066804972566 0.035276332732878238 0.0043461897256784144 -0.091084553978659888 0.0099993470246377211 0.046693188338368025 -0.085541768101128679
leaf_weight=10.999999999999998 19 250 10.999999999999998 23 27 22
leaf_count=11 19 250 11 23 27 22
internal_value=2.56755e-10 0.0010331 -0.000920722 -0.0167849 -0.00543358 -0.0367096
internal_weight=363 352 333 83 72 45
internal_count=363 352 333 83 72 45
is_linear=0
shrinkage=0.05


Tree=204
num_leaves=7
num_cat=0
split_feature=3 3 1 3 1 3
split_gain=4.78851 5.57472 43.5863 34.5455 20.246 17.4805
threshold=500.43090994973062 355.16723636556304 31.283543432267738 391.00102261144957 26.410870144149744 326.85300626786415
decision_type=2 2 2 2 2 2
left_child=1 5 3 -3 -5 -1
right_child=-2 2 -4 4 -6 -7
leaf_value=0.00062566130309478279 -0.03105846519271533 0.094990016230278543 -0.047466162815690043 -0.042887069812665372 0.043027805071324116 -0.061033422655115521
leaf_weight=273 11.999999999999998 18 20 12.000000000000002 15.999999999999998 11.999999999999998
leaf_count=273 12 18 20 12 16 12
internal_value=-1.08013e-10 0.00106183 0.014156 0.0409483 0.00620714 -0.00197051
internal_weight=363 351 66 46 28 285
internal_count=363 351 66 46 28 285
is_linear=0
shrinkage=0.05


Tree=205
num_leaves=7
num_cat=0
split_feature=2 5 3 1 6 1
split_gain=4.59836 18.3398 32.6224 31.8202 31.0987 24.8541
threshold=26.500000000000004 0.91597561503675362 270.54046213980826 21.825108049454268 -0.12940952255126037 26.778760401399452
decision_type=2 2 2 2 2 2
left_child=1 4 3 -3 5 -1
right_child=-2 2 -4 -5 -6 -7
leaf_value=-0.015530136128997103 0.0048306476832790813 0.049307200163602828 0.090758606667319941 -0.048110649303386092 0.040252584728755453 -0.077760196823094582
leaf_weight=68 209 14.999999999999998 11.999999999999998 19 19 21
leaf_count=68 209 15 12 19 19 21
internal_value=8.62051e-11 -0.00655588 0.0198828 -0.00513219 -0.0178168 -0.0302136
internal_weight=363 154 46 34 108 89
internal_count=363 154 46 34 108 89
is_linear=0
shrinkage=0.05


Tree=206
num_leaves=7
num_cat=0
split_feature=4 2 2 6 3 1
split_gain=4.73043 14.0396 16.9492 12.059 22.0303 13.5796
threshold=6.3807920782184882 42.500000000000007 37.500000000000007 -0.12940952255126037 134.20392424568931 42.413765175921171
decision_type=2 2 2 2 2 2
left_child=1 2 -1 5 -5 -2
right_child=3 -3 -4 4 -6 -7
leaf_value=-0.0053310297720102415 -0.0041680703429656839 0.044741162906090426 -0.06178477341930072 -0.0048100873000091983 0.077235503190507496 0.047040378012960515
leaf_weight=117 172 11.999999999999998 14.999999999999998 18 14.999999999999998 13.999999999999998
leaf_count=117 172 12 15 18 15 14
internal_value=1.09937e-10 -0.00703895 -0.0117462 0.00462835 0.0324834 -0.000313671
internal_weight=363 144 132 219 33 186
internal_count=363 144 132 219 33 186
is_linear=0
shrinkage=0.05


Tree=207
num_leaves=7
num_cat=0
split_feature=3 3 4 3 3 3
split_gain=4.48545 13.6423 18.5614 17.1415 15.1254 18.5281
threshold=6.4227718483374332 14.792968437488577 30.873189402472061 43.533862720779915 57.304690676020286 76.024733381852158
decision_type=2 2 2 2 2 2
left_child=-1 2 -2 -3 -5 -6
right_child=1 3 -4 4 5 -7
leaf_value=-0.01757598031086452 0.075950499836887619 -0.045021020638800806 -0.0028832625597715379 0.046152599983745157 -0.06191947062810263 0.0016889992053152987
leaf_weight=33 14.000000000000002 21 15.999999999999998 18 11.999999999999998 249
leaf_count=33 14 21 16 18 12 249
internal_value=-8.98611e-11 0.0017576 0.0339058 -0.00145722 0.00182177 -0.00123553
internal_weight=363 330 30 300 279 261
internal_count=363 330 30 300 279 261
is_linear=0
shrinkage=0.05


Tree=208
num_leaves=7
num_cat=0
split_feature=4 4 4 5 5 7
split_gain=4.68212 16.9413 15.4562 10.9595 11.7598 18.1231
threshold=66.800669763991138 58.780433710682999 50.252210902595131 0.98296291314453421 0.91597561503675362 1.0000000180025095e-35
decision_type=2 2 2 2 2 2
left_child=1 2 3 4 -1 -6
right_child=-2 -3 -4 -5 5 -7
leaf_value=-0.0036622284291312097 0.024860568317429475 -0.059663818652431172 0.056519734828422465 -0.040344840507296954 0.036718203166369784 -0.03520223505117677
leaf_weight=250 18 11.999999999999998 11.999999999999998 17 43 10.999999999999998
leaf_count=250 18 12 12 17 43 11
internal_value=-5.92018e-11 -0.00129707 0.000806233 -0.00127651 0.000908227 0.0220677
internal_weight=363 345 333 321 304 54
internal_count=363 345 333 321 304 54
is_linear=0
shrinkage=0.05


Tree=209
num_leaves=7
num_cat=0
split_feature=1 1 2 1 1 1
split_gain=4.36953 5.52187 11.423 9.98283 8.96319 23.9005
threshold=49.371919659549611 43.171769130360381 37.500000000000007 41.701617533799812 35.938140735315812 33.429039471018349
decision_type=2 2 2 2 2 2
left_child=1 3 -3 4 5 -1
right_child=-2 2 -4 -5 -6 -7
leaf_value=-0.0027586483686495617 0.032592794001102453 0.015565233230590815 -0.05551541871749438 0.045495124906301504 -0.025222630623508904 0.046693359094637413
leaf_weight=257 9.9999999999999982 10.000000000000002 12.999999999999998 11.999999999999998 34 27
leaf_count=257 10 10 13 12 34 27
internal_value=-1.33669e-10 -0.000923309 -0.0246108 0.000727637 -0.000961702 0.00194277
internal_weight=363 353 23 330 318 284
internal_count=363 353 23 330 318 284
is_linear=0
shrinkage=0.05


Tree=210
num_leaves=7
num_cat=0
split_feature=0 4 4 3 3 1
split_gain=4.35388 7.31685 15.5905 12.4871 20.4503 38.0468
threshold=0.10540033244478106 59.621651724872258 52.945739412977773 124.11595228024872 180.98053610430091 41.701617533799812
decision_type=2 2 2 2 2 2
left_child=-1 2 3 -2 5 -5
right_child=1 -3 -4 4 -6 -7
leaf_value=0.02330007393305239 0.012052144809953265 -0.02791391792319094 0.059203637899322953 -0.081629599144925249 -0.001322995164980652 0.025385417760564733
leaf_weight=19 111 24 10.999999999999998 23 162 12.999999999999998
leaf_count=19 111 24 11 23 162 13
internal_value=-2.77697e-10 -0.00128692 0.000710102 -0.00137219 -0.00889796 -0.0429853
internal_weight=363 344 320 309 198 36
internal_count=363 344 320 309 198 36
is_linear=0
shrinkage=0.05


Tree=211
num_leaves=7
num_cat=0
split_feature=4 4 4 7 0 6
split_gain=4.68441 15.0445 12.877 10.1559 31.6594 16.8096
threshold=66.800669763991138 58.780433710682999 50.252210902595131 1.0000000180025095e-35 0.1551028605827689 0.25881904510252057
decision_type=2 2 2 2 2 2
left_child=1 2 3 5 -5 -1
right_child=-2 -3 -4 4 -6 -7
leaf_value=0.0041438645226708603 0.02486664751906776 -0.056299761744836967 0.051537726384898036 -0.092383983731269839 0.0085782025517387832 -0.061841830462217334
leaf_weight=277 18 11.999999999999998 11.999999999999998 11.999999999999998 22 9.9999999999999982
leaf_count=277 18 12 12 12 22 10
internal_value=1.39241e-10 -0.00129739 0.000684677 -0.00121637 -0.0270555 0.00184471
internal_weight=363 345 333 321 34 287
internal_count=363 345 333 321 34 287
is_linear=0
shrinkage=0.05


Tree=212
num_leaves=7
num_cat=0
split_feature=3 4 4 4 3 4
split_gain=4.47887 14.0377 13.9737 19.2278 14.849 28.6909
threshold=7.1594702569994855 33.08848044479695 49.053930499306709 59.621651724872258 14.792968437488577 24.921184286642802
decision_type=2 2 2 2 2 2
left_child=1 -1 4 -4 -2 -6
right_child=2 -3 3 -5 5 -7
leaf_value=0.0181690139696002 0.038831647911242079 -0.04466499069705606 0.079974447133449422 0.0026008746985878265 0.0018380090238550445 -0.044497726052903974
leaf_weight=15.999999999999998 21 20 12.999999999999998 21 233 39
leaf_count=16 21 20 13 21 233 39
internal_value=-4.5155e-11 -0.0167388 0.0018428 0.0321849 -0.00167812 -0.00480572
internal_weight=363 36 327 34 293 272
internal_count=363 36 327 34 293 272
is_linear=0
shrinkage=0.05


Tree=213
num_leaves=7
num_cat=0
split_feature=0 2 5 6 1 3
split_gain=4.40313 7.37793 19.6966 28.8116 26.1905 21.8449
threshold=0.10540033244478106 26.500000000000004 0.91597561503675362 -0.12940952255126037 27.061188289243734 270.54046213980826
decision_type=2 2 2 2 2 2
left_child=-1 2 3 4 -2 -4
right_child=1 -3 5 -5 -6 -7
leaf_value=0.023431490570012675 -0.018626456467374677 0.0045908894021126426 -0.0038956862940852134 0.041074346899986271 -0.085724813657763757 0.079261953654614359
leaf_weight=19 62 209 28 14.999999999999998 19 10.999999999999998
leaf_count=19 62 209 28 15 19 11
internal_value=-2.12498e-10 -0.00129418 -0.0104051 -0.0225781 -0.0343656 0.019559
internal_weight=363 344 135 96 81 39
internal_count=363 344 135 96 81 39
is_linear=0
shrinkage=0.05


Tree=214
num_leaves=7
num_cat=0
split_feature=4 4 4 5 0 1
split_gain=4.46643 13.2059 10.2867 10.0151 10.4446 11.385
threshold=66.800669763991138 58.780433710682999 50.252210902595131 0.98296291314453421 0.47681386795739839 21.825108049454268
decision_type=2 2 2 2 2 2
left_child=1 2 3 4 5 -1
right_child=-2 -3 -4 -5 -6 -7
leaf_value=0.022231384525075556 0.024281193621249666 -0.052798739774152642 0.04604153720041116 -0.038456030628260446 0.046696752309799194 -0.0051133425813922398
leaf_weight=45 18 11.999999999999998 11.999999999999998 17 11.999999999999998 247
leaf_count=45 18 12 12 17 12 247
internal_value=6.81431e-10 -0.00126684 0.000590161 -0.00110896 0.000979532 -0.000899258
internal_weight=363 345 333 321 304 292
internal_count=363 345 333 321 304 292
is_linear=0
shrinkage=0.05


Tree=215
num_leaves=7
num_cat=0
split_feature=4 4 4 2 4 0
split_gain=4.27706 12.5707 11.7293 23.4881 24.1702 23.2362
threshold=6.6179236137944946 7.7139648736850033 4.7421048654564286 40.500000000000007 4.1997812496762261 0.17262606224361707
decision_type=2 2 2 2 2 2
left_child=2 -2 3 4 -1 -4
right_child=1 -3 5 -5 -6 -7
leaf_value=-0.014468740835900974 0.05426730041702589 0.0015866205763460984 -0.087946419914563506 0.067883342504501343 0.067515897080302242 -0.004326016455888748
leaf_weight=89 11.999999999999998 201 11.999999999999998 11.999999999999998 9.9999999999999982 27
leaf_count=89 12 201 12 12 10 27
internal_value=1.10963e-11 0.00455455 -0.00646746 0.00182019 -0.00618746 -0.0300554
internal_weight=363 213 150 111 99 39
internal_count=363 213 150 111 99 39
is_linear=0
shrinkage=0.05


Tree=216
num_leaves=7
num_cat=0
split_feature=3 1 0 3 3 1
split_gain=4.11898 13.3685 29.9859 12.3682 15.7312 13.1439
threshold=7.1594702569994855 21.451679169957895 0.18020710728803527 14.792968437488577 43.533862720779915 24.288969357078926
decision_type=2 2 2 2 2 2
left_child=1 2 -1 5 -5 -2
right_child=3 -3 -4 4 -6 -7
leaf_value=-0.047268020719374436 0.0052549356129020439 -0.05210368727644285 0.072362496703863147 -0.042883299841057688 0.0019912017726316034 0.076254874467849731
leaf_weight=11.000000000000002 16.000000000000004 14.999999999999998 9.9999999999999982 21 279 10.999999999999998
leaf_count=11 16 15 10 21 279 11
internal_value=4.63737e-11 -0.0160522 0.00969889 0.00176721 -0.00115001 0.0341808
internal_weight=363 36 21 327 300 27
internal_count=363 36 21 327 300 27
is_linear=0
shrinkage=0.05


Tree=217
num_leaves=7
num_cat=0
split_feature=3 3 2 3 4 1
split_gain=4.14457 23.4721 21.0308 14.4509 9.14143 19.6381
threshold=391.00102261144957 355.16723636556304 31.500000000000004 326.85300626786415 10.801455888456315 26.410870144149744
decision_type=2 2 2 2 2 2
left_child=1 3 -3 -1 5 -2
right_child=4 2 -4 -5 -6 -7
leaf_value=0.00059495540642803845 -0.079788855959971761 0.089278828352689729 -0.0056590133626013995 -0.055466990980009234 0.015141188863076664 -0.00088472408444985112
leaf_weight=273 11.999999999999998 14.000000000000002 9.9999999999999982 11.999999999999998 19 23
leaf_count=273 12 14 10 12 19 23
internal_value=1.66509e-10 0.00223344 0.0497214 -0.00176555 -0.0127802 -0.0279376
internal_weight=363 309 24 285 54 35
internal_count=363 309 24 285 54 35
is_linear=0
shrinkage=0.05


Tree=218
num_leaves=7
num_cat=0
split_feature=2 3 0 3 1 6
split_gain=4.15236 16.519 21.2454 30.8374 18.8744 23.5742
threshold=26.500000000000004 10.551460763971743 0.20208480414887928 383.20789905645063 35.938140735315812 1.0000000180025095e-35
decision_type=2 2 2 2 2 2
left_child=-1 -2 -3 4 5 -4
right_child=1 2 3 -5 -6 -7
leaf_value=-0.0062298444300805311 -0.047871242091059689 -0.0057020528452157715 0.083504045695405121 -0.026255372315645221 -0.0084138826682017397 0.0095487401355057958
leaf_weight=154 13.999999999999998 113 33 20 12.999999999999998 15.999999999999998
leaf_count=154 14 113 33 20 13 16
internal_value=7.19017e-11 0.00459041 0.00835689 0.0277308 0.0451457 0.0593554
internal_weight=363 209 195 82 62 49
internal_count=363 209 195 82 62 49
is_linear=0
shrinkage=0.05


Tree=219
num_leaves=7
num_cat=0
split_feature=4 4 3 1 2 3
split_gain=4.23526 11.8136 11.2729 28.795 29.6568 21.8141
threshold=6.6179236137944946 7.7139648736850033 134.20392424568931 42.233037606540698 26.500000000000004 172.50205129622051
decision_type=2 2 2 2 2 2
left_child=2 -2 3 4 -1 -4
right_child=1 -3 5 -5 -6 -7
leaf_value=-0.029323186589912939 0.052724586675564449 0.0016550826237754738 -0.063711114051310636 -0.059141392558813101 0.071226664547893143 -0.0046349212051030588
leaf_weight=10.999999999999998 11.999999999999998 201 19 9.9999999999999982 22 88
leaf_count=11 12 201 19 10 22 88
internal_value=1.55477e-10 0.00453224 -0.00643578 0.0151865 0.03771 -0.0151251
internal_weight=363 213 150 43 33 107
internal_count=363 213 150 43 33 107
is_linear=0
shrinkage=0.05


Tree=220
num_leaves=7
num_cat=0
split_feature=1 4 4 4 1 5
split_gain=4.22026 4.44468 11.2075 9.37187 9.74802 41.2192
threshold=49.371919659549611 66.800669763991138 58.780433710682999 50.252210902595131 21.825108049454268 0.37940952255126054
decision_type=2 2 2 2 2 2
left_child=1 2 3 4 5 -1
right_child=-2 -3 -4 -5 -6 -7
leaf_value=-0.018901364453907672 0.032031223792582754 0.023296696496092614 -0.049655336828436702 0.042913046541313338 -0.005899884016695698 0.075845458172261723
leaf_weight=29 9.9999999999999982 18 11.999999999999998 11.999999999999998 263 19
leaf_count=29 10 18 12 12 263 19
internal_value=-1.89728e-10 -0.0009074 -0.00220792 -0.000445167 -0.00211815 0.0186026
internal_weight=363 353 335 323 311 48
internal_count=363 353 335 323 311 48
is_linear=0
shrinkage=0.05


Tree=221
num_leaves=7
num_cat=0
split_feature=2 4 0 2 0 6
split_gain=4.04433 39.1777 11.7405 7.33728 22.9576 53.2788
threshold=40.500000000000007 4.3570904265127037 0.17149003590029369 33.500000000000007 0.17894173375208081 -0.78656609248549325
decision_type=2 2 2 2 2 2
left_child=3 -2 -3 -1 5 -5
right_child=1 2 -4 4 -6 -7
leaf_value=0.0021293211202243812 0.099311510920524593 0.018078215284781016 -0.053435530792921786 0.0017653328092659217 0.0072725301631158456 -0.14368156611919403
leaf_weight=262 9.9999999999999982 11.000000000000002 11.999999999999998 17.000000000000004 41 9.9999999999999982
leaf_count=262 10 11 12 17 41 10
internal_value=-7.00416e-11 0.0166894 -0.0192333 -0.00166894 -0.0163034 -0.0521039
internal_weight=363 33 23 330 68 27
internal_count=363 33 23 330 68 27
is_linear=0
shrinkage=0.05


Tree=222
num_leaves=7
num_cat=0
split_feature=2 2 4 4 2 2
split_gain=4.07008 8.83351 9.76706 24.5086 40.2849 35.3934
threshold=12.500000000000002 14.500000000000002 26.144913448538848 30.873189402472061 30.500000000000004 23.500000000000004
decision_type=2 2 2 2 2 2
left_child=-1 -2 -3 -4 5 -5
right_child=1 2 3 4 -6 -7
leaf_value=-0.029949740659106862 0.034095638480625655 0.0039779304184019565 -0.085329597646539856 0.0092005984938662976 0.043085937684884779 -0.079507321601902894
leaf_weight=10.999999999999998 19 250 10.999999999999998 23 27 22
leaf_count=11 19 250 11 23 27 22
internal_value=6.05488e-11 0.000935929 -0.000956066 -0.0158175 -0.0051976 -0.0341677
internal_weight=363 352 333 83 72 45
internal_count=363 352 333 83 72 45
is_linear=0
shrinkage=0.05


Tree=223
num_leaves=7
num_cat=0
split_feature=4 4 2 4 2 6
split_gain=3.95374 11.9704 19.192 21.8106 17.9091 18.1347
threshold=6.3807920782184882 4.7421048654564286 40.500000000000007 4.1997812496762261 32.500000000000007 -0.37940952255126015
decision_type=2 2 2 2 2 2
left_child=1 2 3 4 5 -1
right_child=-2 -3 -4 -5 -6 -7
leaf_value=0.041023017112165688 0.0042313603195255475 -0.032874354742693179 0.061141734818617503 0.064200155735015876 -0.045134057632337021 -0.017537310346961023
leaf_weight=20 219 33 11.999999999999998 9.9999999999999982 30 39
leaf_count=20 219 33 12 10 30 39
internal_value=2.43478e-10 -0.00643519 0.0014251 -0.00581328 -0.01368 0.00231365
internal_weight=363 144 111 99 89 59
internal_count=363 144 111 99 89 59
is_linear=0
shrinkage=0.05


Tree=224
num_leaves=7
num_cat=0
split_feature=1 1 2 1 1 1
split_gain=4.12607 4.51299 11.0025 8.35806 7.59806 19.8921
threshold=49.371919659549611 43.171769130360381 37.500000000000007 41.701617533799812 35.938140735315812 33.429039471018349
decision_type=2 2 2 2 2 2
left_child=1 3 -3 4 5 -1
right_child=-2 2 -4 -5 -6 -7
leaf_value=-0.0025653946534132561 0.031671764701604842 0.017117995023727413 -0.052642249430601418 0.041558016277849677 -0.023287599227007696 0.042549635400926628
leaf_weight=257 9.9999999999999982 10.000000000000002 12.999999999999998 11.999999999999998 34 27
leaf_count=257 10 10 13 12 34 27
internal_value=-2.58487e-10 -0.000897217 -0.0223117 0.000595308 -0.000950455 0.00172371
internal_weight=363 353 23 330 318 284
internal_count=363 353 23 330 318 284
is_linear=0
shrinkage=0.05


Tree=225
num_leaves=7
num_cat=0
split_feature=2 3 2 5 6 0
split_gain=3.89058 14.9309 18.3185 25.3319 52.8647 51.8084
threshold=26.500000000000004 10.551460763971743 32.500000000000007 1.0000000180025095e-35 -0.37940952255126015 0.20437523707108782
decision_type=2 2 2 2 2 2
left_child=-1 -2 3 4 -3 -5
right_child=1 2 -4 5 -6 -7
leaf_value=-0.006030272299351244 -0.045432744388069428 0.13842220191772167 -0.004893577921923185 -0.048925398848950863 0.008906290903687478 0.054965974794079865
leaf_weight=154 13.999999999999998 12.999999999999998 114 24 20 24
leaf_count=154 14 13 114 24 20 24
internal_value=7.45315e-11 0.00444336 0.00802421 0.0262048 0.0599277 0.00302029
internal_weight=363 209 195 81 33 48
internal_count=363 209 195 81 33 48
is_linear=0
shrinkage=0.05


Tree=226
num_leaves=7
num_cat=0
split_feature=4 2 2 5 0 1
split_gain=3.88775 11.7974 14.5136 11.0991 19.2132 23.3857
threshold=6.3807920782184882 42.500000000000007 37.500000000000007 1.0000000180025095e-35 0.17419369017258088 23.41856220926427
decision_type=2 2 2 2 2 2
left_child=1 2 -1 4 -2 -6
right_child=3 -3 -4 -5 5 -7
leaf_value=-0.0047599100913756935 -0.014198840854148713 0.041084306190411257 -0.057000304758548739 -0.0052060405499944392 -0.024796497477934915 0.051152176393762884
leaf_weight=117 31 11.999999999999998 14.999999999999998 129 12.999999999999998 46
leaf_count=117 31 12 15 129 13 46
internal_value=-7.79951e-11 -0.00638127 -0.0106963 0.0041959 0.017672 0.0344177
internal_weight=363 144 132 219 90 59
internal_count=363 144 132 219 90 59
is_linear=0
shrinkage=0.05


Tree=227
num_leaves=7
num_cat=0
split_feature=0 4 4 0 5 5
split_gain=3.999 6.32322 7.3468 12.7287 31.1139 11.7516
threshold=0.10540033244478106 0.42896880724153591 0.86102830673406106 0.57093510892922505 0.98296291314453421 0.91597561503675362
decision_type=2 2 2 2 2 2
left_child=-1 -2 -3 4 5 -4
right_child=1 2 3 -5 -6 -7
leaf_value=0.022330306784102791 0.036064661429686978 -0.040876723577578863 -0.0041867398212322732 0.047433749700968086 -0.075900161851729667 0.022213232215932188
leaf_weight=19 10.999999999999998 11.999999999999998 243 12.999999999999998 13.999999999999998 51
leaf_count=19 11 12 243 13 14 51
internal_value=-8.72313e-11 -0.00123336 -0.00246543 -0.00102949 -0.00307502 0.000392847
internal_weight=363 344 333 321 308 294
internal_count=363 344 333 321 308 294
is_linear=0
shrinkage=0.05


Tree=228
num_leaves=7
num_cat=0
split_feature=1 4 4 4 1 5
split_gain=3.87344 4.131 10.0842 8.46291 10.0476 36.5134
threshold=49.371919659549611 66.800669763991138 58.780433710682999 50.252210902595131 21.825108049454268 0.37940952255126054
decision_type=2 2 2 2 2 2
left_child=1 2 3 4 5 -1
right_child=-2 -3 -4 -5 -6 -7
leaf_value=-0.016302359463839695 0.030686851926147941 0.022465062415641217 -0.047129989539583528 0.040750964606801672 -0.0058802049564544694 0.072872154689148858
leaf_weight=29 9.9999999999999982 18 11.999999999999998 11.999999999999998 263 19
leaf_count=29 10 18 12 12 263 19
internal_value=-1.24946e-10 -0.000869316 -0.0021231 -0.000451021 -0.00204081 0.0189959
internal_weight=363 353 335 323 311 48
internal_count=363 353 335 323 311 48
is_linear=0
shrinkage=0.05


Tree=229
num_leaves=7
num_cat=0
split_feature=2 6 5 7 0 4
split_gain=3.67304 14.263 21.0971 42.164 28.7739 19.7679
threshold=26.500000000000004 -0.12940952255126037 0.37940952255126054 1.0000000180025095e-35 0.21110711455464756 48.442471165882814
decision_type=2 2 2 2 2 2
left_child=1 2 5 4 -4 -1
right_child=-2 -3 3 -5 -6 -7
leaf_value=-0.051357933978239706 0.0043173442102309193 0.023851932026445866 0.072869911265519005 -0.052950523607432846 -0.010278306783814181 0.014920711716016133
leaf_weight=45 209 32 23 20 19 14.999999999999998
leaf_count=45 209 32 23 20 19 15
internal_value=1.91652e-10 -0.00585925 -0.0136523 0.00680177 0.0352552 -0.0347883
internal_weight=363 154 122 62 42 60
internal_count=363 154 122 62 42 60
is_linear=0
shrinkage=0.05


Tree=230
num_leaves=7
num_cat=0
split_feature=5 4 6 3 4 1
split_gain=3.73253 11.9526 14.2565 14.5713 14.125 33.3431
threshold=1.0000000180025095e-35 66.800669763991138 1.0000000180025095e-35 134.20392424568931 42.058755894843451 21.825108049454268
decision_type=2 2 2 2 2 2
left_child=-1 2 4 -4 5 -2
right_child=1 -3 3 -5 -6 -7
leaf_value=0.0054927257464049825 0.066010708597145584 0.043669354729354383 -0.079328979551792134 -0.0080622428562492129 -0.03623230635747314 -0.0056706355616181828
leaf_weight=167 19 11.999999999999998 13.000000000000002 15.999999999999998 25 111
leaf_count=167 19 12 13 16 25 111
internal_value=2.57846e-10 -0.00468003 -0.00783325 -0.0400094 -0.00181319 0.00480587
internal_weight=363 196 184 29 155 130
internal_count=363 196 184 29 155 130
is_linear=0
shrinkage=0.05


Tree=231
num_leaves=7
num_cat=0
split_feature=2 3 3 3 3 4
split_gain=3.68368 13.4642 16.7976 23.1102 34.669 49.9898
threshold=26.500000000000004 7.4460065935752722 14.792968437488577 51.882466125523507 124.11595228024872 4.8551324120299713
decision_type=2 2 2 2 2 2
left_child=-1 -2 -3 -4 5 -5
right_child=1 2 3 4 -6 -7
leaf_value=-0.0058677313220384837 -0.049518653547221965 0.070459984242916107 -0.051642884489367991 0.1270357114928109 -0.00026520678915807773 -0.0091265496439658679
leaf_weight=154 10.999999999999998 9.9999999999999982 17 14.000000000000002 144 12.999999999999998
leaf_count=154 11 10 17 14 144 13
internal_value=8.64616e-11 0.00432359 0.00731483 0.00395604 0.00948342 0.0614761
internal_weight=363 209 198 188 171 27
internal_count=363 209 198 188 171 27
is_linear=0
shrinkage=0.05


Tree=232
num_leaves=7
num_cat=0
split_feature=4 3 1 2 3 4
split_gain=3.82983 10.4062 24.6951 23.7227 21.2432 20.3302
threshold=6.6179236137944946 134.20392424568931 42.233037606540698 26.500000000000004 172.50205129622051 3.2006245758837522
decision_type=2 2 2 2 2 2
left_child=1 2 3 -1 -3 -6
right_child=-2 4 -4 -5 5 -7
leaf_value=-0.02443997748196125 0.0043098519062142416 -0.062414531370526875 -0.054178897663950926 0.065489365194331517 0.020468475305756861 -0.027608978791783253
leaf_weight=10.999999999999998 213 19 9.9999999999999982 22 43 45
leaf_count=11 213 19 10 22 43 45
internal_value=1.59325e-10 -0.00611999 0.0146544 0.0355129 -0.0144686 -0.00411659
internal_weight=363 150 43 33 107 88
internal_count=363 150 43 33 107 88
is_linear=0
shrinkage=0.05


Tree=233
num_leaves=7
num_cat=0
split_feature=1 0 3 0 1 0
split_gain=3.82769 3.91971 16.4138 8.1566 6.83417 25.1128
threshold=49.371919659549611 0.47681386795739839 270.54046213980826 0.3795318053144498 31.160350471501008 0.14241435813816225
decision_type=2 2 2 2 2 2
left_child=1 3 -3 4 -1 -6
right_child=-2 2 -4 -5 5 -7
leaf_value=0.0049300211187147981 0.030505097471177578 -0.028570359674367031 0.051841311181584998 -0.042808845235655708 -0.086093135625123982 -0.0033031499852776663
leaf_weight=196 9.9999999999999982 11.000000000000002 14.999999999999998 11.999999999999998 9.9999999999999982 109
leaf_count=196 10 11 15 12 10 109
internal_value=-6.11261e-11 -0.000864167 0.017821 -0.00234984 -0.000808541 -0.0102603
internal_weight=363 353 26 327 315 119
internal_count=363 353 26 327 315 119
is_linear=0
shrinkage=0.05


Tree=234
num_leaves=7
num_cat=0
split_feature=1 1 1 4 6 1
split_gain=3.63696 7.05681 8.07221 6.4692 17.9247 14.7013
threshold=47.104645492170057 43.171769130360381 41.701617533799812 1.4272395205449415 -0.37940952255126015 35.674551556447689
decision_type=2 2 2 2 2 2
left_child=1 2 3 4 -1 -5
right_child=-2 -3 -4 5 -6 -7
leaf_value=0.071039931865578318 0.021910861817499003 -0.034684184277430176 0.040637561399489645 0.00090431440874298881 -0.014251568328057016 -0.033628966026008129
leaf_weight=11.000000000000002 18 14.999999999999998 11.999999999999998 258 13.999999999999998 35
leaf_count=11 18 15 12 258 14 35
internal_value=2.36423e-10 -0.00114318 0.000381416 -0.00113768 0.0232767 -0.00322082
internal_weight=363 345 330 318 25 293
internal_count=363 345 330 318 25 293
is_linear=0
shrinkage=0.05


Tree=235
num_leaves=7
num_cat=0
split_feature=2 4 0 4 4 6
split_gain=3.91359 32.378 10.7086 7.09306 13.6557 14.2835
threshold=40.500000000000007 4.3570904265127037 0.17149003590029369 4.1114023401015727 3.2006245758837522 -0.12940952255126037
decision_type=2 2 2 2 2 2
left_child=3 -2 -3 4 5 -1
right_child=1 2 -4 -5 -6 -7
leaf_value=0.0046452235849574215 0.091528072357177748 0.019394747235558243 -0.048904054984450343 0.0027102136853738826 -0.063466033836205804 -0.051441960249628341
leaf_weight=60 9.9999999999999982 11.000000000000002 11.999999999999998 244 11.999999999999998 13.999999999999998
leaf_count=60 10 11 12 244 12 14
internal_value=-3.26476e-11 0.0164174 -0.0162394 -0.00164174 -0.0139891 -0.00596587
internal_weight=363 33 23 330 86 74
internal_count=363 33 23 330 86 74
is_linear=0
shrinkage=0.05


Tree=236
num_leaves=7
num_cat=0
split_feature=5 4 4 5 3 0
split_gain=3.68935 11.4071 24.7939 28.5254 23.9285 17.0187
threshold=1.0000000180025095e-35 6.3807920782184882 4.8551324120299713 -0.78656609248549292 260.91682882530574 0.17419369017258088
decision_type=2 2 2 2 2 2
left_child=1 2 3 -1 -5 -3
right_child=-2 5 -4 4 -6 -7
leaf_value=-0.026036949579288524 -0.0046528781531378627 -0.012447589993356697 -0.060034269922309452 -0.0026360355317592617 0.089807954217706418 0.033308387124689962
leaf_weight=31 196 31 18 14.000000000000002 13.999999999999998 59
leaf_count=31 196 31 18 14 14 59
internal_value=-3.88051e-12 0.00546086 -0.00866695 0.00700443 0.043586 0.017548
internal_weight=363 167 77 59 28 90
internal_count=363 167 77 59 28 90
is_linear=0
shrinkage=0.05


Tree=237
num_leaves=7
num_cat=0
split_feature=3 4 4 2 2 3
split_gain=3.64054 4.10554 29.2101 22.5304 48.7689 23.444
threshold=500.43090994973062 26.144913448538848 30.873189402472061 30.500000000000004 23.500000000000004 18.054916165224885
decision_type=2 2 2 2 2 2
left_child=1 -1 -3 4 5 -4
right_child=-2 2 3 -5 -6 -7
leaf_value=0.004386842350688684 -0.027080857815841838 -0.080799934267997753 -0.017041941190307792 0.040461060653130217 -0.074185539595782765 0.058779034998856096
leaf_weight=249 11.999999999999998 11.999999999999998 22 27 22 19
leaf_count=249 12 12 22 27 22 19
internal_value=-9.46716e-11 0.000925841 -0.00752307 0.00224717 -0.0141302 0.0180946
internal_weight=363 351 102 90 63 41
internal_count=363 351 102 90 63 41
is_linear=0
shrinkage=0.05


Tree=238
num_leaves=7
num_cat=0
split_feature=0 3 0 3 1 0
split_gain=3.63114 15.1362 7.39504 6.33385 19.2085 14.4912
threshold=0.47681386795739839 270.54046213980826 0.3795318053144498 14.792968437488577 19.283800269256918 0.24894959511381054
decision_type=2 2 2 2 2 2
left_child=2 -2 3 4 -1 -6
right_child=1 -3 -4 -5 5 -7
leaf_value=-0.039088589784044489 -0.026545443318106904 0.05067339887221655 -0.039934771707824744 -0.0032871496361100449 0.050481714606285102 -0.0072993505088722009
leaf_weight=12.999999999999998 11.000000000000002 14.999999999999998 11.999999999999998 265 30 17
leaf_count=13 11 15 12 265 30 17
internal_value=1.34054e-11 0.0180039 -0.00138902 3.42036e-05 0.0147035 0.0295822
internal_weight=363 26 337 325 60 47
internal_count=363 26 337 325 60 47
is_linear=0
shrinkage=0.05


Tree=239
num_leaves=7
num_cat=0
split_feature=3 3 2 3 4 1
split_gain=3.64355 19.4531 16.3829 13.205 9.0694 17.8456
threshold=391.00102261144957 355.16723636556304 31.500000000000004 326.85300626786415 10.801455888456315 26.410870144149744
decision_type=2 2 2 2 2 2
left_child=1 3 -3 -1 5 -2
right_child=4 2 -4 -5 -6 -7
leaf_value=0.00070998366997191765 -0.076508555561304092 0.080239410332537106 -0.0035533369146287445 -0.052880710735917096 0.01582830695337371 -0.0012917648191037388
leaf_weight=273 11.999999999999998 14.000000000000002 9.9999999999999982 11.999999999999998 19 23
leaf_count=273 12 14 10 12 19 23
internal_value=-1.01599e-10 0.0020941 0.0453258 -0.00154647 -0.0119829 -0.0270804
internal_weight=363 309 24 285 54 35
internal_count=363 309 24 285 54 35
is_linear=0
shrinkage=0.05


Tree=240
num_leaves=7
num_cat=0
split_feature=4 4 4 4 2 0
split_gain=3.61803 9.66819 10.6789 8.94317 27.7255 28.5074
threshold=77.850362556652925 54.203590921867068 64.219164273812723 26.144913448538848 23.500000000000004 0.18275873095896403
decision_type=2 2 2 2 2 2
left_child=1 3 -3 -1 -5 -6
right_child=-2 2 -4 4 5 -7
leaf_value=0.0028329356816165522 -0.026997007988393308 0.064906148177882025 -0.0017987336342533428 0.028061801940202715 0.012556739465799183 -0.071106733947194051
leaf_weight=261 11.999999999999998 12.000000000000002 11.999999999999998 22 15.999999999999998 28
leaf_count=261 12 12 12 22 16 28
internal_value=4.18197e-11 0.000922975 0.0315537 -0.00132515 -0.0177685 -0.0406837
internal_weight=363 351 24 327 66 44
internal_count=363 351 24 327 66 44
is_linear=0
shrinkage=0.05


Tree=241
num_leaves=7
num_cat=0
split_feature=2 6 5 3 1 1
split_gain=3.56448 13.3688 19.7368 21.907 21.6064 19.1284
threshold=26.500000000000004 -0.12940952255126037 0.91597561503675362 297.11377635473889 22.985795441746912 26.085739572378152
decision_type=2 2 2 2 2 2
left_child=1 2 5 4 -4 -1
right_child=-2 -3 3 -5 -6 -7
leaf_value=-0.011075242597144097 0.0042530663436251967 0.022992752585560085 0.035351425695877799 0.081492871902883068 -0.062406928315758704 -0.062650854811072354
leaf_weight=64 209 32 13.000000000000002 9.9999999999999982 9.9999999999999982 25
leaf_count=64 209 32 13 10 10 25
internal_value=6.05488e-11 -0.00577202 -0.0133169 0.0197099 -0.00715221 -0.0255628
internal_weight=363 154 122 33 23 89
internal_count=363 154 122 33 23 89
is_linear=0
shrinkage=0.05


Tree=242
num_leaves=7
num_cat=0
split_feature=4 3 3 3 4 1
split_gain=3.43693 10.4183 23.5163 18.7051 16.6774 17.7084
threshold=6.6179236137944946 134.20392424568931 96.874147773345854 172.50205129622051 3.2006245758837522 34.834618601207083
decision_type=2 2 2 2 2 2
left_child=1 2 -1 -3 5 -5
right_child=-2 3 -4 4 -6 -7
leaf_value=-0.0053657274806138246 0.0040827984625403657 -0.059141657374014979 0.082159114924725149 0.00016685547589352637 -0.025714600589126349 0.076118406951427464
leaf_weight=33 213 19 9.9999999999999982 33 45 9.9999999999999982
leaf_count=33 213 19 10 33 45 10
internal_value=-4.105e-12 -0.00579757 0.0149889 -0.014151 -0.00443712 0.01783
internal_weight=363 150 43 107 88 43
internal_count=363 150 43 107 88 43
is_linear=0
shrinkage=0.05


Tree=243
num_leaves=7
num_cat=0
split_feature=1 1 2 0 1 1
split_gain=3.48695 6.74458 7.31368 19.1573 9.44509 10.952
threshold=47.104645492170057 43.171769130360381 40.500000000000007 0.17536994185883098 38.309918648995463 33.429039471018349
decision_type=2 2 2 2 2 2
left_child=1 2 4 -4 5 -1
right_child=-2 -3 3 -5 -6 -7
leaf_value=-0.0029035825901476478 0.021454233076009487 -0.033909947747985524 0.075748575275594518 -0.012426751213414329 -0.035897264918802602 0.028570152053068721
leaf_weight=255 18 14.999999999999998 11.000000000000002 13.999999999999998 19 31
leaf_count=255 18 15 11 14 19 31
internal_value=-2.4823e-10 -0.00111935 0.00037113 0.0263704 -0.00175996 0.000507906
internal_weight=363 345 330 25 305 286
internal_count=363 345 330 25 305 286
is_linear=0
shrinkage=0.05


Tree=244
num_leaves=7
num_cat=0
split_feature=3 3 2 3 6 4
split_gain=3.36872 17.4895 14.5784 11.5118 8.67881 10.3784
threshold=391.00102261144957 355.16723636556304 31.500000000000004 326.85300626786415 -0.12940952255126037 6.796394465745748
decision_type=2 2 2 2 2 2
left_child=1 3 -3 -1 5 -2
right_child=4 2 -4 -5 -6 -7
leaf_value=0.00066846142132381055 0.033581072092056276 0.075940112051154862 -0.00310356792062521 -0.049368529394268994 -0.053568573147058485 -0.018554757088422774
leaf_weight=273 13.999999999999998 14.000000000000002 9.9999999999999982 11.999999999999998 9.9999999999999982 30
leaf_count=273 14 14 10 12 10 30
internal_value=1.92743e-10 0.00201357 0.0430052 -0.00143836 -0.0115221 -0.00196608
internal_weight=363 309 24 285 54 44
internal_count=363 309 24 285 54 44
is_linear=0
shrinkage=0.05


Tree=245
num_leaves=7
num_cat=0
split_feature=4 2 2 5 0 1
split_gain=3.36681 10.7776 13.3044 10.2213 17.0163 19.0628
threshold=6.3807920782184882 42.500000000000007 37.500000000000007 1.0000000180025095e-35 0.17419369017258088 23.41856220926427
decision_type=2 2 2 2 2 2
left_child=1 2 -1 4 -2 -6
right_child=3 -3 -4 -5 5 -7
leaf_value=-0.0043789762303105785 -0.013156522666254351 0.039429308722416567 -0.054395750152568027 -0.0051178251920166867 -0.020865775931339998 0.04770503298419973
leaf_weight=117 31 11.999999999999998 14.999999999999998 129 12.999999999999998 46
leaf_count=117 31 12 15 129 13 46
internal_value=3.07875e-11 -0.00593837 -0.0100627 0.00390468 0.0168369 0.0325962
internal_weight=363 144 132 219 90 59
internal_count=363 144 132 219 90 59
is_linear=0
shrinkage=0.05


Tree=246
num_leaves=7
num_cat=0
split_feature=4 4 4 4 2 3
split_gain=3.33625 8.71062 9.83666 7.98131 24.8203 28.113
threshold=77.850362556652925 54.203590921867068 64.219164273812723 26.144913448538848 23.500000000000004 286.61114605665335
decision_type=2 2 2 2 2 2
left_child=1 3 -3 -1 -5 -6
right_child=-2 2 -4 4 5 -7
leaf_value=0.0026805322223442869 -0.025924395738790434 0.061970784002915003 -0.0020495838796099025 0.026581169800324874 -0.070176049275323754 0.011905124564381208
leaf_weight=261 11.999999999999998 12.000000000000002 11.999999999999998 22 27 17
leaf_count=261 12 12 12 22 27 17
internal_value=2.353e-10 0.000886304 0.0299606 -0.00124759 -0.0167815 -0.0384629
internal_weight=363 351 24 327 66 44
internal_count=363 351 24 327 66 44
is_linear=0
shrinkage=0.05


Tree=247
num_leaves=7
num_cat=0
split_feature=2 2 2 2 4 2
split_gain=3.44057 6.32999 9.42635 7.71801 9.23764 21.5754
threshold=12.500000000000002 14.500000000000002 15.500000000000002 18.500000000000004 26.144913448538848 30.500000000000004
decision_type=2 2 2 2 2 2
left_child=-1 -2 -3 -4 -5 -6
right_child=1 2 3 4 5 -7
leaf_value=-0.027536396749994974 0.028930715981282686 -0.048551320135593413 0.03165495956414624 0.0035739679454674582 -0.041877385095143937 0.014006299605112403
leaf_weight=10.999999999999998 19 9.9999999999999982 19 234 39 31
leaf_count=11 19 10 19 234 39 31
internal_value=1.04806e-10 0.000860513 -0.000741091 0.000739102 -0.00119314 -0.0171289
internal_weight=363 352 333 323 304 70
internal_count=363 352 333 323 304 70
is_linear=0
shrinkage=0.05


Tree=248
num_leaves=7
num_cat=0
split_feature=4 3 1 2 3 4
split_gain=3.51516 9.46242 22.2209 20.5452 16.8687 14.6618
threshold=6.6179236137944946 134.20392424568931 42.233037606540698 26.500000000000004 172.50205129622051 3.2006245758837522
decision_type=2 2 2 2 2 2
left_child=1 2 3 -1 -3 -6
right_child=-2 4 -4 -5 5 -7
leaf_value=-0.022060665589841932 0.004129003829808092 -0.056549385552735712 -0.051347343847155572 0.061629594828594814 0.016278799956794397 -0.024549740420447455
leaf_weight=10.999999999999998 213 19 9.9999999999999982 22 43 45
leaf_count=11 213 19 10 22 43 45
internal_value=-2.87222e-10 -0.00586319 0.0139468 0.0337328 -0.0138242 -0.00459943
internal_weight=363 150 43 33 107 88
internal_count=363 150 43 33 107 88
is_linear=0
shrinkage=0.05


Tree=249
num_leaves=7
num_cat=0
split_feature=0 3 0 3 1 3
split_gain=3.47397 13.2446 6.39657 5.43717 18.2538 13.4123
threshold=0.47681386795739839 270.54046213980826 0.3795318053144498 14.792968437488577 19.283800269256918 51.882466125523507
decision_type=2 2 2 2 2 2
left_child=2 -2 3 4 -1 -5
right_child=1 -3 -4 5 -6 -7
leaf_value=-0.03888195328987562 -0.02406284023414958 0.048169968004028008 -0.037207855284214018 -0.034017075213693806 0.028060583722718219 0.00098197982929105684
leaf_weight=12.999999999999998 11.000000000000002 14.999999999999998 11.999999999999998 31 47 234
leaf_count=13 11 15 12 31 47 234
internal_value=1.29564e-11 0.0176099 -0.00135863 -3.49662e-05 0.0135564 -0.00311225
internal_weight=363 26 337 325 60 265
internal_count=363 26 337 325 60 265
is_linear=0
shrinkage=0.05


Tree=250
num_leaves=7
num_cat=0
split_feature=3 3 2 3 4 1
split_gain=3.49695 14.9603 12.6867 10.9915 8.67184 15.7258
threshold=391.00102261144957 355.16723636556304 31.500000000000004 326.85300626786415 10.801455888456315 26.410870144149744
decision_type=2 2 2 2 2 2
left_child=1 3 -3 -1 5 -2
right_child=4 2 -4 -5 -6 -7
leaf_value=0.00091760014712592188 -0.072901978840430579 0.070687369789395993 -0.0030496381968259812 -0.047975628264248373 0.015455475978945433 -0.0022936717323634938
leaf_weight=273 11.999999999999998 14.000000000000002 9.9999999999999982 11.999999999999998 19 23
leaf_count=273 12 14 10 12 19 23
internal_value=-1.54964e-10 0.00205153 0.0399636 -0.00114106 -0.0117393 -0.0265022
internal_weight=363 309 24 285 54 35
internal_count=363 309 24 285 54 35
is_linear=0
shrinkage=0.05


Tree=251
num_leaves=7
num_cat=0
split_feature=1 1 1 1 1 1
split_gain=3.48092 5.71765 7.36325 5.73514 14.7815 19.3468
threshold=47.104645492170057 43.171769130360381 41.701617533799812 35.938140735315812 33.429039471018349 32.399272681479815
decision_type=2 2 2 2 2 2
left_child=1 2 3 4 5 -1
right_child=-2 -3 -4 -5 -6 -7
leaf_value=0.00084453919740809394 0.021435677084243959 -0.031309609909852348 0.038701671548187738 -0.020603449423523511 0.036319257957101975 -0.057673284734288857
leaf_weight=242 18 14.999999999999998 11.999999999999998 34 27 14.999999999999998
leaf_count=242 18 15 12 34 27 15
internal_value=-9.23626e-12 -0.00111838 0.000253945 -0.00119691 0.00112641 -0.0025709
internal_weight=363 345 330 318 284 257
internal_count=363 345 330 318 284 257
is_linear=0
shrinkage=0.05


Tree=252
num_leaves=7
num_cat=0
split_feature=2 4 0 4 2 0
split_gain=3.38679 28.405 9.10827 6.72391 12.0236 22.2418
threshold=40.500000000000007 4.3570904265127037 0.17149003590029369 4.1114023401015727 33.500000000000007 0.19469509745675254
decision_type=2 2 2 2 2 2
left_child=3 -2 -3 4 -1 -6
right_child=1 2 -4 -5 5 -7
leaf_value=-0.0015804654804104177 0.085624152421951302 0.017548689517107873 -0.045440333926429349 0.0027099414251469931 -0.091839316735664978 0.0025585733927213231
leaf_weight=61 9.9999999999999982 11.000000000000002 11.999999999999998 244 12.000000000000002 12.999999999999998
leaf_count=61 10 11 12 244 12 13
internal_value=1.88702e-10 0.0152725 -0.0153151 -0.00152725 -0.0135491 -0.0427524
internal_weight=363 33 23 330 86 25
internal_count=363 33 23 330 86 25
is_linear=0
shrinkage=0.05


Tree=253
num_leaves=7
num_cat=0
split_feature=2 6 0 0 6 4
split_gain=3.39434 13.1791 15.6472 14.7746 23.6759 21.9394
threshold=26.500000000000004 -0.12940952255126037 0.33675979141878626 0.20437523707108782 -0.9159756150367534 15.328901927974227
decision_type=2 2 2 2 2 2
left_child=-1 3 -3 -2 -5 -6
right_child=1 2 -4 4 5 -7
leaf_value=-0.0056325777491264342 -0.00046715357185651862 -0.070516294489304229 0.0017036531865596773 0.089733501466420992 0.039622533906783379 -0.033773038443177937
leaf_weight=154 120 11.999999999999998 20 12.999999999999998 28 15.999999999999998
leaf_count=154 120 12 20 13 28 16
internal_value=-5.16974e-11 0.00415032 -0.0253788 0.00948892 0.0304491 0.0129332
internal_weight=363 209 32 177 57 44
internal_count=363 209 32 177 57 44
is_linear=0
shrinkage=0.05


Tree=254
num_leaves=7
num_cat=0
split_feature=1 0 0 4 4 1
split_gain=3.26741 3.60095 21.7696 16.454 24.3137 23.7033
threshold=49.371919659549611 0.18430426923396026 0.17894173375208081 12.342063001006943 8.9617929309887412 25.844470503399332
decision_type=2 2 2 2 2 2
left_child=1 2 3 4 5 -1
right_child=-2 -3 -4 -5 -6 -7
leaf_value=0.054143063150919407 0.028184217102825645 0.0036696986060100372 -0.071191563953955969 0.016486316284947639 -0.08996075000613929 -0.021489251814052174
leaf_weight=12.999999999999998 9.9999999999999982 198 11.999999999999998 69 9.9999999999999982 51
leaf_count=13 10 198 12 69 10 51
internal_value=8.15869e-11 -0.00079842 -0.00650608 -0.00107793 -0.0174554 -0.00612644
internal_weight=363 353 155 143 74 64
internal_count=363 353 155 143 74 64
is_linear=0
shrinkage=0.05


Tree=255
num_leaves=7
num_cat=0
split_feature=2 6 4 0 6 4
split_gain=3.28114 12.135 14.6926 12.9135 22.1645 20.9118
threshold=26.500000000000004 -0.12940952255126037 3.3838671093530626 0.20549315712503965 -0.9159756150367534 15.328901927974227
decision_type=2 2 2 2 2 2
left_child=-1 3 -3 -2 -5 -6
right_child=1 2 -4 4 5 -7
leaf_value=-0.005537857380151362 0.00037388062224753441 -0.074507141411304476 -0.0014128279956904326 0.089627959424008932 0.040934916883707047 -0.032267869496718053
leaf_weight=154 124 9.9999999999999982 22 11.999999999999998 25 15.999999999999998
leaf_count=154 124 10 22 12 25 16
internal_value=1.48293e-10 0.00408053 -0.0242548 0.0092033 0.0298608 0.012368
internal_weight=363 209 32 177 53 41
internal_count=363 209 32 177 53 41
is_linear=0
shrinkage=0.05


Tree=256
num_leaves=7
num_cat=0
split_feature=2 4 0 4 4 4
split_gain=3.1881 25.6912 8.60935 6.17182 11.188 11.077
threshold=40.500000000000007 4.3570904265127037 0.17149003590029369 4.1114023401015727 4.7421048654564286 3.2006245758837522
decision_type=2 2 2 2 2 2
left_child=3 -2 -3 5 -5 -1
right_child=1 2 -4 4 -6 -7
leaf_value=-0.0057733404424947666 0.081724450588226319 0.017678971453146494 -0.043560601351782684 0.047709937966786901 3.783188949770484e-05 -0.057560598105192186
leaf_weight=74 9.9999999999999982 11.000000000000002 11.999999999999998 12.999999999999998 231 11.999999999999998
leaf_count=74 10 11 12 13 231 12
internal_value=-9.45434e-11 0.0148178 -0.0142721 -0.00148178 0.00257774 -0.0129995
internal_weight=363 33 23 330 244 86
internal_count=363 33 23 330 244 86
is_linear=0
shrinkage=0.05


Tree=257
num_leaves=7
num_cat=0
split_feature=4 4 5 5 0 0
split_gain=3.2069 38.2923 23.4532 22.7566 20.6837 18.6493
threshold=2.5130326904792244 2.0369095754046911 -0.98296291314453399 -0.78656609248549292 0.57093510892922505 0.3795318053144498
decision_type=2 2 2 2 2 2
left_child=1 3 -2 -1 5 -4
right_child=2 -3 4 -5 -6 -7
leaf_value=-0.044240212972675053 0.077389228045940395 -0.090448694598550594 -0.00016352899994617745 0.031502575295812948 0.066784676096656101 -0.059359874203801156
leaf_weight=13.999999999999998 9.9999999999999982 11.999999999999998 268 34 10.999999999999998 13.999999999999998
leaf_count=14 10 12 268 34 11 14
internal_value=-1.37902e-10 -0.010561 0.00209129 0.00941093 -0.000478609 -0.00310235
internal_weight=363 60 303 48 293 282
internal_count=363 60 303 48 293 282
is_linear=0
shrinkage=0.05


Tree=258
num_leaves=7
num_cat=0
split_feature=2 4 0 0 4 1
split_gain=3.02812 23.5696 7.7042 5.32114 22.6508 27.5532
threshold=40.500000000000007 4.3570904265127037 0.17149003590029369 0.17262606224361707 32.063677568608 29.297878120741139
decision_type=2 2 2 2 2 2
left_child=3 -2 -3 4 5 -1
right_child=1 2 -4 -5 -6 -7
leaf_value=-0.0021420765024154111 0.078525691032409681 0.016803199052810663 -0.04112774409974615 0.0029234957631810439 0.025277001098279031 -0.064797561935016096
leaf_weight=47 9.9999999999999982 11.000000000000002 11.999999999999998 224 31 28
leaf_count=47 10 11 12 224 31 28
internal_value=-2.04096e-10 0.0144412 -0.0134216 -0.00144412 -0.0106738 -0.0255335
internal_weight=363 33 23 330 106 75
internal_count=363 33 23 330 106 75
is_linear=0
shrinkage=0.05


Tree=259
num_leaves=7
num_cat=0
split_feature=4 4 4 4 2 3
split_gain=3.18032 7.46559 8.40336 6.85206 22.2316 24.1081
threshold=77.850362556652925 54.203590921867068 64.219164273812723 26.144913448538848 23.500000000000004 286.61114605665335
decision_type=2 2 2 2 2 2
left_child=1 3 -3 -1 -5 -6
right_child=-2 2 -4 4 5 -7
leaf_value=0.0025294708434610105 -0.025311349487553043 0.057368038718899075 -0.0018045738960305851 0.025535841049118477 -0.065390383493569168 0.010619679641197711
leaf_weight=261 11.999999999999998 12.000000000000002 11.999999999999998 22 27 17
leaf_count=261 12 12 12 22 27 17
internal_value=-6.3852e-11 0.000865345 0.0277817 -0.00111017 -0.0155033 -0.0360229
internal_weight=363 351 24 327 66 44
internal_count=363 351 24 327 66 44
is_linear=0
shrinkage=0.05


Tree=260
num_leaves=7
num_cat=0
split_feature=2 2 2 4 4 1
split_gain=3.19792 5.06697 8.8024 6.6725 16.2383 37.0115
threshold=12.500000000000002 14.500000000000002 15.500000000000002 26.144913448538848 33.815542841409766 28.440135457000146
decision_type=2 2 2 2 2 2
left_child=-1 -2 -3 -4 5 -5
right_child=1 2 3 4 -6 -7
leaf_value=-0.026547617721371354 0.025943734300763983 -0.046804143488407141 0.004813352620855034 0.020087185800075527 0.0021526250852779909 -0.1128209108656103
leaf_weight=10.999999999999998 19 9.9999999999999982 247 10.000000000000002 55 10.999999999999998
leaf_count=11 19 10 247 10 55 11
internal_value=1.03074e-10 0.000829613 -0.000603325 0.000827041 -0.0121285 -0.0495313
internal_weight=363 352 333 323 76 21
internal_count=363 352 333 323 76 21
is_linear=0
shrinkage=0.05


Tree=261
num_leaves=7
num_cat=0
split_feature=4 1 4 2 4 0
split_gain=3.44192 9.40345 21.3527 35.1263 33.5735 32.1158
threshold=6.3807920782184882 27.061188289243734 24.921184286642802 28.500000000000004 34.270372164274256 0.17419369017258088
decision_type=2 2 2 2 2 2
left_child=-1 -2 5 -4 -5 -3
right_child=1 2 3 4 -6 -7
leaf_value=-0.0060042369308777981 -0.006460188271118961 -0.012788258818909527 -0.081336173873681292 -0.043051517009735113 0.058991788259070171 0.060373406740836799
leaf_weight=144 109 24 12.999999999999998 13.999999999999998 19 40
leaf_count=144 109 24 13 14 19 40
internal_value=-2.84271e-10 0.00394799 0.0142616 -0.0117228 0.0157007 0.0329378
internal_weight=363 219 110 46 33 64
internal_count=363 219 110 46 33 64
is_linear=0
shrinkage=0.05


Tree=262
num_leaves=7
num_cat=0
split_feature=4 3 3 3 4 1
split_gain=3.11487 9.42291 19.4755 16.201 14.0208 17.0882
threshold=6.6179236137944946 134.20392424568931 96.874147773345854 172.50205129622051 3.2006245758837522 31.562526241220798
decision_type=2 2 2 2 2 2
left_child=1 2 -1 -3 -5 -6
right_child=-2 3 -4 4 5 -7
leaf_value=-0.0042742005126042799 0.0038868023630257856 -0.055334698997045823 0.075376778170466424 0.015993484768063525 0.0075712845068086274 -0.05406682588483977
leaf_weight=33 213 19 9.9999999999999982 43 22 23
leaf_count=33 213 19 10 43 22 23
internal_value=-2.86516e-10 -0.00551926 0.0142493 -0.0134636 -0.00442328 -0.0239326
internal_weight=363 150 43 107 88 45
internal_count=363 150 43 107 88 45
is_linear=0
shrinkage=0.05


Tree=263
num_leaves=7
num_cat=0
split_feature=1 4 4 5 0 5
split_gain=3.20984 5.23914 40.2707 21.3192 19.0467 18.313
threshold=47.104645492170057 2.5130326904792244 2.0369095754046911 -0.98296291314453399 0.57093510892922505 -0.78656609248549292
decision_type=2 2 2 2 2 2
left_child=1 2 5 -3 -5 -1
right_child=-2 3 -4 4 -6 -7
leaf_value=-0.041950339995897735 0.020584105110416809 0.073270524144172663 -0.10064885789020495 -0.0036220669876510167 0.063488651947541677 0.029860705882310868
leaf_weight=12.999999999999998 18 9.9999999999999982 10.999999999999998 272 10.999999999999998 28
leaf_count=13 18 10 11 272 11 28
internal_value=-2.15513e-11 -0.00107395 -0.0156998 0.00152177 -0.00101352 0.00709135
internal_weight=363 345 52 293 283 41
internal_count=363 345 52 293 283 41
is_linear=0
shrinkage=0.05


Tree=264
num_leaves=7
num_cat=0
split_feature=2 4 0 2 0 6
split_gain=3.27385 21.7647 7.13903 5.10133 15.2392 42.0596
threshold=40.500000000000007 4.3570904265127037 0.17149003590029369 33.500000000000007 0.17894173375208081 -0.78656609248549325
decision_type=2 2 2 2 2 2
left_child=3 -2 -3 -1 5 -5
right_child=1 2 -4 4 -6 -7
leaf_value=0.0016655042483151414 0.076597643494606016 0.017336081645705478 -0.038429536002998553 0.0049904547083903759 0.005504072741491766 -0.12423856735229494
leaf_weight=262 9.9999999999999982 11.000000000000002 11.999999999999998 17.000000000000004 41 9.9999999999999982
leaf_count=262 10 11 12 17 41 10
internal_value=1.45984e-10 0.0150157 -0.011759 -0.00150157 -0.0137041 -0.0428721
internal_weight=363 33 23 330 68 27
internal_count=363 33 23 330 68 27
is_linear=0
shrinkage=0.05


Tree=265
num_leaves=7
num_cat=0
split_feature=3 3 6 4 4 3
split_gain=3.20534 13.5865 7.91149 9.20881 13.1378 6.01949
threshold=391.00102261144957 368.97129477308232 -0.12940952255126037 6.796394465745748 10.801455888456315 331.79843933613159
decision_type=2 2 2 2 2 2
left_child=1 5 3 -2 -5 -1
right_child=2 -3 -4 4 -6 -7
leaf_value=0.0018201686283303561 0.031368948625666755 0.054123504211505261 -0.051383961662650114 -0.058265840510527279 0.0092747965206702553 -0.02594907388445877
leaf_weight=276 13.999999999999998 11.999999999999998 9.9999999999999982 12.000000000000002 18 21
leaf_count=276 14 12 10 12 18 21
internal_value=-1.21867e-10 0.00196414 -0.0112392 -0.00211542 -0.0177415 -0.000143313
internal_weight=363 309 54 44 30 297
internal_count=363 309 54 44 30 297
is_linear=0
shrinkage=0.05


Tree=266
num_leaves=7
num_cat=0
split_feature=4 4 5 5 0 0
split_gain=3.15022 31.4676 19.1256 18.1311 16.9283 16.3739
threshold=2.5130326904792244 2.0369095754046911 -0.98296291314453399 -0.78656609248549292 0.57093510892922505 0.3795318053144498
decision_type=2 2 2 2 2 2
left_child=1 3 -2 -1 5 -4
right_child=2 -3 4 -5 -6 -7
leaf_value=-0.040251511016062336 0.070069720745086675 -0.082886810911198469 0.00013208401062762113 0.027356689938289283 0.060603417456150055 -0.055335566055561815
leaf_weight=13.999999999999998 9.9999999999999982 11.999999999999998 268 34 10.999999999999998 13.999999999999998
leaf_count=14 10 12 268 34 11 14
internal_value=-1.03908e-10 -0.0104673 0.00207272 0.00763763 -0.000247993 -0.00262163
internal_weight=363 60 303 48 293 282
internal_count=363 60 303 48 293 282
is_linear=0
shrinkage=0.05


Tree=267
num_leaves=7
num_cat=0
split_feature=0 0 0 4 5 4
split_gain=3.15828 10.5181 4.76704 4.65142 5.0787 18.1401
threshold=0.58188918547082713 0.47681386795739839 0.3795318053144498 0.86102830673406106 0.91597561503675362 11.78314625071374
decision_type=2 2 2 2 2 2
left_child=1 2 3 -1 -5 -6
right_child=-2 -3 -4 4 5 -7
leaf_value=-0.02395811543652886 -0.027709543406963352 0.040395141736371445 -0.032043483480811118 -0.001477719017070722 0.053284611180424692 -0.0064081605949572159
leaf_weight=19 9.9999999999999982 15.999999999999998 11.999999999999998 251 20 35
leaf_count=19 10 16 12 251 20 35
internal_value=-8.77444e-11 0.000784973 -0.00109563 4.70613e-05 0.00153758 0.0152983
internal_weight=363 353 337 325 306 55
internal_count=363 353 337 325 306 55
is_linear=0
shrinkage=0.05


Tree=268
num_leaves=7
num_cat=0
split_feature=2 4 0 0 4 1
split_gain=3.17785 20.117 6.32815 4.73665 19.3024 22.6316
threshold=40.500000000000007 4.3570904265127037 0.17149003590029369 0.17262606224361707 32.063677568608 29.297878120741139
decision_type=2 2 2 2 2 2
left_child=3 -2 -3 4 5 -1
right_child=1 2 -4 -5 -6 -7
leaf_value=-0.0027053003813675112 0.073999007940292363 0.01644555032253265 -0.036057609327447913 0.0026413674524519595 0.022999959042476072 -0.059489852163408491
leaf_weight=47 9.9999999999999982 11.000000000000002 11.999999999999998 224 31 28
leaf_count=47 10 11 12 224 31 28
internal_value=-3.24552e-10 0.0147939 -0.0109474 -0.00147939 -0.0101874 -0.0239049
internal_weight=363 33 23 330 106 75
internal_count=363 33 23 330 106 75
is_linear=0
shrinkage=0.05


Tree=269
num_leaves=7
num_cat=0
split_feature=2 5 3 1 6 1
split_gain=3.13048 12.4301 22.209 20.2501 16.3614 16.7102
threshold=26.500000000000004 0.91597561503675362 270.54046213980826 22.985795441746912 -0.12940952255126037 26.085739572378152
decision_type=2 2 2 2 2 2
left_child=1 4 3 -3 5 -1
right_child=-2 2 -4 -5 -6 -7
leaf_value=-0.010131013131467626 0.0039857455319836383 0.032097472524684333 0.074836456651488942 -0.045210994686931377 0.027439911820386589 -0.058336412996053702
leaf_weight=64 209 18 11.999999999999998 15.999999999999998 19 25
leaf_count=64 209 18 12 16 19 25
internal_value=1.25972e-10 -0.00540923 0.0163569 -0.00428298 -0.01468 -0.0236719
internal_weight=363 154 46 34 108 89
internal_count=363 154 46 34 108 89
is_linear=0
shrinkage=0.05


Tree=270
num_leaves=7
num_cat=0
split_feature=3 3 4 3 0 4
split_gain=3.0902 12.7427 14.0888 9.07966 7.78758 45.7041
threshold=391.00102261144957 355.16723636556304 4.934106402004792 326.85300626786415 0.138136334488209 39.010272243328693
decision_type=2 2 2 2 2 2
left_child=1 3 -3 4 5 -1
right_child=-2 2 -4 -5 -6 -7
leaf_value=-0.062608711455356 -0.011035517034017379 0.075227043280998843 -0.0013909749686717987 -0.043584945332258943 0.0039303344906272981 0.066308553069829954
leaf_weight=22 54 12.000000000000002 11.999999999999998 11.999999999999998 241 9.9999999999999982
leaf_count=22 54 12 12 12 241 10
internal_value=1.29051e-10 0.00192854 0.036918 -0.00101795 0.00085313 -0.0223221
internal_weight=363 309 24 285 273 32
internal_count=363 309 24 285 273 32
is_linear=0
shrinkage=0.05


Tree=271
num_leaves=7
num_cat=0
split_feature=4 1 4 2 4 0
split_gain=3.1608 9.49908 19.9608 30.8456 29.2565 26.6596
threshold=6.3807920782184882 27.061188289243734 24.921184286642802 28.500000000000004 34.270372164274256 0.17419369017258088
decision_type=2 2 2 2 2 2
left_child=-1 -2 5 -4 -5 -3
right_child=1 2 3 4 -6 -7
leaf_value=-0.0057538118278090333 -0.0066776393306091295 -0.0094546532568832234 -0.076207774877548221 -0.040120790260178701 0.055136344748500148 0.057203124309889976
leaf_weight=144 109 24 12.999999999999998 13.999999999999998 19 40
leaf_count=144 109 24 13 14 19 40
internal_value=3.22756e-10 0.00378333 0.0141492 -0.0109739 0.0147242 0.0322065
internal_weight=363 219 110 46 33 64
internal_count=363 219 110 46 33 64
is_linear=0
shrinkage=0.05


Tree=272
num_leaves=7
num_cat=0
split_feature=4 1 0 0 5 3
split_gain=2.92528 6.57771 25.118 16.9863 14.0229 11.535
threshold=77.850362556652925 21.825108049454268 0.12164969000977628 0.1551028605827689 0.68301270189221941 7.4460065935752722
decision_type=2 2 2 2 2 2
left_child=1 3 -3 -1 -5 -4
right_child=-2 2 5 4 -6 -7
leaf_value=0.049593209410491196 -0.024275247659534219 -0.070157072406548712 -0.045053082475295436 -0.027147001524766286 0.041027334603396332 0.0031783466587580649
leaf_weight=23 11.999999999999998 12.999999999999998 12.999999999999998 24 10.999999999999998 267
leaf_count=23 12 13 13 24 11 267
internal_value=9.08933e-11 0.000829923 -0.0022154 0.0162141 -0.00572078 0.00093903
internal_weight=363 351 293 58 35 280
internal_count=363 351 293 58 35 280
is_linear=0
shrinkage=0.05


Tree=273
num_leaves=7
num_cat=0
split_feature=4 5 0 3 4 0
split_gain=2.9873 8.75204 14.7608 18.3092 30.0465 15.8076
threshold=6.3807920782184882 1.0000000180025095e-35 0.17419369017258088 319.79824962585917 9.8257015328828547 0.19521743906267966
decision_type=2 2 2 2 2 2
left_child=-1 2 -2 4 -4 -6
right_child=1 -3 3 -5 5 -7
leaf_value=-0.0055936732310025647 -0.012290192683858257 -0.0046708633315518449 0.11620851529931481 -0.027861469577659261 -0.02815821875225414 0.043344201147556306
leaf_weight=144 31 129 10.999999999999998 10.999999999999998 10.999999999999998 26
leaf_count=144 31 129 11 11 11 26
internal_value=1.05415e-10 0.00367803 0.0156448 0.0303225 0.0436563 0.0220867
internal_weight=363 219 90 59 48 37
internal_count=363 219 90 59 48 37
is_linear=0
shrinkage=0.05


Tree=274
num_leaves=7
num_cat=0
split_feature=0 3 0 1 4 1
split_gain=3.022 13.383 6.74755 10.0383 16.0894 31.4213
threshold=0.11421914061704323 164.11481968070805 0.13059699358392135 26.410870144149744 15.722389596866959 24.288969357078926
decision_type=2 2 2 2 2 2
left_child=1 -1 -2 4 5 -4
right_child=2 -3 3 -5 -6 -7
leaf_value=-0.024496304853395975 -0.034023090923825904 0.049201732128858568 -0.0054229428743322698 0.0066160852647279365 0.0039267860037776143 -0.094053170084953314
leaf_weight=11.000000000000002 14.999999999999998 13.999999999999998 30 213 65 14.999999999999998
leaf_count=11 15 14 30 213 65 15
internal_value=-1.46866e-10 0.0167746 -0.00124072 0.000281676 -0.011984 -0.0349664
internal_weight=363 25 338 323 110 45
internal_count=363 25 338 323 110 45
is_linear=0
shrinkage=0.05


Tree=275
num_leaves=7
num_cat=0
split_feature=4 3 1 2 3 4
split_gain=2.78636 9.10632 19.1684 16.976 14.631 12.8239
threshold=6.6179236137944946 134.20392424568931 42.233037606540698 26.500000000000004 172.50205129622051 3.2006245758837522
decision_type=2 2 2 2 2 2
left_child=1 2 3 -1 -3 -6
right_child=-2 4 -4 -5 5 -7
leaf_value=-0.01812562177127058 0.0036761312788142495 -0.052820407011007015 -0.046430272390134635 0.057948416776277802 0.01508715734925381 -0.023096813644386
leaf_weight=10.999999999999998 213 19 9.9999999999999982 22 43 45
leaf_count=11 213 19 10 22 43 45
internal_value=-3.61112e-11 -0.00522011 0.0142135 0.0325904 -0.0130299 -0.00443874
internal_weight=363 150 43 33 107 88
internal_count=363 150 43 33 107 88
is_linear=0
shrinkage=0.05


Tree=276
num_leaves=7
num_cat=0
split_feature=1 4 4 5 0 3
split_gain=3.03125 4.92513 34.0838 17.2764 15.7597 14.2547
threshold=47.104645492170057 2.5130326904792244 2.0369095754046911 -0.98296291314453399 0.57093510892922505 161.7066827827488
decision_type=2 2 2 2 2 2
left_child=1 2 5 -3 -5 -1
right_child=-2 3 -4 4 -6 -7
leaf_value=0.051574660837650305 0.020003271245190669 0.066061692833900454 -0.093376043845306747 -0.0031820071909939595 0.057863864573565398 -0.013221787995305554
leaf_weight=11.999999999999998 18 9.9999999999999982 10.999999999999998 272 10.999999999999998 29
leaf_count=12 18 10 11 272 11 29
internal_value=-1.07436e-10 -0.00104365 -0.0152245 0.00147308 -0.000809199 0.00574303
internal_weight=363 345 52 293 283 41
internal_count=363 345 52 293 283 41
is_linear=0
shrinkage=0.05


Tree=277
num_leaves=7
num_cat=0
split_feature=2 4 0 2 4 0
split_gain=2.97281 19.1109 6.12563 5.14823 14.1661 16.7778
threshold=40.500000000000007 4.3570904265127037 0.17149003590029369 33.500000000000007 2.9112271066891169 0.17536994185883098
decision_type=2 2 2 2 2 2
left_child=3 -2 -3 -1 -5 -6
right_child=1 2 -4 4 5 -7
leaf_value=0.0017507302637908694 0.072014212012290954 0.016170416095040056 -0.035485771577805282 -0.053217114595805894 -0.03934399576650726 0.020666791730080594
leaf_weight=262 9.9999999999999982 11.000000000000002 11.999999999999998 17 18 33
leaf_count=262 10 11 12 17 18 33
internal_value=6.2024e-11 0.0143087 -0.0107806 -0.00143087 -0.0136894 -0.000513486
internal_weight=363 33 23 330 68 51
internal_count=363 33 23 330 68 51
is_linear=0
shrinkage=0.05


Tree=278
num_leaves=7
num_cat=0
split_feature=1 1 2 0 1 1
split_gain=2.82117 4.68859 6.15381 16.9275 7.03448 8.04792
threshold=47.104645492170057 43.171769130360381 40.500000000000007 0.18368295402554474 38.309918648995463 33.429039471018349
decision_type=2 2 2 2 2 2
left_child=1 2 4 -4 5 -1
right_child=-2 -3 3 -5 -6 -7
leaf_value=-0.0026861790008842947 0.019297644092390934 -0.028346484502156578 0.066907671093940718 -0.015444388219083734 -0.031179586709722092 0.024293949171870707
leaf_weight=255 18 14.999999999999998 12.000000000000002 12.999999999999998 19 31
leaf_count=255 18 15 12 13 19 31
internal_value=-9.90973e-11 -0.00100683 0.000235878 0.0240846 -0.00171894 0.00023824
internal_weight=363 345 330 25 305 286
internal_count=363 345 330 25 305 286
is_linear=0
shrinkage=0.05


Tree=279
num_leaves=7
num_cat=0
split_feature=0 4 3 0 4 0
split_gain=2.75854 5.93618 7.73608 6.36328 30.2653 11.9162
threshold=0.10540033244478106 59.621651724872258 18.054916165224885 0.14241435813816225 12.342063001006943 0.14775062835504757
decision_type=2 2 2 2 2 2
left_child=-1 3 -3 4 -2 -5
right_child=1 2 -4 5 -6 -7
leaf_value=0.018546347594574877 -0.060015891806075444 -0.055868228897452334 0.0011046486835067091 0.054124306142330172 0.041411732323467731 0.001064040480020771
leaf_weight=19 19.000000000000004 11.000000000000002 12.999999999999998 10.999999999999998 11.999999999999998 278
leaf_count=19 19 11 13 11 12 278
internal_value=-4.43853e-11 -0.00102436 -0.0250079 0.000774405 -0.0207536 0.00308364
internal_weight=363 344 24 320 31 289
internal_count=363 344 24 320 31 289
is_linear=0
shrinkage=0.05


Tree=280
num_leaves=7
num_cat=0
split_feature=0 0 0 4 4 2
split_gain=2.74872 8.84988 4.44798 4.16674 10.1306 19.0439
threshold=0.58188918547082713 0.47681386795739839 0.3795318053144498 6.6179236137944946 3.6614854674731685 39.500000000000007
decision_type=2 2 2 2 2 2
left_child=1 2 3 4 5 -1
right_child=-2 -3 -4 -5 -6 -7
leaf_value=-0.0053945666299231596 -0.025850508958101273 0.03706572839873843 -0.030886950468023616 0.0045288394869185322 -0.024193795324832786 0.06896179676055908
leaf_weight=62 9.9999999999999982 15.999999999999998 11.999999999999998 202 51 9.9999999999999982
leaf_count=62 10 16 12 202 51 10
internal_value=2.89916e-11 0.000732309 -0.00099272 0.000111067 -0.00714414 0.00493271
internal_weight=363 353 337 325 123 72
internal_count=363 353 337 325 123 72
is_linear=0
shrinkage=0.05


Tree=281
num_leaves=7
num_cat=0
split_feature=1 1 1 0 3 3
split_gain=2.58387 4.35446 5.59145 4.3947 15.9709 7.06741
threshold=47.104645492170057 43.171769130360381 41.701617533799812 0.11421914061704323 164.11481968070805 124.11595228024872
decision_type=2 2 2 2 2 2
left_child=1 2 3 4 -1 -5
right_child=-2 -3 -4 5 -6 -7
leaf_value=-0.023497027971527789 0.018468227537555826 -0.027311021983623507 0.033738175376007956 0.0068741632358799891 0.059911628564198821 -0.0089459001829617479
leaf_weight=11.000000000000002 18 14.999999999999998 11.999999999999998 117 11.999999999999998 178
leaf_count=11 18 15 12 117 12 178
internal_value=-7.83799e-11 -0.00096356 0.000234052 -0.00103025 0.0200205 -0.0026715
internal_weight=363 345 330 318 23 295
internal_count=363 345 330 318 23 295
is_linear=0
shrinkage=0.05


Tree=282
num_leaves=7
num_cat=0
split_feature=1 0 1 0 0 3
split_gain=2.58728 18.122 14.5366 12.86 25.7819 18.5586
threshold=26.410870144149744 0.13625686927658084 25.687046228719613 0.1551028605827689 0.18595656632554727 319.79824962585917
decision_type=2 2 2 2 2 2
left_child=2 -2 3 5 -5 -1
right_child=1 -3 -4 4 -6 -7
leaf_value=0.0043815849316788131 -0.051782397925853735 0.0069610235418118005 -0.046002353100400226 -0.07795089528663085 0.0015418404165436241 0.083372189290821561
leaf_weight=29 13.999999999999998 211 19 11.999999999999998 68 9.9999999999999982
leaf_count=29 14 211 19 12 68 10
internal_value=-1.42521e-10 0.00330588 -0.00539002 0.0010943 -0.0103821 0.0246356
internal_weight=363 225 138 119 80 39
internal_count=363 225 138 119 80 39
is_linear=0
shrinkage=0.05


Tree=283
num_leaves=7
num_cat=0
split_feature=4 4 2 3 0 5
split_gain=2.79289 10.6297 6.22666 7.80046 26.113 18.6944
threshold=66.800669763991138 58.780433710682999 12.500000000000002 14.792968437488577 0.26557657075039776 -0.9159756150367534
decision_type=2 2 2 2 2 2
left_child=1 2 -1 4 5 -4
right_child=-2 -3 3 -5 -6 -7
leaf_value=-0.038193388115614652 0.019200678992395602 -0.047234758610526728 0.0033109691280585069 -0.0012991130748756957 -0.030650008423253897 0.0829618042006212
leaf_weight=9.9999999999999982 18 11.999999999999998 12.999999999999998 277 15.999999999999998 17.000000000000004
leaf_count=10 18 12 13 277 16 17
internal_value=1.4034e-10 -0.00100177 0.000664279 0.0018673 0.0209346 0.0484464
internal_weight=363 345 333 323 46 30
internal_count=363 345 333 323 46 30
is_linear=0
shrinkage=0.05


Tree=284
num_leaves=7
num_cat=0
split_feature=4 4 2 3 0 5
split_gain=2.52058 9.59328 5.61956 7.03992 23.567 16.8717
threshold=66.800669763991138 58.780433710682999 12.500000000000002 14.792968437488577 0.26557657075039776 -0.9159756150367534
decision_type=2 2 2 2 2 2
left_child=1 2 -1 4 5 -4
right_child=-2 -3 3 -5 -6 -7
leaf_value=-0.036283718273043629 0.018240644705171387 -0.04487302154302597 0.0031454213536702674 -0.0012341579449252102 -0.029117506742477418 0.078813713876640087
leaf_weight=9.9999999999999982 18 11.999999999999998 12.999999999999998 277 15.999999999999998 17.000000000000004
leaf_count=10 18 12 13 277 16 17
internal_value=-2.25005e-10 -0.000951686 0.000631065 0.00177394 0.0198879 0.0460241
internal_weight=363 345 333 323 46 30
internal_count=363 345 333 323 46 30
is_linear=0
shrinkage=0.05


Tree=285
num_leaves=7
num_cat=0
split_feature=4 4 4 5 0 4
split_gain=2.44701 6.60268 7.45289 6.33951 8.79785 7.23553
threshold=77.850362556652925 54.203590921867068 64.219164273812723 0.98296291314453421 0.47681386795739839 42.058755894843451
decision_type=2 2 2 2 2 2
left_child=1 3 -3 4 5 -1
right_child=-2 2 -4 -5 -6 -7
leaf_value=0.00093095572464328875 -0.022202270369355879 0.053935051398972658 -0.0017908206364760798 -0.030827790969873176 0.042506925513346991 -0.030205989768728615
leaf_weight=278 11.999999999999998 12.000000000000002 11.999999999999998 17 11.999999999999998 20
leaf_count=278 12 12 12 17 12 20
internal_value=2.2167e-10 0.000759052 0.0260721 -0.00109879 0.000531513 -0.00115877
internal_weight=363 351 24 327 310 298
internal_count=363 351 24 327 310 298
is_linear=0
shrinkage=0.05


Tree=286
num_leaves=7
num_cat=0
split_feature=4 4 4 5 0 3
split_gain=2.48146 9.1902 5.02816 8.70735 7.68371 7.71746
threshold=66.800669763991138 58.780433710682999 49.053930499306709 0.98296291314453421 0.47681386795739839 14.792968437488577
decision_type=2 2 2 2 2 2
left_child=1 2 3 4 5 -1
right_child=-2 -3 -4 -5 -6 -7
leaf_value=0.018838836692950944 0.018098535124833386 -0.043932977691292764 0.028894055287043252 -0.036674883158411831 0.040381581087907154 -0.0038970670147942818
leaf_weight=44 18 11.999999999999998 14.999999999999998 15.999999999999998 11.999999999999998 246
leaf_count=44 18 12 15 16 12 246
internal_value=-2.73752e-10 -0.000944272 0.000604871 -0.000729525 0.00117487 -0.000447482
internal_weight=363 345 333 318 302 290
internal_count=363 345 333 318 302 290
is_linear=0
shrinkage=0.05


Tree=287
num_leaves=7
num_cat=0
split_feature=0 3 0 1 4 1
split_gain=2.45026 10.5457 5.58445 8.49432 13.1247 26.7165
threshold=0.11421914061704323 164.11481968070805 0.13059699358392135 26.410870144149744 15.722389596866959 24.288969357078926
decision_type=2 2 2 2 2 2
left_child=1 -1 -2 4 5 -4
right_child=2 -3 3 -5 -6 -7
leaf_value=-0.021531173586845392 -0.030940632770458859 0.043889948299952915 -0.0045305279269814494 0.00609470692052213 0.0033551283438618368 -0.086256465315818792
leaf_weight=11.000000000000002 14.999999999999998 13.999999999999998 30 213 65 14.999999999999998
leaf_count=11 15 14 30 213 65 15
internal_value=-7.14527e-11 0.0151047 -0.00111721 0.00026778 -0.0110153 -0.0317725
internal_weight=363 25 338 323 110 45
internal_count=363 25 338 323 110 45
is_linear=0
shrinkage=0.05


Tree=288
num_leaves=7
num_cat=0
split_feature=4 4 0 4 4 0
split_gain=2.37575 6.23852 7.22968 6.41012 19.1898 24.4552
threshold=77.850362556652925 54.203590921867068 0.18275873095896403 26.144913448538848 30.873189402472061 0.20781971510622008
decision_type=2 2 2 2 2 2
left_child=1 3 -3 -1 -5 -6
right_child=-2 2 -4 4 5 -7
leaf_value=0.0024623482950188766 -0.021876591692368191 -0.0020894761042048529 0.052795546005169551 -0.072171702484289807 0.030154252527946873 -0.037187895236107021
leaf_weight=261 11.999999999999998 12.000000000000002 11.999999999999998 11.999999999999998 28 26
leaf_count=261 12 12 12 12 28 26
internal_value=2.29624e-11 0.000747918 0.025353 -0.00105796 -0.0149792 -0.00226974
internal_weight=363 351 24 327 66 54
internal_count=363 351 24 327 66 54
is_linear=0
shrinkage=0.05


Tree=289
num_leaves=7
num_cat=0
split_feature=4 4 0 1 2 3
split_gain=2.40943 8.90636 5.41663 26.0927 5.13834 19.4738
threshold=66.800669763991138 58.780433710682999 0.12164969000977628 22.846610087054945 32.500000000000007 331.79843933613159
decision_type=2 2 2 2 2 2
left_child=1 2 3 -1 -4 -6
right_child=-2 -3 4 -5 5 -7
leaf_value=0.031070835888385762 0.017833929715885054 -0.043250111490488054 0.0072135497043764561 -0.077834219146858563 0.0033408766377129051 -0.050942561551928528
leaf_weight=11.000000000000002 18 11.999999999999998 196 10.999999999999998 95 20
leaf_count=11 18 12 196 11 95 20
internal_value=-7.50446e-11 -0.000930466 0.000594566 -0.0233817 0.00229064 -0.00609972
internal_weight=363 345 333 22 311 115
internal_count=363 345 333 22 311 115
is_linear=0
shrinkage=0.05


Tree=290
num_leaves=7
num_cat=0
split_feature=0 3 0 1 4 6
split_gain=2.39597 8.96425 5.00279 26.8718 10.0262 19.7766
threshold=0.11421914061704323 164.11481968070805 0.14241435813816225 27.061188289243734 24.921184286642802 -0.9159756150367534
decision_type=2 2 2 2 2 2
left_child=1 -1 3 -2 5 -4
right_child=2 -3 4 -5 -6 -7
leaf_value=-0.018840902230956334 0.024254905730485912 0.041475679299661089 0.046651583040754008 -0.073960684297176504 -0.013012138455705617 0.00091995727487588551
leaf_weight=11.000000000000002 15.000000000000002 13.999999999999998 27 12.999999999999998 93 190
leaf_count=11 15 14 27 13 93 190
internal_value=6.52752e-11 0.0149364 -0.00110476 -0.0213452 0.000723406 0.00661007
internal_weight=363 25 338 28 310 217
internal_count=363 25 338 28 310 217
is_linear=0
shrinkage=0.05


Tree=291
num_leaves=7
num_cat=0
split_feature=4 4 5 0 4 0
split_gain=2.3912 25.0989 17.5548 15.627 13.7895 18.4577
threshold=2.5130326904792244 2.0369095754046911 -0.78656609248549292 0.57093510892922505 3.6614854674731685 0.3795318053144498
decision_type=2 2 2 2 2 2
left_child=1 2 -1 4 -2 -6
right_child=3 -3 -4 -5 5 -7
leaf_value=-0.04007201407636915 0.033534401434439198 -0.073796803069611394 0.02645297268515124 0.05772269827624163 -0.001224082805310181 -0.067385407857893209
leaf_weight=13.999999999999998 27 11.999999999999998 34 11.999999999999998 253 10.999999999999998
leaf_count=14 27 12 34 12 253 11
internal_value=5.30443e-11 -0.00911948 0.00704985 0.00180584 -0.000500012 -0.0039808
internal_weight=363 60 48 303 291 264
internal_count=363 60 48 303 291 264
is_linear=0
shrinkage=0.05


Tree=292
num_leaves=7
num_cat=0
split_feature=0 0 0 1 0 0
split_gain=2.43364 8.16575 3.34202 4.13831 15.9455 18.5088
threshold=0.58188918547082713 0.47681386795739839 0.3795318053144498 31.160350471501008 0.14241435813816225 0.14884243089412311
decision_type=2 2 2 2 2 2
left_child=1 2 3 -1 -5 -6
right_child=-2 -3 -4 4 5 -7
leaf_value=0.0045660919875704815 -0.024323831200599673 0.035589882661588489 -0.02688052219649156 -0.067606975287199028 0.063232758343219758 -0.0078426179365007169
leaf_weight=196 9.9999999999999982 15.999999999999998 11.999999999999998 9.9999999999999982 9.9999999999999982 109
leaf_count=196 10 16 12 10 10 109
internal_value=1.35722e-10 0.000689061 -0.000967952 -1.118e-05 -0.00696579 -0.0018699
internal_weight=363 353 337 325 129 119
internal_count=363 353 337 325 129 119
is_linear=0
shrinkage=0.05


Tree=293
num_leaves=7
num_cat=0
split_feature=4 5 1 2 3 2
split_gain=2.29828 7.50075 13.8103 14.3934 27.686 17.6587
threshold=6.6179236137944946 1.0000000180025095e-35 20.677458910471447 35.500000000000007 319.79824962585917 22.500000000000004
decision_type=2 2 2 2 2 2
left_child=-1 2 -2 4 5 -4
right_child=1 -3 3 -5 -6 -7
leaf_value=-0.004740919074043632 -0.034856070205569266 -0.0043073704924154301 0.0065175657471021019 -0.013118008002638818 -0.026727404731970567 0.079012848543269301
leaf_weight=150 11.999999999999998 128 11.999999999999998 20 12.999999999999998 28
leaf_count=150 12 128 12 20 13 28
internal_value=1.60352e-14 0.00333868 0.0148527 0.023024 0.0366625 0.0572643
internal_weight=363 213 85 73 53 40
internal_count=363 213 85 73 53 40
is_linear=0
shrinkage=0.05


Tree=294
num_leaves=7
num_cat=0
split_feature=0 0 2 5 3 1
split_gain=2.31431 8.64922 4.68734 14.0286 17.2625 11.4005
threshold=0.11421914061704323 0.075005015453540755 26.500000000000004 0.91597561503675362 270.54046213980826 22.985795441746912
decision_type=2 2 2 2 2 2
left_child=1 -1 3 -2 5 -5
right_child=2 -3 -4 4 -6 -7
leaf_value=-0.021339558362960809 -0.018946406741937004 0.038692458570003509 0.0035983203352397478 0.022538857720792289 0.069907558709383019 -0.043584784052588726
leaf_weight=10.000000000000002 93 14.999999999999998 207 16.000000000000004 10.999999999999998 10.999999999999998
leaf_count=10 93 15 207 16 11 11
internal_value=6.08054e-11 0.0146797 -0.00108577 -0.00848736 0.0171098 -0.0044004
internal_weight=363 25 338 131 38 27
internal_count=363 25 338 131 38 27
is_linear=0
shrinkage=0.05


Tree=295
num_leaves=7
num_cat=0
split_feature=4 4 4 4 0 0
split_gain=2.32451 7.93549 5.19383 13.4593 14.1601 21.1207
threshold=66.800669763991138 58.780433710682999 35.941156998882093 32.063677568608 0.17308977043471593 0.18275873095896403
decision_type=2 2 2 2 2 2
left_child=1 2 3 4 -1 -6
right_child=-2 -3 -4 -5 5 -7
leaf_value=-0.01519818595632739 0.017516835137373871 -0.040860432262221975 0.017670427248455012 -0.047887317339579266 0.057237652316689494 0.0028485754875084723
leaf_weight=93 18 11.999999999999998 39 14.999999999999998 20 166
leaf_count=93 18 12 39 15 20 166
internal_value=8.60713e-11 -0.000913922 0.000525592 -0.00174872 0.000731847 0.00869686
internal_weight=363 345 333 294 279 186
internal_count=363 345 333 294 279 186
is_linear=0
shrinkage=0.05


Tree=296
num_leaves=7
num_cat=0
split_feature=4 4 4 5 0 4
split_gain=2.35356 6.36918 6.67643 5.02784 7.42866 6.28452
threshold=77.850362556652925 54.203590921867068 64.219164273812723 0.98296291314453421 0.47681386795739839 42.058755894843451
decision_type=2 2 2 2 2 2
left_child=1 3 -3 4 5 -1
right_child=-2 2 -4 -5 -6 -7
leaf_value=0.00076596334345451151 -0.021774186287075281 0.051977466791868203 -0.00076573588885366919 -0.027555717894917026 0.038942682494719827 -0.028252661582082512
leaf_weight=278 11.999999999999998 12.000000000000002 11.999999999999998 17 11.999999999999998 20
leaf_count=278 12 12 12 17 12 20
internal_value=2.72598e-10 0.000744417 0.0256059 -0.00108028 0.000371602 -0.0011816
internal_weight=363 351 24 327 310 298
internal_count=363 351 24 327 310 298
is_linear=0
shrinkage=0.05


Tree=297
num_leaves=7
num_cat=0
split_feature=4 3 1 3 2 4
split_gain=2.32879 6.95898 16.9202 14.031 13.3065 11.9461
threshold=6.6179236137944946 134.20392424568931 42.233037606540698 172.50205129622051 26.500000000000004 3.2006245758837522
decision_type=2 2 2 2 2 2
left_child=1 2 4 -3 -1 -5
right_child=-2 3 -4 5 -6 -7
leaf_value=-0.015419636802239853 0.0033607603614808808 -0.050565582239314136 -0.044760241881012922 0.015659507502650105 0.051932529901916338 -0.021194489192631512
leaf_weight=10.999999999999998 213 19 9.9999999999999982 43 22 45
leaf_count=11 213 19 10 43 22 45
internal_value=-1.71897e-10 -0.00477228 0.0122162 -0.0115994 0.0294818 -0.00318629
internal_weight=363 150 43 107 33 88
internal_count=363 150 43 107 33 88
is_linear=0
shrinkage=0.05


Tree=298
num_leaves=7
num_cat=0
split_feature=1 4 4 0 5 4
split_gain=2.42608 4.23667 26.7049 14.6047 13.7302 13.009
threshold=47.104645492170057 2.5130326904792244 2.0369095754046911 0.57834252654114304 -0.78656609248549292 3.6614854674731685
decision_type=2 2 2 2 2 2
left_child=1 2 4 5 -1 -3
right_child=-2 3 -4 -5 -6 -7
leaf_value=-0.037990766878311454 0.017895463052102264 0.033740136981010437 -0.083262665976177569 0.060785488933324819 0.024189044402113984 -0.0040348859188009721
leaf_weight=12.999999999999998 18 25 10.999999999999998 9.9999999999999982 28 258
leaf_count=13 18 25 11 10 28 258
internal_value=8.22283e-11 -0.000933676 -0.0140861 0.00140054 0.00447349 -0.00069787
internal_weight=363 345 52 293 41 283
internal_count=363 345 52 293 41 283
is_linear=0
shrinkage=0.05


Tree=299
num_leaves=7
num_cat=0
split_feature=6 1 0 1 0 7
split_gain=2.42001 7.23781 7.42346 6.49389 5.98182 22.9838
threshold=0.25881904510252057 43.723871753457281 0.19469509745675254 42.233037606540698 0.14775062835504757 1.0000000180025095e-35
decision_type=2 2 2 2 2 2
left_child=1 3 -3 4 5 -1
right_child=-2 2 -4 -5 -6 -7
leaf_value=0.037272297611107695 -0.022079468270142875 0.044330193536976967 -0.0093996919691562656 -0.037451100349426274 -0.0031451016300310768 -0.032962563721572656
leaf_weight=37 11.999999999999998 18.000000000000004 9.9999999999999982 11.999999999999998 257 17
leaf_count=37 12 18 10 12 257 17
internal_value=1.37646e-10 0.000754854 0.0251409 -0.00135911 3.35058e-05 0.0151613
internal_weight=363 351 28 323 311 54
internal_count=363 351 28 323 311 54
is_linear=0
shrinkage=0.05


end of trees

feature_importances:
dist_residential_m=355
dist_highway_m=329
road_density_km_km2=322
built_area_ratio=304
intersection_count=203
hour_sin=143
hour_cos=110
is_weekend=34

parameters:
[boosting: gbdt]
[objective: regression]
[metric: l2]
[tree_learner: serial]
[device_type: cpu]
[data_sample_strategy: bagging]
[data: ]
[valid: ]
[num_iterations: 300]
[learning_rate: 0.05]
[num_leaves: 7]
[num_threads: 8]
[seed: 0]
[deterministic: 0]
[force_col_wise: 0]
[force_row_wise: 0]
[histogram_pool_size: -1]
[max_depth: -1]
[min_data_in_leaf: 10]
[min_sum_hessian_in_leaf: 0.001]
[bagging_fraction: 1]
[pos_bagging_fraction: 1]
[neg_bagging_fraction: 1]
[bagging_freq: 0]
[bagging_seed: 7719]
[bagging_by_query: 0]
[feature_fraction: 1]
[feature_fraction_bynode: 1]
[feature_fraction_seed: 2437]
[extra_trees: 0]
[extra_seed: 11797]
[early_stopping_round: 0]
[early_stopping_min_delta: 0]
[first_metric_only: 0]
[max_delta_step: 0]
[lambda_l1: 0]
[lambda_l2: 0]
[linear_lambda: 0]
[min_gain_to_split: 0]
[drop_rate: 0.1]
[max_drop: 50]
[skip_drop: 0.5]
[xgboost_dart_mode: 0]
[uniform_drop: 0]
[drop_seed: 21238]
[top_rate: 0.2]
[other_rate: 0.1]
[min_data_per_group: 100]
[max_cat_threshold: 32]
[cat_l2: 10]
[cat_smooth: 10]
[max_cat_to_onehot: 4]
[top_k: 20]
[monotone_constraints: ]
[monotone_constraints_method: basic]
[monotone_penalty: 0]
[feature_contri: ]
[forcedsplits_filename: ]
[refit_decay_rate: 0.9]
[cegb_tradeoff: 1]
[cegb_penalty_split: 0]
[cegb_penalty_feature_lazy: ]
[cegb_penalty_feature_coupled: ]
[path_smooth: 0]
[interaction_constraints: ]
[verbosity: -1]
[saved_feature_importance_type: 0]
[use_quantized_grad: 0]
[num_grad_quant_bins: 4]
[quant_train_renew_leaf: 0]
[stochastic_rounding: 1]
[linear_tree: 0]
[max_bin: 255]
[max_bin_by_feature: ]
[min_data_in_bin: 3]
[bin_construct_sample_cnt: 200000]
[data_random_seed: 38]
[is_enable_sparse: 1]
[enable_bundle: 1]
[use_missing: 1]
[zero_as_missing: 0]
[feature_pre_filter: 1]
[pre_partition: 0]
[two_round: 0]
[header: 0]
[label_column: ]
[weight_column: ]
[group_column: ]
[ignore_column: ]
[categorical_feature: ]
[forcedbins_filename: ]
[precise_float_parser: 0]
[parser_config_file: ]
[objective_seed: 8855]
[num_class: 1]
[is_unbalance: 0]
[scale_pos_weight: 1]
[sigmoid: 1]
[boost_from_average: 1]
[reg_sqrt: 0]
[alpha: 0.9]
[fair_c: 1]
[poisson_max_delta_step: 0.7]
[tweedie_variance_power: 1.5]
[lambdarank_truncation_level: 30]
[lambdarank_norm: 1]
[label_gain: ]
[lambdarank_position_bias_regularization: 0]
[eval_at: ]
[multi_error_top_k: 1]
[auc_mu_weights: ]
[num_machines: 1]
[local_listen_port: 12400]
[time_out: 120]
[machine_list_filename: ]
[machines: ]
[gpu_platform_id: -1]
[gpu_device_id: -1]
[gpu_device_id_list: ]
[gpu_use_dp: 0]
[num_gpu: 1]

end of parameters

pandas_categorical:[]
