tree
version=v4
num_class=1
num_tree_per_iteration=1
label_index=0
max_feature_idx=5
objective=regression
feature_names=built_area_ratio road_density_km_km2 intersection_count dist_road_m hour is_weekend
feature_infos=[0.047988858876820036:0.69667003521115689] [13.599845500455372:53.744066381944329] [8:52] [0.028287278589064584:78.002853883974566] [4:21] [0:1]
tree_sizes=1434 1516 1481 1431 1432 1464 1475 1496 1479 1487 1462 1498 1417 1492 1480 1509 1405 1451 1528 1503 1499 1507 1525 1512 1477 1476 1563 1536 1495 1562 1433 1479 1508 1502 1495 1513 1521 1473 1504 1481 1483 1548 1469 1486 1467 1487 1519 1542 1512 1560 1470 1516 1490 1476 1468 1495 1545 1513 1494 1479 1436 1545 1570 1522 1528 1519 1514 1542 1531 1586 1504 1528 1598 1517 1483 1509 1520 1428 1465 1542 1499 1583 1538 1567 1561 1611 1504 1573 1568 1552 1583 1521 1571 1590 1565 1567 1624 1592 1607 1567 1526 1603 1592 1541 1560 1552 1581 1582 1499 1570 1551 1559 1529 1567 1580 1524 1492 1528 1566 1543 1574 1544 1560 1563 1534 1519 1568 1545 1484 1558 1585 1581 1556 1566 1573 1529 1531 1517 1596 1545 1509 1563 1553 1605 1544 1588 1600 1529 1613 1577 1605 1547 1546 1571 1532 1576 1590 1581 1573 1583 1525 1513 1599 1598 1529 1535 1555 1531 1546 1583 1592 1568 1469 1584 1532 1531 1512 1571 1504 1569 1566 1527 1598 1607 1567 1609 1584 1575 1542 1579 1582 1527 1560 1561 1581 1512 1560 1553 1542 1579 1535 1530 1547 1538 1555 1532 1611 1620 1579 1600 1592 1626 1582 1561 1534 1588 1571 1598 1597 1549 1584 1591 1547 1544 1577 1610 1586 1626 1552 1565 1613 1559 1546 1560 1548 1543 1564 1533 1569 1516 1566 1568 1547 1566 1593 1568 1546 1598 1618 1538 1545 1585 1585 1597 1571 1568 1554 1572 1564 1585 1606 1599 1608 1562 1568 1565 1609 1621 1590 1566 1556 1550 1544 1608 1636 1547 1573 1581 1583 1617 1544 1577 1588 1597 1565 1567 1596 1590 1603 1568 1542 1565 1568 1564 1577 1606 1593 1607 1595 1586 1588 1541 1570 1595 1579 1597 1553 1574 1574 1552 1568 1538 1543 1536 1569 1634 1562 1572 1561 1558 1559 1541 1603 1601 1608 1579 1571 1569 1612 1558 1566 1531 1512 1566 1608 1600 1562 1595 1612 1548 1588 1573 1591 1575 1607 1578 1588 1596 1599 1587 1539 1564 1586 1582 1613 1606 1529 1598 1583 1602 1592 1585 1587 1597 1580 1624 1590 1584 1581 1583 1581 1565 1612 1551 1583 1589 1588 1582 1592 1587 1566 1612 1569 1527 1525 1560 1601 1627 1550 1554 1595 1563 1603 1602 1602 1580 1583 1604 1577 1608

Tree=0
num_leaves=15
num_cat=0
split_feature=3 5 0 3 0 1 2 2 0 3 0 1 4 0
split_gain=5377.16 1535.75 471.358 536.369 403.218 458.816 202.005 169.362 165.144 344.921 229.694 155.722 173.91 147.795
threshold=13.751029420690443 1.0000000180025095e-35 0.21306544084956044 18.18216529736279 0.18430426923396026 24.288969357078926 20.500000000000004 27.500000000000004 0.14241435813816225 3.8652597532926829 0.17419369017258088 27.51587185798542 12.500000000000002 0.16836199412017974
decision_type=2 2 2 2 2 2 2 2 2 2 2 2 2 2
left_child=1 4 3 -2 5 -1 -5 -4 -7 13 -11 12 -6 -10
right_child=2 -3 7 6 11 8 -8 -9 9 10 -12 -13 -14 -15
leaf_value=66.968984972418824 66.572460474892949 66.375569057146464 66.486714856587938 66.461381531859189 66.785714824452754 66.563381524376325 66.210131518969689 66.729214853971953 67.054972461563821 66.584214833557354 66.85213152113532 66.976462910777244 66.950881523161954 66.789381505081806
leaf_weight=29 19 15.999999999999998 18.000000000000004 9.9999999999999982 30 11.999999999999998 40 11.999999999999998 11.000000000000002 24 11.999999999999998 86 34 9.9999999999999982
leaf_count=29 19 16 18 10 30 12 40 12 11 24 12 86 34 10
internal_value=66.7325 66.8504 66.4183 66.3463 66.881 66.8021 66.2604 66.5837 66.732 66.7675 66.6735 66.9325 66.8735 66.9285
internal_weight=363 264 99 69 248 98 50 30 69 57 36 150 64 21
internal_count=363 264 99 69 248 98 50 30 69 57 36 150 64 21
is_linear=0
shrinkage=1


Tree=1
num_leaves=15
num_cat=0
split_feature=3 5 0 3 0 1 4 0 0 0 3 0 2 1
split_gain=4852.89 1386.02 430.831 446.166 363.904 414.081 261.422 274.773 176.139 149.043 311.291 207.299 144.3 140.539
threshold=13.751029420690443 1.0000000180025095e-35 0.20208480414887928 22.076081990366486 0.18430426923396026 24.288969357078926 12.500000000000002 0.24894959511381054 0.17804888005314953 0.14241435813816225 3.8652597532926829 0.17419369017258088 29.500000000000004 27.51587185798542
decision_type=2 2 2 2 2 2 2 2 2 2 2 2 2 2
left_child=1 4 3 12 5 -1 7 -4 -5 -7 -11 -12 -2 -6
right_child=2 -3 6 8 13 9 -8 -9 -10 10 11 -13 -14 -15
leaf_value=0.22465420283120255 -0.32443139553070061 -0.33909092210233216 -0.37228712042172746 -0.41350417333440143 0.13390512913174463 -0.16066906824707985 0.023393081625302636 -0.045398225784301763 -0.64508992036183677 0.18619402703784763 -0.14087743349373341 0.11364342371622722 -0.061999701261520393 0.23175824203008655
leaf_weight=29 11.000000000000002 15.999999999999998 18.000000000000004 26 64 11.999999999999998 11.999999999999998 9.9999999999999982 11.999999999999998 21 24 11.999999999999998 9.9999999999999982 86
leaf_count=29 11 16 18 26 64 12 12 10 12 21 24 12 10 86
internal_value=-1.99272e-09 0.111952 -0.298539 -0.384423 0.141052 0.0661192 -0.171861 -0.255541 -0.486637 -0.000511472 0.0332059 -0.0560371 -0.199464 0.190008
internal_weight=363 264 99 59 248 98 40 28 38 69 57 36 21 150
internal_count=363 264 99 59 248 98 40 28 38 69 57 36 21 150
is_linear=0
shrinkage=0.05


Tree=2
num_leaves=15
num_cat=0
split_feature=3 5 0 3 0 1 4 0 0 4 1 0 3 0
split_gain=4379.73 1250.88 388.825 404.406 328.423 373.708 235.934 247.983 169.916 138.915 205.723 134.511 280.94 187.087
threshold=13.751029420690443 1.0000000180025095e-35 0.20208480414887928 19.473373900185191 0.18430426923396026 24.288969357078926 12.500000000000002 0.24894959511381054 0.17804888005314953 11.500000000000002 26.085739572378152 0.14241435813816225 3.8652597532926829 0.17419369017258088
decision_type=2 2 2 2 2 2 2 2 2 2 2 2 2 2
left_child=1 4 3 -2 5 -1 7 -4 -5 10 -6 -7 -13 -14
right_child=2 -3 6 8 9 11 -8 -9 -10 -11 -12 12 13 -15
leaf_value=0.2134214904801599 -0.17526585993013885 -0.32213636767119169 -0.35367276188400054 -0.38795738452380257 0.020130087590465945 -0.15263562301794689 0.022223429381847383 -0.043128309249877927 -0.61283542712529504 0.22315845620774089 0.19967328548813479 0.17688432860942116 -0.13383355898161728 0.1079612523317337
leaf_weight=29 19 15.999999999999998 18.000000000000004 28 27 11.999999999999998 11.999999999999998 9.9999999999999982 11.999999999999998 84 39 21 24 11.999999999999998
leaf_count=29 19 16 18 28 27 12 12 10 12 84 39 21 24 12
internal_value=8.64873e-10 0.106355 -0.283612 -0.365201 0.133999 0.0628132 -0.163268 -0.242764 -0.455421 0.180507 0.126224 -0.000485898 0.0315456 -0.0532353
internal_weight=363 264 99 59 248 98 40 28 40 150 66 69 57 36
internal_count=363 264 99 59 248 98 40 28 40 150 66 69 57 36
is_linear=0
shrinkage=0.05


Tree=3
num_leaves=15
num_cat=0
split_feature=3 5 3 0 0 1 0 0 4 1 3 2 0 3
split_gain=3952.71 1128.92 355.313 323.083 296.402 337.272 156.006 143.582 125.371 185.665 133.096 124.517 121.396 253.549
threshold=13.751029420690443 1.0000000180025095e-35 26.672181809273017 0.20347223807725226 0.18430426923396026 24.288969357078926 0.17804888005314953 0.17419369017258088 11.500000000000002 26.085739572378152 4.9079564822209809 26.500000000000004 0.14241435813816225 3.8652597532926829
decision_type=2 2 2 2 2 2 2 2 2 2 2 2 2 2
left_child=1 4 7 6 5 -1 -4 -2 9 -6 -11 -10 -7 -14
right_child=2 -3 3 -5 8 12 -8 -9 11 10 -12 -13 13 -15
leaf_value=0.20275041954270723 -0.2560415601730347 -0.30602955899666995 -0.37458024180453758 -0.20600945016612179 0.019123583928578432 -0.14500384380420048 -0.60351942669261582 -0.070936723053455358 0.1324026632693506 0.26672961724841077 0.078944634087383753 0.25855777061210489 0.16804011038371497 -0.050573521107435231
leaf_weight=29 20 15.999999999999998 23 23 27 11.999999999999998 10.999999999999998 22 31 23 15.999999999999998 53 21 36
leaf_count=29 20 16 23 23 27 12 11 22 31 23 16 53 21 36
internal_value=-1.52142e-09 0.101037 -0.269431 -0.350742 0.127299 0.0596726 -0.448649 -0.159082 0.171482 0.119913 0.18969 0.212001 -0.000461602 0.0299683
internal_weight=363 264 99 57 248 98 34 42 150 66 39 84 69 57
internal_count=363 264 99 57 248 98 34 42 150 66 39 84 69 57
is_linear=0
shrinkage=0.05


Tree=4
num_leaves=15
num_cat=0
split_feature=3 5 3 0 0 1 0 0 0 4 2 4 0 3
split_gain=3567.32 1018.85 320.67 291.583 267.503 304.388 140.796 129.582 113.439 154.824 166.432 144.888 109.56 228.828
threshold=13.751029420690443 1.0000000180025095e-35 26.672181809273017 0.20347223807725226 0.18430426923396026 24.288969357078926 0.17804888005314953 0.17419369017258088 0.42313774298843893 11.500000000000002 31.500000000000004 15.500000000000002 0.14241435813816225 3.8652597532926829
decision_type=2 2 2 2 2 2 2 2 2 2 2 2 2 2
left_child=1 4 7 6 5 -1 -4 -2 9 10 -6 -11 -7 -14
right_child=2 -3 3 -5 8 12 -8 -9 -10 11 -12 -13 13 -15
leaf_value=0.19261289295451395 -0.24323947548866276 -0.29072806797921658 -0.35585122633239497 -0.19570897584376129 0.019476293467192186 -0.1377536455790202 -0.57334345470775261 -0.067389891093427495 0.25786533882984747 0.2885702085991701 0.24169993061910977 0.14049307224955762 0.15963810540380932 -0.048044844799571572
leaf_weight=29 20 15.999999999999998 23 23 36 11.999999999999998 10.999999999999998 22 26 24 10.999999999999998 53 21 36
leaf_count=29 20 16 23 23 36 12 11 22 26 24 11 53 21 36
internal_value=-1.25921e-09 0.095985 -0.25596 -0.333205 0.120934 0.0566889 -0.426216 -0.151128 0.162908 0.142997 0.0714861 0.186647 -0.000438521 0.0284699
internal_weight=363 264 99 57 248 98 34 42 150 124 47 77 69 57
internal_count=363 264 99 57 248 98 34 42 150 124 47 77 69 57
is_linear=0
shrinkage=0.05


Tree=5
num_leaves=15
num_cat=0
split_feature=3 5 0 0 1 4 2 4 1 2 0 3 4 0
split_gain=3228.56 955.581 405.985 220.18 270.868 171.437 177.428 138.86 171.533 123.381 118.039 188.047 202.576 133.385
threshold=14.668471226969872 1.0000000180025095e-35 0.21306544084956044 0.18430426923396026 24.288969357078926 7.5000000000000009 36.500000000000007 11.500000000000002 27.061188289243734 27.500000000000004 0.14241435813816225 3.8652597532926829 14.500000000000002 0.16836199412017974
decision_type=2 2 2 2 2 2 2 2 2 2 2 2 2 2
left_child=1 3 5 4 -1 -2 -7 8 -5 -4 -6 13 -13 -12
right_child=2 -3 9 7 10 6 -8 -9 -10 -11 11 12 -14 -15
leaf_value=0.18298225145915459 -0.50078624884287526 -0.24709424436092378 -0.19257872123271225 0.0069963208958506579 -0.13454351791968713 -0.22273671079539892 -0.42156770299462709 0.1922330684609273 0.16693220336578396 0.019512272377808892 0.27180448987267231 0.08452611433135139 -0.14954732483939123 0.019493080377578739
leaf_weight=29 11.999999999999998 20 16.000000000000004 30 12.999999999999998 33 17 85 38 11.999999999999998 11.000000000000002 18 19 9.9999999999999982
leaf_count=29 12 20 16 30 13 33 17 85 38 12 11 18 19 10
internal_value=7.16323e-10 0.0856173 -0.259706 0.111919 0.0542227 -0.331071 -0.290339 0.149628 0.0963723 -0.101683 0.00163078 0.0321526 -0.0356738 0.151656
internal_weight=363 273 90 253 100 62 50 153 68 28 71 58 37 21
internal_count=363 273 90 253 100 62 50 153 68 28 71 58 37 21
is_linear=0
shrinkage=0.05


Tree=6
num_leaves=15
num_cat=0
split_feature=3 5 0 0 4 4 2 0 2 4 2 3 4 4
split_gain=2913.78 862.412 366.401 200.438 231.611 396.819 271.853 235.801 174.744 154.722 160.128 149.48 247.46 117.019
threshold=14.668471226969872 1.0000000180025095e-35 0.21306544084956044 0.42313774298843893 11.500000000000002 9.0000000000000018 32.500000000000007 0.18691853685642432 29.500000000000004 7.5000000000000009 36.500000000000007 3.8652597532926829 14.500000000000002 16.500000000000004
decision_type=2 2 2 2 2 2 2 2 2 2 2 2 2 2
left_child=1 3 9 4 5 -1 8 11 -6 -2 -11 -8 -13 -10
right_child=2 -3 -4 -5 6 -7 7 -9 13 10 -12 12 -14 -15
leaf_value=0.076213619683050751 -0.47574693957964587 -0.23473953410983084 -0.096598453846360954 0.23782272192721188 0.14605867381015902 -0.20868560791015628 0.1176701659957568 0.18380431938916444 0.43513180017471298 -0.21159987472223515 -0.40048932608436139 0.099445977210998515 -0.21761980988085272 0.19324402868747714
leaf_weight=66 11.999999999999998 20 28 26 68 14.999999999999998 11.999999999999998 20 10.000000000000002 33 17 10.000000000000002 15.999999999999998 9.9999999999999982
leaf_count=66 12 20 28 26 68 15 12 20 10 33 17 10 16 10
internal_value=-6.11902e-10 0.0813364 -0.24672 0.106323 0.0912609 0.0234545 0.12888 0.0448392 0.18427 -0.314517 -0.275822 -0.0283004 -0.0956714 0.314188
internal_weight=363 273 90 253 227 81 146 58 88 62 50 38 26 20
internal_count=363 273 90 253 227 81 146 58 88 62 50 38 26 20
is_linear=0
shrinkage=0.05


Tree=7
num_leaves=15
num_cat=0
split_feature=3 5 0 0 4 4 2 0 2 3 2 3 4 2
split_gain=2629.69 778.327 330.677 180.895 209.029 358.129 245.348 212.811 157.707 150.729 161.66 134.905 223.333 111.351
threshold=14.668471226969872 1.0000000180025095e-35 0.21306544084956044 0.42313774298843893 11.500000000000002 9.0000000000000018 32.500000000000007 0.18691853685642432 29.500000000000004 18.18216529736279 20.500000000000004 3.8652597532926829 14.500000000000002 27.500000000000004
decision_type=2 2 2 2 2 2 2 2 2 2 2 2 2 2
left_child=1 3 9 4 5 -1 8 11 -6 -2 -11 -8 -13 -4
right_child=2 -3 13 -5 6 -7 7 -9 -10 10 -12 12 -14 -15
leaf_value=0.072402937394199951 -0.13965618809064229 -0.22300255928188562 -0.17811986152082679 0.22593158265719049 0.13875574245227171 -0.19825132767359416 0.11178665372232598 0.17461410649120809 0.29847852297127248 -0.15717312604188921 -0.38193670213222508 0.094473686516284905 -0.20673882085829975 0.023366585870583854
leaf_weight=66 11.999999999999998 20 16.000000000000004 26 68 14.999999999999998 11.999999999999998 20 20 9.9999999999999982 40 10.000000000000002 15.999999999999998 11.999999999999998
leaf_count=66 12 20 16 26 68 15 12 20 20 10 40 10 16 12
internal_value=5.83424e-10 0.0772696 -0.234384 0.101006 0.0866979 0.0222818 0.122436 0.0425972 0.175056 -0.298792 -0.336984 -0.0268854 -0.0908879 -0.0917685
internal_weight=363 273 90 253 227 81 146 58 88 62 50 38 26 28
internal_count=363 273 90 253 227 81 146 58 88 62 50 38 26 28
is_linear=0
shrinkage=0.05


Tree=8
num_leaves=15
num_cat=0
split_feature=3 5 0 1 0 4 4 4 2 4 0 0 2 2
split_gain=2373.29 702.44 298.436 165.474 321.56 162.313 385.893 140.73 139.974 104.167 114.598 201.951 300.9 100.494
threshold=14.668471226969872 1.0000000180025095e-35 0.21306544084956044 42.545534002999283 0.16531552498450866 11.500000000000002 9.0000000000000018 7.5000000000000009 36.500000000000007 14.500000000000002 0.14775062835504757 0.18891306501877761 32.500000000000007 27.500000000000004
decision_type=2 2 2 2 2 2 2 2 2 2 2 2 2 2
left_child=1 3 7 5 -5 6 -1 -2 -9 -7 -11 12 -12 -4
right_child=2 -3 13 4 -6 9 -8 8 -10 10 11 -13 -14 -15
leaf_value=0.10420625051231802 -0.43761830727259321 -0.21185241878032685 -0.16921387533657251 -0.24540198594331741 0.096549714898521266 0.24559227851304144 -0.18205639507089344 -0.18690308754642804 -0.36350578946225787 0.23829149980294076 0.19458721429109568 0.14866219618941531 -0.15949622035026551 0.022198252876599631
leaf_weight=74 11.999999999999998 20 16.000000000000004 9.9999999999999982 22 22 13.999999999999998 33 17 19 10.000000000000002 67 14.999999999999998 11.999999999999998
leaf_count=74 12 20 16 10 22 22 14 33 17 19 10 67 15 12
internal_value=3.78815e-10 0.0734061 -0.222665 0.0959562 -0.0103102 0.111343 0.0586645 -0.283852 -0.246948 0.146198 0.126499 0.103411 -0.0178628 -0.0871801
internal_weight=363 273 90 253 32 221 88 62 50 133 111 92 25 28
internal_count=363 273 90 253 32 221 88 62 50 133 111 92 25 28
is_linear=0
shrinkage=0.05


Tree=9
num_leaves=15
num_cat=0
split_feature=3 5 0 0 4 4 2 3 0 2 3 2 2 4
split_gain=2141.9 633.952 269.339 160.488 173.997 288.494 194.987 192.515 220.339 147.1 133.177 145.529 114.446 93.1532
threshold=14.668471226969872 1.0000000180025095e-35 0.21306544084956044 0.42313774298843893 11.500000000000002 9.0000000000000018 32.500000000000007 3.8652597532926829 0.17894173375208081 30.500000000000004 18.18216529736279 20.500000000000004 39.500000000000007 6.5000000000000009
decision_type=2 2 2 2 2 2 2 2 2 2 2 2 2 2
left_child=1 3 10 4 5 -1 9 12 -9 -6 -2 -12 -8 -5
right_child=2 -3 -4 13 6 -7 7 8 -10 -11 11 -13 -14 -15
leaf_value=0.063895336163202018 -0.12007604837417603 -0.20125980261713267 -0.08282110084380423 0.11418460126106554 0.1315098662321505 -0.17902479012807213 0.048734610730951471 -0.14200776472687723 0.10282949533532648 0.31988344565033916 -0.13495500981807709 -0.34821040798909964 0.28244852185249331 0.30346789176647482
leaf_weight=66 11.999999999999998 20 28 13.000000000000002 76 14.999999999999998 11.000000000000002 20 17 11.999999999999998 9.9999999999999982 40 9.9999999999999982 12.999999999999998
leaf_count=66 12 20 28 13 76 15 11 20 17 12 10 40 10 13
internal_value=3.14546e-10 0.0697358 -0.211532 0.0911584 0.077681 0.0189101 0.110287 0.0391123 -0.029515 0.157197 -0.269659 -0.305559 0.160027 0.208826
internal_weight=363 273 90 253 227 81 146 58 37 88 62 50 21 26
internal_count=363 273 90 253 227 81 146 58 37 88 62 50 21 26
is_linear=0
shrinkage=0.05


Tree=10
num_leaves=15
num_cat=0
split_feature=3 5 0 0 4 4 2 3 0 2 4 2 2 4
split_gain=1933.06 572.142 243.078 144.841 157.032 260.366 175.976 173.744 198.856 133.116 128.014 122.307 103.288 100.366
threshold=14.668471226969872 1.0000000180025095e-35 0.21306544084956044 0.42313774298843893 11.500000000000002 9.0000000000000018 32.500000000000007 3.8652597532926829 0.17894173375208081 29.500000000000004 7.5000000000000009 36.500000000000007 39.500000000000007 16.500000000000004
decision_type=2 2 2 2 2 2 2 2 2 2 2 2 2 2
left_child=1 3 10 4 5 -1 9 12 -9 -6 -2 -12 -8 -11
right_child=2 -3 -4 -5 6 -7 7 8 -10 13 11 -13 -14 -15
leaf_value=0.060700570388563038 -0.40283169547716779 -0.19119681656360626 -0.078680041485599109 0.19838493328828077 0.11598665352691623 -0.17007354537645977 0.046297881549054912 -0.13490737631917002 0.097688020678127527 0.37473748445510857 -0.1648513646739902 -0.32993292826063492 0.26832608230412008 0.15072164908051491
leaf_weight=66 11.999999999999998 20 28 26 68 14.999999999999998 11.000000000000002 20 17 10.000000000000002 33 17 9.9999999999999982 9.9999999999999982
leaf_count=66 12 20 28 26 68 15 11 20 17 10 33 17 10 10
internal_value=5.44458e-10 0.066249 -0.200955 0.0866004 0.0737969 0.0179646 0.104772 0.0371567 -0.0280392 0.149337 -0.256176 -0.220979 0.152026 0.26273
internal_weight=363 273 90 253 227 81 146 58 37 88 62 50 21 20
internal_count=363 273 90 253 227 81 146 58 37 88 62 50 21 20
is_linear=0
shrinkage=0.05


Tree=11
num_leaves=15
num_cat=0
split_feature=3 5 0 1 0 4 4 3 2 4 0 0 3 1
split_gain=1744.59 516.358 219.378 138.052 267.49 122.316 282.858 117.65 131.066 97.8641 104.352 213.57 143.465 102.295
threshold=14.668471226969872 1.0000000180025095e-35 0.21306544084956044 42.545534002999283 0.16531552498450866 11.500000000000002 9.0000000000000018 18.18216529736279 20.500000000000004 14.500000000000002 0.15385512396650827 0.18891306501877761 5.6583401590461166 30.621236653992103
decision_type=2 2 2 2 2 2 2 2 2 2 2 2 2 2
left_child=1 3 7 5 -5 6 -1 -2 -9 -7 12 13 -11 -12
right_child=2 -3 -4 4 -6 9 -8 8 -10 10 11 -13 -14 -15
leaf_value=0.089585602479810664 -0.10277457535266876 -0.18163696520030501 -0.074746039562991681 -0.22920966871082782 0.082670203189958227 0.22292195341803811 -0.15549865726913725 -0.11520509004592897 -0.31758606616407636 0.33274423425847827 0.05931129261851309 0.12631160919346027 0.082755795369545623 -0.16164671670306813
leaf_weight=74 11.999999999999998 20 28 9.9999999999999982 22 22 13.999999999999998 9.9999999999999982 40 11.000000000000002 10.000000000000002 67 11.999999999999998 10.999999999999998
leaf_count=74 12 20 28 10 22 22 14 10 40 11 10 67 12 11
internal_value=7.07087e-10 0.0629365 -0.190908 0.0822704 -0.0147923 0.0963247 0.0505949 -0.243368 -0.27711 0.126582 0.107488 0.0827031 0.202315 -0.0564286
internal_weight=363 273 90 253 32 221 88 62 50 133 111 88 23 21
internal_count=363 273 90 253 32 221 88 62 50 133 111 88 23 21
is_linear=0
shrinkage=0.05


Tree=12
num_leaves=15
num_cat=0
split_feature=3 5 0 0 4 4 2 3 0 2 4 2 4 2
split_gain=1574.49 466.013 197.989 128.61 130.773 209.544 143.156 155.654 169.795 122.408 211.94 145.622 116.459 106.824
threshold=14.668471226969872 1.0000000180025095e-35 0.21306544084956044 0.42313774298843893 11.500000000000002 9.0000000000000018 32.500000000000007 3.8652597532926829 0.17894173375208081 26.500000000000004 16.500000000000004 20.500000000000004 7.5000000000000009 36.500000000000007
decision_type=2 2 2 2 2 2 2 2 2 2 2 2 2 2
left_child=1 3 12 4 5 -1 9 -8 -9 11 -11 -6 -2 -14
right_child=2 -3 -4 -5 6 -7 7 8 -10 10 -12 -13 13 -15
leaf_value=0.053480160713308689 -0.37107888261477151 -0.17255511885508895 -0.071008736427341193 0.1834920183970378 0.16796255655310774 -0.15354923566182455 0.14209843476613362 -0.12708548033609987 0.087842893951079429 0.34919408241907757 0.10056606393307449 0.0021747493973145121 -0.14517309148654794 -0.29945237483171855
leaf_weight=66 11.999999999999998 20 28 26 27 14.999999999999998 21 20 17 14.999999999999998 20 26 33 17
leaf_count=66 12 20 28 26 27 15 21 20 17 15 20 26 33 17
internal_value=8.74879e-10 0.0597897 -0.181362 0.0781569 0.0660921 0.0151414 0.0943593 0.0333739 -0.0283346 0.134554 0.207121 0.0866327 -0.231199 -0.197628
internal_weight=363 273 90 253 227 81 146 58 37 88 35 53 62 50
internal_count=363 273 90 253 227 81 146 58 37 88 35 53 62 50
is_linear=0
shrinkage=0.05


Tree=13
num_leaves=15
num_cat=0
split_feature=3 5 5 1 4 4 1 1 1 3 3 0 0 2
split_gain=1420.98 420.577 179.366 220.351 169.837 121.002 117.968 243.735 101.527 122.239 165.108 103.058 106.751 211.227
threshold=14.668471226969872 1.0000000180025095e-35 1.0000000180025095e-35 32.589041297631958 12.500000000000002 10.500000000000002 42.545534002999283 47.104645492170057 33.429039471018349 3.8652597532926829 7.2281644020070717 0.12164969000977628 0.17262606224361707 25.500000000000004
decision_type=2 2 2 2 2 2 2 2 2 2 2 2 2 2
left_child=1 6 3 4 5 -2 8 -8 11 -10 -11 -1 13 -13
right_child=2 -3 -4 -5 -6 -7 7 -9 9 10 -12 12 -14 -15
leaf_value=0.2039682162119649 -0.016960992813110351 -0.16392736618407072 -0.28934778670469918 -0.25893150412223559 0.10501756207509474 -0.20924456384446888 -0.1534679211676121 0.12251615636050701 0.25858655081075782 -0.037315611115523749 0.18656374007463455 0.080792946758724393 0.079559678609528756 -0.16993625270468848
leaf_weight=12.999999999999998 14.999999999999998 20 24 22 10.999999999999998 18 15.999999999999998 15.999999999999998 17 13.999999999999998 20 21 122 13.999999999999998
leaf_count=13 15 20 24 22 11 18 16 16 17 14 20 21 122 14
internal_value=4.51999e-10 0.0568002 -0.172294 -0.129729 -0.0651278 -0.121843 0.0742491 -0.0154759 0.0872409 0.149114 0.0943781 0.0686789 0.0574766 -0.0194987
internal_weight=363 273 90 66 44 33 253 32 221 51 34 170 157 35
internal_count=363 273 90 66 44 33 253 32 221 51 34 170 157 35
is_linear=0
shrinkage=0.05


Tree=14
num_leaves=15
num_cat=0
split_feature=3 5 0 0 4 4 0 4 4 2 3 0 2 2
split_gain=1282.43 379.571 162.038 139.577 130.32 153.023 114.153 117.644 181.395 124.375 135.25 144.288 113.399 90.47
threshold=14.668471226969872 1.0000000180025095e-35 0.19469509745675254 0.17804888005314953 12.500000000000002 9.0000000000000018 0.42313774298843893 11.500000000000002 9.0000000000000018 32.500000000000007 3.8652597532926829 0.17894173375208081 30.500000000000004 39.500000000000007
decision_type=2 2 2 2 2 2 2 2 2 2 2 2 2 2
left_child=1 6 3 -2 5 -4 7 8 -1 12 13 -12 -9 -11
right_child=2 -3 4 -5 -6 -7 -8 9 -10 10 11 -13 -14 -15
leaf_value=0.04651554879048049 -0.17646497992368848 -0.15573100175708532 0.0010641509836370291 -0.37146672507127132 0.058863675865260034 -0.23827128813547246 0.16977509042391412 0.10089279123532929 -0.14610717932383219 0.031534258343956678 -0.11941746331751346 0.078710745012058936 0.2662860925619801 0.23932945311069487
leaf_weight=66 39 20 11.000000000000002 11.999999999999998 10.999999999999998 17 26 76 14.999999999999998 11.000000000000002 20 17 11.999999999999998 9.9999999999999982
leaf_count=66 39 20 11 12 11 17 26 76 15 11 20 17 12 10
internal_value=3.90424e-10 0.0539602 -0.163679 -0.222348 -0.0869591 -0.144247 0.0705366 0.0591701 0.0108447 0.0859808 0.0291363 -0.0283856 0.123446 0.130484
internal_weight=363 273 90 51 39 28 253 227 81 146 58 37 88 21
internal_count=363 273 90 51 39 28 253 227 81 146 58 37 88 21
is_linear=0
shrinkage=0.05


Tree=15
num_leaves=15
num_cat=0
split_feature=3 5 5 2 4 4 4 0 0 0 0 1 1 0
split_gain=1157.39 342.562 157.422 192.623 173.69 187.052 117.927 163.811 90.7661 83.261 82.728 119.552 77.6538 108.935
threshold=14.668471226969872 1.0000000180025095e-35 1.0000000180025095e-35 36.500000000000007 12.500000000000002 10.500000000000002 6.5000000000000009 0.44399541217732608 0.44399541217732608 0.12164969000977628 0.17308977043471593 27.51587185798542 42.545534002999283 0.15660357070675943
decision_type=2 2 2 2 2 2 2 2 2 2 2 2 2 2
left_child=1 6 3 4 5 -2 8 9 -1 -8 12 -12 13 -11
right_child=2 -3 -4 -5 -6 -7 7 -9 -10 10 11 -13 -14 -15
leaf_value=-0.15602119266986844 0.0020117940381169318 -0.14794444948434832 -0.26515540530284248 -0.26661922410130501 0.082138392754963471 -0.22735363028943542 0.18956174391966601 0.24947717052239637 0.057011740803718569 0.08964116803624414 0.023006325267386021 0.11575168298369043 -0.11006509986790745 -0.066155373677611359
leaf_weight=10.000000000000002 15.999999999999998 20 24 15.999999999999998 13.999999999999998 20 12.999999999999998 12.999999999999998 9.9999999999999982 33 57 89 10.999999999999998 17
leaf_count=10 16 20 24 16 14 20 13 13 10 33 57 89 11 17
internal_value=2.30906e-10 0.0512622 -0.155495 -0.115619 -0.0672989 -0.125413 0.0670098 0.077011 -0.0495047 0.0668198 0.0591114 0.0795429 0.0102099 0.0366703
internal_weight=363 273 90 66 50 36 253 233 20 220 207 146 61 50
internal_count=363 273 90 66 50 36 253 233 20 220 207 146 61 50
is_linear=0
shrinkage=0.05


Tree=16
num_leaves=15
num_cat=0
split_feature=3 5 0 4 4 2 3 0 0 2 4 1 2 1
split_gain=1050.37 454.898 123.751 125.696 188.293 161.756 146.665 193.593 121.089 105.627 179.932 105.288 88.6112 182.758
threshold=24.620985406743042 1.0000000180025095e-35 0.42313774298843893 11.500000000000002 10.500000000000002 32.500000000000007 3.8652597532926829 0.17419369017258088 0.20347223807725226 26.500000000000004 16.500000000000004 26.085739572378152 19.500000000000004 26.410870144149744
decision_type=2 2 2 2 2 2 2 2 2 2 2 2 2 2
left_child=1 2 3 4 12 9 -7 -8 -2 11 -11 -5 -1 -14
right_child=8 -3 -4 5 -6 6 7 -9 -10 10 -12 -13 13 -15
leaf_value=0.13683814518153667 -0.24563239920470448 -0.15680285184471698 0.15995173509474156 0.11818940786597057 -0.16158391654491425 0.12036276275203342 -0.14881826979773385 0.065875674429393946 -0.10555782525075807 0.30138878401587993 0.080137867517769343 -0.030917065470095945 -0.11871286580339074 0.067190423254401263
leaf_weight=15.999999999999998 36 27 27 39 14.999999999999998 21 21 21 27 17 20 17 20 39
leaf_count=16 36 27 27 39 15 21 21 21 27 17 20 17 20 39
internal_value=-1.44188e-10 0.0389761 0.0583388 0.0471862 0.000131342 0.0743332 0.0124734 -0.0414713 -0.1856 0.116238 0.181794 0.0729249 0.0324744 0.00417236
internal_weight=363 300 273 246 90 156 63 42 63 93 37 56 75 59
internal_count=363 300 273 246 90 156 63 42 63 93 37 56 75 59
is_linear=0
shrinkage=0.05


Tree=17
num_leaves=15
num_cat=0
split_feature=3 5 0 4 4 2 3 0 0 2 4 1 0 2
split_gain=947.962 410.546 111.685 113.441 169.935 145.985 132.366 174.717 109.283 95.328 162.388 95.0223 82.5207 82.1696
threshold=24.620985406743042 1.0000000180025095e-35 0.42313774298843893 11.500000000000002 10.500000000000002 32.500000000000007 3.8652597532926829 0.17419369017258088 0.20347223807725226 26.500000000000004 16.500000000000004 26.085739572378152 0.16124299808971335 39.500000000000007
decision_type=2 2 2 2 2 2 2 2 2 2 2 2 2 2
left_child=1 2 3 4 -1 9 13 -8 -2 11 -11 -5 -3 -7
right_child=8 12 -4 5 -6 6 7 -9 -10 10 -12 -13 -14 -15
leaf_value=0.030850675753938656 -0.23335078118575947 -0.21600444036371563 0.15195415086216399 0.11227993846703799 -0.15350471874078117 0.020042893019589506 -0.1413773516813914 0.062581890395709452 -0.1002799335729193 0.28631934628767125 0.076130971459206206 -0.029371210494462181 -0.034991760253906254 0.21807653203606608
leaf_weight=75 36 17.000000000000004 27 39 14.999999999999998 11.000000000000002 21 21 27 17 20 17 9.9999999999999982 9.9999999999999982
leaf_count=75 36 17 27 39 15 11 21 21 27 17 20 17 10 10
internal_value=9.64996e-10 0.0370273 0.0554219 0.0448269 0.000124777 0.0706166 0.0118497 -0.0393977 -0.17632 0.110426 0.172704 0.0692787 -0.148963 0.114345
internal_weight=363 300 273 246 90 156 63 42 63 93 37 56 27 21
internal_count=363 300 273 246 90 156 63 42 63 93 37 56 27 21
is_linear=0
shrinkage=0.05


Tree=18
num_leaves=15
num_cat=0
split_feature=3 5 5 1 4 0 4 4 0 0 2 0 1 3
split_gain=856.473 245.733 128.175 163.71 114.727 130.794 110.902 87.0088 73.8106 69.7167 68.0338 61.1267 99.7766 75.483
threshold=14.668471226969872 1.0000000180025095e-35 1.0000000180025095e-35 32.589041297631958 6.5000000000000009 0.44399541217732608 12.500000000000002 10.500000000000002 0.44399541217732608 0.12164969000977628 22.500000000000004 0.17308977043471593 27.51587185798542 10.911498086901323
decision_type=2 2 2 2 2 2 2 2 2 2 2 2 2 2
left_child=1 4 3 6 8 9 7 -2 -1 -6 -3 13 -13 -11
right_child=2 10 -4 -5 5 -7 -8 -9 -10 11 -12 12 -14 -15
leaf_value=-0.15354160934686656 0.0010095773140589397 -0.21684040635824198 -0.23271247179557883 -0.20914583626118574 0.17050893134795703 0.22140801273859465 0.095393251559951098 -0.16204263486692475 0.038565860390663148 -0.015524412068885333 -0.032403695583343509 0.017052696269463031 0.10178098576875885 0.13471176389604808
leaf_weight=10.000000000000002 14.999999999999998 10.000000000000002 24 22 12.999999999999998 12.999999999999998 10.999999999999998 18 9.9999999999999982 51 9.9999999999999982 57 89 9.9999999999999982
leaf_count=10 15 10 24 22 13 13 11 18 10 51 10 57 89 10
internal_value=2.39116e-10 0.0440975 -0.133762 -0.0977804 0.057435 0.0672996 -0.0420977 -0.087928 -0.0574879 0.0581932 -0.124622 0.0511395 0.0687021 0.00910447
internal_weight=363 273 90 66 253 233 44 33 20 220 20 207 146 61
internal_count=363 273 90 66 253 233 44 33 20 220 20 207 146 61
is_linear=0
shrinkage=0.05


Tree=19
num_leaves=15
num_cat=0
split_feature=3 5 1 0 4 4 4 0 3 0 0 3 0 2
split_gain=786.383 333.399 103.884 294.04 96.5027 191.893 91.3013 90.7224 88.679 82.3451 218.596 103.33 78.544 76.4081
threshold=24.620985406743042 1.0000000180025095e-35 42.545534002999283 0.16372825153660145 11.500000000000002 9.0000000000000018 14.500000000000002 0.20347223807725226 7.0329348526421258 0.16733160327045243 0.18891306501877761 4.8300052250568335 0.17804888005314953 29.500000000000004
decision_type=2 2 2 2 2 2 2 2 2 2 2 2 2 2
left_child=1 2 4 -4 5 -1 8 12 -6 11 -11 -8 -2 -9
right_child=7 -3 3 -5 6 -7 9 13 -10 10 -12 -13 -14 -15
leaf_value=0.060459888025530074 -0.1603314218732218 -0.13388230182506419 -0.25926697134971616 0.063439171388745316 0.059593305885791759 -0.11029326241640819 0.23380578252176437 -0.16654114479819931 0.25181604305903121 -0.11612231792772519 0.084044156069664866 0.051139285764656962 -0.31699983328580861 0.0027309693396091461
leaf_weight=76 24 27 9.9999999999999982 24 10.000000000000002 21 15.000000000000002 15.000000000000002 14.999999999999998 17 69 15.999999999999998 11.999999999999998 11.999999999999998
leaf_count=76 24 27 10 24 10 21 15 15 15 17 69 16 12 12
internal_value=-1.53424e-10 0.0337243 0.0503008 -0.0314744 0.0619341 0.0234927 0.0881934 -0.160592 0.174927 0.0696605 0.0444764 0.139526 -0.212554 -0.0913091
internal_weight=363 300 273 34 239 97 142 63 25 117 86 31 36 27
internal_count=363 300 273 34 239 97 142 63 25 117 86 31 36 27
is_linear=0
shrinkage=0.05


Tree=20
num_leaves=15
num_cat=0
split_feature=3 5 0 4 4 2 3 0 2 2 1 0 2 2
split_gain=710.497 337.183 115.009 90.2096 141.533 118.718 119.149 136.119 90.7101 77.9449 159.69 104.117 93.8647 76.3059
threshold=26.672181809273017 1.0000000180025095e-35 0.42313774298843893 11.500000000000002 10.500000000000002 32.500000000000007 3.8652597532926829 0.17419369017258088 30.500000000000004 19.500000000000004 26.410870144149744 0.17894173375208081 31.500000000000004 39.500000000000007
decision_type=2 2 2 2 2 2 2 2 2 2 2 2 2 2
left_child=1 2 3 4 9 8 13 -8 -5 -1 -11 -12 -13 -7
right_child=-2 -3 -4 5 -6 6 7 -9 -10 10 11 12 -14 -15
leaf_value=0.12339610740309581 -0.16207693785821137 -0.1320212995183879 0.14324961991182394 0.07618188442117195 -0.13829081961885095 0.013430874185128642 -0.1320463313942864 0.045921951125968585 0.22336708878477418 -0.11589737028814853 -0.057657405418845321 0.027690108226878299 0.2182595357298851 0.20426773756742478
leaf_weight=15.999999999999998 57 29 28 82 15.999999999999998 11.000000000000002 21 22 11.999999999999998 20 12.999999999999998 14.000000000000002 11.999999999999998 9.9999999999999982
leaf_count=16 57 29 28 82 16 11 21 22 12 20 13 14 12 10
internal_value=-1.0165e-09 0.0301908 0.0471733 0.0363695 -0.00328608 0.0592092 0.00668323 -0.0409928 0.0949715 0.0255149 -0.00102911 0.0578777 0.115645 0.104306
internal_weight=363 306 277 249 91 158 64 43 94 75 59 39 26 21
internal_count=363 306 277 249 91 158 64 43 94 75 59 39 26 21
is_linear=0
shrinkage=0.05


Tree=21
num_leaves=15
num_cat=0
split_feature=3 5 1 0 0 4 4 4 3 0 0 3 0 0
split_gain=642.171 270.83 92.827 253.531 80.7778 80.3331 156.484 84.6408 81.9661 75.2103 189.099 90.1816 74.2529 71.6539
threshold=24.620985406743042 1.0000000180025095e-35 42.545534002999283 0.16372825153660145 0.20347223807725226 11.500000000000002 7.5000000000000009 14.500000000000002 7.0329348526421258 0.16733160327045243 0.18891306501877761 4.8300052250568335 0.16124299808971335 0.17804888005314953
decision_type=2 2 2 2 2 2 2 2 2 2 2 2 2 2
left_child=1 2 5 -4 13 6 -1 8 -7 11 -11 -9 -3 -2
right_child=4 12 3 -5 -6 7 -8 9 -10 10 -12 -13 -14 -15
leaf_value=0.072305814170483818 -0.14427362034718197 -0.18418174158124359 -0.24340516954660416 0.056248076756795252 -0.079746139135763616 0.052998723685741413 -0.057792888189616955 0.21737451901038485 0.23780277331670124 -0.11091190624762984 0.075260162245873632 0.046725369268096985 -0.012476264536380769 -0.29391266306241354
leaf_weight=59 24 17.000000000000004 9.9999999999999982 24 27 10.000000000000002 38 15.000000000000002 14.999999999999998 17 69 15.999999999999998 9.9999999999999982 11.999999999999998
leaf_count=59 24 17 10 24 27 10 38 15 15 17 69 16 10 12
internal_value=-2.8549e-10 0.0304755 0.0454158 -0.0318852 -0.145122 0.0564126 0.0213393 0.0803711 0.163881 0.0625271 0.0384587 0.129298 -0.120587 -0.194153
internal_weight=363 300 273 34 63 239 97 142 25 117 86 31 27 36
internal_count=363 300 273 34 63 239 97 142 25 117 86 31 27 36
is_linear=0
shrinkage=0.05


Tree=22
num_leaves=15
num_cat=0
split_feature=3 5 0 4 4 1 4 0 0 3 0 0 2 2
split_gain=581.421 275.897 100.997 74.5172 120.065 98.9376 93.1119 93.0207 115.497 81.3889 81.0361 79.4471 73.8636 68.9841
threshold=26.672181809273017 1.0000000180025095e-35 0.42313774298843893 11.500000000000002 10.500000000000002 43.171769130360381 14.500000000000002 0.16733160327045243 0.18891306501877761 4.8300052250568335 0.17804888005314953 0.17419369017258088 30.500000000000004 18.500000000000004
decision_type=2 2 2 2 2 2 2 2 2 2 2 2 2 2
left_child=1 2 3 4 13 6 10 9 -9 -8 -5 -7 -4 -1
right_child=-2 -3 12 5 -6 11 7 8 -10 -11 -12 -13 -14 -15
leaf_value=0.12312929156635488 -0.14661739391781259 -0.11942045359775938 0.23366292715072623 0.045435484647750844 -0.12783799082972111 -0.15027837067842478 0.20650580058495202 -0.090734331558148071 0.052628158670268023 0.044389099813997746 0.22918817043304443 0.049029341936111449 0.06738165516187164 6.0950362192253116e-05
leaf_weight=13.999999999999998 57 29 11.000000000000002 10.000000000000002 15.999999999999998 10.000000000000002 15.000000000000002 18 64 15.999999999999998 14.999999999999998 9.9999999999999982 17 61
leaf_count=14 57 29 11 10 16 10 15 18 64 16 15 10 17 61
internal_value=-4.47093e-10 0.0273111 0.0426729 0.0325486 -0.00349318 0.0533069 0.0683694 0.0490513 0.0211583 0.122833 0.155687 -0.0506245 0.132706 0.0230337
internal_weight=363 306 277 249 91 158 138 113 82 31 25 20 28 75
internal_count=363 306 277 249 91 158 138 113 82 31 25 20 28 75
is_linear=0
shrinkage=0.05


Tree=23
num_leaves=15
num_cat=0
split_feature=3 5 4 0 0 4 0 0 3 2 2 3 4 4
split_gain=524.959 219.968 77.0817 105.399 83.4459 76.3728 95.4224 67.0132 60.622 124.443 78.7192 65.7967 65.4553 101.223
threshold=24.620985406743042 1.0000000180025095e-35 6.5000000000000009 0.44399541217732608 0.47681386795739839 13.500000000000002 0.23536836534874034 0.16124299808971335 3.6614854674731685 39.500000000000007 29.500000000000004 2.6007864582671623 11.500000000000002 10.500000000000002
decision_type=2 2 2 2 2 2 2 2 2 2 2 2 2 2
left_child=1 2 4 8 -1 6 -2 -3 10 12 -4 -12 13 -10
right_child=5 7 3 -5 -6 -7 -8 -9 9 -11 11 -13 -14 -15
leaf_value=-0.14604794044386252 -0.18747731059096581 -0.16900162942269267 0.023883187817103281 0.18733692043102707 0.053517770469188687 -0.0044728420674800878 -0.01600310206413269 -0.0058814278244972229 0.03319859408387324 -0.096904603038963533 0.072641409589694103 0.19914274217889591 0.066457854839431688 -0.13190827619982884
leaf_weight=11.000000000000002 43 17.000000000000004 38 12.999999999999998 9.9999999999999982 9.9999999999999982 9.9999999999999982 9.9999999999999982 41 19 26 17 86 11.999999999999998
leaf_count=11 43 17 38 13 10 10 10 10 41 19 26 17 86 12
internal_value=1.51981e-10 0.0275543 0.0410188 0.0486884 -0.0510166 -0.131211 -0.155124 -0.108587 0.0411468 0.0231167 0.0763168 0.122654 0.0395224 -0.00418409
internal_weight=363 300 273 252 21 63 53 27 239 158 81 43 139 53
internal_count=363 300 273 252 21 63 53 27 239 158 81 43 139 53
is_linear=0
shrinkage=0.05


Tree=24
num_leaves=15
num_cat=0
split_feature=3 5 0 2 2 0 2 4 4 1 4 0 0 3
split_gain=474.13 224.671 86.4817 66.7136 139.041 107.621 62.5659 61.5654 101.673 88.4835 82.8174 82.8088 100.737 75.0431
threshold=26.672181809273017 1.0000000180025095e-35 0.42313774298843893 20.500000000000004 25.500000000000004 0.20347223807725226 30.500000000000004 11.500000000000002 9.0000000000000018 43.171769130360381 14.500000000000002 0.16733160327045243 0.18891306501877761 7.0329348526421258
decision_type=2 2 2 2 2 2 2 2 2 2 2 2 2 2
left_child=1 2 7 -2 -5 -6 -4 8 -1 10 13 -12 -13 -9
right_child=3 -3 6 4 5 -7 -8 9 -10 -11 11 12 -14 -15
leaf_value=0.027133543644209997 -0.021783080832524736 -0.10774805540668553 0.21475375023755153 -0.31391247348351914 -0.18604911252856257 -0.0088786464184522629 0.061716585058499786 0.038522395864129061 -0.094477945954903317 -0.050262273922562599 0.11366434305185272 -0.086765414641963121 0.047123447482590564 0.21534992853800455
leaf_weight=68 10.999999999999998 29 11.000000000000002 10.999999999999998 20 14.999999999999998 17 10.000000000000002 23 20 31 18 64 14.999999999999998
leaf_count=68 11 29 11 11 20 15 17 10 23 20 31 18 64 15
internal_value=-6.46538e-11 0.0246628 0.0385253 -0.1324 -0.158852 -0.110119 0.121838 0.0291568 -0.00360343 0.048025 0.0622695 0.0440506 0.0177332 0.144619
internal_weight=363 306 277 57 46 35 28 249 91 158 138 113 82 25
internal_count=363 306 277 57 46 35 28 249 91 158 138 113 82 25
is_linear=0
shrinkage=0.05


Tree=25
num_leaves=15
num_cat=0
split_feature=3 0 4 0 0 0 1 5 1 1 0 2 4 4
split_gain=429.333 187.042 203.135 181.348 96.7008 120.183 87.5689 113.33 71.9861 77.6266 69.7849 70.178 65.2624 65.1778
threshold=24.620985406743042 0.17308977043471593 13.500000000000002 0.16531552498450866 0.11091051342035599 0.16263780443994127 30.323500659777761 1.0000000180025095e-35 27.51587185798542 31.283543432267738 0.44399541217732608 19.500000000000004 10.500000000000002 13.500000000000002
decision_type=2 2 2 2 2 2 2 2 2 2 2 2 2 2
left_child=1 2 4 -4 -1 6 7 -6 10 -10 11 -3 -13 -2
right_child=13 8 3 -5 5 -7 -8 -9 9 -11 -12 12 -14 -15
leaf_value=0.046981795132160192 -0.14075081851684823 0.075422167600620371 0.094170714475405537 -0.1444959470629692 -0.020197974784033637 0.028770969212055211 -0.27745021879673004 -0.24058443844318386 0.14118304856121541 0.052072793044103886 0.14051849484443665 -0.10314969984814525 0.015107624073113717 -0.0015786862000823022
leaf_weight=9.9999999999999982 53 21 39 9.9999999999999982 14 9.9999999999999982 11.999999999999998 10 35 81 9.9999999999999982 20 28 9.9999999999999982
leaf_count=10 53 21 39 10 14 10 12 10 35 81 10 20 28 10
internal_value=5.05429e-11 0.0249186 -0.0288837 0.0454632 -0.0939373 -0.124572 -0.167167 -0.112026 0.0538891 0.0789595 0.0170768 -0.000813261 -0.0341663 -0.11866
internal_weight=363 300 105 49 56 46 36 24 195 116 79 69 48 63
internal_count=363 300 105 49 56 46 36 24 195 116 79 69 48 63
is_linear=0
shrinkage=0.05


Tree=26
num_leaves=15
num_cat=0
split_feature=3 4 0 0 4 2 3 0 0 0 1 1 1 0
split_gain=393.028 147.809 184.959 94.1851 109.588 87.3649 130.633 83.1628 57.5897 171.858 103.487 88.6826 83.2178 63.1837
threshold=14.668471226969872 6.5000000000000009 0.42313774298843893 0.24894959511381054 13.500000000000002 20.500000000000004 20.266641264116355 0.44399541217732608 0.11421914061704323 0.14241435813816225 29.907779491449531 27.061188289243734 21.451679169957895 0.18430426923396026
decision_type=2 2 2 2 2 2 2 2 2 2 2 2 2 2
left_child=1 2 -1 4 5 -2 -7 8 -3 11 12 -10 -11 -14
right_child=3 7 -4 -5 -6 6 -8 -9 9 10 -12 -13 13 -15
leaf_value=-0.25308831959962835 -0.022249070383035221 0.12909727762142817 0.032934105281646441 0.054059540331363676 0.0083439108217135075 -0.014853884957053446 -0.20941490657627582 0.16416234139066477 -0.0043845792808993285 0.067196670174598697 0.074019959430515245 -0.20515879835637119 -0.14882092475891115 -0.010149277232425369
leaf_weight=10.000000000000002 12.999999999999998 14.999999999999998 12.999999999999998 9.9999999999999982 15.999999999999998 10.999999999999998 40 12.999999999999998 11.000000000000002 31 113 10.999999999999998 9.9999999999999982 46
leaf_count=10 13 15 13 10 16 11 40 13 11 31 113 11 10 46
internal_value=-3.42319e-10 0.0298723 -0.0914235 -0.0906125 -0.108697 -0.137957 -0.167451 0.0410315 0.0342775 0.0278707 0.0424614 -0.104772 0.0014715 -0.0349121
internal_weight=363 273 23 90 80 64 51 250 237 222 200 22 87 56
internal_count=363 273 23 90 80 64 51 250 237 222 200 22 87 56
is_linear=0
shrinkage=0.05


Tree=27
num_leaves=15
num_cat=0
split_feature=3 4 0 0 4 2 3 0 0 0 1 1 1 1
split_gain=354.707 133.398 166.926 85.002 98.903 78.8468 117.897 75.0544 51.9747 155.102 93.3966 80.0361 75.1041 62.4529
threshold=14.668471226969872 6.5000000000000009 0.42313774298843893 0.24894959511381054 13.500000000000002 20.500000000000004 20.266641264116355 0.44399541217732608 0.11421914061704323 0.14241435813816225 29.907779491449531 27.061188289243734 21.451679169957895 31.283543432267738
decision_type=2 2 2 2 2 2 2 2 2 2 2 2 2 2
left_child=1 2 -1 4 5 -2 -7 8 -3 11 12 -10 -11 -12
right_child=3 7 -4 -5 -6 6 -8 -9 9 10 13 -13 -14 -15
leaf_value=-0.24043390333652487 -0.021136614909538859 0.12264241218566894 0.031287400309856127 0.05135656744241715 0.0079267128836363557 -0.014111189679666 -0.19894416220486166 0.1559542253613472 -0.004165349866856227 0.063836835468969039 0.15865103111547585 -0.19490085445683114 -0.033166467165574434 0.054676825130203124
leaf_weight=10.000000000000002 12.999999999999998 14.999999999999998 12.999999999999998 9.9999999999999982 15.999999999999998 10.999999999999998 40 12.999999999999998 11.000000000000002 31 17 10.999999999999998 56 96
leaf_count=10 13 15 13 10 16 11 40 13 11 31 17 11 56 96
internal_value=7.54294e-11 0.0283787 -0.0868523 -0.0860819 -0.103262 -0.131059 -0.159078 0.0389799 0.0325636 0.0264772 0.0403383 -0.0995331 0.00139793 0.070319
internal_weight=363 273 23 90 80 64 51 250 237 222 200 22 87 113
internal_count=363 273 23 90 80 64 51 250 237 222 200 22 87 113
is_linear=0
shrinkage=0.05


Tree=28
num_leaves=15
num_cat=0
split_feature=3 4 0 0 4 2 3 0 4 3 3 3 2 0
split_gain=320.124 120.392 150.65 76.7143 89.2599 71.1592 106.402 68.2473 61.1048 97.1153 83.2477 71.6065 87.4702 125.961
threshold=14.668471226969872 6.5000000000000009 0.42313774298843893 0.24894959511381054 13.500000000000002 20.500000000000004 20.266641264116355 0.24516384365908575 11.500000000000002 6.6837296898152374 10.569099595347817 3.8652597532926829 32.500000000000007 0.17419369017258088
decision_type=2 2 2 2 2 2 2 2 2 2 2 2 2 2
left_child=1 2 -1 4 5 -2 -7 8 9 -3 11 -10 -13 -14
right_child=3 7 -4 -5 -6 6 -8 -9 10 -11 -12 12 13 -15
leaf_value=-0.22841221034526815 -0.020079787763265466 0.03323785407429046 0.029723031589618101 0.048788733780384064 0.0075303791090846062 -0.013405629179694437 -0.18899695429950955 0.096013519458654453 0.075863130602978196 -0.084391720859067779 0.13710464026468497 0.047654764411143136 -0.18510592350592978 0.021647181230432848
leaf_weight=10.000000000000002 12.999999999999998 47 12.999999999999998 9.9999999999999982 15.999999999999998 10.999999999999998 40 41 47 28 21 36 13.000000000000002 17
leaf_count=10 13 47 13 10 16 11 40 41 47 28 21 36 13 17
internal_value=-5.22963e-10 0.0269597 -0.0825097 -0.0817778 -0.0980986 -0.124506 -0.151124 0.0370309 0.0254602 -0.0106772 0.0456863 0.028697 -0.00489096 -0.0679458
internal_weight=363 273 23 90 80 64 51 250 209 75 134 113 66 30
internal_count=363 273 23 90 80 64 51 250 209 75 134 113 66 30
is_linear=0
shrinkage=0.05


Tree=29
num_leaves=15
num_cat=0
split_feature=3 4 0 1 4 0 0 2 2 0 0 1 1 1
split_gain=288.911 108.653 135.962 72.9631 110.171 77.3187 64.189 58.9427 51.7179 46.2595 138.365 86.0871 72.8412 67.2449
threshold=14.668471226969872 6.5000000000000009 0.42313774298843893 31.814783427110054 12.500000000000002 0.24894959511381054 0.44399541217732608 20.500000000000004 26.500000000000004 0.11421914061704323 0.14241435813816225 29.907779491449531 27.061188289243734 21.451679169957895
decision_type=2 2 2 2 2 2 2 2 2 2 2 2 2 2
left_child=1 2 -1 4 5 7 9 -2 -9 -3 12 13 -11 -12
right_child=3 6 -4 -5 -6 -7 -8 8 -10 10 11 -13 -14 -15
leaf_value=-0.21699159655719991 -0.019075796008110046 0.11422764675070843 0.028236878491364994 -0.14832131040210908 0.095002855766903274 0.046349300742149352 0.14335583608884078 -0.20794888790696855 -0.076357613929680421 -0.0045334984463724212 0.058291719060751701 0.065379067206244298 -0.1864940837364305 -0.03349598051676627
leaf_weight=10.000000000000002 12.999999999999998 14.999999999999998 12.999999999999998 26 10.999999999999998 9.9999999999999982 12.999999999999998 16.000000000000004 13.999999999999998 11.000000000000002 31 113 10.999999999999998 56
leaf_count=10 13 15 13 26 11 10 13 16 14 11 31 113 11 56
internal_value=-5.55811e-10 0.0256117 -0.0783842 -0.0776889 -0.0489945 -0.0788808 0.0351794 -0.108004 -0.14654 0.0292456 0.0235036 0.0365955 -0.0955138 -0.000790019
internal_weight=363 273 23 90 64 53 250 43 30 237 222 200 22 87
internal_count=363 273 23 90 64 53 250 43 30 237 222 200 22 87
is_linear=0
shrinkage=0.05


Tree=30
num_leaves=15
num_cat=0
split_feature=3 4 0 5 2 3 0 2 4 3 3 1 3 2
split_gain=260.743 98.0597 122.706 66.2212 110.708 70.9159 60.2596 58.2915 52.5805 88.311 75.9915 70.6299 63.1037 80.3945
threshold=14.668471226969872 6.5000000000000009 0.42313774298843893 1.0000000180025095e-35 38.500000000000007 26.672181809273017 0.24516384365908575 30.500000000000004 11.500000000000002 7.6554708949471477 10.569099595347817 28.941854964452411 3.8652597532926829 32.500000000000007
decision_type=2 2 2 2 2 2 2 2 2 2 2 2 2 2
left_child=1 2 -1 4 5 -2 8 -7 9 11 12 -3 -10 -14
right_child=3 6 -4 -5 -6 7 -8 -9 10 -11 -12 -13 13 -15
leaf_value=-0.2061420161277055 0.060353599724016695 -0.025285419369382518 0.026825034962250638 -0.14492807133744162 -0.18531170592953761 -0.12234017954518397 0.088843951919456821 0.0067656216211616996 0.069355574289851993 -0.087703651607036595 0.12865348713738578 0.094432435726577599 0.04392305821076864 -0.066903326114018766
leaf_weight=10.000000000000002 19 28 12.999999999999998 24 11.999999999999998 18 41 17 47 25 21 22 36 30
leaf_count=10 19 28 13 24 12 18 41 17 47 25 21 22 36 30
internal_value=-1.20328e-10 0.0243311 -0.074465 -0.0738045 -0.0479414 -0.0174146 0.0334204 -0.0596316 0.0225478 -0.0109743 0.0413102 0.0273904 0.0250783 -0.00645257
internal_weight=363 273 23 90 66 54 250 35 209 75 134 50 113 66
internal_count=363 273 23 90 66 54 250 35 209 75 134 50 113 66
is_linear=0
shrinkage=0.05


Tree=31
num_leaves=15
num_cat=0
split_feature=3 0 4 0 1 1 2 1 5 1 3 2 0 4
split_gain=235.32 90.1347 157.121 89.313 86.2958 63.0832 100.139 60.9143 99.8141 55.2216 45.9924 43.0625 50.5126 38.5325
threshold=14.668471226969872 0.17750905268387249 13.500000000000002 0.16263780443994127 33.563474297677494 31.814783427110054 28.500000000000004 39.576542236382451 1.0000000180025095e-35 27.51587185798542 54.203590921867068 19.500000000000004 0.42313774298843893 10.500000000000002
decision_type=2 2 2 2 2 2 2 2 2 2 2 2 2 2
left_child=1 2 7 4 -4 6 10 8 -1 11 -2 -3 13 -13
right_child=5 9 3 -5 -6 -7 -8 -9 -10 -11 -12 12 -14 -15
leaf_value=0.010136493066182504 -0.054528503013508658 0.077346447462009069 0.038807486106331154 -0.057466695564133786 0.20792819156565448 -0.13579059032580029 0.056549128890037541 -0.1867526686191559 -0.15183012346426647 0.068245527010808868 -0.17173770957372406 -0.091728492153601515 0.088611235320568082 0.0050471767007062834
leaf_weight=26 35 18 24 13.999999999999998 10.999999999999998 26 18 9.9999999999999982 14.999999999999998 103 10.999999999999998 18 9.9999999999999982 24
leaf_count=26 35 18 24 14 11 26 18 10 15 103 11 18 10 24
internal_value=-1.38031e-10 0.0231146 -0.0146737 0.0492664 0.0919597 -0.0701143 -0.0434333 -0.0761065 -0.0491196 0.0449576 -0.0825568 0.010691 -0.0123821 -0.0364281
internal_weight=363 273 100 49 35 90 64 51 41 173 46 70 52 42
internal_count=363 273 100 49 35 90 64 51 41 173 46 70 52 42
is_linear=0
shrinkage=0.05


Tree=32
num_leaves=15
num_cat=0
split_feature=3 4 0 0 4 2 3 2 1 3 3 0 1 0
split_gain=212.376 86.0192 102.133 59.4376 76.1944 57.973 82.6768 55.9047 128.757 72.9503 104.541 143.545 71.9506 56.5197
threshold=14.668471226969872 6.5000000000000009 0.42313774298843893 0.24894959511381054 13.500000000000002 20.500000000000004 20.266641264116355 26.500000000000004 22.449026196348189 3.6614854674731685 10.569099595347817 0.17419369017258088 27.061188289243734 0.30606785590205898
decision_type=2 2 2 2 2 2 2 2 2 2 2 2 2 2
left_child=1 2 -1 4 5 -2 -7 8 -3 13 11 -11 -13 -9
right_child=3 7 -4 -5 -6 6 -8 9 -10 10 -12 12 -14 -15
leaf_value=-0.19070591628551478 -0.011117184620637162 0.061532391150317646 0.021836520502200495 0.048319077789783477 0.016618007561191916 -0.0080008336088874133 -0.16278288824483755 0.068305797559008299 -0.047378156937915708 -0.13576423999141246 0.1246215992503696 -0.081631621420383452 0.071464606498678529 0.18891054367025695
leaf_weight=10.000000000000002 12.999999999999998 51 12.999999999999998 9.9999999999999982 15.999999999999998 10.999999999999998 40 51 58 17 18 9.9999999999999982 33 11.999999999999998
leaf_count=10 13 51 13 10 16 11 40 51 58 17 18 10 33 12
internal_value=-1.21996e-10 0.0219589 -0.0705732 -0.0666085 -0.0809745 -0.105373 -0.129399 0.0304718 0.00357999 0.0512605 0.0189386 -0.0127663 0.0358608 0.0912781
internal_weight=363 273 23 90 80 64 51 250 109 141 78 60 43 63
internal_count=363 273 23 90 80 64 51 250 109 141 78 60 43 63
is_linear=0
shrinkage=0.05


Tree=33
num_leaves=15
num_cat=0
split_feature=3 0 4 5 0 1 0 3 5 2 2 0 1 4
split_gain=191.67 77.7921 106.62 83.2511 63.8721 63.8212 81.6035 85.5871 55.4958 93.1401 58.9092 52.808 50.0629 99.9093
threshold=14.668471226969872 0.18430426923396026 16.500000000000004 1.0000000180025095e-35 0.19696634327407156 42.545534002999283 0.14653417918684256 6.0888709215534069 1.0000000180025095e-35 38.500000000000007 28.500000000000004 0.20263218458347004 29.082647501496133 12.500000000000002
decision_type=2 2 2 2 2 2 2 2 2 2 2 2 2 2
left_child=1 2 3 5 -3 6 7 -1 9 10 -2 -6 -8 -14
right_child=8 4 -4 -5 11 -7 12 -9 -10 -11 -12 -13 13 -15
leaf_value=0.19761132523417468 -0.058311738322178522 0.1094202308356762 0.091765578499152553 -0.14082204620043437 -0.076397882266478104 -0.09843141721451984 -0.12607627242803573 -0.0092547106742858886 -0.12838776434849328 -0.16560246820251148 0.046785722952336073 0.038231590773171648 0.096930912323296078 -0.077791298263602787
leaf_weight=10.000000000000002 30 30 21 14.999999999999998 10.999999999999998 17 9.9999999999999982 9.9999999999999982 24 11.999999999999998 24 116 14.999999999999998 18
leaf_count=10 30 30 21 15 11 17 10 10 24 12 24 116 15 18
internal_value=2.43735e-10 0.0208609 -0.0101902 -0.0327278 0.0438032 -0.0124601 0.0107385 0.0941783 -0.0632781 -0.0396019 -0.0116018 0.0283031 -0.0280708 0.00162789
internal_weight=363 273 116 95 157 80 63 20 90 66 54 127 43 33
internal_count=363 273 116 95 157 80 63 20 90 66 54 127 43 33
is_linear=0
shrinkage=0.05


Tree=34
num_leaves=15
num_cat=0
split_feature=3 0 4 5 1 0 3 2 1 1 2 0 0 3
split_gain=175.344 100.363 118.239 67.4609 68.8278 97.0349 85.3873 64.3566 53.7056 83.5752 47.2327 62.2974 60.4671 45.2079
threshold=26.672181809273017 0.17308977043471593 16.500000000000004 1.0000000180025095e-35 42.545534002999283 0.1551028605827689 4.7427984904876892 25.500000000000004 23.229002716043073 22.449026196348189 37.500000000000007 0.18543127245755314 0.19121938185453405 35.214040636101437
decision_type=2 2 2 2 2 2 2 2 2 2 2 2 2 2
left_child=1 2 3 4 5 6 -1 -8 9 -3 11 -10 -12 -2
right_child=13 8 -4 -5 -6 -7 7 -9 10 -11 12 -13 -14 -15
leaf_value=0.15711090362165125 -0.14606098712732393 0.02470842008902268 0.092427206285194394 -0.12641372989330973 -0.13220285115142663 -0.09145464401103949 0.062958472860710948 -0.103117977976799 0.15020414167905558 -0.1402923457324505 -0.10922650814056392 0.047771108796835965 0.054312614638071799 -0.050265237383353402
leaf_weight=11.999999999999998 18 33 18 21 11.999999999999998 19 14.000000000000002 9.9999999999999982 17 9.9999999999999982 10.000000000000002 117 12.999999999999998 39
leaf_count=12 18 33 18 21 12 19 14 10 17 10 10 117 13 39
internal_value=1.24305e-10 0.0149982 -0.0243349 -0.0482181 -0.023709 -3.761e-05 0.0482103 -0.00624005 0.0358447 -0.0136639 0.0494044 0.0607663 -0.0167914 -0.0805165
internal_weight=363 306 106 88 67 55 36 24 200 43 157 134 23 57
internal_count=363 306 106 88 67 55 36 24 200 43 157 134 23 57
is_linear=0
shrinkage=0.05


Tree=35
num_leaves=15
num_cat=0
split_feature=3 0 4 0 0 0 1 5 1 1 1 2 0 0
split_gain=158.248 90.5776 106.866 123.168 72.8276 80.4424 79.9497 53.0369 48.4693 75.4266 46.6652 42.6275 58.0468 54.5715
threshold=26.672181809273017 0.17308977043471593 13.500000000000002 0.16531552498450866 0.11091051342035599 0.16263780443994127 30.323500659777761 1.0000000180025095e-35 23.229002716043073 22.449026196348189 33.563474297677494 37.500000000000007 0.19696634327407156 0.19121938185453405
decision_type=2 2 2 2 2 2 2 2 2 2 2 2 2 2
left_child=1 2 4 10 -1 6 7 -6 9 -3 -4 12 -10 -13
right_child=-2 8 3 -5 5 -7 -8 -9 11 -11 -12 13 -14 -15
leaf_value=0.052860429584980009 -0.076490700074978046 0.023472999606394408 0.032496271053185831 -0.12552112788194791 -0.014266983605921267 0.03008892185986042 -0.23582762454946837 -0.16098003942858086 0.10908933576578513 -0.13327773049473765 0.14851831157620138 -0.10376518547534939 0.036642858142915527 0.05159698197474847
leaf_weight=9.9999999999999982 57 33 26 9.9999999999999982 14 9.9999999999999982 11.999999999999998 11 39 9.9999999999999982 12.999999999999998 10.000000000000002 95 12.999999999999998
leaf_count=10 57 33 26 10 14 10 12 11 39 10 13 10 95 13
internal_value=-1.60159e-10 0.0142483 -0.0231182 0.0310292 -0.0696659 -0.0957353 -0.129742 -0.0788207 0.0340525 -0.0129807 0.0711703 0.0469342 0.057728 -0.0159518
internal_weight=363 306 106 49 57 47 37 25 200 43 39 157 134 23
internal_count=363 306 106 49 57 47 37 25 200 43 39 157 134 23
is_linear=0
shrinkage=0.05


Tree=36
num_leaves=15
num_cat=0
split_feature=3 4 0 0 4 2 1 3 3 0 1 2 3 1
split_gain=143.518 72.753 79.4294 52.9181 65.0591 52.4236 108.529 63.9316 96.0715 110.139 59.7733 51.1189 66.8525 51.066
threshold=14.668471226969872 6.5000000000000009 0.42313774298843893 0.24894959511381054 13.500000000000002 26.500000000000004 21.722439435253257 3.6614854674731685 10.569099595347817 0.17262606224361707 27.061188289243734 20.500000000000004 20.266641264116355 32.720151110003094
decision_type=2 2 2 2 2 2 2 2 2 2 2 2 2 2
left_child=1 2 -1 4 11 6 -3 -7 9 -9 -11 -2 -13 -12
right_child=3 5 -4 -5 -6 7 -8 8 -10 10 13 12 -14 -15
leaf_value=-0.17298883616924279 -0.00234755827830388 0.060479238362644211 0.014447064525805986 0.053685855269432071 0.021868792176246644 0.083473832526850325 -0.0412093409552024 -0.13197460134824118 0.11706502106454637 -0.083336717784404768 0.12924234579716409 -0.0042533768848939382 -0.14343681182712317 0.0059613073034034602
leaf_weight=10.000000000000002 12.999999999999998 44 12.999999999999998 9.9999999999999982 15.999999999999998 63 65 14.999999999999998 18 9.9999999999999982 13.999999999999998 10.999999999999998 40 21
leaf_count=10 13 44 13 10 16 63 65 15 18 10 14 11 40 21
internal_value=2.17373e-10 0.0180514 -0.0670468 -0.0547558 -0.068311 0.0258804 -0.00016074 0.0460115 0.0157534 -0.0146401 0.0244714 -0.0908559 -0.113417 0.0552737
internal_weight=363 273 23 90 80 250 109 141 78 60 45 64 51 35
internal_count=363 273 23 90 80 250 109 141 78 60 45 64 51 35
is_linear=0
shrinkage=0.05


Tree=37
num_leaves=15
num_cat=0
split_feature=5 4 0 3 2 1 2 4 4 4 1 3 0 1
split_gain=130.142 122.317 89.5376 120.83 55.6755 55.3577 82.0239 40.2199 69.9591 66.4644 63.6531 98.9331 88.8141 63.573
threshold=1.0000000180025095e-35 10.500000000000002 0.33675979141878626 22.076081990366486 23.500000000000004 26.085739572378152 32.500000000000007 11.500000000000002 9.0000000000000018 12.500000000000002 31.283543432267738 3.8652597532926829 0.17419369017258088 30.044625459953725
decision_type=2 2 2 2 2 2 2 2 2 2 2 2 2 2
left_child=2 -2 3 7 -5 -4 -7 8 -1 -9 13 -12 -13 -11
right_child=1 -3 5 4 -6 6 -8 9 -10 10 11 12 -14 -15
leaf_value=0.013857537414878607 -0.12874209998231945 0.063782505826516595 0.013011250135145688 0.026892124414443969 -0.10778044313192368 0.22840865173123093 0.04595610525991236 0.14293876439332961 -0.092177471412079673 0.034432443489398189 0.060884738961855568 -0.14178799718226259 0.0042933847299655497 0.17060195684432986
leaf_weight=60 33 10.999999999999998 19 9.9999999999999982 33 11.000000000000002 13.999999999999998 11.999999999999998 21 60 27 19 23 9.9999999999999982
leaf_count=60 33 11 19 10 33 11 14 12 21 60 27 19 23 10
internal_value=-4.66174e-10 -0.0806109 0.0111188 0.000522862 -0.0764612 0.0773431 0.126235 0.0147915 -0.013633 0.030039 0.0202923 -0.0137875 -0.061791 0.0538852
internal_weight=363 44 319 275 43 44 25 232 81 151 139 69 42 70
internal_count=363 44 319 275 43 44 25 232 81 151 139 69 42 70
is_linear=0
shrinkage=0.05


Tree=38
num_leaves=15
num_cat=0
split_feature=3 4 0 0 5 2 2 0 0 1 1 1 1 0
split_gain=117.522 68.0209 67.9901 45.5725 45.5059 75.7284 57.2754 41.3815 78.1621 82.9781 59.0759 57.0866 45.5786 44.3398
threshold=14.668471226969872 6.5000000000000009 0.42313774298843893 0.24516384365908575 1.0000000180025095e-35 38.500000000000007 28.500000000000004 0.11421914061704323 0.14241435813816225 29.907779491449531 21.130255389285569 27.061188289243734 31.283543432267738 0.15072376617313146
decision_type=2 2 2 2 2 2 2 2 2 2 2 2 2 2
left_child=1 2 -1 7 5 6 -2 -3 11 10 -10 -9 -11 -14
right_child=4 3 -4 -5 -6 -7 -8 8 9 12 -12 -13 13 -15
leaf_value=-0.16396603494882578 -0.048919703861077635 0.094461922595898307 0.0094483949244022376 0.072103445931542207 -0.10850811153650285 -0.14172419471045336 0.054710086062550546 6.5878846428611047e-05 0.042329550888389356 0.1204338971306296 -0.062916490025818353 -0.1610193930566311 0.13112950786948205 0.019823304861236145
leaf_weight=10.000000000000002 30 14.999999999999998 12.999999999999998 41 24 11.999999999999998 24 11.000000000000002 20 17 40 10.999999999999998 9.9999999999999982 85
leaf_count=10 30 15 13 41 24 12 24 11 20 17 40 11 10 85
internal_value=-4.22944e-10 0.0163349 -0.0659492 0.0239051 -0.0495493 -0.0281097 -0.00286202 0.0144499 0.00826338 0.0196139 -0.0278345 -0.0804768 0.0450326 0.0315397
internal_weight=363 273 23 250 90 66 54 209 194 172 60 22 112 95
internal_count=363 273 23 250 90 66 54 209 194 172 60 22 112 95
is_linear=0
shrinkage=0.05


Tree=39
num_leaves=15
num_cat=0
split_feature=3 0 4 3 5 4 3 1 1 3 1 2 0 0
split_gain=109.67 65.9414 89.9312 51.8779 56.8845 101.664 87.404 41.0364 63.451 40.209 60.7608 38.4862 51.2342 47.9795
threshold=26.672181809273017 0.17308977043471593 16.500000000000004 2.0462993918630548 1.0000000180025095e-35 12.500000000000002 5.5155840689011564 23.229002716043073 22.449026196348189 35.214040636101437 31.160350471501008 37.500000000000007 0.18543127245755314 0.19121938185453405
decision_type=2 2 2 2 2 2 2 2 2 2 2 2 2 2
left_child=1 2 3 -1 5 -5 -7 8 -3 -2 -11 12 -9 -13
right_child=9 7 -4 4 -6 6 -8 11 -10 10 -12 13 -14 -15
leaf_value=0.051360269492635363 -0.12549165868096882 0.018917018931471942 0.081809447912706279 0.043550056159496309 -0.13159024236037542 0.0068234354257583609 -0.16331736255023216 0.13197651628185722 -0.12485241701826454 -0.074264491881643024 0.064423461393876516 -0.10148022949695584 0.039083121978064891 0.044196434433643635
leaf_weight=12.999999999999998 18 33 18 25 19 13.000000000000002 18 17 9.9999999999999982 28 10.999999999999998 10.000000000000002 117 12.999999999999998
leaf_count=13 18 33 18 25 19 13 18 17 10 28 11 10 117 13
internal_value=-5.46992e-10 0.0118614 -0.0200209 -0.0408499 -0.0568329 -0.0314689 -0.091968 0.0287591 -0.0145177 -0.0636772 -0.0351474 0.040612 0.0508681 -0.0191412
internal_weight=363 306 106 88 75 56 31 200 43 57 39 157 134 23
internal_count=363 306 106 88 75 56 31 200 43 57 39 157 134 23
is_linear=0
shrinkage=0.05


Tree=40
num_leaves=15
num_cat=0
split_feature=0 4 3 4 5 1 2 2 1 1 0 2 2 0
split_gain=99.3389 221.64 95.6614 53.6795 65.9438 50.2031 75.3233 43.9809 22.5409 57.6649 37.59 54.5201 71.5305 34.7611
threshold=0.33675979141878626 6.5000000000000009 22.076081990366486 18.500000000000004 1.0000000180025095e-35 26.085739572378152 32.500000000000007 23.500000000000004 47.104645492170057 43.171769130360381 0.14129469163694955 26.500000000000004 19.500000000000004 0.21373285067558948
decision_type=2 2 2 2 2 2 2 2 2 2 2 2 2 2
left_child=1 -1 3 4 8 -2 -7 -4 9 10 -3 12 -12 -13
right_child=5 2 7 -5 -6 6 -8 -9 -10 -11 11 13 -14 -15
leaf_value=-0.18537605562630821 0.0091644567094351127 0.075789177808910618 0.018116897917710817 0.12651181250810625 -0.074223865094509997 0.21489950438792049 0.040058101773528115 -0.088076986066806015 0.071889061699895299 -0.09435501346985499 0.030070224842604472 0.02190946921125635 -0.069757404085248706 0.10510874584317208
leaf_weight=17 19 25 12.999999999999998 9.9999999999999982 22 11.000000000000002 13.999999999999998 39 17 11.999999999999998 34 77 38 14.999999999999998
leaf_count=17 19 25 13 10 22 11 14 39 17 12 34 77 38 15
internal_value=-1.29308e-10 -0.00971421 0.000174041 0.0130082 0.00827885 0.070428 0.116988 -0.0615285 0.0166048 0.011929 0.0186772 0.00997114 -0.0226166 0.0354746
internal_weight=363 319 302 250 240 44 25 52 218 201 189 164 72 92
internal_count=363 319 302 250 240 44 25 52 218 201 189 164 72 92
is_linear=0
shrinkage=0.05


Tree=41
num_leaves=15
num_cat=0
split_feature=0 4 3 4 1 2 1 0 2 0 0 0 4 2
split_gain=89.6534 200.03 86.5423 45.4916 45.3083 67.9793 35.2908 47.0218 34.4772 83.9959 38.7233 90.9591 99.9288 62.8544
threshold=0.33675979141878626 6.5000000000000009 14.668471226969872 13.500000000000002 26.085739572378152 32.500000000000007 32.282707802799457 0.22046593595002537 40.500000000000007 0.16263780443994127 0.11421914061704323 0.16263780443994127 13.500000000000002 25.500000000000004
decision_type=2 2 2 2 2 2 2 2 2 2 2 2 2 2
left_child=1 -1 8 6 -2 -6 7 -4 10 -10 -3 12 13 -12
right_child=4 2 3 -5 5 -7 -8 -9 9 -11 11 -13 -14 -15
leaf_value=-0.17610725528177096 0.0087062359640472826 0.086777402460575109 -0.014755833411917968 0.028920101188123229 0.20415452754294325 0.038055195313479222 -0.13238487124443055 -0.13368550647388808 0.18158186778426166 -0.018640338290821425 -0.051244195674856496 0.022322256901390752 0.035273439042708458 -0.20477069638048612
leaf_weight=17 19 14.999999999999998 34 15.999999999999998 11.000000000000002 13.999999999999998 14.999999999999998 10.999999999999998 10.000000000000002 10.999999999999998 15.000000000000002 146 17 11.999999999999998
leaf_count=17 19 15 34 16 11 14 15 11 10 11 15 146 17 12
internal_value=-7.69688e-12 -0.0092285 0.000165339 -0.0459907 0.0669066 0.111139 -0.0659669 -0.0438275 0.0156868 0.0767036 0.00943633 0.00333046 -0.0596878 -0.119478
internal_weight=363 319 302 76 44 25 60 45 226 21 205 190 44 27
internal_count=363 319 302 76 44 25 60 45 226 21 205 190 44 27
is_linear=0
shrinkage=0.05


Tree=42
num_leaves=15
num_cat=0
split_feature=0 4 3 4 5 1 2 2 4 4 1 4 2 3
split_gain=80.9122 180.527 78.5324 46.5159 56.3197 40.8908 61.3513 39.279 22.2098 36.0823 61.7717 61.3652 55.3021 124.69
threshold=0.33675979141878626 6.5000000000000009 22.076081990366486 18.500000000000004 1.0000000180025095e-35 26.085739572378152 32.500000000000007 21.500000000000004 7.5000000000000009 11.500000000000002 26.410870144149744 12.500000000000002 33.500000000000007 3.8652597532926829
decision_type=2 2 2 2 2 2 2 2 2 2 2 2 2 2
left_child=1 -1 3 4 8 -2 -7 -4 -3 10 -10 -11 -13 -14
right_child=5 2 7 -5 -6 6 -8 -9 9 11 -12 12 13 -15
leaf_value=-0.16730189110864613 0.0082709239501702163 0.057524712794218905 0.028147516196424312 0.11744452595710755 -0.068861931833353915 0.19394680281931698 0.036152436943458661 -0.07825788695637774 -0.090095220641656371 0.12988808924953144 0.023742845468223098 0.036459774057190107 0.073072888619369933 -0.093387105812629073
leaf_weight=17 19 27 10.999999999999998 9.9999999999999982 22 11.000000000000002 13.999999999999998 41 22 11.999999999999998 26 83 18 30
leaf_count=17 19 27 11 10 22 11 14 41 22 12 26 83 18 30
internal_value=-1.69075e-10 -0.00876707 0.000157071 0.0117855 0.00738309 0.0635613 0.105582 -0.0557491 0.0150775 0.00907715 -0.0284329 0.021668 0.0117547 -0.0309646
internal_weight=363 319 302 250 240 44 25 52 218 191 48 143 131 48
internal_count=363 319 302 250 240 44 25 52 218 191 48 143 131 48
is_linear=0
shrinkage=0.05


Tree=43
num_leaves=15
num_cat=0
split_feature=0 4 3 4 5 1 2 2 1 1 0 2 2 0
split_gain=73.0232 162.926 70.8755 41.9806 50.8285 36.9039 55.3695 35.4493 20.524 67.2534 33.4585 49.0516 63.943 29.7796
threshold=0.33675979141878626 6.5000000000000009 22.076081990366486 18.500000000000004 1.0000000180025095e-35 26.085739572378152 32.500000000000007 21.500000000000004 46.438030701212476 43.171769130360381 0.14129469163694955 26.500000000000004 19.500000000000004 0.21373285067558948
decision_type=2 2 2 2 2 2 2 2 2 2 2 2 2 2
left_child=1 -1 3 4 8 -2 -7 -4 9 10 -3 12 -12 -13
right_child=5 2 7 -5 -6 6 -8 -9 -10 -11 11 13 -14 -15
leaf_value=-0.15893679539508679 0.0078573773566045276 0.07015127241611481 0.026740141212940216 0.11157229959964753 -0.065418834510174662 0.18424946218729013 0.034344814172280684 -0.07434499209246985 0.063974045530745857 -0.11678315222263336 0.026959389404338951 0.019690566210003646 -0.067425266584675556 0.096697899059702955
leaf_weight=17 19 25 10.999999999999998 9.9999999999999982 22 11.000000000000002 13.999999999999998 41 19 9.9999999999999982 34 77 38 14.999999999999998
leaf_count=17 19 25 11 10 22 11 14 41 19 10 34 77 38 15
internal_value=-2.28341e-11 -0.00832872 0.000149218 0.0111963 0.00701393 0.0603832 0.100303 -0.0529616 0.0143237 0.00958317 0.0162692 0.0080555 -0.0228547 0.0322461
internal_weight=363 319 302 250 240 44 25 52 218 199 189 164 72 92
internal_count=363 319 302 250 240 44 25 52 218 199 189 164 72 92
is_linear=0
shrinkage=0.05


Tree=44
num_leaves=15
num_cat=0
split_feature=0 4 3 4 5 1 2 2 4 4 1 4 1 3
split_gain=65.9035 147.04 63.9652 37.8875 45.8727 33.3058 49.971 32.2017 19.9311 32.2478 55.8582 54.8394 51.468 81.7602
threshold=0.33675979141878626 6.5000000000000009 22.076081990366486 18.500000000000004 1.0000000180025095e-35 26.085739572378152 32.500000000000007 23.500000000000004 7.5000000000000009 11.500000000000002 26.410870144149744 12.500000000000002 31.283543432267738 3.8652597532926829
decision_type=2 2 2 2 2 2 2 2 2 2 2 2 2 2
left_child=1 -1 3 4 8 -2 -7 -4 -3 10 -10 -11 -13 -14
right_child=5 2 7 -5 -6 6 -8 -9 9 11 -12 12 13 -15
leaf_value=-0.15098995658404687 0.007464506359476793 0.053818224743008618 0.017836842399377089 0.10599368542432785 -0.062147890099070291 0.17503699253905899 0.032627572638115714 -0.073030305405457824 -0.086174267124045981 0.1221304106215636 0.022077801246912436 0.04108546273921853 0.048973557829856879 -0.066858472999853966
leaf_weight=17 19 27 12.999999999999998 9.9999999999999982 22 11.000000000000002 13.999999999999998 39 22 11.999999999999998 26 67 25 39
leaf_count=17 19 27 13 10 22 11 14 39 22 12 26 67 25 39
internal_value=1.64457e-10 -0.00791228 0.000141758 0.0106365 0.00666324 0.0573641 0.0952877 -0.0503135 0.0136075 0.00792324 -0.0275377 0.0198262 0.0104548 -0.0216116
internal_weight=363 319 302 250 240 44 25 52 218 191 48 143 131 64
internal_count=363 319 302 250 240 44 25 52 218 191 48 143 131 64
is_linear=0
shrinkage=0.05


Tree=45
num_leaves=15
num_cat=0
split_feature=0 4 3 4 5 4 2 1 2 1 1 0 2 2
split_gain=59.4779 132.704 57.7285 34.1935 41.4002 30.3045 40.5096 30.0585 45.0988 19.2619 59.7832 30.8261 43.7858 56.6922
threshold=0.33675979141878626 6.5000000000000009 22.076081990366486 18.500000000000004 1.0000000180025095e-35 13.500000000000002 23.500000000000004 26.085739572378152 32.500000000000007 46.438030701212476 43.171769130360381 0.14129469163694955 26.500000000000004 19.500000000000004
decision_type=2 2 2 2 2 2 2 2 2 2 2 2 2 2
left_child=1 -1 3 4 9 6 -4 -2 -9 10 11 -3 13 -13
right_child=7 2 5 -5 -6 -7 -8 8 -10 -11 -12 12 -14 -15
leaf_value=-0.14344045730198132 0.0070912838766449384 0.066357539042830468 0.016011622683568438 0.10069399982690813 -0.05904049815779383 0.030427315831184389 -0.095673834724772366 0.166285137866031 0.030996194056102207 0.061026638256091829 -0.11080707237124443 0.024455332098638313 0.029609791505271977 -0.0644170280999357
leaf_weight=17 19 25 10.999999999999998 9.9999999999999982 22 9.9999999999999982 31 11.000000000000002 13.999999999999998 19 9.9999999999999982 34 92 38
leaf_count=17 19 25 11 10 22 10 31 11 14 19 10 34 92 38
internal_value=-1.53553e-10 -0.00751667 0.000134669 0.0101046 0.00633007 -0.0477978 -0.0664229 0.0544959 0.0905233 0.0129271 0.00833469 0.0146385 0.00675448 -0.0224495
internal_weight=363 319 302 250 240 52 42 44 25 218 199 189 164 72
internal_count=363 319 302 250 240 52 42 44 25 218 199 189 164 72
is_linear=0
shrinkage=0.05


Tree=46
num_leaves=15
num_cat=0
split_feature=0 4 3 4 5 0 3 4 2 4 0 4 1 4
split_gain=53.6788 119.765 52.1 30.8596 37.3636 27.5947 40.4979 27.3498 36.5599 17.8382 31.7607 28.9735 50.5582 49.0459
threshold=0.33675979141878626 6.5000000000000009 22.076081990366486 18.500000000000004 1.0000000180025095e-35 0.58188918547082713 4.1641866984691385 13.500000000000002 23.500000000000004 7.5000000000000009 0.20002188076721741 11.500000000000002 26.410870144149744 12.500000000000002
decision_type=2 2 2 2 2 2 2 2 2 2 2 2 2 2
left_child=1 -1 3 4 9 6 -2 8 -4 10 -3 12 -11 -13
right_child=5 2 7 -5 -6 -7 -8 -9 -10 11 -12 13 -14 -15
leaf_value=-0.13626843673341416 0.13466079026460648 0.09882584889729816 0.015211040594361045 0.095659297406673435 -0.056088472360914403 -0.021241282634437086 0.024759351540552945 0.028905950784683228 -0.09089014161333081 -0.082494677569378505 -0.010308355512097479 0.11493517681956292 0.02049373786789007 0.0093232025314150882
leaf_weight=17 14.999999999999998 15.000000000000002 10.999999999999998 9.9999999999999982 22 9.9999999999999982 19 9.9999999999999982 31 22 11.999999999999998 11.999999999999998 26 131
leaf_count=17 15 15 11 10 22 10 19 10 31 22 12 12 26 131
internal_value=-4.74577e-10 -0.00714084 0.000127936 0.0095994 0.00601357 0.0517711 0.0732453 -0.045408 -0.0631017 0.0122807 0.0503218 0.00690322 -0.0267093 0.0181857
internal_weight=363 319 302 250 240 44 34 52 42 218 27 191 48 143
internal_count=363 319 302 250 240 44 34 52 42 218 27 191 48 143
is_linear=0
shrinkage=0.05


Tree=47
num_leaves=15
num_cat=0
split_feature=0 4 3 4 5 1 2 0 1 3 1 1 2 3
split_gain=48.4451 108.088 47.0203 27.8508 33.7207 27.5034 40.7401 26.124 45.4402 17.5049 17.3891 41.7144 29.4592 41.0577
threshold=0.33675979141878626 6.5000000000000009 22.076081990366486 18.500000000000004 1.0000000180025095e-35 26.085739572378152 32.500000000000007 0.21671553631719517 27.939723317798919 11.312248473080365 47.104645492170057 43.171769130360381 40.500000000000007 4.1641866984691385
decision_type=2 2 2 2 2 2 2 2 2 2 2 2 2 2
left_child=1 -1 3 4 10 -2 -7 8 -4 -6 11 12 13 -3
right_child=5 2 7 -5 9 6 -8 -9 -10 -11 -12 -13 -14 -15
leaf_value=-0.12945500997936024 0.0038374130663118866 -0.024812274901271469 0.048897936807147102 0.090876334160566341 -0.00868367024443366 0.15565244690938426 0.027067330825541705 -0.10784107347329458 -0.062831961478178322 -0.097884427281943243 0.060223984526579871 -0.082837333778540301 0.085932408846341651 0.025744064197989931
leaf_weight=17 19 62 13.999999999999998 9.9999999999999982 11.000000000000002 11.000000000000002 13.999999999999998 11.999999999999998 26 10.999999999999998 17 11.999999999999998 12.999999999999998 114
leaf_count=17 19 62 14 10 11 11 14 12 26 11 17 12 13 114
internal_value=1.41815e-10 -0.00678379 0.000121539 0.00911943 0.00571289 0.0491825 0.0836448 -0.0431376 -0.0237265 -0.053284 0.0116667 0.00755988 0.0132994 0.00793444
internal_weight=363 319 302 250 240 44 25 52 40 22 218 201 189 176
internal_count=363 319 302 250 240 44 25 52 40 22 218 201 189 176
is_linear=0
shrinkage=0.05


Tree=48
num_leaves=15
num_cat=0
split_feature=0 4 3 4 3 3 3 3 2 0 1 2 1 1
split_gain=43.7217 97.5495 43.1382 58.5855 38.9461 54.9034 59.4669 35.0843 47.9195 27.9999 24.8218 36.7679 24.6285 61.542
threshold=0.33675979141878626 6.5000000000000009 11.628055157923695 15.500000000000002 10.569099595347817 8.8401327676055441 6.6034504521373156 5.5155840689011564 40.500000000000007 0.16263780443994127 26.085739572378152 32.500000000000007 47.104645492170057 32.686894745803777
decision_type=2 2 2 2 2 2 2 2 2 2 2 2 2 2
left_child=1 -1 4 -4 5 6 7 8 12 -8 -2 -12 13 -3
right_child=10 2 3 -5 -6 -7 9 -9 -10 -11 11 -13 -14 -15
leaf_value=-0.12298226330210181 0.003645543910955128 0.018769264329633079 -0.041179386116246781 0.072534273679439848 0.093948862382343845 -0.068682712848697397 0.023388936221599571 -0.058676587280474216 0.105104222205969 0.13140101522207259 0.1478698223829269 0.025713966733642984 0.074484761228615595 -0.072125200390815741
leaf_weight=17 19 73 88 12.999999999999998 13.999999999999998 21 10.000000000000002 19 12.999999999999998 14.999999999999998 11.000000000000002 13.999999999999998 10.999999999999998 25
leaf_count=17 19 73 88 13 14 21 10 19 13 15 11 14 11 25
internal_value=2.82347e-10 -0.0064446 0.000115462 -0.026543 0.013511 0.00748891 0.0171251 0.00452382 0.0143665 0.0881962 0.0467234 0.0794625 0.00354457 -0.0044181
internal_weight=363 319 302 101 201 187 166 141 122 25 44 25 109 98
internal_count=363 319 302 101 201 187 166 141 122 25 44 25 109 98
is_linear=0
shrinkage=0.05


Tree=49
num_leaves=15
num_cat=0
split_feature=0 4 0 0 1 3 3 0 3 0 0 3 1 2
split_gain=40.0464 103.426 42.16 32.6922 69.993 70.3602 98.937 59.9509 49.8765 41.7768 43.5269 33.0851 26.6519 30.269
threshold=0.24516384365908575 6.5000000000000009 0.22046593595002537 0.17308977043471593 22.846610087054945 5.5155840689011564 10.911498086901323 0.13625686927658084 15.233115232496893 0.14241435813816225 0.1551028605827689 6.6034504521373156 25.937891605395283 32.500000000000007
decision_type=2 2 2 2 2 2 2 2 2 2 2 2 2 2
left_child=1 -1 3 4 11 9 -7 -8 -9 -6 -11 -3 -2 -14
right_child=12 2 -4 -5 5 6 7 8 -10 10 -12 -13 13 -15
leaf_value=-0.14061006701418333 0.0099616687390066336 -0.0089899878416742612 -0.062017884963335324 0.021434146977525992 -0.060206882316957824 -0.18766738367932184 -0.1155578548354762 0.093346756967631228 -0.048927887502525538 0.12946289398453448 -0.011196065490896051 0.093495167947063848 0.13264657035470004 0.024428264996302979
leaf_weight=13.999999999999998 42 13.999999999999998 26 137 10.999999999999998 13.999999999999998 13.999999999999998 11.000000000000002 13.999999999999998 11.000000000000002 10.999999999999998 18 12.000000000000002 13.999999999999998
leaf_count=14 42 14 26 137 11 14 14 11 14 11 11 18 12 14
internal_value=-1.78311e-11 -0.00797337 -0.00136514 0.00481906 -0.0144713 -0.0379613 -0.0736477 -0.0327176 0.013673 0.0193533 0.0591334 0.0486579 0.0345904 0.0743752
internal_weight=363 295 281 255 118 86 53 39 25 33 22 32 68 26
internal_count=363 295 281 255 118 86 53 39 25 33 22 32 68 26
is_linear=0
shrinkage=0.05


Tree=50
num_leaves=15
num_cat=0
split_feature=0 4 0 2 2 2 0 1 3 3 0 4 4 1
split_gain=36.1419 93.3423 38.0494 34.5115 56.0235 70.9446 44.3963 76.3863 46.946 47.8857 33.8526 60.2358 95.3671 48.948
threshold=0.24516384365908575 6.5000000000000009 0.22046593595002537 44.500000000000007 40.500000000000007 38.500000000000007 0.17262606224361707 22.846610087054945 6.0888709215534069 11.472476557958872 0.19696634327407156 11.500000000000002 16.500000000000004 30.044625459953725
decision_type=2 2 2 2 2 2 2 2 2 2 2 2 2 2
left_child=1 -1 3 4 5 6 7 -3 -9 -10 13 -12 -13 -8
right_child=-2 2 -4 -5 -6 -7 10 8 9 -11 11 12 -14 -15
leaf_value=-0.13357955792120524 0.032860844008460205 0.04622501599369571 -0.058916990891492993 -0.082054248655384243 0.090930636070276571 -0.10353009839852652 -0.021802110491054402 0.00403553980588913 -0.17812446713447572 -0.050041403869787851 -0.075670880846240948 0.1161838284134865 -0.030300277292728425 0.086825572531670336
leaf_weight=13.999999999999998 68 32 26 10.999999999999998 19 14.999999999999998 13.999999999999998 25 9.9999999999999982 27 17 20 25 40
leaf_count=14 68 32 26 11 19 15 14 25 10 27 17 20 25 40
internal_value=3.84908e-10 -0.0075747 -0.00129688 0.00457811 0.00848367 0.00152148 0.00902516 -0.0165135 -0.0488947 -0.0846584 0.0297203 0.00451233 0.0348038 0.0586628
internal_weight=363 295 281 255 244 225 210 94 62 37 116 62 45 54
internal_count=363 295 281 255 244 225 210 94 62 37 116 62 45 54
is_linear=0
shrinkage=0.05


Tree=51
num_leaves=15
num_cat=0
split_feature=4 3 1 0 0 3 5 4 0 0 4 1 1 1
split_gain=33.3518 65.867 49.1498 45.1552 74.2671 71.3956 38.931 40.7705 37.5972 41.4535 73.5098 34.7169 34.3335 91.9005
threshold=15.500000000000002 1.9572626384955571 45.492068763775279 0.20437523707108782 0.2336672104347095 7.6554708949471477 1.0000000180025095e-35 7.5000000000000009 0.22688607291604201 0.20467404507502626 12.500000000000002 21.825108049454268 26.085739572378152 21.451679169957895
decision_type=2 2 2 2 2 2 2 2 2 2 2 2 2 2
left_child=1 -1 6 5 -5 -2 7 12 9 11 -11 -9 13 -3
right_child=3 2 -4 4 -6 -7 -8 8 -10 10 -12 -13 -14 -15
leaf_value=0.053160181723384041 0.018640120738539205 0.10142651677131649 -0.11719434050222238 -0.062367730842109906 0.0613901789215478 0.15613192915916443 -0.057967701999295976 0.047539820923255038 -0.11177395962178707 -0.033216231619007879 0.12366794049739838 -0.040881439896398475 0.068668079096047829 -0.10018769135841957
leaf_weight=37 29 10.000000000000002 11.999999999999998 27 22 13.999999999999998 40 12.999999999999998 9.9999999999999982 16.000000000000004 13.999999999999998 76 30 12.999999999999998
leaf_count=37 29 10 12 27 22 14 40 13 10 16 14 76 30 13
internal_value=-1.96687e-10 -0.0088305 -0.0186324 0.0260116 -0.00680296 0.0634049 -0.0133048 -0.00348875 -0.0186575 -0.0108326 0.0399964 -0.027966 0.0334315 -0.0125293
internal_weight=363 271 234 92 49 43 222 182 129 119 30 89 53 23
internal_count=363 271 234 92 49 43 222 182 129 119 30 89 53 23
is_linear=0
shrinkage=0.05


Tree=52
num_leaves=15
num_cat=0
split_feature=0 4 3 0 3 4 0 0 4 2 5 0 2 2
split_gain=30.3917 70.6928 34.0527 25.2015 37.0915 24.0305 25.9474 46.3667 50.7971 36.0831 42.0964 34.384 34.5073 39.34
threshold=0.33675979141878626 6.5000000000000009 22.076081990366486 0.58188918547082713 4.1641866984691385 18.500000000000004 0.17308977043471593 0.16733160327045243 13.500000000000002 25.500000000000004 1.0000000180025095e-35 0.19521743906267966 38.500000000000007 26.500000000000004
decision_type=2 2 2 2 2 2 2 2 2 2 2 2 2 2
left_child=1 -1 5 4 -2 6 7 8 9 10 -3 12 13 -8
right_child=3 2 -4 -5 -6 -7 11 -9 -10 -11 -12 -13 -14 -15
leaf_value=-0.10457987386514159 0.11825270156065625 0.067634492879733429 -0.03660242435379097 -0.030819427669048313 0.013074922169509687 0.083811598941683774 0.0058666244645913445 -0.10736710913479329 0.038482762910425662 -0.091308203721909148 -0.062232991852439357 -0.00051804992810382949 -0.028691852092742921 0.10685804916752711
leaf_weight=17 14.999999999999998 12 52 9.9999999999999982 19 9.9999999999999982 14.999999999999998 11.999999999999998 40 19 13 91 10.999999999999998 27
leaf_count=17 15 12 52 10 19 10 15 12 40 19 13 91 11 27
internal_value=-8.31263e-11 -0.0053731 0.000211384 0.038955 0.0594769 0.00786866 0.00470437 -0.0154309 -0.00229715 -0.0393698 0.000103401 0.0181279 0.0501426 0.0707897
internal_weight=363 319 302 44 34 250 240 96 84 44 25 144 53 42
internal_count=363 319 302 44 34 250 240 96 84 44 25 144 53 42
is_linear=0
shrinkage=0.05


Tree=53
num_leaves=15
num_cat=0
split_feature=0 4 0 2 2 2 0 1 3 3 3 0 4 4
split_gain=28.3698 74.6707 31.768 28.2026 51.8526 60.7253 36.7928 59.9617 40.144 44.5104 29.4609 27.3093 52.3419 81.431
threshold=0.24516384365908575 6.5000000000000009 0.22046593595002537 44.500000000000007 40.500000000000007 38.500000000000007 0.17262606224361707 22.846610087054945 6.0888709215534069 11.472476557958872 6.6034504521373156 0.19696634327407156 11.500000000000002 16.500000000000004
decision_type=2 2 2 2 2 2 2 2 2 2 2 2 2 2
left_child=1 -1 3 4 5 6 7 10 -9 -10 -3 -8 -13 -14
right_child=-2 2 -4 -5 -6 -7 11 8 9 -11 -12 12 13 -15
leaf_value=-0.11941083839961462 0.029113981114043033 -0.014015344211033412 -0.053745660286110192 -0.074042576117525724 0.087121268008884645 -0.096086639563242593 0.052882044424337374 0.0050541285946965227 -0.16707498133182527 -0.043588425908927565 0.082693865975468531 -0.070499095780884521 0.10768184743821621 -0.027676858067512512
leaf_weight=13.999999999999998 68 13.999999999999998 26 10.999999999999998 19 14.999999999999998 54 25 9.9999999999999982 27 18 17 20 25
leaf_count=14 68 14 26 11 19 15 54 25 10 27 18 17 20 25
internal_value=-2.46621e-10 -0.00671102 -0.00109608 0.00427211 0.00780269 0.00110468 0.00804691 -0.0152022 -0.0438917 -0.0769632 0.0403836 0.0268867 0.00424566 0.0324826
internal_weight=363 295 281 255 244 225 210 94 62 37 32 116 62 45
internal_count=363 295 281 255 244 225 210 94 62 37 32 116 62 45
is_linear=0
shrinkage=0.05


Tree=54
num_leaves=15
num_cat=0
split_feature=4 3 1 0 0 3 2 1 2 1 3 4 0 3
split_gain=27.097 57.1093 43.9185 38.1227 63.6412 61.6117 30.1539 67.4841 139.327 53.7627 46.1791 50.1411 41.5487 28.9918
threshold=15.500000000000002 1.9572626384955571 45.492068763775279 0.20437523707108782 0.2336672104347095 7.6554708949471477 29.500000000000004 27.51587185798542 32.500000000000007 22.449026196348189 5.5155840689011564 14.500000000000002 0.15618500335845617 0.84467134774562835
decision_type=2 2 2 2 2 2 2 2 2 2 2 2 2 2
left_child=1 13 6 5 -5 -2 9 -8 -9 12 -10 -12 -3 -1
right_child=3 2 -4 4 -6 -7 7 8 10 -11 11 -13 -14 -15
leaf_value=0.001756896368940087 0.016219664133828263 0.074682316204739946 -0.11025560510655244 -0.058141646961923005 0.056421284783970231 0.14394376687705518 -0.098731581250635483 0.16808514722755977 0.042139736108947549 -0.052659576111473143 -0.00033811769137779874 -0.11493393283869541 -0.028840212949684692 0.090568388253450399
leaf_weight=17 29 18 11.999999999999998 27 22 13.999999999999998 12.999999999999998 13.999999999999998 32 80 30 13.999999999999998 21 20
leaf_count=17 29 18 12 27 22 14 13 14 32 80 30 14 21 20
internal_value=3.75351e-10 -0.00795951 -0.0170866 0.0234459 -0.00670523 0.0578043 -0.0120504 0.00775665 0.0231383 -0.0291944 -0.00356246 -0.0368004 0.0189394 0.0497631
internal_weight=363 271 234 92 49 43 222 103 90 119 76 44 39 37
internal_count=363 271 234 92 49 43 222 103 90 119 76 44 39 37
is_linear=0
shrinkage=0.05


Tree=55
num_leaves=15
num_cat=0
split_feature=4 3 1 3 1 2 2 1 2 1 3 4 3 0
split_gain=24.455 51.5412 39.6364 34.7012 29.1332 37.2555 27.2139 60.9044 125.742 49.515 41.6766 45.2524 38.8419 89.3846
threshold=15.500000000000002 1.9572626384955571 45.492068763775279 10.569099595347817 24.515584642364853 30.500000000000004 29.500000000000004 27.51587185798542 32.500000000000007 27.51587185798542 5.5155840689011564 14.500000000000002 20.266641264116355 0.17804888005314953
decision_type=2 2 2 2 2 2 2 2 2 2 2 2 2 2
left_child=1 -1 6 4 -2 -6 9 -8 -9 -3 -10 -12 13 -11
right_child=3 2 -4 -5 5 -7 7 8 10 12 11 -13 -14 -15
leaf_value=0.047274950405935184 0.03923472956427046 -0.007336307632572512 -0.10474282565216225 0.086772902090759843 -0.070063231401145454 0.029089766451054152 -0.093795002481112111 0.15968088787797441 0.040032751404214653 -0.15840598851442333 -0.0003212125102678935 -0.10918723531067372 -0.16152213646098973 0.037317485788038805
leaf_weight=37 37 85 11.999999999999998 17 20 18 12.999999999999998 13.999999999999998 32 10.000000000000002 30 13.999999999999998 9.9999999999999982 13.999999999999998
leaf_count=37 37 85 12 17 20 18 13 14 32 10 30 14 10 14
internal_value=-1.91364e-10 -0.00756153 -0.0162323 0.0222736 0.00765382 -0.023096 -0.0114479 0.00736881 0.0219814 -0.0277346 -0.00338434 -0.0349604 -0.0787305 -0.044234
internal_weight=363 271 234 92 75 38 222 103 90 119 76 44 34 24
internal_count=363 271 234 92 75 38 222 103 90 119 76 44 34 24
is_linear=0
shrinkage=0.05


Tree=56
num_leaves=15
num_cat=0
split_feature=4 0 0 3 3 3 3 3 1 1 1 2 4 4
split_gain=24.5532 46.2905 39.8707 26.1326 49.0986 38.5819 40.5617 38.1872 51.1618 75.9457 54.157 50.7119 39.6448 36.4043
threshold=6.5000000000000009 0.24894959511381054 0.44399541217732608 11.628055157923695 10.569099595347817 8.8401327676055441 6.6034504521373156 3.6614854674731685 32.399272681479815 41.701617533799812 30.286541006484825 39.500000000000007 16.500000000000004 15.500000000000002
decision_type=2 2 2 2 2 2 2 2 2 2 2 2 2 2
left_child=1 -1 3 4 5 6 7 11 10 -10 12 -2 -9 -5
right_child=2 -3 -4 13 -6 -7 -8 8 9 -11 -12 -13 -14 -15
leaf_value=-0.1102658286690712 0.0096066601325292145 0.0060373726893555033 0.086867399300847747 -0.031846696098165754 0.097795726756254836 -0.058452920344742865 0.069425587212810155 -0.070826787129044527 -0.17399973819653189 0.012570460289716721 0.10024225251241164 0.12947474896907807 0.047350166060707792 0.057791732480892768
leaf_weight=13.999999999999998 75 22 13.999999999999998 88 14.999999999999998 22 26 20.000000000000004 12.000000000000002 9.9999999999999982 10.999999999999998 9.9999999999999982 10.999999999999998 12.999999999999998
leaf_count=14 75 22 14 88 15 22 26 20 12 10 11 10 11 13
internal_value=-5.28679e-11 -0.0391917 0.00431468 0.000622223 0.0105942 0.0039545 0.0118 0.00174453 -0.0274267 -0.0891951 0.00492812 0.0237088 -0.028893 -0.0203091
internal_weight=363 36 327 313 212 197 175 149 64 22 42 85 31 101
internal_count=363 36 327 313 212 197 175 149 64 22 42 85 31 101
is_linear=0
shrinkage=0.05


Tree=57
num_leaves=15
num_cat=0
split_feature=4 0 4 3 2 3 1 0 1 3 0 1 1 3
split_gain=22.7345 23.3435 54.4295 26.8273 46.9306 41.3401 32.1491 44.359 77.8727 34.6267 47.3759 26.0343 33.598 23.9295
threshold=18.500000000000004 0.24516384365908575 6.5000000000000009 3.6614854674731685 39.500000000000007 4.5124453830028095 20.90067866282261 0.17262606224361707 23.799386928528733 20.266641264116355 0.18178920676927321 47.104645492170057 30.621236653992103 0.92248558382639023
decision_type=2 2 2 2 2 2 2 2 2 2 2 2 2 2
left_child=1 2 -1 4 11 -5 -7 -8 -9 10 -10 12 13 -4
right_child=-2 -3 3 5 -6 6 7 8 9 -11 -12 -13 -14 -15
leaf_value=-0.1047525363309043 0.067674048850312835 0.023991360397571149 -0.037651245257901873 -0.09598798874233451 0.12300101399421692 0.047098863931993647 -0.047585350860442438 -0.12565186619758606 0.14158717691898345 -0.027793168336153029 0.022564778743567424 0.080158512592315684 -0.0609006656627906 0.05266928273591806
leaf_weight=13.999999999999998 11.999999999999998 68 10.999999999999998 13.999999999999998 9.9999999999999982 24 63 9.9999999999999982 9.9999999999999982 25 51 9.9999999999999982 19 22
leaf_count=14 12 68 11 14 10 24 63 10 10 25 51 10 19 22
internal_value=3.51876e-10 -0.00231364 -0.00863428 -0.00363184 0.0224867 -0.0131777 -0.0068425 -0.0149846 0.00640966 0.0217657 0.0420766 0.00627473 -0.00793369 0.0225624
internal_weight=363 351 283 269 72 197 183 159 96 86 61 62 52 33
internal_count=363 351 283 269 72 197 183 159 96 86 61 62 52 33
is_linear=0
shrinkage=0.05


Tree=58
num_leaves=15
num_cat=0
split_feature=0 0 3 2 0 0 4 0 1 1 1 0 3 4
split_gain=22.1277 45.8215 31.4482 43.8835 48.0444 24.4446 23.9406 28.8255 21.5476 30.3347 39.3298 39.9772 46.7565 57.7778
threshold=0.10540033244478106 0.12596242758667933 26.672181809273017 28.500000000000004 0.16987068353822704 0.21110711455464756 6.5000000000000009 0.44399541217732608 27.939723317798919 31.283543432267738 33.563474297677494 0.16124299808971335 3.1409726751223999 14.500000000000002
decision_type=2 2 2 2 2 2 2 2 2 2 2 2 2 2
left_child=-1 -2 6 5 -5 -4 -3 8 -8 -10 -11 -12 -13 -14
right_child=1 2 3 4 -6 -7 7 -9 9 10 11 12 13 -15
leaf_value=0.05252761016354749 -0.098886291310191166 -0.042784800245003272 -0.042519790430863694 -0.079620057176798556 0.057069073658850458 -0.14344180464744569 -0.01026351749082096 0.081324459186622081 0.059694040201914815 -0.044283960117692395 0.09525990867987276 0.074863458590375062 0.040081411830726124 -0.073482794997592776
leaf_weight=19 11.999999999999998 22 15.000000000000002 10.000000000000002 18 9.9999999999999982 100 13.999999999999998 36 28 15.999999999999998 18 21 24
leaf_count=19 12 22 15 10 18 10 100 14 36 28 16 18 21 24
internal_value=-1.4143e-10 -0.00290123 0.000568105 -0.0347391 0.00825153 -0.0828886 0.00727521 0.0115605 0.00754118 0.019992 0.00663432 0.0246813 0.00675658 -0.0204862
internal_weight=363 344 332 53 28 25 279 257 243 143 107 79 63 45
internal_count=363 344 332 53 28 25 279 257 243 143 107 79 63 45
is_linear=0
shrinkage=0.05


Tree=59
num_leaves=15
num_cat=0
split_feature=1 0 4 0 4 5 1 1 2 2 2 2 0 4
split_gain=22.6373 89.2939 34.0596 46.3699 42.867 42.9851 26.929 31.9344 46.2197 25.5311 28.8075 49.925 36.9852 34.882
threshold=43.171769130360381 0.16372825153660145 11.500000000000002 0.10540033244478106 7.5000000000000009 1.0000000180025095e-35 25.937891605395283 31.562526241220798 30.500000000000004 40.500000000000007 33.500000000000007 26.500000000000004 0.19121938185453405 17.500000000000004
decision_type=2 2 2 2 2 2 2 2 2 2 2 2 2 2
left_child=2 -2 3 -1 5 6 -5 8 -8 10 11 13 -12 -4
right_child=1 -3 9 4 -6 -7 7 -9 -10 -11 12 -13 -14 -15
leaf_value=0.082167489919811487 -0.16421959862113 0.0147478338169015 -0.028206041481588846 -0.013680804389770386 -0.04855039686762861 -0.065528149376897257 0.021450334448706015 -0.0033441352347532908 0.16997436225414275 0.075990049540996557 -0.073725849752755548 0.060498342373109651 0.033376792884830919 0.053894423610634283
leaf_weight=11.999999999999998 9.9999999999999982 23 46 27 70 17 11.000000000000002 14.999999999999998 9.9999999999999982 18 19 53 13.999999999999998 18
leaf_count=12 10 23 46 27 70 17 11 15 10 18 19 53 14 18
internal_value=3.95107e-11 -0.0394847 0.00394847 -0.0124095 -0.0199757 0.00502719 0.0240659 0.052376 0.0921761 0.0197223 0.0129701 0.0246071 -0.0282884 -0.00511529
internal_weight=363 33 330 162 150 80 63 36 21 168 150 117 33 64
internal_count=363 33 330 162 150 80 63 36 21 168 150 117 33 64
is_linear=0
shrinkage=0.05


Tree=60
num_leaves=15
num_cat=0
split_feature=1 0 4 0 4 5 1 4 2 3 1 0 0 1
split_gain=20.4302 80.5878 30.7388 41.8488 38.6875 38.7941 24.3034 30 23.0419 26.4734 59.6736 41.8268 39.7818 34.3705
threshold=43.171769130360381 0.16372825153660145 11.500000000000002 0.10540033244478106 7.5000000000000009 1.0000000180025095e-35 25.937891605395283 6.5000000000000009 40.500000000000007 6.3995348260672058 24.515584642364853 0.21671553631719517 0.18891306501877761 19.82184971540028
decision_type=2 2 2 2 2 2 2 2 2 2 2 2 2 2
left_child=2 -2 3 -1 5 6 -5 -8 9 10 13 -11 -12 -4
right_child=1 -3 8 4 -6 -7 7 -9 -10 11 12 -13 -14 -15
leaf_value=0.078059112715224421 -0.15600862056016923 0.014010442015917404 -0.026264502704143516 -0.012996764199946215 -0.046122876935904583 -0.062251740957007688 0.0041136077294747038 0.095400749478075253 0.072190547568930521 0.052389621455610429 -0.10524460708393771 -0.036457302048802376 -0.0082795485588056713 0.089348303940561091
leaf_weight=11.999999999999998 9.9999999999999982 23 10.000000000000002 27 70 17 18 18 18 60 17 17 28 18
leaf_count=12 10 23 10 27 70 17 18 18 18 60 17 17 28 18
internal_value=-2.74201e-10 -0.0375105 0.00375105 -0.011789 -0.0189769 0.00477583 0.0228626 0.0497572 0.0187361 0.0123216 -0.00925152 0.0327741 -0.0449108 0.048058
internal_weight=363 33 330 162 150 80 63 36 168 150 73 77 45 28
internal_count=363 33 330 162 150 80 63 36 168 150 73 77 45 28
is_linear=0
shrinkage=0.05


Tree=61
num_leaves=15
num_cat=0
split_feature=4 1 2 0 3 3 0 0 3 0 3 3 0 0
split_gain=18.8804 41.4272 29.8866 28.8526 18.8156 43.2076 32.9396 44.4352 32.0315 55.2066 58.0108 59.6374 38.808 45.8773
threshold=6.5000000000000009 31.562526241220798 27.500000000000004 0.44399541217732608 11.628055157923695 10.569099595347817 0.10540033244478106 0.14241435813816225 8.8401327676055441 0.15288386996083905 5.7787937871708071 5.3778425959746157 0.18430426923396026 0.19469509745675254
decision_type=2 2 2 2 2 2 2 2 2 2 2 2 2 2
left_child=1 2 -1 4 5 6 -2 -8 9 -9 11 12 -11 -14
right_child=3 -3 -4 -5 -6 -7 7 8 -10 10 -12 -13 13 -15
leaf_value=-0.047247327119112004 0.091288459599018101 -0.11522760533473708 0.062885784831914038 0.074009355689798093 -0.017118407341439535 0.090907124380270654 -0.074328019764078296 0.1088460896164179 -0.053046886660158638 -0.04360788722776554 0.074929940956644722 -0.1272890493273735 0.11121182592275243 0.0033086272756653757
leaf_weight=14.000000000000002 9.9999999999999982 10.999999999999998 10.999999999999998 13.999999999999998 101 14.999999999999998 19 13.999999999999998 20 33 24 9.9999999999999982 11.999999999999998 55
leaf_count=14 10 11 11 14 101 15 19 14 20 33 24 10 12 55
internal_value=1.73501e-10 -0.0343673 0.00121124 0.00378356 0.000642465 0.00910401 0.00287535 -0.00185262 0.006344 0.0143698 0.00449914 -0.0108676 0.000774561 0.0226346
internal_weight=363 36 25 327 313 212 197 187 168 148 134 110 100 67
internal_count=363 36 25 327 313 212 197 187 168 148 134 110 100 67
is_linear=0
shrinkage=0.05


Tree=62
num_leaves=15
num_cat=0
split_feature=1 0 1 2 1 1 1 3 0 0 4 4 1 4
split_gain=18.1116 72.7603 27.0327 18.6193 52.8866 31.6095 40.1132 28.1107 28.0812 25.85 36.3858 22.2347 21.8445 18.455
threshold=43.171769130360381 0.16372825153660145 41.701617533799812 26.500000000000004 30.621236653992103 21.825108049454268 21.292607122520348 1.4272395205449415 0.57093510892922505 0.1551028605827689 16.500000000000004 14.500000000000002 23.229002716043073 6.5000000000000009
decision_type=2 2 2 2 2 2 2 2 2 2 2 2 2 2
left_child=2 -2 3 4 5 6 9 -5 13 11 -11 -1 -7 -9
right_child=1 -3 -4 7 -6 12 -8 8 -10 10 -12 -13 -14 -15
leaf_value=0.096447698771953555 -0.14791420090943574 0.013637015126321629 0.07720013164604704 0.073191632637206253 -0.11268136476476986 -0.081397456143583569 0.10965687530961904 -0.062598720192909241 0.086296481834724548 -0.073612432841293721 0.035237475161972856 -0.0065669900178909309 -0.012248046816356722 0.0048696001717286521
leaf_weight=11.000000000000002 9.9999999999999982 23 11.999999999999998 17 11.999999999999998 13.999999999999998 10.999999999999998 10.999999999999998 9.9999999999999982 17.000000000000004 13.999999999999998 9.9999999999999982 62 129
leaf_count=11 10 23 12 17 12 14 11 11 10 17 14 10 62 129
internal_value=9.54734e-11 -0.0353179 0.00353179 0.000751853 -0.0119717 -0.00327734 0.022911 0.0122564 0.00535038 0.00456092 -0.0244544 0.0473931 -0.0249861 -0.000431482
internal_weight=363 33 330 318 151 139 63 167 150 52 31 21 76 140
internal_count=363 33 330 318 151 139 63 167 150 52 31 21 76 140
is_linear=0
shrinkage=0.05


Tree=63
num_leaves=15
num_cat=0
split_feature=4 0 4 3 2 3 1 0 1 3 0 1 1 3
split_gain=17.5081 17.4024 41.3349 20.5664 38.7278 35.8173 26.1262 35.2183 62.1978 30.7302 42.5179 20.5927 30.7786 21.413
threshold=18.500000000000004 0.24516384365908575 6.5000000000000009 3.6614854674731685 39.500000000000007 4.5124453830028095 20.90067866282261 0.17262606224361707 23.799386928528733 20.266641264116355 0.18543127245755314 47.104645492170057 30.621236653992103 0.92248558382639023
decision_type=2 2 2 2 2 2 2 2 2 2 2 2 2 2
left_child=1 2 -1 4 11 -5 -7 -8 -9 10 -10 12 13 -4
right_child=-2 -3 3 5 -6 6 7 8 9 -11 -12 -13 -14 -15
leaf_value=-0.091249750022377285 0.059388015108803906 0.020681864012251885 -0.035394581593573095 -0.088566941980804725 0.11104867622256279 0.043037243808309242 -0.041977772500277281 -0.11189068436622621 0.11209253072117767 -0.026829965308308602 0.015154052574349486 0.070723245963454251 -0.058319371154433808 0.050044881196861915
leaf_weight=13.999999999999998 11.999999999999998 68 10.999999999999998 13.999999999999998 9.9999999999999982 24 63 9.9999999999999982 14.999999999999998 25 46 9.9999999999999982 19 22
leaf_count=14 12 68 11 14 10 24 63 10 15 25 46 10 19 22
internal_value=-2.32189e-11 -0.00203036 -0.00748771 -0.00312835 0.0197403 -0.0114864 -0.00558955 -0.0129294 0.00613353 0.0198573 0.0389914 0.00501309 -0.00762348 0.0215651
internal_weight=363 351 283 269 72 197 183 159 96 86 61 62 52 33
internal_count=363 351 283 269 72 197 183 159 96 86 61 62 52 33
is_linear=0
shrinkage=0.05


Tree=64
num_leaves=15
num_cat=0
split_feature=1 1 1 2 1 0 3 0 3 3 1 1 1 2
split_gain=17.5035 67.5632 23.8135 16.3329 46.6284 28.9993 25.8046 24.7063 23.334 30.5824 41.9748 22.2521 24.3084 18.4189
threshold=43.171769130360381 47.104645492170057 41.701617533799812 26.500000000000004 30.621236653992103 0.138136334488209 1.4272395205449415 0.57093510892922505 2.9034249851394862 7.837362471693905 20.677458910471447 20.90067866282261 23.229002716043073 20.500000000000004
decision_type=2 2 2 2 2 2 2 2 2 2 2 2 2 2
left_child=2 -2 3 4 5 -1 -5 -8 13 10 -10 -11 -13 -7
right_child=1 -3 -4 6 -6 8 7 -9 9 11 -12 12 -14 -15
leaf_value=0.035739716514945029 -0.1130915821592013 0.030589659346474542 0.07261493077191214 0.070020250384421917 -0.1056174070884784 -0.016889795754104847 -0.00040211977304092477 0.080947562828660016 -0.048009920567274079 0.029285692394926 0.077451478950679303 -0.10930174860087308 -0.022008065082903566 -0.11285566481761636
leaf_weight=36 14.999999999999998 18 11.999999999999998 17 11.999999999999998 10.000000000000002 140 9.9999999999999982 10.000000000000002 12.999999999999998 20 10.999999999999998 29 9.9999999999999982
leaf_count=36 15 18 12 17 12 10 140 10 10 13 20 11 29 10
internal_value=-6.08054e-11 -0.03472 0.003472 0.000862832 -0.0110539 -0.00289017 0.0116379 0.00502119 -0.0163919 -0.00470974 0.035631 -0.0275441 -0.0460138 -0.0648727
internal_weight=363 33 330 318 151 139 167 150 103 83 30 53 40 20
internal_count=363 33 330 318 151 139 167 150 103 83 30 53 40 20
is_linear=0
shrinkage=0.05


Tree=65
num_leaves=15
num_cat=0
split_feature=4 1 0 2 4 3 3 1 3 0 1 3 0 3
split_gain=16.1677 37.9313 24.518 24.1405 15.6546 19.0876 37.5297 30.2025 34.2315 38.4685 46.0729 35.7452 38.4523 25.2484
threshold=6.5000000000000009 31.562526241220798 0.44399541217732608 27.500000000000004 18.500000000000004 3.6614854674731685 2.6007864582671623 21.825108049454268 4.5124453830028095 0.17262606224361707 23.42369568755861 20.266641264116355 0.18178920676927321 10.911498086901323
decision_type=2 2 2 2 2 2 2 2 2 2 2 2 2 2
left_child=1 3 4 -1 5 6 -2 -7 -9 13 -11 12 -12 -10
right_child=2 -3 -4 -5 -6 7 -8 8 9 10 11 -13 -14 -15
leaf_value=-0.041310132294893255 -0.0014126511397542525 -0.10917591357773 0.068237393775156571 0.057671173052354301 0.056608587875962263 0.028701213556563573 0.074763700535351585 -0.10000645940502484 -0.085337257676798367 -0.095867190510034561 0.12682262659072877 -0.03268226846479453 0.020523177329124065 -0.018963561447239236
leaf_weight=14.000000000000002 61 10.999999999999998 13.999999999999998 10.999999999999998 11.999999999999998 42 22 11.999999999999998 23 9.9999999999999982 9.9999999999999982 26 57 38
leaf_count=14 61 11 14 11 12 42 22 12 23 10 10 26 57 38
internal_value=-1.51115e-10 -0.0318026 0.0035012 0.00224164 0.000605656 -0.00162702 0.0187787 -0.00939616 -0.0184876 -0.0125228 0.00611298 0.0170786 0.0363888 -0.0439897
internal_weight=363 36 327 25 313 301 83 218 176 164 103 93 67 61
internal_count=363 36 327 25 313 301 83 218 176 164 103 93 67 61
is_linear=0
shrinkage=0.05


Tree=66
num_leaves=15
num_cat=0
split_feature=1 1 4 0 4 5 1 1 2 2 0 0 3 3
split_gain=15.6718 60.44 21.9305 36.1019 31.6354 27.1709 23.3423 25.721 36.9881 22.9851 65.8527 51.3847 69.9287 43.875
threshold=43.171769130360381 47.104645492170057 11.500000000000002 0.10540033244478106 7.5000000000000009 1.0000000180025095e-35 25.937891605395283 31.562526241220798 30.500000000000004 26.500000000000004 0.15288386996083905 0.20263218458347004 6.6837296898152374 3.8652597532926829
decision_type=2 2 2 2 2 2 2 2 2 2 2 2 2 2
left_child=2 -2 3 -1 5 6 -5 8 -8 -4 -11 12 13 -12
right_child=1 -3 9 4 -6 -7 7 -9 -10 10 11 -13 -14 -15
leaf_value=0.073610406865676256 -0.1069782586892446 0.028917942527267673 -0.0076331615404342306 -0.015044271173300566 -0.041064348514857039 -0.051132589490974656 0.018905591659925197 -0.0035502362251281744 0.15177172720432283 0.15243505438789728 -0.016191241145133966 0.058607610377172631 0.037931368074246817 -0.15187141922387212
leaf_weight=11.999999999999998 14.999999999999998 18 64 27 70 17 11.000000000000002 14.999999999999998 9.9999999999999982 9.9999999999999982 13.000000000000002 42 28 10.999999999999998
leaf_count=12 15 18 64 27 70 17 11 15 10 10 13 42 28 11
internal_value=-3.68424e-10 -0.0328531 0.00328531 -0.00984076 -0.0165169 0.0049622 0.0200989 0.0464563 0.0821752 0.0159426 0.0304507 0.0174737 -0.0157499 -0.078378
internal_weight=363 33 330 162 150 80 63 36 21 168 104 94 52 24
internal_count=363 33 330 162 150 80 63 36 21 168 104 94 52 24
is_linear=0
shrinkage=0.05


Tree=67
num_leaves=15
num_cat=0
split_feature=4 1 0 2 3 3 0 0 1 4 0 0 0 1
split_gain=15.243 32.3942 21.0131 19.8432 14.6321 38.4789 27.5408 35.1657 28.8233 41.8773 62.2425 38.7716 42.506 48.4311
threshold=6.5000000000000009 31.562526241220798 0.44399541217732608 27.500000000000004 11.628055157923695 10.569099595347817 0.10540033244478106 0.14241435813816225 27.061188289243734 14.500000000000002 0.15385512396650827 0.3226562617822667 0.18891306501877761 21.722439435253257
decision_type=2 2 2 2 2 2 2 2 2 2 2 2 2 2
left_child=1 3 4 -1 5 6 -2 -8 11 -10 -11 12 -9 -14
right_child=2 -3 -4 -5 -6 -7 7 8 9 10 -12 -13 13 -15
leaf_value=-0.038903825304337905 0.083146515786647807 -0.10238306966017595 0.063330271041819028 0.050835984132506631 -0.014943394451263812 0.085377888282140102 -0.066494615924985789 -0.066638733928694446 0.056027683992176613 0.10807786479592324 -0.027924334665514389 -0.10775167427279733 0.11012778214644639 -0.019550104563434922
leaf_weight=14.000000000000002 9.9999999999999982 10.999999999999998 13.999999999999998 10.999999999999998 101 14.999999999999998 19 17 47 9.9999999999999982 53 10.999999999999998 12.000000000000002 18
leaf_count=14 10 11 14 11 101 15 19 17 47 10 53 11 12 18
internal_value=-2.5451e-10 -0.0308798 0.00339961 0.000581691 0.000719002 0.0081808 0.00230285 -0.00202034 0.0052714 0.0203099 -0.00633668 -0.0232499 -0.00347291 0.0323211
internal_weight=363 36 327 25 313 212 197 187 168 110 63 58 47 30
internal_count=363 36 327 25 313 212 197 187 168 110 63 58 47 30
is_linear=0
shrinkage=0.05


Tree=68
num_leaves=15
num_cat=0
split_feature=1 0 4 0 4 5 2 0 0 3 1 3 4 1
split_gain=14.8445 55.2612 19.335 31.7774 27.2822 25.8861 20.9965 55.5782 45.977 61.9182 41.9332 39.0939 29.1004 38.5747
threshold=43.171769130360381 0.16372825153660145 11.500000000000002 0.11421914061704323 7.5000000000000009 1.0000000180025095e-35 26.500000000000004 0.15288386996083905 0.20263218458347004 6.6837296898152374 39.576542236382451 3.8652597532926829 17.500000000000004 24.515584642364853
decision_type=2 2 2 2 2 2 2 2 2 2 2 2 2 2
left_child=2 -2 3 -1 5 -5 12 -8 9 11 -11 -9 13 -4
right_child=1 -3 6 4 -6 -7 7 8 -10 10 -12 -13 -14 -15
leaf_value=0.065843511773989755 -0.13010082259774208 0.010689630537577299 0.0048968817541996642 0.018894926730787295 -0.038397587162575554 -0.0523226005025208 0.14101337060332297 -0.014631247004637346 0.055935957745948277 0.0853330547318739 -0.039954307675361636 -0.14270565753633327 0.046447236918740809 -0.09123771458398551
leaf_weight=12.999999999999998 9.9999999999999982 23 30 63 70 15.999999999999998 9.9999999999999982 13.000000000000002 42 17.000000000000004 10.999999999999998 10.999999999999998 18 15.999999999999998
leaf_count=13 10 23 30 63 70 16 10 13 42 17 11 11 18 16
internal_value=-2.16795e-10 -0.0319741 0.00319741 -0.00912745 -0.0156685 0.00447112 0.0150821 0.0289485 0.0170267 -0.0144001 0.036113 -0.073332 -0.00745073 -0.0285412
internal_weight=363 33 330 162 149 79 168 104 94 52 28 24 64 46
internal_count=363 33 330 162 149 79 168 104 94 52 28 24 64 46
is_linear=0
shrinkage=0.05


Tree=69
num_leaves=15
num_cat=0
split_feature=4 1 0 2 3 3 3 3 3 2 2 4 2 1
split_gain=13.8796 29.0431 18.1881 17.3758 12.6882 33.5371 26.5682 26.4089 29.645 77.4271 35.7238 21.8045 20.052 17.9524
threshold=6.5000000000000009 31.562526241220798 0.44399541217732608 27.500000000000004 11.628055157923695 10.569099595347817 8.8401327676055441 6.6034504521373156 5.5155840689011564 25.500000000000004 40.500000000000007 15.500000000000002 24.500000000000004 39.576542236382451
decision_type=2 2 2 2 2 2 2 2 2 2 2 2 2 2
left_child=1 3 4 -1 5 6 7 8 10 -10 -2 13 -9 -6
right_child=2 -3 -4 -5 11 -7 -8 12 9 -11 -12 -13 -14 -15
leaf_value=-0.036625961320740828 0.0005809863981116435 -0.097170396504754383 0.059000887189592635 0.047349438071250916 -0.012527031428499581 0.079768215616544097 -0.049576521021398631 0.11076143816113469 0.042345397174358354 -0.15441225662827493 0.087987294220007395 0.0466089373597732 0.020505563193000856 -0.072584341118733089
leaf_weight=14.000000000000002 116 10.999999999999998 13.999999999999998 10.999999999999998 73 14.999999999999998 22 10.000000000000002 10.000000000000002 9.9999999999999982 12.999999999999998 12.999999999999998 15.999999999999998 14.999999999999998
leaf_count=14 116 11 14 11 73 15 22 10 10 10 13 13 16 15
internal_value=3.02744e-11 -0.0294665 0.00324402 0.000323214 0.000750101 0.0076986 0.00221107 0.00872151 0.00060779 -0.0560334 0.00938937 -0.0138349 0.0552194 -0.0227641
internal_weight=363 36 327 25 313 212 197 175 149 20 129 101 26 88
internal_count=363 36 327 25 313 212 197 175 149 20 129 101 26 88
is_linear=0
shrinkage=0.05


Tree=70
num_leaves=15
num_cat=0
split_feature=1 1 2 3 1 1 4 1 1 2 0 0 3 0
split_gain=13.0217 52.4524 19.619 67.459 32.6021 27.1938 83.1007 48.1354 60.6952 34.4646 25.0488 24.1671 26.5443 23.9702
threshold=43.171769130360381 47.104645492170057 40.500000000000007 5.5770018706733584 39.576542236382451 33.429039471018349 14.500000000000002 31.283543432267738 30.044625459953725 32.500000000000007 0.138136334488209 0.18430426923396026 2.3013659846084087 0.3795318053144498
decision_type=2 2 2 2 2 2 2 2 2 2 2 2 2 2
left_child=2 -2 4 -4 5 7 9 8 10 -7 -1 -12 -13 -14
right_child=1 -3 3 -5 -6 6 -8 -9 -10 -11 11 12 13 -15
leaf_value=0.032650591910649569 -0.099000440339247389 0.027597884005970425 0.14616971909999843 -0.021484443247318269 -0.072373702128728234 0.046518862104186633 -0.062112538951138656 -0.059797194798011336 0.080891960114240657 0.1699852953851223 -0.043102646064427166 0.05411408702401739 0.0010207115277600816 -0.064428395909421593
leaf_weight=39 14.999999999999998 18 10.000000000000002 14.999999999999998 14.999999999999998 13.000000000000002 11.999999999999998 32 24 9.9999999999999982 45 19 79 17
leaf_count=39 15 18 10 15 15 13 12 32 24 10 45 19 79 17
internal_value=-9.45434e-11 -0.0299468 0.00299468 0.0455772 -0.000495691 0.00322214 0.0445499 -0.00245031 0.00577884 0.1002 -0.00328002 -0.0120381 0.000117575 -0.0105692
internal_weight=363 33 330 25 305 290 35 255 223 23 199 160 115 96
internal_count=363 33 330 25 305 290 35 255 223 23 199 160 115 96
is_linear=0
shrinkage=0.05


Tree=71
num_leaves=15
num_cat=0
split_feature=4 2 1 1 2 4 4 0 3 0 1 1 0 4
split_gain=12.1503 11.3394 43.5931 34.7996 27.6046 43.3778 53.0911 38.4471 32.9365 29.9215 44.7972 22.3632 18.8436 26.6971
threshold=18.500000000000004 26.500000000000004 21.825108049454268 21.292607122520348 33.500000000000007 12.500000000000002 16.500000000000004 0.22046593595002537 2.827469085421924 0.20263218458347004 27.599451271789544 30.621236653992103 0.1551028605827689 16.500000000000004
decision_type=2 2 2 2 2 2 2 2 2 2 2 2 2 2
left_child=1 2 3 12 5 8 -7 -8 -3 -10 -11 -4 -1 -14
right_child=-2 4 11 -5 -6 6 7 -9 9 10 -12 -13 13 -15
leaf_value=0.038781711672033585 0.04947361890226603 0.056685577332973483 -0.024190109953756485 0.10009995512664319 -0.012915706382405879 0.12216431625187396 -0.050733635729799657 0.082012719511985785 -0.068591813618938124 -0.061129023270173492 0.075969630981294015 -0.093333915088857924 -0.064668733769041642 0.028569614887237551
leaf_weight=21 11.999999999999998 17 71 10.999999999999998 99 20 12.000000000000002 9.9999999999999982 21 11.000000000000002 12.999999999999998 13.999999999999998 17.000000000000004 13.999999999999998
leaf_count=21 12 17 71 11 99 20 12 10 21 11 13 14 17 14
internal_value=8.18435e-11 -0.00169141 -0.0122166 0.0193035 0.00598211 0.0239714 0.063205 0.00960562 -0.00260625 -0.0250054 0.0131327 -0.0355785 0.00221196 -0.0225611
internal_weight=363 351 148 63 203 104 42 22 62 45 24 85 52 31
internal_count=363 351 148 63 203 104 42 22 62 45 24 85 52 31
is_linear=0
shrinkage=0.05


Tree=72
num_leaves=15
num_cat=0
split_feature=4 1 0 2 2 0 2 2 0 0 0 3 4 3
split_gain=11.9381 26.8597 16.1136 15.2241 11.1226 67.9055 35.6481 16.4164 45.5615 41.0971 18.8485 23.0094 13.9885 13.7486
threshold=6.5000000000000009 31.562526241220798 0.44399541217732608 27.500000000000004 40.500000000000007 0.16263780443994127 38.500000000000007 30.500000000000004 0.16531552498450866 0.15288386996083905 0.19074383441292053 3.1409726751223999 12.500000000000002 12.713098910675667
decision_type=2 2 2 2 2 2 2 2 2 2 2 2 2 2
left_child=1 3 4 -1 6 -6 7 -2 9 -9 12 -12 -10 -13
right_child=2 -3 -4 -5 5 -7 -8 8 10 -11 11 13 -14 -15
leaf_value=-0.033265682043773781 -0.0064981772179237094 -0.092437197674404503 0.055489465274981088 0.045338395644317978 0.13599436640739435 -0.023581796512007716 -0.077417160173257199 0.020964328510065869 0.1083822268460478 -0.11628057840280236 0.073438779264688489 -0.048715336434543122 0.036354219168424608 0.030666275024414064
leaf_weight=14.000000000000002 185 10.999999999999998 13.999999999999998 10.999999999999998 10.000000000000002 20 14.999999999999998 12.000000000000002 14.000000000000002 9.9999999999999982 11.999999999999998 12.000000000000002 12.999999999999998 9.9999999999999982
leaf_count=14 185 11 14 11 10 20 15 12 14 10 12 12 13 10
internal_value=-1.75874e-10 -0.027328 0.00300858 0.00132011 0.000661194 0.0296103 -0.00240761 0.00179068 0.0202659 -0.0414197 0.0425131 0.0177454 0.0737021 -0.0126328
internal_weight=363 36 327 25 313 30 283 268 83 22 61 34 27 22
internal_count=363 36 327 25 313 30 283 268 83 22 61 34 27 22
is_linear=0
shrinkage=0.05


Tree=73
num_leaves=15
num_cat=0
split_feature=1 0 1 3 3 1 2 2 1 3 1 3 0 4
split_gain=12.1126 50.9301 22.033 10.6369 37.6131 17.9031 19.3075 32.3277 43.7099 50.3437 29.4153 25.0672 20.9603 20.7203
threshold=43.171769130360381 0.16372825153660145 41.701617533799812 1.4737196595461541 0.84467134774562835 38.869465940368364 29.500000000000004 39.500000000000007 30.044625459953725 11.312248473080365 21.825108049454268 4.7427984904876892 0.1551028605827689 17.500000000000004
decision_type=2 2 2 2 2 2 2 2 2 2 2 2 2 2
left_child=2 -2 3 4 -1 6 10 8 -8 11 12 -10 -5 -12
right_child=1 -3 -4 5 -6 -7 7 -9 9 -11 13 -13 -14 -15
leaf_value=-0.012642212025821206 -0.12308549873530866 0.012075210160211377 0.069396071694791325 0.053994298291703074 0.10246666182171216 -0.05580494463443756 -0.014368360664914637 -0.042110089291083189 0.075268559623509645 0.13582833389441171 -0.03415095702976613 -0.0069828883152116428 -0.0066731113035764017 0.033196983085228851
leaf_weight=20.000000000000004 9.9999999999999982 23 11.999999999999998 24 10.999999999999998 14.999999999999998 34 19 15.999999999999998 14.999999999999998 94 22 35 12.999999999999998
leaf_count=20 10 23 12 24 11 15 34 19 16 15 94 22 35 13
internal_value=3.29699e-10 -0.0288826 0.00288826 0.00037853 0.0282029 -0.00262689 0.000305726 0.0169762 0.0298802 0.058266 -0.0103393 0.0276493 0.0180052 -0.0259685
internal_weight=363 33 330 318 31 287 272 106 87 53 166 38 59 107
internal_count=363 33 330 318 31 287 272 106 87 53 166 38 59 107
is_linear=0
shrinkage=0.05


Tree=74
num_leaves=15
num_cat=0
split_feature=2 0 2 0 1 1 1 0 3 0 2 1 1 1
split_gain=12.785 60.327 46.0077 13.416 70.6042 31.9808 43.8816 42.8324 24.321 29.9175 27.7721 21.6385 23.2985 18.1986
threshold=40.500000000000007 0.16263780443994127 37.500000000000007 0.16263780443994127 31.160350471501008 30.044625459953725 31.283543432267738 0.18178920676927321 26.672181809273017 0.21509200852515706 32.500000000000007 23.229002716043073 22.449026196348189 22.846610087054945
decision_type=2 2 2 2 2 2 2 2 2 2 2 2 2 2
left_child=2 -2 3 4 13 8 -7 -8 10 -10 11 12 -5 -1
right_child=1 -3 -4 5 -6 6 7 -9 9 -11 -12 -13 -14 -15
leaf_value=0.034918806434143336 0.13219908118247986 -0.014903090375921 -0.078499441282627619 0.003704011586268206 -0.10642809731447522 0.098384804631534373 0.091705586867673064 -0.0055752663992511076 -0.0059881810364978642 -0.11922146711498499 -0.077142996490001683 0.031800586742314473 -0.082312469184398662 -0.01725084641150066
leaf_weight=32 9.9999999999999982 23 19 37 17 19 13.999999999999998 59 14.000000000000002 9.9999999999999982 9.9999999999999982 54 9.9999999999999982 35
leaf_count=32 10 23 19 37 17 19 14 59 14 10 10 54 10 35
internal_value=-2.39902e-10 0.0296733 -0.00296733 0.00164717 -0.0154245 0.00796443 0.0306984 0.0130813 -0.00752832 -0.0531687 0.00233987 0.0102095 -0.0145974 0.007666
internal_weight=363 33 330 311 84 227 92 73 135 24 111 101 47 67
internal_count=363 33 330 311 84 227 92 73 135 24 111 101 47 67
is_linear=0
shrinkage=0.05


Tree=75
num_leaves=15
num_cat=0
split_feature=2 0 2 0 1 1 1 0 3 0 2 0 1 1
split_gain=11.5384 54.4452 41.5219 12.108 63.7203 28.8626 39.6031 38.6562 21.9497 27.0005 25.0643 20.0457 21.1505 26.994
threshold=40.500000000000007 0.16263780443994127 37.500000000000007 0.16263780443994127 31.160350471501008 30.044625459953725 31.283543432267738 0.18178920676927321 26.672181809273017 0.21509200852515706 32.500000000000007 0.44399541217732608 23.42369568755861 21.825108049454268
decision_type=2 2 2 2 2 2 2 2 2 2 2 2 2 2
left_child=2 -2 3 4 -1 8 -7 -8 10 -10 11 12 13 -5
right_child=1 -3 -4 5 -6 6 7 -9 9 -11 -12 -13 -14 -15
leaf_value=0.0072827027582410553 0.12558913379907607 -0.014157936268526575 -0.074574469676927518 0.0055060602433513852 -0.10110669422566015 0.093465565929287356 0.087120308208146272 -0.0052965025752940674 -0.0056887717917561524 -0.11326039865612986 -0.073285844773054123 0.070362091064453125 0.027892992284330655 -0.074034630949608979
leaf_weight=67 9.9999999999999982 23 19 32 17 19 13.999999999999998 59 14.000000000000002 9.9999999999999982 9.9999999999999982 11.999999999999998 41 15.999999999999998
leaf_count=67 10 23 19 32 17 19 14 59 14 10 10 12 41 16
internal_value=-1.42713e-10 0.0281897 -0.00281897 0.00156481 -0.0146532 0.00756621 0.0291634 0.0124273 -0.00715191 -0.0505103 0.00222288 0.00969899 0.00151969 -0.0210075
internal_weight=363 33 330 311 84 227 92 73 135 24 111 101 89 48
internal_count=363 33 330 311 84 227 92 73 135 24 111 101 89 48
is_linear=0
shrinkage=0.05


Tree=76
num_leaves=15
num_cat=0
split_feature=1 0 1 2 2 3 0 4 3 1 4 4 1 3
split_gain=11.4807 48.3417 20.1989 10.0476 32.3298 24.2502 15.858 20.84 17.2357 25.1511 28.0192 61.0739 54.0978 45.2363
threshold=43.171769130360381 0.16372825153660145 41.701617533799812 26.500000000000004 25.500000000000004 9.3396239316057077 0.57093510892922505 6.5000000000000009 1.4272395205449415 39.576542236382451 14.500000000000002 11.500000000000002 31.283543432267738 5.5770018706733584
decision_type=2 2 2 2 2 2 2 2 2 2 2 2 2 2
left_child=2 -2 3 4 -1 -6 7 -5 -9 10 11 13 -12 -10
right_child=1 -3 -4 6 5 -7 -8 8 9 -11 12 -13 -14 -15
leaf_value=0.00061655065131395372 -0.11989684415981175 0.011784368947796199 0.06649141382270804 -0.058351614512503147 -0.12246588990092273 -0.017039795592427253 0.069910178147256377 0.059160057501867418 0.062163913805339047 -0.072019038945436473 0.045823923888660613 0.10030321472070435 -0.057455306900374127 -0.041955941018682941
leaf_weight=129 9.9999999999999982 23 11.999999999999998 11.999999999999998 10.000000000000002 11.999999999999998 9.9999999999999982 15.999999999999998 17 9.9999999999999982 21 22 32 27
leaf_count=129 10 23 12 12 10 12 10 16 17 10 21 22 32 27
internal_value=-8.88028e-11 -0.028119 0.0028119 0.000408902 -0.00893776 -0.0649607 0.00886007 0.00497153 0.0102121 0.004141 0.010541 0.0322825 -0.0165333 -0.00172782
internal_weight=363 33 330 318 151 22 167 157 145 129 119 66 53 44
internal_count=363 33 330 318 151 22 167 157 145 129 119 66 53 44
is_linear=0
shrinkage=0.05


Tree=77
num_leaves=15
num_cat=0
split_feature=2 0 2 1 1 1 1 1 0 0 3 3 0 1
split_gain=12.331 49.5575 35.349 10.5377 42.5506 41.9102 27.6389 35.5634 19.4776 21.58 25.7261 20.3383 19.7295 17.6309
threshold=40.500000000000007 0.16263780443994127 37.500000000000007 38.309918648995463 33.429039471018349 42.413765175921171 31.283543432267738 30.044625459953725 0.138136334488209 0.18178920676927321 7.2281644020070717 2.3013659846084087 0.3795318053144498 23.229002716043073
decision_type=2 2 2 2 2 2 2 2 2 2 2 2 2 2
left_child=2 -2 3 4 6 -5 7 8 -1 10 -10 -11 13 -13
right_child=1 -3 -4 5 -6 -7 -8 -9 9 11 -12 12 -14 -15
leaf_value=0.029025751782151374 0.1220665740221739 -0.011260366488410079 -0.069121343436601909 -0.1006016231297205 0.066655820421874526 0.013840173479790489 -0.048570885615689417 0.06301045806511589 -0.084136950499133056 0.048095638824528775 -0.0062599588845235607 -0.027016426576301458 -0.057398324503618127 0.020701000099640571
leaf_weight=39 9.9999999999999982 23 19 11.999999999999998 25 24 28 23 19 19 24 32 17 49
leaf_count=39 10 23 19 12 25 24 28 23 19 19 24 32 17 49
internal_value=-1.57594e-10 0.0291417 -0.00291417 0.00113064 0.00446067 -0.0243071 -0.00175885 0.00414537 -0.00265813 -0.0103811 -0.0406707 0.000751017 -0.00842804 0.00184967
internal_weight=363 33 330 311 275 36 250 222 199 160 43 117 98 81
internal_count=363 33 330 311 275 36 250 222 199 160 43 117 98 81
is_linear=0
shrinkage=0.05


Tree=78
num_leaves=15
num_cat=0
split_feature=2 0 2 1 1 1 2 1 1 0 0 3 3 2
split_gain=11.1287 44.7257 31.9025 9.81109 38.7385 32.9718 29.9318 24.9441 32.096 17.5785 19.5879 21.7835 18.3872 16.8795
threshold=40.500000000000007 0.16263780443994127 37.500000000000007 47.104645492170057 38.869465940368364 33.429039471018349 32.500000000000007 31.283543432267738 30.044625459953725 0.138136334488209 0.18430426923396026 7.2281644020070717 26.672181809273017 19.500000000000004
decision_type=2 2 2 2 2 2 2 2 2 2 2 2 2 2
left_child=2 -2 3 4 5 7 -7 8 9 -1 11 -11 13 -12
right_child=1 -3 -4 -5 -6 6 -8 -9 -10 10 12 -13 -14 -15
leaf_value=0.027574465930079801 0.11596323834732175 -0.010697345160271812 -0.065665275760387123 0.041977810646806446 -0.068056963123381151 0.01611313515287988 0.12512998655438423 -0.046142341994813513 0.05985993328301803 -0.076723020821809776 0.050846260376274592 -0.0067138480506837364 -0.043858944742303146 -0.00077923775932408484
leaf_weight=39 9.9999999999999982 23 19 13.999999999999998 20 17.000000000000004 9.9999999999999982 28 23 20 20 25 19 76
leaf_count=39 10 23 19 14 20 17 10 28 23 20 20 25 19 76
internal_value=2.36936e-10 0.0276846 -0.00276846 0.00107411 -0.000854015 0.00399818 0.0564897 -0.00167091 0.0039381 -0.00252522 -0.00986202 -0.037829 0.00108159 0.00997607
internal_weight=363 33 330 311 297 277 27 250 222 199 160 45 115 96
internal_count=363 33 330 311 297 277 27 250 222 199 160 45 115 96
is_linear=0
shrinkage=0.05


Tree=79
num_leaves=15
num_cat=0
split_feature=1 0 1 2 1 1 1 1 0 4 0 1 0 2
split_gain=11.3548 45.9571 19.7005 9.11612 30.23 16.4712 29.8227 14.2465 13.5335 18.1246 14.9751 27.2538 28.8427 40.5578
threshold=43.171769130360381 0.16372825153660145 41.701617533799812 26.500000000000004 30.323500659777761 21.825108049454268 21.292607122520348 23.229002716043073 0.57093510892922505 6.5000000000000009 0.20437523707108782 28.787458631511139 0.16124299808971335 35.500000000000007
decision_type=2 2 2 2 2 2 2 2 2 2 2 2 2 2
left_child=2 -2 3 4 5 6 -1 -7 9 -5 11 -11 -13 -14
right_child=1 -3 -4 8 -6 7 -8 -9 -10 10 -12 12 13 -15
leaf_value=0.0016394118178420917 -0.11745007567107678 0.010942302676646608 0.065685364091768866 -0.054172920063138008 -0.078463364578783515 -0.06274178677371571 0.092257628318938356 -0.0067272158898413177 0.064871628433465958 -0.070240629407075747 0.029167815708255364 0.067657504417002204 0.039403007458895446 -0.045593258098233495
leaf_weight=52 9.9999999999999982 23 11.999999999999998 11.999999999999998 13.999999999999998 13.999999999999998 10.999999999999998 60 9.9999999999999982 12.999999999999998 59 15.999999999999998 25 32
leaf_count=52 10 23 12 12 14 14 11 60 10 13 59 16 25 32
internal_value=3.7843e-11 -0.0279645 0.00279645 0.000423281 -0.00847961 -0.00132799 0.0174616 -0.0173246 0.0084732 0.00488095 0.00976817 -0.0035409 0.00833714 -0.00831419
internal_weight=363 33 330 318 151 137 63 74 167 157 145 86 73 57
internal_count=363 33 330 318 151 137 63 74 167 157 145 86 73 57
is_linear=0
shrinkage=0.05


Tree=80
num_leaves=15
num_cat=0
split_feature=2 3 2 0 0 0 3 3 2 0 1 3 1 0
split_gain=11.2079 42.8247 27.4889 26.8231 9.4043 26.5213 16.3412 16.9027 10.9496 27.4436 20.4721 20.24 17.3056 29.1968
threshold=40.500000000000007 4.4018140353725554 37.500000000000007 0.17149003590029369 0.58188918547082713 0.44399541217732608 0.84467134774562835 1.7533887276724069 30.500000000000004 0.17262606224361707 21.825108049454268 4.1641866984691385 23.229002716043073 0.14775062835504757
decision_type=2 2 2 2 2 2 2 2 2 2 2 2 2 2
left_child=2 -2 4 -3 5 6 -1 -8 10 -10 11 -9 -12 -14
right_child=1 3 -4 -5 -6 -7 7 8 9 -11 12 -13 13 -15
leaf_value=-0.047363872215565705 0.11416510179638864 0.046622252616692658 -0.061162478202267702 -0.061471616779454057 -0.046913372427225118 0.063035650113049679 0.051683679164852947 -0.043849282112734561 -0.030233718309065571 0.035760008255019786 -0.064847417858739695 0.031810842379927637 -0.06768338366558678 0.00095067223689208424
leaf_weight=18 9.9999999999999982 11.000000000000002 19 11.999999999999998 9.9999999999999982 17 15.999999999999998 10.999999999999998 23 50 18 45 19 84
leaf_count=18 10 11 19 12 10 17 16 11 23 50 18 45 19 84
internal_value=4.30448e-10 0.0277829 -0.00277829 -0.00977455 0.000788588 0.00237337 -0.00125782 0.00186214 -0.00132644 0.0149675 -0.00804653 0.016949 -0.0196147 -0.01171
internal_weight=363 33 330 23 311 301 284 266 250 73 177 56 121 103
internal_count=363 33 330 23 311 301 284 266 250 73 177 56 121 103
is_linear=0
shrinkage=0.05


Tree=81
num_leaves=15
num_cat=0
split_feature=1 0 2 1 1 1 4 1 2 1 2 2 3 2
split_gain=10.5499 41.996 17.8311 48.5988 21.2065 18.8024 57.6225 33.7703 28.3788 11.4546 38.553 34.9007 17.045 13.0158
threshold=43.171769130360381 0.16372825153660145 40.500000000000007 39.576542236382451 39.576542236382451 33.429039471018349 14.500000000000002 32.282707802799457 32.500000000000007 30.044625459953725 30.500000000000004 33.500000000000007 57.026840546185205 33.500000000000007
decision_type=2 2 2 2 2 2 2 2 2 2 2 2 2 2
left_child=2 -2 4 -4 5 7 8 9 -7 12 -11 -12 13 -1
right_child=1 -3 3 -5 -6 6 -8 -9 -10 10 11 -13 -14 -15
leaf_value=0.0044391731550064628 -0.11249740989878775 0.010237235575914383 -0.013628819584846495 0.12867184650152921 -0.058602686872084933 0.034359996491828214 -0.052087643928825859 -0.070432092139826097 0.14639639884233477 -0.039140636154583526 0.1368462380766868 0.016256213138500852 -0.065960178002715114 -0.049370294289352995
leaf_weight=177 9.9999999999999982 23 15.000000000000002 9.9999999999999982 14.999999999999998 13.000000000000002 11.999999999999998 17 9.9999999999999982 13.999999999999998 10.000000000000002 14.999999999999998 9.9999999999999982 11.999999999999998
leaf_count=177 10 23 15 10 15 13 12 17 10 14 10 15 10 12
internal_value=-4.26086e-10 -0.0269551 0.00269551 0.0432914 -0.000632028 0.00236645 0.0367312 -0.00235028 0.0830715 0.00251271 0.0272907 0.0644922 -0.00234327 0.0010227
internal_weight=363 33 330 25 305 290 35 255 23 238 39 25 199 189
internal_count=363 33 330 25 305 290 35 255 23 238 39 25 199 189
is_linear=0
shrinkage=0.05


Tree=82
num_leaves=15
num_cat=0
split_feature=2 0 2 0 0 3 3 0 3 1 1 1 4 1
split_gain=9.6244 38.8814 23.6751 9.11451 23.6224 14.037 15.5256 24.269 16.0484 15.816 32.8869 27.9222 22.827 26.2699
threshold=40.500000000000007 0.16263780443994127 37.500000000000007 0.58188918547082713 0.44399541217732608 0.84467134774562835 2.0844848905668085 0.19521743906267966 2.6007864582671623 38.309918648995463 33.822575691797404 42.413765175921171 17.500000000000004 31.160350471501008
decision_type=2 2 2 2 2 2 2 2 2 2 2 2 2 2
left_child=2 -2 3 4 5 -1 7 -7 -8 10 12 -11 13 -10
right_child=1 -3 -4 -5 -6 6 8 -9 9 11 -12 -13 -14 -15
leaf_value=-0.043863071294294467 0.10805478908121587 -0.01004096120595932 -0.056757479308075037 -0.046225613057613378 0.059546824939110704 0.094871148467063876 -0.061286849799481305 -0.0016054025385528804 0.0011743675506869821 -0.092303926621874144 0.071995961874285169 0.0085918413853505633 0.06315279118716717 -0.062705717691116866
leaf_weight=18 9.9999999999999982 23 19 9.9999999999999982 17 11.000000000000002 10.999999999999998 15.999999999999998 152 12.000000000000002 17 15.999999999999998 12.999999999999998 18
leaf_count=18 10 23 19 10 17 11 11 16 152 12 17 16 13 18
internal_value=1.66124e-10 0.0257456 -0.00257456 0.000735648 0.00229582 -0.00113117 0.00176046 0.0376999 -0.00229964 0.000546232 0.00547359 -0.0346492 -0.000706081 -0.00558941
internal_weight=363 33 330 311 301 284 266 27 239 228 200 28 183 170
internal_count=363 33 330 311 301 284 266 27 239 228 200 28 183 170
is_linear=0
shrinkage=0.05


Tree=83
num_leaves=15
num_cat=0
split_feature=1 0 1 3 0 0 3 1 2 4 2 1 1 3
split_gain=9.65587 39.2187 19.0403 8.43485 8.05369 20.3595 17.9389 9.34457 13.1462 17.9211 21.8089 18.7184 14.2089 19.3071
threshold=43.171769130360381 0.16372825153660145 41.701617533799812 2.9034249851394862 0.58188918547082713 0.42313774298843893 4.1641866984691385 38.869465940368364 30.500000000000004 7.5000000000000009 33.500000000000007 29.082647501496133 21.825108049454268 4.1641866984691385
decision_type=2 2 2 2 2 2 2 2 2 2 2 2 2 2
left_child=2 -2 4 -3 5 7 -7 8 12 -10 11 -11 13 -1
right_child=1 3 -4 -5 -6 6 -8 -9 9 10 -12 -13 -14 -15
leaf_value=-0.030297198048547698 -0.10845302976667881 0.0446773862838745 0.064405094591590259 -0.016402865029298341 -0.043914333134889606 0.097488696724176371 0.0068135629718502361 -0.040301346903045973 0.076166086305271496 -0.00741338938474655 -0.012016570614650847 0.080900372937321663 -0.01708224709978615 0.0298112490048839
leaf_weight=19 9.9999999999999982 10.000000000000002 11.999999999999998 12.999999999999998 9.9999999999999982 10.000000000000002 11.999999999999998 14.999999999999998 10.999999999999998 10.000000000000002 48 14.999999999999998 123 45
leaf_count=19 10 10 12 13 10 10 12 15 11 10 48 15 123 45
internal_value=-1.32258e-10 -0.0257877 0.00257877 0.0101538 0.0002457 0.00167947 0.0480295 -0.00188592 0.000240392 0.0166715 0.00770652 0.0455749 -0.00714041 0.0119666
internal_weight=363 33 330 23 318 308 22 286 271 84 73 25 187 64
internal_count=363 33 330 23 318 308 22 286 271 84 73 25 187 64
is_linear=0
shrinkage=0.05


Tree=84
num_leaves=15
num_cat=0
split_feature=2 3 0 1 1 2 1 4 1 2 1 3 2 0
split_gain=9.59036 37.3408 24.28 20.7614 44.1224 27.141 15.9053 49.2022 28.4768 26.521 11.3117 37.9637 43.8438 16.1854
threshold=40.500000000000007 4.4018140353725554 0.17149003590029369 39.576542236382451 47.104645492170057 31.500000000000004 33.429039471018349 14.500000000000002 32.282707802799457 32.500000000000007 30.044625459953725 3.6614854674731685 30.500000000000004 0.138136334488209
decision_type=2 2 2 2 2 2 2 2 2 2 2 2 2 2
left_child=3 -2 -3 6 5 -5 8 9 10 -8 13 -12 -13 -1
right_child=1 2 -4 4 -6 -7 7 -9 -10 -11 11 12 -14 -15
leaf_value=0.026271956738753197 0.10636205315589904 0.044286421652544622 -0.058555756804222862 -0.016302241384983058 0.027977072494104506 -0.12415329193962472 0.029425095566190197 -0.048378835059702398 -0.064769128126585307 0.13773225352168084 -0.057169904932379723 -0.028936212658882132 0.10040779939215434 -0.0096505475937738103
leaf_weight=39 9.9999999999999982 11.000000000000002 11.999999999999998 10.000000000000002 15.999999999999998 13.999999999999998 13.000000000000002 11.999999999999998 17 9.9999999999999982 9.9999999999999982 10.000000000000002 19 160
leaf_count=39 10 11 12 10 16 14 13 12 17 10 10 10 19 160
internal_value=9.92898e-11 0.0257001 -0.00937037 -0.00257001 -0.0363384 -0.0792154 0.0020877 0.0336944 -0.00225047 0.0765152 0.00221515 0.0268381 0.0558064 -0.00261046
internal_weight=363 33 23 330 40 24 290 35 255 23 238 39 29 199
internal_count=363 33 23 330 40 24 290 35 255 23 238 39 29 199
is_linear=0
shrinkage=0.05


Tree=85
num_leaves=15
num_cat=0
split_feature=1 0 1 0 3 3 1 3 3 3 0 0 3 1
split_gain=8.74615 35.5595 18.2802 7.58003 7.49912 29.8322 11.1256 24.8959 21.9337 31.0855 24.6449 26.2126 21.9123 11.1258
threshold=43.171769130360381 0.16372825153660145 41.701617533799812 0.19469509745675254 1.4737196595461541 0.84467134774562835 35.674551556447689 7.2281644020070717 2.5304493958105314 3.1409726751223999 0.57834252654114304 0.3795318053144498 14.668471226969872 22.985795441746912
decision_type=2 2 2 2 2 2 2 2 2 2 2 2 2 2
left_child=2 -2 4 -3 5 -1 8 -8 13 -10 11 -11 -9 -6
right_child=1 3 -4 -5 6 -7 7 12 9 10 -12 -13 -14 -15
leaf_value=-0.012844950109720227 -0.10325731193646788 0.03485583502512711 0.063033916785692187 -0.023046707697212697 -0.0039825359190052197 0.08966876017776404 -0.083628574959360644 0.058308383226394637 0.071336309480316495 0.0015688698857550837 0.07762087028473616 -0.077841404351321142 -0.041906992749621473 -0.070185914834340418
leaf_weight=20.000000000000004 9.9999999999999982 13.000000000000002 11.999999999999998 9.9999999999999982 11.000000000000002 10.999999999999998 12.999999999999998 10.000000000000002 17 188 9.9999999999999982 10.999999999999998 11.999999999999998 14.999999999999998
leaf_count=20 10 13 12 10 11 11 13 10 17 188 10 11 12 15
internal_value=-2.69912e-10 -0.0245429 0.00245429 0.00968082 0.000168262 0.0235309 -0.00235523 -0.0287706 0.00131358 0.00631689 0.00102823 -0.00282064 0.00364545 -0.0421768
internal_weight=363 33 330 23 318 31 287 35 252 226 209 199 22 26
internal_count=363 33 330 23 318 31 287 35 252 226 209 199 22 26
is_linear=0
shrinkage=0.05


Tree=86
num_leaves=15
num_cat=0
split_feature=2 0 2 0 0 3 3 0 4 2 1 1 1 0
split_gain=9.78167 34.2076 19.3145 8.53762 20.4839 11.1305 14.3774 20.2687 14.511 16.0663 33.3206 27.9778 27.4373 23.5797
threshold=40.500000000000007 0.16263780443994127 37.500000000000007 0.58188918547082713 0.44399541217732608 0.84467134774562835 2.0844848905668085 0.19521743906267966 17.500000000000004 26.500000000000004 21.825108049454268 21.292607122520348 23.229002716043073 0.17262606224361707
decision_type=2 2 2 2 2 2 2 2 2 2 2 2 2 2
left_child=2 -2 3 4 5 -1 7 -7 9 10 11 -8 -12 -11
right_child=1 -3 -4 -5 -6 6 8 -9 -10 13 12 -13 -14 -15
leaf_value=-0.039338437053892353 0.10315882056951522 -0.0076116969323028697 -0.05153486308102545 -0.045056441053748134 0.055216712548452264 0.088120327923785532 -0.0066480423323810106 -4.7167023876681927e-05 0.040550673504670461 -0.03223785449302307 -0.11796510264277459 0.08734719261527063 -0.028288093761035145 0.021975263023080352
leaf_weight=18 9.9999999999999982 23 19 9.9999999999999982 17 11.000000000000002 38 15.999999999999998 18 27 9.9999999999999982 9.9999999999999982 58 78
leaf_count=18 10 23 19 10 17 11 38 16 18 27 10 10 58 78
internal_value=-8.58523e-11 0.0259551 -0.00259551 0.000394351 0.00190434 -0.00128689 0.00128803 0.0358729 -0.00261905 -0.00613514 -0.0189613 0.0129343 -0.0414759 0.00803475
internal_weight=363 33 330 311 301 284 266 27 239 221 116 48 68 105
internal_count=363 33 330 311 301 284 266 27 239 221 116 48 68 105
is_linear=0
shrinkage=0.05


Tree=87
num_leaves=15
num_cat=0
split_feature=2 3 0 1 2 1 1 4 1 2 1 3 2 1
split_gain=8.82796 33.3247 20.235 18.4072 39.5388 17.2723 14.4267 43.0518 25.5716 24.2062 10.1458 33.9011 38.795 15.6703
threshold=40.500000000000007 4.4018140353725554 0.17149003590029369 39.576542236382451 35.500000000000007 47.104645492170057 33.429039471018349 14.500000000000002 32.282707802799457 32.500000000000007 30.044625459953725 3.6614854674731685 30.500000000000004 29.297878120741139
decision_type=2 2 2 2 2 2 2 2 2 2 2 2 2 2
left_child=3 -2 -3 6 5 -5 8 9 10 -8 13 -12 -13 -1
right_child=1 2 -4 4 -6 -7 7 -9 -10 -11 11 12 -14 -15
leaf_value=0.0010041931356467744 0.10085829727351665 0.040510273572396137 -0.0533752314435939 -0.032927037728950379 -0.10590310257214766 0.048462911458178 0.027088698683879694 -0.044750760185221838 -0.06145540962324423 0.13056138038635254 -0.054046475216746326 -0.027000268995761863 0.094668839518961156 -0.057937718828907241
leaf_weight=187 9.9999999999999982 11.000000000000002 11.999999999999998 16.000000000000004 12.999999999999998 10.999999999999998 13.000000000000002 11.999999999999998 17 9.9999999999999982 9.9999999999999982 10.000000000000002 19 11.999999999999998
leaf_count=187 10 11 12 16 13 11 13 12 17 10 10 10 19 12
internal_value=2.5823e-10 0.0246574 -0.00847347 -0.00246574 -0.034262 0.00023183 0.00191996 0.0320217 -0.00221165 0.0720768 0.00202005 0.0253395 0.052714 -0.00255009
internal_weight=363 33 23 330 40 27 290 35 255 23 238 39 29 199
internal_count=363 33 23 330 40 27 290 35 255 23 238 39 29 199
is_linear=0
shrinkage=0.05


Tree=88
num_leaves=15
num_cat=0
split_feature=4 1 0 1 3 0 2 2 0 4 1 3 4 0
split_gain=8.67752 19.5459 10.7277 49.6403 12.3991 11.8743 40.4611 15.2207 14.5461 22.3092 37.4918 12.762 17.4098 16.8909
threshold=6.5000000000000009 31.562526241220798 0.14241435813816225 30.621236653992103 10.801455888456315 0.15660357070675943 36.500000000000007 29.500000000000004 0.17308977043471593 12.500000000000002 32.095940826563201 26.672181809273017 12.500000000000002 0.19696634327407156
decision_type=2 2 2 2 2 2 2 2 2 2 2 2 2 2
left_child=1 -1 3 4 -2 6 7 -4 9 10 -7 13 -13 -10
right_child=2 -3 5 -5 -6 8 -8 -9 11 -11 -12 12 -14 -15
leaf_value=0.0011393862962722778 0.028765301468471689 -0.078840780529108923 0.032002930117484465 -0.11839130789041519 -0.029183703958988189 -0.058427922156724044 0.11292075476693837 -0.0500472828373313 0.034608261822722856 -0.076213078147598687 0.075339756309986128 -0.055622510524357051 0.025105571535161953 0.0018764769677375632
leaf_weight=25 24 10.999999999999998 13.000000000000002 9.9999999999999982 14.999999999999998 11.000000000000002 10.999999999999998 9.9999999999999982 58 13.999999999999998 9.9999999999999982 17.000000000000004 10.999999999999998 123
leaf_count=25 24 11 13 10 15 11 11 10 58 14 10 17 11 123
internal_value=5.55458e-11 -0.023299 0.00256503 -0.0190062 0.00647722 0.00636714 0.0340498 -0.00367108 0.00250972 -0.0273226 0.00527097 0.00750557 -0.0239079 0.0123651
internal_weight=363 36 327 49 39 278 34 23 244 35 21 209 28 181
internal_count=363 36 327 49 39 278 34 23 244 35 21 209 28 181
is_linear=0
shrinkage=0.05


Tree=89
num_leaves=15
num_cat=0
split_feature=1 0 1 0 0 3 0 5 0 0 1 1 3 0
split_gain=8.2098 32.3413 16.5802 7.38899 17.6167 15.8661 7.73352 17.0829 21.0018 14.6765 15.8526 21.498 35.2921 24.242
threshold=43.171769130360381 0.16372825153660145 41.701617533799812 0.58188918547082713 0.42313774298843893 4.7375855073149857 0.14129469163694955 1.0000000180025095e-35 0.11091051342035599 0.14775062835504757 35.674551556447689 30.044625459953725 2.5304493958105314 0.18543127245755314
decision_type=2 2 2 2 2 2 2 2 2 2 2 2 2 2
left_child=2 -2 3 4 6 -6 7 8 -1 -8 11 -11 -13 -14
right_child=1 -3 -4 -5 5 -7 9 -9 -10 10 -12 12 13 -15
leaf_value=-0.0016517250583722037 -0.098846570625901228 0.0088599122574795856 0.060071932648619021 -0.042097726725041869 0.087150375307960923 0.0022276550531387328 -0.061633251946080818 -0.021171406787984515 0.088223887492830944 -0.0089797866461729572 -0.036440488236645856 -0.041900631102422876 0.092075126411186328 0.020315528195351363
leaf_weight=13.000000000000002 9.9999999999999982 23 11.999999999999998 9.9999999999999982 11.000000000000002 10.999999999999998 10.999999999999998 17 12.999999999999998 135 30 14.999999999999998 18 34
leaf_count=13 10 23 12 10 11 11 11 17 13 135 30 15 18 34
internal_value=-3.24552e-10 -0.0237784 0.00237784 0.000200706 0.00157403 0.044689 -0.00174251 0.0178029 0.0432861 -0.00520116 -0.0025255 0.00251138 0.0256652 0.0451554
internal_weight=363 33 330 318 308 22 286 43 26 243 232 202 67 52
internal_count=363 33 330 318 308 22 286 43 26 243 232 202 67 52
is_linear=0
shrinkage=0.05


Tree=90
num_leaves=15
num_cat=0
split_feature=2 3 0 1 1 2 1 4 1 1 2 2 3 1
split_gain=7.93168 29.5598 16.8764 16.6683 35.7185 19.7074 12.9188 38.0123 22.9353 26.51 22.4749 17.0883 16.1033 14.9595
threshold=40.500000000000007 4.4018140353725554 0.17149003590029369 39.576542236382451 47.104645492170057 31.500000000000004 33.429039471018349 14.500000000000002 31.283543432267738 30.286541006484825 32.500000000000007 33.500000000000007 57.026840546185205 28.440135457000146
decision_type=2 2 2 2 2 2 2 2 2 2 2 2 2 2
left_child=3 -2 -3 6 5 -5 8 10 9 11 -8 12 13 -1
right_child=1 2 -4 4 -6 -7 7 -9 -10 -11 -12 -13 -14 -15
leaf_value=0.0011015369614522737 0.095139643689617526 0.036903218239207149 -0.048837499910344681 -0.01756276190280914 0.025272856687661261 -0.10946504952652114 0.024609702997482732 -0.04181788328569383 -0.04165841664653272 0.057074163339677311 0.12431331396102906 -0.05740187047765806 -0.059885611087083818 0.054934633682881089
leaf_weight=165 9.9999999999999982 11.000000000000002 11.999999999999998 10.000000000000002 15.999999999999998 13.999999999999998 13.000000000000002 11.999999999999998 32 21 9.9999999999999982 12.999999999999998 9.9999999999999982 13.999999999999998
leaf_count=165 10 11 12 10 16 14 13 12 32 21 10 13 10 14
internal_value=1.45784e-10 0.0233722 -0.00783107 -0.00233722 -0.0325943 -0.0711724 0.00183618 0.0303213 -0.00207354 0.0036068 0.0679591 -0.00195169 0.00186234 0.00531195
internal_weight=363 33 23 330 40 24 290 35 255 223 23 202 189 179
internal_count=363 33 23 330 40 24 290 35 255 223 23 202 189 179
is_linear=0
shrinkage=0.05


Tree=91
num_leaves=15
num_cat=0
split_feature=1 0 1 0 3 3 0 4 4 4 3 0 0 3
split_gain=7.43008 29.3046 15.912 7.35569 6.78367 25.2886 10.43 12.6716 19.8204 19.6941 24.0512 31.6261 28.3055 51.43
threshold=43.171769130360381 0.16372825153660145 41.701617533799812 0.19469509745675254 1.4737196595461541 0.84467134774562835 0.57093510892922505 6.5000000000000009 7.5000000000000009 11.500000000000002 6.6837296898152374 0.21671553631719517 0.20263218458347004 5.0844750158343563
decision_type=2 2 2 2 2 2 2 2 2 2 2 2 2 2
left_child=2 -2 4 -3 5 -1 7 -6 -9 -10 12 -12 13 -11
right_child=1 3 -4 -5 6 -7 -8 8 9 10 11 -13 -14 -15
leaf_value=-0.011141821891069411 -0.094078089687973265 0.033246865925880574 0.058781644826134051 -0.023792393170297146 -0.039050568415162468 0.083242930285632621 0.041489045984613213 0.028632328425755596 -0.030164933426898313 -0.011431596100330354 0.038678590544344242 -0.038578506997402978 0.019108431643018356 -0.14559755202382804
leaf_weight=20.000000000000004 9.9999999999999982 13.000000000000002 11.999999999999998 9.9999999999999982 24 10.999999999999998 12.999999999999998 46 66 25 60 17 26 9.9999999999999982
leaf_count=20 10 13 12 10 24 11 13 46 66 25 60 17 26 10
internal_value=8.98353e-11 -0.0226211 0.00226211 0.00844719 0.000129295 0.0223495 -0.0022708 -0.004347 -0.00101546 -0.00770074 0.003043 0.0216218 -0.020409 -0.0497647
internal_weight=363 33 330 23 318 31 287 274 250 204 138 77 61 35
internal_count=363 33 330 23 318 31 287 274 250 204 138 77 61 35
is_linear=0
shrinkage=0.05


Tree=92
num_leaves=15
num_cat=0
split_feature=2 0 1 1 2 1 4 1 2 0 0 2 0 0
split_gain=7.76623 26.6299 15.491 32.6149 17.422 11.0432 34.2189 21.6137 19.9448 9.711 22.69 12.8404 30.6264 14.4709
threshold=40.500000000000007 0.16263780443994127 39.576542236382451 47.104645492170057 31.500000000000004 33.429039471018349 14.500000000000002 32.282707802799457 32.500000000000007 0.54912087009198185 0.42313774298843893 31.500000000000004 0.3226562617822667 0.17262606224361707
decision_type=2 2 2 2 2 2 2 2 2 2 2 2 2 2
left_child=2 -2 5 4 -4 7 8 9 -7 10 11 12 -1 -13
right_child=1 -3 3 -5 -6 6 -8 -9 -10 -11 -12 13 -14 -15
leaf_value=0.00056495404363575777 0.091245116032660015 -0.0064893716055413955 -0.017940362095832819 0.023814246547408404 -0.10434964586747811 0.02292080364691523 -0.040398180182091896 -0.056370620473342785 0.11684489708393814 -0.040031493168610793 0.078037271499633798 -0.019390598808725679 -0.085617449608716104 0.046235634905419182
leaf_weight=164 9.9999999999999982 23 10.000000000000002 15.999999999999998 13.999999999999998 13.000000000000002 11.999999999999998 17 9.9999999999999982 12.999999999999998 9.9999999999999982 11.999999999999998 10.999999999999998 28
leaf_count=164 10 23 10 16 14 13 12 17 10 13 10 12 11 28
internal_value=4.40326e-11 0.0231271 -0.00231271 -0.0314818 -0.0683458 0.0017106 0.0280469 -0.00190418 0.0637574 0.00198628 0.00441397 0.000989633 -0.00485223 0.0265478
internal_weight=363 33 330 40 24 290 35 255 23 238 225 215 175 40
internal_count=363 33 330 40 24 290 35 255 23 238 225 215 175 40
is_linear=0
shrinkage=0.05


Tree=93
num_leaves=15
num_cat=0
split_feature=2 3 0 1 2 1 1 4 1 1 2 2 3 1
split_gain=7.00903 25.8699 14.1599 13.9807 30.008 12.7998 9.96649 30.8825 20.1999 23.0551 18.0002 15.232 14.2774 13.0761
threshold=40.500000000000007 4.4018140353725554 0.17149003590029369 39.576542236382451 35.500000000000007 47.104645492170057 33.429039471018349 14.500000000000002 31.283543432267738 30.286541006484825 32.500000000000007 33.500000000000007 57.026840546185205 28.440135457000146
decision_type=2 2 2 2 2 2 2 2 2 2 2 2 2 2
left_child=3 -2 -3 6 5 -5 8 10 9 11 -8 12 13 -1
right_child=1 2 -4 4 -6 -7 7 -9 -10 -11 -12 -13 -14 -15
leaf_value=0.0012508730082349344 0.089109669923782359 0.033756030723452561 -0.044781435901920005 -0.028402143390849229 -0.092319737661343368 0.041662155735221779 0.021774763807367814 -0.038378269671617699 -0.038958413782529538 0.053383541825626581 0.11100265242159367 -0.054013543661970358 -0.056202784026972957 0.051581219956278804
leaf_weight=165 9.9999999999999982 11.000000000000002 11.999999999999998 16.000000000000004 12.999999999999998 10.999999999999998 13.000000000000002 11.999999999999998 32 21 9.9999999999999982 12.999999999999998 9.9999999999999982 13.999999999999998
leaf_count=165 10 11 12 16 13 11 13 12 32 21 10 13 10 14
internal_value=5.74187e-10 0.0219708 -0.00722004 -0.00219708 -0.0299077 0.000142571 0.00162507 0.0266445 -0.00180897 0.00352189 0.0605695 -0.00166175 0.00193917 0.00518732
internal_weight=363 33 23 330 40 27 290 35 255 223 23 202 189 179
internal_count=363 33 23 330 40 27 290 35 255 223 23 202 189 179
is_linear=0
shrinkage=0.05


Tree=94
num_leaves=15
num_cat=0
split_feature=0 0 3 4 0 1 0 2 1 1 0 0 2 2
split_gain=6.80332 15.1858 13.3958 9.49122 7.60062 39.6553 12.6828 32.3384 14.399 16.2745 15.7911 14.1303 17.0654 12.6378
threshold=0.58188918547082713 0.42313774298843893 4.7375855073149857 6.5000000000000009 0.14241435813816225 30.621236653992103 0.15660357070675943 36.500000000000007 23.229002716043073 21.825108049454268 0.287450437784389 0.22500426083871108 35.500000000000007 29.500000000000004
decision_type=2 2 2 2 2 2 2 2 2 2 2 2 2 2
left_child=1 3 -3 -1 5 -5 7 13 9 -8 11 12 -10 -6
right_child=-2 2 -4 4 6 -7 8 -9 10 -11 -12 -13 -14 -15
leaf_value=-0.036827867685092823 -0.040669094845652586 0.08039391453970561 0.0023617362434213813 0.0052002396339025257 0.031153055395071318 -0.10640548080205919 -0.0060263144811067513 0.10288025543771007 0.017355803956954994 -0.070079632196575412 0.067157661020755766 -0.052301928062330597 -0.017635512512688543 -0.043611986041069029
leaf_weight=18 9.9999999999999982 11.000000000000002 10.999999999999998 39 13.000000000000002 9.9999999999999982 34 10.999999999999998 110 13.999999999999998 9.9999999999999982 10.999999999999998 51 9.9999999999999982
leaf_count=18 10 11 11 39 13 10 34 11 110 14 10 11 51 10
internal_value=-1.25074e-10 0.0011521 0.0413778 -0.00152151 0.000508883 -0.0175764 0.00386563 0.0323692 -0.000347943 -0.0247085 0.00607683 0.00252562 0.0062716 -0.00135348
internal_weight=363 353 22 331 313 49 264 34 230 48 182 172 161 23
internal_count=363 353 22 331 313 49 264 34 230 48 182 172 161 23
is_linear=0
shrinkage=0.05


Tree=95
num_leaves=15
num_cat=0
split_feature=1 0 1 0 0 0 3 0 5 0 0 3 2 3
split_gain=6.66502 26.8889 15.4996 7.05173 6.17668 13.6961 12.0898 6.74717 15.221 18.7395 13.2016 25.8014 20.8471 15.998
threshold=43.171769130360381 0.16372825153660145 41.701617533799812 0.19469509745675254 0.58188918547082713 0.42313774298843893 4.7375855073149857 0.14129469163694955 1.0000000180025095e-35 0.11091051342035599 0.18430426923396026 6.6837296898152374 30.500000000000004 13.751029420690443
decision_type=2 2 2 2 2 2 2 2 2 2 2 2 2 2
left_child=2 -2 4 -3 5 7 -7 8 9 -1 11 12 -9 -12
right_child=1 3 -4 -5 -6 6 -8 10 -10 -11 13 -13 -14 -15
leaf_value=-0.0017687963751646186 -0.089873282685875897 0.032617242920857201 0.057924832279483474 -0.023231093250215055 -0.03863564241677523 0.076374219493432455 0.0022436523979360409 -0.094197120703756812 -0.02016384689246907 0.083128240475287815 0.013866539978854626 0.0041317537636020958 -0.020515820935058098 -0.022318589097509781
leaf_weight=13.000000000000002 9.9999999999999982 13.000000000000002 11.999999999999998 9.9999999999999982 9.9999999999999982 11.000000000000002 10.999999999999998 15.999999999999998 17 12.999999999999998 112 49 24 42
leaf_count=13 10 13 12 10 10 11 11 16 17 13 112 49 24 42
internal_value=-9.64676e-11 -0.0214248 0.00214248 0.00833536 3.74892e-05 0.00129311 0.0393089 -0.00163118 0.0166253 0.0406797 -0.00486175 -0.0201919 -0.0499883 0.00399787
internal_weight=363 33 330 23 318 308 22 286 43 26 243 89 40 154
internal_count=363 33 330 23 318 308 22 286 43 26 243 89 40 154
is_linear=0
shrinkage=0.05


Tree=96
num_leaves=15
num_cat=0
split_feature=2 3 3 1 1 2 1 4 1 2 0 0 3 3
split_gain=6.05953 22.6182 14.0424 12.4422 27.2821 13.5733 8.93322 27.6232 18.1628 16.7755 7.87706 17.6201 8.83933 11.4271
threshold=40.500000000000007 4.4018140353725554 9.0939277547089663 39.576542236382451 47.104645492170057 31.500000000000004 33.429039471018349 14.500000000000002 32.399272681479815 32.500000000000007 0.54912087009198185 0.42313774298843893 0.84467134774562835 1.7533887276724069
decision_type=2 2 2 2 2 2 2 2 2 2 2 2 2 2
left_child=3 -2 -3 6 5 -5 8 9 10 -8 11 12 -1 -14
right_child=1 2 -4 4 -6 -7 7 -9 -10 -11 -12 -13 13 -15
leaf_value=-0.04100579793254535 0.083206222653388978 -0.051411079131066788 0.027399132973872697 -0.017409320175647731 0.022389326570555569 -0.093679308518767365 0.01988295232160733 -0.036245990668733914 -0.057053421757050929 0.10602209615521133 -0.036328445489589987 0.068585050106048581 0.046750015778733153 -4.0503518296948947e-05
leaf_weight=11.999999999999998 9.9999999999999982 10.000000000000002 12.999999999999998 10.000000000000002 15.999999999999998 13.999999999999998 13.000000000000002 11.999999999999998 13.999999999999998 9.9999999999999982 12.999999999999998 9.9999999999999982 13.999999999999998 192
leaf_count=12 10 10 13 10 16 14 13 12 14 10 13 10 14 192
internal_value=2.6721e-10 0.0204285 -0.00686618 -0.00204285 -0.0281844 -0.0619001 0.00156288 0.0252499 -0.00168829 0.0573348 0.00152794 0.00368642 0.000709422 0.00313943
internal_weight=363 33 23 330 40 24 290 35 255 23 241 228 218 206
internal_count=363 33 23 330 40 24 290 35 255 23 241 228 218 206
is_linear=0
shrinkage=0.05


Tree=97
num_leaves=15
num_cat=0
split_feature=1 0 1 0 3 0 4 1 1 1 3 4 0 2
split_gain=5.73261 23.5225 15.0163 6.35942 5.82204 11.855 11.7825 10.0004 26.9621 19.1113 18.766 18.3136 16.3045 18.9194
threshold=43.171769130360381 0.16372825153660145 41.701617533799812 0.19469509745675254 1.4272395205449415 0.57834252654114304 16.500000000000004 32.282707802799457 33.429039471018349 35.674551556447689 7.2281644020070717 13.500000000000002 0.3795318053144498 30.500000000000004
decision_type=2 2 2 2 2 2 2 2 2 2 2 2 2 2
left_child=2 -2 4 -3 6 7 -1 12 -9 -10 -11 -12 13 -6
right_child=1 3 -4 -5 5 -7 -8 8 9 10 11 -13 -14 -15
leaf_value=0.047778346477185971 -0.0838902160897851 0.031024328963114658 0.056892669076720873 -0.022011684253811836 -0.0031878515973834225 0.048725774816491388 -0.01863383549180898 -0.085578858393889221 0.032059394018281076 -0.075903021143032962 -0.050104320198297483 0.041512876811126871 -0.049000959793726602 0.034377239014260298
leaf_weight=17.000000000000004 9.9999999999999982 13.000000000000002 11.999999999999998 9.9999999999999982 152 10.999999999999998 10.999999999999998 12.999999999999998 21 12.999999999999998 10.000000000000002 11.999999999999998 14.999999999999998 43
leaf_count=17 10 13 12 10 152 11 11 13 21 13 10 12 15 43
internal_value=3.3815e-10 -0.0198698 0.00198698 0.00796519 -8.49345e-05 -0.00218713 0.0216878 -0.00419445 -0.0207088 -0.00564966 -0.0282751 -0.000131304 0.00123168 0.00509573
internal_weight=363 33 330 23 318 290 28 279 69 56 35 22 210 195
internal_count=363 33 330 23 318 290 28 279 69 56 35 22 210 195
is_linear=0
shrinkage=0.05


Tree=98
num_leaves=15
num_cat=0
split_feature=2 0 1 1 2 3 3 3 0 0 3 4 3 1
split_gain=6.02519 21.7571 11.2012 24.4868 11.6659 8.12533 28.7888 25.3538 24.0648 22.0214 20.5904 17.0474 20.7985 20.2364
threshold=40.500000000000007 0.16263780443994127 39.576542236382451 47.104645492170057 31.500000000000004 2.6007864582671623 2.0844848905668085 3.1409726751223999 0.57834252654114304 0.3795318053144498 4.1641866984691385 13.500000000000002 0.92248558382639023 24.515584642364853
decision_type=2 2 2 2 2 2 2 2 2 2 2 2 2 2
left_child=2 -2 5 4 -4 6 11 -7 9 10 -9 12 -1 -13
right_child=1 -3 3 -5 -6 7 -8 8 -10 -11 -12 13 -14 -15
leaf_value=-0.016585350205952466 0.081941743846982718 -0.0063995876066062765 -0.017535943537950512 0.02107217647135258 -0.088244346981602051 0.073410684443437138 -0.08432394452393055 -0.061547503403077519 0.077314281128346929 -0.067843786130348846 0.0060387929191661853 0.025673299133777611 0.078598465056469058 -0.068934827412550276
leaf_weight=11.000000000000002 9.9999999999999982 23 10.000000000000002 15.999999999999998 13.999999999999998 12.999999999999998 11.999999999999998 11.999999999999998 9.9999999999999982 11.999999999999998 185 10.000000000000002 11.999999999999998 12.999999999999998
leaf_count=11 10 23 10 16 14 13 12 12 10 12 185 10 12 13
internal_value=2.12947e-11 0.0203705 -0.00203705 -0.0268406 -0.0587825 0.00138413 -0.0153546 0.00556881 0.00154166 -0.00208382 0.00192186 0.00263746 0.0330758 -0.0278009
internal_weight=363 33 330 40 24 290 58 232 219 209 197 46 23 23
internal_count=363 33 330 40 24 290 58 232 219 209 197 46 23 23
is_linear=0
shrinkage=0.05


Tree=99
num_leaves=15
num_cat=0
split_feature=0 0 3 4 0 1 3 0 2 1 1 3 0 0
split_gain=6.55558 12.8438 9.36424 7.75752 6.71513 31.7851 12.1027 11.7994 27.6266 12.5326 15.0173 19.2546 13.1833 12.4688
threshold=0.58188918547082713 0.42313774298843893 4.7375855073149857 6.5000000000000009 0.14241435813816225 30.621236653992103 10.801455888456315 0.15660357070675943 36.500000000000007 23.229002716043073 21.451679169957895 10.375191108475454 0.287450437784389 0.22500426083871108
decision_type=2 2 2 2 2 2 2 2 2 2 2 2 2 2
left_child=1 3 -3 -1 5 6 -5 8 -6 10 11 -9 13 -11
right_child=-2 2 -4 4 7 -7 -8 9 -10 12 -12 -13 -14 -15
leaf_value=-0.033247193052536914 -0.039921745210886005 0.07074574990706009 0.0055041107264432038 0.025920138756434126 -1.3403774684538014e-05 -0.096018710583448408 -0.031331959664821628 0.029066005898149384 0.096328018690374773 0.0058667330907206548 -0.057679817580470916 -0.056649572551250464 0.061402406096458445 -0.049155291644009676
leaf_weight=18 9.9999999999999982 11.000000000000002 10.999999999999998 24 23 9.9999999999999982 14.999999999999998 19.000000000000004 10.999999999999998 161 19 9.9999999999999982 9.9999999999999982 10.999999999999998
leaf_count=18 10 11 11 24 23 10 15 19 11 161 19 10 10 11
internal_value=5.79832e-11 0.00113093 0.0381249 -0.00132789 0.000507727 -0.0164915 0.0039001 0.00366289 0.0311559 -0.000401297 -0.0231283 -0.00049109 0.00559264 0.00234788
internal_weight=363 353 22 331 313 49 39 264 34 230 48 29 182 172
internal_count=363 353 22 331 313 49 39 264 34 230 48 29 182 172
is_linear=0
shrinkage=0.05


Tree=100
num_leaves=15
num_cat=0
split_feature=0 0 3 4 2 2 0 0 1 4 4 2 0 1
split_gain=5.91641 11.5915 8.45122 7.00116 6.69509 19.6862 6.1383 19.2502 19.0802 14.498 40.8918 22.2358 20.0451 24.1364
threshold=0.58188918547082713 0.42313774298843893 4.7375855073149857 6.5000000000000009 44.500000000000007 40.500000000000007 0.18368295402554474 0.19696634327407156 32.720151110003094 11.500000000000002 15.500000000000002 21.500000000000004 0.2125679623514454 27.061188289243734
decision_type=2 2 2 2 2 2 2 2 2 2 2 2 2 2
left_child=1 3 -3 -1 5 6 -5 8 -8 12 -11 -12 -9 -14
right_child=-2 2 -4 4 -6 -7 7 9 -10 10 11 -13 13 -15
leaf_value=-0.031584833665854399 -0.037925657257437712 0.067208463766358098 0.0052289055152372884 -0.0096496501776744577 -0.037833928282965314 0.05114581114367435 0.089400403993204244 -0.0780735629109236 0.010365590328971545 0.062224112242460251 0.042783455876633528 -0.035541978115971026 -0.03047522902030593 0.06045855056494475
leaf_weight=18 9.9999999999999982 11.000000000000002 10.999999999999998 126 10.999999999999998 19 11.999999999999998 12.999999999999998 21 25 11.999999999999998 37 27 9.9999999999999982
leaf_count=18 10 11 11 126 11 19 12 13 21 25 12 37 27 10
internal_value=2.67615e-10 0.00107438 0.0362187 -0.00126149 0.000482341 0.00187797 -0.00142977 0.00516708 0.0391055 -0.00386493 0.0101885 -0.0163602 -0.024664 -0.00589853
internal_weight=363 353 22 331 313 302 283 157 33 124 74 49 50 37
internal_count=363 353 22 331 313 302 283 157 33 124 74 49 50 37
is_linear=0
shrinkage=0.05


Tree=101
num_leaves=15
num_cat=0
split_feature=0 0 4 0 1 2 2 0 0 0 0 3 0 0
split_gain=5.87196 15.1442 11.7441 22.7976 8.77309 7.13128 13.6038 15.6773 6.86024 7.38239 28.0106 7.14954 12.3861 9.34922
threshold=0.10540033244478106 0.12596242758667933 6.5000000000000009 0.24894959511381054 28.941854964452411 44.500000000000007 40.500000000000007 0.17149003590029369 0.44399541217732608 0.138136334488209 0.14653417918684256 1.8297240500793333 0.2125679623514454 0.20964796142968531
decision_type=2 2 2 2 2 2 2 2 2 2 2 2 2 2
left_child=-1 -2 3 -3 -5 6 8 -8 9 -4 -11 12 -12 -13
right_child=1 2 5 4 -6 -7 7 -9 -10 10 11 13 -14 -15
leaf_value=0.027058932498881694 -0.056675825516382852 -0.09089024091139436 0.034351851344108585 -0.034428672343492499 0.028982678552468617 -0.03594223182987083 0.08912767231464383 0.00059159517288208006 0.037550632455028023 -0.083727592229843148 -0.04546781303728685 0.013912876994418337 0.021201205867427318 -0.0081172980915289374
leaf_weight=19 11.999999999999998 9.9999999999999982 14.999999999999998 10.000000000000002 11.999999999999998 10.999999999999998 10.000000000000002 9.9999999999999982 12.999999999999998 9.9999999999999982 19.000000000000004 121 10.999999999999998 80
leaf_count=19 12 10 15 10 12 11 10 10 13 10 19 121 11 80
internal_value=2.80231e-10 -0.00149453 0.000499971 -0.0282937 0.000159337 0.00357129 0.00507527 0.0448596 0.00211732 0.000317972 -0.00180032 0.00174632 -0.0210225 0.00514465
internal_weight=363 344 332 32 22 300 289 20 269 256 241 231 30 201
internal_count=363 344 332 32 22 300 289 20 269 256 241 231 30 201
is_linear=0
shrinkage=0.05


Tree=102
num_leaves=15
num_cat=0
split_feature=0 0 3 0 4 0 2 2 0 0 5 3 3 0
split_gain=5.74605 9.93058 7.39803 5.79504 18.5358 12.6699 5.98776 14.923 6.66261 25.2795 6.94985 8.02214 31.4773 9.30634
threshold=0.58188918547082713 0.42313774298843893 4.7375855073149857 0.10540033244478106 6.5000000000000009 0.12596242758667933 44.500000000000007 40.500000000000007 0.138136334488209 0.14653417918684256 1.0000000180025095e-35 24.620985406743042 16.615502785955751 0.2188613064627804
decision_type=2 2 2 2 2 2 2 2 2 2 2 2 2 2
left_child=1 3 -3 -1 -5 -6 7 8 -7 -10 11 12 -11 -13
right_child=-2 2 -4 4 5 6 -8 -9 9 10 -12 13 -14 -15
leaf_value=0.025705984548518537 -0.037375651858747007 0.06258251883766866 0.0045933670618317343 -0.0569647936647137 -0.05265513760122386 0.032634259263674421 -0.034145120345056061 0.046229043132380437 -0.079541215039789684 -0.0018827273102553074 0.032429462931502388 -0.0046876237188514906 0.089325810670852657 -0.064278770983219144
leaf_weight=19 9.9999999999999982 11.000000000000002 10.999999999999998 14.999999999999998 10.999999999999998 14.999999999999998 10.999999999999998 19 9.9999999999999982 175 17 19.000000000000004 9.9999999999999982 9.9999999999999982
leaf_count=19 10 11 11 15 11 15 11 19 10 175 17 19 10 10
internal_value=-3.16307e-10 0.0010588 0.0335879 -0.00110326 -0.00273587 2.96248e-06 0.00202827 0.00347521 0.000302074 -0.0017103 0.001659 -0.000785382 0.00304746 -0.0252363
internal_weight=363 353 22 331 312 297 286 275 256 241 231 214 185 29
internal_count=363 353 22 331 312 297 286 275 256 241 231 214 185 29
is_linear=0
shrinkage=0.05


Tree=103
num_leaves=15
num_cat=0
split_feature=0 3 3 1 1 1 2 2 3 1 0 1 3 1
split_gain=5.18581 9.24792 8.96493 8.44239 26.347 17.4197 41.2087 16.9267 12.5388 12.3572 20.1866 18.1141 10.5603 10.8516
threshold=0.58188918547082713 1.4272395205449415 0.64656333150466272 32.282707802799457 33.429039471018349 30.286541006484825 30.500000000000004 33.500000000000007 5.0844750158343563 35.674551556447689 0.16124299808971335 40.930063937761204 57.026840546185205 28.440135457000146
decision_type=2 2 2 2 2 2 2 2 2 2 2 2 2 2
left_child=1 2 -1 5 -5 7 -7 12 -8 -6 -11 -12 13 -3
right_child=-2 3 -4 4 9 6 8 -9 -10 10 11 -13 -14 -15
leaf_value=0.0047383337525562161 -0.035506867617368702 0.0011228835337782561 0.056392330300462035 -0.079873721401851921 0.029867269843816758 -0.039018497683785167 0.0418770096451044 -0.061959640112896036 0.1210563980229199 0.032132393201916583 -0.062628957661597637 -0.004064935325614868 -0.047807949446141723 0.04720547425427607
leaf_weight=21 9.9999999999999982 146 13.999999999999998 12.999999999999998 21 11.000000000000002 10.000000000000002 10.999999999999998 9.9999999999999982 18 23 31 9.9999999999999982 13.999999999999998
leaf_count=21 10 146 14 13 21 11 10 11 10 18 23 31 10 14
internal_value=9.92577e-12 0.00100586 0.0253999 -0.00167902 -0.0132004 0.00408166 0.0387139 -0.00184982 0.0814667 -0.00388047 -0.0137236 -0.0290089 0.00203964 0.00515511
internal_weight=363 353 35 318 106 212 31 181 20 93 72 54 170 160
internal_count=363 353 35 318 106 212 31 181 20 93 72 54 170 160
is_linear=0
shrinkage=0.05


Tree=104
num_leaves=15
num_cat=0
split_feature=0 0 3 4 0 3 0 3 0 0 2 1 1 3
split_gain=5.17929 14.4209 20.6519 11.5048 24.4995 13.3707 11.4397 25.9361 17.2582 11.1448 10.9705 15.7634 10.7602 13.346
threshold=0.18430426923396026 0.17536994185883098 35.214040636101437 13.500000000000002 0.11091051342035599 10.801455888456315 0.19696634327407156 11.777747910690712 0.20263218458347004 0.14509683463651227 32.500000000000007 20.677458910471447 26.085739572378152 11.628055157923695
decision_type=2 2 2 2 2 2 2 2 2 2 2 2 2 2
left_child=1 2 3 4 -1 10 7 -2 -8 -6 11 -5 -11 -14
right_child=6 -3 -4 5 9 -7 8 -9 -10 12 -12 -13 13 -15
leaf_value=0.051125470697879795 0.058458766914330995 -0.040059466280595021 0.057462144323757715 -0.025233319550752632 -0.064935175961765804 0.062599418163299558 -0.058224259999891129 -0.0280372261427916 0.0040449888755877813 -0.053962381356037585 -0.028671179469674825 0.058266840461426633 0.04637499362230299 -0.030456323520495345
leaf_weight=9.9999999999999982 26 27 13.999999999999998 10.000000000000002 19 9.9999999999999982 11.999999999999998 12.999999999999998 153 12.999999999999998 20 12.999999999999998 10.000000000000002 12.999999999999998
leaf_count=10 26 27 14 10 19 10 12 13 153 13 20 13 10 13
internal_value=1.87611e-10 -0.00676501 4.52233e-05 -0.00676695 -0.0208647 0.0105228 0.00527273 0.0296268 -0.000483684 -0.0339538 -0.00158809 0.0219624 -0.0176026 0.0029486
internal_weight=363 159 132 118 65 53 204 39 165 55 43 23 36 23
internal_count=363 159 132 118 65 53 204 39 165 55 43 23 36 23
is_linear=0
shrinkage=0.05


Tree=105
num_leaves=15
num_cat=0
split_feature=0 0 3 1 3 4 1 4 0 1 2 3 3 3
split_gain=4.73649 8.90934 7.04564 5.35125 17.6616 18.3733 16.7623 15.5334 18.8327 17.1691 17.7012 11.5732 24.3588 18.1223
threshold=0.58188918547082713 0.42313774298843893 4.7375855073149857 21.825108049454268 4.1641866984691385 10.500000000000002 23.229002716043073 6.5000000000000009 0.14241435813816225 30.621236653992103 23.500000000000004 3.6614854674731685 4.5124453830028095 4.9693098889205158
decision_type=2 2 2 2 2 2 2 2 2 2 2 2 2 2
left_child=1 3 -3 4 -1 -6 -5 -8 9 10 -9 -10 -13 -14
right_child=-2 2 -4 6 5 -7 7 8 11 -11 -12 12 13 -15
leaf_value=-0.028523961572270648 -0.033933776840567587 0.060068050026893596 0.0034768571907823741 -0.050794667797163129 0.066339721795367568 0.0016543709314786473 -0.054040126789074688 -0.05520404845476147 0.027127096530219372 -0.088404962867498396 0.038873653300106531 -0.071305708959698677 0.070828073099255567 0.00097770549697228358
leaf_weight=19 9.9999999999999982 11.000000000000002 10.999999999999998 18 19 26 12.999999999999998 10.000000000000005 55 9.9999999999999982 9.9999999999999982 10.999999999999998 9.9999999999999982 130
leaf_count=19 10 11 11 18 19 26 13 10 55 10 10 11 10 130
internal_value=1.87932e-11 0.000961297 0.0317725 -0.00108657 0.0118986 0.028966 -0.00419914 -0.000830784 0.00210024 -0.0349118 -0.0081652 0.00749034 0.000337878 0.00596702
internal_weight=363 353 22 331 64 45 267 249 236 30 20 206 151 140
internal_count=363 353 22 331 64 45 267 249 236 30 20 206 151 140
is_linear=0
shrinkage=0.05


Tree=106
num_leaves=15
num_cat=0
split_feature=1 0 1 0 1 2 1 1 4 0 0 3 4 3
split_gain=4.6702 18.956 13.1361 6.0887 5.15518 15.1247 11.4496 18.1125 11.8266 6.60981 11.2211 8.3033 7.92914 15.8749
threshold=43.171769130360381 0.16372825153660145 41.701617533799812 0.19469509745675254 36.278699160909532 38.500000000000007 33.429039471018349 32.399272681479815 14.500000000000002 0.54912087009198185 0.42313774298843893 0.84467134774562835 17.500000000000004 2.0844848905668085
decision_type=2 2 2 2 2 2 2 2 2 2 2 2 2 2
left_child=2 -2 4 -3 6 -6 7 9 -8 10 11 -1 13 -13
right_child=1 3 -4 -5 5 -7 8 -9 -10 -11 -12 12 -14 -15
leaf_value=-0.038991782503823444 -0.07540543771348894 0.029616133811382141 0.053146856216092914 -0.022278744727373123 -0.063460790253399554 0.0082405295026929757 0.056810692304538349 -0.054779916017626717 -0.00727109710375468 -0.032841449288221511 0.05560486853122712 0.045537431496712903 0.036503554530003493 -0.0038142678498420432
leaf_weight=11.999999999999998 9.9999999999999982 13.000000000000002 11.999999999999998 9.9999999999999982 12.000000000000002 19 18.000000000000004 14.999999999999998 11.999999999999998 12.999999999999998 9.9999999999999982 18 17 172
leaf_count=12 10 13 12 10 12 19 18 15 12 13 10 18 17 172
internal_value=-2.71315e-10 -0.0179343 0.00179343 0.00705314 -0.000144435 -0.0195148 0.00194784 -0.00146424 0.031178 0.00184045 0.00380929 0.0014442 0.00378831 0.000861156
internal_weight=363 33 330 23 318 31 287 257 30 242 229 219 207 190
internal_count=363 33 330 23 318 31 287 257 30 242 229 219 207 190
is_linear=0
shrinkage=0.05


Tree=107
num_leaves=15
num_cat=0
split_feature=0 0 3 1 4 2 5 0 3 3 3 3 3 2
split_gain=4.26733 13.0695 18.7459 10.2106 12.816 15.7169 21.0192 15.6808 14.6662 15.072 11.6305 10.1325 19.2769 15.5442
threshold=0.18430426923396026 0.17536994185883098 35.214040636101437 19.63127900317345 13.500000000000002 25.500000000000004 1.0000000180025095e-35 0.14509683463651227 7.6554708949471477 4.8300052250568335 2.5304493958105314 50.459511696747882 26.672181809273017 31.500000000000004
decision_type=2 2 2 2 2 2 2 2 2 2 2 2 2 2
left_child=1 2 3 -1 5 6 -5 -7 9 10 -6 12 -2 -14
right_child=11 -3 -4 4 8 7 -8 -9 -10 -11 -12 -13 13 -15
leaf_value=-0.04623485819569656 0.0075996345144578792 -0.037836720877223548 0.055045897726501737 0.069027157090604294 -0.011222920634529805 -0.092205777056515184 -0.022328525737804528 -0.016133716188016393 0.063939434748429516 -0.046549669822508639 0.061485936086286198 0.053867121338844304 -0.088312377408146833 -0.00015272766351699831
leaf_weight=13.999999999999998 174 27 13.999999999999998 10.000000000000002 11.000000000000002 10.000000000000002 17 21 12.999999999999998 10.999999999999998 10.999999999999998 9.9999999999999982 10.000000000000002 9.9999999999999982
leaf_count=14 174 27 14 10 11 10 17 21 13 11 11 10 10 10
internal_value=-1.8062e-10 -0.00614061 0.000342688 -0.00614752 -0.000751151 -0.0163824 0.0115069 -0.0406731 0.0189578 0.00123778 0.0251315 0.00478606 0.00225611 -0.0442326
internal_weight=363 159 132 118 104 58 27 31 46 33 22 204 194 20
internal_count=363 159 132 118 104 58 27 31 46 33 22 204 194 20
is_linear=0
shrinkage=0.05


Tree=108
num_leaves=15
num_cat=0
split_feature=0 3 3 3 3 1 2 2 1 2 2 1 3 5
split_gain=4.06627 8.51298 7.39685 14.9758 14.9121 13.1837 16.6916 24.6535 13.0225 12.4776 11.6459 10.5899 10.4201 31.8654
threshold=0.58188918547082713 1.4272395205449415 6.3995348260672058 5.5155840689011564 7.2281644020070717 18.539307659641469 28.500000000000004 34.500000000000007 43.171769130360381 35.500000000000007 37.500000000000007 30.044625459953725 26.672181809273017 1.0000000180025095e-35
decision_type=2 2 2 2 2 2 2 2 2 2 2 2 2 2
left_child=1 -1 3 8 -4 -6 12 11 9 -3 -9 -8 -7 -14
right_child=-2 2 4 -5 5 6 7 10 -10 -11 -12 -13 13 -15
leaf_value=0.024295387888061151 -0.031441417187452317 -0.0078562504114353497 0.05244891693194708 -0.054643070347168865 0.056227195933461198 -0.0064190050406353685 0.014678679804007215 -0.046866791223486269 -0.04763434370358785 0.033701715990900993 0.010267982576889071 0.070878185214180697 -0.094958806849483934 0.016076619302233058
leaf_weight=35 9.9999999999999982 73 14.999999999999998 17 9.9999999999999982 67 14.999999999999998 14.999999999999998 14.999999999999998 24 22 19 14 12
leaf_count=35 10 73 15 17 10 67 15 15 15 24 22 19 14 12
internal_value=-1.86521e-10 0.000890692 -0.0016853 -0.0109156 0.00461475 0.000491116 -0.00290743 0.0153487 -0.0042784 0.00242613 -0.0128948 0.0460843 -0.0168449 -0.0437117
internal_weight=363 353 318 129 189 174 164 71 112 97 37 34 93 26
internal_count=363 353 318 129 189 174 164 71 112 97 37 34 93 26
is_linear=0
shrinkage=0.05


Tree=109
num_leaves=15
num_cat=0
split_feature=0 3 1 4 1 2 3 0 2 3 1 0 0 4
split_gain=4.05662 11.2501 22.8809 25.4353 16.7456 17.0765 20.7656 17.3312 17.7487 13.5039 10.6591 18.2525 9.58892 13.6252
threshold=0.18430426923396026 10.911498086901323 22.846610087054945 13.500000000000002 19.283800269256918 25.500000000000004 5.5155840689011564 0.15288386996083905 37.500000000000007 4.7427984904876892 25.937891605395283 0.16124299808971335 0.19074383441292053 11.500000000000002
decision_type=2 2 2 2 2 2 2 2 2 2 2 2 2 2
left_child=1 4 -3 10 -1 9 7 -7 -9 -6 -4 -12 -2 -14
right_child=12 2 3 -5 5 6 -8 8 -10 -11 11 -13 13 -15
leaf_value=-0.071710731337467831 0.039512968394491414 0.080139349251985556 -0.065247826874256135 0.068612136542797089 -0.0095488859806209785 0.039751303621700838 -0.071066955257864564 0.0034082340542227023 -0.081505809053778647 0.057692320378763345 0.033359892914692553 -0.044641133596499766 -0.012682364355358813 0.014397148664041501
leaf_weight=11.999999999999998 18 9.9999999999999982 9.9999999999999982 9.9999999999999982 16.000000000000004 13.999999999999998 17 16.000000000000004 9.9999999999999982 13.999999999999998 15.000000000000002 14.999999999999998 90 96
leaf_count=12 18 10 10 10 16 14 17 16 10 14 15 15 90 96
internal_value=2.45338e-10 -0.00598709 0.011097 -0.00271151 -0.0163411 -0.00870386 -0.0247745 -0.0051002 -0.029251 0.0218303 -0.0205424 -0.00564062 0.00466641 0.00129416
internal_weight=363 159 60 50 99 87 57 40 26 30 40 30 204 186
internal_count=363 159 60 50 99 87 57 40 26 30 40 30 204 186
is_linear=0
shrinkage=0.05


Tree=110
num_leaves=15
num_cat=0
split_feature=3 3 1 2 1 1 0 3 4 3 3 3 3 3
split_gain=3.90005 15.4996 15.1968 22.4099 9.50959 13.3879 16.8365 22.4835 10.0339 10.6165 36.459 15.8116 9.68847 7.86909
threshold=35.214040636101437 26.672181809273017 31.160350471501008 21.500000000000004 19.63127900317345 21.722439435253257 0.12596242758667933 15.939136698757919 6.5000000000000009 11.628055157923695 10.569099595347817 7.6554708949471477 6.6034504521373156 9.3396239316057077
decision_type=2 2 2 2 2 2 2 2 2 2 2 2 2 2
left_child=1 4 3 -2 -1 12 -7 8 -8 10 11 -10 -6 -13
right_child=2 -3 -4 -5 5 6 7 -9 9 -11 -12 13 -14 -15
leaf_value=-0.030064298212528231 0.047026398886616021 -0.046888310627804866 0.064734187857671224 -0.043363236030563718 0.0083694393746554848 -0.053670827565448623 -0.03765424796276623 0.053490944374352693 0.0054406313542535324 -0.031465263317593119 0.089521751304467531 -0.069750819082731702 0.065324762995753974 -0.011203188945849736
leaf_weight=23 12.000000000000002 18 10.999999999999998 15.999999999999998 16.000000000000004 13.999999999999998 18 20 144 22 11.999999999999998 11.000000000000002 13.999999999999998 11.999999999999998
leaf_count=23 12 18 11 16 16 14 18 20 144 22 12 11 14 12
internal_value=1.01903e-10 -0.00179809 0.014938 -0.00462482 0.000854276 0.00336709 -0.000377748 0.00274402 -0.0018904 0.00131233 0.00534086 -0.000708062 0.0349486 -0.0392042
internal_weight=363 324 39 28 306 283 253 239 219 201 179 167 30 23
internal_count=363 324 39 28 306 283 253 239 219 201 179 167 30 23
is_linear=0
shrinkage=0.05


Tree=111
num_leaves=15
num_cat=0
split_feature=0 0 4 0 1 2 2 1 0 0 0 3 3 3
split_gain=3.86711 10.2465 7.57539 17.5714 7.32426 5.68878 10.9424 12.8723 5.69812 5.55399 13.8417 7.79566 12.9659 14.9301
threshold=0.10540033244478106 0.12596242758667933 6.5000000000000009 0.24894959511381054 31.160350471501008 44.500000000000007 40.500000000000007 38.309918648995463 0.44399541217732608 0.14129469163694955 0.15385512396650827 1.8297240500793333 3.1409726751223999 4.3309800485730934
decision_type=2 2 2 2 2 2 2 2 2 2 2 2 2 2
left_child=-1 -2 3 -3 -5 6 8 -8 9 -4 -11 -12 -13 -14
right_child=1 2 5 4 -6 -7 7 -9 -10 10 11 12 13 -15
leaf_value=0.021959001767007928 -0.046602555519590777 -0.077652921974658964 0.026724613540702397 -0.024053991834322608 0.033885212242603303 -0.032397159798578788 -0.00019390761852264399 0.080031716227531441 0.03387782006309583 -0.04189014710485936 -0.022566041674721857 0.037354209246458832 -0.045923045044764882 0.0049540672907350614
leaf_weight=19 11.999999999999998 9.9999999999999982 18 12.000000000000002 9.9999999999999982 10.999999999999998 10.000000000000002 9.9999999999999982 12.999999999999998 20 29 27 15.999999999999998 146
leaf_count=19 12 10 18 12 10 11 10 10 13 20 29 27 16 146
internal_value=9.87766e-12 -0.00121285 0.00042774 -0.0226977 0.00228201 0.00289445 0.00423773 0.0399189 0.00158485 -5.50248e-05 -0.00208038 0.0015719 0.0052756 -7.08327e-05
internal_weight=363 344 332 32 22 300 289 20 269 256 238 218 189 162
internal_count=363 344 332 32 22 300 289 20 269 256 238 218 189 162
is_linear=0
shrinkage=0.05


Tree=112
num_leaves=15
num_cat=0
split_feature=0 3 1 1 1 2 2 1 0 1 3 0 2 0
split_gain=3.79532 7.97056 7.54604 20.7953 14.4352 34.2615 14.8868 14.1497 17.7744 15.069 11.6755 9.75513 12.4047 14.948
threshold=0.58188918547082713 1.4272395205449415 32.282707802799457 33.822575691797404 30.286541006484825 30.500000000000004 33.500000000000007 35.674551556447689 0.16124299808971335 40.930063937761204 5.0844750158343563 0.3795318053144498 29.500000000000004 0.20875567200643
decision_type=2 2 2 2 2 2 2 2 2 2 2 2 2 2
left_child=1 -1 4 -4 6 -6 11 -5 -9 -10 -7 12 -3 -14
right_child=-2 2 3 7 5 10 -8 8 9 -11 -12 -13 13 -15
leaf_value=0.023507296917960049 -0.030375855639576912 -0.0002716621615143274 -0.063196906819939613 0.038183296778622797 -0.035537506775422521 0.036120824888348571 -0.057956859266216111 0.030495975870225168 -0.057540302756039996 -0.0041252403249663694 0.11252583665773273 -0.041398736586173379 0.0025727755079666768 0.085344536304473875
leaf_weight=35 9.9999999999999982 136 17 17 11.000000000000002 10.000000000000002 10.999999999999998 18 23 31 9.9999999999999982 11.999999999999998 12.000000000000002 9.9999999999999982
leaf_count=35 10 136 17 17 11 10 11 18 23 31 10 12 12 10
internal_value=-4.85545e-11 0.000860506 -0.00163207 -0.0125247 0.00381423 0.0353405 -0.00158529 -0.00284568 -0.0125331 -0.0268761 0.0743233 0.00206228 0.00536312 0.0401963
internal_weight=363 353 318 106 212 31 181 89 72 54 20 170 158 22
internal_count=363 353 318 106 212 31 181 89 72 54 20 170 158 22
is_linear=0
shrinkage=0.05


Tree=113
num_leaves=15
num_cat=0
split_feature=2 3 3 3 1 2 2 0 4 4 4 1 0 3
split_gain=3.65884 10.4452 26.4521 28.6467 21.1117 13.0908 8.28751 13.118 29.5166 12.0532 18.5016 11.3851 17.0618 8.6081
threshold=19.500000000000004 19.473373900185191 10.375191108475454 6.6034504521373156 19.283800269256918 14.500000000000002 26.500000000000004 0.57093510892922505 6.5000000000000009 17.500000000000004 7.5000000000000009 26.085739572378152 0.2242568592556636 3.8652597532926829
decision_type=2 2 2 2 2 2 2 2 2 2 2 2 2 2
left_child=1 2 3 4 -1 -6 9 8 -8 10 -2 12 -12 -10
right_child=6 -3 -4 -5 5 -7 7 -9 13 -11 11 -13 -14 -15
leaf_value=-0.060817995965480792 0.016074763001366097 0.052760458240906395 -0.053089018166065219 0.096299937106668954 -0.013953980505466458 0.06508970023556189 -0.069886400763477602 0.058801799714565277 0.020240958756767215 0.035968033054377888 0.019762263447046277 -0.062995453258976347 -0.058498503726262308 -0.002432972063456685
leaf_weight=10.000000000000002 22 11.999999999999998 15.999999999999998 9.9999999999999982 10.000000000000002 10.999999999999998 13.999999999999998 9.9999999999999982 64 9.9999999999999982 15.000000000000002 25 12.999999999999998 121
leaf_count=10 22 12 16 10 10 11 14 10 64 10 15 25 13 121
internal_value=-4.60722e-10 0.0103618 0.00143582 0.0227138 -0.00102365 0.0274499 -0.00243186 0.00292172 0.000113679 -0.0155954 -0.0224705 -0.0384704 -0.0165731 0.00541098
internal_weight=363 69 57 41 31 21 294 209 199 85 75 53 28 185
internal_count=363 69 57 41 31 21 294 209 199 85 75 53 28 185
is_linear=0
shrinkage=0.05


Tree=114
num_leaves=15
num_cat=0
split_feature=0 0 3 1 1 3 4 0 4 1 2 4 0 0
split_gain=3.75073 8.32965 5.50089 4.45368 15.8375 13.5018 15.0757 12.7691 15.8649 14.8492 12.9224 11.3321 10.431 10.9803
threshold=0.58188918547082713 0.42313774298843893 4.7375855073149857 21.825108049454268 23.229002716043073 4.1641866984691385 10.500000000000002 0.14241435813816225 6.5000000000000009 30.621236653992103 23.500000000000004 16.500000000000004 0.15288386996083905 0.287450437784389
decision_type=2 2 2 2 2 2 2 2 2 2 2 2 2 2
left_child=1 3 -3 5 -5 -1 -7 9 -9 10 -6 -8 -10 -14
right_child=-2 2 -4 4 7 6 11 8 12 -11 -12 -13 13 -15
leaf_value=-0.024621547052734779 -0.030196881145238875 0.055649384585293837 0.005645350434563377 -0.049256184159053695 -0.04292134154926646 0.059498335460298937 -0.037642133506861589 -0.054847391423853968 0.045553872594609857 -0.077236353267322894 0.035611999090760953 0.029172290960947672 0.00068389318779938757 0.054513148069381713
leaf_weight=19 9.9999999999999982 11.000000000000002 10.999999999999998 18 11.000000000000002 19 11.000000000000002 10.999999999999998 15.999999999999998 10.999999999999998 9.9999999999999982 14.999999999999998 180 9.9999999999999982
leaf_count=19 10 11 11 18 11 19 11 11 16 11 10 15 180 10
internal_value=2.55536e-10 0.000855436 0.0306474 -0.00112469 -0.00396424 0.0107216 0.0256442 -0.000690127 0.00365794 -0.0301755 -0.00552451 0.00090465 0.00678201 0.00351701
internal_weight=363 353 22 331 267 64 45 249 217 32 21 26 206 190
internal_count=363 353 22 331 267 64 45 249 217 32 21 26 206 190
is_linear=0
shrinkage=0.05


Tree=115
num_leaves=15
num_cat=0
split_feature=0 3 1 1 0 3 3 3 3 3 4 0 4 0
split_gain=3.47775 10.7124 22.7483 27.9263 18.0824 12.5251 14.6522 12.1864 18.3386 15.1185 9.94331 9.48234 11.8537 17.0593
threshold=0.18430426923396026 6.6034504521373156 22.846610087054945 25.937891605395283 0.16733160327045243 19.473373900185191 10.911498086901323 1.7533887276724069 3.5349209757263877 4.7427984904876892 14.500000000000002 0.19074383441292053 11.500000000000002 0.21373285067558948
decision_type=2 2 2 2 2 2 2 2 2 2 2 2 2 2
left_child=1 4 -3 -4 7 6 -5 -1 -9 -10 -6 -2 13 -13
right_child=11 2 3 5 10 -7 -8 8 9 -11 -12 12 -14 -15
leaf_value=0.034464309780742046 0.038973018030325574 0.05333338560536504 -0.073159105789202913 -0.015066809816793959 -0.022006805584980887 -0.020306808324087235 0.058179784390247541 -0.071550904553044928 0.053162658214569072 -0.028611720582613576 -0.083848129714337694 -0.045321072444871623 0.013188747908376777 0.0021817182205499165
leaf_weight=15.999999999999998 18 20 12.999999999999998 11.000000000000002 13.000000000000002 21 18 10.999999999999998 10.000000000000002 12.999999999999998 12.999999999999998 27 96 63
leaf_count=16 18 20 13 11 13 21 18 11 10 13 13 27 96 63
internal_value=1.39955e-10 -0.00554348 0.00687539 -0.00787318 -0.0191062 0.00910116 0.0303966 -0.00151914 -0.0184525 0.00694236 -0.0529275 0.00432065 0.000967199 -0.0120691
internal_weight=363 159 83 63 76 50 29 50 34 23 26 204 186 90
internal_count=363 159 83 63 76 50 29 50 34 23 26 204 186 90
is_linear=0
shrinkage=0.05


Tree=116
num_leaves=15
num_cat=0
split_feature=3 3 0 2 1 1 3 2 2 4 4 3 3 3
split_gain=3.67642 3.79188 20.8687 15.7244 8.39962 8.39495 12.8703 10.1588 9.27072 10.9866 8.93462 8.69233 20.5378 32.6042
threshold=50.459511696747882 26.672181809273017 0.16372825153660145 28.500000000000004 19.283800269256918 21.825108049454268 16.615502785955751 22.500000000000004 21.500000000000004 10.500000000000002 6.5000000000000009 1.4272395205449415 2.5304493958105314 3.6614854674731685
decision_type=2 2 2 2 2 2 2 2 2 2 2 2 2 2
left_child=1 4 -3 -4 -1 8 7 -7 9 -6 -9 -12 -13 -14
right_child=-2 2 3 -5 5 6 -8 10 -10 -11 11 12 13 -15
leaf_value=-0.031474095975097857 0.022029393331872094 0.039030190122624236 -0.086234907280992354 -0.0085776405408978466 0.078438398512926943 -0.037973161693662411 0.036968928256205152 -0.033348041615988082 -0.016581640020012858 0.014308577469166587 0.028886593664409939 -0.044446060645471637 0.060012074138807214 -0.0052007900053412538
leaf_weight=19 18 11.999999999999998 11.000000000000002 15.999999999999998 11.000000000000002 20 21 19 9.9999999999999982 17 27 24 23 115
leaf_count=19 18 12 11 16 11 20 21 19 10 17 27 24 23 115
internal_value=1.76868e-11 -0.00114936 -0.0158324 -0.0402158 0.000722009 0.00285346 -0.000487185 -0.00393709 0.0247435 0.0395024 -0.000664391 0.00262127 -0.00175629 0.00566802
internal_weight=363 345 39 27 306 287 249 228 38 28 208 189 162 138
internal_count=363 345 39 27 306 287 249 228 38 28 208 189 162 138
is_linear=0
shrinkage=0.05


Tree=117
num_leaves=15
num_cat=0
split_feature=3 1 2 3 0 0 2 1 3 3 0 3 3 3
split_gain=3.60866 12.9669 18.6581 12.8551 8.06133 14.9826 14.6051 19.9373 11.8448 25.2501 18.0018 13.7499 17.8635 22.8994
threshold=35.214040636101437 31.160350471501008 21.500000000000004 26.672181809273017 0.17308977043471593 0.16733160327045243 38.500000000000007 31.160350471501008 5.7787937871708071 7.0329348526421258 0.19696634327407156 4.8300052250568335 4.3309800485730934 3.2669359738780983
decision_type=2 2 2 2 2 2 2 2 2 2 2 2 2 2
left_child=3 2 -2 4 5 6 7 -1 11 -10 -11 12 13 -6
right_child=1 -3 -4 -5 8 -7 -8 -9 9 10 -12 -13 -14 -15
leaf_value=0.0013115182839578293 0.043428154576880228 0.060367016155611387 -0.039048710884526376 -0.042793543554014629 0.0083356770933331811 -0.06307338888873347 0.041484895249207815 -0.058573152456018664 0.087961879620949424 0.050117707438766958 -0.0055541870166670605 -0.042729449429010094 0.06088900802036127 -0.058146866038441658
leaf_weight=61 12.000000000000002 10.999999999999998 15.999999999999998 18 68 11.999999999999998 14.999999999999998 18 11.999999999999998 20 53 19 11.999999999999998 15.999999999999998
leaf_count=61 12 11 16 18 68 12 15 18 12 20 53 19 12 16
internal_value=1.18083e-10 0.0143691 -0.00370148 -0.00172962 0.000685909 -0.0104615 -0.00374511 -0.0123331 0.00659405 0.0207474 0.00969839 -0.00386709 0.00382442 -0.00432766
internal_weight=363 39 28 324 306 106 94 79 200 85 73 115 96 84
internal_count=363 39 28 324 306 106 94 79 200 85 73 115 96 84
is_linear=0
shrinkage=0.05


Tree=118
num_leaves=15
num_cat=0
split_feature=1 0 1 0 1 2 1 1 4 3 3 1 0 3
split_gain=3.61498 16.1181 9.36379 5.74607 3.86298 11.5872 8.39442 13.9053 11.0252 8.24083 23.0279 21.5299 14.4529 24.8556
threshold=43.171769130360381 0.16372825153660145 41.701617533799812 0.19469509745675254 36.278699160909532 36.500000000000007 33.429039471018349 32.282707802799457 14.500000000000002 5.7787937871708071 7.0329348526421258 30.323500659777761 0.21671553631719517 9.5014030073638089
decision_type=2 2 2 2 2 2 2 2 2 2 2 2 2 2
left_child=2 -2 4 -3 6 -6 7 9 -8 -1 -11 12 13 -12
right_child=1 3 -4 -5 5 -7 8 -9 -10 10 11 -13 -14 -15
leaf_value=-0.0087370308590870287 -0.068773450702428823 0.029181526601314539 0.04493512765814861 -0.021232059374451637 -0.061124536097049688 0.0042683618764082594 0.05153007188604937 -0.043548159673810011 -0.010342230213185151 0.070795288469110221 0.078629509485538374 0.063968748771227324 -0.028048655129969121 -0.0032375112841876576
leaf_weight=102 9.9999999999999982 13.000000000000002 11.999999999999998 9.9999999999999982 10.000000000000002 21 18.000000000000004 18 11.999999999999998 13.999999999999998 10.999999999999998 12.999999999999998 40 59
leaf_count=102 10 13 12 10 10 21 18 18 12 14 11 13 40 59
internal_value=8.53552e-11 -0.0157786 0.00157786 0.00726258 -5.82586e-05 -0.0168261 0.0017529 -0.00116868 0.0267812 0.00202308 0.0100343 0.00311837 -0.00407304 0.00962731
internal_weight=363 33 330 23 318 31 287 257 30 239 137 123 110 70
internal_count=363 33 330 23 318 31 287 257 30 239 137 123 110 70
is_linear=0
shrinkage=0.05


Tree=119
num_leaves=15
num_cat=0
split_feature=2 2 3 0 1 3 4 3 1 3 1 4 1 3
split_gain=3.43954 7.26919 8.35861 8.36221 14.2349 15.8515 4.61144 17.9523 20.7516 40.5103 24.2373 13.273 18.398 25.5845
threshold=12.500000000000002 14.500000000000002 0.3308649393852458 0.1433554977693999 31.160350471501008 10.801455888456315 11.500000000000002 2.2212467332768884 26.085739572378152 10.801455888456315 31.562526241220798 14.500000000000002 39.576542236382451 31.487985570536704
decision_type=2 2 2 2 2 2 2 2 2 2 2 2 2 2
left_child=-1 -2 -3 4 5 -4 7 -5 9 -9 -10 12 13 -8
right_child=1 2 3 6 -6 -7 11 8 10 -11 -12 -13 -14 -15
leaf_value=-0.027532258562066338 0.03094102065814169 0.042003507370298565 0.026661169638528538 0.04455803493658702 -0.071990586139939056 -0.045183922789458722 0.081805893956195738 -0.094974794983863839 0.02980166638421046 0.0096996554277009438 -0.030133919273653338 -0.0023728321772068742 -0.022454313840717079 -0.015363572016358377
leaf_weight=10.999999999999998 19 10.999999999999998 17.000000000000004 14.999999999999998 10.999999999999998 13.999999999999998 21.000000000000004 19 37 18 31 117 11.999999999999998 9.9999999999999982
leaf_count=11 19 11 17 15 11 14 21 19 37 18 31 117 12 10
internal_value=-1.52783e-10 0.000860383 -0.00085593 -0.00232007 -0.0231246 -0.005785 0.000800601 -0.00660872 -0.0139183 -0.0440521 0.00247809 0.00635759 0.0301125 0.0504609
internal_weight=363 352 333 322 42 31 280 120 105 37 68 160 43 31
internal_count=363 352 333 322 42 31 280 120 105 37 68 160 43 31
is_linear=0
shrinkage=0.05


Tree=120
num_leaves=15
num_cat=0
split_feature=0 3 0 4 0 1 1 1 4 1 3 0 3 0
split_gain=3.55016 17.0225 14.9628 25.5957 7.38938 6.45135 5.66295 13.7052 12.4876 15.5519 8.78361 6.91622 19.6962 9.66869
threshold=0.24516384365908575 2.7018668802173749 0.57834252654114304 6.5000000000000009 0.22211295444658147 23.229002716043073 22.846610087054945 20.677458910471447 6.5000000000000009 24.515584642364853 6.6034504521373156 0.14241435813816225 11.472476557958872 0.15288386996083905
decision_type=2 2 2 2 2 2 2 2 2 2 2 2 2 2
left_child=4 -2 3 -3 6 -5 7 10 -8 -10 -1 12 -11 -13
right_child=1 2 -4 5 -6 -7 8 -9 9 11 -12 13 -14 -15
leaf_value=-0.02678896732190076 -0.033030929547898907 -0.050047130137681965 0.07958066821098328 0.016966443990959836 -0.030250180106271396 0.064849208295345309 -0.057998651042580611 0.057131160928734714 -0.053876228000109022 -0.056453827838413406 0.025705251470208169 0.043192666582763196 0.030459483211267402 0.0024389303306707687
leaf_weight=17 17 11.999999999999998 9.9999999999999982 17.000000000000004 22 11.999999999999998 9.9999999999999982 13.999999999999998 12.999999999999998 16.000000000000004 14.999999999999998 15.999999999999998 10.999999999999998 161
leaf_count=17 17 12 10 17 22 12 10 14 13 16 15 16 11 161
internal_value=7.66481e-11 0.010299 0.0247424 0.0113672 -0.00237402 0.03678 -0.000127587 0.0158696 -0.00336931 -0.000851832 -0.0021823 0.00252717 -0.0210447 0.00612288
internal_weight=363 68 51 41 295 29 273 46 227 217 32 204 27 177
internal_count=363 68 51 41 295 29 273 46 227 217 32 204 27 177
is_linear=0
shrinkage=0.05


Tree=121
num_leaves=15
num_cat=0
split_feature=0 0 3 2 2 2 1 0 0 0 0 0 0 4
split_gain=3.7372 7.65253 5.46445 4.43223 13.4931 7.38958 14.5558 6.97828 6.62895 12.2307 12.989 8.53916 12.3886 12.802
threshold=0.58188918547082713 0.42313774298843893 4.7375855073149857 44.500000000000007 40.500000000000007 35.500000000000007 39.576542236382451 0.3226562617822667 0.24516384365908575 0.21671553631719517 0.21468247736682336 0.20875567200643 0.20263218458347004 15.500000000000002
decision_type=2 2 2 2 2 2 2 2 2 2 2 2 2 2
left_child=1 3 -3 4 5 7 -7 8 9 10 11 12 13 -1
right_child=-2 2 -4 -5 -6 6 -8 -9 -10 -11 -12 -13 -14 -15
leaf_value=-0.0063620045687220687 -0.030142354369163515 0.054328341917558136 0.004490183429284529 -0.032250617173585024 0.04089426410041358 -0.0022977743169357036 -0.065968754887580874 -0.033729214966297154 0.029426908918789459 -0.028570929483976215 0.060298262855503708 -0.030922025607691875 0.048668752511342367 0.030186318146685761
leaf_weight=119 9.9999999999999982 11.000000000000002 10.999999999999998 10.999999999999998 19 29 12.999999999999998 13.999999999999998 21 32 9.9999999999999982 18 14.999999999999998 30
leaf_count=119 10 11 11 11 19 29 13 14 21 32 10 18 15 30
internal_value=-3.94465e-11 0.000853891 0.0294093 -0.00104405 2.86767e-05 -0.00255088 -0.0220055 0.000603918 0.00256581 4.75835e-05 0.00481734 0.00176893 0.00535697 0.000996718
internal_weight=363 353 22 331 320 301 42 259 245 224 192 182 164 149
internal_count=363 353 22 331 320 301 42 259 245 224 192 182 164 149
is_linear=0
shrinkage=0.05


Tree=122
num_leaves=15
num_cat=0
split_feature=0 0 3 2 2 2 1 0 0 0 0 3 0 3
split_gain=3.37282 6.90641 4.93167 4.00009 12.1775 6.6691 13.1366 6.2979 5.98263 11.0382 11.7226 8.26427 7.7066 11.315
threshold=0.58188918547082713 0.42313774298843893 4.7375855073149857 44.500000000000007 40.500000000000007 35.500000000000007 39.576542236382451 0.3226562617822667 0.24516384365908575 0.21671553631719517 0.21468247736682336 7.3608976471372758 0.20875567200643 0.92248558382639023
decision_type=2 2 2 2 2 2 2 2 2 2 2 2 2 2
left_child=1 3 -3 4 5 7 -7 8 9 10 12 -11 13 -1
right_child=-2 2 -4 -5 -6 6 -8 -9 -10 11 -12 -13 -14 -15
leaf_value=-0.039671016154954067 -0.028635238744318489 0.051611923900517533 0.0042656733231111006 -0.030638086389411581 0.038849549975834397 -0.0021828855933814215 -0.062670318810985642 -0.032042754973684043 0.027955561592465358 0.0079659699716351246 0.057283347863703975 -0.045532472360701792 -0.029375924583938385 0.0089426385405294555
leaf_weight=12.999999999999998 9.9999999999999982 11.000000000000002 10.999999999999998 10.999999999999998 19 29 12.999999999999998 13.999999999999998 21 10.999999999999998 9.9999999999999982 21 18 151
leaf_count=13 10 11 11 11 19 29 13 14 21 11 10 21 18 151
internal_value=-3.46616e-10 0.000811196 0.0279388 -0.000991847 2.72426e-05 -0.00242333 -0.0209052 0.000573722 0.00243752 4.52044e-05 0.00457647 -0.0271424 0.00168049 0.00508912
internal_weight=363 353 22 331 320 301 42 259 245 224 192 32 182 164
internal_count=363 353 22 331 320 301 42 259 245 224 192 32 182 164
is_linear=0
shrinkage=0.05


Tree=123
num_leaves=15
num_cat=0
split_feature=2 2 3 3 3 0 4 0 0 5 1 0 1 4
split_gain=3.37105 5.8643 7.7795 7.36417 17.619 12.453 19.5246 12.1411 21.0563 6.402 7.39339 16.4799 12.3394 16.0302
threshold=12.500000000000002 14.500000000000002 0.3308649393852458 0.84467134774562835 1.4737196595461541 0.57093510892922505 6.5000000000000009 0.13059699358392135 0.11421914061704323 1.0000000180025095e-35 23.229002716043073 0.20964796142968531 25.399790270692396 7.5000000000000009
decision_type=2 2 2 2 2 2 2 2 2 2 2 2 2 2
left_child=-1 -2 -3 -4 -5 6 -6 8 -8 10 11 -9 -12 -14
right_child=1 2 3 4 5 -7 7 9 -10 -11 12 -13 13 -15
leaf_value=-0.027256761321967301 0.027869702561905508 0.040658284859223799 -0.036310281415935612 0.058958922512829304 -0.052670601382851602 0.044999646338132714 0.0061170863253729672 0.019416419093442314 -0.086325218807905918 0.030742494658463532 0.058203690350055695 -0.04389333227792612 0.048587986582424497 -0.0040606750361621381
leaf_weight=10.999999999999998 19 10.999999999999998 14.999999999999998 11.999999999999998 20 12.999999999999998 14.000000000000002 17 10.999999999999998 18 9.9999999999999982 26 15.999999999999998 150
leaf_count=11 19 11 15 12 20 13 14 17 11 18 10 26 16 150
internal_value=-1.22541e-10 0.000851774 -0.00068979 -0.0021023 -0.000430902 -0.00284676 -0.00505244 -0.00141747 -0.0345575 0.00207832 -0.000277644 -0.0188639 0.00426331 0.00101389
internal_weight=363 352 333 322 307 295 282 262 25 237 219 43 176 166
internal_count=363 352 333 322 307 295 282 262 25 237 219 43 176 166
is_linear=0
shrinkage=0.05


Tree=124
num_leaves=15
num_cat=0
split_feature=3 2 2 3 3 3 0 0 3 3 3 3 3 0
split_gain=3.54289 3.7311 5.11204 7.41284 6.19828 16.5795 9.56214 13.8633 6.18516 15.8205 8.10009 40.1164 10.9859 7.52736
threshold=50.459511696747882 12.500000000000002 14.500000000000002 0.3308649393852458 0.84467134774562835 1.4737196595461541 0.13059699358392135 0.11091051342035599 26.672181809273017 15.233115232496893 11.628055157923695 10.569099595347817 8.8401327676055441 0.20650104838725608
decision_type=2 2 2 2 2 2 2 2 2 2 2 2 2 2
left_child=1 -1 -3 -4 -5 -6 7 -7 9 10 11 12 13 -8
right_child=-2 2 3 4 5 6 8 -9 -10 -11 -12 -13 -14 -15
leaf_value=-0.031223794296383858 0.021625638587607278 0.02569025481740634 0.038625371456146244 -0.034494767971336847 0.056010976837327087 0.0022733400265375768 0.0083302741372134805 -0.075437297180972321 -0.021439590621175189 0.040101889787668675 -0.032240564305157891 0.085158400122935962 -0.038962333412332968 -0.015099749103057803
leaf_weight=9.9999999999999982 18 18 10.999999999999998 14.999999999999998 11.999999999999998 12.000000000000002 86 10.999999999999998 33 24 21 12.999999999999998 22 57
leaf_count=10 18 18 11 15 12 12 86 11 33 24 21 13 22 57
internal_value=-1.21226e-11 -0.00112829 -0.000229921 -0.00170173 -0.0031514 -0.00153576 -0.00401089 -0.0348926 -0.00123636 0.00175336 -0.00287159 0.000593291 -0.00606941 -0.00100897
internal_weight=363 345 335 317 306 291 279 23 256 223 199 178 165 143
internal_count=363 345 335 317 306 291 279 23 256 223 199 178 165 143
is_linear=0
shrinkage=0.05


Tree=125
num_leaves=15
num_cat=0
split_feature=3 1 0 3 1 1 3 2 3 3 3 4 0 4
split_gain=3.35226 11.8978 16.9665 9.81546 7.80602 6.44204 10.6692 9.33998 7.89391 41.1816 11.9114 11.262 9.70332 13.7277
threshold=35.214040636101437 31.160350471501008 0.17536994185883098 26.672181809273017 19.283800269256918 21.825108049454268 16.615502785955751 22.500000000000004 2.0462993918630548 2.5304493958105314 3.8652597532926829 14.500000000000002 0.17750905268387249 13.500000000000002
decision_type=2 2 2 2 2 2 2 2 2 2 2 2 2 2
left_child=3 2 -2 4 -1 -6 7 -7 12 -10 11 -11 -9 -14
right_child=1 -3 -4 -5 5 6 -8 8 9 10 -12 -13 13 -15
leaf_value=-0.030593940437967451 0.04875796258449553 0.057910193096507682 -0.032470650826063423 -0.037549090012907987 0.021674012020230296 -0.03620467656524852 0.033675078444537668 0.056610010160754121 -0.10385352151468397 -0.0015100255111853279 -0.0060137420998719656 0.05975974929829439 0.031788496570171493 -0.033462076314858029
leaf_weight=19 10.000000000000002 10.999999999999998 18 18 38 20 21 11.999999999999998 9.9999999999999982 15.000000000000002 123 14.999999999999998 19 13.999999999999998
leaf_count=19 10 11 18 18 38 20 21 12 10 15 123 15 19 14
internal_value=-7.98551e-11 0.0138492 -0.00346043 -0.00166704 0.000443672 0.00249843 -0.000427968 -0.00356904 -0.000430996 -0.00554895 0.00087618 0.0291249 0.0181074 0.00410644
internal_weight=363 39 28 324 306 287 249 228 208 163 153 30 45 33
internal_count=363 39 28 324 306 287 249 228 208 163 153 30 45 33
is_linear=0
shrinkage=0.05


Tree=126
num_leaves=15
num_cat=0
split_feature=0 3 4 0 1 2 3 0 2 3 0 3 3 3
split_gain=3.29463 9.49516 17.141 16.4139 13.916 11.2345 15.629 12.3691 13.3478 10.2152 9.70159 8.15897 7.62453 11.3907
threshold=0.18430426923396026 10.911498086901323 13.500000000000002 0.16124299808971335 19.283800269256918 25.500000000000004 5.5155840689011564 0.15288386996083905 37.500000000000007 4.7427984904876892 0.14653417918684256 33.97500566782518 50.459511696747882 26.672181809273017
decision_type=2 2 2 2 2 2 2 2 2 2 2 2 2 2
left_child=1 4 3 10 -1 9 7 -7 -9 -6 11 -3 13 -2
right_child=12 2 -4 -5 5 6 -8 8 -10 -11 -12 -13 -14 -15
leaf_value=-0.065383038111031064 0.0061182996846906763 -0.034530780091881742 0.06670411147854545 -0.042066195968757658 -0.010471308603882788 0.033978346828371288 -0.061141544580459596 0.0040074077202007169 -0.069630508422851567 0.048011862543145462 0.054271714047839252 0.029340058714151386 0.046781112700700761 -0.03372506066225469
leaf_weight=11.999999999999998 174 10.000000000000002 10.999999999999998 17 16.000000000000004 13.999999999999998 17 16.000000000000004 9.9999999999999982 13.999999999999998 11.999999999999998 9.9999999999999982 9.9999999999999982 20
leaf_count=12 174 10 11 17 16 14 17 16 10 14 12 10 10 20
internal_value=7.19658e-11 -0.00539556 0.0102996 -0.00236269 -0.0149078 -0.00794564 -0.0209806 -0.00391224 -0.0243149 0.0168208 0.0187298 -0.00259536 0.00420536 0.00201074
internal_weight=363 159 60 49 99 87 57 40 26 30 32 20 204 194
internal_count=363 159 60 49 99 87 57 40 26 30 32 20 204 194
is_linear=0
shrinkage=0.05


Tree=127
num_leaves=15
num_cat=0
split_feature=0 0 3 2 2 2 1 3 3 0 3 2 3 0
split_gain=3.21279 6.17733 4.76821 3.85865 11.3144 5.92931 10.5689 6.00045 7.47226 11.8543 9.40336 11.2869 11.1168 25.7683
threshold=0.58188918547082713 0.42313774298843893 4.7375855073149857 44.500000000000007 40.500000000000007 35.500000000000007 39.576542236382451 0.84467134774562835 2.0844848905668085 0.19521743906267966 5.7787937871708071 32.500000000000007 8.8401327676055441 0.16263780443994127
decision_type=2 2 2 2 2 2 2 2 2 2 2 2 2 2
left_child=1 3 -3 4 5 7 -7 -1 9 -9 -10 12 13 -12
right_child=-2 2 -4 -5 -6 6 -8 8 10 -11 11 -13 -14 -15
leaf_value=-0.028162889782448904 -0.02794763889163733 0.049725013700398522 0.0031700334765694359 -0.030030870166691866 0.037508494955928701 -0.002908177699508338 -0.057163121157254165 0.067249152538451262 -0.016278922500518652 -0.0032762331744799252 -0.018667320744134488 0.044832814063000326 -0.0064712053173881711 0.069739390296094564
leaf_weight=17 9.9999999999999982 11.000000000000002 10.999999999999998 10.999999999999998 19 29 12.999999999999998 11.000000000000002 65 12.999999999999998 15.999999999999998 17 103 17
leaf_count=17 10 11 11 11 19 29 13 11 65 13 16 17 103 17
internal_value=-3.75864e-11 0.000791718 0.0264475 -0.000913502 8.74076e-05 -0.00227472 -0.0197014 0.000551223 0.00256833 0.0290479 -0.000346852 0.00642167 0.00162028 0.0268755
internal_weight=363 353 22 331 320 301 42 259 242 24 218 153 136 33
internal_count=363 353 22 331 320 301 42 259 242 24 218 153 136 33
is_linear=0
shrinkage=0.05


Tree=128
num_leaves=15
num_cat=0
split_feature=3 1 0 3 0 0 2 1 3 3 2 3 0 3
split_gain=2.97863 10.8701 15.0964 8.76 7.38558 13.6933 13.8433 14.6565 9.99201 9.28278 8.97423 6.34974 10.0533 27.5046
threshold=35.214040636101437 31.160350471501008 0.17536994185883098 26.672181809273017 0.17308977043471593 0.16733160327045243 36.500000000000007 32.282707802799457 9.5014030073638089 15.233115232496893 16.500000000000004 10.911498086901323 0.19696634327407156 4.5124453830028095
decision_type=2 2 2 2 2 2 2 2 2 2 2 2 2 2
left_child=3 2 -2 4 5 6 7 8 -1 10 -6 12 13 -12
right_child=1 -3 -4 -5 9 -7 -8 -9 -10 -11 11 -13 -14 -15
leaf_value=0.00846728767754267 0.04576602607965468 0.055169740056788374 -0.030855352478101852 -0.035469389251536795 0.037280061139779934 -0.060544589247244096 0.035600733198225501 -0.066539585861292758 -0.034634703711459512 0.040330287234650722 -0.015242023083070913 -0.030805969657376409 -0.0063389715295538163 0.062156876515258447
leaf_weight=46 10.000000000000002 10.999999999999998 18 18 17 11.999999999999998 18 10.999999999999998 19 18 24 15.999999999999998 103 22
leaf_count=46 10 11 18 18 17 12 18 11 19 18 24 16 103 22
internal_value=-1.32386e-10 0.0130546 -0.00349057 -0.00157139 0.000422608 -0.0102474 -0.00382645 -0.0131645 -0.00413176 0.0060777 0.00269008 -0.000873739 0.00234046 0.0217748
internal_weight=363 39 28 324 306 106 94 76 65 200 182 165 149 46
internal_count=363 39 28 324 306 106 94 76 65 200 182 165 149 46
is_linear=0
shrinkage=0.05


Tree=129
num_leaves=15
num_cat=0
split_feature=2 1 2 1 1 1 3 0 1 0 0 0 0 1
split_gain=3.09375 11.5839 9.17882 26.2214 27.4018 11.9908 31.7827 28.5006 16.8778 9.85052 8.47292 7.77103 6.65214 32.0995
threshold=33.500000000000007 30.286541006484825 30.500000000000004 27.51587185798542 31.562526241220798 27.51587185798542 24.620985406743042 0.16263780443994127 26.778760401399452 0.19696634327407156 0.21468247736682336 0.44399541217732608 0.16124299808971335 42.545534002999283
decision_type=2 2 2 2 2 2 2 2 2 2 2 2 2 2
left_child=2 -2 5 -4 -5 8 7 -7 11 -9 -11 -1 13 -3
right_child=1 12 3 4 -6 6 -8 9 -10 10 -12 -13 -14 -15
leaf_value=-0.0021188044855140211 -0.051490509864659265 0.087765900362282961 -0.046042125197974126 0.086635467989577192 0.0025644687314828238 -0.081752375513315212 -0.10122415840625763 0.046318323324833599 0.063336208307494729 -0.02339319338401159 0.026823368109762671 0.043743129968643192 -0.0083815615295487304 -0.038921671268180948
leaf_weight=121 12.999999999999998 10.000000000000002 10.999999999999998 18 21 9.9999999999999982 9.9999999999999982 13.999999999999998 11.999999999999998 21 13.999999999999998 9.9999999999999982 68 9.9999999999999982
leaf_count=121 13 10 11 18 21 10 10 14 12 21 14 10 68 10
internal_value=2.89643e-10 -0.00743446 0.00286596 0.0221366 0.0413665 -0.001679 -0.0187977 -0.00482707 0.00658105 0.010872 -0.00330657 0.00138211 -0.000926181 0.0244221
internal_weight=363 101 262 50 39 212 69 59 143 49 35 131 88 20
internal_count=363 101 262 50 39 212 69 59 143 49 35 131 88 20
is_linear=0
shrinkage=0.05


Tree=130
num_leaves=15
num_cat=0
split_feature=0 0 1 1 1 2 0 3 3 3 4 0 0 1
split_gain=3.09742 5.49513 6.18501 9.29016 8.4952 10.449 5.07985 5.49878 4.99394 9.42222 13.2294 13.2258 24.5782 5.93157
threshold=0.58188918547082713 0.24516384365908575 29.907779491449531 25.687046228719613 21.292607122520348 27.500000000000004 0.22211295444658147 44.477308154870961 1.4272395205449415 1.8297240500793333 17.500000000000004 0.13059699358392135 0.10540033244478106 32.282707802799457
decision_type=2 2 2 2 2 2 2 2 2 2 2 2 2 2
left_child=1 6 3 4 -3 -6 7 8 13 -10 11 12 -11 -1
right_child=-2 2 -4 -5 5 -7 -8 -9 9 10 -12 -13 -14 -15
leaf_value=-0.0044959299532430505 -0.027441269680857663 -0.019979718327522281 0.050618853271007541 -0.032948758114467971 0.059759010327979915 -0.0035453730686144398 -0.025101672333072533 0.023842663186686961 -0.052113974541425703 0.0077421903610229471 0.03986081670531455 -0.0014006461808993215 -0.095729704743081886 0.042407129561671843
leaf_weight=14.000000000000002 9.9999999999999982 9.9999999999999982 9.9999999999999982 10.999999999999998 16.000000000000004 10.999999999999998 22 22 9.9999999999999982 12.000000000000002 17 174 10.999999999999998 12.999999999999998
leaf_count=14 10 10 10 11 16 11 22 22 10 12 17 174 11 13
internal_value=2.03454e-10 0.000777373 0.0148466 0.00739399 0.0193878 0.0339683 -0.00198877 -0.000126192 -0.00222705 -0.00467562 -0.00245887 -0.00611083 -0.0417444 0.018087
internal_weight=363 353 58 48 37 27 295 273 251 224 214 197 23 27
internal_count=363 353 58 48 37 27 295 273 251 224 214 197 23 27
is_linear=0
shrinkage=0.05


Tree=131
num_leaves=15
num_cat=0
split_feature=2 2 3 3 3 0 4 0 0 1 0 1 4 0
split_gain=2.85521 4.43817 5.60436 5.98448 13.1413 11.1665 14.5691 8.37861 16.6447 5.61028 12.1653 10.401 11.1844 14.2209
threshold=12.500000000000002 14.500000000000002 0.3308649393852458 0.84467134774562835 1.4737196595461541 0.57834252654114304 6.5000000000000009 0.13059699358392135 0.11421914061704323 23.229002716043073 0.20964796142968531 25.399790270692396 7.5000000000000009 0.20002188076721741
decision_type=2 2 2 2 2 2 2 2 2 2 2 2 2 2
left_child=-1 -2 -3 -4 -5 6 -6 8 -8 10 -9 -11 13 -13
right_child=1 2 3 4 5 -7 7 9 -10 11 -12 12 -14 -15
leaf_value=-0.025084823979572818 0.024288116238619151 0.034537589820948518 -0.032593553607972961 0.051041506386051573 -0.043331281095743183 0.047093042561953721 0.0076646302427564334 0.018956816875759296 -0.074525113810192459 0.055262513905763623 -0.035037849181228216 0.07303129533926643 -0.0016741259353270071 -0.0077023674175143251
leaf_weight=10.999999999999998 19 10.999999999999998 14.999999999999998 11.999999999999998 22 10.999999999999998 14.000000000000002 17 10.999999999999998 9.9999999999999982 27 12.000000000000002 161 9.9999999999999982
leaf_count=11 19 11 15 12 22 11 14 17 11 10 27 12 161 10
internal_value=-1.28859e-10 0.000783901 -0.000557181 -0.00175607 -0.000249353 -0.00233576 -0.00425026 -0.000968644 -0.0284989 0.00193539 -0.0141763 0.00560851 0.00289518 0.0363342
internal_weight=363 352 333 322 307 295 284 262 25 237 44 193 183 22
internal_count=363 352 333 322 307 295 284 262 25 237 44 193 183 22
is_linear=0
shrinkage=0.05


Tree=132
num_leaves=15
num_cat=0
split_feature=0 0 1 1 1 2 0 3 0 0 4 3 0 0
split_gain=3.2307 5.42136 5.61369 8.02689 7.16473 9.49226 4.44289 5.37247 4.64902 12.5703 11.4021 19.785 11.8673 18.5313
threshold=0.58188918547082713 0.24516384365908575 29.907779491449531 25.687046228719613 21.292607122520348 27.500000000000004 0.22211295444658147 44.477308154870961 0.21373285067558948 0.20781971510622008 15.500000000000002 2.3013659846084087 0.20347223807725226 0.19521743906267966
decision_type=2 2 2 2 2 2 2 2 2 2 2 2 2 2
left_child=1 6 3 4 -3 -6 7 8 9 10 12 -12 13 -1
right_child=-2 2 -4 -5 5 -7 -8 -9 -10 -11 11 -13 -14 -15
leaf_value=-0.0062054607477681394 -0.028025425598025323 -0.017336668670177462 0.048848433792591101 -0.029831362041560089 0.056788631621748201 -0.003547890281135386 -0.023568918598836967 0.023480266766537999 0.019666052440350707 -0.045765852226930505 -0.04126958578824997 0.038230168296852052 0.042999213392084297 -0.076578280217945577
leaf_weight=145 9.9999999999999982 9.9999999999999982 9.9999999999999982 10.999999999999998 16.000000000000004 10.999999999999998 22 22 22 17 9.9999999999999982 36 10.999999999999998 9.9999999999999982
leaf_count=145 10 10 10 11 16 11 22 22 22 17 10 36 11 10
internal_value=-3.12044e-11 0.000793921 0.0147683 0.00766833 0.0188169 0.0322071 -0.00195359 -0.000211698 -0.00228828 -0.00439743 -0.00108016 0.0209476 -0.00718424 -0.0107456
internal_weight=363 353 58 48 37 27 295 273 251 229 212 46 166 155
internal_count=363 353 58 48 37 27 295 273 251 229 212 46 166 155
is_linear=0
shrinkage=0.05


Tree=133
num_leaves=15
num_cat=0
split_feature=0 0 1 1 1 2 0 0 3 3 0 4 3 0
split_gain=2.9157 4.89278 5.06635 7.24427 6.46617 8.56676 4.26802 10.9069 9.50716 6.78797 8.65496 10.2904 17.856 10.7102
threshold=0.58188918547082713 0.24516384365908575 29.907779491449531 25.687046228719613 21.292607122520348 27.500000000000004 0.21671553631719517 0.21468247736682336 7.3608976471372758 44.477308154870961 0.20781971510622008 15.500000000000002 2.3013659846084087 0.20347223807725226
decision_type=2 2 2 2 2 2 2 2 2 2 2 2 2 2
left_child=1 6 3 4 -3 -6 7 9 -8 10 11 13 -13 -1
right_child=-2 2 -4 -5 5 -7 8 -9 -10 -11 -12 12 -14 -15
leaf_value=-0.010208360002706609 -0.026624155379831795 -0.016469835937023166 0.046406011730432517 -0.028339794820005246 0.053949200268834818 -0.0033704940568317072 0.015652458921361429 0.051554633136838682 -0.038279529356143698 0.027881105823649301 -0.035434470176696778 -0.039206105321645736 0.036318659606493185 0.040849251367829069
leaf_weight=155 9.9999999999999982 9.9999999999999982 9.9999999999999982 10.999999999999998 16.000000000000004 10.999999999999998 12.999999999999998 9.9999999999999982 22 18 20 9.9999999999999982 36 10.999999999999998
leaf_count=155 10 10 10 11 16 11 13 10 22 18 20 10 36 11
internal_value=1.12503e-10 0.000754225 0.0140299 0.00728491 0.017876 0.0305967 -0.00185591 0.000350667 -0.0182476 -0.00169749 -0.00399238 -0.00102615 0.0199002 -0.00682502
internal_weight=363 353 58 48 37 27 295 260 35 250 232 212 46 166
internal_count=363 353 58 48 37 27 295 260 35 250 232 212 46 166
is_linear=0
shrinkage=0.05


Tree=134
num_leaves=15
num_cat=0
split_feature=2 1 2 3 3 1 3 0 1 0 4 3 0 1
split_gain=2.75072 9.53625 8.34735 24.7235 16.6094 10.9513 27.7143 25.1473 15.8055 8.53096 8.24435 6.54044 6.33656 27.4157
threshold=33.500000000000007 30.286541006484825 30.500000000000004 11.312248473080365 4.7375855073149857 27.51587185798542 24.620985406743042 0.16263780443994127 26.778760401399452 0.19696634327407156 16.500000000000004 2.6007864582671623 0.16124299808971335 42.545534002999283
decision_type=2 2 2 2 2 2 2 2 2 2 2 2 2 2
left_child=2 -2 5 4 11 8 7 -7 -1 -9 -11 -4 13 -3
right_child=1 12 3 -5 -6 6 -8 9 -10 10 -12 -13 -14 -15
leaf_value=0.001230995640343496 -0.046983288371792213 0.082174882441759078 -0.0044919007542458438 0.072332485206425198 -0.050357826054096222 -0.07720408529043199 -0.094961897283792507 0.042787654298756805 0.061184635261694591 0.020189226273861199 -0.028364377553739092 0.050032638690688393 -0.0083814590005204092 -0.034905586298555134
leaf_weight=131 12.999999999999998 10.000000000000002 11.000000000000002 15.999999999999998 11.999999999999998 9.9999999999999982 9.9999999999999982 13.999999999999998 11.999999999999998 18 17 10.999999999999998 68 9.9999999999999982
leaf_count=131 13 10 11 16 12 10 10 14 12 18 17 11 68 10
internal_value=2.61694e-11 -0.00701019 0.0027024 0.0210795 -0.00303958 -0.00163182 -0.0179916 -0.0049458 0.00626207 0.00980079 -0.00339395 0.0227704 -0.00110507 0.0236346
internal_weight=363 101 262 50 34 212 69 59 143 49 35 22 88 20
internal_count=363 101 262 50 34 212 69 59 143 49 35 22 88 20
is_linear=0
shrinkage=0.05


Tree=135
num_leaves=15
num_cat=0
split_feature=0 3 1 1 1 2 0 1 0 1 4 1 1 0
split_gain=2.55817 4.58029 6.81894 17.1897 10.7189 22.7683 10.901 10.0363 14.3182 13.1003 9.46709 9.98517 30.4197 8.16871
threshold=0.58188918547082713 1.4272395205449415 32.282707802799457 33.822575691797404 30.286541006484825 30.500000000000004 0.3795318053144498 35.674551556447689 0.16124299808971335 37.577076486965687 7.5000000000000009 25.937891605395283 21.451679169957895 0.27704490659323061
decision_type=2 2 2 2 2 2 2 2 2 2 2 2 2 2
left_child=1 -1 4 -4 6 -6 10 -5 -9 -10 11 12 -3 -12
right_child=-2 2 3 7 5 -7 -8 8 9 -11 13 -13 -14 -15
leaf_value=0.017874036074749061 -0.024938428550958635 0.054106736841301108 -0.057607930834295565 0.031816752517924589 -0.026618574424223457 0.062939449280966078 -0.041478499521811804 0.027723387504617378 -0.075427875518798829 -0.0120289438912137 -0.0078632402274988397 0.056143884211778641 -0.050391553958448077 0.039284423589706421
leaf_weight=35 9.9999999999999982 15.000000000000002 17 17 11.000000000000002 20 14.999999999999998 18 9.9999999999999982 44 113 14.999999999999998 12.999999999999998 9.9999999999999982
leaf_count=35 10 15 17 17 11 20 15 18 10 44 113 15 13 10
internal_value=3.59829e-11 0.000706471 -0.00118304 -0.0115376 0.00399422 0.0311608 -0.00065862 -0.0027376 -0.0108963 -0.0237695 0.00302992 0.0232249 0.00558967 -0.0040301
internal_weight=363 353 318 106 212 31 181 89 72 54 166 43 28 123
internal_count=363 353 318 106 212 31 181 89 72 54 166 43 28 123
is_linear=0
shrinkage=0.05


Tree=136
num_leaves=15
num_cat=0
split_feature=2 0 3 0 0 2 0 1 1 4 1 4 1 2
split_gain=2.62799 4.07794 16.5406 11.9082 23.9325 4.23472 3.96198 3.58794 13.8097 9.51926 7.55045 6.52963 15.0679 18.5372
threshold=12.500000000000002 0.24516384365908575 2.7018668802173749 0.57834252654114304 0.3795318053144498 23.500000000000004 0.22500426083871108 19.283800269256918 21.825108049454268 6.5000000000000009 24.515584642364853 14.500000000000002 27.51587185798542 26.500000000000004
decision_type=2 2 2 2 2 2 2 2 2 2 2 2 2 2
left_child=-1 6 -3 4 5 -4 7 -2 -9 -10 -11 12 -12 -14
right_child=1 2 3 -5 -6 -7 -8 8 9 10 11 -13 13 -15
leaf_value=-0.024065957887267526 -0.021934464558338126 -0.031858313456177713 0.023877187967300408 0.075391052663326269 -0.032460600044578312 0.067932961384455356 -0.02596477254992351 0.039025879854505716 -0.050144388675689704 -0.030414950298635585 0.04748082526705482 -0.0080190606382401549 -0.044132749405172138 0.012158935760649352
leaf_weight=10.999999999999998 18 15.999999999999998 10.000000000000002 9.9999999999999982 15.999999999999998 11.999999999999998 15.999999999999998 22 9.9999999999999982 19 22 85 18 78
leaf_count=11 18 16 10 10 16 12 16 22 10 19 22 85 18 78
internal_value=-4.59247e-11 0.000752061 0.0121684 0.0268439 0.0140684 0.0479076 -0.0017849 -0.000362549 0.00116617 -0.00242398 -0.000274408 0.00254663 0.0101575 0.00160424
internal_weight=363 352 64 48 38 22 288 272 254 232 222 203 118 96
internal_count=363 352 64 48 38 22 288 272 254 232 222 203 118 96
is_linear=0
shrinkage=0.05


Tree=137
num_leaves=15
num_cat=0
split_feature=0 0 3 2 2 3 3 1 4 3 3 1 1 0
split_gain=2.86433 5.32232 4.62805 3.00227 10.3179 3.86779 11.7311 8.90438 13.8611 21.2303 19.9584 8.44076 12.4278 7.97008
threshold=0.58188918547082713 0.42313774298843893 4.7375855073149857 44.500000000000007 42.500000000000007 6.6034504521373156 7.6554708949471477 20.776960644465053 11.500000000000002 10.375191108475454 12.21057293511541 30.044625459953725 26.085739572378152 0.18430426923396026
decision_type=2 2 2 2 2 2 2 2 2 2 2 2 2 2
left_child=1 3 -3 4 5 13 -7 -8 11 -10 -11 12 -9 -1
right_child=-2 2 -4 -5 -6 6 7 8 9 10 -12 -13 -14 -15
leaf_value=-0.020347662161414825 -0.026388567984104157 0.047494562376629211 0.0016288979486985642 -0.026519072394479405 0.050036233067512516 0.041770161415398535 0.03194904948274295 -0.031983778644995443 -0.045739353276216067 0.089163948595523845 0.010189289851114156 -0.051961651093819561 0.019249361207475887 0.0031919746600751636
leaf_weight=66 9.9999999999999982 11.000000000000002 10.999999999999998 10.999999999999998 9.9999999999999982 18 18 29 12.999999999999998 9.9999999999999982 40 17 20 79
leaf_count=66 10 11 11 11 10 18 18 29 13 10 40 17 20 79
internal_value=1.98323e-10 0.000747552 0.0245617 -0.000835264 4.76171e-05 -0.00156492 0.00367064 -0.000994613 -0.0055914 0.0111841 0.0259842 -0.0216044 -0.0110723 -0.00752262
internal_weight=363 353 22 331 320 310 165 147 129 63 50 66 49 145
internal_count=363 353 22 331 320 310 165 147 129 63 50 66 49 145
is_linear=0
shrinkage=0.05


Tree=138
num_leaves=15
num_cat=0
split_feature=0 0 3 2 2 3 3 3 2 2 3 2 2 1
split_gain=2.58506 4.80339 4.17682 2.70955 9.31189 3.49068 10.5934 11.8426 12.2173 16.0711 17.6047 15.1432 11.7003 9.16838
threshold=0.58188918547082713 0.42313774298843893 4.7375855073149857 44.500000000000007 42.500000000000007 6.6034504521373156 8.8401327676055441 9.6994016401493024 28.500000000000004 34.500000000000007 17.215124489346362 37.500000000000007 24.500000000000004 20.776960644465053
decision_type=2 2 2 2 2 2 2 2 2 2 2 2 2 2
left_child=1 3 -3 4 5 -1 12 -8 13 10 -10 -11 -7 -9
right_child=-2 2 -4 -5 -6 6 7 8 9 11 -12 -13 -14 -15
leaf_value=-0.0071464880016343353 -0.025069136694073679 0.045119835029948832 0.0015474534847519615 -0.025193118371746759 0.047534424960613254 0.075044300947338327 -0.047535640029953079 0.025604032774766292 0.093460232019424425 -0.050271588834849258 0.010929436130183084 0.034742647558450704 0.0068847998100168561 -0.01789180305195115
leaf_weight=145 9.9999999999999982 11.000000000000002 10.999999999999998 10.999999999999998 9.9999999999999982 10.000000000000002 12.999999999999998 14.999999999999998 12.000000000000002 11.000000000000002 13.999999999999998 9.9999999999999982 17 63
leaf_count=145 10 11 11 11 10 10 13 15 12 11 14 10 17 63
internal_value=1.86393e-10 0.000710174 0.0233336 -0.000793501 4.52361e-05 -0.00148667 0.0034871 -0.00211676 0.00260681 0.0227441 0.0490206 -0.00978862 0.0321291 -0.00952722
internal_weight=363 353 22 331 320 310 165 138 125 47 26 21 27 78
internal_count=363 353 22 331 320 310 165 138 125 47 26 21 27 78
is_linear=0
shrinkage=0.05


Tree=139
num_leaves=15
num_cat=0
split_feature=0 3 4 0 1 2 0 0 4 0 4 0 3 0
split_gain=2.6088 7.85487 13.6888 15.5256 13.3774 10.203 13.3059 18.2699 7.80576 19.5183 7.46749 6.29978 15.0037 13.1541
threshold=0.18430426923396026 10.911498086901323 13.500000000000002 0.16124299808971335 19.283800269256918 32.500000000000007 0.16263780443994127 0.138136334488209 14.500000000000002 0.16263780443994127 9.0000000000000018 0.19696634327407156 11.777747910690712 0.20263218458347004
decision_type=2 2 2 2 2 2 2 2 2 2 2 2 2 2
left_child=1 4 3 10 -1 6 7 -6 -7 -10 -3 12 -2 -13
right_child=11 2 -4 -5 5 8 -8 -9 9 -11 -12 13 -14 -15
leaf_value=-0.062941812817007309 0.043744142697407652 -0.0087154286248343326 0.059879637306386783 -0.040455752429004538 0.026667362004518511 0.00053926292392942644 0.060780513435602194 -0.046330790023008987 0.0020725190639495844 -0.088108484695355094 0.039973689946863393 -0.050939202541485429 -0.022043218807532239 0.0034240649635690493
leaf_weight=11.999999999999998 26 13.999999999999998 10.999999999999998 17 20 18 9.9999999999999982 14.999999999999998 12.000000000000002 11.999999999999998 18 11.999999999999998 12.999999999999998 153
leaf_count=12 26 14 11 17 20 18 10 15 12 12 18 12 13 153
internal_value=-2.00311e-10 -0.00480124 0.00947398 -0.00184158 -0.0134529 -0.00662683 0.00991534 -0.00461756 -0.0243506 -0.043018 0.0186722 0.00374214 0.021815 -0.000529627
internal_weight=363 159 60 49 99 87 45 35 42 24 32 204 39 165
internal_count=363 159 60 49 99 87 45 35 42 24 32 204 39 165
is_linear=0
shrinkage=0.05


Tree=140
num_leaves=15
num_cat=0
split_feature=3 2 2 4 4 1 3 3 2 3 3 3 0 0
split_gain=2.61095 2.63233 3.50622 7.85427 16.6294 12.0462 5.19203 8.67672 6.92806 6.84646 38.8722 11.8902 26.3822 25.6725
threshold=50.459511696747882 12.500000000000002 21.500000000000004 10.500000000000002 15.500000000000002 21.825108049454268 26.672181809273017 15.233115232496893 23.500000000000004 11.628055157923695 10.569099595347817 4.7427984904876892 0.17262606224361707 0.2242568592556636
decision_type=2 2 2 2 2 2 2 2 2 2 2 2 2 2
left_child=1 -1 3 5 -5 -3 7 8 -4 10 11 -10 -13 -14
right_child=-2 2 6 4 -6 -7 -8 -9 9 -11 -12 12 13 -15
leaf_value=-0.026247200295329093 0.018564758284224405 0.054597316268417566 -0.041946462338620968 -0.053089987114071847 0.019518481486517452 -0.013846974521875383 -0.021936947323622242 0.029009878270975922 0.0064894471989909762 -0.028287378068835963 0.093001150813969702 -0.074191653728485116 0.023931524428454313 -0.050301240798499847
leaf_weight=9.9999999999999982 18 18.000000000000004 10.999999999999998 11.999999999999998 23 9.9999999999999982 31 23 107 21 10.999999999999998 17 33 18
leaf_count=10 18 18 11 12 23 10 31 23 107 21 11 17 33 18
internal_value=-4.81055e-12 -0.000968596 -0.000214011 0.0104147 -0.00537585 0.0301529 -0.00267581 -0.000198238 -0.00327983 -0.00122508 0.00183034 -0.0039004 -0.0202491 -0.00226828
internal_weight=363 345 335 63 35 28 272 241 218 207 186 175 68 51
internal_count=363 345 335 63 35 28 272 241 218 207 186 175 68 51
is_linear=0
shrinkage=0.05


Tree=141
num_leaves=15
num_cat=0
split_feature=3 1 2 3 1 3 1 3 3 3 1 2 3 0
split_gain=2.53957 9.4091 12.1214 6.37375 6.46684 7.10797 7.87565 7.74751 18.8192 9.03854 6.3734 5.84668 5.7582 10.5018
threshold=35.214040636101437 31.160350471501008 21.500000000000004 26.672181809273017 19.63127900317345 16.615502785955751 21.825108049454268 11.628055157923695 10.569099595347817 14.256261695895477 20.677458910471447 18.500000000000004 4.6952170247517371 0.3795318053144498
decision_type=2 2 2 2 2 2 2 2 2 2 2 2 2 2
left_child=3 2 -2 4 -1 6 10 8 12 -9 -6 -12 -8 -14
right_child=1 -3 -4 -5 5 -7 7 9 -10 -11 11 -13 13 -15
leaf_value=-0.025246841104134273 0.034648054155210647 0.051236878267743369 -0.031829368649050595 -0.030365710312293639 -0.0076378079977902497 0.028964412633491601 0.0042007243735188585 -0.054406337117155382 0.063789937171069053 0.0014546275005808899 0.064498111808841865 0.011673305965960027 -0.0067762087099254133 -0.061457897722721103
leaf_weight=23 12.000000000000002 10.999999999999998 15.999999999999998 18 10.999999999999998 23 106 15.000000000000002 10.999999999999998 13.999999999999998 11.000000000000002 9.9999999999999982 72 9.9999999999999982
leaf_count=23 12 11 16 18 11 23 106 15 11 14 11 10 72 10
internal_value=-2.77088e-11 0.0120542 -0.00333904 -0.00145096 0.000249903 0.00232208 -3.47453e-05 -0.00329487 0.000223619 -0.027439 0.0231936 0.0393434 -0.00349569 -0.0134447
internal_weight=363 39 28 324 306 283 260 228 199 29 32 21 188 82
internal_count=363 39 28 324 306 283 260 228 199 29 32 21 188 82
is_linear=0
shrinkage=0.05


Tree=142
num_leaves=15
num_cat=0
split_feature=2 1 0 4 2 0 3 3 3 0 3 2 3 2
split_gain=2.39038 8.4054 6.7725 7.47905 12.5257 7.53548 5.20584 5.57028 20.4462 17.4501 9.51599 9.10881 11.1605 15.9697
threshold=33.500000000000007 30.286541006484825 0.57093510892922505 6.5000000000000009 23.500000000000004 0.33675979141878626 0.53004258760060174 3.2669359738780983 4.6344965535754428 0.18178920676927321 2.0462993918630548 30.500000000000004 8.2599200577655765 25.500000000000004
decision_type=2 2 2 2 2 2 2 2 2 2 2 2 2 2
left_child=2 -2 3 4 -1 6 -5 9 -9 -8 -11 12 13 -10
right_child=1 -3 -4 5 -6 -7 7 8 11 10 -12 -13 -14 -15
leaf_value=0.014318779781460759 -0.044063157874804276 -0.00099096629366447991 0.040919472412629561 -0.034193114638328553 -0.061450103422005978 0.036604568199254575 -0.0164827024613164 -0.059207291874502389 0.040818561992511666 0.020061965738064964 0.084938729852437986 0.035392832942306995 -0.011329166907817127 -0.025873215496540071
leaf_weight=10.000000000000002 12.999999999999998 88 10.999999999999998 9.9999999999999982 11.999999999999998 15.999999999999998 19 13.999999999999998 29 13.000000000000002 9.9999999999999982 20 85 12.999999999999998
leaf_count=10 13 88 11 10 12 16 19 14 29 13 10 20 85 13
internal_value=0 -0.00653491 0.00251918 0.000836302 -0.0270097 0.00351146 0.0010256 0.00276051 -0.0014698 0.0189767 0.0482693 0.00402901 -0.000910179 0.0201759
internal_weight=363 101 262 251 22 229 213 203 161 42 23 147 127 42
internal_count=363 101 262 251 22 229 213 203 161 42 23 147 127 42
is_linear=0
shrinkage=0.05


Tree=143
num_leaves=15
num_cat=0
split_feature=0 0 3 2 2 2 1 0 4 0 0 0 3 3
split_gain=2.38945 4.49758 3.39482 2.49027 8.71912 4.88473 8.76807 5.55094 4.0277 3.49454 6.93703 7.85717 6.28995 6.23708
threshold=0.58188918547082713 0.42313774298843893 4.7375855073149857 44.500000000000007 40.500000000000007 35.500000000000007 39.576542236382451 0.3226562617822667 14.500000000000002 0.24516384365908575 0.21671553631719517 0.21468247736682336 7.3608976471372758 44.477308154870961
decision_type=2 2 2 2 2 2 2 2 2 2 2 2 2 2
left_child=1 3 -3 4 5 7 8 9 -7 10 11 13 -11 -1
right_child=-2 2 -4 -5 -6 6 -8 -9 -10 12 -12 -13 -14 -15
leaf_value=-0.0011081827951533842 -0.024101972542703153 0.042215398224917315 0.0029330601746385748 -0.024163737825372004 0.032882016465852142 0.01810892155537238 -0.051980287180497103 -0.030098003388515544 -0.01935953616630286 0.05047567605972289 -0.021108434886082252 0.047187505140900615 -0.0043150507590987465 0.032550135354201003
leaf_weight=167 9.9999999999999982 11.000000000000002 10.999999999999998 10.999999999999998 19 13.000000000000002 12.999999999999998 13.999999999999998 15.999999999999998 10.000000000000002 32 9.9999999999999982 10.999999999999998 14.999999999999998
leaf_count=167 10 11 11 11 19 13 13 14 16 10 32 10 11 15
internal_value=-6.7941e-11 0.000682775 0.0225742 -0.000772246 3.18368e-05 -0.00204176 -0.0178591 0.000523204 -0.00256333 0.00227299 0.000444601 0.00403677 0.0217758 0.00166585
internal_weight=363 353 22 331 320 301 42 259 29 245 224 192 21 182
internal_count=363 353 22 331 320 301 42 259 29 245 224 192 21 182
is_linear=0
shrinkage=0.05


Tree=144
num_leaves=15
num_cat=0
split_feature=0 3 1 4 0 2 0 0 4 4 0 0 3 0
split_gain=2.1775 6.02234 12.3643 11.5716 13.5773 9.35272 11.6766 15.6549 7.06378 6.75855 17.6974 5.77507 12.6558 11.8784
threshold=0.18430426923396026 10.911498086901323 19.283800269256918 13.500000000000002 0.16124299808971335 32.500000000000007 0.16263780443994127 0.138136334488209 9.0000000000000018 14.500000000000002 0.16263780443994127 0.19696634327407156 11.777747910690712 0.20263218458347004
decision_type=2 2 2 2 2 2 2 2 2 2 2 2 2 2
left_child=1 2 -1 4 8 6 7 -4 -3 -7 -11 12 -2 -13
right_child=11 3 5 -5 -6 9 -8 -9 -10 10 -12 13 -14 -15
leaf_value=-0.059539915341883902 0.040863056366260239 -0.0097440567399774275 0.025783896781504157 0.05445706939155405 -0.038400764599004211 0.00079149260289139228 0.058087640104349705 -0.041788338969151184 0.037610650269521609 0.0031969661513964326 -0.082674546291430798 -0.048574075661599637 -0.019557982941086478 0.0030859303191985961
leaf_weight=11.999999999999998 26 13.999999999999998 20 10.999999999999998 17 18 9.9999999999999982 14.999999999999998 18 12.000000000000002 11.999999999999998 11.999999999999998 12.999999999999998 153
leaf_count=12 26 14 20 11 17 18 10 15 18 12 12 12 13 153
internal_value=-9.08873e-11 -0.00438644 -0.011962 0.00811316 -0.00229057 -0.00539948 0.0104384 -0.00317563 0.016893 -0.0223687 -0.0397388 0.00341884 0.0207227 -0.000671161
internal_weight=363 159 99 60 49 87 45 35 32 42 24 204 39 165
internal_count=363 159 99 60 49 87 45 35 32 42 24 204 39 165
is_linear=0
shrinkage=0.05


Tree=145
num_leaves=15
num_cat=0
split_feature=0 0 3 2 2 1 1 3 1 1 4 3 2 0
split_gain=2.18564 3.99736 3.06383 2.23518 8.18951 3.59767 9.72418 9.35325 4.97054 9.86753 9.00973 6.91757 6.6677 16.4465
threshold=0.58188918547082713 0.42313774298843893 4.7375855073149857 44.500000000000007 42.500000000000007 36.278699160909532 47.104645492170057 4.6344965535754428 33.822575691797404 32.282707802799457 14.500000000000002 0.84467134774562835 31.500000000000004 0.3226562617822667
decision_type=2 2 2 2 2 2 2 2 2 2 2 2 2 2
left_child=1 3 -3 4 5 8 7 -7 9 11 -10 -1 13 -13
right_child=-2 2 -4 -5 -6 6 -8 -9 10 -11 -12 12 -14 -15
leaf_value=-0.034929356103142101 -0.023051171675324441 0.039950330961834285 0.0026321098208427433 -0.022879772023721177 0.044578403234481812 -0.065987692096016626 0.019313884328585121 -0.01098688726241772 0.052988269552588452 -0.035620448806960331 -0.011272599995136261 0.0037486947423988775 0.022726988954803882 -0.062409288045018912
leaf_weight=11.999999999999998 9.9999999999999982 11.000000000000002 10.999999999999998 10.999999999999998 9.9999999999999982 10.999999999999998 15.999999999999998 26 12.000000000000002 19 9.9999999999999982 155 39 9.9999999999999982
leaf_count=12 10 11 11 11 10 11 16 26 12 19 10 155 39 10
internal_value=-1.45214e-10 0.000653008 0.0212912 -0.000718717 4.30697e-05 -0.00139355 -0.0132547 -0.0273385 0.00105253 -0.00107504 0.0237788 0.00196368 0.00413386 -0.00026088
internal_weight=363 353 22 331 320 310 53 37 257 235 22 216 204 165
internal_count=363 353 22 331 320 310 53 37 257 235 22 216 204 165
is_linear=0
shrinkage=0.05


Tree=146
num_leaves=15
num_cat=0
split_feature=2 1 0 4 2 0 0 1 0 3 0 2 3 3
split_gain=2.08713 8.15805 6.55005 6.84063 11.7771 7.23213 4.57434 23.1327 12.7683 6.91383 18.5379 13.9128 4.17643 5.11276
threshold=33.500000000000007 30.286541006484825 0.57093510892922505 6.5000000000000009 25.500000000000004 0.33675979141878626 0.16124299808971335 42.545534002999283 0.17262606224361707 4.5124453830028095 0.19387667207569328 36.500000000000007 0.53004258760060174 3.2669359738780983
decision_type=2 2 2 2 2 2 2 2 2 2 2 2 2 2
left_child=2 -2 3 4 -1 12 7 -3 -8 10 -10 -11 -5 -14
right_child=1 6 -4 5 -6 -7 8 -9 9 11 -12 -13 13 -15
leaf_value=0.0074633642410238572 -0.043078276916192128 0.074148921221494649 0.040118341012434527 -0.030722937881946567 -0.066006546318531034 0.035677562357159333 -0.059005910605192183 -0.033398112580180168 -0.066237462074919165 0.057463186864669502 0.02050052471458912 -0.0089794521592557446 0.017911973812927803 -0.0016768335972143257
leaf_weight=12.000000000000002 12.999999999999998 10.000000000000002 10.999999999999998 9.9999999999999982 9.9999999999999982 15.999999999999998 9.9999999999999982 9.9999999999999982 11.000000000000002 12.999999999999998 13.999999999999998 20 42 161
leaf_count=12 13 10 11 10 10 16 10 10 11 13 14 20 42 161
internal_value=-4.36157e-12 -0.00610635 0.00235397 0.000698961 -0.025932 0.0032574 -0.000644584 0.0203754 -0.00682693 0.00216944 -0.0176642 0.0171949 0.000822081 0.00237602
internal_weight=363 101 262 251 22 229 88 20 68 58 25 33 213 203
internal_count=363 101 262 251 22 229 88 20 68 58 25 33 213 203
is_linear=0
shrinkage=0.05


Tree=147
num_leaves=15
num_cat=0
split_feature=0 3 1 1 1 2 0 4 1 1 1 0 1 3
split_gain=2.32898 4.27634 5.59322 13.1794 9.33743 18.765 9.86997 8.28989 9.11718 24.6281 8.20586 10.0631 11.4401 7.19568
threshold=0.58188918547082713 1.4272395205449415 32.282707802799457 33.822575691797404 30.286541006484825 30.500000000000004 0.3795318053144498 7.5000000000000009 25.937891605395283 21.451679169957895 35.674551556447689 0.16124299808971335 40.930063937761204 5.0844750158343563
decision_type=2 2 2 2 2 2 2 2 2 2 2 2 2 2
left_child=1 -1 4 -4 6 -6 7 8 9 -3 -5 -12 -13 -7
right_child=-2 2 3 10 5 13 -8 -9 -10 -11 11 12 -14 -15
leaf_value=0.017262250257522933 -0.023795073181390763 0.048405675565203025 -0.050869477627908478 0.028420779897886161 -0.023561600934375412 0.027751829028129567 -0.039647020356108752 -0.0039021445669203516 0.053057755480209995 -0.045620234310626985 0.022175173254476654 -0.047711659773536357 -0.0011704296286728594 0.087733823396265509
leaf_weight=35 9.9999999999999982 15.000000000000002 17 17 11.000000000000002 10.000000000000002 14.999999999999998 123 14.999999999999998 12.999999999999998 18 23 31 9.9999999999999982
leaf_count=35 10 15 17 17 11 10 15 123 15 13 18 23 31 10
internal_value=1.03651e-10 0.000674081 -0.00115166 -0.0105295 0.00353726 0.0288929 -0.000805418 0.00270437 0.0216021 0.00475079 -0.0028241 -0.0102014 -0.0209935 0.0577428
internal_weight=363 353 318 106 212 31 181 166 43 28 89 72 54 20
internal_count=363 353 318 106 212 31 181 166 43 28 89 72 54 20
is_linear=0
shrinkage=0.05


Tree=148
num_leaves=15
num_cat=0
split_feature=0 0 3 2 2 2 1 0 4 0 0 0 3 3
split_gain=2.10191 3.98471 2.6663 2.26048 9.32461 4.02163 7.61766 4.46788 3.35847 3.24494 6.42975 7.0429 5.91964 5.84286
threshold=0.58188918547082713 0.42313774298843893 4.7375855073149857 40.500000000000007 43.500000000000007 35.500000000000007 39.576542236382451 0.3226562617822667 14.500000000000002 0.24516384365908575 0.21671553631719517 0.21468247736682336 44.477308154870961 7.3608976471372758
decision_type=2 2 2 2 2 2 2 2 2 2 2 2 2 2
left_child=1 3 -3 5 -5 7 8 9 -7 10 11 12 -1 -11
right_child=-2 2 -4 4 -6 6 -8 -9 -10 13 -12 -13 -14 -15
leaf_value=-0.0013872310892862833 -0.022605317682027819 0.038652455264871766 0.003839329697869041 0.03843425437808036 -0.017441315203905107 0.016748227064426125 -0.048189796478702474 -0.027178267525908142 -0.017466083855833859 0.048318009674549085 -0.020648357881873382 0.044413648992776875 0.031403377627333008 -0.0044895237142389471
leaf_weight=167 9.9999999999999982 11.000000000000002 10.999999999999998 16.000000000000004 13.999999999999998 13.000000000000002 12.999999999999998 13.999999999999998 15.999999999999998 10.000000000000002 32 9.9999999999999982 14.999999999999998 10.999999999999998
leaf_count=167 10 11 11 16 14 13 13 14 16 10 32 10 15 11
internal_value=1.97297e-10 0.000640377 0.0212459 -0.000729173 0.012359 -0.00203364 -0.0163857 0.000293713 -0.00212863 0.00186354 0.000101661 0.00356 0.00131529 0.0206569
internal_weight=363 353 22 331 30 301 42 259 29 245 224 192 182 21
internal_count=363 353 22 331 30 301 42 259 29 245 224 192 182 21
is_linear=0
shrinkage=0.05


Tree=149
num_leaves=15
num_cat=0
split_feature=2 0 3 0 4 3 3 3 1 4 0 0 4 3
split_gain=2.11359 2.90947 18.0995 11.8937 19.4233 5.34263 3.36655 6.35036 5.98565 10.2142 8.92546 6.46611 9.8603 12.7455
threshold=12.500000000000002 0.24516384365908575 2.7018668802173749 0.57834252654114304 6.5000000000000009 7.0329348526421258 1.4272395205449415 1.8297240500793333 20.90067866282261 10.500000000000002 0.22500426083871108 0.17262606224361707 7.5000000000000009 10.911498086901323
decision_type=2 2 2 2 2 2 2 2 2 2 2 2 2 2
left_child=-1 6 -3 4 -4 -6 -2 -8 9 -9 11 12 -10 -14
right_child=1 2 3 -5 5 -7 7 8 10 -11 -12 -13 13 -15
leaf_value=-0.021582508087158205 0.014686947360490289 -0.03573722718283534 -0.039716999853650736 0.074186681210994726 0.061667797714471798 0.016202564005340852 -0.040452161634510216 0.052509289234876626 0.030577826770869173 -0.0090394369126962758 -0.048247396827421407 0.0047695084727362143 -0.042093398684964464 0.0012002875425798053
leaf_weight=10.999999999999998 29 15.999999999999998 11.999999999999998 9.9999999999999982 12.000000000000002 13.999999999999998 10.999999999999998 13.000000000000002 10.999999999999998 13.999999999999998 10.999999999999998 131 34 34
leaf_count=11 29 16 12 10 12 14 11 13 11 14 11 131 34 34
internal_value=-1.16127e-10 0.000674453 0.0103174 0.025669 0.0129012 0.0371865 -0.00146843 -0.00327734 -0.00162845 0.0205951 -0.00434355 -0.00204383 -0.0133419 -0.0204466
internal_weight=363 352 64 48 38 26 288 259 248 27 221 210 79 68
internal_count=363 352 64 48 38 26 288 259 248 27 221 210 79 68
is_linear=0
shrinkage=0.05


Tree=150
num_leaves=15
num_cat=0
split_feature=0 0 3 2 2 1 1 3 2 4 1 3 1 4
split_gain=2.38611 3.91038 2.54481 2.21665 8.37633 3.65868 12.431 7.96477 4.69775 4.00231 10.6929 32.0225 30.812 7.87089
threshold=0.58188918547082713 0.42313774298843893 4.7375855073149857 40.500000000000007 43.500000000000007 39.576542236382451 47.104645492170057 0.53004258760060174 32.500000000000007 7.5000000000000009 25.937891605395283 13.166052494933639 21.451679169957895 11.500000000000002
decision_type=2 2 2 2 2 2 2 2 2 2 2 2 2 2
left_child=1 3 -3 5 -5 7 8 -1 -7 10 12 -12 -9 -11
right_child=-2 2 -4 4 -6 6 -8 9 -10 13 11 -13 -14 -15
leaf_value=-0.043567723482847216 -0.024085148312151434 0.038100122592665923 0.004089364273981615 0.037000085506588218 -0.015958138342414583 -0.014757732640613206 0.01809065461602586 0.04457822849353154 -0.059154614268873751 -0.015881517593516036 0.075577168746127021 -0.036016680896282197 -0.055170066282153131 0.0055937040488970528
leaf_weight=9.9999999999999982 9.9999999999999982 11.000000000000002 10.999999999999998 16.000000000000004 13.999999999999998 11.000000000000002 15.999999999999998 15.000000000000002 12.999999999999998 64 18.000000000000004 9.9999999999999982 15.999999999999998 128
leaf_count=10 10 11 11 16 14 11 16 15 13 64 18 10 16 128
internal_value=2.36471e-10 0.000682299 0.0210947 -0.000674419 0.0122862 -0.00196618 -0.0160474 0.000191856 -0.038806 0.00193527 0.013325 0.0357222 -0.00690476 -0.0015647
internal_weight=363 353 22 331 30 301 40 261 24 251 59 28 31 192
internal_count=363 353 22 331 30 301 40 261 24 251 59 28 31 192
is_linear=0
shrinkage=0.05


Tree=151
num_leaves=15
num_cat=0
split_feature=0 3 1 1 1 2 0 1 0 1 4 1 1 3
split_gain=2.15347 3.87754 4.75158 12.1049 8.2706 16.9741 9.1383 6.77597 9.7532 11.3556 6.41906 7.89576 19.5358 6.33921
threshold=0.58188918547082713 1.4272395205449415 32.282707802799457 33.822575691797404 30.286541006484825 30.500000000000004 0.3795318053144498 35.674551556447689 0.16124299808971335 37.577076486965687 7.5000000000000009 25.937891605395283 21.451679169957895 5.0844750158343563
decision_type=2 2 2 2 2 2 2 2 2 2 2 2 2 2
left_child=1 -1 4 -4 6 -6 10 -5 -9 -10 11 12 -3 -7
right_child=-2 2 3 7 5 13 -8 8 9 -11 -12 -13 -14 -15
leaf_value=0.016443941779434684 -0.022880893126130106 0.042349316676457721 -0.048394392518436212 0.026043166746111481 -0.022794009609655896 0.026383759379386897 -0.038229840739319725 0.022821065742108557 -0.067773253843188289 -0.0087469372665509582 -0.0032919098274797444 0.048423604195316633 -0.041393439357097335 0.082683025964070123
leaf_weight=35 9.9999999999999982 15.000000000000002 17 17 11.000000000000002 10.000000000000002 14.999999999999998 18 9.9999999999999982 44 123 14.999999999999998 12.999999999999998 9.9999999999999982
leaf_count=35 10 15 17 17 11 10 15 18 10 44 123 15 13 10
internal_value=-2.00055e-10 0.000648184 -0.00109034 -0.00973386 0.00323142 0.0270946 -0.000855654 -0.00234927 -0.00905304 -0.0196777 0.00252153 0.0191507 0.00346875 0.0545334
internal_weight=363 353 318 106 212 31 181 89 72 54 166 43 28 20
internal_count=363 353 318 106 212 31 181 89 72 54 166 43 28 20
is_linear=0
shrinkage=0.05


Tree=152
num_leaves=15
num_cat=0
split_feature=0 3 3 4 0 4 3 1 2 0 0 0 3 0
split_gain=1.98438 5.13795 12.884 8.71972 9.64253 18.5403 20.7394 16.5243 14.36 13.5103 13.4457 4.84324 10.7395 10.6433
threshold=0.18430426923396026 3.5349209757263877 1.7533887276724069 15.500000000000002 0.15618500335845617 14.500000000000002 11.628055157923695 35.938140735315812 14.500000000000002 0.14653417918684256 0.11421914061704323 0.19696634327407156 11.777747910690712 0.20263218458347004
decision_type=2 2 2 2 2 2 2 2 2 2 2 2 2 2
left_child=1 2 -1 4 7 6 -6 8 -3 10 -10 12 -2 -13
right_child=11 3 -4 -5 5 -7 -8 -9 9 -11 -12 13 -14 -15
leaf_value=0.0073016608488701649 0.037663257551880991 0.042841784966488682 -0.049523316051712951 0.034176642612061083 0.037695988453924661 -0.081692371368408206 -0.038677888363599783 0.06436601396311413 -0.0008321350812911985 0.024214400486512619 -0.079334402705232301 -0.045825984515249732 -0.017995923671584865 0.0030745963852097788
leaf_weight=21 26 11.999999999999998 19 17 15.999999999999998 9.9999999999999982 20 10.999999999999998 10.000000000000002 10.999999999999998 11.999999999999998 11.999999999999998 12.999999999999998 153
leaf_count=21 26 12 19 17 16 10 20 11 10 11 12 12 13 153
internal_value=1.32771e-10 -0.00418742 -0.0196902 0.00102361 -0.0045019 -0.021464 -0.00473394 0.00943128 -0.00399721 -0.0210296 -0.0436516 0.00326372 0.0191102 -0.000481809
internal_weight=363 159 40 119 102 46 36 56 45 33 22 204 39 165
internal_count=363 159 40 119 102 46 36 56 45 33 22 204 39 165
is_linear=0
shrinkage=0.05


Tree=153
num_leaves=15
num_cat=0
split_feature=2 0 3 0 0 2 0 1 1 4 0 4 0 0
split_gain=1.97773 2.71004 16.6034 11.293 17.9541 4.44476 2.9371 3.31335 8.39222 6.27882 5.86478 6.69407 17.6876 22.0638
threshold=12.500000000000002 0.24516384365908575 2.7018668802173749 0.57834252654114304 0.3795318053144498 23.500000000000004 0.22500426083871108 19.283800269256918 21.825108049454268 6.5000000000000009 0.12164969000977628 16.500000000000004 0.20437523707108782 0.19696634327407156
decision_type=2 2 2 2 2 2 2 2 2 2 2 2 2 2
left_child=-1 6 -3 4 5 -4 7 -2 -9 -10 -11 12 13 -12
right_child=1 2 3 -5 -6 -7 -8 8 9 10 11 -13 -14 -15
leaf_value=-0.02087736658074639 -0.020921119385295447 -0.034151216316968207 0.01691162168979644 0.071939100399613376 -0.028079309052554891 0.062046752994259206 -0.022234631411265582 0.030791716548529541 -0.040276971049606806 -0.037193543910980224 0.0032475893404637656 -0.016722706285042643 0.035361115224659449 -0.07398197615519167
leaf_weight=10.999999999999998 18 15.999999999999998 10.000000000000002 9.9999999999999982 15.999999999999998 11.999999999999998 15.999999999999998 22 9.9999999999999982 9.9999999999999982 123 39 40 9.9999999999999982
leaf_count=11 18 16 10 10 16 12 16 22 10 10 123 39 40 10
internal_value=-7.53012e-11 0.000652418 0.00995906 0.0246625 0.0122213 0.0415308 -0.00141573 -0.000191084 0.00127797 -0.00152074 0.000225033 0.00199006 0.00620855 -0.00255914
internal_weight=363 352 64 48 38 22 288 272 254 232 222 212 173 133
internal_count=363 352 64 48 38 22 288 272 254 232 222 212 173 133
is_linear=0
shrinkage=0.05


Tree=154
num_leaves=15
num_cat=0
split_feature=0 0 3 2 2 2 1 3 3 0 3 2 3 0
split_gain=2.45425 4.08921 2.46883 2.17555 7.8709 3.72035 6.5916 4.4086 7.1662 9.10979 7.24095 7.39717 7.6143 13.5631
threshold=0.58188918547082713 0.42313774298843893 4.7375855073149857 40.500000000000007 43.500000000000007 35.500000000000007 39.576542236382451 0.92248558382639023 2.0844848905668085 0.19521743906267966 5.7787937871708071 32.500000000000007 10.801455888456315 0.16124299808971335
decision_type=2 2 2 2 2 2 2 2 2 2 2 2 2 2
left_child=1 3 -3 5 -5 7 -7 -1 9 -9 -10 12 13 -12
right_child=-2 2 -4 4 -6 6 -8 8 10 -11 11 -13 -14 -15
leaf_value=-0.022921240520908645 -0.024426632113754749 0.038315545428882936 0.0048163343559611931 0.036101145949214694 -0.01523448047893388 -0.0025169831154675318 -0.045363896841613148 0.061470651592720617 -0.01462658743159129 -0.002878517725250938 -0.018232670400498641 0.036389422896044223 -0.0077575049812302873 0.035723549804904241
leaf_weight=19 9.9999999999999982 11.000000000000002 10.999999999999998 16.000000000000004 13.999999999999998 29 12.999999999999998 11.000000000000002 65 10.999999999999998 18 17 85 33
leaf_count=19 10 11 11 16 14 29 13 11 65 11 18 17 85 33
internal_value=-3.92669e-10 0.000691972 0.0215659 -0.000695421 0.0121445 -0.00197515 -0.0157791 0.000263332 0.00209878 0.0292961 -0.000645903 0.0052936 0.00140663 0.0166802
internal_weight=363 353 22 331 30 301 42 259 240 22 218 153 136 51
internal_count=363 353 22 331 30 301 42 259 240 22 218 153 136 51
is_linear=0
shrinkage=0.05


Tree=155
num_leaves=15
num_cat=0
split_feature=0 0 3 2 2 2 1 0 3 3 4 4 2 1
split_gain=2.21496 3.69051 2.22812 1.96343 7.10349 3.35762 5.94892 4.04287 2.67759 7.23935 5.04626 4.03087 6.47708 11.3564
threshold=0.58188918547082713 0.42313774298843893 4.7375855073149857 40.500000000000007 43.500000000000007 35.500000000000007 39.576542236382451 0.3226562617822667 0.92248558382639023 2.0844848905668085 12.500000000000002 17.500000000000004 26.500000000000004 31.814783427110054
decision_type=2 2 2 2 2 2 2 2 2 2 2 2 2 2
left_child=1 3 -3 5 -5 7 -7 8 -1 10 -10 12 13 -11
right_child=-2 2 -4 4 -6 6 -8 -9 9 11 -12 -13 -14 -15
leaf_value=-0.016818993348473064 -0.023205295130610468 0.036399768970229396 0.0045755154707215048 0.034296088945120567 -0.014472756854125433 -0.0023911334574222565 -0.043095702362748296 -0.025882505000169788 0.057056873887777304 -0.0043274952779309107 0.0068261286616325386 0.023048767631149127 0.0096983841421703493 -0.060113728344440467
leaf_weight=18 9.9999999999999982 11.000000000000002 10.999999999999998 16.000000000000004 13.999999999999998 29 12.999999999999998 13.999999999999998 10.000000000000002 104 9.9999999999999982 18 75 9.9999999999999982
leaf_count=18 10 11 11 16 14 29 13 14 10 104 10 18 75 10
internal_value=-2.35204e-10 0.000657374 0.0204876 -0.00066065 0.0115373 -0.00187639 -0.0149902 0.000250166 0.00174346 0.00321537 0.0319415 0.000439903 -0.00171332 -0.00922102
internal_weight=363 353 22 331 30 301 42 259 245 227 20 207 189 114
internal_count=363 353 22 331 30 301 42 259 245 227 20 207 189 114
is_linear=0
shrinkage=0.05


Tree=156
num_leaves=15
num_cat=0
split_feature=3 2 3 0 3 4 3 0 3 3 4 0 0 1
split_gain=2.04238 2.01455 3.56731 3.38125 17.208 7.05274 7.99434 4.31196 3.37723 6.94883 7.08512 10.589 18.7083 4.78379
threshold=50.459511696747882 12.500000000000002 43.080056130539823 0.2336672104347095 2.7018668802173749 6.5000000000000009 7.0329348526421258 0.22500426083871108 1.4272395205449415 1.8297240500793333 17.500000000000004 0.13059699358392135 0.10540033244478106 35.674551556447689
decision_type=2 2 2 2 2 2 2 2 2 2 2 2 2 2
left_child=1 -1 3 7 -5 -6 -7 8 13 -10 11 12 -11 -3
right_child=-2 2 -4 4 5 6 -8 -9 9 10 -12 -13 -14 -15
leaf_value=-0.022970899492502212 0.016419423371553422 6.7370867027955887e-05 -0.028198881108652464 -0.033856880571693185 -0.0010865766555070878 0.063045440942925565 0.012965224385261537 -0.033975216662511236 -0.043248948454856877 0.010136526281183413 0.030362096593222199 0.00084484521428058893 -0.082079332525079901 0.043650002181530007
leaf_weight=9.9999999999999982 18 17.000000000000004 10.999999999999998 15.999999999999998 15.999999999999998 17 14.999999999999998 9.9999999999999982 9.9999999999999982 11.000000000000002 17 174 10.999999999999998 9.9999999999999982
leaf_count=10 18 17 11 16 16 17 15 10 10 11 17 174 11 10
internal_value=-1.15453e-11 -0.000856666 -0.000196539 0.000754158 0.0110493 0.026018 0.0395703 -0.00178003 -0.000492225 -0.00251436 -0.000601935 -0.00328759 -0.0359714 0.0162091
internal_weight=363 345 335 324 64 48 32 260 250 223 213 196 22 27
internal_count=363 345 335 324 64 48 32 260 250 223 213 196 22 27
is_linear=0
shrinkage=0.05


Tree=157
num_leaves=15
num_cat=0
split_feature=0 3 1 1 1 3 0 4 1 1 1 2 0 1
split_gain=2.10556 3.47792 4.09606 11.021 7.52297 15.3658 8.44193 5.97527 7.44664 16.8793 5.83397 7.87606 29.3417 7.55983
threshold=0.58188918547082713 1.4272395205449415 32.282707802799457 33.822575691797404 30.286541006484825 10.569099595347817 0.3795318053144498 7.5000000000000009 25.937891605395283 21.451679169957895 29.297878120741139 26.500000000000004 0.20781971510622008 18.081072531560785
decision_type=2 2 2 2 2 2 2 2 2 2 2 2 2 2
left_child=1 -1 4 -4 6 -6 7 8 9 -3 11 13 -13 -9
right_child=-2 2 3 -5 5 -7 -8 10 -10 -11 -12 12 -14 -15
leaf_value=0.015600593627563546 -0.022624977380037312 0.039310153921445205 -0.045919822857660414 -0.0019845151583130442 0.0014744832402183894 0.07677858401089907 -0.036812913250178096 0.029245492195089658 0.046827223648627597 -0.038530971912237318 -0.038000467927618464 -0.02120230561122298 0.082226333146293962 -0.013620088249444962
leaf_weight=35 9.9999999999999982 15.000000000000002 17 89 21.000000000000004 9.9999999999999982 14.999999999999998 11.999999999999998 14.999999999999998 12.999999999999998 10.999999999999998 16.000000000000004 11.999999999999998 72
leaf_count=35 10 15 17 89 21 10 15 12 15 13 11 16 12 72
internal_value=-8.97969e-12 0.000640934 -0.00100557 -0.00903074 0.00300702 0.0257661 -0.000890951 0.00235501 0.018399 0.00316963 -0.00325387 0.000158738 0.0231243 -0.00749643
internal_weight=363 353 318 106 212 31 181 166 43 28 123 112 28 84
internal_count=363 353 318 106 212 31 181 166 43 28 123 112 28 84
is_linear=0
shrinkage=0.05


Tree=158
num_leaves=15
num_cat=0
split_feature=0 0 3 3 0 1 3 3 0 0 2 0 3 0
split_gain=1.90027 3.65234 2.18821 1.79996 7.00494 5.01544 6.27909 5.02045 6.29741 6.81731 8.29181 6.47408 9.92859 8.65833
threshold=0.58188918547082713 0.42313774298843893 4.7375855073149857 35.214040636101437 0.17536994185883098 19.63127900317345 24.620985406743042 16.615502785955751 0.10540033244478106 0.13059699358392135 42.500000000000007 0.2336672104347095 5.7787937871708071 0.2242568592556636
decision_type=2 2 2 2 2 2 2 2 2 2 2 2 2 2
left_child=1 3 -3 5 -5 -1 7 8 -7 -10 11 13 -13 -11
right_child=-2 2 -4 4 -6 6 -8 -9 9 10 -12 12 -14 -15
leaf_value=-0.023897814564406872 -0.021493728868663312 0.036105297099460247 0.00456737679514018 0.03750071525573731 -0.0077419557862661095 0.0355828898648421 -0.026310160667413759 0.029252527467906478 -0.035377010277339388 -0.0029524352315147191 0.03783106952905655 -0.0076227557023658471 0.048188086251417794 -0.04889970914545385
leaf_weight=24 9.9999999999999982 11.000000000000002 10.999999999999998 13.999999999999998 22 11.999999999999998 21 15.999999999999998 13.999999999999998 151 13.999999999999998 17 14.999999999999998 10.999999999999998
leaf_count=24 10 11 11 14 22 12 21 16 14 151 14 17 15 11
internal_value=1.66766e-10 0.000608888 0.0203363 -0.000702302 0.00985242 -0.00199034 -5.019e-05 0.00215565 0.000302869 -0.00160416 0.000669014 -0.00201278 0.0185386 -0.00607231
internal_weight=363 353 22 331 36 295 271 250 234 222 208 194 32 162
internal_count=363 353 22 331 36 295 271 250 234 222 208 194 32 162
is_linear=0
shrinkage=0.05


Tree=159
num_leaves=15
num_cat=0
split_feature=2 0 1 0 4 2 0 0 4 1 3 3 3 2
split_gain=1.86527 6.95096 11.7423 6.02966 6.33604 10.1777 6.56237 3.67581 9.22474 12.259 3.32197 4.21301 11.7486 7.7177
threshold=33.500000000000007 0.14884243089412311 30.286541006484825 0.57093510892922505 6.5000000000000009 23.500000000000004 0.33675979141878626 0.18430426923396026 12.500000000000002 40.522036302239904 0.53004258760060174 3.0853006468835491 4.1641866984691385 30.500000000000004
decision_type=2 2 2 2 2 2 2 2 2 2 2 2 2 2
left_child=3 -2 -3 4 5 -1 10 8 -4 -10 -6 -12 -13 -14
right_child=1 2 7 -5 6 -7 -8 -9 9 -11 11 12 13 -15
leaf_value=0.012261551879346367 0.028354566028484931 -0.05913723002780568 0.01727676939751421 0.038458523425188934 -0.027353735268115999 -0.056037644234796374 0.033982212224509568 0.0068726139429670114 -0.06399503552487916 0.0084883258491754536 0.017175369435235077 -0.048931460827589035 -0.0019091450476220679 0.03140424435958266
leaf_weight=10.000000000000002 12.999999999999998 10.999999999999998 13.999999999999998 10.999999999999998 9.9999999999999982 11.999999999999998 15.999999999999998 39 14.000000000000002 9.9999999999999982 38 11.999999999999998 133 20
leaf_count=10 13 11 14 11 10 12 16 39 14 10 38 12 133 20
internal_value=-6.67063e-12 -0.00577268 -0.0108142 0.00222535 0.000637438 -0.0249926 0.00309971 -0.00391092 -0.0149782 -0.0337936 0.000779896 0.00216579 -0.00129096 0.00244555
internal_weight=363 101 88 262 251 22 229 77 38 24 213 203 165 153
internal_count=363 101 88 262 251 22 229 77 38 24 213 203 165 153
is_linear=0
shrinkage=0.05


Tree=160
num_leaves=15
num_cat=0
split_feature=0 0 3 4 3 4 0 0 3 1 1 3 0 0
split_gain=1.96706 3.3978 1.90132 5.95703 3.11663 3.64359 10.1921 4.4722 12.2126 8.73575 9.512 12.4258 11.4848 19.328
threshold=0.58188918547082713 0.47681386795739839 1.4272395205449415 16.500000000000004 1.8297240500793333 17.500000000000004 0.20437523707108782 0.17262606224361707 35.214040636101437 23.229002716043073 35.674551556447689 20.266641264116355 0.18543127245755314 0.20467404507502626
decision_type=2 2 2 2 2 2 2 2 2 2 2 2 2 2
left_child=1 2 3 -1 -4 7 -7 8 -6 -9 11 12 -11 -14
right_child=-2 -3 4 -5 5 6 -8 9 -10 10 -12 -13 13 -15
leaf_value=0.025689764498648321 -0.021868182644248009 0.023132662801072002 -0.024709201071943559 -0.020852603204548362 -0.017377464698956294 0.052716153995557249 -0.0170291418582201 -0.018476464266055509 0.036506632715463637 0.07070755946378296 -0.011434113204751802 -0.012773825272917746 -0.022450197399838976 0.03959090121694514
leaf_weight=22 9.9999999999999982 15.999999999999998 13.999999999999998 9.9999999999999982 85 11.000000000000002 9.9999999999999982 38 11.999999999999998 12.999999999999998 41 25 19 37
leaf_count=22 10 16 14 10 85 11 10 38 12 13 41 25 19 37
internal_value=1.95501e-10 0.000619495 -0.000449379 0.0111453 -0.00166587 -0.000557253 0.0195041 -0.00211758 -0.0107114 0.00270091 0.00866195 0.0174273 0.0283697 0.0185412
internal_weight=363 353 337 32 305 291 21 270 97 173 135 94 69 56
internal_count=363 353 337 32 305 291 21 270 97 173 135 94 69 56
is_linear=0
shrinkage=0.05


Tree=161
num_leaves=15
num_cat=0
split_feature=0 0 3 4 1 1 1 0 1 2 0 0 1 1
split_gain=1.77527 3.06652 1.71594 5.37622 2.85533 8.91412 5.62499 7.15982 11.4111 4.28875 13.5533 9.78129 14.9484 5.86882
threshold=0.58188918547082713 0.47681386795739839 1.4272395205449415 16.500000000000004 32.282707802799457 33.822575691797404 35.674551556447689 0.16124299808971335 40.930063937761204 31.500000000000004 0.3226562617822667 0.20875567200643 30.286541006484825 29.297878120741139
decision_type=2 2 2 2 2 2 2 2 2 2 2 2 2 2
left_child=1 2 3 -1 9 -6 -7 -8 -9 10 13 12 -11 -4
right_child=-2 -3 4 -5 5 6 7 8 -10 11 -12 -13 -14 -15
leaf_value=0.024405276830392807 -0.0207747720181942 0.021976029686629775 0.0055011586411230599 -0.019809974282979967 -0.042638161219656467 0.023767811585875119 0.018993443012651472 -0.045045214146375662 0.0020394289325321876 -0.038085663318634028 -0.058115804530680187 0.05937525913119316 0.033139178134939253 -0.025684651820098655
leaf_weight=22 9.9999999999999982 15.999999999999998 134 9.9999999999999982 15.999999999999998 17 18 22 31 13.000000000000002 9.9999999999999982 9.9999999999999982 17 17
leaf_count=22 10 16 134 10 16 17 18 22 31 13 10 10 17 17
internal_value=2.12947e-11 0.00058852 -0.00042691 0.010588 -0.00158257 -0.00830816 -0.00206634 -0.00825198 -0.0175051 0.00189733 -0.00174312 0.0165501 0.00227508 0.00199017
internal_weight=363 353 337 32 305 104 88 71 53 201 161 40 30 151
internal_count=363 353 337 32 305 104 88 71 53 201 161 40 30 151
is_linear=0
shrinkage=0.05


Tree=162
num_leaves=15
num_cat=0
split_feature=2 1 0 4 2 0 1 3 3 1 3 3 3 3
split_gain=1.75415 6.19787 5.59867 6.07362 9.81437 6.01694 3.46592 15.5738 14.1572 11.5187 4.15019 3.20077 5.46487 10.0633
threshold=33.500000000000007 30.286541006484825 0.57093510892922505 6.5000000000000009 25.500000000000004 0.33675979141878626 43.171769130360381 5.3778425959746157 4.7375855073149857 35.11866238505538 12.21057293511541 0.92248558382639023 3.0853006468835491 4.1641866984691385
decision_type=2 2 2 2 2 2 2 2 2 2 2 2 2 2
left_child=2 -2 3 4 -1 11 7 9 -8 -3 -9 -5 -13 -14
right_child=1 6 -4 5 -6 -7 8 10 -10 -11 -12 12 13 -15
leaf_value=0.0060202172646919875 -0.037823637402974647 0.0062036279588937749 0.037072265148162843 -0.020689676748588681 -0.061048783436417578 0.032609955733641983 -0.05849103519100355 -0.039991706896286748 0.020039007688562076 0.069445563169817134 -0.0043584739281372588 0.02147423332253311 -0.045194606855511667 0.0023548548091568201
leaf_weight=12.000000000000002 12.999999999999998 18.000000000000004 10.999999999999998 15.999999999999998 9.9999999999999982 15.999999999999998 11.000000000000002 12.999999999999998 11.999999999999998 11.999999999999998 22 32 11.999999999999998 153
leaf_count=12 13 18 11 16 10 16 11 13 12 12 22 32 12 153
internal_value=-3.52373e-11 -0.00559809 0.00215804 0.000627937 -0.0244657 0.00303868 -0.000837498 0.00506513 -0.0175188 0.0315004 -0.0175937 0.000817362 0.00256413 -0.00110329
internal_weight=363 101 262 251 22 229 88 65 23 30 35 213 197 165
internal_count=363 101 262 251 22 229 88 65 23 30 35 213 197 165
is_linear=0
shrinkage=0.05


Tree=163
num_leaves=15
num_cat=0
split_feature=0 3 0 1 4 0 0 3 3 1 2 2 0 3
split_gain=1.83591 2.83097 3.49633 9.20559 3.2569 8.86513 8.92681 10.1186 6.22844 7.85653 13.3191 8.51798 11.7483 20.454
threshold=0.58188918547082713 1.4272395205449415 0.2125679623514454 35.674551556447689 7.5000000000000009 0.14884243089412311 0.18178920676927321 4.6952170247517371 1.8297240500793333 18.081072531560785 17.500000000000004 21.500000000000004 0.1433554977693999 11.472476557958872
decision_type=2 2 2 2 2 2 2 2 2 2 2 2 2 2
left_child=1 2 3 -1 5 -3 -7 -8 -6 -10 -11 -12 13 -13
right_child=-2 4 -4 -5 8 6 7 -9 9 10 11 12 -14 -15
leaf_value=-0.025062989271604094 -0.021126619055867199 0.049653679267926652 0.035973645995060609 0.03874689380638302 -0.040481523763049733 -0.032712500741084415 0.039997327523796186 -0.0063428888638173385 0.041376383863389495 -0.047870447905734186 0.034524837229400876 -0.085778450694951117 0.0009374113465171485 0.01302502639591694
leaf_weight=13.000000000000002 9.9999999999999982 10.999999999999998 11.999999999999998 9.9999999999999982 10.999999999999998 14.999999999999998 19 31 9.9999999999999982 15.999999999999998 15.999999999999998 11.000000000000002 168 9.9999999999999982
leaf_count=13 10 11 12 10 11 15 19 31 10 16 16 11 168 10
internal_value=-3.61753e-11 0.000598488 0.0140953 0.00268044 -0.000887005 0.0081424 0.00111742 0.0112664 -0.00372269 -0.00197227 -0.00393374 -0.000504538 -0.00346999 -0.0387292
internal_weight=363 353 35 23 318 76 65 50 242 231 221 205 189 21
internal_count=363 353 35 23 318 76 65 50 242 231 221 205 189 21
is_linear=0
shrinkage=0.05


Tree=164
num_leaves=15
num_cat=0
split_feature=3 0 3 4 4 3 2 2 1 1 3 3 3 3
split_gain=1.70138 19.3226 14.8061 15.5052 8.22368 13.2399 11.6862 8.40244 4.68002 17.7173 9.3128 9.57304 11.5314 8.708
threshold=2.5304493958105314 0.57834252654114304 2.0844848905668085 15.500000000000002 6.5000000000000009 3.6614854674731685 25.500000000000004 30.500000000000004 32.282707802799457 30.286541006484825 6.3995348260672058 11.628055157923695 9.0939277547089663 5.7787937871708071
decision_type=2 2 2 2 2 2 2 2 2 2 2 2 2 2
left_child=2 4 3 -1 6 7 -2 -6 9 13 -10 12 -12 -7
right_child=1 -3 -4 -5 5 8 -8 -9 10 -11 11 -13 -14 -15
leaf_value=0.019897975952231459 0.0092110759155316756 0.070000972598791122 -0.057581901519248885 -0.035567560253871811 0.0013689631765538993 -0.031134669296443464 -0.060812509518403272 0.058136280160397291 -0.04243706645149934 0.044576534239405941 -0.0080963933697113608 -0.018570546433329584 0.063320852816104889 0.0021901133600796497
leaf_weight=42 11.000000000000002 9.9999999999999982 11.999999999999998 18 11.000000000000002 24 12.999999999999998 15.999999999999998 19 22 13.000000000000002 35 9.9999999999999982 107
leaf_count=42 11 10 12 18 11 24 13 16 19 22 13 35 10 107
internal_value=-1.42392e-10 0.00170269 -0.00688172 0.00325832 -0.00072785 0.00188605 -0.0287184 0.0350089 -0.00200228 0.00305748 -0.0120561 -0.00210368 0.0229546 -0.00391519
internal_weight=363 291 72 60 281 257 24 27 230 153 77 58 23 131
internal_count=363 291 72 60 281 257 24 27 230 153 77 58 23 131
is_linear=0
shrinkage=0.05


Tree=165
num_leaves=15
num_cat=0
split_feature=0 0 2 2 0 0 0 1 4 4 2 0 3 2
split_gain=2.06474 2.83836 1.61177 5.69775 3.05752 11.0049 7.61711 4.77987 3.85519 9.20543 7.59449 20.322 16.3725 15.2961
threshold=0.58188918547082713 0.42313774298843893 40.500000000000007 43.500000000000007 0.14129469163694955 0.14775062835504757 0.12164969000977628 22.846610087054945 11.500000000000002 10.500000000000002 32.500000000000007 0.20875567200643 12.713098910675667 34.500000000000007
decision_type=2 2 2 2 2 2 2 2 2 2 2 2 2 2
left_child=1 2 4 -4 6 -6 7 -1 9 -7 11 -10 13 -12
right_child=-2 -3 3 -5 5 8 -8 -9 10 -11 12 -13 -14 -15
leaf_value=0.0106236687162891 -0.022404580675065518 0.018025460178879175 0.030913388170301911 -0.012764167253460204 -0.055245681712403898 -0.0016212865627474257 0.032568770043906715 -0.031121500208973887 0.040767321564458517 -0.038385279831432167 -0.078203066235238872 -0.0083238781334794305 0.040468576008623303 -0.0065162214288569014
leaf_weight=16.000000000000004 9.9999999999999982 22 16.000000000000004 13.999999999999998 9.9999999999999982 90 21 11.999999999999998 37 21 10.999999999999998 49 10.999999999999998 23
leaf_count=16 10 22 16 14 10 90 21 12 37 21 11 49 11 23
internal_value=-1.26742e-10 0.000634691 -0.000521191 0.0105305 -0.00162269 -0.00384482 0.00980541 -0.00726712 -0.00172082 -0.00857664 0.00408831 0.0127968 -0.0125545 -0.029709
internal_weight=363 353 331 30 301 252 49 28 242 111 131 86 45 34
internal_count=363 353 331 30 301 252 49 28 242 111 131 86 45 34
is_linear=0
shrinkage=0.05


Tree=166
num_leaves=15
num_cat=0
split_feature=0 0 1 1 1 0 0 0 3 3 4 3 0 4
split_gain=1.86343 2.59079 1.42421 6.08944 5.87418 4.00325 8.75471 8.38122 11.8446 6.8896 14.5042 4.4815 6.66061 6.77983
threshold=0.58188918547082713 0.47681386795739839 47.104645492170057 43.171769130360381 41.701617533799812 0.14129469163694955 0.12164969000977628 0.17262606224361707 14.552576790724677 5.5155840689011564 12.500000000000002 24.620985406743042 0.2188613064627804 12.500000000000002
decision_type=2 2 2 2 2 2 2 2 2 2 2 2 2 2
left_child=1 2 3 4 5 6 -1 8 9 -7 -11 -9 13 -13
right_child=-2 -3 -4 -5 -6 7 -8 11 -10 10 -12 12 -14 -15
leaf_value=-0.0051318666969354344 -0.021284349970519544 0.020261596352793277 0.013353235315945414 -0.032202074971670908 0.034717281162738804 -0.012052239163925775 0.041012011994333832 0.0057009536276261021 0.01324372581255279 -0.011267594722184264 -0.090754088914642733 -0.019377252766314672 -0.046318113262003122 0.032507164403796196
leaf_weight=26 9.9999999999999982 15.999999999999998 18 14.999999999999998 11.999999999999998 19 17 150 19 11.000000000000002 11.999999999999998 17.000000000000004 10.999999999999998 9.9999999999999982
leaf_count=26 10 16 18 15 12 19 17 150 19 11 12 17 11 10
internal_value=-5.65721e-11 0.000602956 -0.000330392 -0.00110251 0.000432009 -0.000976974 0.0131111 -0.00340985 -0.019514 -0.034333 -0.0527388 0.00181544 -0.0135221 -0.000160802
internal_weight=363 353 337 319 304 292 43 249 61 42 23 188 38 27
internal_count=363 353 337 319 304 292 43 249 61 42 23 188 38 27
is_linear=0
shrinkage=0.05


Tree=167
num_leaves=15
num_cat=0
split_feature=3 0 3 4 4 3 2 2 1 1 3 3 3 3
split_gain=1.76465 18.1161 13.4035 13.8285 7.51809 11.9845 11.0367 7.94398 4.50729 15.9096 8.19872 9.17179 10.6065 7.6967
threshold=2.5304493958105314 0.57834252654114304 2.0844848905668085 15.500000000000002 6.5000000000000009 3.6614854674731685 25.500000000000004 30.500000000000004 32.282707802799457 30.286541006484825 6.3995348260672058 11.628055157923695 9.0939277547089663 5.7787937871708071
decision_type=2 2 2 2 2 2 2 2 2 2 2 2 2 2
left_child=2 4 3 -1 6 7 -2 -6 9 13 -10 12 -12 -7
right_child=1 -3 -4 -5 5 8 -8 -9 10 -11 11 -13 -14 -15
leaf_value=0.0183535328046197 0.009478113258426837 0.067865609154105194 -0.055247455711166064 -0.034027362821830644 0.00068406408483331839 -0.029051572115470964 -0.058571652609568384 0.055880968505516652 -0.040191962609165598 0.042490019158206209 -0.0076001090499070965 -0.018465975405914443 0.060893184989690791 0.0022784373522779654
leaf_weight=42 11.000000000000002 9.9999999999999982 11.999999999999998 18 11.000000000000002 24 12.999999999999998 15.999999999999998 19 22 13.000000000000002 35 9.9999999999999982 107
leaf_count=42 11 10 12 18 11 24 13 16 19 22 13 35 10 107
internal_value=-2.09868e-10 0.00173407 -0.00700852 0.00263926 -0.000619368 0.00187988 -0.0273822 0.0333933 -0.00181952 0.00314598 -0.0116861 -0.00234791 0.0221796 -0.00346141
internal_weight=363 291 72 60 281 257 24 27 230 153 77 58 23 131
internal_count=363 291 72 60 281 257 24 27 230 153 77 58 23 131
is_linear=0
shrinkage=0.05


Tree=168
num_leaves=15
num_cat=0
split_feature=0 0 3 2 0 1 1 3 2 4 4 1 3 1
split_gain=2.08022 2.60358 1.62706 1.59662 5.25204 3.15993 9.67785 6.19441 4.30063 3.31138 13.0381 10.4989 9.48775 12.838
threshold=0.58188918547082713 0.42313774298843893 4.7375855073149857 40.500000000000007 0.16263780443994127 39.576542236382451 47.104645492170057 0.53004258760060174 32.500000000000007 14.500000000000002 11.500000000000002 33.822575691797404 9.5014030073638089 25.937891605395283
decision_type=2 2 2 2 2 2 2 2 2 2 2 2 2 2
left_child=1 3 -3 5 -5 7 8 -1 -7 10 12 -12 13 -9
right_child=-2 2 -4 4 -6 6 -8 9 -10 -11 11 -13 -14 -15
leaf_value=-0.038151783496141435 -0.022488382831215861 0.030890608375722703 0.0036955045366829095 0.040115826278924932 -0.0042633999139070509 -0.011724070595069361 0.01546882491093129 -0.0078173085326148622 -0.054202994356791559 -0.0053825672843346474 0.011627773754298687 0.069346021918150091 -0.013933996822346341 0.039824505952688369
leaf_weight=9.9999999999999982 9.9999999999999982 11.000000000000002 10.999999999999998 10.000000000000002 20 11.000000000000002 15.999999999999998 31 12.999999999999998 95 20 12.999999999999998 66 26
leaf_count=10 10 11 11 10 20 11 16 31 13 95 20 13 66 26
internal_value=1.83442e-11 0.000637065 0.0172931 -0.00046998 0.0105297 -0.00156629 -0.0146526 0.000439268 -0.0347335 0.00197676 0.0064584 0.0343653 -0.00102881 0.013914
internal_weight=363 353 22 331 30 301 40 261 24 251 156 33 123 57
internal_count=363 353 22 331 30 301 40 261 24 251 156 33 123 57
is_linear=0
shrinkage=0.05


Tree=169
num_leaves=15
num_cat=0
split_feature=0 3 0 1 4 0 0 1 2 3 1 0 3 5
split_gain=1.8774 2.36438 3.34997 7.75153 3.05049 7.96357 7.2834 9.12355 14.9572 5.63682 7.65951 11.2795 17.3595 8.26465
threshold=0.58188918547082713 1.4272395205449415 0.2125679623514454 35.674551556447689 7.5000000000000009 0.14884243089412311 0.18178920676927321 30.044625459953725 26.500000000000004 1.8297240500793333 18.081072531560785 0.1433554977693999 7.837362471693905 1.0000000180025095e-35
decision_type=2 2 2 2 2 2 2 2 2 2 2 2 2 2
left_child=1 2 3 -1 5 -3 -7 8 -8 -6 -11 12 -12 -13
right_child=-2 4 -4 -5 9 6 7 -9 -10 10 11 13 -14 -15
leaf_value=-0.023691887408494944 -0.021363966688513758 0.04733016016808423 0.034355258755385878 0.034862032756209374 -0.038466191156343983 -0.029229576041301095 0.030146625353132978 0.043120705783367158 -0.035251994368930659 0.040970153575763113 -0.075710202295046602 -0.0016490918221110007 -0.0014921731874346733 0.043017012693665251
leaf_weight=13.000000000000002 9.9999999999999982 10.999999999999998 11.999999999999998 9.9999999999999982 10.999999999999998 14.999999999999998 17 14.999999999999998 18 9.9999999999999982 12.999999999999998 177 20 10.999999999999998
leaf_count=13 10 11 12 10 11 15 17 15 18 10 13 177 20 11
internal_value=-2.85554e-10 0.000605211 0.0129397 0.00176634 -0.000752356 0.00798626 0.00132806 0.0104953 -0.00348695 -0.00349671 -0.0018315 -0.00376823 -0.0307296 0.00096435
internal_weight=363 353 35 23 318 76 65 50 35 242 231 221 33 188
internal_count=363 353 35 23 318 76 65 50 35 242 231 221 33 188
is_linear=0
shrinkage=0.05


Tree=170
num_leaves=15
num_cat=0
split_feature=2 0 1 0 4 2 0 3 0 2 1 1 3 3
split_gain=1.81515 6.03194 8.93951 5.08968 5.09073 8.52449 4.88341 3.42957 10.164 9.78114 6.07171 5.61308 3.01761 10.7933
threshold=33.500000000000007 0.14884243089412311 30.286541006484825 0.57093510892922505 6.5000000000000009 23.500000000000004 0.33675979141878626 4.5124453830028095 0.19387667207569328 35.500000000000007 40.522036302239904 34.273443017586253 8.2599200577655765 6.6034504521373156
decision_type=2 2 2 2 2 2 2 2 2 2 2 2 2 2
left_child=3 -2 -3 4 5 -1 12 8 -4 -9 11 -11 13 -6
right_child=1 2 7 -5 6 -7 -8 9 -10 10 -12 -13 -14 -15
leaf_value=0.011857165209949012 0.026096653938293458 -0.05255432169545781 -0.048451724808130932 0.03548458272760565 -0.00043829097007603754 -0.050649312216167655 0.029584000632166863 0.047725323662161832 0.011797720193862916 0.0015788903030065386 0.02019741156926522 -0.044884808820027572 -0.0052660553076980168 0.040955819875786184
leaf_weight=10.000000000000002 12.999999999999998 10.999999999999998 14.000000000000002 10.999999999999998 92 11.999999999999998 15.999999999999998 9.9999999999999982 13.999999999999998 13.000000000000002 12.999999999999998 12.999999999999998 102 19
leaf_count=10 13 11 14 11 92 12 16 10 14 13 13 13 102 19
internal_value=1.01599e-10 -0.0056946 -0.010391 0.00219525 0.000736351 -0.0222373 0.00294342 -0.00436771 -0.018327 0.00360903 -0.00770284 -0.021653 0.000942254 0.00664719
internal_weight=363 101 88 262 251 22 229 77 28 49 39 26 213 111
internal_count=363 101 88 262 251 22 229 77 28 49 39 26 213 111
is_linear=0
shrinkage=0.05


Tree=171
num_leaves=15
num_cat=0
split_feature=0 0 2 2 1 1 3 2 0 0 5 0 4 4
split_gain=1.97177 2.35886 1.46644 5.13626 3.001 8.5147 5.623 3.9398 2.93708 8.20914 7.64166 13.935 4.43424 18.281
threshold=0.58188918547082713 0.42313774298843893 40.500000000000007 43.500000000000007 39.576542236382451 47.104645492170057 0.92248558382639023 32.500000000000007 0.14129469163694955 0.15072376617313146 1.0000000180025095e-35 0.11091051342035599 11.500000000000002 13.500000000000002
decision_type=2 2 2 2 2 2 2 2 2 2 2 2 2 2
left_child=1 2 4 -4 6 7 -1 -6 10 -10 11 -8 -11 -14
right_child=-2 -3 3 -5 5 -7 8 -9 9 12 -12 -13 13 -15
leaf_value=-0.028247868828475478 -0.021894330903887749 0.01647413016233424 0.029460720438510175 -0.012008921269859587 -0.011049659279259764 0.014016284188255668 -0.0053748490444074058 -0.051707546286231199 -0.038554275465699346 -0.0057339046721939339 -0.011090723293669084 0.070823961620529494 0.04776734298405548 -0.0020602349616304231
leaf_weight=15.999999999999998 9.9999999999999982 22 16.000000000000004 13.999999999999998 11.000000000000002 15.999999999999998 12.000000000000002 12.999999999999998 12.999999999999998 88 17 11.999999999999998 24 79
leaf_count=16 10 22 16 14 11 16 12 13 13 88 17 12 24 79
internal_value=2.23049e-11 0.000620236 -0.000433497 0.0101082 -0.00148417 -0.0142371 0.000470305 -0.0330727 0.00234578 -0.000108488 0.0145572 0.0327246 0.00250824 0.00955007
internal_weight=363 353 331 30 301 40 261 24 245 204 41 24 191 103
internal_count=363 353 331 30 301 40 261 24 245 204 41 24 191 103
is_linear=0
shrinkage=0.05


Tree=172
num_leaves=15
num_cat=0
split_feature=0 3 1 1 1 0 1 1 3 0 3 3 0 3
split_gain=1.77952 2.35483 2.9576 7.72807 4.28432 5.58519 9.0833 4.05649 12.2526 8.27973 5.61228 10.2255 10.4609 8.57626
threshold=0.58188918547082713 1.4272395205449415 32.282707802799457 33.822575691797404 35.674551556447689 0.16124299808971335 40.930063937761204 30.286541006484825 10.569099595347817 0.3795318053144498 9.5014030073638089 11.777747910690712 0.15838749014062301 5.7787937871708071
decision_type=2 2 2 2 2 2 2 2 2 2 2 2 2 2
left_child=1 -1 7 -4 -5 -6 -7 9 -9 10 13 -12 -13 -3
right_child=-2 2 3 4 5 6 -8 8 -10 -11 11 12 -14 -15
leaf_value=0.012898780001061302 -0.020799614787101746 -0.0001523978374898434 -0.038475297742030207 0.020892054543775671 0.017105240292019316 -0.038862605506311293 0.0026083454009025332 -0.0023353170780908493 0.064908841699361799 -0.035793450400233268 -0.039381275326013571 0.031357122585177422 -0.010562543903032075 0.033663300015032295
leaf_weight=35 9.9999999999999982 50 17 17 18 23 31 21.000000000000004 9.9999999999999982 14.999999999999998 18 22 46 30
leaf_count=35 10 50 17 17 18 23 31 21 10 15 18 22 46 30
internal_value=-1.20584e-10 0.000589224 -0.000765601 -0.00758492 -0.00168452 -0.0070151 -0.0150552 0.00264406 0.0193563 -0.000218265 0.00299636 -0.00587074 0.0029997 0.0125285
internal_weight=363 353 318 106 89 72 54 212 31 181 166 86 68 80
internal_count=363 353 318 106 89 72 54 212 31 181 166 86 68 80
is_linear=0
shrinkage=0.05


Tree=173
num_leaves=15
num_cat=0
split_feature=0 0 2 2 1 3 2 2 3 1 0 0 0 2
split_gain=1.60602 2.37847 1.38476 2.16212 4.91821 12.1661 8.03652 7.5096 5.00909 3.48044 6.35518 5.80938 4.7515 4.35735
threshold=0.58188918547082713 0.42313774298843893 12.500000000000002 21.500000000000004 19.283800269256918 10.375191108475454 17.500000000000004 15.500000000000002 7.4460065935752722 24.103780126708944 0.13059699358392135 0.26557657075039776 0.2336672104347095 42.500000000000007
decision_type=2 2 2 2 2 2 2 2 2 2 2 2 2 2
left_child=1 2 -1 4 8 6 -6 -7 -4 11 -11 -5 13 -12
right_child=-2 -3 3 9 5 7 -8 -9 -10 10 12 -13 -14 -15
leaf_value=-0.017941365932876412 -0.019759633615612986 0.016479445595971563 -0.037841263785958285 0.00018110794848517369 0.070798742522795985 -0.038884571194648734 0.012932079657912255 0.017248121878275506 0.01220417682081461 -0.033703306088080774 -0.0018693660822628581 -0.043196074721904905 0.035959753692150119 0.022752017974853517
leaf_weight=10.999999999999998 9.9999999999999982 22 10.000000000000002 19 12.000000000000002 11.000000000000002 11.999999999999998 12.999999999999998 9.9999999999999982 12.999999999999998 177 12.999999999999998 9.9999999999999982 20
leaf_count=11 10 22 10 19 12 11 12 13 10 13 177 13 10 20
internal_value=-1.65739e-10 0.000559763 -0.000498343 0.000101261 0.00801315 0.016693 0.0418654 -0.00847936 -0.0128185 -0.00203369 0.000207351 -0.0174409 0.00233701 0.000630267
internal_weight=363 353 331 320 68 48 24 24 20 252 220 32 207 197
internal_count=363 353 331 320 68 48 24 24 20 252 220 32 207 197
is_linear=0
shrinkage=0.05


Tree=174
num_leaves=15
num_cat=0
split_feature=2 0 1 0 4 2 0 1 2 3 3 3 3 2
split_gain=1.60707 5.47576 8.0219 4.93154 4.48991 7.89987 4.70436 3.20982 5.47741 3.62116 9.54012 2.7014 9.09196 8.53376
threshold=33.500000000000007 0.14884243089412311 30.286541006484825 0.57093510892922505 6.5000000000000009 23.500000000000004 0.33675979141878626 37.577076486965687 38.500000000000007 5.3778425959746157 3.6614854674731685 8.2599200577655765 6.6034504521373156 28.500000000000004
decision_type=2 2 2 2 2 2 2 2 2 2 2 2 2 2
left_child=3 -2 -3 4 5 -1 11 9 -9 10 -4 12 -6 -13
right_child=1 2 7 -5 6 -7 -8 8 -10 -11 -12 13 -14 -15
leaf_value=0.011875748410820957 0.024931868022451037 -0.049773718958551233 -0.035443943589925753 0.034833671829917215 -0.00036720154989186836 -0.0482971322160059 0.028849923005327585 -0.014883582250160329 0.023294613936117717 -0.030660371440980175 0.032033760710196063 -0.013594902365615495 0.037624564139466542 0.019590490827193628
leaf_weight=10.000000000000002 12.999999999999998 10.999999999999998 10.000000000000002 10.999999999999998 92 11.999999999999998 15.999999999999998 17 21 18 10.999999999999998 76 19 26
leaf_count=10 13 11 10 11 92 12 16 17 21 18 11 76 19 26
internal_value=8.16511e-11 -0.00535827 -0.00983295 0.00206559 0.000629542 -0.0209458 0.00270228 -0.00412713 0.00621489 -0.014204 -9.84794e-05 0.000738143 0.00613589 -0.00513588
internal_weight=363 101 88 262 251 22 229 77 38 39 21 213 111 102
internal_count=363 101 88 262 251 22 229 77 38 39 21 213 111 102
is_linear=0
shrinkage=0.05


Tree=175
num_leaves=15
num_cat=0
split_feature=0 0 3 2 2 0 3 2 3 1 3 3 4 2
split_gain=1.61202 2.36572 3.45987 7.42438 15.6595 2.30874 3.41047 3.82884 4.73234 4.38115 7.95008 25.073 7.89415 15.1492
threshold=0.58188918547082713 0.24516384365908575 10.569099595347817 28.500000000000004 31.500000000000004 0.22500426083871108 44.477308154870961 15.500000000000002 1.4272395205449415 31.160350471501008 9.5014030073638089 12.466369356555807 7.5000000000000009 32.500000000000007
decision_type=2 2 2 2 2 2 2 2 2 2 2 2 2 2
left_child=1 5 3 -3 -5 6 7 -1 -9 10 12 -12 -10 -14
right_child=-2 2 -4 4 -6 -7 -8 8 9 -11 11 -13 13 -15
leaf_value=-0.020827859721612187 -0.019796560406684878 0.025383986454260977 0.029577745869755746 -0.063892015740275365 0.019332389590831903 -0.019725083163939418 0.018699375269087878 0.020700161684304476 0.058864877074956891 -0.0091075576908953553 -0.065442718884774626 0.014782917685806751 0.026580089282604958 -0.044194310009479522
leaf_weight=24 9.9999999999999982 19 15.999999999999998 10.000000000000002 12.999999999999998 15.999999999999998 22 25 9.9999999999999982 111 13.999999999999998 32 31 9.9999999999999982
leaf_count=24 10 19 16 10 13 16 22 25 10 111 14 32 31 10
internal_value=4.13579e-10 0.00056081 0.00979208 0.00225468 -0.0168521 -0.00125415 -0.000194887 -0.00181229 0.00014639 -0.00232402 0.0054386 -0.00963358 0.0190331 0.00931804
internal_weight=363 353 58 42 23 295 279 257 233 208 97 46 51 41
internal_count=363 353 58 42 23 295 279 257 233 208 97 46 51 41
is_linear=0
shrinkage=0.05


Tree=176
num_leaves=15
num_cat=0
split_feature=3 0 3 4 4 3 2 2 1 1 1 3 4 3
split_gain=1.51619 17.2003 11.5318 12.409 6.06952 11.1739 8.90236 7.12121 4.80264 3.8668 13.1086 7.38694 7.84137 7.42916
threshold=2.5304493958105314 0.57834252654114304 2.0844848905668085 15.500000000000002 6.5000000000000009 3.6614854674731685 25.500000000000004 30.500000000000004 32.589041297631958 32.282707802799457 30.286541006484825 6.3995348260672058 11.500000000000002 11.628055157923695
decision_type=2 2 2 2 2 2 2 2 2 2 2 2 2 2
left_child=2 4 3 8 6 7 -2 -6 -1 10 -7 -11 -13 -14
right_child=1 -3 -4 -5 5 9 -8 -9 -10 11 -12 12 13 -15
leaf_value=0.031280769467353822 0.0083724144676869533 0.066045767441391942 -0.051240672605733076 -0.032281219917866921 0.0010196948593313041 -0.0034107286631067922 -0.052744329176270047 0.053280065464787189 -0.003165355619207463 -0.038208886471233876 0.038299873030998494 -0.034879438791956222 0.031650206250579731 -0.0098279384076595325
leaf_weight=25 11.000000000000002 9.9999999999999982 11.999999999999998 18 11.000000000000002 131 12.999999999999998 15.999999999999998 17 19 22 13.999999999999998 19 25
leaf_count=25 11 10 12 18 11 131 13 16 17 19 22 14 19 25
internal_value=8.50325e-11 0.00160736 -0.00649641 0.00245244 -0.000685821 0.00155978 -0.0247325 0.0319888 0.0173383 -0.00201232 0.00258687 -0.011151 -0.00228718 0.00808308
internal_weight=363 291 72 60 281 257 24 27 42 230 153 77 58 44
internal_count=363 291 72 60 281 257 24 27 42 230 153 77 58 44
is_linear=0
shrinkage=0.05


Tree=177
num_leaves=15
num_cat=0
split_feature=0 0 1 2 1 3 0 3 2 3 0 1 3 3
split_gain=1.81932 2.26947 3.59385 5.38528 4.89214 10.3377 2.05734 3.07307 3.41527 4.19943 3.97787 3.95639 7.11061 22.6782
threshold=0.58188918547082713 0.24516384365908575 21.292607122520348 26.500000000000004 29.907779491449531 5.5770018706733584 0.22500426083871108 44.477308154870961 15.500000000000002 1.4272395205449415 0.15618500335845617 31.160350471501008 9.5014030073638089 12.466369356555807
decision_type=2 2 2 2 2 2 2 2 2 2 2 2 2 2
left_child=1 6 -3 -4 5 -5 7 8 10 -10 -1 12 -11 -14
right_child=-2 2 3 4 -6 -7 -8 -9 9 11 -12 -13 13 -15
leaf_value=-0.0024726923014636013 -0.021030955538153651 -0.017630913853645326 0.044325939814249676 0.019143043458461757 0.035369333811104298 -0.045662053823471077 -0.018618185189552605 0.017753376913341608 0.019494549980852753 0.018038939728456386 -0.043761909157037739 -0.0086408689970502977 -0.062149013259581158 0.014149134268518538
leaf_weight=14.000000000000002 9.9999999999999982 9.9999999999999982 11.999999999999998 16.000000000000004 9.9999999999999982 9.9999999999999982 15.999999999999998 22 25 51 9.9999999999999982 111 13.999999999999998 32
leaf_count=14 10 10 12 16 10 10 16 22 25 51 10 111 14 32
internal_value=-1.31424e-10 0.000595778 0.0096373 0.0153182 0.00564893 -0.00578199 -0.00118188 -0.000181947 -0.00171727 0.000132615 -0.0196765 -0.00219454 0.00518219 -0.00907204
internal_weight=363 353 58 48 36 26 295 279 257 233 24 208 97 46
internal_count=363 353 58 48 36 26 295 279 257 233 24 208 97 46
is_linear=0
shrinkage=0.05


Tree=178
num_leaves=15
num_cat=0
split_feature=0 0 1 3 3 0 3 2 3 3 2 0 3 3
split_gain=1.64194 2.0482 3.24345 5.46823 6.14795 1.85675 2.77344 3.08229 3.96337 4.80697 4.28373 8.60558 7.04647 7.53819
threshold=0.58188918547082713 0.24516384365908575 21.292607122520348 6.6837296898152374 2.2212467332768884 0.22500426083871108 44.477308154870961 15.500000000000002 25.190632671402948 16.615502785955751 32.500000000000007 0.14509683463651227 10.801455888456315 12.466369356555807
decision_type=2 2 2 2 2 2 2 2 2 2 2 2 2 2
left_child=1 5 -3 4 -4 6 7 -1 9 10 12 -12 -9 -14
right_child=-2 2 3 -5 -6 -7 -8 8 -10 -11 11 -13 13 -15
leaf_value=-0.018692707360605711 -0.019979403614997865 -0.016749368309974672 0.033490363359451283 0.036339254180590315 -0.014525052513927224 -0.017687276587821543 0.016865707425908608 0.013061998141082852 -0.018683894217014312 0.027864844921757195 0.034132154444232586 -0.01564097825550672 -0.050584490597248059 0.0041247949880712179
leaf_weight=24 9.9999999999999982 9.9999999999999982 10.000000000000002 18 20 15.999999999999998 22 88 25 17 9.9999999999999982 66 10.000000000000002 17
leaf_count=24 10 10 10 18 20 16 22 88 25 17 10 66 10 17
internal_value=9.28116e-11 0.000565989 0.00915544 0.0145523 0.00148009 -0.00112278 -0.000172849 -0.0016314 0.000125985 0.00238679 0.000119107 -0.00909188 0.00620637 -0.0161379
internal_weight=363 353 58 48 30 295 279 257 233 208 191 76 115 27
internal_count=363 353 58 48 30 295 279 257 233 208 191 76 115 27
is_linear=0
shrinkage=0.05


Tree=179
num_leaves=15
num_cat=0
split_feature=3 0 3 0 1 3 0 1 0 4 2 4 0 0
split_gain=1.76363 6.91433 6.32194 7.69479 10.8148 4.77948 4.13494 12.7905 2.85632 14.5472 14.9257 11.2865 11.8432 10.0322
threshold=0.84467134774562835 0.57834252654114304 1.4737196595461541 0.3795318053144498 28.941854964452411 0.3308649393852458 0.24516384365908575 23.229002716043073 0.20875567200643 15.500000000000002 26.500000000000004 15.500000000000002 0.20467404507502626 0.19121938185453405
decision_type=2 2 2 2 2 2 2 2 2 2 2 2 2 2
left_child=5 2 -2 6 -5 -1 8 -8 11 10 -10 12 13 -4
right_child=1 -3 3 4 -6 -7 7 -9 9 -11 -12 -13 -14 -15
leaf_value=0.011225369324286777 0.035283541431029637 0.039975023472850979 -0.0031982333775333787 -0.068471109867095925 0.0050640488043427467 -0.031110245659947397 -0.0058174731700043926 0.064043835103511818 -0.020639694519340994 -0.04345104254104875 0.0441511070355773 0.024620464689484457 0.04804671943187714 -0.041142995245754724
leaf_weight=12.000000000000002 11.999999999999998 10.999999999999998 135 10.000000000000002 9.9999999999999982 14.999999999999998 19.000000000000004 9.9999999999999982 20 22 15.999999999999998 41 9.9999999999999982 20
leaf_count=12 12 11 135 10 10 15 19 10 20 22 16 41 10 20
internal_value=-7.01699e-11 0.000987944 -0.000331619 -0.00169706 -0.0317035 -0.0122944 0.000351168 0.0182726 -0.00161748 -0.011419 0.00815622 0.00114216 -0.00469184 -0.00809433
internal_weight=363 336 325 313 20 27 293 29 264 58 36 206 165 155
internal_count=363 336 325 313 20 27 293 29 264 58 36 206 165 155
is_linear=0
shrinkage=0.05


Tree=180
num_leaves=15
num_cat=0
split_feature=0 0 2 2 1 1 3 2 4 4 3 1 2 5
split_gain=1.74955 1.8991 1.37944 4.84564 2.41376 7.55565 5.58616 3.70715 2.51086 10.9067 6.52619 13.3073 23.5149 10.4616
threshold=0.58188918547082713 0.42313774298843893 40.500000000000007 43.500000000000007 39.576542236382451 47.104645492170057 0.92248558382639023 32.500000000000007 14.500000000000002 12.500000000000002 14.552576790724677 25.937891605395283 26.500000000000004 1.0000000180025095e-35
decision_type=2 2 2 2 2 2 2 2 2 2 2 2 2 2
left_child=1 2 4 -4 6 7 -1 -6 9 10 11 12 -8 -13
right_child=-2 -3 3 -5 5 -7 8 -9 -10 -11 -12 13 -14 -15
leaf_value=-0.028251368040218952 -0.02062375567853451 0.014809470276602291 0.028660007752478119 -0.011619339670453754 -0.0091978367418050749 0.013797104277182372 0.012401793016628786 -0.048636993579566482 -0.0042856475561047378 0.045230508130043749 -0.012133771288296525 0.04590866888562839 -0.072012171216986401 -0.013143886923789977
leaf_weight=15.999999999999998 9.9999999999999982 22 16.000000000000004 13.999999999999998 11.000000000000002 15.999999999999998 33 12.999999999999998 92 15.999999999999998 53 30 10.999999999999998 9.9999999999999982
leaf_count=16 10 22 16 14 11 16 33 13 92 16 53 30 11 10
internal_value=-6.28579e-11 0.000584242 -0.000361241 0.00986298 -0.00138027 -0.0128176 0.00037258 -0.0305607 0.0022419 0.00616696 0.00160479 0.0102732 -0.0087017 0.0311455
internal_weight=363 353 331 30 301 40 261 24 245 153 137 84 44 40
internal_count=363 353 331 30 301 40 261 24 245 153 137 84 44 40
is_linear=0
shrinkage=0.05


Tree=181
num_leaves=15
num_cat=0
split_feature=3 0 3 4 4 3 2 2 1 1 1 1 3 3
split_gain=1.63725 15.454 10.2489 10.5148 5.52965 9.92174 8.28162 5.95854 4.5075 3.43489 11.4219 7.58103 8.98258 11.7567
threshold=2.5304493958105314 0.57834252654114304 2.0844848905668085 15.500000000000002 6.5000000000000009 3.6614854674731685 25.500000000000004 30.500000000000004 32.589041297631958 32.282707802799457 30.286541006484825 33.822575691797404 5.6583401590461166 11.628055157923695
decision_type=2 2 2 2 2 2 2 2 2 2 2 2 2 2
left_child=2 4 3 8 6 7 -2 -6 -1 10 -7 -11 -13 -14
right_child=1 -3 -4 -5 5 9 -8 -9 -10 11 -12 12 13 -15
leaf_value=0.028895636260509491 0.0084742048924619489 0.062750071436166774 -0.048932843158642457 -0.030287404234210655 0.0019850824366916303 -0.0029897085739342311 -0.050473280422962633 0.049789229047019039 -0.0044752858086105655 -0.048768593201583083 0.035945149494165725 -0.03948393857904843 0.035709467753767966 -0.013158521777950228
leaf_weight=25 11.000000000000002 9.9999999999999982 11.999999999999998 18 11.000000000000002 131 12.999999999999998 15.999999999999998 17 10.999999999999998 22 13.999999999999998 20 32
leaf_count=25 11 10 12 18 11 131 13 16 17 11 22 14 20 32
internal_value=1.77028e-11 0.0016703 -0.00675078 0.00168563 -0.000503361 0.00164005 -0.0234557 0.0303135 0.0153884 -0.00172596 0.00260877 -0.0103391 -0.00393422 0.00563686
internal_weight=363 291 72 60 281 257 24 27 42 230 153 77 66 52
internal_count=363 291 72 60 281 257 24 27 42 230 153 77 66 52
is_linear=0
shrinkage=0.05


Tree=182
num_leaves=15
num_cat=0
split_feature=0 0 3 3 3 1 4 0 4 1 0 4 3 0
split_gain=1.93807 1.98469 3.22627 6.71928 5.79828 1.93094 4.25242 8.71803 3.75082 3.98023 4.1742 9.86166 7.25891 4.79334
threshold=0.58188918547082713 0.24516384365908575 2.7018668802173749 4.4018140353725554 10.569099595347817 21.722439435253257 16.500000000000004 0.15618500335845617 6.5000000000000009 23.42369568755861 0.14241435813816225 11.500000000000002 7.6554708949471477 0.15288386996083905
decision_type=2 2 2 2 2 2 2 2 2 2 2 2 2 2
left_child=1 5 -3 -4 -5 6 7 -1 -7 -10 11 12 -11 -12
right_child=-2 2 3 4 -6 8 -8 -9 9 10 13 -13 -14 -15
leaf_value=0.019535137095341559 -0.021706473566591739 -0.010896019587914149 0.051940034627914439 -0.015178026631474495 0.026758449617773294 -0.032806730959564448 0.030211651970942818 -0.033602909858410177 -0.027412081323564055 0.033104713931679706 0.028966799378395081 -0.057829960435628894 -0.027140239998698235 0.00039614602044392167
leaf_weight=19 9.9999999999999982 14.999999999999998 9.9999999999999982 17 15.999999999999998 9.9999999999999982 14.999999999999998 12.999999999999998 13.999999999999998 10.000000000000005 15.999999999999998 9.9999999999999982 9.9999999999999982 178
leaf_count=19 10 15 10 17 16 10 15 13 14 10 16 10 10 178
internal_value=2.27828e-10 0.000614914 0.00907015 0.0160351 0.00515481 -0.00104747 0.00824478 -0.00205219 -0.0028085 -0.00154807 6.84282e-05 -0.0172885 0.00298224 0.00275249
internal_weight=363 353 58 43 33 295 47 32 248 238 224 30 20 194
internal_count=363 353 58 43 33 295 47 32 248 238 224 30 20 194
is_linear=0
shrinkage=0.05


Tree=183
num_leaves=15
num_cat=0
split_feature=0 0 3 2 2 1 0 3 3 3 1 0 1 3
split_gain=1.74911 1.8536 1.30934 1.2864 4.37706 2.26269 11.0374 11.8579 7.42993 7.78327 8.25565 4.56777 3.76515 5.01453
threshold=0.58188918547082713 0.42313774298843893 4.7375855073149857 40.500000000000007 43.500000000000007 30.899974818272863 0.16531552498450866 10.911498086901323 1.8297240500793333 20.266641264116355 35.938140735315812 0.19696634327407156 30.286541006484825 0.92248558382639023
decision_type=2 2 2 2 2 2 2 2 2 2 2 2 2 2
left_child=1 3 -3 5 -5 12 7 -7 -8 10 -10 -12 13 -1
right_child=-2 2 -4 4 -6 6 8 -9 9 -11 11 -13 -14 -15
leaf_value=-0.032570829445665535 -0.020621147453784947 0.026835834709080776 0.0024400745941834017 0.027388546429574487 -0.010893732947962625 -0.069351046892384485 -0.030572178413470586 0.0030702859908342366 0.032934441904146829 -0.03243342354893685 0.010889620662612072 -0.031697603994980457 0.030277803811160006 0.00224484217116297
leaf_weight=10.999999999999998 9.9999999999999982 11.000000000000002 10.999999999999998 16.000000000000004 13.999999999999998 13.000000000000002 14.999999999999998 9.9999999999999982 31 9.9999999999999982 17.000000000000004 9.9999999999999982 10.999999999999998 173
leaf_count=11 10 11 11 16 14 13 15 10 31 10 17 10 11 173
internal_value=-7.71612e-11 0.000584168 0.014638 -0.00034992 0.00952348 -0.00133398 -0.0072138 -0.0378635 0.0012795 0.0083056 0.0153296 -0.00488343 0.00186223 0.00016347
internal_weight=363 353 22 331 30 301 106 23 83 68 58 27 195 184
internal_count=363 353 22 331 30 301 106 23 83 68 58 27 195 184
is_linear=0
shrinkage=0.05


Tree=184
num_leaves=15
num_cat=0
split_feature=0 3 4 1 1 1 2 0 3 5 1 0 1 0
split_gain=1.57857 1.86894 2.72875 7.2211 9.90457 8.90626 10.32 5.19723 18.6654 6.96684 8.21482 6.01434 6.00555 5.38441
threshold=0.58188918547082713 1.4272395205449415 7.5000000000000009 21.451679169957895 25.937891605395283 31.814783427110054 30.500000000000004 0.1433554977693999 7.837362471693905 1.0000000180025095e-35 41.701617533799812 0.19469509745675254 39.576542236382451 0.16836199412017974
decision_type=2 2 2 2 2 2 2 2 2 2 2 2 2 2
left_child=1 -1 3 -3 -5 6 -6 8 -4 10 12 -12 13 -9
right_child=-2 2 7 4 5 -7 -8 9 -10 -11 11 -13 -14 -15
leaf_value=0.01152126719909055 -0.019590090364217758 0.038693132003148396 -0.061316157667897643 -0.028876722939312462 0.0072954286407265383 -0.020158648720154396 0.070646275356411936 0.017483252255866926 0.0096594223583286454 0.038618778911503879 0.038788094077455371 -0.0076689489185810091 -0.04425688445568085 -0.0083087116017822159
leaf_weight=35 9.9999999999999982 14.999999999999998 15.999999999999998 20 18.000000000000004 12.999999999999998 9.9999999999999982 24 22 10.999999999999998 19.000000000000004 10.999999999999998 9.9999999999999982 129
leaf_count=35 10 15 16 20 18 13 10 24 22 11 19 11 10 129
internal_value=2.8889e-10 0.00055496 -0.000652023 0.0076129 -2.97774e-05 0.0140419 0.0299207 -0.00324762 -0.020225 -8.51601e-05 -0.00229108 0.0217538 -0.00671653 -0.00426291
internal_weight=363 353 318 76 61 41 28 242 38 204 193 30 163 153
internal_count=363 353 318 76 61 41 28 242 38 204 193 30 163 153
is_linear=0
shrinkage=0.05


Tree=185
num_leaves=15
num_cat=0
split_feature=2 1 1 3 3 0 3 0 3 3 3 0 1 0
split_gain=1.54464 4.96439 7.57969 11.0046 9.74387 4.10582 4.1229 5.52156 3.82512 12.3837 4.34861 3.13951 2.90133 8.52849
threshold=33.500000000000007 37.577076486965687 43.171769130360381 4.7375855073149857 11.628055157923695 0.57093510892922505 57.026840546185205 0.44399541217732608 5.3778425959746157 4.0806180301732677 12.713098910675667 0.3226562617822667 31.058323299460913 0.16124299808971335
decision_type=2 2 2 2 2 2 2 2 2 2 2 2 2 2
left_child=5 8 4 -4 -3 6 7 11 9 -2 -10 12 -1 -14
right_child=1 2 3 -5 -6 -7 -8 -9 10 -11 -12 -13 13 -15
leaf_value=0.0054178443063729971 -0.028484074026346201 0.055443271306844844 -0.05044303763319144 0.018793258847047887 -0.0070370865364869431 0.031924301385879518 -0.030744116492569445 0.038394708167761568 -0.055932063311338411 0.03817856393077157 -0.012075213744090154 -0.022503398465258735 -0.04965258573341999 0.0011048207292333246
leaf_weight=159 19.000000000000004 13.000000000000002 11.000000000000002 11.999999999999998 11.999999999999998 10.999999999999998 9.9999999999999982 9.9999999999999982 10.000000000000002 10.999999999999998 12.999999999999998 13.999999999999998 9.9999999999999982 48
leaf_count=159 19 13 11 12 12 11 10 10 10 11 13 14 10 48
internal_value=4.31747e-12 -0.00525315 0.00639507 -0.0143198 0.0254527 0.00202507 0.000714746 0.00202009 -0.0158025 -0.00404111 -0.0311434 0.000445434 0.001926 -0.00764646
internal_weight=363 101 48 23 25 262 251 241 53 30 23 231 217 58
internal_count=363 101 48 23 25 262 251 241 53 30 23 231 217 58
is_linear=0
shrinkage=0.05


Tree=186
num_leaves=15
num_cat=0
split_feature=0 3 1 0 4 1 1 1 2 0 3 5 1 1
split_gain=1.58566 1.69965 2.53978 6.69787 2.33186 6.47998 8.85383 7.81103 9.59781 4.71025 16.5317 6.24218 7.30815 5.33121
threshold=0.58188918547082713 1.4272395205449415 35.674551556447689 0.2125679623514454 7.5000000000000009 21.451679169957895 25.886444171754288 31.814783427110054 30.500000000000004 0.1433554977693999 7.837362471693905 1.0000000180025095e-35 41.701617533799812 38.869465940368364
decision_type=2 2 2 2 2 2 2 2 2 2 2 2 2 2
left_child=1 2 3 -1 5 -3 -7 8 -8 10 -6 12 13 -11
right_child=-2 4 -4 -5 9 6 7 -9 -10 11 -12 -13 -14 -15
leaf_value=-0.02236938562530737 -0.019633991941809655 0.036487581531206764 0.032310328937601294 0.029432542684177561 -0.057827921258285647 -0.028516068897749249 0.0061866238713264455 -0.019587516555419335 0.066703744571059362 -0.0035836831356088322 0.0089678298681974411 0.03665219247341156 0.020607593121627969 -0.036961604540164658
leaf_weight=13.000000000000002 9.9999999999999982 14.999999999999998 9.9999999999999982 11.999999999999998 15.999999999999998 19 19.000000000000004 12.999999999999998 9.9999999999999982 150 22 10.999999999999998 30 12.999999999999998
leaf_count=13 10 15 10 12 16 19 19 13 10 150 22 11 30 13
internal_value=-9.51627e-11 0.000556204 0.0110141 0.00249554 -0.000594817 0.00704545 -0.000194422 0.0126178 0.0270546 -0.00299424 -0.0191567 1.64146e-05 -0.00207163 -0.00624573
internal_weight=363 353 35 25 318 76 61 42 29 242 38 204 193 163
internal_count=363 353 35 25 318 76 61 42 29 242 38 204 193 163
is_linear=0
shrinkage=0.05


Tree=187
num_leaves=15
num_cat=0
split_feature=0 0 3 3 2 3 3 1 1 3 1 0 4 3
split_gain=1.43105 1.5482 4.89533 9.61208 9.42513 5.80774 12.2067 10.0968 8.11122 7.78354 7.08035 8.64887 19.0178 6.88324
threshold=0.58188918547082713 0.18430426923396026 3.2669359738780983 2.7018668802173749 30.500000000000004 5.7787937871708071 7.2281644020070717 23.229002716043073 25.844470503399332 5.1665706593033267 27.599451271789544 0.21509200852515706 12.500000000000002 4.3309800485730934
decision_type=2 2 2 2 2 2 2 2 2 2 2 2 2 2
left_child=1 -1 3 4 -3 9 -7 -8 -9 13 -10 12 -12 -4
right_child=-2 2 5 -5 -6 6 7 8 10 -11 11 -13 -14 -15
leaf_value=-0.0031292221432774321 -0.018652292191982271 0.021272093031023231 -0.034962663799524299 0.053723501485700792 -0.028973191816891942 0.054096021164547314 -0.033106771931052208 0.042785679835539603 -0.030562151260673999 -0.056614271178841595 -0.041901670834597421 0.041822679979460584 0.034047508239746095 0.020214423766502967
leaf_weight=159 9.9999999999999982 28 10.000000000000002 12.999999999999998 13.999999999999998 10.999999999999998 20 12.999999999999998 14.999999999999998 9.9999999999999982 17 13.999999999999998 15.999999999999998 12.999999999999998
leaf_count=159 10 28 10 13 14 11 20 13 15 10 17 14 16 13
internal_value=-9.44151e-11 0.000528393 0.00352613 0.0161527 0.00452366 -0.00147 0.00423256 -0.0015411 0.00687641 -0.0197873 -0.000652952 0.00889254 -0.00507783 -0.00377561
internal_weight=363 353 194 55 42 139 106 95 75 33 62 47 33 23
internal_count=363 353 194 55 42 139 106 95 75 33 62 47 33 23
is_linear=0
shrinkage=0.05


Tree=188
num_leaves=15
num_cat=0
split_feature=3 0 3 4 4 2 3 2 1 3 1 1 3 4
split_gain=1.42591 14.8746 9.72451 9.60653 5.7008 8.9512 8.46699 4.86975 3.73237 3.30187 2.86643 10.2118 5.94918 6.24478
threshold=2.5304493958105314 0.57834252654114304 2.0844848905668085 15.500000000000002 6.5000000000000009 25.500000000000004 3.6614854674731685 30.500000000000004 32.589041297631958 1.2286219587268847 32.282707802799457 30.286541006484825 6.3995348260672058 11.500000000000002
decision_type=2 2 2 2 2 2 2 2 2 2 2 2 2 2
left_child=2 4 3 8 5 -2 7 -6 9 -1 11 -8 -12 -14
right_child=1 -3 -4 -5 6 -7 10 -9 -10 -11 12 -13 13 -15
leaf_value=0.0068066509609872629 0.0093170172788880051 0.061482512503862385 -0.047388759131232902 -0.028643196448683739 0.0024808805097233161 -0.051967129053977823 -0.0028406656226356523 0.045697331202973146 -0.0030599800431553056 0.043413295916148592 -0.033657446479130736 0.033973990448496562 -0.030506084965808051 0.0078339201556942
leaf_weight=11.000000000000002 11.000000000000002 9.9999999999999982 11.999999999999998 18 11.000000000000002 12.999999999999998 131 15.999999999999998 17 13.999999999999998 19 22 13.999999999999998 44
leaf_count=11 11 10 12 18 11 13 131 16 17 14 19 22 14 44
internal_value=7.38259e-11 0.00155877 -0.00630004 0.0019177 -0.000573744 -0.0238786 0.00160258 0.0280906 0.0150152 0.0273064 -0.00150689 0.00245295 -0.00937512 -0.00142056
internal_weight=363 291 72 60 281 24 257 27 42 25 230 153 77 58
internal_count=363 291 72 60 281 24 257 27 42 25 230 153 77 58
is_linear=0
shrinkage=0.05


Tree=189
num_leaves=15
num_cat=0
split_feature=0 3 1 3 4 0 0 1 2 0 3 5 1 3
split_gain=1.61239 1.61552 2.41423 6.07183 2.12087 6.11035 5.3716 6.79452 11.3217 4.13359 14.8849 5.80656 6.81859 5.34544
threshold=0.58188918547082713 1.4272395205449415 35.674551556447689 0.44600453287922154 7.5000000000000009 0.14884243089412311 0.18020710728803527 30.044625459953725 26.500000000000004 0.1433554977693999 7.837362471693905 1.0000000180025095e-35 41.701617533799812 15.939136698757919
decision_type=2 2 2 2 2 2 2 2 2 2 2 2 2 2
left_child=1 2 3 -1 5 -3 -7 8 -8 10 -6 12 -11 -12
right_child=-2 4 -4 -5 9 6 7 -9 -10 11 13 -13 -14 -15
leaf_value=-0.025347589565949 -0.019798816740512849 0.041188407079740003 0.031519847279414537 0.024293298912899837 -0.054685093509033326 -0.026540948982749668 0.024683143219186202 0.036696604788303382 -0.031396422535181046 -0.006074982209051131 0.03119544511040051 0.035305079580707985 0.019863322653497259 -0.018301950022578239
leaf_weight=11.000000000000002 9.9999999999999982 10.999999999999998 9.9999999999999982 13.999999999999998 15.999999999999998 13.999999999999998 18 14.999999999999998 18 163 12.000000000000002 10.999999999999998 30 9.9999999999999982
leaf_count=11 10 11 10 14 16 14 18 15 18 163 12 11 30 10
internal_value=1.13144e-10 0.000560873 0.0107566 0.00245131 -0.000561299 0.00672512 0.000892873 0.00842373 -0.00335664 -0.0028496 -0.0179904 -2.92478e-05 -0.00204312 0.00869663
internal_weight=363 353 35 25 318 76 65 51 36 242 38 204 193 22
internal_count=363 353 35 25 318 76 65 51 36 242 38 204 193 22
is_linear=0
shrinkage=0.05


Tree=190
num_leaves=15
num_cat=0
split_feature=2 0 1 0 3 0 1 2 3 1 0 1 1 1
split_gain=1.54015 4.76798 6.87833 3.56265 3.75028 4.90082 3.102 6.68083 4.66804 8.85941 2.77785 2.77148 8.14494 5.01692
threshold=33.500000000000007 0.14884243089412311 30.286541006484825 0.57093510892922505 57.026840546185205 0.44399541217732608 38.060479599637567 38.500000000000007 4.5124453830028095 33.230533055379148 0.3226562617822667 31.058323299460913 32.686894745803777 28.440135457000146
decision_type=2 2 2 2 2 2 2 2 2 2 2 2 2 2
left_child=3 -2 -3 4 5 10 8 -8 -4 -10 11 13 -13 -1
right_child=1 2 6 -5 -6 -7 7 -9 9 -11 -12 12 -14 -15
leaf_value=0.0019038309464636056 0.023019313511367032 -0.046405447477644142 -0.035662725269794464 0.02987350442192771 -0.029202047437429431 0.03631553815677762 -0.018368385968108972 0.025774301197379831 0.026724983964647561 -0.030596650621065726 -0.021023595173444071 -0.040617265445845471 0.0031689802089452067 0.028136239626577925
leaf_weight=138 12.999999999999998 10.999999999999998 14.999999999999998 10.999999999999998 9.9999999999999982 9.9999999999999982 14.999999999999998 20 14.000000000000002 12.999999999999998 13.999999999999998 13.999999999999998 44 21
leaf_count=138 13 11 15 11 10 10 15 20 14 13 14 14 44 21
internal_value=1.79979e-10 -0.00524551 -0.00942099 0.00202212 0.000801545 0.00204651 -0.0041375 0.00685601 -0.0132988 -0.000874322 0.000562999 0.00195568 -0.00740011 0.00536849
internal_weight=363 101 88 262 251 241 77 35 42 27 231 217 58 159
internal_count=363 101 88 262 251 241 77 35 42 27 231 217 58 159
is_linear=0
shrinkage=0.05


Tree=191
num_leaves=15
num_cat=0
split_feature=0 1 1 1 2 3 3 2 1 3 2 2 3 4
split_gain=1.58525 1.5051 7.18516 6.77569 10.724 9.97327 12.6778 6.74608 14.5095 6.99144 11.1923 7.52205 5.14422 5.03264
threshold=0.58188918547082713 25.687046228719613 26.410870144149744 27.51587185798542 27.500000000000004 10.911498086901323 6.3995348260672058 32.500000000000007 31.814783427110054 10.911498086901323 35.500000000000007 34.500000000000007 3.3967898297969961 16.500000000000004
decision_type=2 2 2 2 2 2 2 2 2 2 2 2 2 2
left_child=1 13 -3 -4 5 6 -5 8 -6 11 -11 -9 -10 -1
right_child=-2 2 3 4 7 -7 -8 9 12 10 -12 -13 -14 -15
leaf_value=-0.0020463014117036112 -0.019631445035338403 -0.032094849066601865 0.030157024206386676 -0.034485253554714067 0.065333727403328976 -0.054943484673276546 0.031107583183508654 -0.041487173107452695 0.024846513462918138 0.055195185169577603 -0.003182219011852375 -0.002689822000173623 -0.016081625266986737 0.020143722095771841
leaf_weight=78 9.9999999999999982 18 18 17.000000000000004 12.999999999999998 15.999999999999998 12.999999999999998 15.999999999999998 14.000000000000002 11.999999999999998 26 57 17 38
leaf_count=78 10 18 18 17 13 16 13 16 14 12 26 57 17 38
internal_value=1.84725e-10 0.000556132 -0.001728 0.000767908 -0.00186395 -0.0230641 -0.00606169 0.00442769 0.0209955 -0.00213973 0.0152528 -0.0111934 0.00240205 0.00522284
internal_weight=363 353 237 219 201 46 30 155 44 111 38 73 31 116
internal_count=363 353 237 219 201 46 30 155 44 111 38 73 31 116
is_linear=0
shrinkage=0.05


Tree=192
num_leaves=15
num_cat=0
split_feature=0 0 3 3 2 3 3 3 3 1 1 2 3 3
split_gain=1.43068 1.53192 4.31548 8.36688 8.26276 6.60191 5.7029 8.49633 10.8175 9.20775 7.35439 6.287 4.14262 4.20751
threshold=0.58188918547082713 0.18368295402554474 3.2669359738780983 2.7018668802173749 30.500000000000004 4.3309800485730934 4.8300052250568335 5.7787937871708071 7.2281644020070717 23.229002716043073 25.844470503399332 26.500000000000004 25.190632671402948 10.569099595347817
decision_type=2 2 2 2 2 2 2 2 2 2 2 2 2 2
left_child=1 -1 3 4 -3 -4 -7 -8 -9 -10 -11 -12 13 -13
right_child=-2 2 5 -5 -6 6 7 8 9 10 11 12 -14 -15
leaf_value=-0.0031731243036353055 -0.018649874180555342 0.020182308873959953 -0.038351089304143736 0.050403170901699927 -0.026862781760948046 0.038266856133705007 -0.036242110170423988 0.050903199977156789 -0.031616297885775572 0.04075905015835396 -0.023676504865288734 0.020575617592443113 0.029426448485430551 -0.020747420032109536
leaf_weight=156 9.9999999999999982 28 10.999999999999998 12.999999999999998 13.999999999999998 9.9999999999999982 14.999999999999998 10.999999999999998 20 12.999999999999998 20 11.000000000000002 17 13.999999999999998
leaf_count=156 10 28 11 13 14 10 15 11 20 13 20 11 17 14
internal_value=1.45752e-10 0.000528325 0.00345942 0.0153503 0.00450061 -0.0011462 0.00197787 -0.00102122 0.00396287 -0.00147232 0.00656607 -0.000603428 0.0103838 -0.00256528
internal_weight=363 353 197 55 42 142 131 121 106 95 75 62 42 25
internal_count=363 353 197 55 42 142 131 121 106 95 75 62 42 25
is_linear=0
shrinkage=0.05


Tree=193
num_leaves=15
num_cat=0
split_feature=3 0 0 0 0 2 2 1 0 2 0 4 3 3
split_gain=1.44675 26.3082 11.1368 9.50976 7.00571 7.37703 10.1228 6.10227 4.90508 7.16823 3.56935 10.1944 9.62159 8.02332
threshold=3.3967898297969961 0.57093510892922505 0.3795318053144498 0.47681386795739839 0.18691853685642432 32.500000000000007 22.500000000000004 32.282707802799457 0.24516384365908575 15.500000000000002 0.19696634327407156 15.500000000000002 8.2599200577655765 19.473373900185191
decision_type=2 2 2 2 2 2 2 2 2 2 2 2 2 2
left_child=3 2 8 4 5 6 -1 -6 10 -10 11 -2 -13 -12
right_child=1 -3 -4 -5 7 -7 -8 -9 9 -11 13 12 -14 -15
leaf_value=-0.033255601538853201 -0.0025131686237610637 0.081481231451034544 -0.050407303768125446 -0.05138551756739617 -0.0019388239059982628 -0.041784704779274762 0.031915968513259521 0.033961621569469573 -0.0051843374967575056 0.054683130979537968 -0.0211311464946644 0.0049912396020122922 0.067480181733315645 0.01444130777988745
leaf_weight=11.000000000000002 124 9.9999999999999982 10.999999999999998 9.9999999999999982 29 15.999999999999998 12.999999999999998 20 10.000000000000002 9.9999999999999982 51 14.000000000000002 10.999999999999998 23
leaf_count=11 124 10 11 10 29 16 13 20 10 10 51 14 11 23
internal_value=5.36216e-11 0.00193298 -0.00119884 -0.00515463 3.98566e-05 -0.0154865 0.00204567 0.0127144 0.00102871 0.0247494 -0.00109871 0.00335924 0.0324864 -0.0100748
internal_weight=363 264 254 99 89 40 24 49 243 20 223 149 25 74
internal_count=363 264 254 99 89 40 24 49 243 20 223 149 25 74
is_linear=0
shrinkage=0.05


Tree=194
num_leaves=15
num_cat=0
split_feature=0 3 0 1 4 1 1 1 2 0 3 2 2 1
split_gain=1.50594 1.43424 2.11399 5.63664 2.03545 5.88889 8.72013 6.56838 7.81917 3.88092 13.2842 5.16346 7.19788 5.59577
threshold=0.58188918547082713 1.4272395205449415 0.2125679623514454 35.674551556447689 7.5000000000000009 21.451679169957895 25.886444171754288 31.814783427110054 30.500000000000004 0.1433554977693999 7.837362471693905 15.500000000000002 21.500000000000004 41.701617533799812
decision_type=2 2 2 2 2 2 2 2 2 2 2 2 2 2
left_child=1 2 3 -1 5 -3 -7 8 -8 10 -6 -11 -13 -14
right_child=-2 4 -4 -5 9 6 7 -9 -10 11 -12 12 13 -15
leaf_value=-0.020436439261986655 -0.019134104549884796 0.034690090517203016 0.027160944913824397 0.029494793750345707 -0.052093271026387812 -0.028385869374400692 0.0068395516786136125 -0.017096427885385661 0.061462180051021276 -0.029329013664807592 0.0077834206887266852 0.034228028450161221 -0.0049086803964908344 0.018828693243364496
leaf_weight=13.000000000000002 9.9999999999999982 14.999999999999998 11.999999999999998 9.9999999999999982 15.999999999999998 19 19.000000000000004 12.999999999999998 9.9999999999999982 13.999999999999998 22 15.999999999999998 144 30
leaf_count=13 10 15 12 10 16 19 19 13 10 14 22 16 144 30
internal_value=2.28469e-10 0.000542043 0.0101487 0.00127279 -0.000515297 0.00662289 -0.000278882 0.0124362 0.0256749 -0.00275704 -0.0174278 -2.42496e-05 0.00213505 -0.00081603
internal_weight=363 353 35 23 318 76 61 42 29 242 38 204 190 174
internal_count=363 353 35 23 318 76 61 42 29 242 38 204 190 174
is_linear=0
shrinkage=0.05


Tree=195
num_leaves=15
num_cat=0
split_feature=0 1 1 0 0 3 0 3 4 1 4 4 3 1
split_gain=1.35911 1.44916 2.44385 3.27868 7.55075 9.11567 7.12793 5.48814 11.6995 3.92821 2.93404 16.6989 8.47889 8.73524
threshold=0.58188918547082713 45.492068763775279 41.251861148391775 0.14129469163694955 0.17262606224361707 14.552576790724677 0.12164969000977628 5.5155840689011564 12.500000000000002 22.846610087054945 12.500000000000002 13.500000000000002 16.615502785955751 26.085739572378152
decision_type=2 2 2 2 2 2 2 2 2 2 2 2 2 2
left_child=1 2 3 6 5 7 9 -5 -9 -1 -6 -12 13 -13
right_child=-2 -3 -4 4 10 -7 -8 8 -10 -11 11 12 -14 -15
leaf_value=0.011871332582086322 -0.018177400827407836 -0.011346368119120598 0.01674241543126603 -0.01045118703653938 -0.002914816933187926 0.011400554500716299 0.038143318146467209 -0.0095181633125651938 -0.08090707883238793 -0.028076567947864534 0.070271162241697313 0.018330509201795967 0.042843911729075694 -0.017496293256788153
leaf_weight=16.000000000000004 9.9999999999999982 24 24 19 107 19 17 11.000000000000002 11.999999999999998 9.9999999999999982 9.9999999999999982 27 10.999999999999998 46
leaf_count=16 10 24 24 19 107 19 17 11 12 10 10 27 11 46
internal_value=-2.33729e-10 0.00051494 0.0013802 0.000171373 -0.00192879 -0.0173368 0.0129677 -0.0303371 -0.0467646 -0.00349324 0.00274728 0.00919244 0.00192116 -0.00424528
internal_weight=363 353 329 305 262 61 43 42 23 26 201 94 84 73
internal_count=363 353 329 305 262 61 43 42 23 26 201 94 84 73
is_linear=0
shrinkage=0.05


Tree=196
num_leaves=15
num_cat=0
split_feature=3 0 0 0 0 2 2 1 0 2 0 4 3 4
split_gain=1.3576 24.2553 10.0177 8.42966 6.05211 6.76233 9.09292 5.6967 4.4061 6.20377 3.50909 9.48301 8.35074 7.40765
threshold=3.3967898297969961 0.57093510892922505 0.3795318053144498 0.47681386795739839 0.18691853685642432 32.500000000000007 22.500000000000004 32.282707802799457 0.24516384365908575 15.500000000000002 0.19696634327407156 15.500000000000002 8.2599200577655765 15.500000000000002
decision_type=2 2 2 2 2 2 2 2 2 2 2 2 2 2
left_child=3 2 8 4 5 6 -1 -6 10 -10 11 -2 -13 -12
right_child=1 -3 -4 -5 7 -7 -8 -9 9 -11 13 12 -14 -15
leaf_value=-0.031205203248695884 -0.002281966487005834 0.078254047036170962 -0.047805286164988171 -0.048519659489393241 -0.0024802115585269603 -0.039712429419159895 0.030562179621595603 0.03220670405775309 -0.0043874607980251305 0.051307096630334864 0.0017045301540444297 0.0058593600988388053 0.064075325150042772 -0.031432904962163707
leaf_weight=11.000000000000002 124 9.9999999999999982 10.999999999999998 9.9999999999999982 29 15.999999999999998 12.999999999999998 20 10.000000000000002 9.9999999999999982 48 14.000000000000002 10.999999999999998 26
leaf_count=11 124 10 11 10 29 16 13 20 10 10 48 14 11 26
internal_value=-1.3059e-10 0.00187249 -0.00113466 -0.0049933 -0.000102695 -0.0145337 0.00225213 0.0116777 0.000978 0.0234598 -0.00103831 0.00338185 0.0314744 -0.00993835
internal_weight=363 264 254 99 89 40 24 49 243 20 223 149 25 74
internal_count=363 264 254 99 89 40 24 49 243 20 223 149 25 74
is_linear=0
shrinkage=0.05


Tree=197
num_leaves=15
num_cat=0
split_feature=0 1 1 1 0 0 0 3 3 0 3 2 3 0
split_gain=1.43005 1.36427 2.26462 2.89148 2.41771 6.25233 4.04601 5.1815 5.70955 7.53426 5.03729 9.75023 6.27384 5.58574
threshold=0.58188918547082713 45.492068763775279 41.251861148391775 38.869465940368364 0.14129469163694955 0.12164969000977628 0.17262606224361707 18.18216529736279 4.8300052250568335 0.16124299808971335 24.620985406743042 30.500000000000004 15.233115232496893 0.21110711455464756
decision_type=2 2 2 2 2 2 2 2 2 2 2 2 2 2
left_child=1 2 3 4 5 -1 7 8 -6 -10 12 13 -8 -12
right_child=-2 -3 -4 -5 6 -7 10 -9 9 -11 11 -13 -14 -15
leaf_value=-0.0032372184384327667 -0.018645759522914886 -0.010980466473847629 0.016155905121316514 -0.022868690381829555 0.0013060466769863578 0.035758226408677943 0.0038181726800555933 0.01620471701025963 -0.058663520539800312 -0.0026342872343957427 -0.0039928377690640355 0.021977967482346757 0.041447563841938977 -0.050901723603407549
leaf_weight=26 9.9999999999999982 24 24 12.999999999999998 17 17 144 11.999999999999998 15.000000000000002 9.9999999999999982 11.000000000000002 12.999999999999998 11.999999999999998 14.999999999999998
leaf_count=26 10 24 24 13 17 17 144 12 15 10 11 13 12 15
internal_value=-4.44174e-11 0.000528208 0.00136775 0.000204089 0.0012313 0.0121796 -0.000659366 -0.012771 -0.0210498 -0.0362518 0.00269464 -0.0133778 0.00671274 -0.0310557
internal_weight=363 353 329 305 292 43 249 54 42 25 195 39 156 26
internal_count=363 353 329 305 292 43 249 54 42 25 195 39 156 26
is_linear=0
shrinkage=0.05


Tree=198
num_leaves=15
num_cat=0
split_feature=3 0 0 0 0 2 2 1 4 3 1 4 4 3
split_gain=1.29203 22.0955 8.93035 7.46641 5.53321 6.04846 8.03895 5.21235 4.40629 8.99067 7.04776 4.75753 5.46264 7.89537
threshold=3.3967898297969961 0.57093510892922505 0.3795318053144498 0.47681386795739839 0.18691853685642432 32.500000000000007 22.500000000000004 32.282707802799457 7.5000000000000009 13.166052494933639 26.778760401399452 11.500000000000002 14.500000000000002 32.637913835117722
decision_type=2 2 2 2 2 2 2 2 2 2 2 2 2 2
left_child=3 2 8 4 5 6 -1 -6 9 10 -2 -10 13 -13
right_child=1 -3 -4 -5 7 -7 -8 -9 11 -11 -12 12 -14 -15
leaf_value=-0.029650478098880152 0.0098579655800546898 0.074728207588195802 -0.045108476780164483 -0.045835305452346806 -0.0025471089086655917 -0.037879660376347601 0.028426940624530501 0.030632468778640034 -0.013284283197269989 -0.012802578004844049 0.062076852098107344 0.03266146211274739 -0.0035787131467093069 -0.014231766416476326
leaf_weight=11.000000000000002 14.000000000000002 9.9999999999999982 10.999999999999998 9.9999999999999982 29 15.999999999999998 12.999999999999998 20 65 17 11.999999999999998 29 93 12.999999999999998
leaf_count=11 14 10 11 10 29 16 13 20 65 17 12 29 93 13
internal_value=5.95386e-11 0.0018267 -0.00104344 -0.00487121 -0.000268499 -0.014067 0.00180812 0.0109956 0.000951278 0.0154719 0.033959 -0.00217065 0.00318036 0.0181469
internal_weight=363 264 254 99 89 40 24 49 243 43 26 200 135 42
internal_count=363 264 254 99 89 40 24 49 243 43 26 200 135 42
is_linear=0
shrinkage=0.05


Tree=199
num_leaves=15
num_cat=0
split_feature=0 1 1 1 2 3 3 1 4 2 1 4 1 2
split_gain=1.49095 1.32479 5.95153 6.70176 8.82724 8.63523 11.1187 5.86949 4.52154 8.90434 9.64612 14.7557 9.33879 5.34742
threshold=0.58188918547082713 25.687046228719613 26.410870144149744 27.51587185798542 27.500000000000004 10.911498086901323 6.3995348260672058 29.297878120741139 16.500000000000004 27.500000000000004 21.292607122520348 10.500000000000002 22.449026196348189 23.500000000000004
decision_type=2 2 2 2 2 2 2 2 2 2 2 2 2 2
left_child=1 8 -3 -4 5 6 -5 -6 9 10 11 -1 -12 -14
right_child=-2 2 3 4 7 -7 -8 -9 -10 -11 12 -13 13 -15
leaf_value=0.0077366817565191343 -0.019038613438606262 -0.029240921553638246 0.029896285136540732 -0.03198130842955673 0.034636719152331352 -0.050847524125128989 0.02944597498728679 0.00069276282748749073 0.019060531437495039 -0.046025819256901745 0.058000442882378905 -0.066057259738445284 -0.017877454482592064 0.028408560405174893
leaf_weight=21.000000000000004 9.9999999999999982 18 18 17.000000000000004 13.999999999999998 15.999999999999998 12.999999999999998 141 38 9.9999999999999982 11.999999999999998 9.9999999999999982 13.000000000000002 11.999999999999998
leaf_count=21 10 18 18 17 14 16 13 141 38 10 12 10 13 12
internal_value=-1.78568e-10 0.000539337 -0.00160361 0.000667953 -0.00194951 -0.0211836 -0.00536282 0.00375867 0.00491759 -0.00197256 0.00450587 -0.0160678 0.0217433 0.00433983
internal_weight=363 353 237 219 201 46 30 155 116 78 68 31 37 25
internal_count=363 353 237 219 201 46 30 155 116 78 68 31 37 25
is_linear=0
shrinkage=0.05


Tree=200
num_leaves=15
num_cat=0
split_feature=0 3 4 0 0 3 1 1 5 0 2 2 2 0
split_gain=1.34558 1.32549 2.10407 5.38633 4.09923 11.9878 4.32271 5.23216 4.77444 5.46685 7.73212 7.56692 7.37248 9.36405
threshold=0.58188918547082713 1.4272395205449415 7.5000000000000009 0.14884243089412311 0.1433554977693999 7.837362471693905 41.701617533799812 39.576542236382451 1.0000000180025095e-35 0.16836199412017974 15.500000000000002 21.500000000000004 25.500000000000004 0.21930452351660468
decision_type=2 2 2 2 2 2 2 2 2 2 2 2 2 2
left_child=1 -1 3 -3 5 -4 7 8 9 -6 -11 -12 -13 -14
right_child=-2 2 4 -5 6 -7 -8 -9 -10 10 11 12 13 -15
leaf_value=0.0097476578078099663 -0.01808668166399002 0.039110557599501182 -0.050791639182716612 0.0012775876802893786 0.018979779770597817 0.0060884510251608768 0.01755387378235658 -0.036372792432931338 0.032727595705073324 -0.049236644059419632 0.036046452380039472 -0.034886738266795878 -0.0098151210695505142 0.029825638371862861
leaf_weight=35 9.9999999999999982 10.999999999999998 15.999999999999998 65 24 22 30 10.999999999999998 9.9999999999999982 9.9999999999999982 10.999999999999998 20 69 19
leaf_count=35 10 11 16 65 24 22 30 11 10 10 11 20 69 19
internal_value=-1.40917e-10 0.00051237 -0.000504092 0.00675341 -0.00278331 -0.0178611 2.52927e-05 -0.00299688 -0.000744514 -0.00293223 -0.00700889 -0.00346034 -0.00748418 -0.00125632
internal_weight=363 353 318 76 242 38 204 174 163 153 129 119 108 88
internal_count=363 353 318 76 242 38 204 174 163 153 129 119 108 88
is_linear=0
shrinkage=0.05


Tree=201
num_leaves=15
num_cat=0
split_feature=1 3 0 3 1 4 1 1 3 0 2 4 3 1
split_gain=1.32891 2.7571 11.1369 8.19743 6.47389 5.83321 6.7896 5.17748 7.48541 7.64342 4.6825 3.27418 7.72766 6.33624
threshold=45.492068763775279 2.5304493958105314 0.57834252654114304 2.0844848905668085 41.701617533799812 15.500000000000002 32.589041297631958 39.576542236382451 3.2669359738780983 0.3795318053144498 40.500000000000007 7.5000000000000009 13.166052494933639 26.778760401399452
decision_type=2 2 2 2 2 2 2 2 2 2 2 2 2 2
left_child=1 3 4 5 7 6 -1 8 -3 10 11 12 13 -10
right_child=-2 2 -4 -5 -6 -7 -8 -9 9 -11 -12 -13 -14 -15
leaf_value=0.02541244957596064 -0.01136993922603627 0.031530780759122634 0.054777850210666661 -0.047821054404432128 0.030874725475030784 -0.024528444755603285 -0.021726169521835717 -0.034554153202440256 0.0085151348795209601 -0.039195383669665233 -0.033038650751113889 -0.001388255089180532 -0.011985573369790526 0.058027963091929757
leaf_weight=25 24 18 9.9999999999999982 10.999999999999998 17 17 10.999999999999998 10.999999999999998 14.000000000000002 12.999999999999998 9.9999999999999982 153 17 11.999999999999998
leaf_count=25 24 18 10 11 17 17 11 11 14 13 10 153 17 12
internal_value=1.42777e-10 0.000804952 0.00298026 -0.00854206 0.00102563 -0.000389815 0.011009 -0.00102048 0.000535938 -0.00201158 0.000334967 0.0020377 0.0142277 0.0313672
internal_weight=363 339 275 64 265 53 36 248 237 219 206 196 43 26
internal_count=363 339 275 64 265 53 36 248 237 219 206 196 43 26
is_linear=0
shrinkage=0.05


Tree=202
num_leaves=15
num_cat=0
split_feature=0 1 2 0 5 0 0 2 2 0 4 3 2 3
split_gain=1.48674 1.32458 2.0607 2.20351 4.83396 6.59883 4.03759 11.6323 12.1811 7.82 8.54068 3.84877 7.79059 6.12167
threshold=0.58188918547082713 45.492068763775279 42.500000000000007 0.14129469163694955 1.0000000180025095e-35 0.11091051342035599 0.17262606224361707 36.500000000000007 32.500000000000007 0.15072376617313146 9.0000000000000018 24.620985406743042 30.500000000000004 15.233115232496893
decision_type=2 2 2 2 2 2 2 2 2 2 2 2 2 2
left_child=1 2 3 4 5 -1 7 8 9 -5 -11 13 -13 -8
right_child=-2 -3 -4 6 -6 -7 11 -9 -10 10 -12 12 -14 -15
leaf_value=-0.0043872809753968149 -0.019011715352535249 -0.010801442914331954 0.017349732079003987 -0.038539263763679915 -0.010943436666446574 0.042935234102803997 0.002616455424025557 0.036639099493622783 -0.062062916372503552 -0.025681060906499617 0.034819272213748524 -0.027709751540365132 0.020994803681969643 0.03971139018734296
leaf_weight=13.000000000000002 9.9999999999999982 24 19 12.999999999999998 17 17 152 9.9999999999999982 13.999999999999998 10.000000000000002 13.999999999999998 26 11.999999999999998 11.999999999999998
leaf_count=13 10 24 19 13 17 17 152 10 14 10 14 26 12 12
internal_value=-5.69569e-11 0.000538575 0.00136581 0.000386151 0.010358 0.0224288 -0.00139589 -0.0126695 -0.0223379 -0.00730679 0.0096108 0.00200852 -0.0123294 0.00533072
internal_weight=363 353 329 310 47 30 263 61 51 37 24 202 38 164
internal_count=363 353 329 310 47 30 263 61 51 37 24 202 38 164
is_linear=0
shrinkage=0.05


Tree=203
num_leaves=15
num_cat=0
split_feature=2 3 3 1 1 1 2 3 3 2 2 3 0 3
split_gain=1.37633 3.09551 6.46743 10.6867 6.56355 9.63747 2.35945 2.16229 11.9087 7.73271 14.8507 7.33261 9.08632 6.68139
threshold=21.500000000000004 35.214040636101437 10.375191108475454 18.539307659641469 21.825108049454268 20.677458910471447 23.500000000000004 4.8300052250568335 3.5349209757263877 32.500000000000007 36.500000000000007 2.6007864582671623 0.19521743906267966 9.3396239316057077
decision_type=2 2 2 2 2 2 2 2 2 2 2 2 2 2
left_child=1 2 3 -1 5 -5 -2 8 9 11 -11 12 -8 -9
right_child=6 -3 -4 4 -6 -7 7 13 -10 10 -12 -13 -14 -15
leaf_value=-0.025718015923093147 -0.020275720220524818 0.029224198994537195 -0.020568617433309556 0.013098080766697721 -0.0055463409423828127 0.079559913799166687 0.036633359234441408 -0.018322998617183079 0.033715440926176531 -0.060003729114929842 0.0065482698969150854 0.046448417603969575 -0.017277666724597417 0.0032248553913982155
leaf_weight=12.999999999999998 15.999999999999998 11.999999999999998 22 12.000000000000002 9.9999999999999982 9.9999999999999982 10.999999999999998 55 27 14.999999999999998 19 9.9999999999999982 27 104
leaf_count=13 16 12 22 12 10 10 11 55 27 15 19 10 27 104
internal_value=8.4794e-11 0.00583746 0.00164879 0.0125106 0.028041 0.043308 -0.0016238 -0.000510253 0.00491406 -0.00456933 -0.0228129 0.00835321 -0.00167184 -0.0042288
internal_weight=363 79 67 45 32 22 284 268 109 82 34 48 38 159
internal_count=363 79 67 45 32 22 284 268 109 82 34 48 38 159
is_linear=0
shrinkage=0.05


Tree=204
num_leaves=15
num_cat=0
split_feature=0 3 4 1 1 1 2 0 3 0 2 2 1 1
split_gain=1.32025 1.34276 1.95885 5.30105 7.58688 6.15399 6.11406 4.09336 11.0334 4.22213 8.45282 5.01851 4.66218 7.19751
threshold=0.58188918547082713 1.4272395205449415 7.5000000000000009 21.451679169957895 25.886444171754288 31.814783427110054 30.500000000000004 0.1433554977693999 7.837362471693905 0.1551028605827689 15.500000000000002 21.500000000000004 23.41856220926427 26.085739572378152
decision_type=2 2 2 2 2 2 2 2 2 2 2 2 2 2
left_child=1 -1 3 -3 -5 6 -6 8 -4 -9 -11 -12 -13 -14
right_child=-2 2 7 4 5 -7 -8 9 -10 10 11 12 13 -15
leaf_value=0.0098027875487293522 -0.017915623486042025 0.033116563757260645 -0.049374126829206944 -0.026278296505150039 0.0079576981597040807 -0.016786945897799273 0.056258785035461195 0.020781168519434606 0.0051946903494271366 -0.047097874581813817 0.028880971962852137 -0.027088638616944938 0.037667872756719595 -0.0028162893396080292
leaf_weight=35 9.9999999999999982 14.999999999999998 15.999999999999998 19 19.000000000000004 12.999999999999998 9.9999999999999982 22 22 9.9999999999999982 13.999999999999998 17 11.999999999999998 129
leaf_count=35 10 15 16 19 19 13 10 22 22 10 14 17 12 129
internal_value=-2.72277e-11 0.000507525 -0.000515539 0.00648703 -6.12101e-05 0.0117989 0.0246132 -0.00271469 -0.0177817 9.18964e-05 -0.002409 0.000189185 -0.00235312 0.000629171
internal_weight=363 353 318 76 61 42 29 242 38 204 182 172 158 141
internal_count=363 353 318 76 61 42 29 242 38 204 182 172 158 141
is_linear=0
shrinkage=0.05


Tree=205
num_leaves=15
num_cat=0
split_feature=0 4 3 3 3 1 1 1 3 3 3 0 4 3
split_gain=1.22835 2.74417 7.41695 23.0501 7.83807 8.6886 13.3778 8.32278 5.27083 4.84736 8.75243 7.82388 6.59899 11.9433
threshold=0.10540033244478106 11.500000000000002 10.375191108475454 11.628055157923695 8.2599200577655765 23.898154912944751 20.677458910471447 28.142341287977164 13.166052494933639 2.0844848905668085 2.9885415703822882 0.19469509745675254 7.5000000000000009 4.6952170247517371
decision_type=2 2 2 2 2 2 2 2 2 2 2 2 2 2
left_child=-1 9 4 -4 5 6 -3 -7 -5 11 -11 -2 13 -12
right_child=1 2 3 8 -6 7 -8 -9 -10 10 12 -13 -14 -15
leaf_value=0.012376020456615247 0.044016396968315032 -0.015736871236003931 0.087408583313226706 -0.028397049810737374 -0.038540992353643694 -0.049901702553033833 0.053214957389761425 -0.0012223401727775732 0.012515594735364052 -0.045430892358223597 0.056967992186546329 -0.0087144706288681314 -0.016312355429819618 -0.0032077175010233484
leaf_weight=19 12.000000000000002 12.000000000000002 9.9999999999999982 9.9999999999999982 13.999999999999998 9.9999999999999982 17 72 37 14.999999999999998 9.9999999999999982 17 61 47
leaf_count=19 12 12 10 10 14 10 17 72 37 15 10 17 61 47
internal_value=9.48641e-11 -0.000683559 0.0035297 0.0184771 -0.0032863 0.00116024 0.0246832 -0.00715885 0.00381078 -0.00541697 -0.00945564 0.0131052 -0.00488251 0.00734942
internal_weight=363 344 182 57 125 111 29 82 47 162 133 29 118 57
internal_count=363 344 182 57 125 111 29 82 47 162 133 29 118 57
is_linear=0
shrinkage=0.05


Tree=206
num_leaves=15
num_cat=0
split_feature=3 0 3 0 3 4 1 1 3 1 0 3 3 0
split_gain=1.30457 4.27551 4.5406 5.81003 4.0605 1.77745 4.50153 16.2615 11.0543 5.65046 4.40468 10.9044 3.98385 3.66028
threshold=0.84467134774562835 0.57834252654114304 1.4737196595461541 0.44399541217732608 0.3308649393852458 7.5000000000000009 21.451679169957895 25.886444171754288 13.166052494933639 30.323500659777761 0.1433554977693999 7.837362471693905 15.939136698757919 0.1551028605827689
decision_type=2 2 2 2 2 2 2 2 2 2 2 2 2 2
left_child=4 2 -2 5 -1 6 -4 -8 9 -9 11 -7 -13 -12
right_child=1 -3 3 -5 -6 10 7 8 -10 -11 13 12 -14 -15
leaf_value=0.011104717695464688 0.029995324897269412 0.031507384506138887 0.031407127827405928 -0.035462829978981363 -0.027916914795835815 -0.050674681415160495 -0.045206175850970406 0.062698417777816443 -0.021821710573170672 0.011808382719755173 0.020215148925357921 0.024034479477753237 -0.018696463257074355 -0.0013899038627278061
leaf_weight=12.000000000000002 11.999999999999998 10.999999999999998 14.999999999999998 11.999999999999998 14.999999999999998 14.999999999999998 13.999999999999998 12.000000000000002 10.999999999999998 9.9999999999999982 22 12.000000000000002 9.9999999999999982 180
leaf_count=12 12 11 15 12 15 15 14 12 11 10 22 12 10 180
internal_value=5.43272e-11 0.000849694 -0.000187951 -0.00134514 -0.010574 1.50364e-05 0.00755881 -5.23497e-05 0.0191038 0.0395666 -0.00194193 -0.0178019 0.00461132 0.000963122
internal_weight=363 336 325 313 27 301 62 47 33 22 239 37 22 202
internal_count=363 336 325 313 27 301 62 47 33 22 239 37 22 202
is_linear=0
shrinkage=0.05


Tree=207
num_leaves=15
num_cat=0
split_feature=0 0 3 2 3 3 0 0 4 3 0 1 3 0
split_gain=1.46896 1.34834 1.60855 1.2166 7.82316 6.19794 2.37894 5.99057 6.9698 5.67289 4.90714 4.60643 3.04404 7.42763
threshold=0.58188918547082713 0.47681386795739839 54.203590921867068 40.500000000000007 4.4018140353725554 9.0939277547089663 0.14129469163694955 0.15385512396650827 11.500000000000002 41.071021108587708 0.12164969000977628 22.846610087054945 1.8297240500793333 0.2125679623514454
decision_type=2 2 2 2 2 2 2 2 2 2 2 2 2 2
left_child=1 2 3 6 -5 -6 10 8 -8 12 11 -1 13 -9
right_child=-2 -3 -4 4 5 -7 7 9 -10 -11 -12 -13 -14 -15
leaf_value=0.011692924518138168 -0.018897725194692613 0.014717334508895875 0.017839257182398191 0.045218683779239655 -0.0373481261730194 0.015010220260144428 0.00086930453777313201 -0.034796440208123787 -0.05680646953934973 -0.034857495812078317 0.027245433088392019 -0.030338856848803438 0.0029596708466695081 0.014801989381129928
leaf_weight=16.000000000000004 9.9999999999999982 15.999999999999998 11.999999999999998 9.9999999999999982 10.000000000000002 12.999999999999998 10.000000000000002 18.000000000000004 10.999999999999998 11.999999999999998 20 10.999999999999998 181 12.999999999999998
leaf_count=16 10 16 12 10 10 13 10 18 11 12 20 11 181 13
internal_value=-1.46818e-10 0.000535346 -0.000137983 -0.000801758 0.00829813 -0.00775428 -0.00183017 -0.00380685 -0.0293418 -0.00141294 0.00847379 -0.00543113 0.000480143 -0.0139971
internal_weight=363 353 337 325 33 23 292 245 21 224 47 27 212 31
internal_count=363 353 337 325 33 23 292 245 21 224 47 27 212 31
is_linear=0
shrinkage=0.05


Tree=208
num_leaves=15
num_cat=0
split_feature=0 0 3 2 3 3 3 1 3 3 2 3 3 3
split_gain=1.32574 1.21688 1.45826 1.26662 3.4121 7.95361 9.64409 5.66072 7.94408 2.67166 4.89107 4.13669 12.6004 7.90181
threshold=0.58188918547082713 0.47681386795739839 50.459511696747882 21.500000000000004 19.473373900185191 10.375191108475454 6.6034504521373156 19.283800269256918 4.4018140353725554 22.076081990366486 23.500000000000004 9.6994016401493024 11.628055157923695 15.233115232496893
decision_type=2 2 2 2 2 2 2 2 2 2 2 2 2 2
left_child=1 2 3 4 5 6 7 -1 -9 10 -5 -12 -13 -14
right_child=-2 -3 -4 9 -6 -7 -8 8 -10 -11 11 12 13 -15
leaf_value=-0.03276171788573265 -0.017952835559844973 0.013981468716519885 0.015107861130187909 -0.032878146388313989 0.030614364248785105 -0.02873908123549293 0.054708651248365638 0.041085659215847642 -0.015329978844294182 -0.015136870245138804 -0.0027999367700605998 0.052172161762913075 -0.022170055852759454 0.025344797525710117
leaf_weight=9.9999999999999982 9.9999999999999982 15.999999999999998 14.999999999999998 10.999999999999998 10.999999999999998 17 9.9999999999999982 12.000000000000002 12.999999999999998 36 151 14.999999999999998 21 14.999999999999998
leaf_count=10 10 16 15 11 11 17 10 12 13 36 151 15 21 15
internal_value=8.49543e-11 0.000508579 -0.000131083 -0.000840972 0.0049507 0.00039747 0.0114046 -0.000967971 0.0117495 -0.00253893 -0.000409704 0.00135838 0.0136703 -0.0023722
internal_weight=363 353 337 322 73 62 45 35 25 249 213 202 51 36
internal_count=363 353 337 322 73 62 45 35 25 249 213 202 51 36
is_linear=0
shrinkage=0.05


Tree=209
num_leaves=15
num_cat=0
split_feature=0 0 0 3 3 3 3 2 1 1 0 5 3 2
split_gain=1.19648 1.13876 7.97438 4.21548 6.58134 8.11113 9.6349 5.82801 5.18715 4.71075 3.43627 2.55326 4.81522 9.04589
threshold=0.58188918547082713 0.17262606224361707 0.16733160327045243 1.7533887276724069 3.5349209757263877 6.0888709215534069 10.911498086901323 19.500000000000004 23.799386928528733 28.941854964452411 0.17698310514368307 1.0000000180025095e-35 32.637913835117722 27.500000000000004
decision_type=2 2 2 2 2 2 2 2 2 2 2 2 2 2
left_child=1 2 3 -1 -5 -6 7 -7 -8 -10 -3 12 -12 -14
right_child=-2 10 -4 4 5 6 8 -9 9 -11 11 -13 13 -15
leaf_value=0.02452862863428891 -0.017055193036794664 0.028608714540799458 -0.042120365519076587 -0.039580195058475848 0.031300636215342417 -0.0085883662880708762 0.037026622552763337 -0.058974037929014726 -0.023197675446669262 0.015245579286848249 0.0023107284265239544 0.02178177655275379 -0.05425702252171255 0.011449572443962098
leaf_weight=15.999999999999998 9.9999999999999982 11.999999999999998 11.999999999999998 10.999999999999998 18 12.000000000000002 10.999999999999998 10.999999999999998 14.999999999999998 17 183 13.999999999999998 11.000000000000002 9.9999999999999982
leaf_count=16 10 12 12 11 18 12 11 11 15 17 183 14 11 10
internal_value=6.70751e-11 0.00048315 -0.00340024 0.000785722 -0.00321308 0.00154928 -0.00656473 -0.0326859 0.00740704 -0.0027747 0.00255992 0.00112604 -0.000291511 -0.0229682
internal_weight=363 353 123 111 95 84 66 23 43 32 230 218 204 21
internal_count=363 353 123 111 95 84 66 23 43 32 230 218 204 21
is_linear=0
shrinkage=0.05


Tree=210
num_leaves=15
num_cat=0
split_feature=3 0 3 0 1 3 0 3 3 3 2 0 0 4
split_gain=1.1616 4.37491 3.82872 5.6563 6.54475 3.65081 2.31376 5.42932 8.5372 3.28563 3.31013 3.46282 2.26664 15.7996
threshold=0.84467134774562835 0.57834252654114304 1.4737196595461541 0.3795318053144498 28.941854964452411 0.3308649393852458 0.2336672104347095 11.472476557958872 5.1665706593033267 35.214040636101437 21.500000000000004 0.18275873095896403 0.20875567200643 15.500000000000002
decision_type=2 2 2 2 2 2 2 2 2 2 2 2 2 2
left_child=5 2 -2 6 -5 -1 9 8 -8 12 -11 -12 -4 -14
right_child=1 -3 3 4 -6 -7 7 -9 -10 10 11 -13 13 -15
leaf_value=0.010578219064821797 0.027468549615393086 0.031813807108185509 -0.00084257231708357325 -0.05563943237066267 0.0015652313514146956 -0.026422502249479299 1.6232064137091999e-05 -0.014754477639993033 0.06146596372127533 0.037558480314910415 -0.015474071834857262 0.023364366015250035 0.011937903863592791 -0.048046152999526581
leaf_weight=12.000000000000002 11.999999999999998 10.999999999999998 180 10.000000000000002 9.9999999999999982 14.999999999999998 13.000000000000002 11.999999999999998 9.9999999999999982 9.9999999999999982 12.000000000000002 10.999999999999998 26 19
leaf_count=12 12 11 180 10 10 15 13 12 10 10 12 11 26 19
internal_value=6.74118e-11 0.000801783 -0.000247855 -0.00131046 -0.0270371 -0.00997774 0.000445619 0.0125091 0.0267335 -0.00119089 0.0135425 0.00310083 -0.0033518 -0.0133887
internal_weight=363 336 325 313 20 27 293 35 23 258 33 23 225 45
internal_count=363 336 325 313 20 27 293 35 23 258 33 23 225 45
is_linear=0
shrinkage=0.05


Tree=211
num_leaves=15
num_cat=0
split_feature=0 0 3 2 3 3 1 1 3 0 0 0 3 0
split_gain=1.25998 1.19789 1.2071 1.08671 7.00892 5.76057 2.10136 5.93343 4.65981 2.67887 2.55299 8.76139 6.05914 5.86762
threshold=0.58188918547082713 0.47681386795739839 54.203590921867068 40.500000000000007 4.4018140353725554 9.0939277547089663 39.576542236382451 47.104645492170057 0.53004258760060174 0.17750905268387249 0.14129469163694955 0.15072376617313146 32.637913835117722 0.12164969000977628
decision_type=2 2 2 2 2 2 2 2 2 2 2 2 2 2
left_child=1 2 3 6 -5 -6 8 9 -1 -8 13 -12 -13 -10
right_child=-2 -3 -4 4 5 -7 7 -9 10 -11 11 12 -14 -15
leaf_value=-0.033443262241780757 -0.017501945495605471 0.013863204544759356 0.015434318974924586 0.042832982540130619 -0.035838095545768729 0.014639066091667003 -0.043421710397188472 0.011252997990231961 -0.0022295339653889338 -0.0098955708471211521 -0.03903067073136169 0.0046848998461564671 -0.027475646301172676 0.037634578097301224
leaf_weight=9.9999999999999982 9.9999999999999982 15.999999999999998 11.999999999999998 9.9999999999999982 10.000000000000002 12.999999999999998 13.000000000000002 15.999999999999998 24 10.999999999999998 13.999999999999998 173 15.999999999999998 14.999999999999998
leaf_count=10 10 16 12 10 10 13 13 16 24 11 14 173 16 15
internal_value=1.14491e-11 0.000495806 -0.000138848 -0.000713857 0.00788657 -0.00730753 -0.00168582 -0.0123321 4.06816e-06 -0.0280556 0.00138619 -0.000864788 0.00196231 0.0131028
internal_weight=363 353 337 325 33 23 292 40 252 24 242 203 189 39
internal_count=363 353 337 325 33 23 292 40 252 24 242 203 189 39
is_linear=0
shrinkage=0.05


Tree=212
num_leaves=15
num_cat=0
split_feature=0 4 3 0 3 1 2 0 0 4 3 3 3 3
split_gain=1.13713 1.21035 3.7236 2.48528 1.68475 5.21882 11.8263 6.41722 9.5344 4.96224 4.90993 9.46262 4.98795 6.0533
threshold=0.58188918547082713 6.5000000000000009 11.777747910690712 0.40240213113500939 8.2599200577655765 18.539307659641469 18.500000000000004 0.14241435813816225 0.15288386996083905 15.500000000000002 5.7787937871708071 5.3778425959746157 4.5124453830028095 3.2669359738780983
decision_type=2 2 2 2 2 2 2 2 2 2 2 2 2 2
left_child=1 2 -1 4 5 -3 9 -8 -9 -7 11 12 13 -10
right_child=-2 3 -4 -5 -6 6 7 8 10 -11 -12 -13 -14 -15
leaf_value=-0.025743538525421168 -0.016626844406127932 -0.027928274668132264 0.0089323004086812336 0.023705890898903213 -0.003546600088344089 0.064388119632547536 -0.029942700760439041 0.049115207520398226 0.0032491488077749427 0.015722491666674616 0.025040898932253614 -0.050137123847380283 0.025502859231303722 -0.0328050845861435
leaf_weight=16.000000000000004 9.9999999999999982 11.999999999999998 14.999999999999998 11.999999999999998 140 11.000000000000002 14.999999999999998 10.999999999999998 52 9.9999999999999982 17 9.9999999999999982 17 14.999999999999998
leaf_count=16 10 12 15 12 140 11 15 11 52 10 17 10 17 15
internal_value=-1.33541e-10 0.000471015 -0.00896491 0.00137944 0.000515193 0.0038602 0.00627451 0.000918824 0.00471327 0.041214 0.000313082 -0.00415897 0.00131462 -0.00482269
internal_weight=363 353 31 322 310 170 158 137 122 21 111 94 84 67
internal_count=363 353 31 322 310 170 158 137 122 21 111 94 84 67
is_linear=0
shrinkage=0.05


Tree=213
num_leaves=15
num_cat=0
split_feature=3 0 0 0 0 1 2 1 0 2 2 0 4 3
split_gain=1.08076 19.2665 6.58016 6.42338 4.40017 5.32687 9.3289 4.83099 3.35324 5.07489 2.77085 2.69806 8.11612 7.25558
threshold=3.3967898297969961 0.57093510892922505 0.3795318053144498 0.47681386795739839 0.18691853685642432 30.414829597982521 22.500000000000004 32.282707802799457 0.24516384365908575 15.500000000000002 24.500000000000004 0.19696634327407156 15.500000000000002 8.2599200577655765
decision_type=2 2 2 2 2 2 2 2 2 2 2 2 2 2
left_child=3 2 8 4 5 6 -1 10 11 -10 -6 12 -2 -14
right_child=1 -3 -4 -5 7 -7 -8 -9 9 -11 -12 -13 13 -15
leaf_value=-0.026909736543893805 -0.0024200583714240743 0.06974547505378724 -0.038834353305653414 -0.042450431883335117 0.018124553635716432 -0.031673610279042468 0.039816781226545576 0.028763628210872413 -0.0048710398375988 0.045502012819051744 -0.014391550593274205 -0.0088602221017149655 0.0049324460327625263 0.059196948683397338
leaf_weight=11.000000000000002 124 9.9999999999999982 10.999999999999998 9.9999999999999982 10.000000000000002 19 9.9999999999999982 20 10.000000000000002 9.9999999999999982 19 74 14.000000000000002 10.999999999999998
leaf_count=11 124 10 11 10 10 19 10 20 10 10 19 74 14 11
internal_value=9.87125e-11 0.0016707 -0.00100941 -0.00445519 -0.000186059 -0.0124909 0.0048648 0.00985875 0.000702826 0.0203155 -0.0031791 -0.00105616 0.00281969 0.0288088
internal_weight=363 264 254 99 89 40 21 49 243 20 29 223 149 25
internal_count=363 264 254 99 89 40 21 49 243 20 29 223 149 25
is_linear=0
shrinkage=0.05


Tree=214
num_leaves=15
num_cat=0
split_feature=0 3 1 2 1 3 1 1 1 3 2 1 2 1
split_gain=1.19419 1.14006 1.85321 5.49832 1.56984 2.38868 9.12167 5.32408 4.85239 6.03744 3.88614 3.31316 9.36526 8.11403
threshold=0.58188918547082713 1.4272395205449415 35.674551556447689 27.500000000000004 45.492068763775279 2.5304493958105314 29.297878120741139 41.701617533799812 39.576542236382451 3.2669359738780983 40.500000000000007 30.286541006484825 30.500000000000004 31.814783427110054
decision_type=2 2 2 2 2 2 2 2 2 2 2 2 2 2
left_child=1 2 3 -1 5 6 -3 8 9 -7 11 -11 -13 -14
right_child=-2 4 -4 -5 -6 7 -8 -9 -10 10 -12 12 13 -15
leaf_value=0.020916663308938339 -0.017038857936859133 0.011059424094855786 0.027239165172213687 -0.026947382241487506 -0.014396132764063383 0.029471650388505723 -0.042752921474831451 0.029048578002873589 -0.032338287478143518 -0.003142901704702902 -0.029611831903457644 -0.013634481832074621 0.062467519430951635 0.011239677008527977
leaf_weight=15.000000000000002 9.9999999999999982 18 9.9999999999999982 9.9999999999999982 19 18 13.999999999999998 17 10.999999999999998 149 10.999999999999998 24 10.999999999999998 26
leaf_count=15 10 18 10 10 19 18 14 17 11 149 11 24 11 26
internal_value=7.70009e-11 0.000482687 0.00904765 0.00177105 -0.000459997 0.000425576 -0.0124835 0.00197273 0.000131571 0.001626 -0.000641972 0.000875497 0.0106909 0.0264696
internal_weight=363 353 35 25 318 299 32 267 250 239 221 210 61 37
internal_count=363 353 35 25 318 299 32 267 250 239 221 210 61 37
is_linear=0
shrinkage=0.05


Tree=215
num_leaves=15
num_cat=0
split_feature=0 4 3 0 0 3 0 3 3 3 3 1 1 1
split_gain=1.07776 1.09775 2.94263 2.54676 1.55085 3.58041 1.19394 4.93395 4.13984 2.45552 5.61769 8.43516 5.32099 10.4728
threshold=0.58188918547082713 6.5000000000000009 11.777747910690712 0.40240213113500939 0.12164969000977628 10.801455888456315 0.14775062835504757 6.0888709215534069 14.256261695895477 1.8297240500793333 3.0853006468835491 32.399272681479815 34.273443017586253 30.286541006484825
decision_type=2 2 2 2 2 2 2 2 2 2 2 2 2 2
left_child=1 2 -1 4 5 -3 7 -6 -9 -8 11 -11 13 -12
right_child=-2 3 -4 -5 6 -7 9 8 -10 10 12 -13 -14 -15
leaf_value=-0.023443409882020202 -0.016186916530132295 0.0045623669666903354 0.007382302718857924 0.023924610267082851 0.030681820941390471 -0.034609813392162327 -0.012923459384229877 -0.029317848701030009 0.01617850422859192 -0.0024368126544037031 -0.0037729945227430008 0.054691154633959141 -0.01381285338928657 0.027635671902034021
leaf_weight=16.000000000000004 9.9999999999999982 14.000000000000002 14.999999999999998 11.999999999999998 15.999999999999998 9.9999999999999982 31 10.000000000000002 9.9999999999999982 14.000000000000002 101 11.999999999999998 56 36
leaf_count=16 10 14 15 12 16 10 31 10 10 14 101 12 56 36
internal_value=6.59366e-11 0.000458553 -0.00852774 0.00132369 0.000448819 -0.0117594 0.00147328 0.00998655 -0.00656967 0.000247373 0.00211174 0.0239299 -0.000827503 0.00448038
internal_weight=363 353 31 322 310 24 286 36 20 250 219 26 193 137
internal_count=363 353 31 322 310 24 286 36 20 250 219 26 193 137
is_linear=0
shrinkage=0.05


Tree=216
num_leaves=15
num_cat=0
split_feature=3 0 0 0 0 3 1 1 0 2 0 4 3 0
split_gain=1.14874 17.4529 5.90639 5.64362 4.03503 5.01265 17.427 4.22062 3.10508 4.58824 2.46238 7.28316 6.95008 6.8668
threshold=3.3967898297969961 0.57093510892922505 0.3795318053144498 0.47681386795739839 0.18691853685642432 0.64656333150466272 30.414829597982521 32.282707802799457 0.24516384365908575 15.500000000000002 0.19696634327407156 15.500000000000002 19.473373900185191 0.16263780443994127
decision_type=2 2 2 2 2 2 2 2 2 2 2 2 2 2
left_child=3 2 8 4 5 -1 -7 -6 10 -10 11 -2 -12 -13
right_child=1 -3 -4 -5 7 6 -8 -9 9 -11 12 13 -14 -15
leaf_value=0.016364486024461011 -0.0021597515031199664 0.066514079868793485 -0.036664524742148145 -0.040207616984844208 -0.0031589464734083621 0.011661760986316947 -0.066276184412149289 0.026697764005511999 -0.0042816929519176473 0.043615282326936726 -0.018644567933298797 0.00014867295200626053 0.014463345042389372 0.052599794145386958
leaf_weight=10.999999999999998 124 9.9999999999999982 10.999999999999998 9.9999999999999982 29 16.000000000000004 12.999999999999998 20 10.000000000000002 9.9999999999999982 51 12.000000000000002 23 12.999999999999998
leaf_count=11 124 10 11 10 29 16 13 20 10 10 51 12 23 13
internal_value=-2.98062e-10 0.00172244 -0.000828416 -0.00459316 -0.00059154 -0.0123748 -0.0232759 0.00902747 0.000793795 0.0196668 -0.000898851 0.00280384 -0.00835427 0.0274233
internal_weight=363 264 254 99 89 40 29 49 243 20 223 149 74 25
internal_count=363 264 254 99 89 40 29 49 243 20 223 149 74 25
is_linear=0
shrinkage=0.05


Tree=217
num_leaves=15
num_cat=0
split_feature=0 0 3 3 0 3 1 1 2 0 1 0 0 4
split_gain=1.12921 1.12382 1.39592 1.22521 3.43705 3.11678 2.57128 4.7143 3.66122 2.7617 2.3475 8.41677 4.99826 8.62304
threshold=0.58188918547082713 0.42313774298843893 4.7375855073149857 35.214040636101437 0.17536994185883098 50.459511696747882 20.677458910471447 21.451679169957895 16.500000000000004 0.16733160327045243 23.41856220926427 0.22211295444658147 0.20467404507502626 15.500000000000002
decision_type=2 2 2 2 2 2 2 2 2 2 2 2 2 2
left_child=1 3 -3 6 -5 -6 8 -8 9 -1 11 -9 -12 -14
right_child=-2 2 -4 4 5 -7 7 10 -10 -11 12 -13 13 -15
leaf_value=-0.046683200821280468 -0.016568840742111207 0.024007038365710859 -0.0011824277652935549 0.02781696952879429 -0.021054162395497157 0.016741657108068467 0.02670858723577112 0.016906319965015754 0.0039859096053987747 -0.0095234365016222001 -0.0045277048948571671 -0.041539365851453375 0.026313402280211451 -0.011596665298566223
leaf_weight=10.000000000000002 9.9999999999999982 11.000000000000002 10.999999999999998 13.999999999999998 12.000000000000002 9.9999999999999982 15.999999999999998 11.000000000000002 15.999999999999998 9.9999999999999982 154 13.999999999999998 40 24
leaf_count=10 10 11 11 14 12 10 16 11 16 10 154 14 40 24
internal_value=1.35209e-10 0.000469372 0.0114123 -0.000257952 0.00845012 -0.00387424 -0.00132063 0.000419712 -0.0138414 -0.0281033 -0.00131124 -0.0158233 0.00035298 0.0120971
internal_weight=363 353 22 331 36 22 295 259 36 20 243 25 218 64
internal_count=363 353 22 331 36 22 295 259 36 20 243 25 218 64
is_linear=0
shrinkage=0.05


Tree=218
num_leaves=15
num_cat=0
split_feature=3 0 4 1 3 2 2 0 1 0 0 2 0 4
split_gain=1.05765 16.0104 5.59579 8.19268 5.95607 6.8733 13.3437 11.0144 7.05854 5.36768 2.85013 4.33789 2.3209 2.60508
threshold=3.3967898297969961 0.57093510892922505 7.5000000000000009 29.297878120741139 0.44600453287922154 31.500000000000004 27.500000000000004 0.19387667207569328 22.985795441746912 0.3795318053144498 0.24516384365908575 15.500000000000002 0.21671553631719517 11.500000000000002
decision_type=2 2 2 2 2 2 2 2 2 2 2 2 2 2
left_child=2 9 3 -1 -4 6 8 -7 -6 10 12 -12 13 -2
right_child=1 -3 4 -5 5 7 -8 -9 -10 -11 11 -13 -14 -15
leaf_value=-0.0021007163036200734 -0.0056125811520306504 0.063709093332290648 0.037021705948493702 -0.056871546872637492 0.015423404625975166 -0.050148478696743638 0.06031314546242357 0.015722608701749283 -0.040451856404542928 -0.03495319519530643 -0.0044483196735382062 0.042123591452836992 -0.014906446764675473 0.0059964378946200936
leaf_weight=18.000000000000004 85 9.9999999999999982 10.999999999999998 10.999999999999998 13.000000000000002 15.000000000000002 9.9999999999999982 10.999999999999998 9.9999999999999982 10.999999999999998 10.000000000000002 9.9999999999999982 26 112
leaf_count=18 85 10 11 11 13 15 10 11 10 11 10 10 26 112
internal_value=1.56239e-10 0.00165274 -0.0044073 -0.0228759 0.00324396 -0.00305358 0.0120945 -0.0222799 -0.00887019 -0.000790427 0.000756036 0.0188376 -0.000865632 0.00098747
internal_weight=363 264 99 29 70 59 33 26 23 254 243 20 223 197
internal_count=363 264 99 29 70 59 33 26 23 254 243 20 223 197
is_linear=0
shrinkage=0.05


Tree=219
num_leaves=15
num_cat=0
split_feature=0 0 3 2 2 1 3 3 4 4 1 0 5 1
split_gain=1.22158 1.10008 1.37158 1.2516 4.88178 1.57791 5.39052 9.65749 2.3246 8.44973 7.49307 6.15054 3.9913 12.3692
threshold=0.58188918547082713 0.42313774298843893 4.7375855073149857 42.500000000000007 44.500000000000007 39.576542236382451 14.256261695895477 2.9034249851394862 14.500000000000002 11.500000000000002 33.822575691797404 0.10540033244478106 1.0000000180025095e-35 26.410870144149744
decision_type=2 2 2 2 2 2 2 2 2 2 2 2 2 2
left_child=1 3 -3 5 -5 8 7 -7 9 11 -11 -1 13 -13
right_child=-2 2 -4 4 -6 6 -8 -9 -10 10 -12 12 -14 -15
leaf_value=0.032494855175415678 -0.017233166098594665 0.023799401792612935 -0.0011695084246722135 0.036865611970424643 -0.011403864486650988 0.012907170905516699 0.020274016024036844 -0.043020749915587277 -0.005440797890500667 0.0075127274170517927 0.056273458726131001 -0.014430721237693192 -0.020152471770416014 0.024562985156521652
leaf_weight=11.999999999999998 9.9999999999999982 11.000000000000002 10.999999999999998 10.000000000000002 10.999999999999998 12.999999999999998 10.999999999999998 19 104 20 12.999999999999998 53 32 33
leaf_count=12 10 11 11 10 11 13 11 19 104 20 13 53 32 33
internal_value=-2.55536e-10 0.000488191 0.0113149 -0.000231412 0.0115816 -0.00103165 -0.00992062 -0.0203 0.00039991 0.0041265 0.0267215 -0.00160916 -0.00507736 0.00053198
internal_weight=363 353 22 331 21 310 43 32 267 163 33 130 118 86
internal_count=363 353 22 331 21 310 43 32 267 163 33 130 118 86
is_linear=0
shrinkage=0.05


Tree=220
num_leaves=15
num_cat=0
split_feature=0 4 0 2 0 3 2 3 3 3 2 3 4 4
split_gain=1.10248 1.04564 2.5882 2.15979 1.56123 3.1433 1.26259 1.82741 8.90237 6.79131 7.05945 2.91807 5.64708 2.52265
threshold=0.58188918547082713 6.5000000000000009 0.40240213113500939 23.500000000000004 0.12164969000977628 10.801455888456315 13.500000000000002 4.8300052250568335 4.5124453830028095 3.6614854674731685 39.500000000000007 1.6305437930720068 13.500000000000002 11.500000000000002
decision_type=2 2 2 2 2 2 2 2 2 2 2 2 2 2
left_child=1 3 4 -1 5 -3 -6 8 9 10 11 12 -8 -9
right_child=-2 2 -4 -5 6 -7 7 13 -10 -11 -12 -13 -14 -15
leaf_value=0.010818496141582723 -0.016371504068374634 0.0034701891243457787 0.024092204372088116 -0.017413865366861934 0.017328655719757082 -0.03323304012417793 0.0059876990194121993 -0.0099555051176628065 0.050882810354232789 -0.033864775796731313 0.045767097175121313 0.0095707002934068454 -0.039484737440943718 0.0024390690951203962
leaf_weight=10.000000000000002 9.9999999999999982 14.000000000000002 11.999999999999998 21 11.999999999999998 9.9999999999999982 18.000000000000004 67 9.9999999999999982 11.999999999999998 9.9999999999999982 40 10.999999999999998 106
leaf_count=10 10 14 12 21 12 10 18 67 10 12 10 40 11 106
internal_value=1.23407e-10 0.000463782 0.00130814 -0.00830665 0.000426177 -0.0118228 0.00145407 0.000758827 0.00610293 0.00118207 0.00650564 0.000815572 -0.0112605 -0.00236114
internal_weight=363 353 322 31 310 24 286 274 101 91 79 69 29 173
internal_count=363 353 322 31 310 24 286 274 101 91 79 69 29 173
is_linear=0
shrinkage=0.05


Tree=221
num_leaves=15
num_cat=0
split_feature=2 1 1 3 3 3 3 3 0 3 0 4 1 1
split_gain=1.1356 3.57207 5.47439 8.03775 7.59376 3.01048 8.0453 2.83162 5.77324 4.69526 6.92821 5.33572 4.49483 3.7285
threshold=33.500000000000007 37.577076486965687 43.171769130360381 11.628055157923695 4.7375855073149857 5.3778425959746157 4.0806180301732677 0.92248558382639023 0.57093510892922505 2.0844848905668085 0.3795318053144498 9.0000000000000018 26.410870144149744 38.309918648995463
decision_type=2 2 2 2 2 2 2 2 2 2 2 2 2 2
left_child=7 5 3 -3 -4 6 -2 12 9 11 13 -9 -1 -11
right_child=1 2 4 -5 -6 -7 -8 8 -10 10 -12 -13 -14 -15
leaf_value=-0.040189554616808877 -0.022720223273101605 0.048811264966542894 -0.042235449295152307 -0.0079360003893574078 0.015278777883698545 -0.02706238002232883 0.031011230566284877 0.050583188533782943 0.040501168966293334 0.0034866897522523588 -0.041288390234112737 0.0020030674166404286 0.0051991164373854796 -0.021010113200720618
leaf_weight=10.000000000000002 19.000000000000004 13.000000000000002 11.000000000000002 11.999999999999998 11.999999999999998 23 10.999999999999998 10.000000000000002 9.9999999999999982 180 9.9999999999999982 12.999999999999998 11.999999999999998 17
leaf_count=10 19 13 11 12 12 23 11 10 10 180 10 13 12 17
internal_value=4.66303e-11 -0.00450421 0.00537645 0.0215726 -0.012228 -0.0134527 -0.00301869 0.00173636 0.00331013 0.00169313 -0.000688172 0.0231249 -0.0154321 0.00137275
internal_weight=363 101 48 25 23 53 30 262 240 230 207 23 22 197
internal_count=363 101 48 25 23 53 30 262 240 230 207 23 22 197
is_linear=0
shrinkage=0.05


Tree=222
num_leaves=15
num_cat=0
split_feature=0 4 0 2 0 3 0 3 3 0 0 1 0 4
split_gain=1.11915 1.01452 2.46589 1.97202 1.44113 2.87451 1.11207 1.81541 7.39904 6.65775 4.5289 5.1636 4.96576 11.5393
threshold=0.58188918547082713 6.5000000000000009 0.40240213113500939 23.500000000000004 0.12164969000977628 10.801455888456315 0.3226562617822667 8.2599200577655765 9.3396239316057077 0.2336672104347095 0.15618500335845617 22.914236907170523 0.20650104838725608 13.500000000000002
decision_type=2 2 2 2 2 2 2 2 2 2 2 2 2 2
left_child=1 3 4 -1 5 -3 7 9 -9 -6 -10 -12 13 -13
right_child=-2 2 -4 -5 6 -7 -8 8 10 -11 11 12 -14 -15
leaf_value=0.010103236362338064 -0.016494872570037841 0.0032942266336509155 0.023538161690036457 -0.016873991045923461 0.0028075097414263844 -0.031804683953523642 -0.01416349018161947 -0.0436171418428421 0.022856271490454674 0.043237895179878583 -0.031363806128501891 -0.03044871898988883 0.0147718113601992 0.021234357778707316
leaf_weight=10.000000000000002 9.9999999999999982 14.000000000000002 11.999999999999998 21 137 9.9999999999999982 10.999999999999998 9.9999999999999982 20 10.999999999999998 13.999999999999998 27 38 18
leaf_count=10 10 14 12 21 137 10 11 10 20 11 14 27 38 18
internal_value=-7.2479e-11 0.000467277 0.00129898 -0.00817166 0.000438104 -0.0113303 0.00142566 0.00204923 -0.00233628 0.00581247 0.001192 -0.00327486 0.00146303 -0.00977549
internal_weight=363 353 322 31 310 24 286 275 127 148 117 97 83 45
internal_count=363 353 322 31 310 24 286 275 127 148 117 97 83 45
is_linear=0
shrinkage=0.05


Tree=223
num_leaves=15
num_cat=0
split_feature=3 0 4 1 3 0 0 2 1 4 3 1 4 2
split_gain=1.06234 14.5222 5.43688 7.21302 5.49328 4.52153 3.73425 14.062 11.0752 2.84122 5.90577 5.20642 2.78448 5.29102
threshold=3.3967898297969961 0.57093510892922505 7.5000000000000009 29.297878120741139 0.78527408871518556 0.3795318053144498 0.18691853685642432 27.500000000000004 30.414829597982521 7.5000000000000009 13.166052494933639 23.717056895400408 11.500000000000002 21.500000000000004
decision_type=2 2 2 2 2 2 2 2 2 2 2 2 2 2
left_child=2 5 3 -1 -4 9 8 -8 -6 10 11 -2 13 -11
right_child=1 -3 4 -5 6 -7 7 -9 -10 12 -12 -13 -14 -15
leaf_value=-0.0031279855718215305 0.0050179174313178419 0.060758160203695302 0.026931660570618177 -0.054519930956038569 0.016077488931742576 -0.032025138288736342 -0.04117578897625207 0.032075665714709385 -0.053380587200323737 0.011936203900136446 -0.010506926372866422 0.049766870301503403 0.0023356983534715795 -0.01942845180468715
leaf_weight=18.000000000000004 13.000000000000002 9.9999999999999982 18 10.999999999999998 11.000000000000002 10.999999999999998 10.000000000000002 19 11.999999999999998 19 17 12.999999999999998 135 46
leaf_count=18 13 10 18 11 11 11 10 19 12 19 17 13 135 46
internal_value=-1.59839e-10 0.00165639 -0.00441705 -0.0226215 0.00312479 -0.000670447 -0.00511606 0.00681654 -0.0201615 0.000748901 0.0124089 0.0273924 -0.00175801 -0.0102603
internal_weight=363 264 99 29 70 254 52 29 23 243 43 26 200 65
internal_count=363 264 99 29 70 254 52 29 23 243 43 26 200 65
is_linear=0
shrinkage=0.05


Tree=224
num_leaves=15
num_cat=0
split_feature=0 0 3 0 3 3 1 1 3 3 3 3 2 2
split_gain=1.21111 1.04683 1.24368 3.03242 2.66362 2.5791 3.09537 5.84319 3.70958 3.68926 9.97786 4.92057 3.35261 3.30518
threshold=0.58188918547082713 0.42313774298843893 35.214040636101437 0.17536994185883098 50.459511696747882 25.190632671402948 20.677458910471447 21.451679169957895 16.615502785955751 11.628055157923695 10.569099595347817 14.256261695895477 16.500000000000004 42.500000000000007
decision_type=2 2 2 2 2 2 2 2 2 2 2 2 2 2
left_child=1 2 5 -4 -5 6 12 -8 9 10 13 -11 -1 -9
right_child=-2 -3 3 4 -6 -7 7 8 -10 11 -12 -13 -14 -15
leaf_value=-0.028155245122156648 -0.017159132063388826 0.011047548665241762 0.026748747963990484 -0.018900608581801252 0.016039724685251715 -0.019105004048661181 0.032178028126557671 -0.0042996144089370199 0.022413104947875531 -0.038322376882036518 0.044838708483924468 0.0028937521523662978 0.0029088666196912527 0.02293174962202708
leaf_weight=19 9.9999999999999982 22 13.999999999999998 12.000000000000002 9.9999999999999982 19 14.999999999999998 156 17 15.000000000000002 11.999999999999998 13.999999999999998 15.999999999999998 11.999999999999998
leaf_count=19 10 22 14 12 10 19 15 156 17 15 12 14 16 12
internal_value=8.10738e-11 0.000486094 -0.000215875 0.00855757 -0.00301864 -0.00128653 -5.98988e-05 0.00195799 -4.77641e-05 -0.00187472 0.000791698 -0.0184249 -0.0139545 -0.00235452
internal_weight=363 353 331 36 22 295 276 241 226 209 180 29 35 168
internal_count=363 353 331 36 22 295 276 241 226 209 180 29 35 168
is_linear=0
shrinkage=0.05


Tree=225
num_leaves=15
num_cat=0
split_feature=0 1 1 1 2 1 0 1 0 1 0 3 0 0
split_gain=1.09302 0.94532 1.74078 1.71688 1.52231 1.19865 11.2472 6.31073 15.7126 2.58305 1.90361 2.84482 2.56726 8.12642
threshold=0.58188918547082713 45.492068763775279 41.251861148391775 38.869465940368364 35.500000000000007 33.822575691797404 0.18020710728803527 32.282707802799457 0.19074383441292053 35.674551556447689 0.44399541217732608 0.92248558382639023 0.1915869478148958 0.18178920676927321
decision_type=2 2 2 2 2 2 2 2 2 2 2 2 2 2
left_child=1 2 3 5 -3 7 -7 10 -9 -8 11 -1 13 -13
right_child=-2 4 -4 -5 -6 6 9 8 -10 -11 -12 12 -14 -15
leaf_value=-0.020831150987318584 -0.016301178634166719 0.0034744335959355031 0.014126118792531393 -0.017638712605604758 -0.021710806308935085 0.049254495774706204 0.0042299498369296386 -0.072188993245363209 0.012673423252999784 -0.027669365094466644 0.019992046696799146 0.0029226615308569031 -0.0031959837726732291 0.046697744055806352
leaf_weight=13.999999999999998 9.9999999999999982 12.000000000000002 24 12.999999999999998 11.999999999999998 11.999999999999998 15.000000000000002 10.000000000000002 11.999999999999998 10.999999999999998 13.999999999999998 91 101 11.999999999999998
leaf_count=14 10 12 24 13 12 12 15 10 12 11 14 91 101 12
internal_value=-1.03266e-10 0.00046179 0.00116063 0.000140398 -0.00911819 0.000931934 0.00921422 -0.000307148 -0.0259004 -0.00926591 0.0021198 0.00097204 0.00246834 0.00802267
internal_weight=363 353 329 305 24 292 38 254 22 26 232 218 204 103
internal_count=363 353 329 305 24 292 38 254 22 26 232 218 204 103
is_linear=0
shrinkage=0.05


Tree=226
num_leaves=15
num_cat=0
split_feature=0 4 0 2 0 3 2 1 2 2 4 2 1 0
split_gain=0.986455 1.0038 2.28255 1.75871 1.42638 2.54883 1.08412 4.75172 5.61154 3.1713 4.36589 2.99354 5.16579 5.02947
threshold=0.58188918547082713 6.5000000000000009 0.40240213113500939 23.500000000000004 0.12164969000977628 10.801455888456315 19.500000000000004 22.846610087054945 22.500000000000004 15.500000000000002 10.500000000000002 25.500000000000004 27.2740178447376 0.22211295444658147
decision_type=2 2 2 2 2 2 2 2 2 2 2 2 2 2
left_child=1 3 4 -1 5 -3 9 -8 -9 10 -6 12 -10 -13
right_child=-2 2 -4 -5 6 -7 7 8 11 -11 -12 13 -14 -15
leaf_value=0.0091037179343402361 -0.015486120879650117 0.0025008774495550558 0.022662462169925374 -0.016372676087277278 0.019922866786901763 -0.030549895018339157 -0.025408550132723418 -0.034590654224157337 0.047814764827489836 0.025598666422507344 -0.019086934346705678 -0.00077347687777431541 0.00076256782880851207 0.029401131098469098
leaf_weight=10.000000000000002 9.9999999999999982 14.000000000000002 11.999999999999998 21 13.000000000000002 9.9999999999999982 17 9.9999999999999982 10.000000000000002 17 15.999999999999998 174 13.999999999999998 14.999999999999998
leaf_count=10 10 14 12 21 13 10 17 10 10 17 16 174 14 15
internal_value=-1.69331e-11 0.0004387 0.00126599 -0.00815448 0.000437744 -0.0112703 0.00142024 7.25154e-05 0.00201502 0.00845182 -0.00159978 0.00373359 0.0203676 0.00162133
internal_weight=363 353 322 31 310 24 286 240 223 46 29 213 24 189
internal_count=363 353 322 31 310 24 286 240 223 46 29 213 24 189
is_linear=0
shrinkage=0.05


Tree=227
num_leaves=15
num_cat=0
split_feature=3 0 4 1 3 2 2 0 1 0 0 2 0 4
split_gain=0.962931 13.6589 5.03468 6.46958 4.96925 5.86204 10.979 9.09495 5.7698 4.22189 2.48402 4.1338 2.02286 2.66409
threshold=3.3967898297969961 0.57093510892922505 7.5000000000000009 29.297878120741139 0.44600453287922154 31.500000000000004 27.500000000000004 0.19387667207569328 22.985795441746912 0.3795318053144498 0.24516384365908575 15.500000000000002 0.21671553631719517 15.500000000000002
decision_type=2 2 2 2 2 2 2 2 2 2 2 2 2 2
left_child=2 9 3 -1 -4 6 8 -7 -6 10 12 -12 -2 -14
right_child=1 -3 4 -5 5 7 -8 -9 -10 -11 11 -13 13 -15
leaf_value=-0.0032618808870514232 0.00090797851949476344 0.058895306214690218 0.033905109659429979 -0.05193333587693897 0.014236980017561175 -0.045779877901077265 0.055027367770671846 0.014077096635645088 -0.03628062829375267 -0.030977587875994767 -0.0051593630015850057 0.040303830504417423 -0.0012772558256983755 -0.034175359979271895
leaf_weight=18.000000000000004 197 9.9999999999999982 10.999999999999998 10.999999999999998 13.000000000000002 15.000000000000002 9.9999999999999982 10.999999999999998 9.9999999999999982 10.999999999999998 10.000000000000002 9.9999999999999982 16.000000000000004 9.9999999999999982
leaf_count=18 197 10 11 11 13 15 10 11 10 11 10 10 16 10
internal_value=8.53712e-11 0.00157699 -0.00420532 -0.0217235 0.0030522 -0.00270003 0.0112893 -0.0204558 -0.0077272 -0.000679633 0.00069188 0.0175722 -0.000822053 -0.0139304
internal_weight=363 264 99 29 70 59 33 26 23 254 243 20 223 26
internal_count=363 264 99 29 70 59 33 26 23 254 243 20 223 26
is_linear=0
shrinkage=0.05


Tree=228
num_leaves=15
num_cat=0
split_feature=0 0 3 0 1 1 3 1 0 4 0 0 1 0
split_gain=1.07867 2.00422 1.07402 2.70422 2.34321 4.00808 7.83121 4.34347 3.90221 8.19351 16.5904 8.59734 5.14052 4.16079
threshold=0.54912087009198185 0.42313774298843893 35.214040636101437 0.17536994185883098 20.677458910471447 21.825108049454268 7.837362471693905 23.41856220926427 0.20549315712503965 15.500000000000002 0.22046593595002537 0.21671553631719517 27.51587185798542 0.19696634327407156
decision_type=2 2 2 2 2 2 2 2 2 2 2 2 2 2
left_child=1 2 4 -4 -1 6 -6 -7 13 11 -11 -10 -13 -9
right_child=-2 -3 3 -5 5 7 -8 8 9 10 -12 12 -14 -15
leaf_value=-0.013153520210956535 -0.012296295078361736 0.018480264147122703 0.025125739191259655 -0.0029846656982871621 0.045973373605654781 -0.025087411163581742 -0.012880707383155825 -0.00050341467277201658 0.053570649866014723 -0.049792925612284572 0.033639712801033804 -0.018666130846196949 0.03086600095033646 -0.024416127712244079
leaf_weight=36 17 14.999999999999998 13.999999999999998 22 13.000000000000002 18 9.9999999999999982 136 15.999999999999998 13.000000000000002 10.999999999999998 11.000000000000002 9.9999999999999982 21
leaf_count=36 17 15 14 22 13 18 10 136 16 13 11 11 10 21
internal_value=5.90094e-12 0.000604153 -0.000205942 0.00794716 -0.0012009 0.000460471 0.0203846 -0.00148129 0.000467838 0.0111999 -0.011553 0.0259585 0.0049206 -0.00370193
internal_weight=363 346 331 36 295 259 23 236 218 61 24 37 21 157
internal_count=363 346 331 36 295 259 23 236 218 61 24 37 21 157
is_linear=0
shrinkage=0.05


Tree=229
num_leaves=15
num_cat=0
split_feature=0 0 0 3 3 3 3 1 4 2 3 3 2 2
split_gain=0.985276 0.907658 6.33445 3.54464 5.47161 5.54669 7.96915 6.00661 5.28489 3.12759 3.27048 8.10643 5.4948 5.3507
threshold=0.58188918547082713 0.17262606224361707 0.16733160327045243 1.7533887276724069 3.5349209757263877 6.0888709215534069 12.466369356555807 23.898154912944751 13.500000000000002 42.500000000000007 24.620985406743042 15.233115232496893 28.500000000000004 29.500000000000004
decision_type=2 2 2 2 2 2 2 2 2 2 2 2 2 2
left_child=1 2 3 -1 -5 -6 8 -8 -7 10 11 13 -12 -3
right_child=-2 9 -4 4 5 6 7 -9 -10 -11 12 -13 -14 -15
leaf_value=0.022474120202241467 -0.015476862788200381 0.0089650887406120695 -0.037538406221816943 -0.036124215698377656 0.025980408457366544 -0.042527905281852268 0.043769833073019987 -0.0020811635330319407 -0.0010439498083932061 0.026114038664561051 -0.02697843947292616 0.041716139133159934 0.012437147913234574 -0.009052694167353605
leaf_weight=15.999999999999998 9.9999999999999982 90 11.999999999999998 10.999999999999998 18 17.000000000000004 9.9999999999999982 25 13.999999999999998 12.999999999999998 24 12.999999999999998 13.999999999999998 76
leaf_count=16 10 90 12 11 18 17 10 25 14 13 24 13 14 76
internal_value=5.58665e-11 0.000438438 -0.00302857 0.00070222 -0.00296463 0.0013777 -0.00533213 0.0110191 -0.0237932 0.00229254 0.00086544 0.00369365 -0.0124569 0.000715983
internal_weight=363 353 123 111 95 84 66 35 31 230 217 179 38 166
internal_count=363 353 123 111 95 84 66 35 31 230 217 179 38 166
is_linear=0
shrinkage=0.05


Tree=230
num_leaves=15
num_cat=0
split_feature=3 2 0 3 0 1 4 1 1 3 1 0 3 1
split_gain=0.953776 3.18938 3.13123 2.80504 4.6737 1.33244 2.4206 7.17278 13.7137 8.97448 6.75089 5.19892 7.67651 4.03464
threshold=0.84467134774562835 31.500000000000004 0.57834252654114304 1.4737196595461541 0.44399541217732608 17.348764568210399 7.5000000000000009 21.451679169957895 25.886444171754288 13.166052494933639 19.82184971540028 0.1433554977693999 7.837362471693905 30.323500659777761
decision_type=2 2 2 2 2 2 2 2 2 2 2 2 2 2
left_child=1 -1 3 -2 5 -5 7 -7 -9 13 -8 12 -12 -10
right_child=2 -3 -4 4 -6 6 10 8 9 -11 11 -13 -14 -15
leaf_value=-0.022221283001058238 0.023562072527905306 0.013364854734390974 0.026962863315235487 0.016474510170519353 -0.031670968855420749 0.043008040609614301 -0.041068478605963965 -0.041769100619213927 0.055272550073762722 -0.019586609263735063 -0.049175920194158174 0.0022015277893242843 0.0012466338773568474 0.01227009803056717
leaf_weight=17.000000000000004 11.999999999999998 9.9999999999999982 10.999999999999998 11.999999999999998 11.999999999999998 11.999999999999998 10.999999999999998 13.999999999999998 12.000000000000002 10.999999999999998 13.000000000000002 188 18 9.9999999999999982
leaf_count=17 12 10 11 12 12 12 11 14 12 11 13 188 18 10
internal_value=-9.96105e-11 -0.00904123 0.000726527 -0.000161472 -0.001071 0.000148932 -0.000528947 0.0085059 -0.00030316 0.0172885 -0.00284658 -0.000926759 -0.0198983 0.035726
internal_weight=363 27 336 325 313 301 289 59 47 33 230 219 31 22
internal_count=363 27 336 325 313 301 289 59 47 33 230 219 31 22
is_linear=0
shrinkage=0.05


Tree=231
num_leaves=15
num_cat=0
split_feature=0 0 3 3 3 1 1 3 3 3 3 0 1 2
split_gain=1.02753 0.949515 1.06952 1.0477 2.27258 2.70041 4.69941 3.1631 3.31412 8.85289 4.40496 3.32916 8.35654 4.82081
threshold=0.58188918547082713 0.42313774298843893 5.7787937871708071 35.214040636101437 25.190632671402948 20.677458910471447 21.451679169957895 16.615502785955751 11.628055157923695 10.569099595347817 14.256261695895477 0.2242568592556636 25.937891605395283 32.500000000000007
decision_type=2 2 2 2 2 2 2 2 2 2 2 2 2 2
left_child=1 3 -3 4 5 -1 -7 8 9 11 -10 13 -13 -8
right_child=-2 2 -4 -5 -6 6 7 -9 10 -11 -12 12 -14 -15
leaf_value=-0.013029973852847305 -0.015805239677429202 0.020570112516482664 -0.0015702504664659501 0.0078317662843296106 -0.017929645470882716 0.028934112569938105 0.0098524984928804477 0.02077452557928422 -0.036165409386157983 0.042363828606903554 0.0028314995845513686 -0.038480870405005078 0.016834973442283543 -0.0088097840547561642
leaf_weight=35 9.9999999999999982 12.000000000000002 9.9999999999999982 36 19 14.999999999999998 74 17 15.000000000000002 11.999999999999998 13.999999999999998 18.000000000000004 10.999999999999998 65
leaf_count=35 10 12 10 36 19 15 74 17 15 12 14 18 11 65
internal_value=1.97682e-10 0.000447741 0.0105063 -0.000220805 -0.00120349 -5.20533e-05 0.00183271 3.39411e-05 -0.00165309 0.000874133 -0.0173393 -0.00208942 -0.017499 0.00112553
internal_weight=363 353 22 331 295 276 241 226 209 180 29 168 29 139
internal_count=363 353 22 331 295 276 241 226 209 180 29 168 29 139
is_linear=0
shrinkage=0.05


Tree=232
num_leaves=15
num_cat=0
split_feature=3 0 3 4 0 0 4 3 2 2 4 1 0 3
split_gain=0.955397 7.91925 5.26232 5.88702 5.24331 5.57217 4.52577 5.64577 5.61581 3.60893 2.10207 5.94216 2.95223 10.0706
threshold=2.5304493958105314 0.57834252654114304 2.0462993918630548 15.500000000000002 0.16733160327045243 0.20437523707108782 6.5000000000000009 3.6614854674731685 25.500000000000004 30.500000000000004 7.5000000000000009 26.085739572378152 0.14653417918684256 11.472476557958872
decision_type=2 2 2 2 2 2 2 2 2 2 2 2 2 2
left_child=2 6 3 4 -1 -6 8 9 -2 -8 11 -9 13 -12
right_child=1 -3 -4 -5 5 -7 7 10 -10 -11 12 -13 -14 -15
leaf_value=0.041943692585284062 0.0052486670965498127 0.044999803304672244 -0.031507114147146541 -0.02187510324163466 -0.026525911824269721 0.01914505901582101 0.0012420024384151803 -0.012443221012751263 -0.043292912382345936 0.038445569534087558 -0.042069567315694362 0.030167352366778588 8.5777637583238117e-06 0.011592877152211526
leaf_weight=10.999999999999998 11.000000000000002 9.9999999999999982 14.999999999999998 18 11.000000000000002 17 11.000000000000002 14.999999999999998 12.999999999999998 15.999999999999998 18 18 162 17
leaf_count=11 11 10 15 18 11 17 11 15 13 16 18 18 162 17
internal_value=-1.20264e-11 0.00127593 -0.0051569 0.00177736 0.0126939 0.00120289 -0.000280075 0.00165903 -0.0210447 0.0232886 -0.000880086 0.0107989 -0.00283647 -0.016005
internal_weight=363 291 72 57 39 28 281 257 24 27 230 33 197 35
internal_count=363 291 72 57 39 28 281 257 24 27 230 33 197 35
is_linear=0
shrinkage=0.05


Tree=233
num_leaves=15
num_cat=0
split_feature=0 0 2 1 0 0 4 0 0 4 3 3 1 4
split_gain=1.12638 0.974568 1.21084 2.21137 5.31749 2.9155 2.7477 3.53864 8.86101 6.02641 5.82561 4.91586 4.77625 4.88793
threshold=0.58188918547082713 0.42313774298843893 21.500000000000004 24.103780126708944 0.13625686927658084 0.26557657075039776 17.500000000000004 0.20437523707108782 0.19521743906267966 15.500000000000002 14.552576790724677 6.6034504521373156 41.701617533799812 7.5000000000000009
decision_type=2 2 2 2 2 2 2 2 2 2 2 2 2 2
left_child=1 2 -1 5 -5 -4 7 8 12 10 11 -9 13 -6
right_child=-2 -3 3 4 6 -7 -8 9 -10 -11 -12 -13 -14 -15
leaf_value=0.0051926226646910557 -0.01654805988073349 0.010659184577790174 -0.0016990233408777341 -0.027872056700289249 0.023591838330321482 -0.032428367092059207 -0.019315687819783177 0.020874721250113318 -0.034467651212916658 -0.017002843692898752 -0.00083666630089282998 0.065054858177900313 0.022178474634087512 -0.0068855490208276221
leaf_weight=79 9.9999999999999982 22 19 15.999999999999998 15.999999999999998 12.999999999999998 13.999999999999998 17.000000000000004 17 11.999999999999998 15.999999999999998 9.9999999999999982 28 74
leaf_count=79 10 22 19 16 16 13 14 17 17 12 16 10 28 74
internal_value=-1.02369e-10 0.000468783 -0.000208524 -0.00190174 -0.000115402 -0.0141828 0.00206159 0.00363676 -0.000718622 0.0143272 0.0230705 0.0372377 0.00414353 -0.00146735
internal_weight=363 353 331 252 220 32 204 190 135 55 43 27 118 90
internal_count=363 353 331 252 220 32 204 190 135 55 43 27 118 90
is_linear=0
shrinkage=0.05


Tree=234
num_leaves=15
num_cat=0
split_feature=0 1 2 1 2 3 3 3 2 0 1 3 4 0
split_gain=1.01656 0.975822 9.71381 9.86618 6.95871 6.75319 7.97436 5.17507 12.2374 8.83714 6.66483 4.23987 4.19831 3.88119
threshold=0.58188918547082713 27.51587185798542 27.500000000000004 26.778760401399452 27.500000000000004 10.911498086901323 6.3995348260672058 7.2281644020070717 22.500000000000004 0.18891306501877761 18.539307659641469 19.473373900185191 9.0000000000000018 0.21468247736682336
decision_type=2 2 2 2 2 2 2 2 2 2 2 2 2 2
left_child=1 2 3 7 5 6 -3 8 9 -1 -9 -12 -4 -6
right_child=-2 4 12 -5 13 -7 -8 10 -10 -11 11 -13 -14 -15
leaf_value=-0.02086389442861435 -0.015720658898353577 -0.027469949950190149 -0.047819283130494022 0.052334327305046224 -0.00048762987895802724 -0.045151105057448154 0.024551505882006427 0.03252547137439251 0.05114840060910758 0.031590744509146763 -0.022550022076157965 0.0069395013398637897 -0.0071513603627681738 0.020077791025063824
leaf_weight=21 9.9999999999999982 17.000000000000004 11.000000000000002 11.999999999999998 127 15.999999999999998 12.999999999999998 9.9999999999999982 17 12.999999999999998 34 19 14.999999999999998 28
leaf_count=21 10 17 11 12 127 16 13 10 17 13 34 19 15 28
internal_value=-2.3732e-10 0.000445344 0.00346839 0.00921014 -0.00184074 -0.0189182 -0.00492732 0.00467075 0.016511 -0.000807709 -0.00491421 -0.0119783 -0.024357 0.00322741
internal_weight=363 353 152 126 201 46 30 114 51 34 63 53 26 155
internal_count=363 353 152 126 201 46 30 114 51 34 63 53 26 155
is_linear=0
shrinkage=0.05


Tree=235
num_leaves=15
num_cat=0
split_feature=2 2 3 1 4 3 4 3 3 2 2 3 0 3
split_gain=1.00867 2.06572 1.9233 4.36366 10.1335 6.4286 5.03019 1.78366 9.66103 5.42596 10.5958 6.45723 7.61557 4.74122
threshold=21.500000000000004 23.500000000000004 35.214040636101437 21.292607122520348 16.500000000000004 5.7787937871708071 9.0000000000000018 4.8300052250568335 3.5349209757263877 32.500000000000007 36.500000000000007 2.6007864582671623 0.19521743906267966 9.3396239316057077
decision_type=2 2 2 2 2 2 2 2 2 2 2 2 2 2
left_child=2 -2 3 4 6 -5 -1 8 9 11 -11 12 -3 -9
right_child=1 7 -4 5 -6 -7 -8 13 -10 10 -12 -13 -14 -15
leaf_value=-0.0083302494174299323 -0.018842450482770803 0.032522202300077137 0.023431625131828091 -0.011313545280559494 0.021069470935446376 0.039010185400644937 -0.054271179234439686 -0.015598253025250001 0.030519798011691485 -0.05065969208876292 0.0055554085656216272 0.042610543221235281 -0.016833223775029185 0.0025533698228313233
leaf_weight=13.000000000000002 15.999999999999998 10.999999999999998 11.999999999999998 11.000000000000002 17 14.999999999999998 10.999999999999998 55 27 14.999999999999998 19 9.9999999999999982 27 104
leaf_count=13 16 11 12 11 17 15 11 55 27 15 19 10 27 104
internal_value=-1.17955e-10 -0.0013901 0.00499732 0.00169565 -0.00846574 0.0177194 -0.0293865 -0.000348168 0.00457839 -0.00396329 -0.0192454 0.00686151 -0.00254613 -0.00372549
internal_weight=363 284 79 67 41 26 24 268 109 82 34 48 38 159
internal_count=363 284 79 67 41 26 24 268 109 82 34 48 38 159
is_linear=0
shrinkage=0.05


Tree=236
num_leaves=15
num_cat=0
split_feature=2 0 1 0 1 1 1 2 4 1 2 4 2 1
split_gain=0.910325 1.91438 10.021 3.8682 2.74368 4.60814 7.65093 4.3519 6.77411 9.24053 5.87756 8.79957 5.70977 5.41576
threshold=21.500000000000004 0.14241435813816225 27.061188289243734 0.14775062835504757 23.229002716043073 24.288969357078926 25.937891605395283 33.500000000000007 16.500000000000004 35.11866238505538 25.500000000000004 11.500000000000002 29.500000000000004 30.286541006484825
decision_type=2 2 2 2 2 2 2 2 2 2 2 2 2 2
left_child=-1 2 -2 -3 -5 -6 -7 8 9 10 -8 -12 -10 -9
right_child=1 3 -4 4 5 6 7 13 12 -11 11 -13 -14 -15
leaf_value=0.0047474514162521575 0.020070609636604782 0.030496385693550111 -0.041230800946553549 -0.017287581755469243 0.030643640831112862 -0.036924921481737066 -0.0071283289876121749 -0.039759891683405102 0.0049677696736419898 -0.021609969011374883 0.012934919278467856 0.053753036843693786 -0.041263683885335925 -0.0022539995386954641
leaf_weight=79 12.000000000000002 9.9999999999999982 14.999999999999998 24 11.999999999999998 13.999999999999998 12.999999999999998 10.999999999999998 17.000000000000004 13.999999999999998 31 23 10.999999999999998 77
leaf_count=79 12 10 15 24 12 14 13 11 17 14 31 23 11 77
internal_value=-1.70486e-10 -0.00132059 -0.0139857 9.98434e-06 -0.00122428 0.000504503 -0.00120957 0.00132858 0.00800593 0.0153345 0.0230542 0.0303204 -0.0131946 -0.00694224
internal_weight=363 284 27 257 247 223 211 197 109 81 67 54 28 88
internal_count=363 284 27 257 247 223 211 197 109 81 67 54 28 88
is_linear=0
shrinkage=0.05


Tree=237
num_leaves=15
num_cat=0
split_feature=0 0 2 1 0 0 4 1 0 0 2 4 3 2
split_gain=0.872345 0.875801 0.932392 2.02758 4.70045 2.67405 3.8853 6.84328 6.31229 12.1332 4.56541 6.21511 5.97208 6.19208
threshold=0.58188918547082713 0.42313774298843893 21.500000000000004 24.103780126708944 0.13625686927658084 0.22211295444658147 16.500000000000004 31.562526241220798 0.20437523707108782 0.19521743906267966 40.500000000000007 9.0000000000000018 3.1409726751223999 29.500000000000004
decision_type=2 2 2 2 2 2 2 2 2 2 2 2 2 2
left_child=1 2 -1 -4 -5 6 8 -8 9 10 11 -6 -13 -14
right_child=-2 -3 3 4 5 -7 7 -9 -10 -11 -12 12 13 -15
leaf_value=0.0045100791232448216 -0.014562911391258241 0.010072788562286985 -0.013475022162310779 -0.026101438119076194 0.017947494614470219 0.022362009485562644 -0.047357878495346423 0.00094259023158387706 0.023144090333671281 -0.049244470905978235 0.023514920084372812 -0.043874603454870265 -0.038208372592926032 0.005893201247239725
leaf_weight=79 9.9999999999999982 22 32 15.999999999999998 28 14.999999999999998 10.999999999999998 22 33 11.999999999999998 23 10.999999999999998 9.9999999999999982 39
leaf_count=79 10 22 32 16 28 15 11 22 33 12 23 11 10 39
internal_value=1.54322e-10 0.000412547 -0.000229523 -0.00171535 -4.85327e-06 0.00204194 0.000429234 -0.0151576 0.00372644 -0.00148317 0.00368021 -0.00150386 -0.0105812 -0.00310712
internal_weight=363 353 331 252 220 204 189 33 156 123 111 88 60 49
internal_count=363 353 331 252 220 204 189 33 156 123 111 88 60 49
is_linear=0
shrinkage=0.05


Tree=238
num_leaves=15
num_cat=0
split_feature=4 0 0 3 2 2 3 2 0 0 1 1 2 3
split_gain=0.814404 5.11691 3.93166 6.30249 3.96449 4.14786 10.507 11.3061 8.9034 5.54491 5.22516 10.9816 6.0677 3.95255
threshold=11.500000000000002 0.11091051342035599 0.14241435813816225 7.837362471693905 42.500000000000007 32.500000000000007 12.713098910675667 34.500000000000007 0.20875567200643 0.19521743906267966 24.515584642364853 23.229002716043073 27.500000000000004 3.8652597532926829
decision_type=2 2 2 2 2 2 2 2 2 2 2 2 2 2
left_child=1 -1 3 -2 5 8 7 -7 9 -4 11 -10 -12 -9
right_child=2 -3 4 -5 -6 6 -8 13 10 -11 12 -13 -14 -15
leaf_value=0.027706269346750703 -0.044358297420496282 -0.0049047246193571125 0.014441007271374543 0.0091652369804003028 0.027773542526890252 -0.061781217867974192 0.029297905521733419 0.017843902204185719 -0.014647934138774868 0.055289577879011634 -0.044155703112483013 0.052995885014533999 0.001832812698557973 -0.018810164938239674
leaf_weight=12.999999999999998 11.000000000000002 161 27 10.999999999999998 17 11.999999999999998 13.999999999999998 12.000000000000002 15.000000000000002 11.999999999999998 13.000000000000002 9.9999999999999982 15.999999999999998 19
leaf_count=13 11 161 27 11 17 12 14 12 15 12 13 10 16 19
internal_value=-4.66303e-11 -0.00246827 0.00227238 -0.0175965 0.00488984 0.00229635 -0.00832404 -0.020573 0.00880562 0.0270098 -0.00434184 0.0124096 -0.0187827 -0.00462149
internal_weight=363 174 189 22 167 150 57 43 93 39 54 25 29 31
internal_count=363 174 189 22 167 150 57 43 93 39 54 25 29 31
is_linear=0
shrinkage=0.05


Tree=239
num_leaves=15
num_cat=0
split_feature=3 2 0 4 2 3 0 1 0 4 4 2 1 1
split_gain=0.807988 3.05202 2.97781 2.78932 3.18849 2.11613 2.07125 4.6068 2.0268 4.48585 5.04288 5.54454 8.52471 4.2038
threshold=0.84467134774562835 31.500000000000004 0.57834252654114304 6.5000000000000009 23.500000000000004 1.4737196595461541 0.13625686927658084 23.799386928528733 0.19696634327407156 10.500000000000002 13.500000000000002 33.500000000000007 36.911023736079919 33.429039471018349
decision_type=2 2 2 2 2 2 2 2 2 2 2 2 2 2
left_child=1 -1 3 4 -2 -5 7 -7 9 -8 13 -12 -13 -11
right_child=2 -3 -4 5 -6 6 8 -9 -10 10 11 12 -14 -15
leaf_value=-0.021214705086587102 0.0068168876273557513 0.013596677395980805 0.026254228841174732 0.021766600944101811 -0.028764237945570665 0.0090168963869412741 0.021512967816420966 -0.028501552467544874 -0.0027666698232842765 -0.031366181125243503 0.026773044696220983 -0.035809976235032084 0.015259423115375368 0.0033046749584815082
leaf_weight=17.000000000000004 10.000000000000002 9.9999999999999982 10.999999999999998 11.999999999999998 17 14.999999999999998 35 18 122 18 26 12.999999999999998 22 17
leaf_count=17 10 10 11 12 17 15 35 18 122 18 26 13 22 17
internal_value=-7.11961e-12 -0.0083216 0.0006687 -0.000197272 -0.015586 0.00119701 0.000333953 -0.0114477 0.00187069 0.00618946 0.00060276 0.00928323 -0.00370921 -0.0145261
internal_weight=363 27 336 325 27 298 286 33 253 131 96 61 35 35
internal_count=363 27 336 325 27 298 286 33 253 131 96 61 35 35
is_linear=0
shrinkage=0.05


Tree=240
num_leaves=15
num_cat=0
split_feature=0 0 3 3 2 2 0 1 3 1 3 1 2 2
split_gain=0.913881 0.969951 6.75028 5.22214 4.42371 6.78271 2.18482 1.94677 1.60857 3.11202 2.76896 6.31033 7.60558 4.76749
threshold=0.58188918547082713 0.2336672104347095 26.672181809273017 10.569099595347817 28.500000000000004 31.500000000000004 0.22500426083871108 22.262131324892753 35.214040636101437 19.283800269256918 3.8652597532926829 26.085739572378152 39.500000000000007 39.500000000000007
decision_type=2 2 2 2 2 2 2 2 2 2 2 2 2 2
left_child=1 6 3 4 7 -6 8 -3 9 -1 11 -11 -13 -12
right_child=-2 2 -4 -5 5 -7 -8 -9 -10 10 13 12 -14 -15
leaf_value=-0.022018926985123578 -0.014905577600002291 0.0076435800303112358 -0.03174266427755356 0.045595078170299536 -0.040540424734354007 0.014232252423579879 -0.023774267286062242 0.038125389814376832 0.010377602287652818 0.043285913526249886 9.3081496332002731e-05 -0.0065021279996181737 0.041518137156963349 -0.024494989702235098
leaf_weight=17 9.9999999999999982 11.000000000000002 9.9999999999999982 9.9999999999999982 10.000000000000002 12.999999999999998 9.9999999999999982 9.9999999999999982 33 10.999999999999998 138 47 9.9999999999999982 23
leaf_count=17 10 11 10 10 10 13 10 10 33 11 138 47 10 23
internal_value=1.97553e-11 0.000422254 0.00599176 0.0129796 0.00556701 -0.00958196 -0.00081113 0.0221587 1.19212e-05 -0.0013786 0.000153655 0.00861362 0.00192248 -0.0034195
internal_weight=363 353 64 54 44 23 289 21 279 246 229 68 57 161
internal_count=363 353 64 54 44 23 289 21 279 246 229 68 57 161
is_linear=0
shrinkage=0.05


Tree=241
num_leaves=15
num_cat=0
split_feature=0 3 1 1 2 3 0 1 3 3 2 3 0 3
split_gain=0.824777 0.895897 3.62351 3.32862 6.34823 4.52218 2.73785 5.72687 3.73934 6.13536 2.05029 2.04519 6.89755 3.15647
threshold=0.58188918547082713 4.6952170247517371 18.539307659641469 42.545534002999283 39.500000000000007 4.1641866984691385 0.20964796142968531 30.286541006484825 1.561530289950378 2.7018668802173749 22.500000000000004 5.7787937871708071 0.20002188076721741 8.8401327676055441
decision_type=2 2 2 2 2 2 2 2 2 2 2 2 2 2
left_child=1 3 -3 4 5 6 7 10 -8 -10 -1 12 -4 -13
right_child=-2 2 11 -5 -6 -7 8 -9 9 -11 -12 13 -14 -15
leaf_value=-0.0080419152775513258 -0.014160297513008119 0.026576117629354652 0.0047366152331233024 -0.015362113157569088 0.043312797221270481 0.031744469081362088 0.029333141126802992 -0.031174494036369856 -0.029795196991075159 0.024318007081747056 0.019533609197689938 0.012302385713603045 -0.041022523226482532 -0.0040143617460091643
leaf_weight=14.000000000000002 9.9999999999999982 10.999999999999998 20 19 10.999999999999998 11.999999999999998 13.999999999999998 18 11.000000000000002 9.9999999999999982 12.999999999999998 37 13.999999999999998 149
leaf_count=14 10 11 20 19 11 12 14 18 11 10 13 37 14 149
internal_value=2.93925e-11 0.000401142 -0.00142943 0.00386722 0.00741437 0.00312217 -0.00117117 -0.00932868 0.00931705 -0.004027 0.00523519 -0.0028297 -0.0141054 -0.000768557
internal_weight=363 353 231 122 103 92 80 45 35 21 27 220 34 186
internal_count=363 353 231 122 103 92 80 45 35 21 27 220 34 186
is_linear=0
shrinkage=0.05


Tree=242
num_leaves=15
num_cat=0
split_feature=3 0 3 4 0 0 4 3 2 2 1 1 3 0
split_gain=0.804984 7.63817 4.58877 4.9874 4.74501 4.4419 4.13549 4.85922 4.4351 3.31032 2.10726 6.40485 4.07916 12.0498
threshold=2.5304493958105314 0.57834252654114304 2.0462993918630548 15.500000000000002 0.16733160327045243 0.20437523707108782 6.5000000000000009 3.6614854674731685 25.500000000000004 30.500000000000004 32.282707802799457 30.286541006484825 9.5014030073638089 0.17262606224361707
decision_type=2 2 2 2 2 2 2 2 2 2 2 2 2 2
left_child=2 6 3 4 -1 -6 8 9 -2 -8 11 -9 13 -12
right_child=1 -3 -4 -5 5 -7 7 10 -10 -11 12 -13 -14 -15
leaf_value=0.039614803250879051 0.0031603043390945949 0.044112120866775517 -0.02933972761655847 -0.020028659690999324 -0.023899071054025126 0.016877665546010525 0.00044824061068621533 -0.0016560801027612833 -0.039977614180399829 0.036079452419653539 -0.063588939742608513 0.027499607527120547 0.00262803744611352 3.7774054900459627e-05
leaf_weight=10.999999999999998 11.000000000000002 9.9999999999999982 14.999999999999998 18 11.000000000000002 17 11.000000000000002 131 12.999999999999998 15.999999999999998 10.999999999999998 22 43 23
leaf_count=11 11 10 15 18 11 17 11 131 13 16 11 22 43 23
internal_value=-3.95107e-11 0.0011712 -0.00473359 0.00174171 0.0117896 0.000858233 -0.000356949 0.00149666 -0.0202061 0.021563 -0.000858952 0.00253624 -0.00760525 -0.0205473
internal_weight=363 291 72 57 39 28 281 257 24 27 230 153 77 34
internal_count=363 291 72 57 39 28 281 257 24 27 230 153 77 34
is_linear=0
shrinkage=0.05


Tree=243
num_leaves=15
num_cat=0
split_feature=0 0 3 3 2 2 0 0 1 1 1 3 3 1
split_gain=0.921788 0.88561 5.89801 4.7384 3.95839 6.14217 1.92998 2.88889 1.98712 6.52154 5.04072 4.68879 14.1128 6.90656
threshold=0.58188918547082713 0.2336672104347095 26.672181809273017 10.569099595347817 28.500000000000004 31.500000000000004 0.2188613064627804 0.21468247736682336 27.599451271789544 26.410870144149744 28.941854964452411 22.076081990366486 9.5014030073638089 18.539307659641469
decision_type=2 2 2 2 2 2 2 2 2 2 2 2 2 2
left_child=1 6 3 4 -3 -6 7 8 9 11 -10 12 13 -1
right_child=-2 2 -4 -5 5 -7 -8 -9 10 -11 -12 -13 -14 -15
leaf_value=-0.02709939371794462 -0.014969925582408906 0.020911688641423273 -0.029526029080152512 0.043345923423767092 -0.038573666810989365 0.01354860388315641 -0.013749823719263077 0.023510542024786658 -0.032585768029093742 0.036715759416776045 -0.0012147553265094758 0.025390327908098698 -0.045151918512933396 0.020687852841670504
leaf_weight=9.9999999999999982 9.9999999999999982 21 9.9999999999999982 9.9999999999999982 10.000000000000002 12.999999999999998 26 12.999999999999998 13.999999999999998 13.999999999999998 150 13.999999999999998 17 31
leaf_count=10 10 21 10 10 10 13 26 13 14 14 150 14 17 31
internal_value=5.07754e-11 0.000424077 0.00574593 0.0122778 0.00521683 -0.00911325 -0.000754465 0.000530248 -0.000664728 0.00549107 -0.00389277 -0.000580396 -0.00684919 0.00903243
internal_weight=363 353 64 54 44 23 289 263 250 86 164 72 58 41
internal_count=363 353 64 54 44 23 289 263 250 86 164 72 58 41
is_linear=0
shrinkage=0.05


Tree=244
num_leaves=15
num_cat=0
split_feature=0 0 2 2 1 3 1 0 0 0 0 3 3 1
split_gain=0.831914 0.840966 0.802626 1.90514 2.38648 3.00159 2.773 3.81403 3.55335 8.74473 8.55417 3.37175 6.57752 6.21339
threshold=0.58188918547082713 0.42313774298843893 21.500000000000004 23.500000000000004 24.103780126708944 7.0329348526421258 29.297878120741139 0.14241435813816225 0.20549315712503965 0.15072376617313146 0.21671553631719517 4.6952170247517371 3.5349209757263877 30.323500659777761
decision_type=2 2 2 2 2 2 2 2 2 2 2 2 2 2
left_child=1 2 -1 -4 5 -5 8 -8 9 -6 -10 12 -9 -13
right_child=-2 -3 3 4 6 -7 7 11 10 -11 -12 13 -14 -15
leaf_value=0.0041711362019841427 -0.014221429824829102 0.0098690473220565123 -0.018301495793275536 0.0032592232206038064 0.030629708143797781 -0.028442474361509085 -0.031711188992485408 1.0811325249283813e-05 0.060776037275791152 -0.029943516678535023 0.0018258034251630306 -0.043005491867661477 0.039469287757362637 -0.0011728165128940269
leaf_weight=79 9.9999999999999982 22 15.999999999999998 14.000000000000002 11.000000000000002 15.999999999999998 9.9999999999999982 43 10.000000000000002 12.999999999999998 15.999999999999998 9.9999999999999982 13.999999999999998 79
leaf_count=79 10 22 16 14 11 16 10 43 10 13 16 10 14 79
internal_value=2.25775e-11 0.000402873 -0.000226298 -0.00160486 -0.000472884 -0.0136483 0.00144587 -0.00183836 0.0116927 -0.00218079 0.024499 0.000207723 0.00970237 -0.00587312
internal_weight=363 353 331 252 236 30 206 156 50 24 26 146 57 89
internal_count=363 353 331 252 236 30 206 156 50 24 26 146 57 89
is_linear=0
shrinkage=0.05


Tree=245
num_leaves=15
num_cat=0
split_feature=3 0 0 3 0 3 3 1 3 1 1 1 3 3
split_gain=0.792764 12.4486 5.26865 5.10752 4.07753 3.8317 3.00782 10.7041 2.77845 1.73599 4.52231 2.70247 4.12645 11.8154
threshold=3.3967898297969961 0.57093510892922505 0.3226562617822667 2.2212467332768884 0.18691853685642432 1.8297240500793333 0.64656333150466272 30.414829597982521 57.026840546185205 45.492068763775279 41.701617533799812 32.282707802799457 7.4460065935752722 11.628055157923695
decision_type=2 2 2 2 2 2 2 2 2 2 2 2 2 2
left_child=2 8 4 -4 6 -6 -1 -8 9 10 11 -2 -13 -14
right_child=1 -3 3 -5 5 -7 7 -9 -10 -11 -12 12 13 -15
leaf_value=0.013545948076485235 0.0027138963306788354 0.056150683760643007 0.00099597394466400114 -0.047387346873680757 -0.0031392508569885701 0.029147689621895553 0.010220903815934433 -0.050860860714545625 -0.026554904393851761 -0.017442789143667772 0.026980770076625051 -0.030609856765059864 0.042707036638801751 -0.018769401008332218
leaf_weight=10.999999999999998 160 9.9999999999999982 10.000000000000002 11.999999999999998 17 20 16.000000000000004 12.999999999999998 9.9999999999999982 12.999999999999998 15.999999999999998 17 10.999999999999998 27
leaf_count=11 160 10 10 12 17 20 16 13 10 13 16 17 11 27
internal_value=2.34627e-10 0.00143088 -0.00381569 -0.0253949 0.00234981 0.0143131 -0.00871628 -0.0171606 -0.000723439 0.000335227 0.00133572 -0.000572747 -0.0101339 -0.00097359
internal_weight=363 264 99 22 77 37 40 29 254 244 231 215 55 38
internal_count=363 264 99 22 77 37 40 29 254 244 231 215 55 38
is_linear=0
shrinkage=0.05


Tree=246
num_leaves=15
num_cat=0
split_feature=0 0 4 0 0 0 3 0 3 2 2 3 0 4
split_gain=0.863519 0.824076 1.49775 1.17104 3.24969 1.77953 1.42957 1.57371 1.47543 5.1095 2.88878 2.96258 2.79693 8.44501
threshold=0.58188918547082713 0.33675979141878626 6.5000000000000009 0.26557657075039776 0.2336672104347095 0.22500426083871108 44.477308154870961 0.18275873095896403 3.8652597532926829 39.500000000000007 32.500000000000007 0.92248558382639023 0.19696634327407156 15.500000000000002
decision_type=2 2 2 2 2 2 2 2 2 2 2 2 2 2
left_child=1 3 -3 4 5 6 8 -8 9 10 11 -1 13 -10
right_child=-2 2 -4 -5 -6 -7 7 -9 12 -11 -12 -13 -14 -15
leaf_value=-0.01206656653167946 -0.014489048719406129 -0.0047327080475432536 0.016590389907360076 -0.012766435576809777 0.025858239953716597 -0.021420158147811893 -0.001093223386190154 0.02565225945277648 -0.00552645322999784 0.038195078819990159 -0.015992343116085977 0.015788651257753371 -0.012963468678019667 0.027348462810429436
leaf_weight=13.999999999999998 9.9999999999999982 13.999999999999998 20 18 11.999999999999998 9.9999999999999982 11.000000000000002 10.999999999999998 105 9.9999999999999982 20 30 54 24
leaf_count=14 10 14 20 18 12 10 11 11 105 10 20 30 54 24
internal_value=-1.52655e-11 0.000410455 0.00781029 -0.000378243 0.00036258 -0.000696064 4.67353e-05 0.0122795 -0.00100043 0.00495718 -0.000236238 0.00692563 -0.00340952 0.00058981
internal_weight=363 353 34 319 301 289 279 22 257 74 64 44 183 129
internal_count=363 353 34 319 301 289 279 22 257 74 64 44 183 129
is_linear=0
shrinkage=0.05


Tree=247
num_leaves=15
num_cat=0
split_feature=0 0 0 3 3 4 4 1 0 2 3 3 2 0
split_gain=0.779325 0.769862 4.4553 2.70171 5.12673 4.47665 14.423 4.41742 2.73555 2.41172 3.00343 7.37242 4.67419 3.90902
threshold=0.58188918547082713 0.17262606224361707 0.16733160327045243 4.4018140353725554 12.466369356555807 7.5000000000000009 13.500000000000002 23.898154912944751 0.14241435813816225 42.500000000000007 24.620985406743042 15.233115232496893 28.500000000000004 0.21110711455464756
decision_type=2 2 2 2 2 2 2 2 2 2 2 2 2 2
left_child=1 2 3 8 5 -5 -7 -6 -1 10 11 -3 13 -12
right_child=-2 9 -4 4 7 6 -8 -9 -10 -11 12 -13 -14 -15
leaf_value=-0.00097981848230119782 -0.013764594793319701 0.00071494489717465566 -0.031744962309797606 0.014201083481311799 0.038085417784750469 -0.06837189334134261 -0.0012362389282012979 -0.0012350214570760727 0.0292843562949981 0.023015858404911483 -0.0033790723505345249 0.03981486639151207 0.01103753527360303 -0.043877797688429171
leaf_weight=16.000000000000004 9.9999999999999982 166 11.999999999999998 9.9999999999999982 9.9999999999999982 11.999999999999998 24 25 13.999999999999998 12.999999999999998 11.000000000000002 12.999999999999998 13.999999999999998 12.999999999999998
leaf_count=16 10 166 12 10 10 12 24 25 14 13 11 13 14 13
internal_value=6.04205e-11 0.000389932 -0.00280308 0.000325774 -0.00442152 -0.0153939 -0.0236148 0.00999939 0.0131435 0.0020975 0.000844325 0.0035546 -0.0119225 -0.0253159
internal_weight=363 353 123 111 81 46 36 35 30 230 217 179 38 24
internal_count=363 353 123 111 81 46 36 35 30 230 217 179 38 24
is_linear=0
shrinkage=0.05


Tree=248
num_leaves=15
num_cat=0
split_feature=3 0 0 3 0 1 1 3 1 3 1 1 2 2
split_gain=0.824783 11.5622 4.72709 4.59658 3.87372 3.57996 3.02468 2.88345 9.56041 2.65433 1.64906 4.00516 2.4267 2.81899
threshold=3.3967898297969961 0.57093510892922505 0.3226562617822667 2.2212467332768884 0.18691853685642432 24.103780126708944 32.282707802799457 0.64656333150466272 30.414829597982521 57.026840546185205 45.492068763775279 41.701617533799812 41.500000000000007 38.500000000000007
decision_type=2 2 2 2 2 2 2 2 2 2 2 2 2 2
left_child=2 9 4 -4 7 -6 -7 -1 -9 10 11 12 13 -2
right_child=1 -3 3 -5 5 6 -8 8 -10 -11 -12 -13 -14 -15
leaf_value=0.012959181199866263 -0.0003558417933344529 0.054195351079106335 0.00070399641990661602 -0.045195515205462777 0.039164404049515725 -0.017676435708999627 0.016978661721462712 0.0087716253241524097 -0.048954928121887724 -0.025864621717482807 -0.016909158716981228 0.02552737551741302 -0.020530524956328528 0.026877321228384973
leaf_weight=10.999999999999998 191 9.9999999999999982 10.000000000000002 11.999999999999998 9.9999999999999982 10.000000000000002 17 16.000000000000004 12.999999999999998 9.9999999999999982 12.999999999999998 15.999999999999998 13.999999999999998 9.9999999999999982
leaf_count=11 191 10 10 12 10 10 17 16 13 10 13 16 14 10
internal_value=-9.32605e-11 0.00145949 -0.00389198 -0.0243321 0.00194805 0.0136086 0.00414344 -0.00883793 -0.0171058 -0.000616721 0.000418029 0.00139315 -0.000402883 0.000999042
internal_weight=363 264 99 22 77 37 27 40 29 254 244 231 215 201
internal_count=363 264 99 22 77 37 27 40 29 254 244 231 215 201
is_linear=0
shrinkage=0.05


Tree=249
num_leaves=15
num_cat=0
split_feature=0 0 1 1 2 1 3 4 1 1 0 0 0 3
split_gain=0.856004 1.59737 0.774544 2.47877 3.37808 2.17604 1.97046 1.76959 7.09645 5.77373 3.60228 2.84279 5.85613 5.59844
threshold=0.54912087009198185 0.42313774298843893 47.104645492170057 43.171769130360381 42.500000000000007 39.576542236382451 0.44600453287922154 14.500000000000002 34.531058684596694 33.822575691797404 0.11421914061704323 0.18020710728803527 0.19008315490224972 15.233115232496893
decision_type=2 2 2 2 2 2 2 2 2 2 2 2 2 2
left_child=1 2 3 4 5 6 -1 9 -9 10 -8 13 -13 -12
right_child=-2 -3 -4 -5 -6 -7 7 8 -10 -11 11 12 -14 -15
leaf_value=-0.021544684208929538 -0.010953886281041538 0.016497079730033875 0.0099008904330225456 -0.020597571387576563 0.025158958022411054 -0.017730458329121273 0.026003224230729618 0.00056942757642404604 -0.042026739432053137 0.031018300933970344 -0.023585158144123854 0.038298464062708343 -0.0011945046659093351 0.010136974044144154
leaf_weight=9.9999999999999982 17 14.999999999999998 18 14.999999999999998 12.999999999999998 18 12.999999999999998 88 10.999999999999998 18 32 10.999999999999998 64 20
leaf_count=10 17 15 18 15 13 18 13 88 11 18 32 11 64 20
internal_value=-1.21867e-12 0.000538197 -0.000185015 -0.000765036 0.000233246 -0.000903716 0.000230671 0.00107796 -0.00416348 0.00436216 0.000934937 -0.00163111 0.0045978 -0.0106151
internal_weight=363 346 331 313 298 285 267 257 99 158 140 127 75 52
internal_count=363 346 331 313 298 285 267 257 99 158 140 127 75 52
is_linear=0
shrinkage=0.05


Tree=250
num_leaves=15
num_cat=0
split_feature=0 0 1 1 2 1 3 4 1 4 1 3 1 2
split_gain=0.772544 1.44162 0.699026 2.23709 3.04872 1.96387 1.77834 1.59705 6.40455 5.35014 5.97851 3.8034 6.32986 4.66446
threshold=0.54912087009198185 0.42313774298843893 47.104645492170057 43.171769130360381 42.500000000000007 39.576542236382451 0.44600453287922154 14.500000000000002 34.531058684596694 11.500000000000002 33.822575691797404 9.5014030073638089 20.776960644465053 31.500000000000004
decision_type=2 2 2 2 2 2 2 2 2 2 2 2 2 2
left_child=1 2 3 4 5 6 -1 9 -9 11 -11 13 -13 -8
right_child=-2 -3 -4 -5 -6 -7 7 8 -10 10 -12 12 -14 -15
leaf_value=-0.020467449510470033 -0.01040619169087971 0.015672226697206498 0.0094058461658682469 -0.019567691758275035 0.023901006120901843 -0.016843935319532953 0.0011694200088580449 0.00054095667384734206 -0.039925402538342911 0.0048930235952138901 0.048447913160690893 0.025977690450169823 -0.015509516682608852 0.035171584670360273
leaf_weight=9.9999999999999982 17 14.999999999999998 18 14.999999999999998 12.999999999999998 18 45 88 10.999999999999998 20 12.999999999999998 10.999999999999998 56 12.999999999999998
leaf_count=10 17 15 18 15 13 18 45 88 11 20 13 11 56 13
internal_value=2.54799e-11 0.000511287 -0.000175765 -0.000726784 0.000221584 -0.00085853 0.000219138 0.00102406 -0.00395531 0.00414405 0.022051 -0.000583391 -0.00869818 0.00879059
internal_weight=363 346 331 313 298 285 267 257 99 158 33 125 67 58
internal_count=363 346 331 313 298 285 267 257 99 158 33 125 67 58
is_linear=0
shrinkage=0.05


Tree=251
num_leaves=15
num_cat=0
split_feature=3 0 2 4 2 4 2 1 1 1 2 2 0 1
split_gain=0.725757 2.60402 2.55116 2.35512 2.39198 1.65752 3.58187 5.15417 2.43405 2.33452 5.68457 4.84521 3.04186 7.81319
threshold=0.84467134774562835 0.57834252654114304 31.500000000000004 6.5000000000000009 23.500000000000004 7.5000000000000009 28.500000000000004 27.51587185798542 22.262131324892753 18.081072531560785 17.500000000000004 21.500000000000004 0.1433554977693999 27.061188289243734
decision_type=2 2 2 2 2 2 2 2 2 2 2 2 2 2
left_child=2 3 -1 4 -2 6 7 8 -5 -7 -11 -12 13 -13
right_child=1 -3 -4 5 -6 9 -8 -9 -10 10 11 12 -14 -15
leaf_value=-0.019674585664410292 0.0050875850953161703 0.024559647928584706 0.012152478471398354 0.014854000373320143 -0.025730546914479315 0.020988896846150362 -0.011669941060245038 -0.0097700637172568935 0.047416068489352869 -0.029475098355289771 0.024668969910003641 0.014368968382477757 0.00045826318569731119 -0.044417371457585925
leaf_weight=17.000000000000004 10.000000000000002 10.999999999999998 9.9999999999999982 11.000000000000002 17 11.999999999999998 13.999999999999998 10.999999999999998 11.999999999999998 17 19 10.000000000000002 179 12.999999999999998
leaf_count=17 10 11 10 11 17 12 14 11 12 17 19 10 179 13
internal_value=-1.5756e-10 0.000633759 -0.00788678 -0.00017604 -0.0143164 0.00110514 0.00961535 0.0183799 0.0318429 -0.000528826 -0.00161375 0.000529427 -0.00174112 -0.0188581
internal_weight=363 336 27 325 27 298 48 34 23 250 238 221 202 23
internal_count=363 336 27 325 27 298 48 34 23 250 238 221 202 23
is_linear=0
shrinkage=0.05


Tree=252
num_leaves=15
num_cat=0
split_feature=0 0 3 3 2 2 0 1 3 0 3 2 0 4
split_gain=0.80237 0.757612 4.96664 4.17793 3.20066 5.59249 1.68728 1.64713 1.18278 1.56011 1.47896 4.8813 2.7413 7.35504
threshold=0.58188918547082713 0.2336672104347095 26.672181809273017 10.569099595347817 28.500000000000004 31.500000000000004 0.22500426083871108 22.262131324892753 44.477308154870961 0.18275873095896403 3.8652597532926829 39.500000000000007 0.19696634327407156 15.500000000000002
decision_type=2 2 2 2 2 2 2 2 2 2 2 2 2 2
left_child=1 6 3 4 7 -6 8 -3 10 -10 11 -1 13 -12
right_child=-2 2 -4 -5 5 -7 -8 -9 9 -11 12 -13 -14 -15
leaf_value=-3.4991820575669409e-05 -0.013966620266437531 0.005443174595182591 -0.027049520388245585 0.040484822988510138 -0.036315326690673819 0.013419997290923046 -0.020874185152351857 0.033481221497058865 -0.002159031734547831 0.02447063479233872 -0.0050841474204900722 0.037528284788131722 -0.012794033182715929 0.025595976538412897
leaf_weight=64 9.9999999999999982 11.000000000000002 9.9999999999999982 9.9999999999999982 10.000000000000002 12.999999999999998 9.9999999999999982 9.9999999999999982 11.000000000000002 10.999999999999998 105 9.9999999999999982 54 24
leaf_count=64 10 11 10 10 10 13 10 10 11 11 105 10 54 24
internal_value=-6.58083e-11 0.000395655 0.00531792 0.0113119 0.00468168 -0.00820406 -0.000694397 0.0187946 2.88931e-05 0.0111558 -0.000923605 0.00504113 -0.00333557 0.000623783
internal_weight=363 353 64 54 44 23 289 21 279 22 257 74 183 129
internal_count=363 353 64 54 44 23 289 21 279 22 257 74 183 129
is_linear=0
shrinkage=0.05


Tree=253
num_leaves=15
num_cat=0
split_feature=0 3 1 2 3 1 0 1 2 3 2 2 1 1
split_gain=0.724139 0.699681 2.77685 5.04349 3.91356 2.69036 2.52902 4.46031 2.30175 1.99215 4.10044 1.87362 11.1759 4.80802
threshold=0.58188918547082713 4.6952170247517371 42.545534002999283 39.500000000000007 4.1641866984691385 18.539307659641469 0.20263218458347004 30.286541006484825 22.500000000000004 1.4737196595461541 27.500000000000004 17.500000000000004 21.292607122520348 20.90067866282261
decision_type=2 2 2 2 2 2 2 2 2 2 2 2 2 2
left_child=1 2 3 4 6 -3 7 8 -1 -8 -11 12 -7 -13
right_child=-2 5 -4 -5 -6 11 9 -9 -10 10 -12 13 -14 -15
leaf_value=-0.013176432939676134 -0.01326828867197037 0.022889638099480761 -0.014124413055220717 0.038676197826862338 0.029479666985571387 -0.05672758162021635 0.022039890214800836 -0.034169117877116573 0.016577381755297001 -0.020698223520929995 0.019014385915719547 0.033037222325801856 0.0098870359799441178 -0.0025673863849516123
leaf_weight=13.000000000000002 9.9999999999999982 10.999999999999998 19 10.999999999999998 11.999999999999998 10.000000000000002 14.999999999999998 12.999999999999998 12.999999999999998 13.000000000000002 12.999999999999998 9.9999999999999982 17 183
leaf_count=13 10 11 19 11 12 10 15 13 13 13 13 10 17 183
internal_value=1.13144e-10 0.000375872 0.00343896 0.0066788 0.00285302 -0.00124186 -0.00114097 -0.0102561 0.00170047 0.00752947 -0.000841919 -0.00244843 -0.014785 -0.000722588
internal_weight=363 353 122 103 92 231 80 39 26 41 26 220 27 193
internal_count=363 353 122 103 92 231 80 39 26 41 26 220 27 193
is_linear=0
shrinkage=0.05


Tree=254
num_leaves=15
num_cat=0
split_feature=1 0 1 1 0 3 3 1 2 0 2 3 4 3
split_gain=0.750926 4.94357 4.40102 3.92133 4.75823 4.42937 3.29797 3.29654 3.24993 3.07782 2.16115 1.94204 2.31083 3.07852
threshold=33.429039471018349 0.54912087009198185 32.282707802799457 34.273443017586253 0.14509683463651227 2.9034249851394862 9.0939277547089663 38.060479599637567 37.500000000000007 0.42313774298843893 36.500000000000007 0.92248558382639023 17.500000000000004 2.0844848905668085
decision_type=2 2 2 2 2 2 2 2 2 2 2 2 2 2
left_child=1 2 9 -2 -5 -6 8 -8 -7 11 -9 -1 13 -13
right_child=3 -3 -4 4 5 6 7 10 -10 -11 -12 12 -14 -15
leaf_value=-0.017214760131069592 0.030456805167098838 -0.030351532782827109 -0.024330269939759199 0.029511578303451344 0.017713856283161376 -0.0085311113979275304 -0.021184759654782035 -0.0026897685094313182 -0.040975064812944488 0.029167928695678715 0.029426520261913537 0.022134720509250957 0.019683831454912093 -0.0014948883222635177
leaf_weight=13.999999999999998 11.999999999999998 13.999999999999998 17 11.999999999999998 18 19 10.999999999999998 11.000000000000002 12.999999999999998 9.9999999999999982 9.9999999999999982 14.999999999999998 17 170
leaf_count=14 12 14 17 12 18 19 11 11 13 10 10 15 17 170
internal_value=-7.38259e-11 -0.0014605 0.000204004 0.00354102 0.000104966 -0.00419844 -0.0103613 0.000988919 -0.0217115 0.0020495 0.0126037 0.00079402 0.00204215 0.000421026
internal_weight=363 257 243 106 94 82 64 32 32 226 21 216 202 185
internal_count=363 257 243 106 94 82 64 32 32 226 21 216 202 185
is_linear=0
shrinkage=0.05


Tree=255
num_leaves=15
num_cat=0
split_feature=3 0 0 4 3 2 2 0 1 1 0 1 1 2
split_gain=0.862602 7.00463 4.6792 3.44096 3.96937 3.45984 2.87709 2.84676 4.13801 2.56147 2.38148 1.56971 5.89618 3.80336
threshold=2.5304493958105314 0.57834252654114304 0.22900927814522212 6.5000000000000009 3.6614854674731685 25.500000000000004 30.500000000000004 0.18691853685642432 35.674551556447689 31.283543432267738 0.15838749014062301 32.282707802799457 30.286541006484825 30.500000000000004
decision_type=2 2 2 2 2 2 2 2 2 2 2 2 2 2
left_child=2 3 7 5 6 -2 -5 8 10 -9 -1 12 13 -6
right_child=1 -3 -4 4 11 -7 -8 9 -10 -11 -12 -13 -14 -15
leaf_value=-0.0041646157391369331 0.0022811935029246585 0.042333924770355226 -0.026977583165797927 -0.00010868080637671727 0.00172771050461701 -0.035819717725882161 0.033109222468920056 0.034994050972163668 0.019608947122469546 0.0007302677258849144 -0.037202635034918788 -0.0065118232379098992 0.026192661374807358 -0.022466045010246731
leaf_weight=12.000000000000002 11.000000000000002 9.9999999999999982 18 11.000000000000002 112 12.999999999999998 15.999999999999998 10.000000000000002 9.9999999999999982 11.999999999999998 9.9999999999999982 77 22 19
leaf_count=12 11 10 18 11 112 13 16 10 10 12 10 77 22 19
internal_value=-1.20841e-10 0.00121239 -0.00490007 -0.000251012 0.0014398 -0.0183568 0.019576 0.0024591 -0.00705976 0.0163047 -0.0191819 -0.000689231 0.00224109 -0.00178131
internal_weight=363 291 72 281 257 24 27 54 32 22 22 230 153 131
internal_count=363 291 72 281 257 24 27 54 32 22 22 230 153 131
is_linear=0
shrinkage=0.05


Tree=256
num_leaves=15
num_cat=0
split_feature=3 0 0 3 0 4 1 1 0 0 4 4 0 4
split_gain=0.798894 10.9592 4.80966 2.60052 1.91894 2.84739 2.70253 2.51665 1.99842 1.40898 1.97577 5.01303 4.55225 8.93948
threshold=3.3967898297969961 0.57093510892922505 0.44399541217732608 57.026840546185205 0.18691853685642432 9.0000000000000018 32.282707802799457 30.621236653992103 0.22900927814522212 0.30606785590205898 14.500000000000002 11.500000000000002 0.20437523707108782 15.500000000000002
decision_type=2 2 2 2 2 2 2 2 2 2 2 2 2 2
left_child=2 3 4 9 5 -1 8 -7 -6 10 11 -2 13 -12
right_child=1 -3 -4 -5 6 7 -8 -9 -10 -11 12 -13 -14 -15
leaf_value=0.0094354077180226655 -0.002814103670883924 0.052778595536947248 -0.033504592006405196 -0.025575605472549796 0.012660793370256818 -0.0028784612910105626 0.021667936610940255 -0.034631749739249547 -0.014331632177345455 0.015284932851791383 -0.017526366687830416 0.018129636831581593 -0.02304874590731093 0.020760469508046907
leaf_weight=14.999999999999998 100 9.9999999999999982 11.999999999999998 9.9999999999999982 12.000000000000002 13.000000000000002 19 11.999999999999998 15.999999999999998 14.999999999999998 31 40 28 30
leaf_count=15 100 10 12 10 12 13 19 12 16 15 31 40 28 30
internal_value=1.41494e-10 0.0014364 -0.00383041 -0.000584941 0.000262578 -0.00778675 0.00711307 -0.01812 -0.00276345 0.000439266 -0.000533157 0.00316982 -0.00635807 0.00130322
internal_weight=363 264 99 254 87 40 47 25 28 244 229 140 89 61
internal_count=363 264 99 254 87 40 47 25 28 244 229 140 89 61
is_linear=0
shrinkage=0.05


Tree=257
num_leaves=15
num_cat=0
split_feature=0 0 3 3 2 1 0 3 1 3 1 2 0 3
split_gain=0.787579 0.767235 4.41767 3.72314 3.68624 2.92701 1.48924 1.19995 1.50861 2.05549 4.97574 4.98237 3.87383 2.44457
threshold=0.58188918547082713 0.2336672104347095 26.672181809273017 5.7787937871708071 26.500000000000004 23.229002716043073 0.22500426083871108 44.477308154870961 19.283800269256918 3.8652597532926829 26.085739572378152 39.500000000000007 0.16263780443994127 4.5124453830028095
decision_type=2 2 2 2 2 2 2 2 2 2 2 2 2 2
left_child=1 6 3 5 -5 -3 7 8 -1 10 -10 12 -12 -11
right_child=-2 2 -4 4 -6 -7 -8 -9 9 13 11 -13 -14 -15
leaf_value=-0.014943845738242898 -0.013837289512157442 -0.017034130543470385 -0.025180842131376269 0.045516020307938249 0.0044121742993593217 0.013448829824725787 -0.019663534536957742 0.011181958255739036 0.038207880576903171 -0.025657667067240587 -0.03130916760049083 0.033525904417037969 0.0025941257158087361 -0.0012900711351539942
leaf_weight=18 9.9999999999999982 13.999999999999998 9.9999999999999982 12.000000000000002 9.9999999999999982 18 9.9999999999999982 22 10.999999999999998 10.999999999999998 10.999999999999998 9.9999999999999982 36 160
leaf_count=18 10 14 10 12 10 18 10 22 11 11 11 10 36 160
internal_value=-3.919e-11 0.000391991 0.00534542 0.0109984 0.0268325 0.000112535 -0.000704961 -2.54425e-05 -0.000984831 6.64757e-05 0.00741961 0.00147801 -0.00534069 -0.00285758
internal_weight=363 353 64 54 22 32 289 279 257 239 68 57 47 171
internal_count=363 353 64 54 22 32 289 279 257 239 68 57 47 171
is_linear=0
shrinkage=0.05


Tree=258
num_leaves=15
num_cat=0
split_feature=3 0 0 3 0 3 1 1 2 1 1 1 1 1
split_gain=0.770776 10.1867 4.29163 2.42573 1.72268 2.61417 8.03077 2.36562 1.82323 1.299 4.06632 2.34321 3.94933 3.33854
threshold=3.3967898297969961 0.57093510892922505 0.44399541217732608 57.026840546185205 0.18691853685642432 0.64656333150466272 30.621236653992103 32.282707802799457 24.500000000000004 45.492068763775279 41.701617533799812 32.282707802799457 27.2740178447376 33.822575691797404
decision_type=2 2 2 2 2 2 2 2 2 2 2 2 2 2
left_child=2 3 4 9 5 -1 -7 8 -6 10 11 12 -2 -13
right_child=1 -3 -4 -5 7 6 -8 -9 -10 -11 -12 13 -14 -15
leaf_value=0.013231661196120762 -0.0034365027829414553 0.050910436213016511 -0.031793010855714482 -0.024674109895713628 0.014472005218267437 0.0067112121950177574 -0.04671229782203834 0.02021207816310619 -0.012155694038503702 -0.014927237853407861 0.025634528277441861 -0.031538060479439224 0.012845389649145684 -0.0025423896055491199
leaf_weight=10.999999999999998 101 9.9999999999999982 11.999999999999998 9.9999999999999982 10.000000000000002 17.000000000000004 11.999999999999998 19 18 12.999999999999998 15.999999999999998 12.999999999999998 59 42
leaf_count=11 101 10 12 10 10 17 12 19 18 13 16 13 59 42
internal_value=-2.6721e-10 0.0014109 -0.0037624 -0.0005379 0.000103889 -0.00752272 -0.0153951 0.00659462 -0.0026458 0.000451289 0.00131675 -0.000492949 0.00256745 -0.00939591
internal_weight=363 264 99 254 87 40 29 47 28 244 231 215 160 55
internal_count=363 264 99 254 87 40 29 47 28 244 231 215 160 55
is_linear=0
shrinkage=0.05


Tree=259
num_leaves=15
num_cat=0
split_feature=0 0 3 3 1 2 0 0 1 3 0 1 4 3
split_gain=0.810463 0.719168 4.21427 3.28668 3.07954 3.01217 1.38444 3.82393 2.42239 1.58403 3.39953 4.8117 2.26523 5.11691
threshold=0.58188918547082713 0.2336672104347095 26.672181809273017 2.7018668802173749 27.061188289243734 24.500000000000004 0.21671553631719517 0.21468247736682336 27.763286667494736 44.477308154870961 0.20781971510622008 31.283543432267738 15.500000000000002 4.7375855073149857
decision_type=2 2 2 2 2 2 2 2 2 2 2 2 2 2
left_child=1 6 3 -3 5 -5 7 9 -8 10 12 -12 -1 -14
right_child=-2 2 -4 4 -6 -7 8 -9 -10 -11 11 -13 13 -15
leaf_value=-0.0026916618015005601 -0.014036878049373628 -0.0091754396756490077 -0.02462181106209755 0.026794137752481864 0.042291336730122565 -0.0054536129037539164 -0.024052234576083714 0.03080991365015507 0.0050053295034628645 0.013567204315525792 0.0029892198741435995 -0.046060237735509879 -0.010031963747582938 0.023836383451190261
leaf_weight=166 9.9999999999999982 14.999999999999998 9.9999999999999982 14.000000000000002 9.9999999999999982 14.999999999999998 16.000000000000004 9.9999999999999982 12.999999999999998 18 10.000000000000002 9.9999999999999982 19 27
leaf_count=166 10 15 10 14 10 15 16 10 13 18 10 10 19 27
internal_value=-9.68203e-11 0.000397645 0.0051934 0.0107147 0.0183648 0.0101143 -0.00066439 0.000491376 -0.0110264 -0.000721365 -0.00182996 -0.0215355 2.90527e-05 0.00984728
internal_weight=363 353 64 54 39 29 289 260 29 250 232 20 212 46
internal_count=363 353 64 54 39 29 289 260 29 250 232 20 212 46
is_linear=0
shrinkage=0.05


Tree=260
num_leaves=15
num_cat=0
split_feature=0 4 0 2 0 3 4 0 0 0 3 3 2 4
split_gain=0.731443 0.664007 1.7512 1.34615 0.967584 2.41365 1.01722 3.59077 3.16082 10.0695 4.71872 9.07455 4.26647 3.12944
threshold=0.58188918547082713 6.5000000000000009 0.40240213113500939 29.500000000000004 0.12164969000977628 10.801455888456315 16.500000000000004 0.24894959511381054 0.20437523707108782 0.19521743906267966 13.751029420690443 6.6837296898152374 26.500000000000004 10.500000000000002
decision_type=2 2 2 2 2 2 2 2 2 2 2 2 2 2
left_child=1 3 4 -1 5 -3 7 8 9 13 11 -10 -12 -6
right_child=-2 2 -4 -5 6 -7 -8 -9 10 -11 12 -13 -14 -15
leaf_value=-0.016699630684161092 -0.013335035145282746 0.0040831811460001121 0.01979192706445853 0.0041496817151589014 0.015440151128504012 -0.028079231232404713 -0.0042047656206277142 -0.020807074556748073 0.0046491622924804679 -0.043130671170850593 -0.0247438528321006 0.059471239751348132 0.018366456031799316 -0.00065011698448949541
leaf_weight=16.000000000000004 9.9999999999999982 14.000000000000002 11.999999999999998 14.999999999999998 45 9.9999999999999982 68 14.999999999999998 18.000000000000004 11.999999999999998 11.000000000000002 12.999999999999998 11.999999999999998 92
leaf_count=16 10 14 12 15 45 10 68 15 18 12 11 13 12 92
internal_value=1.78203e-10 0.000377763 0.00105062 -0.00661125 0.000325149 -0.00931782 0.00113435 0.00279976 0.00454411 0.000788107 0.0149079 0.0276391 -0.00225152 0.00463501
internal_weight=363 353 322 31 310 24 286 218 203 149 54 31 23 137
internal_count=363 353 322 31 310 24 286 218 203 149 54 31 23 137
is_linear=0
shrinkage=0.05


Tree=261
num_leaves=15
num_cat=0
split_feature=0 0 3 3 2 2 1 0 3 1 2 0 2 3
split_gain=0.660127 0.671175 3.66103 3.32219 3.11902 4.50653 1.73507 1.39573 1.08961 3.1932 1.92361 3.2979 1.89875 3.10402
threshold=0.58188918547082713 0.2336672104347095 26.672181809273017 10.569099595347817 28.500000000000004 31.500000000000004 22.262131324892753 0.22500426083871108 35.214040636101437 19.283800269256918 21.500000000000004 0.18020710728803527 43.500000000000007 3.8652597532926829
decision_type=2 2 2 2 2 2 2 2 2 2 2 2 2 2
left_child=1 7 3 4 6 -6 -3 8 9 -1 -10 -12 13 -11
right_child=-2 2 -4 -5 5 -7 -8 -9 10 12 11 -13 -14 -15
leaf_value=-0.022061530002118912 -0.012668282091617585 0.0044542555104602451 -0.022797507047653199 0.036152302622795111 -0.033729384541511524 0.010916697807036914 0.033231009542942051 -0.019020845368504527 0.026829771250486373 0.010475384586166141 -0.019213008745150126 0.018689316573242347 -0.019869963689283891 -0.0025103486342088316
leaf_weight=17 9.9999999999999982 11.000000000000002 9.9999999999999982 9.9999999999999982 10.000000000000002 12.999999999999998 9.9999999999999982 9.9999999999999982 9.9999999999999982 66 11.000000000000002 11.999999999999998 10.999999999999998 152
leaf_count=17 10 11 10 10 10 13 10 10 10 66 11 12 11 152
internal_value=2.23891e-11 0.000358875 0.00499185 0.010138 0.00422568 -0.00849464 0.0181575 -0.000667112 -9.2717e-06 -0.00115371 0.00852201 0.000562118 0.000398396 0.00142111
internal_weight=363 353 64 54 44 23 21 289 279 246 33 23 229 218
internal_count=363 353 64 54 44 23 21 289 279 246 33 23 229 218
is_linear=0
shrinkage=0.05


Tree=262
num_leaves=15
num_cat=0
split_feature=3 0 0 3 2 4 1 0 4 3 0 2 0 1
split_gain=0.749352 9.92445 4.03114 4.30253 3.25704 4.48372 3.68609 2.48456 2.1276 4.82881 1.51745 3.77756 1.40758 5.48783
threshold=3.3967898297969961 0.57093510892922505 0.3226562617822667 2.2212467332768884 32.500000000000007 7.5000000000000009 40.930063937761204 0.3795318053144498 9.0000000000000018 1.561530289950378 0.24516384365908575 15.500000000000002 0.15618500335845617 35.938140735315812
decision_type=2 2 2 2 2 2 2 2 2 2 2 2 2 2
left_child=2 7 4 -4 5 -1 -6 10 -7 -10 12 -12 13 -2
right_child=1 -3 3 -5 6 8 -8 -9 9 -11 11 -13 -14 -15
leaf_value=-0.016321177913162573 -0.0015717930770055817 0.050249417275190361 0.001636731252074241 -0.042770388722419742 0.0034028009573618561 0.037494113296270372 -0.034703554517843509 -0.023774995451623746 -0.010137428063899277 0.031390568454350745 -0.0080167689919471707 0.035443312376737597 -0.0032946715940300737 0.034550208082565891
leaf_weight=12.999999999999998 55 9.9999999999999982 10.000000000000002 11.999999999999998 15.000000000000002 9.9999999999999982 10.999999999999998 10.999999999999998 14.000000000000002 13.999999999999998 10.000000000000002 9.9999999999999982 155 12.999999999999998
leaf_count=13 55 10 10 12 15 10 11 11 14 14 10 10 155 13
internal_value=-1.79915e-11 0.00139115 -0.00370974 -0.0225853 0.00168328 0.00902568 -0.0127191 -0.0005324 0.017697 0.0106266 0.000519734 0.0137133 -0.000663543 0.00533388
internal_weight=363 264 99 22 77 51 26 254 38 28 243 20 223 68
internal_count=363 264 99 22 77 51 26 254 38 28 243 20 223 68
is_linear=0
shrinkage=0.05


Tree=263
num_leaves=15
num_cat=0
split_feature=0 1 1 0 2 3 1 3 3 1 1 0 4 1
split_gain=0.695318 1.2281 3.64504 5.5699 4.23982 3.91766 9.1807 8.22256 7.90407 6.10314 10.2537 4.08583 3.2875 2.80086
threshold=0.54912087009198185 29.297878120741139 27.2740178447376 0.20781971510622008 27.500000000000004 9.9566196182131161 20.677458910471447 19.473373900185191 44.477308154870961 21.722439435253257 23.229002716043073 0.22046593595002537 10.500000000000002 30.286541006484825
decision_type=2 2 2 2 2 2 2 2 2 2 2 2 2 2
left_child=1 2 4 -4 5 6 -1 11 -9 -8 -11 -7 -6 -3
right_child=-2 13 3 -5 12 7 9 8 -10 10 -12 -13 -14 -15
leaf_value=-0.011643241618380503 -0.0098723810823524716 -0.02401713196720396 -0.0020911442736784619 0.037243247197733989 -0.039634241231463162 -0.041748553956858808 0.057685127278620553 0.048559609372168765 -0.010567648686432783 -0.013790842541493476 0.042815600708127025 -0.0031528818110624947 -0.0017917426923910779 -0.00064579078029246859
leaf_weight=27 17 13.999999999999998 18 18 11.000000000000002 16.000000000000004 10.999999999999998 10.000000000000002 12.999999999999998 15.999999999999998 15.999999999999998 11.999999999999998 11.999999999999998 152
leaf_count=27 17 14 18 18 11 16 11 10 13 16 16 12 12 152
internal_value=-4.12585e-11 0.000485059 0.00334573 0.0175761 -0.000211857 0.00352868 0.0112081 -0.00701166 0.0151399 0.0255566 0.0145124 -0.0252076 -0.0198903 -0.00261687
internal_weight=363 346 180 36 144 121 70 51 23 43 32 28 23 166
internal_count=363 346 180 36 144 121 70 51 23 43 32 28 23 166
is_linear=0
shrinkage=0.05


Tree=264
num_leaves=15
num_cat=0
split_feature=3 0 0 4 3 2 2 0 1 1 1 1 1 1
split_gain=0.707463 5.6529 3.36772 3.01726 3.41923 3.32926 3.29604 2.17945 4.09345 2.44001 2.02925 1.61019 4.42274 4.42062
threshold=2.5304493958105314 0.57834252654114304 0.22900927814522212 6.5000000000000009 3.8652597532926829 25.500000000000004 30.500000000000004 0.18691853685642432 35.674551556447689 31.283543432267738 26.085739572378152 32.282707802799457 30.286541006484825 33.822575691797404
decision_type=2 2 2 2 2 2 2 2 2 2 2 2 2 2
left_child=2 3 7 5 6 -2 -5 8 10 -9 -1 12 -6 -13
right_child=1 -3 -4 4 11 -7 -8 9 -10 -11 -12 13 -14 -15
leaf_value=-0.001945087648928165 0.0030736758140847077 0.03803928464651108 -0.023167380152477157 -0.0017212559970525591 -0.0011816973360971763 -0.03430135863331648 0.031723711119197744 0.032161119803786269 0.020001572159817446 -0.0012804141578574976 -0.032442156039178376 -0.037645403742790226 0.023548219352960587 -0.0019718587437334164
leaf_weight=10.000000000000002 11.000000000000002 9.9999999999999982 18 13.000000000000002 130 12.999999999999998 17 10.000000000000002 9.9999999999999982 11.999999999999998 11.999999999999998 9.9999999999999982 21 66
leaf_count=10 11 10 18 13 130 13 17 10 10 12 12 10 21 66
internal_value=-6.75081e-11 0.00109796 -0.00443761 -0.000216673 0.00136662 -0.0171711 0.0172309 0.00180565 -0.00652316 0.0139203 -0.0185799 -0.000729977 0.00225756 -0.00666575
internal_weight=363 291 72 281 257 24 30 54 32 22 22 227 151 76
internal_count=363 291 72 281 257 24 30 54 32 22 22 227 151 76
is_linear=0
shrinkage=0.05


Tree=265
num_leaves=15
num_cat=0
split_feature=0 0 1 1 0 0 3 2 1 2 0 0 1 4
split_gain=0.772621 0.74396 1.37432 3.29825 0.831852 2.56624 1.38754 3.28181 2.94701 5.02259 2.75332 6.12748 3.77763 3.21482
threshold=0.58188918547082713 0.33675979141878626 24.515584642364853 29.907779491449531 0.26557657075039776 0.2336672104347095 14.256261695895477 42.500000000000007 29.297878120741139 32.500000000000007 0.14129469163694955 0.16263780443994127 32.095940826563201 13.500000000000002
decision_type=2 2 2 2 2 2 2 2 2 2 2 2 2 2
left_child=1 4 -3 -4 5 6 7 10 -8 -10 -1 12 -12 -13
right_child=-2 2 3 -5 -6 -7 8 -9 9 -11 11 13 -14 -15
leaf_value=0.0086691324881306205 -0.013705257177352907 0.021955103223974055 -0.016139188867348886 0.022055583521723751 -0.010802190709445212 0.022919817144672075 0.013854213905802302 0.021462340079821077 -0.032040903531014922 0.0068361901022769792 -0.015115103014700468 0.005813233389128601 -0.052453088164329531 -0.0099291184615782086
leaf_weight=33 9.9999999999999982 10.999999999999998 13.000000000000002 9.9999999999999982 18 11.999999999999998 43 12.999999999999998 11.999999999999998 27 21.000000000000004 62 9.9999999999999982 68
leaf_count=33 10 11 13 10 18 12 43 13 12 27 21 62 10 68
internal_value=-8.85141e-11 0.000388251 0.00741919 0.000467234 -0.000361128 0.000263254 -0.000677503 -0.00285805 0.00482704 -0.00512599 -0.00448776 -0.00718452 -0.0271596 -0.00242123
internal_weight=363 353 34 23 319 301 289 207 82 39 194 161 31 130
internal_count=363 353 34 23 319 301 289 207 82 39 194 161 31 130
is_linear=0
shrinkage=0.05


Tree=266
num_leaves=15
num_cat=0
split_feature=0 0 3 0 1 1 1 4 3 4 1 4 1 2
split_gain=0.69729 0.671424 1.29114 0.751462 2.79076 1.70256 5.43285 4.03688 2.59861 1.69856 1.9939 3.51674 3.89653 5.81029
threshold=0.58188918547082713 0.33675979141878626 5.5770018706733584 0.24894959511381054 22.449026196348189 21.825108049454268 21.292607122520348 16.500000000000004 11.777747910690712 6.5000000000000009 24.515584642364853 16.500000000000004 31.562526241220798 29.500000000000004
decision_type=2 2 2 2 2 2 2 2 2 2 2 2 2 2
left_child=1 3 -3 5 -5 6 7 8 -1 -7 -11 -12 -13 -14
right_child=-2 2 -4 4 -6 9 -8 -9 -10 10 11 12 13 -15
leaf_value=-0.025193795847396051 -0.013019994497299195 0.015705608851031252 -0.0039177789787451433 -0.026863781972364938 0.0096321564912796032 -0.021638509701006114 0.039707310827956963 0.021031458429836978 0.006022846070118249 -0.015300151155818077 0.0038707433571772915 -0.032723696380853651 0.028870848054066291 -0.021030310820788146
leaf_weight=15.000000000000002 9.9999999999999982 19 14.999999999999998 11.000000000000002 9.9999999999999982 9.9999999999999982 10.999999999999998 14.999999999999998 11.999999999999998 21 175 14.999999999999998 10.000000000000002 13.999999999999998
leaf_count=15 10 19 15 11 10 10 11 15 12 21 175 15 10 14
internal_value=-2.42484e-10 0.000368838 0.00704823 -0.000343072 -0.00948476 0.000301141 0.00842678 0.000234264 -0.0113197 -0.00145665 -0.000597849 0.000844901 -0.0127326 -0.000238161
internal_weight=363 353 34 319 21 298 53 42 27 245 235 214 39 24
internal_count=363 353 34 319 21 298 53 42 27 245 235 214 39 24
is_linear=0
shrinkage=0.05


Tree=267
num_leaves=15
num_cat=0
split_feature=3 2 0 3 3 0 0 3 1 1 0 0 0 1
split_gain=0.708551 2.09156 2.08353 1.76452 1.26135 0.878875 5.11089 2.78886 1.44585 3.70559 3.31422 5.21075 4.73489 2.22953
threshold=0.84467134774562835 31.500000000000004 0.57834252654114304 57.026840546185205 1.4737196595461541 0.13625686927658084 0.11421914061704323 10.801455888456315 23.229002716043073 24.288969357078926 0.20964796142968531 0.2336672104347095 0.27704490659323061 25.937891605395283
decision_type=2 2 2 2 2 2 2 2 2 2 2 2 2 2
left_child=1 -1 3 4 -2 6 7 -6 10 -10 -7 -12 -13 -11
right_child=2 -3 -4 -5 5 8 -8 -9 9 13 11 12 -14 -15
leaf_value=-0.018466032679904907 0.016489161178469658 0.010351862427778543 0.02202775857665322 -0.019781993659721178 0.027220710841938847 0.0084944335743784901 -0.030890968654836926 -0.009262831780043515 0.02988467911879222 -0.021737940907478333 -0.044170329008590095 0.023775571733713141 -0.020641424854596455 0.002500672161679816
leaf_weight=17.000000000000004 11.999999999999998 9.9999999999999982 10.999999999999998 10.999999999999998 10.000000000000002 24 13.999999999999998 10.999999999999998 11.999999999999998 9.9999999999999982 10.999999999999998 10.000000000000002 14.999999999999998 185
leaf_count=17 12 10 11 11 10 24 14 11 12 10 11 10 15 185
internal_value=9.9418e-11 -0.00779274 0.000626202 -9.81581e-05 0.000591403 -4.0296e-05 -0.00749022 0.00811028 0.000936285 0.0029172 -0.00589788 -0.0154928 -0.00287463 0.00125767
internal_weight=363 27 336 325 314 302 35 21 267 207 60 36 25 195
internal_count=363 27 336 325 314 302 35 21 267 207 60 36 25 195
is_linear=0
shrinkage=0.05


Tree=268
num_leaves=15
num_cat=0
split_feature=0 0 1 1 4 3 3 0 4 1 2 2 0 0
split_gain=0.724098 0.653915 1.2732 2.93804 0.733202 3.79516 4.27092 9.30372 13.5614 5.10666 3.56646 6.92734 2.70028 8.80488
threshold=0.58188918547082713 0.33675979141878626 24.515584642364853 29.907779491449531 14.500000000000002 16.615502785955751 6.505258166730763 0.20437523707108782 15.500000000000002 43.171769130360381 38.500000000000007 35.500000000000007 0.16733160327045243 0.19387667207569328
decision_type=2 2 2 2 2 2 2 2 2 2 2 2 2 2
left_child=1 4 -3 -4 10 6 9 8 -8 12 11 -1 -6 -14
right_child=-2 2 3 -5 5 -7 7 -9 -10 -11 -12 -13 13 -15
leaf_value=0.0028532818243547811 -0.013267915248870849 0.020958497984842821 -0.015397106913419868 0.020651685744524001 0.022352618665287372 0.026348576657474046 -0.049932830072939381 -0.055868539586663248 0.022688655451767976 -0.029019805990780398 0.025937160956008093 -0.031652314146049319 -0.031680145747959618 0.014520671771782817
leaf_weight=160 9.9999999999999982 10.999999999999998 13.000000000000002 9.9999999999999982 19 9.9999999999999982 10.000000000000002 11.999999999999998 18 11.999999999999998 13.999999999999998 15.999999999999998 14.999999999999998 33
leaf_count=160 10 11 13 10 19 10 10 12 18 12 14 16 15 33
internal_value=-9.42226e-11 0.000375862 0.00696759 0.000276281 -0.000326705 -0.00323587 -0.00572196 -0.0190339 -0.00324759 0.00101825 0.00164846 -0.000283591 0.00639821 8.29163e-05
internal_weight=363 353 34 23 319 129 119 40 28 79 190 176 67 48
internal_count=363 353 34 23 319 129 119 40 28 79 190 176 67 48
is_linear=0
shrinkage=0.05


Tree=269
num_leaves=15
num_cat=0
split_feature=3 0 0 0 0 3 1 3 0 4 3 1 4 2
split_gain=0.741736 8.85887 3.69967 2.0633 1.57812 2.30007 6.47793 2.00222 2.74275 1.36018 4.29141 3.35292 1.75564 4.26692
threshold=3.3967898297969961 0.57093510892922505 0.44399541217732608 0.3795318053144498 0.18691853685642432 0.64656333150466272 30.621236653992103 1.8297240500793333 0.22688607291604201 7.5000000000000009 13.166052494933639 23.717056895400408 11.500000000000002 21.500000000000004
decision_type=2 2 2 2 2 2 2 2 2 2 2 2 2 2
left_child=2 3 4 9 5 -1 -7 -6 -9 10 11 -2 13 -11
right_child=1 -3 -4 -5 7 6 -8 8 -10 12 -12 -13 -14 -15
leaf_value=0.012066916774281046 0.0034101675336177524 0.047544937282800681 -0.029716576511661215 -0.021614044295115906 -0.0053716132328623821 0.0050693617366692591 -0.042911933114131294 0.031625698993985464 -0.00085360912176278927 0.011972735086946112 -0.010941159100655247 0.039320964882007016 0.0020415596727764718 -0.016193452380273653
leaf_weight=10.999999999999998 13.000000000000002 9.9999999999999982 11.999999999999998 10.999999999999998 21 17.000000000000004 11.999999999999998 13.000000000000002 12.999999999999998 19 17 12.999999999999998 135 46
leaf_count=11 13 10 12 11 21 17 12 13 13 19 17 13 135 46
internal_value=6.67704e-11 0.00138407 -0.00369084 -0.00043329 -0.000101088 -0.0074007 -0.014785 0.00611135 0.015386 0.000525509 0.00859314 0.0213656 -0.00120903 -0.00796026
internal_weight=363 264 99 254 87 40 29 47 26 243 43 26 200 65
internal_count=363 264 99 254 87 40 29 47 26 243 43 26 200 65
is_linear=0
shrinkage=0.05


Tree=270
num_leaves=15
num_cat=0
split_feature=0 0 2 2 3 0 1 3 1 0 0 3 0 2
split_gain=0.760937 1.39257 0.636515 3.37889 0.866296 4.50033 2.79364 6.24634 3.06869 11.8163 2.95415 5.2938 6.31396 3.59381
threshold=0.54912087009198185 0.42313774298843893 44.500000000000007 42.500000000000007 14.256261695895477 0.2188613064627804 39.576542236382451 2.9034249851394862 33.822575691797404 0.18368295402554474 0.18368295402554474 9.0939277547089663 0.138136334488209 18.500000000000004
decision_type=2 2 2 2 2 2 2 2 2 2 2 2 2 2
left_child=1 2 3 4 6 -6 8 -8 10 -10 11 12 -1 -12
right_child=-2 -3 -4 -5 5 -7 7 -9 9 -11 13 -13 -14 -15
leaf_value=0.017109184441241352 -0.010327725200092092 0.015408212194840114 -0.011993859708309174 0.028845067620277404 0.00926564961616228 -0.021032498578230543 0.010739554536457245 -0.03423938870822129 0.058601503898389619 -0.010683219018392266 0.025740423003832499 -0.042043621838092807 -0.016239248001947999 -0.00087791611057161021
leaf_weight=22 17 14.999999999999998 10.999999999999998 9.9999999999999982 67 14.999999999999998 12.999999999999998 19 10.000000000000002 15.999999999999998 14.999999999999998 10.999999999999998 40 82
leaf_count=22 17 15 11 10 67 15 13 19 10 16 15 11 40 82
internal_value=-2.34113e-12 0.000507432 -0.00016783 0.000238689 -0.000684097 0.00372331 -0.00226922 -0.0159667 -3.28926e-05 0.0159648 -0.00247959 -0.0100774 -0.00440593 0.00323832
internal_weight=363 346 331 320 310 82 228 32 196 26 170 73 62 97
internal_count=363 346 331 320 310 82 228 32 196 26 170 73 62 97
is_linear=0
shrinkage=0.05


Tree=271
num_leaves=15
num_cat=0
split_feature=3 0 3 4 0 0 4 3 2 2 1 1 1 3
split_gain=0.71337 4.90993 3.22665 3.99415 4.02792 4.02495 2.52225 3.08356 3.07789 3.07664 1.508 3.90856 3.67307 3.7302
threshold=2.5304493958105314 0.57834252654114304 2.0462993918630548 15.500000000000002 0.16733160327045243 0.20437523707108782 6.5000000000000009 3.8652597532926829 30.500000000000004 25.500000000000004 32.282707802799457 30.286541006484825 33.822575691797404 5.5770018706733584
decision_type=2 2 2 2 2 2 2 2 2 2 2 2 2 2
left_child=2 6 3 4 -1 -6 9 8 -8 -2 11 -9 -12 -14
right_child=1 -3 -4 -5 5 -7 7 10 -10 -11 12 -13 13 -15
leaf_value=0.035602209513837642 0.0038374854421073727 0.035530736744403844 -0.025089527070522311 -0.018508570144573848 -0.023672649806196031 0.015143135146183127 -0.0019238210068299216 -0.0010080696556430597 0.030395387627889733 -0.032091609388589862 -0.034649454727768897 0.022239938662165688 -0.026132842095998615 0.0037552802364412205
leaf_weight=10.999999999999998 11.000000000000002 9.9999999999999982 14.999999999999998 18 11.000000000000002 17 13.000000000000002 130 17 12.999999999999998 9.9999999999999982 21 12.999999999999998 53
leaf_count=11 11 10 15 18 11 17 13 130 17 13 10 21 13 53
internal_value=5.86085e-12 0.00110254 -0.00445609 0.000973758 0.0099656 -0.000105923 -0.000122664 0.00132494 0.0163904 -0.0156241 -0.000666088 0.0022251 -0.00641042 -0.00213177
internal_weight=363 291 72 57 39 28 281 257 30 24 227 151 76 66
internal_count=363 291 72 57 39 28 281 257 30 24 227 151 76 66
is_linear=0
shrinkage=0.05


Tree=272
num_leaves=15
num_cat=0
split_feature=0 0 3 0 0 3 2 1 2 1 1 3 1 2
split_gain=0.820483 0.681754 1.18712 0.77576 2.10508 1.22182 3.01806 2.91665 4.42754 2.52609 3.80486 2.01223 2.66058 4.29436
threshold=0.58188918547082713 0.33675979141878626 5.5770018706733584 0.26557657075039776 0.2336672104347095 14.256261695895477 42.500000000000007 29.297878120741139 32.500000000000007 25.937891605395283 23.898154912944751 8.2599200577655765 18.539307659641469 18.500000000000004
decision_type=2 2 2 2 2 2 2 2 2 2 2 2 2 2
left_child=1 3 -3 4 5 6 11 9 -9 10 -7 12 -1 -14
right_child=-2 2 -4 -5 -6 7 -8 8 -10 -11 -12 -13 13 -15
leaf_value=-0.026053578685969116 -0.014123386144638062 0.015431974749816092 -0.0033843025068442029 -0.010400168970227242 0.020805773759881657 0.019223050363361832 0.020710107454886804 -0.030572882294654848 0.005928651864329974 0.027861772963984146 -0.020593489930033685 -0.012817209331318736 0.023404537738274989 -0.0028440857844041854
leaf_weight=9.9999999999999982 9.9999999999999982 19 14.999999999999998 18 11.999999999999998 15.000000000000002 12.999999999999998 11.999999999999998 27 18 9.9999999999999982 50 18 116
leaf_count=10 10 19 15 18 12 15 13 12 27 18 10 50 18 116
internal_value=5.21784e-11 0.000400096 0.00713068 -0.00031727 0.000285694 -0.000566351 -0.00261255 0.00459905 -0.00530259 0.0135796 0.00329643 -0.0041754 -0.00117478 0.000681849
internal_weight=363 353 34 319 301 289 207 82 39 43 25 194 144 134
internal_count=363 353 34 319 301 289 207 82 39 43 25 194 144 134
is_linear=0
shrinkage=0.05


Tree=273
num_leaves=15
num_cat=0
split_feature=0 0 0 2 1 2 3 3 4 5 0 1 5 3
split_gain=0.740486 0.663502 3.06466 2.29179 15.0006 3.55265 9.8487 5.20992 2.49673 4.93823 1.92867 1.58422 1.34687 3.83361
threshold=0.58188918547082713 0.17262606224361707 0.16733160327045243 36.500000000000007 43.171769130360381 25.500000000000004 4.7427984904876892 16.615502785955751 14.500000000000002 1.0000000180025095e-35 0.17698310514368307 19.82184971540028 1.0000000180025095e-35 32.637913835117722
decision_type=2 2 2 2 2 2 2 2 2 2 2 2 2 2
left_child=1 2 3 5 -5 8 -7 -8 9 -1 -3 -10 13 -12
right_child=-2 10 -4 4 -6 6 7 -9 11 -11 12 -13 -14 -15
leaf_value=0.032776480587199334 -0.013417217731475832 0.021480496351917587 -0.026587924578537543 0.058638036958873256 -0.027966249585151672 0.019038507932176194 -0.063777485042810431 -0.012738678827881815 -0.024118441059254103 -0.0040946721675850098 0.0021834245230239191 0.0028278131658832236 0.01589330289778965 -0.020372135617903301
leaf_weight=15.999999999999998 9.9999999999999982 11.999999999999998 11.999999999999998 10.000000000000002 9.9999999999999982 11.999999999999998 10.000000000000002 9.9999999999999982 10.000000000000002 21 183 11.999999999999998 13.999999999999998 21
leaf_count=16 10 12 12 10 10 12 10 10 10 21 183 12 14 21
internal_value=4.34232e-11 0.000380091 -0.00258416 1.08401e-05 0.0153359 -0.0033573 -0.0167719 -0.0382581 0.00391839 0.0118496 0.00196532 -0.00942048 0.000891092 -0.000138471
internal_weight=363 353 123 111 20 91 32 20 59 37 230 22 218 204
internal_count=363 353 123 111 20 91 32 20 59 37 230 22 218 204
is_linear=0
shrinkage=0.05


Tree=274
num_leaves=15
num_cat=0
split_feature=3 0 0 3 0 4 3 0 1 4 0 0 0 3
split_gain=0.795362 8.1319 3.36233 1.94141 1.45507 2.26469 1.82301 2.4887 1.566 1.34485 1.21741 1.61182 2.39388 1.87421
threshold=3.3967898297969961 0.57093510892922505 0.44399541217732608 57.026840546185205 0.18691853685642432 9.0000000000000018 1.8297240500793333 0.22688607291604201 30.621236653992103 11.500000000000002 0.30606785590205898 0.24894959511381054 0.22900927814522212 44.477308154870961
decision_type=2 2 2 2 2 2 2 2 2 2 2 2 2 2
left_child=2 3 4 10 5 -1 9 -8 -7 -6 11 12 13 -2
right_child=1 -3 -4 -5 6 8 7 -9 -10 -11 -12 -13 -14 -15
leaf_value=0.0079502017175157869 -0.0017263369507530763 0.045659554600715635 -0.02863278115789096 -0.021900635231286287 -0.017455739527940745 -0.0046014597782721876 0.0298847517141929 -0.0010537893726275517 -0.029649510917564233 0.0078792296350002292 0.014376543412605922 -0.018165054544806481 0.02455285929143429 0.017884302540467339
leaf_weight=14.999999999999998 194 9.9999999999999982 11.999999999999998 9.9999999999999982 11.000000000000002 13.000000000000002 13.000000000000002 12.999999999999998 11.999999999999998 9.9999999999999982 14.999999999999998 11.999999999999998 9.9999999999999982 12.999999999999998
leaf_count=15 194 10 12 10 11 13 13 13 12 10 15 12 10 13
internal_value=1.75104e-10 0.00143323 -0.00382194 -0.000307967 -0.000399752 -0.007409 0.00556557 0.0144155 -0.0166245 -0.00539147 0.000576978 -0.000326924 0.000659517 -0.000494751
internal_weight=363 264 99 254 87 40 47 26 25 21 244 229 217 207
internal_count=363 264 99 254 87 40 47 26 25 21 244 229 217 207
is_linear=0
shrinkage=0.05


Tree=275
num_leaves=15
num_cat=0
split_feature=0 0 1 1 2 1 3 4 1 4 3 1 3 2
split_gain=0.773025 1.35815 0.656678 1.70826 2.25248 1.96575 1.48669 1.54492 5.6364 4.63605 5.67099 8.98693 3.06794 5.51806
threshold=0.54912087009198185 0.42313774298843893 47.104645492170057 43.171769130360381 42.500000000000007 39.576542236382451 0.92248558382639023 14.500000000000002 34.531058684596694 11.500000000000002 31.487985570536704 33.822575691797404 9.5014030073638089 31.500000000000004
decision_type=2 2 2 2 2 2 2 2 2 2 2 2 2 2
left_child=1 2 3 4 5 6 -1 9 -9 12 11 -11 13 -8
right_child=-2 -3 -4 -5 -6 -7 7 8 -10 10 -12 -13 -14 -15
leaf_value=-0.014018686838886319 -0.010409433350843543 0.015226924866437914 0.0091314241704013623 -0.017153572936852775 0.020492916726149047 -0.016782228358917767 0.00088749283303817114 0.0006420271997066105 -0.037394478519193156 0.0052163785979659691 -0.0093447523191571239 0.070708506926894191 -0.0072093067551726731 0.04039272141050209
leaf_weight=17 17 14.999999999999998 18 14.999999999999998 12.999999999999998 18 45 85 10.999999999999998 11.000000000000005 9.9999999999999982 9.9999999999999982 67 10.999999999999998
leaf_count=17 17 15 18 15 13 18 45 85 11 11 10 10 67 11
internal_value=-8.01758e-12 0.000511446 -0.000155418 -0.000689486 0.000139243 -0.00078917 0.000289014 0.00126194 -0.00371632 0.00436527 0.0216457 0.0364031 1.00289e-05 0.00864745
internal_weight=363 346 331 313 298 285 267 250 96 154 31 21 123 56
internal_count=363 346 331 313 298 285 267 250 96 154 31 21 123 56
is_linear=0
shrinkage=0.05


Tree=276
num_leaves=15
num_cat=0
split_feature=2 1 0 3 1 0 3 4 0 1 2 4 4 4
split_gain=0.702547 2.45649 5.27872 1.74433 3.32176 2.70219 2.716 3.55706 2.93406 1.93977 3.01165 5.07831 2.61709 2.74558
threshold=33.500000000000007 32.095940826563201 0.1915869478148958 0.92248558382639023 26.410870144149744 0.57093510892922505 2.0844848905668085 9.0000000000000018 0.3795318053144498 38.309918648995463 30.500000000000004 11.500000000000002 17.500000000000004 14.500000000000002
decision_type=2 2 2 2 2 2 2 2 2 2 2 2 2 2
left_child=3 2 -2 4 -1 6 7 -5 9 10 12 -12 13 -8
right_child=1 -3 -4 5 -6 -7 8 -9 -10 -11 11 -13 -14 -15
leaf_value=-0.033392280116677268 0.0067750845725337641 0.00092950869768269754 -0.039212668572480867 0.040214206427335725 0.0056265868556996191 0.028045000582933428 0.0016627340853322767 0.00054916716538942778 -0.026737652346491815 -0.015119732861571453 -0.0075146519324996233 0.037212835152943928 0.018395566282903449 -0.014723884188296163
leaf_weight=10.000000000000002 12.000000000000002 76 12.999999999999998 10.000000000000002 11.999999999999998 9.9999999999999982 103 12.999999999999998 9.9999999999999982 17 11.000000000000002 14.999999999999998 17 34
leaf_count=10 12 76 13 10 12 10 103 13 10 17 11 15 17 34
internal_value=4.93883e-11 -0.00354278 -0.0171385 0.00136573 -0.0121093 0.00260094 0.00149467 0.0177948 -0.000316456 0.00102472 0.00254948 0.0182897 -0.00010796 -0.00240402
internal_weight=363 101 25 262 22 240 230 23 207 197 180 26 154 137
internal_count=363 101 25 262 22 240 230 23 207 197 180 26 154 137
is_linear=0
shrinkage=0.05


Tree=277
num_leaves=15
num_cat=0
split_feature=0 0 2 2 1 1 3 3 4 1 4 1 0 5
split_gain=0.764399 1.36405 0.602447 2.94028 0.77103 2.44427 3.94239 1.2695 1.20597 5.12346 3.79379 4.46589 3.16268 3.82551
threshold=0.54912087009198185 0.42313774298843893 44.500000000000007 42.500000000000007 47.104645492170057 39.576542236382451 13.166052494933639 0.44600453287922154 14.500000000000002 34.531058684596694 11.500000000000002 33.822575691797404 0.11421914061704323 1.0000000180025095e-35
decision_type=2 2 2 2 2 2 2 2 2 2 2 2 2 2
left_child=1 2 3 4 5 7 -7 -1 10 -10 12 -12 -9 -14
right_child=-2 -3 -4 -5 -6 6 -8 8 9 -11 11 -13 13 -15
leaf_value=-0.017235194966197017 -0.010351191066643771 0.015255969216426213 -0.011664920774373142 0.026920959651470185 0.010063984873704614 -0.030196889166665422 0.0093677715957164766 0.022997629986359524 0.00061763435025403112 -0.035575941501354631 0.0038840120937675237 0.041527876035811817 0.00266046941763273 -0.017993337342575674
leaf_weight=9.9999999999999982 17 14.999999999999998 10.999999999999998 9.9999999999999982 15.999999999999998 17.000000000000004 9.9999999999999982 12.999999999999998 88 10.999999999999998 20 12.999999999999998 81 31
leaf_count=10 17 15 11 10 16 17 10 13 88 11 20 13 81 31
internal_value=5.02221e-11 0.000508585 -0.000159726 0.000235765 -0.000625048 -0.00120676 -0.0155433 0.000243 0.000923085 -0.00340387 0.00363428 0.0187134 -0.00034661 -0.00305621
internal_weight=363 346 331 320 310 294 27 267 257 99 158 33 125 112
internal_count=363 346 331 320 310 294 27 267 257 99 158 33 125 112
is_linear=0
shrinkage=0.05


Tree=278
num_leaves=15
num_cat=0
split_feature=0 0 3 1 1 1 0 0 3 0 3 3 4 0
split_gain=0.69441 0.587883 0.536644 0.557281 1.34739 1.96781 1.37849 3.9263 2.78579 2.34978 5.18128 3.8079 6.471 2.50048
threshold=0.58188918547082713 0.47681386795739839 54.203590921867068 47.104645492170057 43.171769130360381 41.701617533799812 0.14129469163694955 0.12164969000977628 43.080056130539823 0.17262606224361707 14.552576790724677 4.8300052250568335 12.500000000000002 0.17894173375208081
decision_type=2 2 2 2 2 2 2 2 2 2 2 2 2 2
left_child=1 2 3 4 5 6 7 -1 9 10 11 -8 -13 -11
right_child=-2 -3 -4 -5 -6 -7 8 -9 -10 13 -12 12 -14 -15
leaf_value=-0.0049681631326675413 -0.012993076145648957 0.0097325447481125607 0.010307102665926021 0.0080907138892345968 -0.01557606976479292 0.019616555189713836 -0.0021430772056596145 0.026751127839088441 -0.027089581909504806 0.023728844119856755 0.011939370749812377 -0.0043411635539748437 -0.056447846745140855 3.7818232010449138e-05
leaf_weight=25 9.9999999999999982 15.999999999999998 11.999999999999998 18 14.999999999999998 11.999999999999998 18 15.999999999999998 10.999999999999998 11.999999999999998 19 11.000000000000002 12.999999999999998 155
leaf_count=25 10 16 12 18 15 12 18 16 11 12 19 11 13 155
internal_value=5.94584e-11 0.000368076 -7.6528e-05 -0.000459924 -0.000961264 -0.000210503 -0.00106023 0.0074101 -0.0025133 -0.00132761 -0.00972626 -0.0195274 -0.0325656 0.00174017
internal_weight=363 353 337 325 307 292 280 41 239 228 61 42 24 167
internal_count=363 353 337 325 307 292 280 41 239 228 61 42 24 167
is_linear=0
shrinkage=0.05


Tree=279
num_leaves=15
num_cat=0
split_feature=3 0 4 1 3 2 2 0 1 0 0 2 0 1
split_gain=0.697646 7.33407 3.24529 5.80846 3.53273 2.75108 6.30056 3.79566 3.27564 1.79629 1.17787 3.71994 1.20137 4.42564
threshold=3.3967898297969961 0.57093510892922505 7.5000000000000009 29.297878120741139 0.44600453287922154 31.500000000000004 27.500000000000004 0.19387667207569328 22.985795441746912 0.3795318053144498 0.24516384365908575 15.500000000000002 0.15618500335845617 35.938140735315812
decision_type=2 2 2 2 2 2 2 2 2 2 2 2 2 2
left_child=2 9 3 -1 -4 6 8 -7 -6 10 12 -12 13 -2
right_child=1 -3 4 -5 5 7 -8 -9 -10 -11 11 -13 -14 -15
leaf_value=-0.0001512420932865805 -0.0011198877373879606 0.043343076258897786 0.028261256759816951 -0.046268874339082028 0.009124361609037103 -0.031126226782798763 0.040114249885082248 0.0075423481789502235 -0.028939289823174476 -0.020074084333398128 -0.0093564017117023432 0.033770980536937716 -0.0028899434594167098 0.031318524881051135
leaf_weight=18.000000000000004 55 9.9999999999999982 10.999999999999998 10.999999999999998 13.000000000000002 15.000000000000002 9.9999999999999982 10.999999999999998 9.9999999999999982 10.999999999999998 10.000000000000002 9.9999999999999982 155 12.999999999999998
leaf_count=18 55 10 11 11 13 15 10 11 10 11 10 10 155 13
internal_value=-1.00348e-10 0.0013423 -0.00357947 -0.0176441 0.00224732 -0.00260273 0.0069808 -0.0147664 -0.00742505 -0.000311273 0.00058334 0.0122073 -0.000459167 0.00508157
internal_weight=363 264 99 29 70 59 33 26 23 254 243 20 223 68
internal_count=363 264 99 29 70 59 33 26 23 254 243 20 223 68
is_linear=0
shrinkage=0.05


Tree=280
num_leaves=15
num_cat=0
split_feature=0 0 2 2 3 0 0 0 0 1 3 1 0 0
split_gain=0.794054 1.32066 0.574409 2.69333 0.636201 3.83457 2.7872 6.01234 2.70263 2.27077 4.94846 2.53665 9.56542 2.35539
threshold=0.54912087009198185 0.42313774298843893 44.500000000000007 42.500000000000007 14.256261695895477 0.2188613064627804 0.19469509745675254 0.17536994185883098 0.14509683463651227 39.576542236382451 2.9034249851394862 33.822575691797404 0.18368295402554474 0.18368295402554474
decision_type=2 2 2 2 2 2 2 2 2 2 2 2 2 2
left_child=1 2 3 4 9 6 7 8 -6 11 -11 13 -13 -1
right_child=-2 -3 -4 -5 5 -7 -8 -9 -10 10 -12 12 -14 -15
leaf_value=-0.0089278741102994177 -0.010550070115748574 0.01502932240565618 -0.011373525722460314 0.025786907225847245 -0.0032619775656391593 -0.019651364584763846 0.02514196299016476 -0.030417754704302011 0.023555694449515569 0.0094857124549050167 -0.030548535561875298 0.05298723887652157 -0.0093501539900898937 0.0029620446096721691
leaf_weight=73 17 14.999999999999998 10.999999999999998 9.9999999999999982 17 14.999999999999998 18 10.999999999999998 21 12.999999999999998 19 10.000000000000002 15.999999999999998 97
leaf_count=73 17 15 11 10 17 15 18 11 21 13 19 10 16 97
internal_value=-2.80856e-11 0.000518356 -0.000139241 0.000246938 -0.000576932 0.00320007 0.00831606 0.00213512 0.0115583 -0.00193533 -0.0142846 8.08849e-05 0.0146258 -0.00214363
internal_weight=363 346 331 320 310 82 67 49 38 228 32 196 26 170
internal_count=363 346 331 320 310 82 67 49 38 228 32 196 26 170
is_linear=0
shrinkage=0.05


Tree=281
num_leaves=15
num_cat=0
split_feature=0 0 3 0 3 1 3 3 0 1 1 4 0 4
split_gain=0.716634 1.1919 0.541704 0.583855 3.06297 3.85373 4.3304 2.73257 2.716 3.75784 5.05699 3.47803 10.3253 5.07141
threshold=0.54912087009198185 0.42313774298843893 54.203590921867068 0.19696634327407156 35.214040636101437 19.283800269256918 26.672181809273017 32.637913835117722 0.20263218458347004 23.41856220926427 21.451679169957895 15.500000000000002 0.22046593595002537 7.5000000000000009
decision_type=2 2 2 2 2 2 2 2 2 2 2 2 2 2
left_child=1 2 3 4 5 -1 -7 8 -5 10 -10 13 -13 -11
right_child=-2 -3 -4 7 -6 6 -8 -9 9 11 -12 12 -14 -15
leaf_value=-0.023877140658441931 -0.01002256642369663 0.014277855902910233 0.010296697386850913 -0.024335659837180917 0.024669926384320626 0.0039830877164689204 -0.029998865425586704 -0.024851094300930316 0.0063651360963520257 -0.0083320211046017147 -0.031172428170547769 -0.029555949289351697 0.032613933899185876 0.029250703639639865
leaf_weight=15.999999999999998 17 14.999999999999998 11.999999999999998 10.999999999999998 12.999999999999998 150 9.9999999999999982 12.999999999999998 19 12.999999999999998 17 17.000000000000004 10.999999999999998 29
leaf_count=16 17 15 12 11 13 150 10 13 19 13 17 17 11 29
internal_value=-1.02946e-10 0.000492438 -0.000132279 -0.000524591 0.00124947 -0.000480453 0.00185922 -0.0031038 -0.000687433 0.00176663 -0.0113609 0.00851795 -0.00513207 0.017618
internal_weight=363 346 331 319 189 176 160 130 117 106 36 70 28 42
internal_count=363 346 331 319 189 176 160 130 117 106 36 70 28 42
is_linear=0
shrinkage=0.05


Tree=282
num_leaves=15
num_cat=0
split_feature=3 0 0 0 1 1 4 0 2 0 4 3 3 2
split_gain=0.704908 4.83682 4.36303 2.86497 2.78513 5.04259 2.28098 5.01683 2.85013 1.7092 2.83793 8.85333 1.79457 3.75802
threshold=2.7018668802173749 0.22900927814522212 0.57834252654114304 0.20964796142968531 26.085739572378152 35.674551556447689 6.5000000000000009 0.30606785590205898 25.500000000000004 0.24894959511381054 7.5000000000000009 7.2281644020070717 14.256261695895477 42.500000000000007
decision_type=2 2 2 2 2 2 2 2 2 2 2 2 2 2
left_child=1 3 6 4 -1 -6 8 9 -2 10 11 -8 13 -12
right_child=2 -3 -4 -5 5 -7 7 -9 -10 -11 12 -13 -14 -15
leaf_value=0.01672448401472398 0.0039780762385238288 -0.026152472590145311 0.033594719767570495 0.02724341541528702 -0.026098553538322453 0.012251864708960057 0.047860920898771524 0.030465315920966015 -0.030603118126208969 -0.018723209326465925 -0.0075636522250314212 -0.009758500208457312 0.0048670329153537757 0.024381548464298249
leaf_weight=13.999999999999998 11.000000000000002 19 9.9999999999999982 9.9999999999999982 20 14.999999999999998 12.000000000000002 13.999999999999998 12.999999999999998 11.999999999999998 116 14.999999999999998 72 9.9999999999999982
leaf_count=14 11 19 10 10 20 15 12 14 13 12 116 15 72 10
internal_value=1.86008e-11 -0.00421171 0.00115268 0.00285396 -0.00212348 -0.00966266 -2.70329e-05 0.00138107 -0.0147534 -0.000336991 0.000643608 0.0158501 -0.00143001 -0.00502832
internal_weight=363 78 285 59 49 35 275 251 24 237 225 27 198 126
internal_count=363 78 285 59 49 35 275 251 24 237 225 27 198 126
is_linear=0
shrinkage=0.05


Tree=283
num_leaves=15
num_cat=0
split_feature=0 1 1 0 3 3 3 1 1 0 3 1 2 0
split_gain=0.733993 0.638566 3.19224 9.36239 2.49939 6.93318 3.29936 6.65208 4.21389 3.09198 3.04007 1.30352 2.34003 3.05302
threshold=0.58188918547082713 32.282707802799457 33.822575691797404 0.19074383441292053 11.628055157923695 7.4460065935752722 3.8652597532926829 42.545534002999283 42.233037606540698 0.19387667207569328 22.076081990366486 31.562526241220798 33.500000000000007 0.44399541217732608
decision_type=2 2 2 2 2 2 2 2 2 2 2 2 2 2
left_child=1 11 3 -3 5 6 7 -4 -8 10 -6 12 13 -1
right_child=-2 2 4 -5 9 -7 8 -9 -10 -11 -12 -13 -14 -15
leaf_value=0.0010438605773425292 -0.013358262777328492 -0.055524901151657084 0.034957629921180865 0.0099815687940766409 -0.041434647962450971 0.039533730911520813 -0.037927495891397642 -0.010996380789826316 0.0058378538116812713 0.011241232671520928 -0.0033434094014492908 0.018713242188096047 -0.015697723823158365 0.026093870057509495
leaf_weight=189 9.9999999999999982 10.000000000000002 13.999999999999998 11.999999999999998 10.000000000000002 12.999999999999998 11.000000000000002 18 10.999999999999998 10.999999999999998 10.999999999999998 10.999999999999998 19 12.999999999999998
leaf_count=189 10 10 14 12 10 13 11 18 11 11 11 11 19 13
internal_value=1.03395e-10 0.000378421 -0.00256625 -0.0197941 0.00126216 0.0067526 -0.00113915 0.0091085 -0.0160448 -0.0102335 -0.0214821 0.00191422 0.00107807 0.00265599
internal_weight=363 353 121 22 99 67 54 32 22 32 21 232 221 202
internal_count=363 353 121 22 99 67 54 32 22 32 21 232 221 202
is_linear=0
shrinkage=0.05


Tree=284
num_leaves=15
num_cat=0
split_feature=0 0 2 2 1 1 3 3 3 3 4 1 1 0
split_gain=0.752325 1.1327 0.592283 2.23923 0.601949 2.03826 3.12811 1.34536 0.837609 1.37362 1.64934 2.30711 4.77633 2.61078
threshold=0.54912087009198185 0.42313774298843893 44.500000000000007 42.500000000000007 47.104645492170057 39.576542236382451 13.166052494933639 0.44600453287922154 1.4272395205449415 1.8297240500793333 17.500000000000004 32.589041297631958 35.11866238505538 0.14653417918684256
decision_type=2 2 2 2 2 2 2 2 2 2 2 2 2 2
left_child=1 2 3 4 5 7 -7 -1 -9 -10 11 13 -13 -11
right_child=-2 -3 -4 -5 -6 6 -8 8 9 10 -12 12 -14 -15
leaf_value=-0.01764649972319603 -0.010269112008459428 0.013943262497584026 -0.01151218441399661 0.023575337678194048 0.0089810527570080012 -0.02712217750411261 0.0081204643845558169 0.013944313116371633 -0.016082369536161423 -0.014501969750438418 0.01538251118832513 0.030696480852716108 -0.0067842384471612826 0.000713082489653908
leaf_weight=9.9999999999999982 17 14.999999999999998 10.999999999999998 9.9999999999999982 15.999999999999998 17.000000000000004 9.9999999999999982 11.999999999999998 11.999999999999998 35 19 17 17 145
leaf_count=10 17 15 11 10 16 17 10 12 12 35 19 17 17 145
internal_value=8.50505e-11 0.000504552 -0.000104453 0.000287688 -0.000463527 -0.000977518 -0.0140693 0.000346375 0.00104649 0.000414757 0.00126439 1.09165e-05 0.0119561 -0.0022454
internal_weight=363 346 331 320 310 294 27 267 257 245 233 214 34 180
internal_count=363 346 331 320 310 294 27 267 257 245 233 214 34 180
is_linear=0
shrinkage=0.05


Tree=285
num_leaves=15
num_cat=0
split_feature=3 0 0 3 0 1 0 0 0 0 2 0 1 3
split_gain=0.693898 6.72549 3.16297 3.58805 2.46336 2.86814 2.69601 3.54951 1.75753 1.13118 3.41485 1.22531 3.63748 4.34193
threshold=3.3967898297969961 0.57093510892922505 0.3226562617822667 2.2212467332768884 0.20964796142968531 26.085739572378152 0.1551028605827689 0.18275873095896403 0.3795318053144498 0.24516384365908575 15.500000000000002 0.15618500335845617 35.938140735315812 12.466369356555807
decision_type=2 2 2 2 2 2 2 2 2 2 2 2 2 2
left_child=2 8 4 -4 5 -1 -7 -8 9 11 -11 12 13 -2
right_child=1 -3 3 -5 -6 6 7 -9 -10 10 -12 -13 -14 -15
leaf_value=0.01603212295366185 -0.011878597984711331 0.041559122949838642 0.0018299275264143937 -0.038722810645898185 0.01739845776723491 -0.031397661689499562 0.015261965791384381 -0.017274578940123322 -0.019793201847509906 -0.0086291441321372959 0.032691861540079116 -0.0028363944181511482 0.029000372382310721 0.01679777828129855
leaf_weight=13.999999999999998 33 9.9999999999999982 10.000000000000002 11.999999999999998 18 10.999999999999998 14.999999999999998 19 10.999999999999998 10.000000000000002 9.9999999999999982 155 12.999999999999998 22
leaf_count=14 33 10 10 12 18 11 15 19 11 10 10 155 13 22
internal_value=-1.3213e-11 0.00133869 -0.00356984 -0.0202897 0.00120727 -0.00373241 -0.00988137 -0.00292022 -0.000244791 0.000640116 0.0120314 -0.00038152 0.00521415 -0.000408047
internal_weight=363 264 99 22 77 59 45 34 254 243 20 223 68 55
internal_count=363 264 99 22 77 59 45 34 254 243 20 223 68 55
is_linear=0
shrinkage=0.05


Tree=286
num_leaves=15
num_cat=0
split_feature=0 0 2 2 1 0 0 1 4 0 4 1 1 1
split_gain=0.781606 1.15008 0.563745 2.00961 0.575506 2.67386 2.48593 1.96142 5.29948 5.07392 2.81276 3.78737 3.44508 1.92264
threshold=0.54912087009198185 0.42313774298843893 44.500000000000007 42.500000000000007 30.899974818272863 0.21468247736682336 0.20650104838725608 47.104645492170057 9.0000000000000018 0.19469509745675254 12.500000000000002 33.563474297677494 37.577076486965687 26.410870144149744
decision_type=2 2 2 2 2 2 2 2 2 2 2 2 2 2
left_child=1 2 3 4 13 6 7 8 -6 10 -10 -12 -13 -1
right_child=-2 -3 -4 -5 5 -7 -8 -9 9 -11 11 12 -14 -15
leaf_value=-0.0024069515621568277 -0.010467049085042056 0.014055692106485369 -0.011228892749006097 0.022344527989625933 -0.032128435664344583 0.019102892279624941 -0.029524613544344904 0.01326931692349414 0.0085010588996940195 0.027917212090240076 -0.03991392905061894 0.017364348843693728 -0.024139126241207124 0.0080109510817291101
leaf_weight=127 17 14.999999999999998 10.999999999999998 9.9999999999999982 15.999999999999998 11.999999999999998 9.9999999999999982 14.999999999999998 18 12.999999999999998 11.000000000000002 10.000000000000002 9.9999999999999982 68
leaf_count=127 17 15 11 10 16 12 10 15 18 13 11 10 10 68
internal_value=3.01461e-11 0.000514277 -9.93823e-05 0.000283195 -0.000428461 -0.00323378 -0.00583611 -0.00328896 -0.00647325 0.000147449 -0.00722004 -0.0163484 -0.00338739 0.00122596
internal_weight=363 346 331 320 310 115 103 93 78 62 49 31 20 195
internal_count=363 346 331 320 310 115 103 93 78 62 49 31 20 195
is_linear=0
shrinkage=0.05


Tree=287
num_leaves=15
num_cat=0
split_feature=3 0 0 0 1 1 4 0 2 0 4 3 3 2
split_gain=0.706354 4.46059 3.93157 2.26607 2.32163 4.30586 2.12271 4.42163 2.59229 1.61993 2.72755 8.12019 1.49763 3.49568
threshold=2.7018668802173749 0.22900927814522212 0.57834252654114304 0.20964796142968531 26.085739572378152 35.674551556447689 6.5000000000000009 0.30606785590205898 25.500000000000004 0.24894959511381054 7.5000000000000009 7.6554708949471477 14.256261695895477 16.500000000000004
decision_type=2 2 2 2 2 2 2 2 2 2 2 2 2 2
left_child=1 3 6 4 -1 -6 8 9 -2 10 11 -8 13 -12
right_child=2 -3 -4 -5 5 -7 7 -9 -10 -11 12 -13 -14 -15
leaf_value=0.015350864734500647 0.0036918141455812878 -0.025286189780423518 0.031950046122074131 0.024260251224040987 -0.023928621571976692 0.011509698207179706 0.042064758696194193 0.028696886929018159 -0.029288065146941406 -0.018120222414533298 -0.031513902477242728 -0.012813361590871444 0.0044537218494547738 -0.0020102378418264183
leaf_weight=13.999999999999998 11.000000000000002 19 9.9999999999999982 9.9999999999999982 20 14.999999999999998 14.000000000000002 13.999999999999998 12.999999999999998 11.999999999999998 10.999999999999998 12.999999999999998 72 115
leaf_count=14 11 19 10 10 20 15 14 14 13 12 11 13 72 115
internal_value=-3.45077e-11 -0.00421602 0.00115386 0.00256928 -0.00185745 -0.00874077 3.39981e-05 0.00139237 -0.0141723 -0.000220557 0.000734092 0.015642 -0.0012988 -0.00458595
internal_weight=363 78 285 59 49 35 275 251 24 237 225 27 198 126
internal_count=363 78 285 59 49 35 275 251 24 237 225 27 198 126
is_linear=0
shrinkage=0.05


Tree=288
num_leaves=15
num_cat=0
split_feature=0 0 0 0 2 0 0 1 2 1 1 1 0 0
split_gain=0.782719 1.19605 0.549156 1.01182 2.63511 0.794624 2.43084 2.34026 1.98068 1.32588 5.46083 4.50818 3.56613 3.57616
threshold=0.54912087009198185 0.42313774298843893 0.3226562617822667 0.24516384365908575 15.500000000000002 0.21671553631719517 0.21468247736682336 27.939723317798919 24.500000000000004 27.599451271789544 26.410870144149744 28.941854964452411 0.138136334488209 0.18543127245755314
decision_type=2 2 2 2 2 2 2 2 2 2 2 2 2 2
left_child=1 2 3 5 -5 6 9 8 -7 10 -1 -11 -13 -14
right_child=-2 -3 -4 4 -6 7 -8 -9 -10 11 -12 12 13 -15
leaf_value=-0.00096460972369338078 -0.010474497824907303 0.014324028193950653 -0.0094587986667950957 -0.0076393714547157267 0.027824221957813613 -0.0006329776211218399 0.024702821597456931 0.011602376672354612 -0.029461024128473724 -0.030208961692239557 0.0331639793834516 -0.029387441687285899 0.0088523671276083109 -0.0071891695319209253
leaf_weight=72 17 14.999999999999998 14.999999999999998 10.000000000000002 10.999999999999998 11.000000000000002 9.9999999999999982 10.999999999999998 12.999999999999998 13.999999999999998 13.999999999999998 9.9999999999999982 76 64
leaf_count=72 17 15 15 10 11 11 10 11 13 14 14 10 76 64
internal_value=-5.20822e-11 0.000514643 -0.00011116 0.000332557 0.0109368 -0.000422321 0.000529789 -0.00749514 -0.0162482 -0.000437132 0.00459121 -0.00307394 -0.000541342 0.00151909
internal_weight=363 346 331 316 21 295 260 35 24 250 86 164 150 140
internal_count=363 346 331 316 21 295 260 35 24 250 86 164 150 140
is_linear=0
shrinkage=0.05


Tree=289
num_leaves=15
num_cat=0
split_feature=2 2 3 0 0 0 1 3 1 3 0 3 0 3
split_gain=0.728386 2.02207 4.50198 6.44455 3.63688 3.83998 3.12162 1.66372 3.16315 2.06057 3.27579 2.54292 2.52099 12.5014
threshold=33.500000000000007 36.500000000000007 3.5349209757263877 0.17894173375208081 0.21110711455464756 0.16263780443994127 36.911023736079919 0.92248558382639023 26.410870144149744 2.0844848905668085 0.19521743906267966 2.6007864582671623 0.30606785590205898 4.6952170247517371
decision_type=2 2 2 2 2 2 2 2 2 2 2 2 2 2
left_child=7 2 -2 -4 5 -3 -7 8 -1 10 -9 -11 -13 -14
right_child=1 4 3 -5 -6 6 -8 9 -10 11 -12 12 13 -15
leaf_value=-0.032538023330271233 -0.038085814786609266 0.015498815808031294 -0.031919990479946127 0.019899218728144964 0.029469433203339581 -0.027508798169179095 0.0019380549796753459 0.036536307497458016 0.0055379137707253301 -0.02233442963862961 -0.001238745947678884 0.00019116107058677532 0.060941272974014263 -0.0095128986765356631
leaf_weight=10.000000000000002 11.999999999999998 18 10.000000000000002 14.999999999999998 9.9999999999999982 18 18 11.000000000000002 11.999999999999998 10.999999999999998 11.999999999999998 179 10.000000000000002 17
leaf_count=10 12 18 10 15 10 18 18 11 12 11 12 179 10 17
internal_value=-1.13649e-10 -0.00360734 -0.0129119 -0.000828465 0.00177187 -0.00335731 -0.0127854 0.00139062 -0.0117693 0.00259695 0.0168276 0.00108863 0.00233938 0.0165812
internal_weight=363 101 37 25 64 54 36 262 22 240 23 217 206 27
internal_count=363 101 37 25 64 54 36 262 22 240 23 217 206 27
is_linear=0
shrinkage=0.05


Tree=290
num_leaves=15
num_cat=0
split_feature=0 0 2 2 1 0 1 2 0 0 0 3 3 3
split_gain=0.745602 1.07214 0.572024 1.7388 0.528634 1.8424 2.55847 2.22601 3.43901 2.96153 1.60065 1.40106 6.02728 3.83289
threshold=0.54912087009198185 0.42313774298843893 44.500000000000007 42.500000000000007 32.282707802799457 0.21468247736682336 33.822575691797404 35.500000000000007 0.16124299808971335 0.18020710728803527 0.3226562617822667 9.5014030073638089 11.777747910690712 5.7787937871708071
decision_type=2 2 2 2 2 2 2 2 2 2 2 2 2 2
left_child=1 2 3 4 10 6 -6 9 -9 -8 11 13 -13 -1
right_child=-2 -3 -4 -5 5 -7 7 8 -10 -11 -12 12 -14 -15
leaf_value=-0.00017349242199478406 -0.010223128208342721 0.013576828042666118 -0.011301144009286708 0.020816291421651839 -0.024735925023754438 0.015731617401946674 0.0243918118466224 0.011837417036294933 -0.02407397633418441 -0.0045449485303834082 -0.015354153301034654 -0.02837361733173667 0.0038869793929562379 0.020193513155435074
leaf_weight=77 17 14.999999999999998 10.999999999999998 9.9999999999999982 14.999999999999998 10.999999999999998 13.999999999999998 10.000000000000002 20 24 13.999999999999998 18 74 33
leaf_count=77 17 15 11 10 15 11 14 10 20 24 14 18 74 33
internal_value=-9.19857e-11 0.000502292 -9.02093e-05 0.000295167 -0.000366805 -0.0034967 -0.00604503 -0.00192204 -0.0121035 0.00611596 0.000995279 0.00212841 -0.00242488 0.00593661
internal_weight=363 346 331 320 310 94 83 68 30 38 216 202 92 110
internal_count=363 346 331 320 310 94 83 68 30 38 216 202 92 110
is_linear=0
shrinkage=0.05


Tree=291
num_leaves=15
num_cat=0
split_feature=0 1 1 0 3 3 3 1 1 1 1 2 3 3
split_gain=0.686612 0.611842 2.51695 7.69527 2.32457 6.16073 3.0541 5.66677 3.79734 2.89226 1.33067 5.25293 2.19452 6.92514
threshold=0.58188918547082713 32.282707802799457 33.822575691797404 0.19074383441292053 11.628055157923695 7.4460065935752722 3.8652597532926829 42.545534002999283 42.233037606540698 40.522036302239904 30.323500659777761 30.500000000000004 9.5014030073638089 11.472476557958872
decision_type=2 2 2 2 2 2 2 2 2 2 2 2 2 2
left_child=1 10 3 -3 5 6 7 -4 -8 -6 12 -12 -1 -14
right_child=-2 2 4 -5 9 -7 8 -9 -10 -11 11 -13 13 -15
leaf_value=0.0051341003094884487 -0.012919922173023225 -0.050207677781581861 0.032456325420311523 0.0091808752777675796 -0.024323236547848761 0.037079092860221867 -0.036375086212700053 -0.0099580071866512306 0.0051708380607041445 0.0057994563877582549 -0.011168803358616837 0.030189530102207381 -0.036409196605285014 0.00076593342849886736
leaf_weight=110 9.9999999999999982 10.000000000000002 13.999999999999998 11.999999999999998 17 12.999999999999998 11.000000000000002 18 10.999999999999998 14.999999999999998 14.000000000000002 17 14.999999999999998 76
leaf_count=110 10 10 14 12 17 13 11 18 11 15 14 17 15 76
internal_value=6.21844e-11 0.000366004 -0.00251639 -0.0178139 0.000883058 0.006178 -0.00126115 0.00859826 -0.0156021 -0.0102032 0.00186932 0.0115116 0.000382209 -0.00536184
internal_weight=363 353 121 22 99 67 54 32 22 32 232 31 201 91
internal_count=363 353 121 22 99 67 54 32 22 32 232 31 201 91
is_linear=0
shrinkage=0.05


Tree=292
num_leaves=15
num_cat=0
split_feature=3 0 0 3 1 1 2 2 2 1 4 1 2 3
split_gain=0.687873 6.02593 2.91999 1.7265 1.1152 3.41265 2.01436 2.79011 1.57466 1.58391 5.23453 4.75075 8.32354 6.23364
threshold=3.3967898297969961 0.57093510892922505 0.44399541217732608 57.026840546185205 45.492068763775279 41.701617533799812 41.500000000000007 38.500000000000007 35.500000000000007 26.410870144149744 16.500000000000004 27.51587185798542 26.500000000000004 17.215124489346362
decision_type=2 2 2 2 2 2 2 2 2 2 2 2 2 2
left_child=2 3 -1 4 5 6 7 8 9 -2 11 -11 -13 -14
right_child=1 -3 -4 -5 -6 -7 -8 -9 -10 10 -12 12 13 -15
leaf_value=-0.00036516357855550179 -0.0032828068391055516 0.039404094368219379 -0.026675612727801008 -0.020528541728854183 -0.01358050755583323 0.023748043784871699 -0.018525512356843268 0.026835193783044817 -0.014332592301070691 0.03964615312333291 -0.019314009882509711 -0.022850745631491438 0.034079735081953305 -0.011374334990978242
leaf_weight=87 92 9.9999999999999982 11.999999999999998 9.9999999999999982 12.999999999999998 15.999999999999998 13.999999999999998 9.9999999999999982 18 12.999999999999998 15.999999999999998 17 24 10.999999999999998
leaf_count=87 92 10 12 10 13 16 14 10 18 13 16 17 24 11
internal_value=9.00535e-11 0.00133287 -0.00355431 -0.000166001 0.000668529 0.00147042 -0.000187447 0.00108983 -0.000258093 0.00120631 0.00630505 0.0126113 0.00585256 0.0197942
internal_weight=363 264 99 254 244 231 215 201 191 173 81 65 52 35
internal_count=363 264 99 254 244 231 215 201 191 173 81 65 52 35
is_linear=0
shrinkage=0.05


Tree=293
num_leaves=15
num_cat=0
split_feature=0 1 0 3 3 3 3 2 1 1 0 1 1 0
split_gain=0.784033 1.0513 3.35481 2.77116 6.50184 5.19033 4.08517 3.31139 4.3739 3.8893 2.9763 4.6064 10.6134 2.49187
threshold=0.54912087009198185 29.297878120741139 0.40240213113500939 5.7787937871708071 7.2281644020070717 3.2669359738780983 0.92248558382639023 26.500000000000004 27.061188289243734 18.539307659641469 0.19195746472838551 22.914236907170523 26.085739572378152 0.14241435813816225
decision_type=2 2 2 2 2 2 2 2 2 2 2 2 2 2
left_child=1 2 3 5 -5 6 -1 9 -9 -6 -11 -12 -13 -3
right_child=-2 13 -4 4 7 -7 -8 8 -10 10 11 12 -14 -15
leaf_value=-0.022031446343118495 -0.010483288677299724 -0.024300533160567284 0.028702469294269881 0.039328877971722534 0.025722552202641965 -0.026586330377242784 0.013929590636066028 -0.003728405535221099 0.043036419451236728 0.0040382083312704648 -0.041219092103151174 0.034364783465862268 -0.035381155833601956 -0.00064484144427946635
leaf_weight=10.999999999999998 17 11.999999999999998 11.999999999999998 12.999999999999998 9.9999999999999982 22 28 10.000000000000002 9.9999999999999982 29 12.999999999999998 10.000000000000002 11.999999999999998 154
leaf_count=11 17 12 12 13 10 22 28 10 10 29 13 10 12 154
internal_value=-3.54057e-11 0.000515075 0.00316182 0.00133749 0.00618612 -0.00716749 0.00378673 0.00160255 0.019654 -0.00327623 -0.00780728 -0.0176221 -0.00367846 -0.00235489
internal_weight=363 346 180 168 107 61 39 94 20 74 64 35 22 166
internal_count=363 346 180 168 107 61 39 94 20 74 64 35 22 166
is_linear=0
shrinkage=0.05


Tree=294
num_leaves=15
num_cat=0
split_feature=0 1 0 3 3 3 3 2 1 1 0 1 1 1
split_gain=0.70759 0.948795 3.02772 2.50097 5.86791 4.68427 3.68687 2.98853 3.94744 3.51009 2.68611 4.15727 9.57863 2.3257
threshold=0.54912087009198185 29.297878120741139 0.40240213113500939 5.7787937871708071 7.2281644020070717 3.2669359738780983 0.92248558382639023 26.500000000000004 27.061188289243734 18.539307659641469 0.19195746472838551 22.914236907170523 26.085739572378152 21.825108049454268
decision_type=2 2 2 2 2 2 2 2 2 2 2 2 2 2
left_child=1 2 3 5 -5 6 -1 9 -9 -6 -11 -12 -13 -7
right_child=-2 -3 -4 4 7 13 -8 8 -10 10 11 12 -14 -15
leaf_value=-0.020929874479770662 -0.0099591240286827087 -0.0022371466211267717 0.027267346531152727 0.037362433568789412 0.02443642370402813 -0.0074485747935250368 0.013233111160142081 -0.003541985377669333 0.04088459730148316 0.0038362978507989441 -0.039158138403525722 0.032646542489528647 -0.033612096992631756 -0.040097380367418133
leaf_weight=10.999999999999998 17 166 11.999999999999998 12.999999999999998 9.9999999999999982 10.000000000000002 28 10.000000000000002 9.9999999999999982 29 12.999999999999998 10.000000000000002 11.999999999999998 11.999999999999998
leaf_count=11 17 166 12 13 10 10 28 10 10 29 13 10 12 12
internal_value=-4.48343e-11 0.000489321 0.00300373 0.00127061 0.00587681 -0.00680911 0.0035974 0.00152242 0.0186713 -0.00311241 -0.00741692 -0.016741 -0.00349453 -0.025257
internal_weight=363 346 180 168 107 61 39 94 20 74 64 35 22 22
internal_count=363 346 180 168 107 61 39 94 20 74 64 35 22 22
is_linear=0
shrinkage=0.05


Tree=295
num_leaves=15
num_cat=0
split_feature=3 0 0 3 4 0 3 2 0 0 0 2 2 2
split_gain=0.688418 5.72938 2.82593 3.41309 1.93594 3.30186 2.47925 2.46833 1.80461 1.52924 1.30344 3.16684 1.01869 3.64375
threshold=3.3967898297969961 0.57093510892922505 0.3226562617822667 2.2212467332768884 7.5000000000000009 0.20964796142968531 0.64656333150466272 31.500000000000004 0.3795318053144498 0.18595656632554727 0.24516384365908575 15.500000000000002 14.500000000000002 17.500000000000004
decision_type=2 2 2 2 2 2 2 2 2 2 2 2 2 2
left_child=2 8 4 -4 -1 6 -6 -8 10 -9 12 -12 -2 -14
right_child=1 -3 3 -5 5 -7 7 9 -10 -11 11 -13 13 -15
leaf_value=-0.015158626462022465 0.011076462222263217 0.038456010594964035 0.0022138899564743035 -0.037337752431631087 0.019819943674586036 0.027260972186923027 0.0070282053859794845 -0.031465412134473965 -0.019936640086499129 -0.0044494329765439036 -0.0068996954709291437 0.032892522215843205 -0.029323946108872241 0.0002578229900238287
leaf_weight=14.999999999999998 18 9.9999999999999982 10.000000000000002 11.999999999999998 10.999999999999998 12.999999999999998 17 11.000000000000002 10.999999999999998 9.9999999999999982 10.000000000000002 9.9999999999999982 10.999999999999998 194
leaf_count=15 18 10 10 12 11 13 17 11 11 10 10 10 11 194
internal_value=7.14527e-11 0.00133339 -0.00355572 -0.0193597 0.000959718 0.00485932 -0.00108398 -0.00713512 -0.000128127 -0.0186007 0.000768555 0.0129964 -0.000328114 -0.00132949
internal_weight=363 264 99 22 77 62 49 38 254 21 243 20 223 205
internal_count=363 264 99 22 77 62 49 38 254 21 243 20 223 205
is_linear=0
shrinkage=0.05


Tree=296
num_leaves=15
num_cat=0
split_feature=0 0 0 0 3 3 2 2 0 3 2 2 3 3
split_gain=0.726796 0.900225 0.583117 2.81794 2.14935 4.11205 3.85001 4.68738 2.92326 2.17905 2.55677 2.01869 2.57253 5.90546
threshold=0.54912087009198185 0.42313774298843893 0.17262606224361707 0.16733160327045243 1.7533887276724069 3.5349209757263877 36.500000000000007 25.500000000000004 0.15288386996083905 7.3608976471372758 14.500000000000002 42.500000000000007 24.620985406743042 15.939136698757919
decision_type=2 2 2 2 2 2 2 2 2 2 2 2 2 2
left_child=1 2 3 4 -1 -6 7 9 -9 -7 -11 12 13 -4
right_child=-2 -3 11 -5 5 6 -8 8 -10 10 -12 -13 -14 -15
leaf_value=0.016665956820361316 -0.010093377179959243 0.012476440320412318 0.00048053293767107001 -0.025793345769246419 -0.031889282353222373 -0.011137013531600437 0.022688949340954424 -0.005327283658764578 -0.041779394854198806 0.03143944638696583 0.0014281135052442552 0.023485055267810823 -0.012284076247702946 0.038401724669066349
leaf_weight=15.999999999999998 17 14.999999999999998 154 11.999999999999998 10.999999999999998 14.999999999999998 15.999999999999998 11.000000000000002 10.999999999999998 11.000000000000002 20 9.9999999999999982 33 10.999999999999998
leaf_count=16 17 15 154 12 11 15 16 11 11 11 20 10 33 11
internal_value=8.32546e-11 0.000495917 -4.70065e-05 -0.00277607 -0.000287713 -0.00314307 0.000621318 -0.00457107 -0.0235533 0.00450741 0.0120773 0.00156681 0.000459831 0.00300861
internal_weight=363 346 331 123 111 95 84 68 22 46 31 208 198 165
internal_count=363 346 331 123 111 95 84 68 22 46 31 208 198 165
is_linear=0
shrinkage=0.05


Tree=297
num_leaves=15
num_cat=0
split_feature=0 1 0 0 1 1 3 3 3 0 2 0 0 3
split_gain=0.655933 0.854294 2.82042 2.37511 2.74921 2.56124 2.25862 2.06281 5.51359 4.05366 3.90259 2.70949 2.91006 5.80827
threshold=0.54912087009198185 29.297878120741139 0.40240213113500939 0.14241435813816225 30.286541006484825 30.899974818272863 0.92248558382639023 11.628055157923695 9.0939277547089663 0.19387667207569328 37.500000000000007 0.18020710728803527 0.17308977043471593 4.4018140353725554
decision_type=2 2 2 2 2 2 2 2 2 2 2 2 2 2
left_child=1 2 6 -3 -5 -6 -1 8 11 10 -9 12 13 -7
right_child=-2 3 -4 4 5 7 -8 9 -10 -11 -12 -13 -14 -15
leaf_value=-0.020718016949566931 -0.0095887068001662985 -0.023541353332499664 0.026275276268521948 -0.022447948730908909 0.02597252754494548 0.028300976902246467 0.0027188526152093322 -0.043080526404082768 0.03870092144235969 0.0105602198147348 -0.00078763492405414587 -0.0076605571971203271 0.031654924696142027 -0.023294776724651457
leaf_weight=10.999999999999998 17 11.999999999999998 11.999999999999998 12.999999999999998 9.9999999999999982 10.000000000000002 157 12.000000000000002 9.9999999999999982 13.999999999999998 9.9999999999999982 52 10.999999999999998 11.999999999999998
leaf_count=11 17 12 12 13 10 10 157 12 10 14 10 52 11 12
internal_value=-1.45471e-10 0.000471121 0.00285703 -0.00211601 -0.000446499 0.001582 0.0011843 -0.000279868 0.00358249 -0.0104722 -0.0238565 -0.000549087 0.0106569 0.000157839
internal_weight=363 346 180 166 154 141 168 131 95 36 22 85 33 22
internal_count=363 346 180 166 154 141 168 131 95 36 22 85 33 22
is_linear=0
shrinkage=0.05


Tree=298
num_leaves=15
num_cat=0
split_feature=3 0 0 0 0 2 0 1 3 3 1 0 1 1
split_gain=0.654611 5.45327 2.70737 1.72663 1.16551 2.85807 0.884501 3.08207 3.42271 4.7333 2.93488 2.36825 3.14393 3.76585
threshold=3.3967898297969961 0.57093510892922505 0.44399541217732608 0.3795318053144498 0.24516384365908575 15.500000000000002 0.15618500335845617 35.938140735315812 12.466369356555807 6.0888709215534069 22.846610087054945 0.17262606224361707 23.42369568755861 26.085739572378152
decision_type=2 2 2 2 2 2 2 2 2 2 2 2 2 2
left_child=2 3 -1 4 6 -6 7 8 9 -2 -11 -8 -13 -14
right_child=1 -3 -4 -5 5 -7 11 -9 -10 10 -12 12 13 -15
leaf_value=-0.00039646643610007467 0.015889188190075485 0.037517314255237577 -0.025730918099482854 -0.019501407647674735 -0.0065870333462953543 0.031215573102235796 -0.015828064746326871 0.026363722120340057 0.014569791914387184 -0.0076096981763839697 -0.044286035038530826 -0.021040484209855399 0.028638019785284997 3.1231421045958996e-05
leaf_weight=87 10.999999999999998 9.9999999999999982 11.999999999999998 10.999999999999998 10.000000000000002 9.9999999999999982 27 12.999999999999998 22 12.000000000000002 9.9999999999999982 14.999999999999998 12.999999999999998 100
leaf_count=87 11 10 12 11 10 10 27 13 22 12 10 15 13 100
internal_value=-5.13125e-12 0.00130024 -0.00346731 -0.000125628 0.000751465 0.0123143 -0.000285558 0.00446865 -0.00070655 -0.0108908 -0.0242808 -0.00237127 0.000467267 0.00332228
internal_weight=363 264 99 254 243 20 223 68 55 33 22 155 128 113
internal_count=363 264 99 254 243 20 223 68 55 33 22 155 128 113
is_linear=0
shrinkage=0.05


Tree=299
num_leaves=15
num_cat=0
split_feature=0 0 2 2 0 1 1 4 1 1 3 2 3 3
split_gain=0.676508 0.87363 0.556465 1.57274 0.505223 0.907267 5.03719 3.96319 2.44239 2.64519 1.8584 1.53609 1.59868 5.07028
threshold=0.54912087009198185 0.42313774298843893 44.500000000000007 42.500000000000007 0.3226562617822667 21.825108049454268 21.292607122520348 16.500000000000004 23.229002716043073 23.898154912944751 11.777747910690712 20.500000000000004 32.637913835117722 14.256261695895477
decision_type=2 2 2 2 2 2 2 2 2 2 2 2 2 2
left_child=1 2 3 4 5 6 7 10 -7 -10 -1 -11 13 -13
right_child=-2 -3 -4 -5 -6 8 -8 -9 9 11 -12 12 -14 -15
leaf_value=-0.024293630709871644 -0.009737934435115142 0.012280686497688294 -0.011113806475292552 0.019840318933129313 -0.0092573640743891395 -0.021516073814460211 0.036213044003075498 0.016081569325178863 0.023920317400585523 -0.019421788237311624 0.00065098149435860778 -0.0023308549569854122 -0.011531926015460934 0.020611649777354867
leaf_weight=16.000000000000004 17 14.999999999999998 10.999999999999998 9.9999999999999982 14.999999999999998 13.999999999999998 10.999999999999998 20 10.999999999999998 10.999999999999998 13.999999999999998 142 27 29
leaf_count=16 17 15 11 10 15 14 11 20 11 11 14 142 27 29
internal_value=3.79713e-11 0.000478453 -5.63909e-05 0.000323708 -0.00030586 0.000149301 0.00558017 -0.00115906 -0.00126644 2.21739e-05 -0.0126528 -0.00123562 -0.000225281 0.00155998
internal_weight=363 346 331 320 310 295 61 50 234 220 30 209 198 171
internal_count=363 346 331 320 310 295 61 50 234 220 30 209 198 171
is_linear=0
shrinkage=0.05


Tree=300
num_leaves=15
num_cat=0
split_feature=0 0 1 0 1 0 0 0 4 1 4 3 1 3
split_gain=0.610549 0.788451 0.53878 3.71862 2.41846 3.33675 2.61277 2.84904 3.15937 3.00359 2.52785 6.99119 3.01909 2.68307
threshold=0.54912087009198185 0.42313774298843893 26.410870144149744 0.3226562617822667 27.599451271789544 0.14241435813816225 0.15288386996083905 0.21468247736682336 13.500000000000002 28.941854964452411 15.500000000000002 5.6583401590461166 47.104645492170057 11.628055157923695
decision_type=2 2 2 2 2 2 2 2 2 2 2 2 2 2
left_child=1 2 3 -1 -4 -6 -7 9 -9 -8 12 -12 13 -11
right_child=-2 -3 4 -5 5 6 7 8 -10 10 11 -13 -14 -15
leaf_value=0.00015351980458945037 -0.0092510382918750533 0.0116666516661644 0.019038352215041719 -0.029096301520864173 -0.021984784258529545 0.021824847559134167 -0.027809792824766855 0.037394418567419041 -0.00065876779456933339 -0.00064153431282777879 -0.0097904809750616537 0.043476128561252901 0.021834540069103243 -0.018976104752190651
leaf_weight=115 17 14.999999999999998 18 11.999999999999998 15.999999999999998 14.999999999999998 10.999999999999998 10.000000000000002 11.999999999999998 56 14.000000000000002 10.999999999999998 9.9999999999999982 31
leaf_count=115 17 15 18 12 16 15 11 10 12 56 14 11 10 31
internal_value=-1.32579e-10 0.000454531 -5.35715e-05 -0.00261024 0.00153808 -0.000155493 0.00189903 -2.92764e-05 0.0166381 -0.00278629 -0.000530074 0.0136468 -0.00418392 -0.00717454
internal_weight=363 346 331 127 204 186 170 155 22 133 122 25 97 87
internal_count=363 346 331 127 204 186 170 155 22 133 122 25 97 87
is_linear=0
shrinkage=0.05


Tree=301
num_leaves=15
num_cat=0
split_feature=3 0 0 3 3 1 1 1 2 3 2 3 2 3
split_gain=0.582783 5.19942 2.56128 1.59176 1.13197 5.59917 1.89456 1.97628 1.61157 4.3058 4.35625 4.22425 5.5831 4.03027
threshold=3.3967898297969961 0.57093510892922505 0.44399541217732608 57.026840546185205 4.6952170247517371 28.941854964452411 18.539307659641469 20.677458910471447 27.500000000000004 9.6994016401493024 34.500000000000007 19.473373900185191 35.500000000000007 10.911498086901323
decision_type=2 2 2 2 2 2 2 2 2 2 2 2 2 2
left_child=2 3 -1 4 5 -2 -6 -8 13 10 -10 12 -11 -9
right_child=1 -3 -4 -5 6 -7 7 8 9 11 -12 -13 -14 -15
leaf_value=-0.0002847200840304809 -0.019396984353661533 0.036590896248817444 -0.024926133453845978 -0.019717253856360913 0.019652257995171982 0.027753846917082284 -0.021336173638701439 0.01530628188894215 -0.035629823472764756 0.037323397118598216 -0.0030904623369375868 -0.0088046283971878799 -0.0077931654329101256 -0.0055412219248103861
leaf_weight=87 10.000000000000002 9.9999999999999982 11.999999999999998 9.9999999999999982 10.999999999999998 17 11.999999999999998 44 18 16.000000000000004 24 31 11.999999999999998 49
leaf_count=87 10 10 12 10 11 17 12 44 18 16 24 31 12 49
internal_value=-4.93242e-11 0.00122683 -0.00327156 -0.000165452 0.000635852 0.0102906 -0.000565427 -0.00164501 -0.000427003 -0.00479995 -0.0170359 0.00391039 0.0179877 0.00432211
internal_weight=363 264 99 254 244 27 217 206 194 101 42 59 28 93
internal_count=363 264 99 254 244 27 217 206 194 101 42 59 28 93
is_linear=0
shrinkage=0.05


Tree=302
num_leaves=15
num_cat=0
split_feature=0 1 1 0 2 3 1 3 3 1 1 0 4 0
split_gain=0.630311 0.823711 2.90525 3.83718 3.27257 2.70296 6.77064 4.9108 5.40428 4.39003 7.89119 3.2587 2.46917 1.95651
threshold=0.54912087009198185 29.297878120741139 27.2740178447376 0.20781971510622008 27.500000000000004 9.9566196182131161 20.677458910471447 19.473373900185191 44.477308154870961 21.722439435253257 23.229002716043073 0.22046593595002537 10.500000000000002 0.14241435813816225
decision_type=2 2 2 2 2 2 2 2 2 2 2 2 2 2
left_child=1 2 4 -4 5 6 -1 11 -9 -8 -11 -7 -6 -3
right_child=-2 13 3 -5 12 7 9 8 -10 10 -12 -13 -14 -15
leaf_value=-0.010330501944689012 -0.0093995642574394456 -0.021524425471822421 -0.00081485456062687766 0.031832994106743076 -0.034771159494465041 -0.034674395679030565 0.048864445005628199 0.038912811428308478 -0.0099784471381169099 -0.012580608995631338 0.037078193016350271 -0.00020606008668740594 -0.0019750531762838365 -0.00056330747751204616
leaf_weight=27 17 11.999999999999998 18 18 11.000000000000002 16.000000000000004 10.999999999999998 10.000000000000002 12.999999999999998 15.999999999999998 15.999999999999998 11.999999999999998 11.999999999999998 154
leaf_count=27 17 12 18 18 11 16 11 10 13 16 16 12 12 154
internal_value=1.69973e-11 0.000461828 0.00280464 0.0155091 -0.000371468 0.00291481 0.00929352 -0.00584029 0.0112786 0.0216156 0.0122488 -0.0199023 -0.0176601 -0.00207857
internal_weight=363 346 180 36 144 121 70 51 23 43 32 28 23 166
internal_count=363 346 180 36 144 121 70 51 23 43 32 28 23 166
is_linear=0
shrinkage=0.05


Tree=303
num_leaves=15
num_cat=0
split_feature=0 0 3 3 1 4 1 1 3 1 0 1 4 1
split_gain=0.568856 0.759344 0.545762 0.596921 0.985617 3.3071 3.42658 1.56894 3.77062 2.155 2.66567 3.8432 2.24687 4.13111
threshold=0.54912087009198185 0.42313774298843893 50.459511696747882 43.080056130539823 20.677458910471447 10.500000000000002 18.539307659641469 21.825108049454268 7.837362471693905 23.41856220926427 0.22211295444658147 25.687046228719613 16.500000000000004 31.562526241220798
decision_type=2 2 2 2 2 2 2 2 2 2 2 2 2 2
left_child=1 2 3 4 5 -1 -7 8 -6 -9 12 -12 -11 -14
right_child=-2 -3 -4 -5 7 6 -8 9 -10 10 11 -13 13 -15
leaf_value=0.010384951879580816 -0.0089295865420032962 0.01144195502003034 0.0092588031416138018 -0.011440070408085984 0.031229000051434214 -0.00032874416898597361 -0.039794388684359472 -0.016837533542679417 -0.0096093803644180312 0.001608890315802199 0.040546085014939295 0.00052942812442779541 -0.036090923162798091 0.0003795073706318032
leaf_weight=14.999999999999998 17 14.999999999999998 14.999999999999998 11.999999999999998 13.000000000000002 11.000000000000002 10.999999999999998 18 9.9999999999999982 167 10.000000000000002 14.999999999999998 11.999999999999998 22
leaf_count=15 17 15 15 12 13 11 11 18 10 167 10 15 12 22
internal_value=1.46882e-11 0.000438737 -5.98983e-05 -0.000502242 -7.04854e-05 -0.00771838 -0.0200616 0.000989336 0.0134732 -0.00018742 0.00113869 0.0165361 -0.000776404 -0.0124924
internal_weight=363 346 331 316 304 37 22 267 23 244 226 25 201 34
internal_count=363 346 331 316 304 37 22 267 23 244 226 25 201 34
is_linear=0
shrinkage=0.05


Tree=304
num_leaves=15
num_cat=0
split_feature=3 0 0 3 1 1 2 2 4 3 2 4 3 4
split_gain=0.549894 4.94445 2.38762 1.46303 1.08178 2.89932 1.72556 2.56679 1.42658 1.77492 4.26794 2.66027 4.22858 8.92822
threshold=3.3967898297969961 0.57093510892922505 0.44399541217732608 57.026840546185205 45.492068763775279 41.701617533799812 41.500000000000007 38.500000000000007 17.500000000000004 4.6952170247517371 35.500000000000007 14.500000000000002 6.6034504521373156 12.500000000000002
decision_type=2 2 2 2 2 2 2 2 2 2 2 2 2 2
left_child=2 3 -1 4 5 6 7 8 9 -2 11 12 -11 -14
right_child=1 -3 -4 -5 -6 -7 -8 -9 -10 10 -12 -13 13 -15
leaf_value=-0.00029409977034719172 0.012875275882451158 0.035677809044718747 -0.024085481837391856 -0.018910571299493313 -0.013431686793382353 0.021925892867147925 -0.017108754813671113 0.025739659667015077 0.014044153576833196 -0.019889960933805392 -0.031959576555527745 -0.012694297539484171 0.0014691300690174104 0.049512325261126866
leaf_weight=87 19 9.9999999999999982 11.999999999999998 9.9999999999999982 12.999999999999998 15.999999999999998 13.999999999999998 9.9999999999999982 15.999999999999998 17 11.999999999999998 36 80 10.999999999999998
leaf_count=87 19 10 12 10 13 16 14 10 16 17 12 36 80 11
internal_value=5.13767e-11 0.00119171 -0.0031779 -0.000166006 0.000602214 0.001392 -0.000136104 0.00104607 -0.000246787 -0.00155339 -0.00331072 -0.00092332 0.00300034 0.00727655
internal_weight=363 264 99 254 244 231 215 201 191 175 156 144 108 91
internal_count=363 264 99 254 244 231 215 201 191 175 156 144 108 91
is_linear=0
shrinkage=0.05


Tree=305
num_leaves=15
num_cat=0
split_feature=0 1 0 3 4 1 0 2 1 4 1 2 4 3
split_gain=0.600721 0.780644 2.73809 2.04996 1.82993 1.99778 4.7922 4.82553 4.36833 3.89228 3.69288 2.8851 2.56841 2.67128
threshold=0.54912087009198185 29.297878120741139 0.40240213113500939 0.92248558382639023 17.500000000000004 23.229002716043073 0.20549315712503965 26.500000000000004 21.825108049454268 10.500000000000002 20.677458910471447 16.500000000000004 7.5000000000000009 12.713098910675667
decision_type=2 2 2 2 2 2 2 2 2 2 2 2 2 2
left_child=1 2 3 -1 5 8 12 -8 9 11 -11 -5 -7 -14
right_child=-2 -3 -4 4 -6 6 7 -9 -10 10 -12 -13 13 -15
leaf_value=-0.019782652434977621 -0.0091762832639848482 -0.0020222368589125528 0.025805530572930974 0.033193969437464443 0.019154133132154433 0.013004423520312862 0.0025177937414911059 0.040256377588957552 -0.03028466749404158 -0.028644161274035768 0.007061909112547126 -0.00080441480072645046 -0.030367048199360182 0.0011086792363909938
leaf_weight=10.999999999999998 17 166 11.999999999999998 12.000000000000002 14.999999999999998 12.999999999999998 18 15.999999999999998 13.999999999999998 15.000000000000002 13.999999999999998 12.999999999999998 13.000000000000002 13.999999999999998
leaf_count=11 17 166 12 12 15 13 18 16 14 15 14 13 13 14
internal_value=-6.98452e-11 0.000450858 0.0027316 0.00108346 0.00254542 0.000790978 0.00647608 0.0202771 -0.00539575 0.00105694 -0.0114067 0.0155148 -0.00525482 -0.0140463
internal_weight=363 346 180 168 157 142 74 34 68 54 29 25 40 27
internal_count=363 346 180 168 157 142 74 34 68 54 29 25 40 27
is_linear=0
shrinkage=0.05


Tree=306
num_leaves=15
num_cat=0
split_feature=0 1 1 2 0 3 4 4 1 3 0 3 0 0
split_gain=0.542151 0.704531 2.4865 3.39786 3.1149 2.53742 3.19174 2.39122 2.38947 2.82135 5.74878 6.00062 2.53537 1.82464
threshold=0.54912087009198185 29.297878120741139 27.2740178447376 27.500000000000004 0.20781971510622008 1.561530289950378 7.5000000000000009 10.500000000000002 18.081072531560785 9.9566196182131161 0.2242568592556636 6.3995348260672058 0.18430426923396026 0.14241435813816225
decision_type=2 2 2 2 2 2 2 2 2 2 2 2 2 2
left_child=1 2 3 5 -4 -1 -7 -5 -8 10 11 -10 -11 -3
right_child=-2 13 4 7 -6 6 8 -9 9 12 -12 -13 -14 -15
leaf_value=0.025902025807987561 -0.0087174679426585931 -0.02070018518716097 -0.00035930369049310686 -0.034798583456061093 0.029055839942561258 0.014311911670431013 0.015927668653118114 -0.0025242701172828678 -0.0067497857535878799 -0.039905269294977189 -0.024850078614858481 0.045693383812904359 -0.009541569414961322 -0.00045782143746006803
leaf_weight=10.999999999999998 17 11.999999999999998 18 11.000000000000002 18 31 11.999999999999998 11.999999999999998 12.000000000000002 9.9999999999999982 12.999999999999998 9.9999999999999982 22 154
leaf_count=11 17 12 18 11 18 31 12 12 12 10 13 10 22 154
internal_value=1.40484e-10 0.000428315 0.00259502 -0.000343291 0.0143483 0.0030053 0.000715631 -0.0179598 -0.00461962 -0.00829973 0.00151101 0.017088 -0.0190302 -0.00192112
internal_weight=363 346 180 144 36 121 110 23 79 67 35 22 32 166
internal_count=363 346 180 144 36 121 110 23 79 67 35 22 32 166
is_linear=0
shrinkage=0.05


Tree=307
num_leaves=15
num_cat=0
split_feature=3 0 3 4 0 0 4 2 3 2 2 4 0 2
split_gain=0.511092 3.40832 2.52396 3.32636 3.97028 2.98213 2.44976 2.33946 2.21909 2.43594 1.18201 1.36441 2.61998 2.96444
threshold=2.5304493958105314 0.57834252654114304 2.0462993918630548 15.500000000000002 0.16733160327045243 0.20437523707108782 6.5000000000000009 25.500000000000004 3.8652597532926829 30.500000000000004 41.500000000000007 17.500000000000004 0.13625686927658084 21.500000000000004
decision_type=2 2 2 2 2 2 2 2 2 2 2 2 2 2
left_child=2 6 3 4 -1 -6 7 -2 9 -8 11 12 13 -10
right_child=1 -3 -4 -5 5 -7 8 -9 10 -11 -12 -13 -14 -15
leaf_value=0.034688878330317412 0.0016059898517348547 0.029617701768875123 -0.022020679749548439 -0.016748674006925691 -0.021048184822906144 0.012362967124756645 -0.0021733450201841496 -0.029724386248451015 -0.0017740428913384674 0.026578631602665961 -0.01195742826908827 0.015294706725204985 0.0019484501408485986 -0.036477093771100047
leaf_weight=10.999999999999998 11.000000000000002 9.9999999999999982 14.999999999999998 18 11.000000000000002 17 13.000000000000002 12.999999999999998 16.000000000000004 17 20 14.999999999999998 166 9.9999999999999982
leaf_count=11 11 10 15 18 11 17 13 13 16 17 20 15 166 10
internal_value=3.59508e-11 0.000933224 -0.00377178 0.00103056 0.00923636 -0.000762843 -8.75756e-05 -0.0153646 0.00133908 0.0141194 -0.00034996 0.000771535 -0.000363088 -0.0151214
internal_weight=363 291 72 57 39 28 281 24 257 30 227 207 192 26
internal_count=363 291 72 57 39 28 281 24 257 30 227 207 192 26
is_linear=0
shrinkage=0.05


Tree=308
num_leaves=15
num_cat=0
split_feature=0 4 2 0 0 0 0 1 1 4 3 3 4 2
split_gain=0.548726 0.427193 1.42031 1.18599 0.831257 0.988861 1.83308 2.56987 3.60785 4.75669 3.57277 3.06219 5.57885 2.48137
threshold=0.58188918547082713 6.5000000000000009 29.500000000000004 0.40240213113500939 0.12164969000977628 0.19696634327407156 0.20263218458347004 23.229002716043073 24.515584642364853 15.500000000000002 7.3608976471372758 10.569099595347817 11.500000000000002 29.500000000000004
decision_type=2 2 2 2 2 2 2 2 2 2 2 2 2 2
left_child=1 2 -1 4 -3 -6 -7 10 -9 11 -8 13 -13 -10
right_child=-2 3 -4 -5 5 6 7 8 9 -11 -12 12 -14 -15
leaf_value=-0.015641196613432839 -0.011549992859363556 -0.0086680104956030849 0.0057747117429971699 0.016290042052666345 0.0036104734309497784 -0.021808992732654922 0.0042568039806450122 0.029734384765227634 0.041349521875381462 -0.017908013736208282 -0.028159481725272013 -0.031007898300886145 0.01955860337863366 0.0076257183216512205
leaf_weight=16.000000000000004 9.9999999999999982 24 14.999999999999998 11.999999999999998 161 10.999999999999998 17 11.999999999999998 10.000000000000002 24 17 10.000000000000002 11.999999999999998 11.999999999999998
leaf_count=16 10 24 15 12 161 11 17 12 10 24 17 10 12 12
internal_value=5.17936e-11 0.000327195 -0.00527866 0.000866889 0.000269864 0.0010199 -0.00231677 -0.00043594 0.0044581 -2.4152e-06 -0.0119513 0.00976427 -0.00342617 0.0229547
internal_weight=363 353 31 322 310 286 125 114 80 68 34 44 22 22
internal_count=363 353 31 322 310 286 125 114 80 68 34 44 22 22
is_linear=0
shrinkage=0.05


Tree=309
num_leaves=15
num_cat=0
split_feature=3 0 4 1 3 0 3 3 1 0 0 2 0 4
split_gain=0.567491 4.5648 2.50074 4.32655 2.72305 2.08855 5.73182 1.40175 1.35526 0.922748 1.15321 4.43485 5.52182 3.84768
threshold=3.3967898297969961 0.57093510892922505 7.5000000000000009 27.871677752105899 0.78527408871518556 0.1551028605827689 1.6305437930720068 57.026840546185205 32.095940826563201 0.30606785590205898 0.19696634327407156 29.500000000000004 0.20875567200643 15.500000000000002
decision_type=2 2 2 2 2 2 2 2 2 2 2 2 2 2
left_child=2 7 3 -1 -4 -6 -7 9 -8 10 13 12 -12 -2
right_child=1 -3 4 -5 5 6 8 -9 -10 -11 11 -13 -14 -15
leaf_value=0.0018335582164581863 -0.0011561516174871443 0.034346306547522541 0.018648100685742169 -0.037000103810658824 -0.022210451525946459 -0.029158935899084266 0.0003646494820713996 -0.018441723175346852 0.022311177510110775 0.012672068973382314 0.035067702050913467 -0.021048879330711708 -0.0042076629276076956 0.020453641882166265
leaf_weight=16.000000000000004 117 9.9999999999999982 18 12.999999999999998 11.999999999999998 10.999999999999998 12.000000000000002 9.9999999999999982 17 14.999999999999998 10.999999999999998 28 48 25
leaf_count=16 117 10 18 13 12 11 12 10 17 15 11 28 48 25
internal_value=-1.39314e-10 0.00121063 -0.00322835 -0.0155746 0.00188654 -0.00391554 0.00157294 -9.39237e-05 0.0132299 0.000658035 -0.00012891 -0.00466197 0.00311486 0.00264839
internal_weight=363 264 99 29 70 52 40 254 29 244 229 87 59 142
internal_count=363 264 99 29 70 52 40 254 29 244 229 87 59 142
is_linear=0
shrinkage=0.05


Tree=310
num_leaves=15
num_cat=0
split_feature=0 0 3 3 1 1 2 3 2 4 1 1 1 0
split_gain=0.612 0.651734 0.589646 1.85136 1.66338 2.06861 3.64267 2.86595 2.53242 1.75475 2.70972 1.35999 4.13189 3.00542
threshold=0.54912087009198185 0.42313774298843893 35.214040636101437 25.190632671402948 20.677458910471447 21.825108049454268 18.500000000000004 16.615502785955751 20.500000000000004 10.500000000000002 18.539307659641469 38.869465940368364 41.701617533799812 0.14129469163694955
decision_type=2 2 2 2 2 2 2 2 2 2 2 2 2 2
left_child=1 2 3 4 9 6 -6 8 -7 -1 -11 13 -13 -10
right_child=-2 -3 -4 -5 5 7 -8 -9 11 10 -12 12 -14 -15
leaf_value=0.0046736581322665404 -0.0092620267806684271 0.010648855467637381 0.0060341505023340384 -0.015840802949510121 0.036735328388485027 -0.021868381862129485 -0.0039556774903427468 0.020022839702227537 0.023838328085839751 -0.00094872264360839644 -0.036044172062115236 -0.035661309361457831 0.00036418656102166729 0.00014241601513218015
leaf_weight=12.999999999999998 17 14.999999999999998 36 19 11.000000000000002 13.999999999999998 10.999999999999998 17 14.999999999999998 11.000000000000002 10.999999999999998 9.9999999999999982 39 124
leaf_count=13 17 15 36 19 11 14 11 17 15 11 11 10 39 124
internal_value=8.51788e-11 0.000455071 -6.88322e-06 -0.000744094 0.000295172 0.00177441 0.0163898 0.00030619 -0.00135313 -0.00989041 -0.0184964 0.000174599 -0.00698796 0.00269953
internal_weight=363 346 331 295 276 241 22 219 202 35 22 188 49 139
internal_count=363 346 331 295 276 241 22 219 202 35 22 188 49 139
is_linear=0
shrinkage=0.05


Tree=311
num_leaves=15
num_cat=0
split_feature=0 1 0 3 0 0 1 3 2 2 4 4 3 1
split_gain=0.55233 0.59534 2.23412 2.07509 1.6147 2.36808 3.3961 2.47412 3.72421 3.73694 2.94457 2.87293 1.71314 1.55013
threshold=0.54912087009198185 29.297878120741139 0.40240213113500939 0.92248558382639023 0.14241435813816225 0.19696634327407156 31.562526241220798 11.628055157923695 32.500000000000007 42.500000000000007 14.500000000000002 13.500000000000002 4.8300052250568335 28.142341287977164
decision_type=2 2 2 2 2 2 2 2 2 2 2 2 2 2
left_child=1 2 3 -1 -3 7 -7 8 -6 10 -10 -9 -8 -5
right_child=-2 4 -4 13 5 6 12 11 9 -11 -12 -13 -14 -15
leaf_value=-0.020058328997005118 -0.0087989254251999004 -0.0193931066741546 0.023266592621803285 0.00091341919380485905 0.026253151696767996 -0.031056429789616515 0.0092702160405583288 -0.02034375841418902 0.0078037822710987376 0.025891318110128243 -0.020033013801041402 0.01308153361082077 -0.011225861175493762 0.018941545314513721
leaf_weight=10.999999999999998 17 11.999999999999998 11.999999999999998 144 22 12.999999999999998 19 18.000000000000004 19 11.999999999999998 19 9.9999999999999982 22 12.999999999999998
leaf_count=11 17 12 12 144 22 13 19 18 19 12 19 10 22 13
internal_value=-1.51372e-10 0.000432317 0.00242406 0.000935303 -0.0017274 -0.000350851 -0.0087883 0.00420537 0.00910986 0.00156681 -0.00611462 -0.00840615 -0.00172768 0.00240619
internal_weight=363 346 180 168 166 154 54 100 72 50 38 28 41 157
internal_count=363 346 180 168 166 154 54 100 72 50 38 28 41 157
is_linear=0
shrinkage=0.05


Tree=312
num_leaves=15
num_cat=0
split_feature=3 0 0 0 4 3 1 4 0 2 5 0 2 0
split_gain=0.521355 4.35673 2.34981 1.51773 1.01535 2.95085 2.46311 1.12523 2.99035 5.63286 3.68667 2.65671 2.69256 5.31185
threshold=3.3967898297969961 0.57093510892922505 0.44399541217732608 0.3795318053144498 7.5000000000000009 13.166052494933639 23.717056895400408 11.500000000000002 0.21110711455464756 21.500000000000004 1.0000000180025095e-35 0.21110711455464756 33.500000000000007 0.15072376617313146
decision_type=2 2 2 2 2 2 2 2 2 2 2 2 2 2
left_child=2 3 -1 4 5 6 -2 8 9 -6 -11 12 13 -9
right_child=1 -3 -4 -5 7 -7 -8 11 -10 10 -12 -13 -14 -15
leaf_value=-0.00023345967872475073 0.0028803332493855397 0.033532038256525995 -0.023835710001488528 -0.018280024420131335 0.014114924733127868 -0.0085197871660484988 0.033659374695987655 -0.0092328011582139876 0.011825362987378065 -0.012940849581112466 -0.049075283557176594 -0.0096033588152479483 -0.0021660039771576318 0.025872605734956311
leaf_weight=87 13.000000000000002 9.9999999999999982 11.999999999999998 10.999999999999998 13.999999999999998 17 12.999999999999998 15.999999999999998 17 24 9.9999999999999982 37 49 33
leaf_count=87 13 10 12 11 14 17 13 16 17 24 10 37 49 33
internal_value=4.00879e-11 0.00116038 -0.00309434 -0.000114098 0.000708228 0.0076786 0.0182699 -0.000790402 -0.00619528 -0.0125776 -0.0235686 0.00181195 0.00612181 0.0144096
internal_weight=363 264 99 254 243 43 26 200 65 48 34 135 98 49
internal_count=363 264 99 254 243 43 26 200 65 48 34 135 98 49
is_linear=0
shrinkage=0.05


Tree=313
num_leaves=15
num_cat=0
split_feature=0 0 3 2 3 1 3 2 2 3 3 1 3 0
split_gain=0.565537 0.628252 0.621876 1.8964 2.09651 1.80857 1.75687 4.37349 4.21058 3.70475 6.20234 3.06997 2.8858 4.65438
threshold=0.54912087009198185 0.42313774298843893 35.214040636101437 43.500000000000007 25.190632671402948 20.677458910471447 14.256261695895477 18.500000000000004 22.500000000000004 11.628055157923695 10.375191108475454 27.2740178447376 6.0888709215534069 0.17419369017258088
decision_type=2 2 2 2 2 2 2 2 2 2 2 2 2 2
left_child=1 2 3 4 5 -1 7 -7 -9 10 12 -8 -10 -14
right_child=-2 -3 -4 -5 -6 6 11 8 9 -11 -12 -13 13 -15
leaf_value=-0.0094949936241443683 -0.0089035009417463753 0.010445916155974072 0.0061878399354302225 -0.021142996576699345 -0.017009346515816801 0.024506023608975941 -0.0035612385720014566 -0.028750098955172762 0.0042652724170843736 -0.0248773765248748 0.039103336429054086 0.028056378706413157 -0.039159685237841177 -0.00036084799525829464
leaf_weight=35 17 14.999999999999998 36 10.999999999999998 17 18 14.000000000000002 12.999999999999998 109 12.999999999999998 10.999999999999998 17 10.999999999999998 26
leaf_count=35 17 15 36 11 17 18 14 13 109 13 11 17 11 26
internal_value=-4.28139e-11 0.000437455 -1.61004e-05 -0.000773191 1.57799e-05 0.00109978 0.00269813 0.000989373 -0.00132374 0.00077357 0.00289753 0.0137775 0.000169699 -0.0118956
internal_weight=363 346 331 295 284 267 232 201 183 170 157 31 146 37
internal_count=363 346 331 295 284 267 232 201 183 170 157 31 146 37
is_linear=0
shrinkage=0.05


Tree=314
num_leaves=15
num_cat=0
split_feature=0 1 0 3 4 3 3 3 4 1 1 3 1 1
split_gain=0.510397 0.574761 2.09522 1.84436 1.51441 1.8903 3.09389 4.3076 3.53449 2.29242 3.12845 2.05335 2.05656 2.01772
threshold=0.54912087009198185 29.297878120741139 0.40240213113500939 0.92248558382639023 17.500000000000004 2.0844848905668085 5.7787937871708071 7.2281644020070717 14.500000000000002 26.410870144149744 23.717056895400408 3.2669359738780983 21.825108049454268 21.366728064836511
decision_type=2 2 2 2 2 2 2 2 2 2 2 2 2 2
left_child=1 2 3 -1 5 -5 11 -8 9 10 13 -7 -13 -9
right_child=-2 -3 -4 4 -6 6 7 8 -10 -11 -12 12 -14 -15
leaf_value=-0.018861227008429442 -0.0084583257927614112 -0.0017064785674573428 0.022556856460869315 0.018893995995704946 0.017426740176354847 0.002908762402578511 0.031380471649269263 -0.0012225840654638076 -0.019624143203806232 0.019505302206073938 -0.017449304606351589 -0.0073473401367664315 -0.038676840202374892 0.025958527624607087
leaf_weight=10.999999999999998 17 166 11.999999999999998 12.999999999999998 14.999999999999998 10.999999999999998 11.999999999999998 18.000000000000004 19 19 18 10.000000000000002 10.999999999999998 10.999999999999998
leaf_count=11 17 166 12 13 15 11 12 18 19 19 18 10 11 11
internal_value=2.25342e-10 0.000415583 0.00237259 0.000930862 0.00231757 0.000721529 -0.0011098 0.00333771 -0.000621273 0.00484925 -0.00107554 -0.0145913 -0.023758 0.00908749
internal_weight=363 346 180 168 157 142 129 97 85 66 47 32 21 29
internal_count=363 346 180 168 157 142 129 97 85 66 47 32 21 29
is_linear=0
shrinkage=0.05


Tree=315
num_leaves=15
num_cat=0
split_feature=3 0 4 1 3 0 3 0 2 1 1 1 3 3
split_gain=0.531117 4.13898 2.33694 3.73979 2.72523 2.49978 2.74704 1.43342 1.02106 0.868101 2.50652 1.47308 2.14047 1.83207
threshold=3.3967898297969961 0.57093510892922505 7.5000000000000009 29.297878120741139 0.53004258760060174 0.16614208039986136 1.6305437930720068 0.3795318053144498 31.500000000000004 45.492068763775279 41.701617533799812 34.273443017586253 9.0939277547089663 14.668471226969872
decision_type=2 2 2 2 2 2 2 2 2 2 2 2 2 2
left_child=2 7 3 -1 -4 -6 -7 9 -8 10 11 -2 -13 -14
right_child=1 -3 4 -5 5 6 8 -9 -10 -11 -12 12 13 -15
leaf_value=-0.0010219024843536315 0.0018143231964980564 0.032723528370261191 0.023510694193343323 -0.038026873564178297 -0.019483966194093229 -0.013415179749329884 0.022641405250344953 -0.017725152319127864 0.0031814367062627125 -0.011842127430897492 0.020527864166069776 -0.028968836143612866 0.014910023435950274 -0.013110890864793744
leaf_weight=18.000000000000004 180 9.9999999999999982 11.999999999999998 10.999999999999998 15.999999999999998 14.999999999999998 14.000000000000002 10.999999999999998 12.999999999999998 12.999999999999998 15.999999999999998 9.9999999999999982 10.000000000000002 13.999999999999998
leaf_count=18 180 10 12 11 16 15 14 11 13 13 16 10 10 14
internal_value=7.20941e-11 0.00117119 -0.00312318 -0.0150583 0.00182136 -0.00266608 0.00374073 -7.10273e-05 0.0132718 0.000728131 0.00143862 1.13905e-05 -0.00953355 -0.00143551
internal_weight=363 264 99 29 70 58 42 254 27 243 230 214 34 24
internal_count=363 264 99 29 70 58 42 254 27 243 230 214 34 24
is_linear=0
shrinkage=0.05


Tree=316
num_leaves=15
num_cat=0
split_feature=0 0 3 2 3 1 4 1 3 2 2 3 3 1
split_gain=0.539548 0.582383 0.545533 1.63374 1.93368 1.7355 1.58378 2.29917 1.54852 3.88516 3.81697 3.38531 5.45162 2.71115
threshold=0.54912087009198185 0.42313774298843893 35.214040636101437 43.500000000000007 25.190632671402948 20.677458910471447 10.500000000000002 18.539307659641469 14.256261695895477 18.500000000000004 22.500000000000004 11.628055157923695 10.375191108475454 27.2740178447376
decision_type=2 2 2 2 2 2 2 2 2 2 2 2 2 2
left_child=1 2 3 4 5 6 -1 -8 9 -7 -11 12 -12 -10
right_child=-2 -3 -4 -5 -6 8 7 -9 13 10 11 -13 -14 -15
leaf_value=0.0045126836388730092 -0.0086965198902522814 0.010063462058703105 0.0058012738513449832 -0.019625117155638611 -0.016336829111199169 0.023181243116656938 -0.001335920698263428 -0.033663586052981295 -0.0032717245231781676 -0.027276797821888556 0.00030597553218472494 -0.02368705845796145 0.036807387322187426 0.026440785036367532
leaf_weight=12.999999999999998 17 14.999999999999998 36 10.999999999999998 17 18 11.000000000000002 10.999999999999998 14.000000000000002 12.999999999999998 146 12.999999999999998 10.999999999999998 17
leaf_count=13 17 15 36 11 17 18 11 11 14 13 146 13 11 17
internal_value=4.36157e-11 0.000427286 -9.39902e-06 -0.000718498 1.38005e-05 0.00105485 -0.00932371 -0.0174998 0.00262058 0.00101635 -0.00116381 0.00083307 0.0028634 0.0130222
internal_weight=363 346 331 295 284 267 35 22 232 201 183 170 157 31
internal_count=363 346 331 295 284 267 35 22 232 201 183 170 157 31
is_linear=0
shrinkage=0.05


Tree=317
num_leaves=15
num_cat=0
split_feature=1 0 0 0 1 3 3 2 3 0 1 1 0 0
split_gain=0.533206 4.5827 3.36207 2.3093 2.21554 1.82896 2.47824 3.42112 2.57639 1.61018 1.49264 1.39633 1.59119 2.54541
threshold=33.429039471018349 0.54912087009198185 0.22046593595002537 0.14509683463651227 32.282707802799457 17.215124489346362 2.7018668802173749 29.500000000000004 9.0939277547089663 0.42313774298843893 31.562526241220798 30.899974818272863 0.21671553631719517 0.20549315712503965
decision_type=2 2 2 2 2 2 2 2 2 2 2 2 2 2
left_child=1 4 3 -2 9 6 -5 -8 -9 10 11 12 13 -1
right_child=2 -3 -4 5 -6 -7 7 8 -10 -11 -12 -13 -14 -15
leaf_value=0.0010312002630338871 0.020627333999921879 -0.029047239385545254 0.03057413998991251 0.012695092601435526 -0.017035609330324566 0.013676285497578128 0.011651538226466912 -0.026577701218359708 -0.00089829057455062869 0.02129592128098011 0.018716485391963612 -0.018411946892738344 -0.0057169702078681446 0.020823608613327931
leaf_weight=112 11.999999999999998 13.999999999999998 9.9999999999999982 13.999999999999998 17 13.999999999999998 12.999999999999998 28 14.999999999999998 9.9999999999999982 10.999999999999998 9.9999999999999982 64 19
leaf_count=112 12 14 10 14 17 14 13 28 15 10 11 10 64 19
internal_value=-5.9266e-11 -0.0012307 0.00298386 0.000109868 0.000371904 -0.0028212 -0.0061207 -0.0108246 -0.0176198 0.00168132 0.000773235 -0.000189574 0.000744907 0.00390185
internal_weight=363 257 106 96 243 84 70 56 43 226 216 205 195 131
internal_count=363 257 106 96 243 84 70 56 43 226 216 205 195 131
is_linear=0
shrinkage=0.05


Tree=318
num_leaves=15
num_cat=0
split_feature=4 0 0 0 0 3 1 4 2 3 2 0 2 4
split_gain=0.533856 2.4908 2.16395 2.16108 2.40542 4.68809 2.17044 2.64933 2.73852 3.66556 9.43435 4.32743 2.5845 2.48837
threshold=11.500000000000002 0.11421914061704323 0.35386772152333829 0.2242568592556636 0.14241435813816225 7.837362471693905 26.277939714916304 16.500000000000004 32.500000000000007 16.615502785955751 36.500000000000007 0.17149003590029369 29.500000000000004 12.500000000000002
decision_type=2 2 2 2 2 2 2 2 2 2 2 2 2 2
left_child=1 -1 3 4 5 -2 -6 8 13 10 -10 -12 -9 -8
right_child=2 -3 -4 -5 6 -7 7 12 9 -11 11 -13 -14 -15
leaf_value=0.018225284293293953 -0.035904120315204957 -0.0037679859780473633 0.024475249126553536 -0.014915123395621777 0.020671832110536727 0.01025811189954931 0.0047469173371791828 0.0032123494065470167 -0.036002429807558654 0.024603766063228252 0.034710152105738717 -0.0026167987761172382 -0.024889415726065636 0.039208970422094522
leaf_weight=13.999999999999998 11.000000000000002 160 9.9999999999999982 20 19 10.999999999999998 10.000000000000002 18 15.999999999999998 13.999999999999998 11.999999999999998 22 14.999999999999998 10.999999999999998
leaf_count=14 11 160 10 20 19 11 10 18 16 14 12 22 15 11
internal_value=-9.33888e-11 -0.00199841 0.00183981 0.000575258 0.00252373 -0.012823 0.00498817 0.00246284 0.00713099 0.0019901 -0.00434173 0.0105574 -0.00956118 0.0227985
internal_weight=363 174 189 179 159 22 137 118 85 64 50 34 33 21
internal_count=363 174 189 179 159 22 137 118 85 64 50 34 33 21
is_linear=0
shrinkage=0.05


Tree=319
num_leaves=15
num_cat=0
split_feature=4 0 0 0 0 3 1 4 2 3 2 0 0 3
split_gain=0.481805 2.24794 1.95296 1.95037 2.17089 4.231 1.95882 2.39102 2.47152 3.30817 8.5145 3.9055 2.40627 2.35244
threshold=11.500000000000002 0.11421914061704323 0.35386772152333829 0.2242568592556636 0.14241435813816225 7.837362471693905 26.277939714916304 16.500000000000004 32.500000000000007 16.615502785955751 36.500000000000007 0.17149003590029369 0.20437523707108782 10.801455888456315
decision_type=2 2 2 2 2 2 2 2 2 2 2 2 2 2
left_child=1 -1 3 4 5 -2 -6 8 13 10 -10 -12 -9 -8
right_child=2 -3 -4 -5 6 -7 7 12 9 -11 11 -13 -14 -15
leaf_value=0.01731402107647487 -0.034108913622119201 -0.003579586539999582 0.02325148738920689 -0.014169366881251337 0.019638240249141268 0.009745207158001987 0.039210124164819705 0.0048340080538764596 -0.034202308114618066 0.023373577504285745 0.032974642980843787 -0.0024859579999677163 -0.022181594656670797 0.0057025647595186132
leaf_weight=13.999999999999998 11.000000000000002 160 9.9999999999999982 20 19 10.999999999999998 10.000000000000002 15.999999999999998 15.999999999999998 13.999999999999998 11.999999999999998 22 17 10.999999999999998
leaf_count=14 11 160 10 20 19 11 10 16 16 14 12 22 17 11
internal_value=1.30206e-10 -0.00189849 0.00174782 0.000546496 0.00239755 -0.0121819 0.00473877 0.0023397 0.00677444 0.00189059 -0.00412465 0.0100295 -0.00908312 0.0216585
internal_weight=363 174 189 179 159 22 137 118 85 64 50 34 33 21
internal_count=363 174 189 179 159 22 137 118 85 64 50 34 33 21
is_linear=0
shrinkage=0.05


Tree=320
num_leaves=15
num_cat=0
split_feature=0 0 3 0 4 2 1 0 1 1 1 4 2 1
split_gain=0.47352 0.416762 2.21412 1.36159 1.30725 2.6244 1.30249 1.29925 1.48505 2.30831 2.88693 2.23033 1.6072 3.58091
threshold=0.58188918547082713 0.12645752434065965 15.233115232496893 0.14241435813816225 6.5000000000000009 29.500000000000004 22.723890276122457 0.14775062835504757 46.438030701212476 35.11866238505538 36.911023736079919 13.500000000000002 33.500000000000007 31.562526241220798
decision_type=2 2 2 2 2 2 2 2 2 2 2 2 2 2
left_child=1 2 6 -3 5 -5 -1 -6 9 12 -11 -12 -9 -14
right_child=-2 3 -4 4 7 -7 -8 8 -10 10 11 -13 13 -15
leaf_value=0.0030879226155005961 -0.010729345083236695 -0.013237161620667107 -0.014200497791171074 -0.026106903680528579 0.01843718518291346 0.0050913917166846142 0.026465209776704964 0.0045654956276434226 0.015186878107488156 -0.033648538030683996 -0.017542016221319928 0.0061289660632610323 -0.025799613595008854 0.0061866108328104026
leaf_weight=13.000000000000002 9.9999999999999982 19 9.9999999999999982 13.000000000000002 10.999999999999998 13.999999999999998 10.999999999999998 158 17 9.9999999999999982 17 24 14.999999999999998 21
leaf_count=13 10 19 10 13 11 14 11 158 17 10 17 24 15 21
internal_value=-9.58262e-11 0.000303947 0.00556633 -0.000256934 0.000565147 -0.00993001 0.0138025 0.00160313 0.000896356 -9.52308e-05 -0.00956087 -0.00368583 0.00239316 -0.00714098
internal_weight=363 353 34 319 300 27 24 273 262 245 51 41 194 36
internal_count=363 353 34 319 300 27 24 273 262 245 51 41 194 36
is_linear=0
shrinkage=0.05


Tree=321
num_leaves=15
num_cat=0
split_feature=3 0 0 4 2 3 2 0 1 4 2 2 2 1
split_gain=0.458122 3.10179 2.50819 2.07421 2.32504 2.19716 2.34647 1.11609 2.27241 2.08777 1.02029 1.15479 1.56367 1.34251
threshold=2.5304493958105314 0.57834252654114304 0.22900927814522212 6.5000000000000009 25.500000000000004 3.8652597532926829 30.500000000000004 0.18691853685642432 31.283543432267738 9.0000000000000018 41.500000000000007 38.500000000000007 35.500000000000007 30.044625459953725
decision_type=2 2 2 2 2 2 2 2 2 2 2 2 2 2
left_child=2 3 7 4 -2 6 -5 9 -9 -1 11 12 13 -7
right_child=1 -3 -4 5 -6 10 -8 8 -10 -11 -12 -13 -14 -15
leaf_value=0.014799746833741665 0.0027706017717719069 0.02824773222208023 -0.019734817205203904 -0.0020512320101261131 -0.028463054133149299 -0.0016982962536285558 0.026167769653393944 0.028089524917304504 -0.004183053287367026 -0.012753637270493943 -0.01124244652222842 0.015010445450360961 -0.014419561981533966 0.0079848181754350652
leaf_weight=9.9999999999999982 11.000000000000002 9.9999999999999982 18 13.000000000000002 12.999999999999998 126 17 10.000000000000002 11.999999999999998 22 20 12.999999999999998 18 50
leaf_count=10 11 10 18 13 13 126 17 10 12 22 20 13 18 50
internal_value=-5.52893e-11 0.000883542 -0.00357098 -9.02729e-05 -0.0141476 0.00122248 0.0139395 0.00181696 0.0104863 -0.0041432 -0.000458192 0.000583765 -0.000382972 0.00105259
internal_weight=363 291 72 281 24 257 30 54 22 32 227 207 194 176
internal_count=363 291 72 281 24 257 30 54 22 32 227 207 194 176
is_linear=0
shrinkage=0.05


Tree=322
num_leaves=15
num_cat=0
split_feature=0 1 1 3 4 4 0 0 0 0 3 3 3 2
split_gain=0.509127 0.4281 0.929452 0.757005 1.97688 2.09361 3.63429 4.42667 2.17173 3.74042 3.1348 2.343 1.58617 3.48444
threshold=0.58188918547082713 45.492068763775279 49.371919659549611 4.9693098889205158 17.500000000000004 14.500000000000002 0.16836199412017974 0.19387667207569328 0.18178920676927321 0.2188613064627804 2.7018668802173749 2.3013659846084087 6.6034504521373156 13.500000000000002
decision_type=2 2 2 2 2 2 2 2 2 2 2 2 2 2
left_child=1 3 -3 4 5 8 -7 -8 11 -10 -11 -1 -5 -14
right_child=-2 2 -4 12 -6 6 7 -9 9 10 -12 -13 13 -15
leaf_value=0.0029751776601187876 -0.011125441640615463 -0.014447669578450062 0.005510704042389989 -0.011283695051679388 -0.016280055249279196 0.037620448502517931 -0.020584659007462591 0.017477523162961008 0.027760042782340733 -0.018975948070486384 0.017164965420961381 -0.028972047702832654 0.029481788724660875 -0.00090877804891150219
leaf_weight=12.000000000000002 9.9999999999999982 14.000000000000002 9.9999999999999982 32 10.999999999999998 11.999999999999998 10.999999999999998 25 13.999999999999998 15.000000000000002 9.9999999999999982 10.999999999999998 9.9999999999999982 166
leaf_count=12 10 14 10 32 11 12 11 25 14 15 10 11 10 166
internal_value=-4.69189e-11 0.000315168 -0.00613168 0.000785455 0.00393002 0.00595103 0.0137907 0.00584741 -0.000118377 0.00706798 -0.00451958 -0.0123039 -0.00104383 0.000817959
internal_weight=363 353 24 329 121 110 48 36 62 39 25 23 208 176
internal_count=363 353 24 329 121 110 48 36 62 39 25 23 208 176
is_linear=0
shrinkage=0.05


Tree=323
num_leaves=15
num_cat=0
split_feature=0 0 0 3 3 2 0 3 3 2 3 3 2 0
split_gain=0.459487 0.398034 2.12818 1.79009 3.13098 2.81892 3.16688 2.39911 3.35134 1.51307 1.91408 4.53555 2.60526 3.10204
threshold=0.58188918547082713 0.17262606224361707 0.16733160327045243 1.7533887276724069 3.5349209757263877 36.500000000000007 0.15618500335845617 11.472476557958872 6.0888709215534069 42.500000000000007 24.620985406743042 15.939136698757919 28.500000000000004 0.21110711455464756
decision_type=2 2 2 2 2 2 2 2 2 2 2 2 2 2
left_child=1 2 3 -1 -5 6 7 8 -6 10 11 -3 13 -12
right_child=-2 9 -4 4 5 -7 -8 -9 -10 -11 12 -13 -14 -15
leaf_value=0.015638018073514105 -0.010569167584180833 0.000564764385825458 -0.021999368940790496 -0.027523533286611463 0.014078357477079735 0.019727731135208162 -0.025792355950062091 0.01308725556731224 -0.0206006493027273 0.018096148767150367 -0.00011468621140176597 0.032389331360658011 0.0074840844076659004 -0.036191734155783285
leaf_weight=15.999999999999998 9.9999999999999982 167 11.999999999999998 10.999999999999998 11.000000000000002 15.999999999999998 12.999999999999998 25 19 12.999999999999998 11.000000000000002 11.999999999999998 13.999999999999998 12.999999999999998
leaf_count=16 10 167 12 11 11 16 13 25 19 13 11 12 14 13
internal_value=7.5686e-11 0.00029941 -0.0019965 0.000165977 -0.00243984 0.000844929 -0.00359808 0.00164784 -0.00788501 0.00152722 0.000534612 0.00269825 -0.00965729 -0.0196564
internal_weight=363 353 123 111 95 84 68 55 30 230 217 179 38 24
internal_count=363 353 123 111 95 84 68 55 30 230 217 179 38 24
is_linear=0
shrinkage=0.05


Tree=324
num_leaves=15
num_cat=0
split_feature=3 3 0 3 3 0 1 1 0 0 0 1 1 1
split_gain=0.475337 1.33487 1.1746 1.01743 0.684432 0.60028 3.45111 0.963883 1.82314 3.65083 3.55906 2.32545 1.6725 1.97397
threshold=0.84467134774562835 0.3308649393852458 0.57834252654114304 57.026840546185205 1.4737196595461541 0.13625686927658084 23.799386928528733 23.229002716043073 0.20964796142968531 0.2336672104347095 0.27704490659323061 19.283800269256918 24.288969357078926 25.937891605395283
decision_type=2 2 2 2 2 2 2 2 2 2 2 2 2 2
left_child=1 -1 3 4 -2 6 -6 8 11 -10 -11 -7 -9 -14
right_child=2 -3 -4 -5 5 7 -8 12 9 10 -12 -13 13 -15
leaf_value=0.0060470517724752412 0.012203341722488404 -0.016326529135306675 0.016581997004422276 -0.014977830783887345 0.010026120350641363 -0.0083877441401665007 -0.021387845650315287 0.020569158717989922 -0.035866242308508267 0.021805254220962519 -0.016703722029924394 0.022848647934469311 -0.020300700571388008 0.0025064817177937243
leaf_weight=12.000000000000002 11.999999999999998 14.999999999999998 10.999999999999998 10.999999999999998 17 13.000000000000002 18 11.999999999999998 10.999999999999998 10.000000000000002 14.999999999999998 10.999999999999998 9.9999999999999982 185
leaf_count=12 12 15 11 11 17 13 18 12 11 10 15 11 10 185
internal_value=-1.26421e-10 -0.00638272 0.000512897 -3.09806e-05 0.000492635 2.73091e-05 -0.00612963 0.000834399 -0.00474563 -0.011862 -0.00130013 0.00592894 0.0024518 0.00133688
internal_weight=363 27 336 325 314 302 35 267 60 36 25 24 207 195
internal_count=363 27 336 325 314 302 35 267 60 36 25 24 207 195
is_linear=0
shrinkage=0.05


Tree=325
num_leaves=15
num_cat=0
split_feature=0 1 1 0 0 0 0 2 1 2 0 2 0 1
split_gain=0.471397 0.458653 2.03489 5.86828 1.49441 1.88311 1.59222 1.34696 1.30073 1.46831 2.08342 1.69023 3.33256 1.94777
threshold=0.58188918547082713 32.282707802799457 33.822575691797404 0.19074383441292053 0.14509683463651227 0.16372825153660145 0.18020710728803527 37.500000000000007 31.562526241220798 33.500000000000007 0.47681386795739839 31.500000000000004 0.3226562617822667 29.297878120741139
decision_type=2 2 2 2 2 2 2 2 2 2 2 2 2 2
left_child=1 8 3 -3 -4 -6 7 -7 9 10 11 12 13 -1
right_child=-2 2 4 -5 5 6 -8 -9 -10 -11 -12 -13 -14 -15
leaf_value=0.0030492490411335085 -0.010705267488956453 -0.044235290586948382 0.017405083371947207 0.0076263392964998891 -0.019807464132706325 0.026385491341352454 -0.0031684603911104068 0.0015388063775996367 0.01838590856641531 -0.012519090191314095 0.022224968920151394 0.015787438434713027 -0.026153909352918465 -0.014846322948441787
leaf_weight=144 9.9999999999999982 10.000000000000002 11.999999999999998 11.999999999999998 11.999999999999998 10.000000000000002 53 11.999999999999998 10.999999999999998 19 11.999999999999998 17 11.999999999999998 17
leaf_count=144 10 10 12 12 12 10 53 12 11 19 12 17 12 17
internal_value=-1.88766e-10 0.000303265 -0.00219234 -0.0159471 0.000864279 -0.00141721 0.00152523 0.0128328 0.00160485 0.000769596 0.00201952 0.000743389 -0.000734928 0.00115965
internal_weight=363 353 121 22 99 87 75 22 232 221 202 190 173 161
internal_count=363 353 121 22 99 87 75 22 232 221 202 190 173 161
is_linear=0
shrinkage=0.05


Tree=326
num_leaves=15
num_cat=0
split_feature=3 3 0 4 2 4 2 1 1 0 2 0 1 2
split_gain=0.444306 1.17132 1.09188 1.0097 1.26824 1.04255 2.0755 2.93981 1.32138 1.19415 1.76109 1.94196 3.66685 2.68373
threshold=0.84467134774562835 0.3308649393852458 0.57834252654114304 6.5000000000000009 23.500000000000004 7.5000000000000009 28.500000000000004 27.51587185798542 22.262131324892753 0.287450437784389 15.500000000000002 0.1433554977693999 25.687046228719613 21.500000000000004
decision_type=2 2 2 2 2 2 2 2 2 2 2 2 2 2
left_child=1 -1 3 4 -2 6 7 8 -5 10 -7 12 -12 -13
right_child=2 -3 -4 5 -6 9 -8 -9 -10 -11 11 13 -14 -15
leaf_value=0.0054725704093774143 0.0048418543953448519 -0.015485597153504692 0.015988793698224157 0.011881699243729761 -0.017598434230860542 -0.016736941324437368 -0.0086429546986307431 -0.0070283380421725192 0.03587334261586269 0.015622117370367051 0.0044454628394709692 0.020896307116045672 -0.028451812034472824 6.5986157465747921e-05
leaf_weight=12.000000000000002 10.000000000000002 14.999999999999998 10.999999999999998 11.000000000000002 17 17 13.999999999999998 10.999999999999998 11.999999999999998 10.999999999999998 18 17 15.999999999999998 171
leaf_count=12 10 15 11 11 17 17 14 11 12 11 18 17 16 171
internal_value=-5.46479e-11 -0.00617086 0.000495872 -2.85035e-05 -0.00928722 0.000810373 0.0075597 0.0142314 0.0243991 -0.000485498 -0.00122685 -3.91433e-05 -0.0110356 0.00194958
internal_weight=363 27 336 325 27 298 48 34 23 250 239 222 34 188
internal_count=363 27 336 325 27 298 48 34 23 250 239 222 34 188
is_linear=0
shrinkage=0.05


Tree=327
num_leaves=15
num_cat=0
split_feature=0 1 1 1 1 0 5 0 0 4 0 0 2 0
split_gain=0.48085 0.406007 0.823241 0.704884 1.02069 0.738563 3.57358 5.22165 1.25525 1.98404 2.95472 2.00465 2.77452 2.36281
threshold=0.58188918547082713 45.492068763775279 49.371919659549611 41.251861148391775 38.869465940368364 0.14129469163694955 1.0000000180025095e-35 0.11091051342035599 0.15072376617313146 11.500000000000002 0.17750905268387249 0.16987068353822704 26.500000000000004 0.19074383441292053
decision_type=2 2 2 2 2 2 2 2 2 2 2 2 2 2
left_child=1 3 -3 4 5 6 7 -1 -7 11 -11 12 -10 -13
right_child=-2 2 -4 -5 -6 8 -8 -9 9 10 -12 13 -14 -15
leaf_value=-0.0039752932695242063 -0.010812073349952697 -0.013798433116504123 0.0049850045796483756 0.0090146841636548451 -0.013593320433910079 -0.013866922038141639 -0.011049309329074972 0.040839048990836513 0.00017241327324882144 0.022679557371884585 0.0015912657328026028 0.014736710263318138 -0.037073522806167603 -0.0049767354625816409
leaf_weight=13.000000000000002 9.9999999999999982 14.000000000000002 9.9999999999999982 24 12.999999999999998 15.999999999999998 17 12.999999999999998 10.000000000000002 20 98 19 9.9999999999999982 76
leaf_count=13 10 14 10 24 13 16 17 13 10 20 98 19 10 76
internal_value=2.72598e-11 0.000306291 -0.005972 0.000764282 0.00011507 0.000725375 0.00677652 0.0184319 -0.000319603 0.000610685 0.00516555 -0.004063 -0.0184506 -0.00103405
internal_weight=363 353 24 329 305 292 43 26 249 233 118 115 20 95
internal_count=363 353 24 329 305 292 43 26 249 233 118 115 20 95
is_linear=0
shrinkage=0.05


Tree=328
num_leaves=15
num_cat=0
split_feature=0 1 1 2 0 0 1 2 3 0 3 3 0 0
split_gain=0.433967 0.366421 0.742975 0.672173 2.2926 1.51394 2.47899 1.25362 4.0555 1.08669 1.6399 1.08562 1.09138 3.88207
threshold=0.58188918547082713 45.492068763775279 49.371919659549611 36.500000000000007 0.16836199412017974 0.19387667207569328 36.911023736079919 33.500000000000007 5.3778425959746157 0.44399541217732608 0.53004258760060174 1.4272395205449415 0.20875567200643 0.20263218458347004
decision_type=2 2 2 2 2 2 2 2 2 2 2 2 2 2
left_child=1 3 -3 7 -5 6 -6 9 -9 10 -1 -12 13 -13
right_child=-2 2 -4 4 5 -7 -8 8 -10 -11 11 12 -14 -15
leaf_value=-0.01980989083647728 -0.010271469503641129 -0.013108510524034498 0.0047357540484517817 0.024122257645313557 -0.024190972124536827 0.010885777815969454 0.0086703197183934134 0.0055607432499527919 -0.033877524022351613 0.013883034884929658 0.016987731829285622 0.00051277588147243837 -0.0042609468562638062 0.032959095314145086
leaf_weight=9.9999999999999982 9.9999999999999982 14.000000000000002 9.9999999999999982 12.999999999999998 12.000000000000002 18 10.999999999999998 16.000000000000004 10.999999999999998 14.999999999999998 9.9999999999999982 118 85 9.9999999999999982
leaf_count=10 10 14 10 13 12 18 11 16 11 15 10 118 85 10
internal_value=-4.15311e-11 0.000290976 -0.0056734 0.000726068 0.00582621 2.50208e-05 -0.0084747 -0.000275414 -0.0105067 0.000838476 -1.30286e-06 0.000886975 0.000131071 0.00304764
internal_weight=363 353 24 329 54 41 23 275 27 248 233 223 213 128
internal_count=363 353 24 329 54 41 23 275 27 248 233 223 213 128
is_linear=0
shrinkage=0.05


Tree=329
num_leaves=15
num_cat=0
split_feature=3 0 3 4 0 0 4 2 3 2 2 2 2 1
split_gain=0.433393 2.79704 2.13309 2.12497 3.0926 2.64403 1.80626 1.95358 1.88651 2.02163 0.945924 1.16691 1.82603 1.27092
threshold=2.5304493958105314 0.57834252654114304 2.0462993918630548 15.500000000000002 0.16733160327045243 0.20437523707108782 6.5000000000000009 25.500000000000004 3.8652597532926829 30.500000000000004 41.500000000000007 37.500000000000007 35.500000000000007 30.044625459953725
decision_type=2 2 2 2 2 2 2 2 2 2 2 2 2 2
left_child=2 6 3 4 -1 -6 7 -2 9 -8 11 12 13 -10
right_child=1 -3 -4 -5 5 -7 8 -9 10 -11 -12 -13 -14 -15
leaf_value=0.029963990233161233 0.002324582399292425 0.026844549179077151 -0.020249725480098277 -0.01326877781086498 -0.02042567147450013 0.011034547712873011 -0.0018992604544529543 -0.026305510275639023 -0.0016500401262578273 0.024293771690195975 -0.010781458262354136 0.014036611765623092 -0.016615951829589904 0.007771346379071474
leaf_weight=10.999999999999998 11.000000000000002 9.9999999999999982 14.999999999999998 18 11.000000000000002 17 13.000000000000002 12.999999999999998 126 17 20 14.999999999999998 15.999999999999998 50
leaf_count=11 11 10 15 18 11 17 13 13 126 17 20 15 16 50
internal_value=-6.30824e-11 0.000859364 -0.00347326 0.000941593 0.00750023 -0.00132482 -6.53753e-05 -0.0131834 0.00115965 0.0129435 -0.000397678 0.000605586 -0.000443713 0.00102649
internal_weight=363 291 72 57 39 28 281 24 257 30 227 207 192 176
internal_count=363 291 72 57 39 28 281 24 257 30 227 207 192 176
is_linear=0
shrinkage=0.05


Tree=330
num_leaves=15
num_cat=0
split_feature=0 1 1 0 3 3 3 3 1 1 1 2 3 3
split_gain=0.467777 0.399914 1.81196 5.21988 1.29291 4.55939 2.49756 2.33752 4.64971 2.20811 1.20204 3.78488 1.7566 5.01329
threshold=0.58188918547082713 32.282707802799457 33.822575691797404 0.19074383441292053 11.628055157923695 7.4460065935752722 17.215124489346362 3.8652597532926829 42.545534002999283 42.233037606540698 30.323500659777761 30.500000000000004 9.5014030073638089 11.472476557958872
decision_type=2 2 2 2 2 2 2 2 2 2 2 2 2 2
left_child=1 10 3 -3 5 7 -6 8 -4 -9 12 -12 -1 -14
right_child=-2 2 4 -5 6 -7 -8 9 -10 -11 11 -13 13 -15
leaf_value=0.0043554834750565621 -0.010664084106683732 -0.04168732121586799 0.028642100840806962 0.0072252883575856693 -0.023250789088862286 0.03138843898016673 0.0049072558163768716 -0.029981491782448501 -0.0097779461156783844 0.0016994974956932394 -0.0085701146429138508 0.026536438668913705 -0.031451284885406494 0.00017875184329520715
leaf_weight=110 9.9999999999999982 10.000000000000002 13.999999999999998 11.999999999999998 13.999999999999998 12.999999999999998 18 11.000000000000002 18 10.999999999999998 14.000000000000002 17 14.999999999999998 76
leaf_count=110 10 10 14 12 14 13 18 11 18 11 14 17 15 76
internal_value=4.74641e-11 0.000302099 -0.00202823 -0.0150077 0.000856098 0.00480499 -0.00741189 -0.00159473 0.00703082 -0.014141 0.00151749 0.0106819 0.000104075 -0.00503499
internal_weight=363 353 121 22 99 67 32 54 32 22 232 31 201 91
internal_count=363 353 121 22 99 67 32 54 32 22 232 31 201 91
is_linear=0
shrinkage=0.05


Tree=331
num_leaves=15
num_cat=0
split_feature=3 0 0 3 0 0 2 0 4 3 1 2 0 3
split_gain=0.483397 3.81651 2.1333 1.16421 1.02546 1.05293 3.38313 3.76713 2.87359 3.78148 2.99012 6.6893 4.5191 3.08889
threshold=3.3967898297969961 0.57093510892922505 0.44399541217732608 57.026840546185205 0.30606785590205898 0.19696634327407156 29.500000000000004 0.20875567200643 15.500000000000002 8.9266571816880145 25.937891605395283 14.500000000000002 0.16124299808971335 11.628055157923695
decision_type=2 2 2 2 2 2 2 2 2 2 2 2 2 2
left_child=2 3 -1 4 5 8 7 -7 10 -10 11 -2 -12 -14
right_child=1 -3 -4 -5 -6 6 -8 -9 9 -11 12 -13 13 -15
leaf_value=-0.00025367072138442903 0.01872652850367806 0.031415636762976644 -0.02274232084552447 -0.016796530447900297 0.013274837682644529 0.028633175790309908 -0.01886383824582611 -0.0038070778052012124 0.0019436352141201493 0.041637659594416621 0.018990798306185754 -0.028680143383857999 0.0070865823063426293 -0.017528419479727744
leaf_weight=87 10.999999999999998 9.9999999999999982 11.999999999999998 9.9999999999999982 14.999999999999998 10.999999999999998 28 48 15.000000000000002 9.9999999999999982 32 23 26 25
leaf_count=87 11 10 12 10 15 11 28 48 15 10 32 23 26 25
internal_value=-2.12626e-11 0.00111734 -0.00297957 -7.55086e-05 0.000609779 -0.00021981 -0.00455129 0.00224111 0.00243398 0.0178212 -0.000853891 -0.0133427 0.004262 -0.0049796
internal_weight=363 264 99 254 244 229 87 59 142 25 117 34 83 51
internal_count=363 264 99 254 244 229 87 59 142 25 117 34 83 51
is_linear=0
shrinkage=0.05


Tree=332
num_leaves=15
num_cat=0
split_feature=0 1 1 0 2 3 4 4 1 0 0 1 3 3
split_gain=0.483592 0.565232 1.75123 3.03101 2.78395 2.37292 2.55471 1.92414 1.77709 1.54295 2.069 2.80214 1.93593 3.53708
threshold=0.54912087009198185 29.297878120741139 27.2740178447376 0.20781971510622008 27.500000000000004 1.561530289950378 7.5000000000000009 10.500000000000002 26.085739572378152 0.14241435813816225 0.19696634327407156 31.562526241220798 11.628055157923695 3.5349209757263877
decision_type=2 2 2 2 2 2 2 2 2 2 2 2 2 2
left_child=1 2 4 -4 5 -1 -7 -6 -8 -3 12 -12 13 -11
right_child=-2 9 3 -5 7 6 8 -9 -10 10 11 -13 -14 -15
leaf_value=0.025052471933039749 -0.0082332216860616907 -0.018968672119081022 -0.0022993348124954439 0.026717013824317196 -0.031171447343446984 0.01286019316664146 -0.0012221863412338755 -0.0022203445706206067 -0.023775675438810141 -0.0064977845893456386 -0.028468210422075715 -0.0018273688544712325 -0.0072512938840580844 0.016574621453638312
leaf_weight=10.999999999999998 17 11.999999999999998 18 18 11.000000000000002 31 69 11.999999999999998 9.9999999999999982 26 12.999999999999998 41 28 46
leaf_count=11 17 12 18 18 11 31 69 12 10 26 13 41 28 46
internal_value=7.21583e-13 0.000404522 0.00234524 0.0122088 -0.000120656 0.00291038 0.000696167 -0.0160665 -0.00407706 -0.00169987 -0.000354253 -0.0082409 0.00390454 0.00824292
internal_weight=363 346 180 36 144 121 110 23 79 166 154 54 100 72
internal_count=363 346 180 36 144 121 110 23 79 166 154 54 100 72
is_linear=0
shrinkage=0.05


Tree=333
num_leaves=15
num_cat=0
split_feature=0 0 3 1 2 3 2 1 1 1 4 1 0 4
split_gain=0.436442 0.532902 0.572046 1.70875 1.82519 1.67038 1.02566 1.03067 3.53923 1.4937 1.82037 1.359 1.32466 1.55825
threshold=0.54912087009198185 0.42313774298843893 35.214040636101437 17.348764568210399 43.500000000000007 25.190632671402948 40.500000000000007 39.576542236382451 43.171769130360381 33.822575691797404 13.500000000000002 32.282707802799457 0.3226562617822667 7.5000000000000009
decision_type=2 2 2 2 2 2 2 2 2 2 2 2 2 2
left_child=1 2 3 -1 5 6 7 9 -9 11 -11 12 13 -5
right_child=-2 -3 -4 4 -6 -7 -8 8 -10 10 -12 -13 -14 -15
leaf_value=-0.020095329934900458 -0.0078215615056893405 0.0096020287026961654 0.0059167718204359218 0.013054173837607617 -0.019979337670586326 -0.014880867500323802 0.014929484389722348 -0.032053222805261614 0.0033512630373782794 0.027778159485508991 -0.0011067427694797516 -0.012185465710030662 -0.012462965292590006 0.00093920833377306135
leaf_weight=10.999999999999998 17 14.999999999999998 36 34 10.999999999999998 15.999999999999998 13.999999999999998 9.9999999999999982 24 12.000000000000002 9.9999999999999982 18 13.999999999999998 121
leaf_count=11 17 15 36 34 11 16 14 10 24 12 10 18 14 121
internal_value=5.84963e-11 0.000384296 -3.34256e-05 -0.000759551 -1.06304e-05 0.00079397 0.00176983 0.00101167 -0.00706182 0.00232506 0.0146487 0.00087522 0.0022663 0.00359668
internal_weight=363 346 331 295 284 273 257 243 34 209 22 187 169 155
internal_count=363 346 331 295 284 273 257 243 34 209 22 187 169 155
is_linear=0
shrinkage=0.05


Tree=334
num_leaves=15
num_cat=0
split_feature=3 3 0 2 4 1 3 2 2 2 1 3 0 2
split_gain=0.404673 3.66143 4.56212 3.43221 2.07114 3.51263 2.18135 1.86982 3.57962 3.33688 1.72315 1.56625 5.64476 1.16807
threshold=3.3967898297969961 4.6952170247517371 0.20002188076721741 33.500000000000007 7.5000000000000009 29.297878120741139 0.53004258760060174 31.500000000000004 27.500000000000004 34.500000000000007 22.985795441746912 5.7787937871708071 0.20002188076721741 13.500000000000002
decision_type=2 2 2 2 2 2 2 2 2 2 2 2 2 2
left_child=4 2 3 -2 5 -1 -6 8 10 -9 -8 12 -3 -13
right_child=1 11 -4 -5 6 -7 7 9 -10 -11 -12 13 -14 -15
leaf_value=-0.00035865499844981558 -0.01703261263668536 0.0070292139053344726 0.045042096823453906 0.024393257424235343 0.021333388052880764 -0.036222158846530045 0.006872578824941928 -0.034773013972589965 0.030702279396355156 0.0025146081050237022 -0.020734728649258613 0.015777693937222163 -0.032815345330163836 -0.0003172451180846541
leaf_weight=18.000000000000004 10.000000000000005 20 9.9999999999999982 9.9999999999999982 11.999999999999998 10.999999999999998 13.000000000000002 10.000000000000002 9.9999999999999982 14.999999999999998 9.9999999999999982 11.999999999999998 15.999999999999998 186
leaf_count=18 10 20 10 10 12 11 13 10 10 15 10 12 16 186
internal_value=1.03615e-10 0.00102231 0.0174676 0.00368032 -0.00272617 -0.0139621 0.0019287 -0.00208607 0.00572785 -0.0124004 -0.0051306 -0.00108605 -0.0106795 0.000658206
internal_weight=363 264 30 20 99 29 70 58 33 25 23 234 36 198
internal_count=363 264 30 20 99 29 70 58 33 25 23 234 36 198
is_linear=0
shrinkage=0.05


Tree=335
num_leaves=15
num_cat=0
split_feature=0 0 0 1 2 1 3 3 1 1 2 3 3 3
split_gain=0.402141 0.426152 1.80207 1.6401 7.39502 3.15618 1.64973 5.23113 2.49491 2.65461 1.44774 1.79628 3.74511 1.5895
threshold=0.58188918547082713 0.17262606224361707 0.16733160327045243 43.171769130360381 36.500000000000007 32.282707802799457 9.5014030073638089 22.076081990366486 20.677458910471447 25.844470503399332 42.500000000000007 32.637913835117722 54.203590921867068 15.233115232496893
decision_type=2 2 2 2 2 2 2 2 2 2 2 2 2 2
left_child=1 2 3 4 5 6 8 -8 -1 -10 11 13 -13 -3
right_child=-2 10 -4 -5 -6 -7 7 -9 9 -11 -12 12 -14 -15
leaf_value=-0.0088798270575352941 -0.0098876512050628668 0.00055557276144713522 -0.020502140621344249 -0.016792853291218098 0.042852396816015242 -0.027574963461269031 -0.026497380610774543 0.014775076774614199 0.035116338729858386 0.0042519517684061281 0.017757814549482786 -0.029432383286101472 0.0078366775782062453 0.014321859968670955
leaf_weight=15.999999999999998 9.9999999999999982 166 11.999999999999998 12.999999999999998 9.9999999999999982 10.999999999999998 17.000000000000004 13.999999999999998 11.000000000000002 19 12.999999999999998 14.000000000000002 12.999999999999998 24
leaf_count=16 10 166 12 13 10 11 17 14 11 19 13 14 13 24
internal_value=2.27699e-11 0.000280103 -0.00209551 -0.000105608 0.00210801 -0.00252204 0.00105695 -0.00785821 0.00706499 0.0155689 0.00155054 0.0005796 -0.011488 0.00229447
internal_weight=363 353 123 111 98 88 77 31 46 30 230 217 27 190
internal_count=363 353 123 111 98 88 77 31 46 30 230 217 27 190
is_linear=0
shrinkage=0.05


Tree=336
num_leaves=15
num_cat=0
split_feature=3 0 0 3 0 2 4 2 0 0 1 1 1 3
split_gain=0.382976 3.59076 1.91149 1.17066 0.938189 1.05301 1.70391 1.66438 1.88145 1.79411 2.01948 3.55292 3.17204 2.13971
threshold=3.3967898297969961 0.57093510892922505 0.44399541217732608 57.026840546185205 0.30606785590205898 15.500000000000002 10.500000000000002 18.500000000000004 0.13059699358392135 0.15618500335845617 34.273443017586253 31.937200264240055 36.911023736079919 17.215124489346362
decision_type=2 2 2 2 2 2 2 2 2 2 2 2 2 2
left_child=2 3 -1 4 5 6 -2 -7 -9 -10 11 -11 -12 -14
right_child=1 -3 -4 -5 -6 7 -8 8 9 10 12 -13 13 -15
leaf_value=-7.17844736451904e-05 0.0021564169841654162 0.030383093878626824 -0.021359236290057503 -0.016929814815521242 0.012638818224271139 0.019996015524322338 -0.020964148478427282 -0.01836470841215207 0.012704830268269469 -0.0016615616761752078 -0.030291496904996724 0.022090191692113875 -0.0094011472896314598 0.016905462818050925
leaf_weight=87 17 9.9999999999999982 11.999999999999998 9.9999999999999982 14.999999999999998 10.999999999999998 14.999999999999998 12.999999999999998 29 74 12.999999999999998 20 26 10.999999999999998
leaf_count=87 17 10 12 10 15 11 15 13 29 74 13 20 26 11
internal_value=-1.33445e-10 0.00099453 -0.00265208 -0.0001625 0.000524685 -0.000268817 -0.00868135 0.00109769 -1.99573e-05 0.00135855 -0.000926465 0.003392 -0.00904518 -0.00158026
internal_weight=363 264 99 254 244 229 32 197 186 173 144 94 50 37
internal_count=363 264 99 254 244 229 32 197 186 173 144 94 50 37
is_linear=0
shrinkage=0.05


Tree=337
num_leaves=15
num_cat=0
split_feature=0 0 3 2 1 3 2 0 2 4 1 1 1 1
split_gain=0.445622 0.518823 0.545159 1.58027 1.64479 1.533 0.855391 2.06863 0.827142 0.848148 3.37197 2.62931 4.37854 9.46977
threshold=0.54912087009198185 0.42313774298843893 35.214040636101437 43.500000000000007 17.348764568210399 25.190632671402948 21.500000000000004 0.18020710728803527 40.500000000000007 9.0000000000000018 19.63127900317345 21.451679169957895 25.937891605395283 27.763286667494736
decision_type=2 2 2 2 2 2 2 2 2 2 2 2 2 2
left_child=1 2 3 4 -1 8 -4 -8 9 11 -11 -6 -13 -14
right_child=-2 -3 6 -5 5 -7 7 -9 -10 10 -12 12 13 -15
leaf_value=-0.018968691372058609 -0.0079033911885584111 0.0094834646334250785 0.01668456584836046 -0.019327352534640921 0.025713753773239801 -0.014265100297052413 -0.015623133155432609 0.013837962927153478 0.01350387843059642 -0.029275389313697817 0.00073025765999847536 -0.017337175695733589 0.052975924611091622 -0.0012906967503268545
leaf_weight=10.999999999999998 17 14.999999999999998 11.999999999999998 10.999999999999998 12.999999999999998 15.999999999999998 11.000000000000002 12.999999999999998 13.999999999999998 9.9999999999999982 147 22 9.9999999999999982 41
leaf_count=11 17 15 12 11 13 16 11 13 14 10 147 22 10 41
internal_value=-8.51307e-11 0.000388317 -2.385e-05 -0.000732706 -1.24905e-05 0.000751312 0.00578483 0.000334961 0.00168619 0.00100533 -0.00118093 0.00499653 0.00130716 0.00934982
internal_weight=363 346 331 295 284 273 36 24 257 243 157 86 73 51
internal_count=363 346 331 295 284 273 36 24 257 243 157 86 73 51
is_linear=0
shrinkage=0.05


Tree=338
num_leaves=15
num_cat=0
split_feature=4 1 0 1 0 0 3 3 0 3 0 2 2 2
split_gain=0.423479 2.35005 1.25628 0.978343 0.777959 0.721497 0.844656 0.691132 3.28871 2.43264 5.90916 1.37409 3.32653 4.07765
threshold=6.5000000000000009 31.562526241220798 0.47681386795739839 25.886444171754288 0.3226562617822667 0.12164969000977628 10.801455888456315 7.2281644020070717 0.2336672104347095 9.0939277547089663 0.18020710728803527 37.500000000000007 34.500000000000007 32.500000000000007
decision_type=2 2 2 2 2 2 2 2 2 2 2 2 2 2
left_child=1 3 4 -1 5 6 -2 8 -7 10 -9 12 13 -11
right_child=2 -3 -4 -5 -6 7 -8 9 -10 11 -12 -13 -14 -15
leaf_value=-0.0069681105824808262 0.0001500863581895828 -0.024405892938375473 0.016444927516082921 0.012829979150914229 -0.01077983663417399 0.0016074425540864468 -0.018876093029975893 0.0098344047926366297 0.031405944004654886 -0.0016281676631939562 -0.04452165506780148 0.013827348774985263 -0.026784694508056751 0.030864582413976844
leaf_weight=12.000000000000002 14.000000000000002 10.999999999999998 11.999999999999998 12.999999999999998 15.999999999999998 125 9.9999999999999982 10.000000000000002 9.9999999999999982 79 9.9999999999999982 19 10.999999999999998 10.999999999999998
leaf_count=12 14 11 12 13 16 125 10 10 10 79 10 19 11 11
internal_value=2.00119e-11 -0.00514701 0.000566644 0.0033269 -3.82435e-05 0.000536557 -0.00777749 0.00126215 0.00381474 -0.00119928 -0.0173436 0.00149144 -0.000829173 0.00234317
internal_weight=363 36 327 25 315 299 24 275 135 140 20 120 101 90
internal_count=363 36 327 25 315 299 24 275 135 140 20 120 101 90
is_linear=0
shrinkage=0.05


Tree=339
num_leaves=15
num_cat=0
split_feature=0 3 0 3 1 4 3 0 1 1 3 0 1 0
split_gain=0.422119 2.0033 1.29901 1.85017 1.23054 1.13113 2.20838 1.26389 1.49929 1.8338 2.6154 4.19312 3.60135 3.88152
threshold=0.12645752434065965 15.233115232496893 0.1433554977693999 7.837362471693905 22.723890276122457 6.5000000000000009 4.7427984904876892 0.14884243089412311 46.438030701212476 35.11866238505538 2.7018668802173749 0.30606785590205898 30.286541006484825 0.18543127245755314
decision_type=2 2 2 2 2 2 2 2 2 2 2 2 2 2
left_child=1 4 3 -2 -1 6 -4 -7 9 10 -9 12 -12 -14
right_child=2 -3 5 -5 -6 7 -8 8 -10 -11 11 -13 13 -15
leaf_value=0.0027236866836364447 -0.025521085908015564 -0.013498366549611091 0.0083531090679268057 0.0035992841422557834 0.025446109676902945 0.017197061516344547 -0.0187785685621202 -0.008907640048048714 0.014964958729551121 -0.008829568088392489 -0.0033165563660812504 0.029147615469992161 0.034696692426999409 0.0027569974987552721
leaf_weight=13.000000000000002 12.000000000000002 9.9999999999999982 11.999999999999998 9.9999999999999982 10.999999999999998 11.999999999999998 20 44 17 51 94 15.999999999999998 14.999999999999998 26
leaf_count=13 12 10 12 10 11 12 20 44 17 51 94 16 15 26
internal_value=-3.19741e-11 0.00530387 -0.00054812 -0.0122846 0.0131381 0.000292927 -0.00860419 0.00132823 0.000604175 -0.000388237 0.0018195 0.00494528 0.00207686 0.0144423
internal_weight=363 34 329 22 24 307 32 275 263 246 195 151 135 41
internal_count=363 34 329 22 24 307 32 275 263 246 195 151 135 41
is_linear=0
shrinkage=0.05


Tree=340
num_leaves=15
num_cat=0
split_feature=1 0 0 1 0 0 3 4 0 3 0 0 1 1
split_gain=0.40776 4.041 3.29092 1.8625 1.69926 1.34242 1.33505 1.90056 1.88023 2.06142 2.10902 1.00824 0.742451 1.23735
threshold=33.429039471018349 0.54912087009198185 0.22046593595002537 32.282707802799457 0.20781971510622008 0.42313774298843893 9.0939277547089663 13.500000000000002 0.19469509745675254 2.0462993918630548 0.17262606224361707 0.3226562617822667 31.562526241220798 30.899974818272863
decision_type=2 2 2 2 2 2 2 2 2 2 2 2 2 2
left_child=1 3 4 5 6 11 8 -8 9 -2 -11 12 13 -1
right_child=2 -3 -4 -5 -6 -7 7 -9 -10 10 -12 -13 -14 -15
leaf_value=0.0019178815399559001 0.020503740893168886 -0.027197070153696198 0.02990612924098969 -0.015531745706410969 -0.018725801868872207 0.019538890719413757 -0.00052300202789612948 0.024040199390479498 -0.022238737223669886 -0.020105295284436303 0.0060305389232541383 -0.01217581821339471 0.014330716735937381 -0.016149463057518004
leaf_weight=181 10.999999999999998 13.999999999999998 9.9999999999999982 17 10.999999999999998 9.9999999999999982 18 13.999999999999998 9.9999999999999982 12.999999999999998 19 13.999999999999998 10.999999999999998 9.9999999999999982
leaf_count=181 11 14 10 17 11 10 18 14 10 13 19 14 11 10
internal_value=2.90557e-11 -0.00107623 0.00260935 0.000428673 -0.000234061 0.00162924 0.00215899 0.0102234 -0.00271009 0.00183145 -0.00458714 0.000800085 0.00169941 0.000971947
internal_weight=363 257 106 243 96 226 85 32 53 43 32 216 202 191
internal_count=363 257 106 243 96 226 85 32 53 43 32 216 202 191
is_linear=0
shrinkage=0.05


Tree=341
num_leaves=15
num_cat=0
split_feature=1 0 0 1 0 0 3 4 0 3 0 0 3 3
split_gain=0.368004 3.647 2.97006 1.6809 1.53358 1.21154 1.20488 1.71525 1.69691 1.86043 1.90339 0.90994 0.739866 3.90854
threshold=33.429039471018349 0.54912087009198185 0.22046593595002537 32.282707802799457 0.20781971510622008 0.42313774298843893 9.0939277547089663 13.500000000000002 0.19469509745675254 2.0462993918630548 0.17262606224361707 0.3226562617822667 9.5014030073638089 11.472476557958872
decision_type=2 2 2 2 2 2 2 2 2 2 2 2 2 2
left_child=1 3 4 5 6 11 8 -8 9 -2 -11 12 -1 -14
right_child=2 -3 -4 -5 -6 -7 7 -9 -10 10 -12 -13 13 -15
leaf_value=0.0043818134734068407 0.019478554955937647 -0.025837216579488349 0.028410822711884977 -0.014755158214008107 -0.017789511653510007 0.018561946675181389 -0.00049685114968775045 0.02283818886748382 -0.021126800589263441 -0.019100030167744711 0.0057290117697496173 -0.011567027387874467 -0.026020147305514132 0.0026717746869111673
leaf_weight=110 10.999999999999998 13.999999999999998 9.9999999999999982 17 10.999999999999998 9.9999999999999982 18 13.999999999999998 9.9999999999999982 12.999999999999998 19 13.999999999999998 13.999999999999998 78
leaf_count=110 11 14 10 17 11 10 18 14 10 13 19 14 14 78
internal_value=1.63623e-10 -0.00102242 0.00247889 0.00040724 -0.000222358 0.00154777 0.00205104 0.00971223 -0.00257459 0.00173988 -0.00435779 0.000760081 0.00161443 -0.00169439
internal_weight=363 257 106 243 96 226 85 32 53 43 32 216 202 92
internal_count=363 257 106 243 96 226 85 32 53 43 32 216 202 92
is_linear=0
shrinkage=0.05


Tree=342
num_leaves=15
num_cat=0
split_feature=3 0 4 1 3 0 3 0 1 0 2 3 2 1
split_gain=0.382598 3.89983 1.95348 3.10273 1.86683 1.41583 4.03864 1.29978 1.02827 0.889218 3.64935 0.776678 2.67804 2.88703
threshold=3.3967898297969961 0.57093510892922505 7.5000000000000009 29.297878120741139 0.78527408871518556 0.16614208039986136 1.6305437930720068 0.3795318053144498 32.399272681479815 0.24516384365908575 15.500000000000002 35.214040636101437 16.500000000000004 20.90067866282261
decision_type=2 2 2 2 2 2 2 2 2 2 2 2 2 2
left_child=2 7 3 -1 -4 -6 -7 9 -8 11 -11 12 -2 -14
right_child=1 -3 4 -5 5 6 8 -9 -10 10 -12 -13 13 -15
leaf_value=-0.00077776016874445792 -0.018006250113037161 0.031621287316083907 0.015748335131340559 -0.034483836388046092 -0.015891855532924336 -0.024824651181697847 0.00060414387421174468 -0.017022826048460876 0.020462770201265815 -0.010709162503480908 0.032007038965821265 0.006600555728244431 0.026600909829139707 -0.0011070365488090239
leaf_weight=18.000000000000004 22 9.9999999999999982 18 10.999999999999998 14.999999999999998 9.9999999999999982 11.000000000000002 10.999999999999998 15.999999999999998 10.000000000000002 9.9999999999999982 34 9.9999999999999982 157
leaf_count=18 22 10 18 11 15 10 11 11 16 10 10 34 10 157
internal_value=3.7843e-11 0.000994039 -0.00265077 -0.0135628 0.00186994 -0.00293412 0.00231901 -0.000211758 0.0123722 0.000549237 0.0106489 -0.000356566 -0.00160811 0.000552122
internal_weight=363 264 99 29 70 52 37 254 27 243 20 223 189 167
internal_count=363 264 99 29 70 52 37 254 27 243 20 223 189 167
is_linear=0
shrinkage=0.05


Tree=343
num_leaves=15
num_cat=0
split_feature=3 0 3 4 2 4 0 3 1 2 2 0 1 1
split_gain=0.388405 1.00723 0.994928 0.950964 1.03044 0.735797 1.68597 3.95798 1.00958 3.16808 2.83634 1.78704 6.12195 1.75129
threshold=0.84467134774562835 0.57834252654114304 0.3308649393852458 6.5000000000000009 23.500000000000004 7.5000000000000009 0.2125679623514454 7.6554708949471477 18.081072531560785 17.500000000000004 21.500000000000004 0.1433554977693999 27.061188289243734 22.914236907170523
decision_type=2 2 2 2 2 2 2 2 2 2 2 2 2 2
left_child=2 3 -1 4 -2 6 7 -5 -7 -10 -11 12 -12 -13
right_child=1 -3 -4 5 -6 8 -8 -9 9 10 11 13 -14 -15
leaf_value=0.0049613520503044121 0.0037103332951664912 0.01534384312954816 -0.01435439517100652 0.031676231722036992 -0.016516990740509593 0.013835848332382739 -0.0033254758819289834 -0.0089335977286100401 -0.021827441190972047 0.019041287291206813 0.015126906186342236 -0.017929233858982721 -0.036909495981839985 0.001846218424776714
leaf_weight=12.000000000000002 10.000000000000002 10.999999999999998 14.999999999999998 15.000000000000002 17 11.999999999999998 23 9.9999999999999982 17 19 10.000000000000002 11.999999999999998 12.999999999999998 167
leaf_count=12 10 11 15 15 17 12 23 10 17 19 10 12 13 167
internal_value=1.04934e-10 0.00046363 -0.00576962 -4.00078e-05 -0.00902539 0.000774104 0.0064442 0.0154323 -0.000314554 -0.00102802 0.000571935 -0.00116528 -0.014285 0.00052049
internal_weight=363 336 27 325 27 298 48 25 250 238 221 202 23 179
internal_count=363 336 27 325 27 298 48 25 250 238 221 202 23 179
is_linear=0
shrinkage=0.05


Tree=344
num_leaves=15
num_cat=0
split_feature=0 0 0 3 3 1 1 4 0 4 2 3 3 3
split_gain=0.377996 0.424193 1.72932 1.34541 3.08826 2.68161 4.42472 2.86113 1.66417 1.37829 1.10486 1.67637 3.47739 1.44259
threshold=0.58188918547082713 0.17262606224361707 0.16733160327045243 4.4018140353725554 7.3608976471372758 22.846610087054945 26.085739572378152 12.500000000000002 0.1433554977693999 14.500000000000002 42.500000000000007 32.637913835117722 54.203590921867068 15.233115232496893
decision_type=2 2 2 2 2 2 2 2 2 2 2 2 2 2
left_child=1 2 3 8 9 -6 -7 -8 -1 -5 11 13 -13 -3
right_child=-2 10 -4 4 5 6 7 -9 -10 -11 -12 12 -14 -15
leaf_value=-0.00071933617194493604 -0.0095862302184104922 0.00069092487276767398 -0.02012985572218895 -0.031571165362203654 0.019471245493246792 -0.031235685538161886 0.017401218884869625 -0.015640376508235933 0.023318872957800829 -0.0075231803151277398 0.015697629778431015 -0.028258130672786909 0.0076541563352713216 0.013805639553659908
leaf_weight=18.000000000000004 9.9999999999999982 166 11.999999999999998 11.000000000000002 17 10.999999999999998 19.000000000000004 9.9999999999999982 11.999999999999998 12.999999999999998 12.999999999999998 14.000000000000002 12.999999999999998 24
leaf_count=18 10 166 12 11 17 11 19 10 12 13 13 14 13 24
internal_value=-4.16273e-11 0.000271565 -0.00209859 -0.000149259 -0.00349934 0.00283575 -0.00423433 0.00600757 0.00889595 -0.0185452 0.00153908 0.000690871 -0.010967 0.00234752
internal_weight=363 353 123 111 81 57 40 29 30 24 230 217 27 190
internal_count=363 353 123 111 81 57 40 29 30 24 230 217 27 190
is_linear=0
shrinkage=0.05


Tree=345
num_leaves=15
num_cat=0
split_feature=0 3 1 0 3 4 2 1 4 1 0 3 3 2
split_gain=0.384387 1.76101 1.16338 0.911539 1.69676 1.00761 2.08038 2.25569 2.54891 2.1858 1.89342 1.77165 6.51036 2.14881
threshold=0.12645752434065965 15.233115232496893 22.723890276122457 0.1433554977693999 7.837362471693905 11.500000000000002 42.500000000000007 34.834618601207083 13.500000000000002 36.911023736079919 0.20875567200643 7.2281644020070717 10.375191108475454 32.500000000000007
decision_type=2 2 2 2 2 2 2 2 2 2 2 2 2 2
left_child=1 2 -1 4 -2 -5 7 8 10 -9 -7 13 -13 -10
right_child=3 -3 -4 5 -6 6 -8 9 11 -11 -12 12 -14 -15
leaf_value=0.0022802323102951044 -0.023030384505788482 -0.012567291408777237 0.024373912472616544 -0.0029062786078060863 0.0048565646260976796 0.034785164283080525 0.01997180972248316 -0.027968843789263204 0.013323205024809451 -0.0020256906792881987 0.0047239150479435922 -0.030946596051217058 0.013490442586514882 -0.0086071526166051626
leaf_weight=13.000000000000002 12.000000000000002 9.9999999999999982 10.999999999999998 142 9.9999999999999982 11.000000000000002 15.999999999999998 10.999999999999998 37 31 9.9999999999999982 15.999999999999998 17 15.999999999999998
leaf_count=13 12 10 11 142 10 11 16 11 37 31 10 16 17 16
internal_value=-9.73976e-11 0.00506127 0.0124065 -0.000523049 -0.0103545 0.000181485 0.00283883 0.00099905 0.00485338 -0.00882033 0.0204703 0.00103996 -0.00805479 0.00670272
internal_weight=363 34 24 329 22 307 165 149 107 42 21 86 33 53
internal_count=363 34 24 329 22 307 165 149 107 42 21 86 33 53
is_linear=0
shrinkage=0.05


Tree=346
num_leaves=15
num_cat=0
split_feature=3 0 0 3 0 0 0 3 0 4 0 1 0 4
split_gain=0.369842 3.4174 1.82379 1.17231 0.813352 0.826467 1.90195 1.39992 1.69735 2.53954 3.10641 3.04278 4.05541 3.11816
threshold=3.3967898297969961 0.57093510892922505 0.44399541217732608 57.026840546185205 0.30606785590205898 0.24894959511381054 0.22900927814522212 44.477308154870961 0.19696634327407156 15.500000000000002 0.16263780443994127 25.937891605395283 0.16124299808971335 14.500000000000002
decision_type=2 2 2 2 2 2 2 2 2 2 2 2 2 2
left_child=2 3 -1 4 5 6 7 8 9 11 -11 -2 -13 -14
right_child=1 -3 -4 -5 -6 -7 -8 -9 -10 10 -12 12 13 -15
leaf_value=-8.5802408384865736e-05 -0.015007742765479752 0.029647646918892864 -0.020879143166045347 -0.016930567435920238 0.011815659826000531 -0.012975914217531682 0.02180109977722168 0.015359121102553148 -0.0085787543840706356 -0.0024319274273390569 0.032846304014898263 0.017931250284115473 0.0035080718196695672 -0.023525570338824766
leaf_weight=87 31 9.9999999999999982 11.999999999999998 9.9999999999999982 14.999999999999998 11.999999999999998 9.9999999999999982 12.999999999999998 60 12.000000000000002 12.999999999999998 30 32 15.999999999999998
leaf_count=87 31 10 12 10 15 12 10 13 60 12 13 30 32 16
internal_value=-5.00939e-11 0.000977328 -0.00260621 -0.000151425 0.000536245 -0.000202582 0.000503778 -0.000525078 -0.00158948 0.00154004 0.0159128 -0.00175645 0.00351009 -0.00550314
internal_weight=363 264 99 254 244 229 217 207 194 134 25 109 78 48
internal_count=363 264 99 254 244 229 217 207 194 134 25 109 78 48
is_linear=0
shrinkage=0.05


Tree=347
num_leaves=15
num_cat=0
split_feature=0 0 0 3 0 3 3 3 1 4 2 3 3 2
split_gain=0.382914 0.377479 1.68551 3.23926 3.00798 2.39302 2.18952 3.01088 1.61634 4.25955 0.961645 1.63919 3.60238 2.35297
threshold=0.58188918547082713 0.17262606224361707 0.15618500335845617 11.472476557958872 0.138136334488209 6.0888709215534069 3.5349209757263877 1.4272395205449415 29.082647501496133 12.500000000000002 42.500000000000007 24.620985406743042 15.939136698757919 28.500000000000004
decision_type=2 2 2 2 2 2 2 2 2 2 2 2 2 2
left_child=1 2 3 5 -5 6 7 -1 -4 -10 11 12 -3 -13
right_child=-2 10 8 4 -6 -7 -8 -9 9 -11 -12 13 -14 -15
leaf_value=0.010998820140957828 -0.0096483901143074036 0.00077855685380047663 -0.024342499686671154 0.003906110674142837 0.037491686493158337 -0.018610431954619432 0.016414200025610625 -0.027801177948713302 0.021490891575813287 -0.0226938933134079 0.014678068917531234 -0.018256641714833679 0.029140909776712461 0.007536263973452151
leaf_weight=10.000000000000002 9.9999999999999982 167 13.999999999999998 20.000000000000004 9.9999999999999982 21 15.999999999999998 9.9999999999999982 10.000000000000002 11.999999999999998 12.999999999999998 24 11.999999999999998 13.999999999999998
leaf_count=10 10 167 14 20 10 21 16 10 10 12 13 24 12 14
internal_value=8.60768e-11 0.000273326 -0.00196251 0.00180257 0.0151013 -0.00519676 0.00262788 -0.00840118 -0.0110615 -0.0026099 0.00146901 0.000677688 0.00267994 -0.00875399
internal_weight=363 353 123 87 30 57 36 20 36 22 230 217 179 38
internal_count=363 353 123 87 30 57 36 20 36 22 230 217 179 38
is_linear=0
shrinkage=0.05


Tree=348
num_leaves=15
num_cat=0
split_feature=0 3 3 0 3 3 3 2 2 3 3 0 3 0
split_gain=0.37221 1.66467 1.07861 0.833331 1.48391 0.910358 7.17547 3.88226 7.37654 4.75357 2.50088 2.51409 2.34651 3.61763
threshold=0.12645752434065965 15.233115232496893 6.6034504521373156 0.1433554977693999 7.837362471693905 4.6952170247517371 4.3309800485730934 35.500000000000007 32.500000000000007 2.9885415703822882 5.6583401590461166 0.20002188076721741 7.2281644020070717 0.20437523707108782
decision_type=2 2 2 2 2 2 2 2 2 2 2 2 2 2
left_child=1 2 -1 4 -2 6 7 8 -5 -9 11 -7 13 -12
right_child=3 -3 -4 5 -6 10 -8 9 -10 -11 12 -13 -14 -15
leaf_value=0.0031635011945452002 -0.021769107691943641 -0.0121591242402792 0.024663787782192234 0.00094137443980622673 0.004310078471899033 -0.0014952685683965684 0.044193105697631838 -0.0010155013079444564 -0.041886412740374607 0.043489041961729528 -0.0055387981422245491 -0.02957968170444171 -0.0016563465394850438 0.036013516038656233
leaf_weight=14.000000000000002 12.000000000000002 9.9999999999999982 9.9999999999999982 62 9.9999999999999982 17 9.9999999999999982 15.000000000000002 11.999999999999998 9.9999999999999982 10.000000000000002 14.999999999999998 145 10.999999999999998
leaf_count=14 12 10 10 62 10 17 10 15 12 10 10 15 145 11
internal_value=5.36216e-11 0.00498046 0.012122 -0.000514698 -0.00991493 0.000158934 0.0038286 -0.000248625 -0.00600367 0.0167863 -0.00186123 -0.0146598 0.000605967 0.0162267
internal_weight=363 34 24 329 22 307 109 99 74 25 198 32 166 21
internal_count=363 34 24 329 22 307 109 99 74 25 198 32 166 21
is_linear=0
shrinkage=0.05


Tree=349
num_leaves=15
num_cat=0
split_feature=0 1 1 0 0 0 0 2 3 0 3 1 2 2
split_gain=0.372346 0.351724 1.52101 4.80656 1.37975 1.74942 1.27545 0.904385 0.903982 2.01696 1.37645 0.821403 3.17499 4.60729
threshold=0.58188918547082713 32.282707802799457 33.822575691797404 0.19074383441292053 0.14509683463651227 0.16372825153660145 0.18020710728803527 37.500000000000007 17.215124489346362 0.20263218458347004 7.4460065935752722 28.941854964452411 30.500000000000004 33.500000000000007
decision_type=2 2 2 2 2 2 2 2 2 2 2 2 2 2
left_child=1 11 3 -3 -4 -6 7 -7 9 10 -8 -1 -13 -14
right_child=-2 2 4 -5 5 6 8 -9 -10 -11 -12 12 13 -15
leaf_value=-0.00024909967882821789 -0.0095143061876297001 -0.039409306645393355 0.016620290651917457 0.007526880099127691 -0.01919093318283558 0.022596182674169532 -0.0054944472387433042 0.0022366672754287721 0.010710544311441481 0.0061912796018939271 -0.029782427996397021 -0.0085393533288013381 0.041109240086128318 0.0025941994549198589
leaf_weight=177 9.9999999999999982 10.000000000000002 11.999999999999998 11.999999999999998 11.999999999999998 10.000000000000002 14.000000000000002 11.999999999999998 9.9999999999999982 19 9.9999999999999982 21 11.999999999999998 22
leaf_count=177 10 10 12 12 12 10 14 12 10 19 10 21 12 22
internal_value=-6.40124e-11 0.000269527 -0.00191589 -0.0138078 0.000726741 -0.00146547 0.0013706 0.011491 -0.00283032 -0.00597935 -0.0156144 0.00140934 0.00674649 0.0161877
internal_weight=363 353 121 22 99 87 75 22 53 43 24 232 55 34
internal_count=363 353 121 22 99 87 75 22 53 43 24 232 55 34
is_linear=0
shrinkage=0.05


Tree=350
num_leaves=15
num_cat=0
split_feature=0 1 1 2 0 3 4 1 4 1 0 0 0 1
split_gain=0.374007 0.53416 1.43638 2.5607 2.42948 1.95537 2.07524 1.76539 1.59188 1.27305 3.44537 1.62972 1.05056 1.57404
threshold=0.54912087009198185 29.297878120741139 27.2740178447376 27.500000000000004 0.20781971510622008 1.561530289950378 7.5000000000000009 26.085739572378152 10.500000000000002 23.229002716043073 0.20964796142968531 0.11091051342035599 0.14241435813816225 30.286541006484825
decision_type=2 2 2 2 2 2 2 2 2 2 2 2 2 2
left_child=1 2 3 5 -4 -1 -7 9 -5 10 11 -8 -3 -14
right_child=-2 12 4 8 -6 6 7 -9 -10 -11 -12 -13 13 -15
leaf_value=0.023015900159424004 -0.0072405293583869936 -0.015939357566336791 -0.001813583282960786 -0.029023040898821562 0.024164388597839412 0.011869372054934503 -0.0098645723611116374 -0.02302963573485613 -0.0026899454571927589 0.012335526943206788 -0.018792441033798717 0.014659776068514303 -0.017227391784007735 0.0009552501465676102
leaf_weight=10.999999999999998 17 11.999999999999998 18 11.000000000000002 18 31 10.000000000000002 9.9999999999999982 11.999999999999998 14.999999999999998 23 21 12.999999999999998 141
leaf_count=11 17 12 18 11 18 31 10 10 12 15 23 21 13 141
internal_value=5.13125e-13 0.000355749 0.00224237 9.1154e-06 0.0111754 0.00291608 0.000906096 -0.00339595 -0.015284 -0.000550488 -0.00412994 0.0067487 -0.00168999 -0.000579648
internal_weight=363 346 180 144 36 121 110 79 23 69 54 31 166 154
internal_count=363 346 180 144 36 121 110 79 23 69 54 31 166 154
is_linear=0
shrinkage=0.05


Tree=351
num_leaves=15
num_cat=0
split_feature=3 0 3 4 2 4 0 3 0 2 0 1 3 3
split_gain=0.373466 0.909913 0.865115 0.862451 1.06118 0.65492 1.57228 3.52624 0.91932 1.26226 1.67806 3.47216 1.06428 1.74782
threshold=0.84467134774562835 0.57834252654114304 0.3308649393852458 6.5000000000000009 23.500000000000004 7.5000000000000009 0.2125679623514454 7.6554708949471477 0.287450437784389 15.500000000000002 0.21930452351660468 22.914236907170523 12.466369356555807 14.668471226969872
decision_type=2 2 2 2 2 2 2 2 2 2 2 2 2 2
left_child=2 3 -1 4 -2 6 7 -5 9 -7 12 -12 -11 -14
right_child=1 -3 -4 5 -6 8 -8 -9 -10 10 11 -13 13 -15
leaf_value=0.0043488778794805198 0.0043432408571243272 0.014597757702524012 -0.013662734031677247 0.030112827171881986 -0.016183600947260856 -0.01405730280915604 -0.0033339093560757847 -0.0082181932777166383 0.013857197693803095 -0.0042621599348980615 -0.012100938260555263 0.024645294414626231 0.019985551501695925 -0.0004359522886160348
leaf_weight=12.000000000000002 10.000000000000002 10.999999999999998 14.999999999999998 15.000000000000002 17 17 23 9.9999999999999982 10.999999999999998 127 10.000000000000002 18 12.999999999999998 54
leaf_count=12 10 11 15 15 17 17 23 10 11 127 10 18 13 54
internal_value=-3.07875e-11 0.000454626 -0.00565757 -2.40642e-05 -0.00858107 0.000751235 0.00610064 0.0147804 -0.00027585 -0.000926326 7.91998e-05 0.0115216 -0.00157229 0.00352643
internal_weight=363 336 27 325 27 298 48 25 250 239 222 28 194 67
internal_count=363 336 27 325 27 298 48 25 250 239 222 28 194 67
is_linear=0
shrinkage=0.05


Tree=352
num_leaves=15
num_cat=0
split_feature=0 1 0 3 3 3 3 2 0 1 1 1 3 1
split_gain=0.365832 0.477938 1.35181 1.70227 1.35166 4.93011 3.69467 1.6939 2.22201 2.73428 5.82144 2.19679 1.96304 1.48072
threshold=0.54912087009198185 29.297878120741139 0.40240213113500939 0.92248558382639023 3.2669359738780983 5.7787937871708071 7.2281644020070717 26.500000000000004 0.19195746472838551 26.085739572378152 22.914236907170523 27.061188289243734 22.076081990366486 22.846610087054945
decision_type=2 2 2 2 2 2 2 2 2 2 2 2 2 2
left_child=1 2 3 -1 13 -6 -7 8 12 10 -10 -9 -8 -5
right_child=-2 -3 -4 4 5 6 7 11 9 -11 -12 -13 -14 -15
leaf_value=-0.018036035312847656 -0.0071609597214881112 -0.0015832456429096229 0.018349132873117926 0.00077036669743912542 -0.021407605013386771 0.029565179118743314 -0.0016781096011400224 -0.002534092236310243 -0.021310532043377555 -0.030646050612752634 0.027939849048852924 0.030607988834381109 0.022924118644247454 0.023766661967550007
leaf_weight=10.999999999999998 17 166 11.999999999999998 14.000000000000002 22 12.999999999999998 25 10.000000000000002 15.000000000000002 11.999999999999998 9.9999999999999982 9.9999999999999982 11.999999999999998 13.999999999999998
leaf_count=11 17 166 12 14 22 13 25 10 15 12 10 10 12 14
internal_value=2.36294e-10 0.000351839 0.00213642 0.000978367 0.00231059 0.000149175 0.00458141 0.00112621 -0.00236318 -0.0110274 -0.00161038 0.0140369 0.00630099 0.0122685
internal_weight=363 346 180 168 157 129 107 94 74 37 25 20 37 28
internal_count=363 346 180 168 157 129 107 94 74 37 25 20 37 28
is_linear=0
shrinkage=0.05


Tree=353
num_leaves=15
num_cat=0
split_feature=0 1 0 3 3 3 3 2 0 1 1 1 3 1
split_gain=0.330164 0.431339 1.22001 1.5363 1.21987 4.44942 3.33444 1.52875 2.00536 2.46769 5.25385 1.98261 1.77164 1.46549
threshold=0.54912087009198185 29.297878120741139 0.40240213113500939 0.92248558382639023 3.2669359738780983 5.7787937871708071 7.2281644020070717 26.500000000000004 0.19195746472838551 26.085739572378152 22.914236907170523 27.061188289243734 22.076081990366486 21.825108049454268
decision_type=2 2 2 2 2 2 2 2 2 2 2 2 2 2
left_child=1 2 3 -1 -5 13 -7 8 12 10 -10 -9 -8 -6
right_child=-2 -3 -4 4 5 6 7 11 9 -11 -12 -13 -14 -15
leaf_value=-0.017134233835068617 -0.0068029126481098283 -0.001504083619318364 0.017431675270199776 0.011655088633831058 -0.006200749687850473 0.028086919667055978 -0.001594204142689705 -0.0024073876533657304 -0.020245005289713538 -0.029113747715018692 0.026542855948209765 0.029077589958906178 0.021777913284798465 -0.032117620731393501
leaf_weight=10.999999999999998 17 166 11.999999999999998 28 10.000000000000002 12.999999999999998 25 10.000000000000002 15.000000000000002 11.999999999999998 9.9999999999999982 9.9999999999999982 11.999999999999998 11.999999999999998
leaf_count=11 17 166 12 28 10 13 25 10 15 12 10 10 12 12
internal_value=3.70733e-11 0.000334247 0.0020296 0.000929448 0.00219506 0.000141716 0.00435234 0.0010699 -0.00224502 -0.010476 -0.00152986 0.0133351 0.00598594 -0.0203372
internal_weight=363 346 180 168 157 129 107 94 74 37 25 20 37 22
internal_count=363 346 180 168 157 129 107 94 74 37 25 20 37 22
is_linear=0
shrinkage=0.05


Tree=354
num_leaves=15
num_cat=0
split_feature=4 0 5 1 0 0 0 0 0 2 3 3 1 0
split_gain=0.351298 1.56882 1.58491 4.73615 3.95693 2.75716 3.21536 5.13341 4.02474 2.21643 1.53355 4.28894 1.80923 1.51546
threshold=11.500000000000002 0.11421914061704323 1.0000000180025095e-35 27.061188289243734 0.14884243089412311 0.16987068353822704 0.19521743906267966 0.2125679623514454 0.22688607291604201 29.500000000000004 2.7018668802173749 4.6952170247517371 23.717056895400408 0.35386772152333829
decision_type=2 2 2 2 2 2 2 2 2 2 2 2 2 2
left_child=1 -1 4 -4 -3 -6 9 -8 -9 -7 -10 -12 -13 -2
right_child=13 2 3 -5 5 6 7 8 10 -11 11 12 -14 -15
leaf_value=0.014428979956677981 0.00043420315740952614 0.024548775436622757 0.010276591247664049 -0.028889392943758713 -0.025291975385222872 -0.0020966909080743783 -0.031960312140484656 0.029680415987968445 -0.018440423036615052 0.029213783259575184 0.028548466116189958 0.0074536368995904894 -0.019071588065061304 0.020434963963925842
leaf_weight=13.999999999999998 179 13.999999999999998 12.999999999999998 19 12.999999999999998 10.000000000000002 14.999999999999998 9.9999999999999982 14.999999999999998 12.999999999999998 9.9999999999999982 10.000000000000002 18 9.9999999999999982
leaf_count=14 179 14 13 19 13 10 15 10 15 13 10 10 18 10
internal_value=-7.95986e-11 -0.0016211 -0.00302549 -0.0129782 -0.000537304 -0.00361805 -0.000828338 -0.00567275 0.000586195 0.0156005 -0.00490328 0.000440327 -0.00959829 0.00149244
internal_weight=363 174 160 32 128 114 101 78 63 23 53 38 28 189
internal_count=363 174 160 32 128 114 101 78 63 23 53 38 28 189
is_linear=0
shrinkage=0.05


Tree=355
num_leaves=15
num_cat=0
split_feature=1 0 0 0 4 1 4 1 1 0 1 0 0 3
split_gain=0.34566 3.34116 2.56916 1.51094 1.57472 2.11674 1.88939 1.97574 1.22538 1.21369 1.17269 1.05038 0.859072 0.754455
threshold=33.429039471018349 0.54912087009198185 0.22046593595002537 0.14509683463651227 14.500000000000002 36.911023736079919 10.500000000000002 39.576542236382451 32.282707802799457 0.18368295402554474 45.492068763775279 0.42313774298843893 0.3226562617822667 9.5014030073638089
decision_type=2 2 2 2 2 2 2 2 2 2 2 2 2 2
left_child=1 8 3 -2 6 -6 10 -8 11 -7 -5 12 13 -1
right_child=2 -3 -4 4 5 9 7 -9 -10 -11 -12 -13 -14 -15
leaf_value=0.0042425304549661555 0.016486274637281896 -0.024742408150008749 0.026520838215947154 -0.019919604063034051 -0.028501238538460302 -0.014332770804564155 0.025389665697834313 -0.0022585042674715321 -0.012568369113347112 0.0070011134942372646 0.0042949374020099648 0.017193547785282134 -0.011359719293458123 -0.0018932807881830505
leaf_weight=110 11.999999999999998 13.999999999999998 9.9999999999999982 10.000000000000002 10.999999999999998 12.000000000000002 14.000000000000002 11.999999999999998 17 14.999999999999998 9.9999999999999982 9.9999999999999982 13.999999999999998 92
leaf_count=110 12 14 10 10 11 12 14 12 17 15 10 10 14 92
internal_value=1.23535e-10 -0.000990895 0.00240245 -0.000109878 -0.00248076 -0.0100129 0.00374145 0.012629 0.000377505 -0.00248061 -0.00781233 0.00135131 0.000617872 0.001448
internal_weight=363 257 106 96 84 38 46 26 243 27 20 226 216 202
internal_count=363 257 106 96 84 38 46 26 243 27 20 226 216 202
is_linear=0
shrinkage=0.05


Tree=356
num_leaves=15
num_cat=0
split_feature=0 0 3 0 3 3 3 1 4 0 1 2 1 1
split_gain=0.364193 1.38988 2.66884 2.76252 2.24662 2.00828 2.70416 1.58351 3.84328 0.986988 1.69295 5.17697 4.17473 1.3964
threshold=0.17262606224361707 0.15618500335845617 11.472476557958872 0.138136334488209 6.0888709215534069 3.5349209757263877 1.4272395205449415 29.082647501496133 12.500000000000002 0.19121938185453405 32.095940826563201 32.500000000000007 34.273443017586253 30.414829597982521
decision_type=2 2 2 2 2 2 2 2 2 2 2 2 2 2
left_child=1 2 4 -4 5 6 -1 -3 -9 13 11 -11 -12 -2
right_child=9 7 3 -5 -6 -7 -8 8 -10 10 12 -13 -14 -15
leaf_value=0.010257593691349027 0.017523475689813495 -0.02362029033579997 0.0025491837039589879 0.034735255539417267 -0.018143399986660199 0.015638425410725177 -0.026513035967946054 0.020783397257328029 -0.021186895606418454 0.00025951005761850292 0.027276200669653278 -0.02866594460275438 -0.0025329278340857284 0.0011252668082109979
leaf_weight=10.000000000000002 20 13.999999999999998 20.000000000000004 9.9999999999999982 21 15.999999999999998 9.9999999999999982 10.000000000000002 11.999999999999998 110 17 18 38 37
leaf_count=10 20 14 20 10 21 16 10 10 12 110 17 18 38 37
internal_value=4.69189e-11 -0.00221226 0.00120673 0.0132779 -0.00514651 0.00243501 -0.00812772 -0.0104748 -0.00210949 0.00113378 -0.00065572 -0.00380813 0.0066808 0.00687902
internal_weight=363 123 87 30 57 36 20 36 22 240 183 128 55 57
internal_count=363 123 87 30 57 36 20 36 22 240 183 128 55 57
is_linear=0
shrinkage=0.05


Tree=357
num_leaves=15
num_cat=0
split_feature=3 0 3 3 3 0 0 0 0 3 5 0 0 1
split_gain=0.335785 0.981074 1.01504 0.7858 0.672732 0.764175 1.02616 0.952174 1.64165 1.14023 1.41041 1.48245 1.36371 3.49049
threshold=0.84467134774562835 0.57834252654114304 57.026840546185205 0.3308649393852458 1.6305437930720068 0.3795318053144498 0.30606785590205898 0.26557657075039776 0.2336672104347095 44.477308154870961 1.0000000180025095e-35 0.1551028605827689 0.20781971510622008 23.42369568755861
decision_type=2 2 2 2 2 2 2 2 2 2 2 2 2 2
left_child=3 2 4 -1 -2 6 7 8 9 10 12 -12 -6 -14
right_child=1 -3 -4 -5 5 -7 -8 -9 -10 -11 11 -13 13 -15
leaf_value=0.004172152342895666 0.0098420552081531949 0.015116845071315766 -0.014995214207605882 -0.012993952160080275 0.0025093232340079809 -0.010405652838594773 0.016240614503622058 -0.014477962865070863 0.018601323540012041 0.014073480812322276 -0.025868942249904971 -0.0028042277811389221 -0.031828792833469136 0.00069387703569549503
leaf_weight=12.000000000000002 18 10.999999999999998 10.999999999999998 14.999999999999998 159 17 9.9999999999999982 10.999999999999998 11.999999999999998 12.999999999999998 11.000000000000002 19 10.999999999999998 33
leaf_count=12 18 11 11 15 159 17 10 11 12 13 11 19 11 33
internal_value=-2.78451e-11 0.000431082 -6.59749e-05 -0.00536457 0.000457024 -0.000113687 0.000513422 -7.12325e-05 0.000543008 -0.000337885 -0.00114195 -0.0112613 0.000353515 -0.00743679
internal_weight=363 336 325 27 314 296 279 269 258 246 233 30 203 44
internal_count=363 336 325 27 314 296 279 269 258 246 233 30 203 44
is_linear=0
shrinkage=0.05


Tree=358
num_leaves=15
num_cat=0
split_feature=0 0 0 3 0 3 3 3 1 4 3 2 0 3
split_gain=0.332563 0.409253 1.26768 2.43156 2.44476 2.02994 1.8214 2.45542 1.40882 3.45666 0.914316 4.21719 3.73711 2.00773
threshold=0.58188918547082713 0.17262606224361707 0.15618500335845617 11.472476557958872 0.138136334488209 6.0888709215534069 3.5349209757263877 1.4272395205449415 29.082647501496133 12.500000000000002 26.672181809273017 28.500000000000004 0.21110711455464756 15.939136698757919
decision_type=2 2 2 2 2 2 2 2 2 2 2 2 2 2
left_child=1 2 3 5 -5 6 7 -1 -4 -10 13 12 -12 -3
right_child=-2 10 8 4 -6 -7 -8 -9 9 -11 11 -13 -14 -15
leaf_value=0.0097943793237209292 -0.0089916899800300595 0.0013085982352495195 -0.022363495667065896 0.0026211414858698843 0.032899594157934191 -0.017226562063608852 0.014908403810113669 -0.025244286060333257 0.01963701412081718 -0.020166279934346679 -0.00046222467314113258 0.012926447243594073 -0.042695133071392777 0.019306838085107945
leaf_weight=10.000000000000002 9.9999999999999982 175 13.999999999999998 20.000000000000004 9.9999999999999982 21 15.999999999999998 9.9999999999999982 10.000000000000002 11.999999999999998 11.000000000000002 17 9.9999999999999982 17
leaf_count=10 10 175 14 20 10 21 16 10 10 12 11 17 10 17
internal_value=1.21354e-10 0.000254722 -0.00207332 0.00119191 0.012714 -0.00487232 0.00233432 -0.00772495 -0.00996428 -0.00207387 0.00149972 -0.00558648 -0.0205731 0.00290219
internal_weight=363 353 123 87 30 57 36 20 36 22 230 38 21 192
internal_count=363 353 123 87 30 57 36 20 36 22 230 38 21 192
is_linear=0
shrinkage=0.05


Tree=359
num_leaves=15
num_cat=0
split_feature=3 1 0 0 3 3 0 0 0 0 3 5 4 0
split_gain=0.311418 2.63787 0.949587 0.910142 0.908602 0.797789 0.687245 0.918901 0.827267 1.56073 1.04729 1.2234 1.37655 2.10813
threshold=0.92248558382639023 26.410870144149744 0.19387667207569328 0.57834252654114304 57.026840546185205 1.6305437930720068 0.3795318053144498 0.30606785590205898 0.26557657075039776 0.2336672104347095 44.477308154870961 1.0000000180025095e-35 9.0000000000000018 0.20650104838725608
decision_type=2 2 2 2 2 2 2 2 2 2 2 2 2 2
left_child=1 -1 -3 4 5 -2 7 8 9 10 11 12 -7 -14
right_child=3 2 -4 -5 -6 6 -8 -9 -10 -11 -12 -13 13 -15
leaf_value=-0.025846921503543847 0.011705466359853745 0.016499509066343301 -0.0052902430295944216 0.014582327821037987 -0.014166105369275268 0.0084474733371923613 -0.0098743127987665283 0.015363154709339142 -0.013501270589503376 0.018107466585934161 0.013452511717780278 -0.010554257488499086 0.0012949729301035405 -0.01229191103862045
leaf_weight=10.000000000000002 14.999999999999998 10.000000000000002 9.9999999999999982 10.999999999999998 10.999999999999998 41 17 9.9999999999999982 10.999999999999998 11.999999999999998 12.999999999999998 30 125 37
leaf_count=10 15 10 10 11 11 41 17 10 11 12 13 30 125 37
internal_value=-4.93242e-11 -0.00487922 0.00560463 0.000439569 -4.35685e-05 0.000455942 -0.000114135 0.000480571 -7.26845e-05 0.000499852 -0.000359056 -0.00112966 0.000263139 -0.0018082
internal_weight=363 30 20 333 322 311 296 279 269 258 246 233 203 162
internal_count=363 30 20 333 322 311 296 279 269 258 246 233 203 162
is_linear=0
shrinkage=0.05


Tree=360
num_leaves=15
num_cat=0
split_feature=0 0 0 3 3 1 1 0 0 4 2 3 3 1
split_gain=0.338312 0.391219 1.14043 1.44276 2.94722 2.51903 3.91536 2.18444 1.47544 1.19169 0.861919 1.483 3.05477 2.24555
threshold=0.58188918547082713 0.17262606224361707 0.16733160327045243 4.4018140353725554 7.3608976471372758 22.846610087054945 26.085739572378152 0.15072376617313146 0.1433554977693999 14.500000000000002 42.500000000000007 24.620985406743042 15.939136698757919 21.451679169957895
decision_type=2 2 2 2 2 2 2 2 2 2 2 2 2 2
left_child=1 2 3 8 9 -6 -7 -8 -1 -5 11 12 13 -3
right_child=-2 10 -4 4 5 6 7 -9 -10 -11 -12 -13 -14 -15
leaf_value=-0.00012317618562115561 -0.0090690752863883985 0.015763448381965812 -0.01666203122586012 -0.030715796165168275 0.018406673783765121 -0.02996878258206628 0.01926965537880148 -0.0081921553611755387 0.022510969763000807 -0.0083549118672425933 0.013979564377894769 -0.0082461025247252302 0.026996385701932014 -0.0013798368497398394
leaf_weight=18.000000000000004 9.9999999999999982 22 11.999999999999998 11.000000000000002 17 10.999999999999998 14.000000000000002 14.999999999999998 11.999999999999998 12.999999999999998 12.999999999999998 38 11.999999999999998 145
leaf_count=18 10 22 12 11 17 11 14 15 12 13 13 38 12 145
internal_value=2.07816e-11 0.000256914 -0.00201925 -0.000436247 -0.00390541 0.00228333 -0.00456909 0.00506527 0.00893048 -0.0186037 0.00147417 0.000724997 0.00262948 0.00087856
internal_weight=363 353 123 111 81 57 40 29 30 24 230 217 179 167
internal_count=363 353 123 111 81 57 40 29 30 24 230 217 179 167
is_linear=0
shrinkage=0.05


Tree=361
num_leaves=15
num_cat=0
split_feature=3 0 4 1 3 4 0 2 1 0 0 2 3 2
split_gain=0.340648 3.28424 1.88732 2.79072 1.6176 1.21351 2.00237 5.2427 1.29058 1.05876 1.0139 3.31229 0.55977 2.02598
threshold=3.3967898297969961 0.57093510892922505 7.5000000000000009 27.871677752105899 0.78527408871518556 10.500000000000002 0.19387667207569328 28.500000000000004 30.621236653992103 0.3795318053144498 0.24516384365908575 15.500000000000002 35.214040636101437 16.500000000000004
decision_type=2 2 2 2 2 2 2 2 2 2 2 2 2 2
left_child=2 9 3 -1 -4 -6 8 -8 -7 10 12 -12 13 -2
right_child=1 -3 4 -5 5 6 7 -9 -10 -11 11 -13 -14 -15
leaf_value=0.00075417298357933745 -0.015774261426519266 0.029044174477458003 0.014861058112647799 -0.030434421449899676 0.013123990148305892 -0.0050055992603301987 -0.018128959337870273 0.030890482021495705 -0.03040816463530064 -0.015341158820824189 -0.0090450944751501051 0.031650655642151831 0.0054572982193135172 0.00036744372863434032
leaf_weight=16.000000000000004 22 9.9999999999999982 18 12.999999999999998 9.9999999999999982 10.000000000000002 12.000000000000002 9.9999999999999982 9.9999999999999982 10.999999999999998 10.000000000000002 9.9999999999999982 34 167
leaf_count=16 22 10 18 13 10 10 12 10 10 11 10 10 34 167
internal_value=1.59069e-11 0.000937963 -0.00250123 -0.0132269 0.00194227 -0.00252962 -0.00625667 0.0041526 -0.0177069 -0.000168581 0.000518243 0.0113028 -0.00044898 -0.00151148
internal_weight=363 264 99 29 70 52 42 22 20 254 243 20 223 189
internal_count=363 264 99 29 70 52 42 22 20 254 243 20 223 189
is_linear=0
shrinkage=0.05


Tree=362
num_leaves=15
num_cat=0
split_feature=0 1 1 0 3 3 0 3 3 1 1 1 2 3
split_gain=0.363635 0.35724 1.27895 4.12191 1.16486 3.65765 1.94943 2.00787 1.94184 3.5378 1.67072 0.808965 2.56547 1.39854
threshold=0.58188918547082713 32.282707802799457 33.822575691797404 0.19074383441292053 11.628055157923695 7.4460065935752722 0.19387667207569328 22.076081990366486 3.8652597532926829 42.545534002999283 42.233037606540698 30.323500659777761 30.500000000000004 9.5014030073638089
decision_type=2 2 2 2 2 2 2 2 2 2 2 2 2 2
left_child=1 11 3 -3 5 8 7 -6 9 -4 -10 13 -13 -1
right_child=-2 2 4 -5 6 -7 -8 -9 10 -11 -12 12 -14 -15
leaf_value=0.0040490004267882225 -0.0094023537635803227 -0.036548966467380511 0.025216003733554055 0.0069160622234145808 -0.032507769465446465 0.028045317602272218 0.0096907027743079466 -0.0015513053925877269 -0.026710643653165202 -0.0082968307969470811 0.00084689757363362757 -0.006916969482387814 0.021986219111610861 -0.0043299164259703931
leaf_weight=110 9.9999999999999982 10.000000000000002 13.999999999999998 11.999999999999998 10.000000000000002 12.999999999999998 10.999999999999998 10.999999999999998 11.000000000000002 18 10.999999999999998 14.000000000000002 17 91
leaf_count=110 10 10 14 12 10 13 11 11 11 18 11 14 17 91
internal_value=1.24305e-10 0.000266356 -0.00193613 -0.0128408 0.000487118 0.00423536 -0.00736076 -0.0162925 -0.00149667 0.00636503 -0.0129319 0.00141507 0.00893317 0.00025556
internal_weight=363 353 121 22 99 67 32 21 54 32 22 232 31 201
internal_count=363 353 121 22 99 67 32 21 54 32 22 232 31 201
is_linear=0
shrinkage=0.05


Tree=363
num_leaves=15
num_cat=0
split_feature=3 0 4 1 3 4 3 2 0 0 2 2 2 1
split_gain=0.355206 2.97264 1.71537 2.53898 1.49006 1.11671 1.90954 1.00128 0.973608 0.911041 3.00231 0.534562 2.28756 1.69981
threshold=3.3967898297969961 0.57093510892922505 7.5000000000000009 27.871677752105899 0.78527408871518556 10.500000000000002 2.0844848905668085 28.500000000000004 0.3795318053144498 0.24516384365908575 15.500000000000002 14.500000000000002 17.500000000000004 20.90067866282261
decision_type=2 2 2 2 2 2 2 2 2 2 2 2 2 2
left_child=2 8 3 -1 -4 -6 7 -7 9 11 -11 -2 -13 -14
right_child=1 -3 4 -5 5 6 -8 -9 -10 10 -12 12 13 -15
leaf_value=0.00055604954250156871 0.0079082985098163291 0.027697473242878912 0.014081185911264685 -0.029192559478374631 0.012406422607600691 -0.026771399514241647 0.0055447893511307873 -0.0058868822952111571 -0.014644583416256039 -0.0085858171712607113 0.030158935189247133 -0.023259712891145187 0.020255176872015002 -0.00091196712512654548
leaf_weight=16.000000000000004 18 9.9999999999999982 18 12.999999999999998 9.9999999999999982 11.000000000000002 19 11.999999999999998 10.999999999999998 10.000000000000002 9.9999999999999982 10.999999999999998 9.9999999999999982 184
leaf_count=16 18 10 18 13 10 11 19 12 11 10 10 11 10 184
internal_value=-1.33573e-10 0.000957795 -0.00255412 -0.0127795 0.00168212 -0.00260986 -0.00618517 -0.0158751 -9.49484e-05 0.000563677 0.0107866 -0.000353173 -0.00107857 0.000179123
internal_weight=363 264 99 29 70 52 42 23 254 243 20 223 205 194
internal_count=363 264 99 29 70 52 42 23 254 243 20 223 205 194
is_linear=0
shrinkage=0.05


Tree=364
num_leaves=15
num_cat=0
split_feature=0 1 1 0 0 0 0 1 1 2 1 2 2 0
split_gain=0.372309 0.304129 1.11932 3.76617 1.06075 1.56612 1.2235 0.825486 1.80214 1.12036 0.768379 2.53803 4.2898 3.70361
threshold=0.58188918547082713 32.282707802799457 33.822575691797404 0.19074383441292053 0.14509683463651227 0.16372825153660145 0.18020710728803527 38.060479599637567 35.11866238505538 33.500000000000007 28.941854964452411 30.500000000000004 33.500000000000007 0.1915869478148958
decision_type=2 2 2 2 2 2 2 2 2 2 2 2 2 2
left_child=1 10 3 -3 -4 -6 -7 8 -8 -9 -1 -12 -13 -14
right_child=-2 2 4 -5 5 6 7 9 -10 -11 11 12 13 -15
leaf_value=-0.00027461233890831133 -0.009513844549655915 -0.034626171290874468 0.014440014585852624 0.0069209469171861819 -0.018189014059801899 0.011177709630944513 0.002807378924141327 -0.0080665638670325262 -0.025932466723024846 0.011033754489001107 -0.0071753755300527529 0.038980150036513811 0.022330854223533106 -0.018699140169403768
leaf_weight=177 9.9999999999999982 10.000000000000002 11.999999999999998 11.999999999999998 11.999999999999998 22 12.000000000000002 14.000000000000002 9.9999999999999982 17 21 11.999999999999998 11.000000000000002 10.999999999999998
leaf_count=177 10 10 12 12 12 22 12 14 10 17 21 12 11 11
internal_value=5.43913e-11 0.000269514 -0.00176267 -0.0119641 0.000504317 -0.00141785 0.00126554 -0.00284895 -0.0102562 0.0024078 0.0013294 0.00649141 0.0149327 0.00181586
internal_weight=363 353 121 22 99 87 75 53 22 31 232 55 34 22
internal_count=363 353 121 22 99 87 75 53 22 31 232 55 34 22
is_linear=0
shrinkage=0.05


Tree=365
num_leaves=15
num_cat=0
split_feature=3 3 0 4 3 4 2 1 3 0 0 1 2 2
split_gain=0.35879 0.709036 0.682307 0.848873 0.954346 0.713071 1.62609 2.29944 1.06333 0.750479 1.42351 6.2614 1.94072 2.05664
threshold=0.84467134774562835 0.3308649393852458 0.57834252654114304 6.5000000000000009 26.672181809273017 7.5000000000000009 28.500000000000004 27.51587185798542 5.7787937871708071 0.088608615943606042 0.1433554977693999 25.687046228719613 15.500000000000002 21.500000000000004
decision_type=2 2 2 2 2 2 2 2 2 2 2 2 2 2
left_child=1 -1 3 4 -2 6 7 8 -5 -7 11 -11 -12 -14
right_child=2 -3 -4 5 -6 9 -8 -9 -10 10 12 -13 13 -15
leaf_value=0.0035136427109440159 -0.00066399080678820595 -0.012792450785636903 0.012692774493585935 0.010050996528430417 -0.019795465689491143 0.013149231448769569 -0.007959496070231711 -0.0065147595649415807 0.031572930266459784 0.011823832020163533 -0.017360000601703569 -0.033861340582370759 0.018529104775584795 0.0003310121821536157
leaf_weight=12.000000000000002 16.000000000000004 14.999999999999998 10.999999999999998 11.000000000000002 10.999999999999998 9.9999999999999982 13.999999999999998 10.999999999999998 11.999999999999998 15.000000000000002 13.999999999999998 14.999999999999998 17 179
leaf_count=12 16 15 11 11 11 10 14 11 12 15 14 15 17 179
internal_value=-1.13176e-10 -0.0055453 0.000445604 3.10846e-05 -0.0084583 0.000800257 0.0063821 0.0122875 0.0212798 -0.000271457 -0.000830653 -0.0110188 0.00062479 0.00190942
internal_weight=363 27 336 325 27 298 48 34 23 250 240 30 210 196
internal_count=363 27 336 325 27 298 48 34 23 250 240 30 210 196
is_linear=0
shrinkage=0.05


Tree=366
num_leaves=15
num_cat=0
split_feature=0 0 0 0 1 1 1 0 3 4 4 0 3 0
split_gain=0.37478 0.317415 2.26034 1.19001 1.0837 3.26252 2.05783 2.75003 1.0975 1.07901 3.42499 3.18866 2.57623 3.02912
threshold=0.58188918547082713 0.18368295402554474 0.19008315490224972 0.19387667207569328 23.229002716043073 24.515584642364853 22.449026196348189 0.26557657075039776 44.477308154870961 12.500000000000002 15.500000000000002 0.20437523707108782 10.375191108475454 0.3795318053144498
decision_type=2 2 2 2 2 2 2 2 2 2 2 2 2 2
left_child=1 -1 -3 -4 6 -6 7 -5 9 11 -11 -7 13 -13
right_child=-2 2 3 4 5 8 -8 -9 -10 10 -12 12 -14 -15
leaf_value=-0.0014144667603362066 -0.0095453643798828133 0.01849401471618977 -0.013573939030369124 0.013768697727252453 0.024518777523189785 -0.028859443217515948 -0.025659908130764963 -0.016780733433552086 0.016104799243621529 0.019863700655405409 -0.0074356250740863668 0.028346057872598363 -0.016558202941502845 -0.0064905442010897863
leaf_weight=156 9.9999999999999982 18 14.999999999999998 17.000000000000004 15.999999999999998 11.999999999999998 9.9999999999999982 12.999999999999998 9.9999999999999982 20 27 12.000000000000002 13.999999999999998 12.999999999999998
leaf_count=156 10 18 15 17 16 12 10 13 10 20 27 12 14 13
internal_value=-1.26036e-11 0.000270407 0.00160462 -9.37531e-05 0.00113919 0.00344765 -0.00601702 0.000530611 0.000325996 -0.00128409 0.00418111 -0.00632064 0.000614379 0.010231
internal_weight=363 353 197 179 164 124 40 30 108 98 47 51 39 25
internal_count=363 353 197 179 164 124 40 30 108 98 47 51 39 25
is_linear=0
shrinkage=0.05


Tree=367
num_leaves=15
num_cat=0
split_feature=0 0 0 5 3 3 1 1 0 4 3 4 0 0
split_gain=0.338239 0.286467 2.03996 1.24085 2.44395 3.06872 1.25639 2.93583 2.94554 3.47818 2.90224 1.65957 4.41125 3.32429
threshold=0.58188918547082713 0.18368295402554474 0.19008315490224972 1.0000000180025095e-35 32.637913835117722 19.473373900185191 21.451679169957895 22.914236907170523 0.21930452351660468 16.500000000000004 5.5770018706733584 16.500000000000004 0.20437523707108782 0.20875567200643
decision_type=2 2 2 2 2 2 2 2 2 2 2 2 2 2
left_child=1 -1 -3 4 5 6 -4 -8 11 10 -10 12 -9 -13
right_child=-2 2 3 -5 -6 -7 7 8 9 -11 -12 13 -14 -15
leaf_value=-0.0013437434744376403 -0.0090680953860282892 0.017569314341785183 0.010418001675095998 0.01544091507482032 -0.019786725440644661 0.023061463722426977 -0.025849892285007697 -0.017610596814616162 0.01232702148457368 0.031086245408424962 -0.020271868292580954 0.00098682979121804209 0.01442730456945442 -0.039782562181353572
leaf_weight=156 9.9999999999999982 18 19 11.999999999999998 15.999999999999998 13.999999999999998 12.999999999999998 22 18.000000000000004 12.999999999999998 10.999999999999998 10.000000000000002 21 9.9999999999999982
leaf_count=156 10 18 19 12 16 14 13 22 18 13 11 10 21 10
internal_value=-3.21986e-11 0.000256887 0.00152439 -8.90656e-05 -0.00120499 0.000763933 -0.00151465 -0.00343601 -0.000660953 0.00959564 -3.80746e-05 -0.00749868 -0.00196418 -0.0193979
internal_weight=363 353 197 179 167 151 137 118 105 42 29 63 43 20
internal_count=363 353 197 179 167 151 137 118 105 42 29 63 43 20
is_linear=0
shrinkage=0.05


Tree=368
num_leaves=15
num_cat=0
split_feature=3 3 0 2 4 1 3 0 4 0 2 1 1 1
split_gain=0.361369 3.05227 3.7046 2.73472 1.56852 2.26398 1.32056 1.23275 1.08366 1.69964 4.52498 1.18378 0.94765 3.02817
threshold=3.3967898297969961 4.6952170247517371 0.20002188076721741 33.500000000000007 7.5000000000000009 27.871677752105899 0.78527408871518556 0.3795318053144498 10.500000000000002 0.19387667207569328 28.500000000000004 30.621236653992103 27.871677752105899 26.410870144149744
decision_type=2 2 2 2 2 2 2 2 2 2 2 2 2 2
left_child=4 2 3 -2 5 -1 -6 12 -8 11 -11 -10 13 -3
right_child=1 7 -4 -5 6 -7 8 -9 9 10 -12 -13 -14 -15
leaf_value=0.00023858956992626188 -0.014931911341845981 -0.00042760310001498043 0.040829349681735044 0.022045951224863532 0.013147231191396713 -0.027852812352088779 0.012226578891277314 -0.014354714378714563 -0.0044726657867431626 -0.017197921002904567 0.028342724088579421 -0.028801418617367749 -0.0031244552861735748 0.022124731152628863
leaf_weight=16.000000000000004 10.000000000000005 86 9.9999999999999982 9.9999999999999982 18 12.999999999999998 9.9999999999999982 15.999999999999998 10.000000000000002 12.000000000000002 9.9999999999999982 9.9999999999999982 114 18
leaf_count=16 10 86 10 10 18 13 10 16 10 12 10 10 114 18
internal_value=6.8374e-11 0.000966068 0.0159811 0.00355702 -0.00257618 -0.0123541 0.00147468 -0.00095894 -0.00256582 -0.00608783 0.00350237 -0.016637 2.42357e-05 0.00347569
internal_weight=363 264 30 20 99 29 70 234 52 42 22 20 218 104
internal_count=363 264 30 20 99 29 70 234 52 42 22 20 218 104
is_linear=0
shrinkage=0.05


Tree=369
num_leaves=15
num_cat=0
split_feature=3 1 3 4 4 1 1 1 3 3 4 1 1 3
split_gain=0.369922 2.39962 0.898927 0.9716 1.41952 1.36778 4.80778 4.0228 2.9041 2.2343 1.71221 5.03528 4.33606 3.81603
threshold=0.92248558382639023 26.410870144149744 1.6305437930720068 17.500000000000004 18.500000000000004 32.589041297631958 34.834618601207083 31.562526241220798 2.6007864582671623 10.375191108475454 7.5000000000000009 26.085739572378152 22.985795441746912 9.9566196182131161
decision_type=2 2 2 2 2 2 2 2 2 2 2 2 2 2
left_child=1 -1 -2 5 -5 7 9 8 -4 -7 11 12 -10 -13
right_child=2 -3 3 4 -6 6 -8 -9 10 -11 -12 13 -14 -15
leaf_value=-0.025316239073872562 0.01244037022193273 0.0046813968196511273 -0.021399057214148344 0.021748090721666807 -0.0025720337211775288 0.042570244222879396 -0.0018115560664501908 -0.026465876356643794 0.011832897961139677 0.0091464391350746157 -0.0025800311349724468 0.041806996666959348 -0.027620020909951283 0.0033825167765220011
leaf_weight=10.000000000000002 14.999999999999998 20 15.999999999999998 12.000000000000002 11.999999999999998 10.000000000000002 73 17 15.000000000000002 9.9999999999999982 114 14.000000000000002 12.999999999999998 11.999999999999998
leaf_count=10 15 20 16 12 12 10 73 17 15 10 114 14 13 12
internal_value=3.60471e-11 -0.00531782 0.000479082 -8.51292e-05 0.00958803 -0.000874775 0.00413896 -0.00319456 -0.0010445 0.0258583 0.000894035 0.00822817 -0.00648453 0.0240726
internal_weight=363 30 333 318 24 294 93 201 184 20 168 54 28 26
internal_count=363 30 333 318 24 294 93 201 184 20 168 54 28 26
is_linear=0
shrinkage=0.05


Tree=370
num_leaves=15
num_cat=0
split_feature=0 1 3 3 3 2 5 0 0 2 3 3 0 1
split_gain=0.344295 0.284017 3.7529 1.57779 0.982411 1.72229 6.70303 3.066 1.49577 2.86188 2.73087 1.98932 1.29131 2.02623
threshold=0.58188918547082713 20.677458910471447 11.777747910690712 3.2669359738780983 26.672181809273017 28.500000000000004 1.0000000180025095e-35 0.18430426923396026 0.2336672104347095 27.500000000000004 5.7787937871708071 2.9885415703822882 0.21671553631719517 27.763286667494736
decision_type=2 2 2 2 2 2 2 2 2 2 2 2 2 2
left_child=1 2 3 -1 8 6 -6 -7 12 10 -10 -11 -3 -14
right_child=-2 4 -4 -5 5 7 -8 -9 9 11 -12 -13 13 -15
leaf_value=0.0010081818249697485 -0.0091489052772521975 0.0016421071439486077 0.022648053839802743 -0.022671615606283443 -0.039860633040706694 -0.013475930770593026 0.011961281361679234 0.019614874571561816 0.0071840687344471594 -0.017388164252042766 0.042562706959433858 0.01060597449541092 -0.022075941277046995 0.0069802707433700567
leaf_weight=12.000000000000002 9.9999999999999982 188 9.9999999999999982 17 13 14.000000000000002 12 13.999999999999998 12.000000000000002 11.000000000000002 9.9999999999999982 14.999999999999998 15.000000000000002 9.9999999999999982
leaf_count=12 10 188 10 17 13 14 12 14 12 11 10 15 15 10
internal_value=-3.72016e-12 0.000259176 -0.0037651 -0.0128731 0.000759006 -0.00544731 -0.0149861 0.00306947 0.00201929 0.00999283 0.0232653 -0.0012377 0.00022244 -0.0104535
internal_weight=363 353 39 29 314 53 25 28 261 48 22 26 213 25
internal_count=363 353 39 29 314 53 25 28 261 48 22 26 213 25
is_linear=0
shrinkage=0.05


Tree=371
num_leaves=15
num_cat=0
split_feature=3 1 3 4 0 2 4 4 1 2 1 0 1 1
split_gain=0.334316 2.13314 0.822147 0.902984 1.34571 3.8583 1.31961 1.25707 1.04562 1.90335 1.73821 1.73401 2.25382 1.80612
threshold=0.92248558382639023 26.410870144149744 1.6305437930720068 17.500000000000004 0.13059699358392135 21.500000000000004 6.5000000000000009 18.500000000000004 23.229002716043073 24.500000000000004 24.288969357078926 0.15288386996083905 46.438030701212476 35.11866238505538
decision_type=2 2 2 2 2 2 2 2 2 2 2 2 2 2
left_child=1 -1 -2 4 5 -4 -6 -5 9 -8 -10 -12 13 -13
right_child=2 -3 3 7 6 -7 8 -9 10 -11 11 12 -14 -15
leaf_value=-0.023910746648907653 0.011894508103529614 0.0043722515553236011 0.0021598457701896361 0.020684323444341613 -0.0097916389976082183 -0.036210034489631657 0.00095401095459237697 -0.0022019237745553254 0.021714913596709573 -0.020466635376214983 0.015854473188519479 0.0023528371882494742 0.020965407059217494 -0.0098492867002884562
leaf_weight=10.000000000000002 14.999999999999998 20 19.000000000000004 12.000000000000002 29 9.9999999999999982 40 11.999999999999998 11.999999999999998 13.999999999999998 20 93 11.999999999999998 45
leaf_count=10 15 20 19 12 29 10 40 12 12 14 20 93 12 45
internal_value=-3.42511e-11 -0.00505541 0.000455443 -8.41358e-05 -0.000845388 -0.0110711 0.000273658 0.0092412 0.00151049 -0.00459949 0.00332335 0.00202512 0.000181206 -0.00162612
internal_weight=363 30 333 318 294 29 265 24 236 54 182 170 150 138
internal_count=363 30 333 318 294 29 265 24 236 54 182 170 150 138
is_linear=0
shrinkage=0.05


Tree=372
num_leaves=15
num_cat=0
split_feature=2 2 0 3 0 0 1 1 3 1 3 4 3 0
split_gain=0.31104 1.72616 2.96018 2.28393 4.25942 1.81526 3.70679 1.23076 0.716734 1.647 1.38994 1.93651 1.18211 1.11992
threshold=33.500000000000007 36.500000000000007 0.21110711455464756 3.5349209757263877 0.17894173375208081 0.17536994185883098 42.545534002999283 38.060479599637567 0.92248558382639023 26.410870144149744 2.0844848905668085 9.0000000000000018 2.6007864582671623 0.30606785590205898
decision_type=2 2 2 2 2 2 2 2 2 2 2 2 2 2
left_child=8 3 5 -2 -5 6 -3 -7 9 -1 11 -10 -12 -14
right_child=1 2 -4 4 -6 7 -8 -9 10 -11 12 -13 13 -15
leaf_value=-0.02271520905196666 -0.028884539279776317 0.022610144177451726 0.027601015530526643 -0.027624285332858552 0.01450359103580316 -0.020946389175951478 -0.013334691639129932 0.0016990537941455842 0.029930175244808191 0.0047597591454784077 -0.015508336065845056 0.0006636169094305773 -0.00011732000467372675 0.010806868252930819
leaf_weight=10.000000000000002 11.999999999999998 16.000000000000004 9.9999999999999982 10.000000000000002 14.999999999999998 15.000000000000002 12.999999999999998 9.9999999999999982 10.000000000000002 11.999999999999998 10.999999999999998 12.999999999999998 179 27
leaf_count=10 12 16 10 10 15 15 13 10 10 12 11 13 179 27
internal_value=-8.60768e-11 -0.0023573 0.00261275 -0.0109541 -0.00234756 -0.0020147 0.00649694 -0.0118882 0.00090873 -0.00772886 0.00170051 0.0133882 0.000461721 0.00131449
internal_weight=363 101 64 37 25 54 29 25 262 22 240 23 217 206
internal_count=363 101 64 37 25 54 29 25 262 22 240 23 217 206
is_linear=0
shrinkage=0.05


Tree=373
num_leaves=15
num_cat=0
split_feature=4 0 0 0 1 2 3 0 3 0 2 0 2 2
split_gain=0.351132 1.51329 1.40427 1.77948 1.39227 2.09601 1.74423 1.56975 2.22812 2.73262 1.86978 2.35293 1.48621 6.0538
threshold=11.500000000000002 0.11421914061704323 0.35386772152333829 0.2242568592556636 43.171769130360381 42.500000000000007 4.9693098889205158 0.19521743906267966 4.4018140353725554 0.16836199412017974 29.500000000000004 0.20875567200643 29.500000000000004 33.500000000000007
decision_type=2 2 2 2 2 2 2 2 2 2 2 2 2 2
left_child=1 -1 3 4 5 7 -6 8 9 -2 11 -9 -10 -14
right_child=2 -3 -4 -5 6 -7 -8 10 12 -11 -12 -13 13 -15
leaf_value=0.014142795386058943 -7.8891676205855132e-05 -0.0030000278857187368 0.019726447612047199 -0.01358299049548805 -0.023491814783350981 0.026112787425518036 0.0053607863187789921 0.034438095707446326 -0.0055450094416737566 -0.034844662770628934 -0.0018438240089877088 0.005520740849897266 0.042579803541302669 -0.0054827002514349788
leaf_weight=13.999999999999998 13.000000000000002 160 9.9999999999999982 20 11.000000000000002 9.9999999999999982 9.9999999999999982 12.000000000000002 25 9.9999999999999982 22 17 10.000000000000002 19
leaf_count=14 13 160 10 20 11 10 10 12 25 10 22 17 10 19
internal_value=1.25716e-11 -0.00162072 0.00149209 0.000473413 0.00224151 0.00406669 -0.00975248 0.00234434 -0.00216196 -0.0151944 0.00914795 0.0174865 0.00338892 0.0110906
internal_weight=363 174 189 179 159 138 21 128 77 23 51 29 54 29
internal_count=363 174 189 179 159 138 21 128 77 23 51 29 54 29
is_linear=0
shrinkage=0.05


Tree=374
num_leaves=15
num_cat=0
split_feature=0 1 1 0 0 0 0 1 2 3 3 0 4 1
split_gain=0.334092 0.276159 1.18008 3.27865 1.15092 1.33719 1.15134 0.79694 2.34776 1.28509 2.77652 2.37371 1.70859 2.43708
threshold=0.58188918547082713 32.282707802799457 33.822575691797404 0.19074383441292053 0.14509683463651227 0.16372825153660145 0.18020710728803527 30.323500659777761 30.500000000000004 1.7533887276724069 0.92248558382639023 0.3795318053144498 7.5000000000000009 29.297878120741139
decision_type=2 2 2 2 2 2 2 2 2 2 2 2 2 2
left_child=1 7 3 -3 -4 -6 -7 9 -9 10 -1 12 -11 -14
right_child=-2 2 4 -5 5 6 -8 8 -10 11 -12 -13 13 -15
leaf_value=-0.0040478519030979687 -0.0090123233199119572 -0.033300312906503669 0.015162441072364649 0.0054645489978914462 -0.016852649425466857 0.010739261894063518 -0.0028674563463285288 -0.0064354145899415006 0.021214238291277606 0.0089942036385071422 0.029520493949001487 -0.021144822772060121 -0.00034804879429025781 -0.024099652531246345
leaf_weight=14.000000000000002 9.9999999999999982 10.000000000000002 11.999999999999998 11.999999999999998 11.999999999999998 22 53 14.000000000000002 17 42 10.999999999999998 13.999999999999998 108 11.999999999999998
leaf_count=14 10 10 12 12 12 22 53 14 17 42 11 14 108 12
internal_value=-3.27117e-11 0.000255307 -0.00168118 -0.0121558 0.000646526 -0.00135567 0.00112385 0.00126528 0.0087273 0.000114425 0.0107222 -0.00139236 0.000314639 -0.00272321
internal_weight=363 353 121 22 99 87 75 232 31 201 25 176 162 120
internal_count=363 353 121 22 99 87 75 232 31 201 25 176 162 120
is_linear=0
shrinkage=0.05


Tree=375
num_leaves=15
num_cat=0
split_feature=4 0 0 0 1 2 3 3 2 3 0 2 0 0
split_gain=0.344401 1.33232 1.32476 1.60861 1.2974 1.84019 1.57869 1.47131 2.28644 5.13591 2.19504 1.40422 3.18336 1.29279
threshold=11.500000000000002 0.11421914061704323 0.35386772152333829 0.2242568592556636 43.171769130360381 42.500000000000007 4.9693098889205158 7.4460065935752722 22.500000000000004 11.628055157923695 0.20263218458347004 32.500000000000007 0.15072376617313146 0.24894959511381054
decision_type=2 2 2 2 2 2 2 2 2 2 2 2 2 2
left_child=1 -1 3 4 5 7 -6 10 -9 -10 11 12 -2 -5
right_child=2 -3 -4 13 6 -7 -8 8 9 -11 -12 -13 -14 -15
leaf_value=0.013185847231319972 -0.019088250646988547 -0.0028993193316455292 0.019188375994563106 -0.025588345229625692 -0.022479842738671731 0.024588234722614288 0.004969456642866135 -0.012576151681555944 0.038243599369057586 0.0024109595402010851 0.0098474432572560472 -0.018582683021113985 0.017331509136905274 -0.00016400028020143511
leaf_weight=13.999999999999998 12.000000000000002 160 9.9999999999999982 10.000000000000002 11.000000000000002 9.9999999999999982 9.9999999999999982 10.999999999999998 13.999999999999998 35 23 21 11.999999999999998 9.9999999999999982
leaf_count=14 12 160 10 10 11 10 10 11 14 35 23 21 12 10
internal_value=-6.47901e-11 -0.00160511 0.00147772 0.000488299 0.00216936 0.00393125 -0.00940875 0.00231742 0.00802427 0.0126489 -0.00271803 -0.00914038 -0.000878371 -0.0128762
internal_weight=363 174 189 179 159 138 21 128 60 49 68 45 24 20
internal_count=363 174 189 179 159 138 21 128 60 49 68 45 24 20
is_linear=0
shrinkage=0.05


Tree=376
num_leaves=15
num_cat=0
split_feature=0 1 1 0 0 0 1 3 1 0 0 1 0 2
split_gain=0.322784 0.275501 1.07809 2.95989 1.04689 1.19577 1.09473 1.74011 2.17017 1.25505 0.995972 0.717612 2.47392 3.39394
threshold=0.58188918547082713 32.282707802799457 33.822575691797404 0.19074383441292053 0.14509683463651227 0.16372825153660145 42.545534002999283 3.8652597532926829 35.11866238505538 0.19469509745675254 0.18430426923396026 28.941854964452411 0.19074383441292053 30.500000000000004
decision_type=2 2 2 2 2 2 2 2 2 2 2 2 2 2
left_child=1 11 3 -3 -4 -6 7 -7 -9 -8 -10 -1 13 -13
right_child=-2 2 4 -5 5 6 9 8 10 -11 -12 12 -14 -15
leaf_value=-0.0002904000525667969 -0.008858495652675628 -0.031785346120595921 0.014385922874013583 0.0050469500148513672 -0.01602253063271443 0.014444761299951512 0.019446095292057305 0.010899476842446762 -0.027036323466084214 -0.0037461333349347115 -0.0079395560030308034 -0.006693484261631963 -0.0045505786866501521 0.029636472711960477
leaf_weight=177 9.9999999999999982 10.000000000000002 11.999999999999998 11.999999999999998 11.999999999999998 10.999999999999998 14.000000000000002 10.999999999999998 11.000000000000002 9.9999999999999982 18 10.000000000000002 27 18
leaf_count=177 10 10 12 12 12 11 14 11 11 10 18 10 27 18
internal_value=-6.66101e-11 0.000250949 -0.00168323 -0.011695 0.000541614 -0.00136795 0.000976787 -0.00316716 -0.00801043 0.00978267 -0.0151832 0.00125972 0.00624829 0.0166615
internal_weight=363 353 121 22 99 87 75 51 40 24 29 232 55 28
internal_count=363 353 121 22 99 87 75 51 40 24 29 232 55 28
is_linear=0
shrinkage=0.05


Tree=377
num_leaves=15
num_cat=0
split_feature=4 0 0 1 2 3 3 2 3 0 3 3 2 0
split_gain=0.331132 1.22117 1.46597 1.27282 1.70056 1.40068 1.36734 2.09771 4.62523 1.96514 1.31662 1.83511 1.27643 2.79855
threshold=11.500000000000002 0.35386772152333829 0.2242568592556636 43.171769130360381 42.500000000000007 4.9693098889205158 7.4460065935752722 22.500000000000004 11.628055157923695 0.20263218458347004 14.552576790724677 32.637913835117722 32.500000000000007 0.15072376617313146
decision_type=2 2 2 2 2 2 2 2 2 2 2 2 2 2
left_child=-1 2 3 4 6 -5 9 -8 -9 12 -10 -12 13 -2
right_child=1 -3 -4 5 -6 -7 7 8 10 -11 11 -13 -14 -15
leaf_value=-0.001573886005903712 -0.01783018065616488 0.018453084304928782 -0.012259162263944745 -0.021676254238594657 0.023706783205270768 0.0041792672127485275 -0.011932823400605809 0.036517620352762091 -0.012820220170542599 0.0093325334363212088 0.021661600047865735 -0.0054533699527382854 -0.017635836948951086 0.016317461679379145
leaf_weight=174 12.000000000000002 9.9999999999999982 20 11.000000000000002 9.9999999999999982 9.9999999999999982 10.999999999999998 13.999999999999998 9.9999999999999982 23 13.000000000000002 11.999999999999998 21 11.999999999999998
leaf_count=174 12 10 20 11 10 10 11 14 10 23 13 12 21 12
internal_value=-2.01081e-11 0.00144897 0.000499024 0.00210383 0.00384895 -0.0093641 0.00229755 0.00779906 0.0122287 -0.00255672 0.00251309 0.00864641 -0.00863345 -0.000756359
internal_weight=363 189 179 159 138 21 128 60 49 68 35 25 45 24
internal_count=363 189 179 159 138 21 128 60 49 68 35 25 45 24
is_linear=0
shrinkage=0.05


Tree=378
num_leaves=15
num_cat=0
split_feature=0 1 1 0 0 0 1 3 1 0 0 1 3 3
split_gain=0.31402 0.276713 0.993227 2.66225 0.966062 1.08405 1.07483 1.58942 2.01739 1.09665 0.884026 0.688992 1.39243 3.46476
threshold=0.58188918547082713 32.282707802799457 33.822575691797404 0.19074383441292053 0.14509683463651227 0.16372825153660145 42.545534002999283 3.8652597532926829 35.11866238505538 0.19469509745675254 0.18430426923396026 31.160350471501008 9.5014030073638089 11.472476557958872
decision_type=2 2 2 2 2 2 2 2 2 2 2 2 2 2
left_child=1 11 3 -3 -4 -6 7 -7 -9 -8 -10 12 -1 -14
right_child=-2 2 4 -5 5 6 9 8 10 -11 -12 -13 13 -15
leaf_value=0.0040725237877146962 -0.0087374132871627808 -0.030354031026363359 0.013743724425633749 0.0045773299993015831 -0.015343013033270837 0.013568686998703264 0.018601234363658084 0.010339958694848148 -0.02597501389682292 -0.0030780851095914843 -0.0079834489151835442 0.010948598341030234 -0.025247762678191066 0.00026720031164586546
leaf_weight=120 9.9999999999999982 10.000000000000002 11.999999999999998 11.999999999999998 11.999999999999998 10.999999999999998 14.000000000000002 10.999999999999998 11.000000000000002 9.9999999999999982 18 17 15.999999999999998 79
leaf_count=120 10 10 12 12 12 11 14 11 11 10 18 17 16 79
internal_value=2.5977e-12 0.000247519 -0.00169091 -0.0113006 0.000444574 -0.00138979 0.000842724 -0.00326338 -0.00789219 0.00956818 -0.0148078 0.00125851 0.000492314 -0.00403006
internal_weight=363 353 121 22 99 87 75 51 40 24 29 232 215 95
internal_count=363 353 121 22 99 87 75 51 40 24 29 232 215 95
is_linear=0
shrinkage=0.05


Tree=379
num_leaves=15
num_cat=0
split_feature=3 3 4 4 1 3 4 3 2 4 0 0 0 3
split_gain=0.324319 2.96545 1.94047 1.49954 2.21101 1.29469 0.917198 1.64701 0.882097 0.800762 3.76812 4.49359 2.88126 2.44911
threshold=3.3967898297969961 4.4018140353725554 14.500000000000002 7.5000000000000009 27.871677752105899 0.78527408871518556 10.500000000000002 2.0844848905668085 28.500000000000004 15.500000000000002 0.20437523707108782 0.22900927814522212 0.16263780443994127 6.6034504521373156
decision_type=2 2 2 2 2 2 2 2 2 2 2 2 2 2
left_child=3 2 -2 4 -1 -5 -7 8 -8 13 12 -12 -11 -3
right_child=1 9 -4 5 -6 6 7 -9 -10 10 11 -13 -14 -15
leaf_value=0.00044344234975142167 0.034882320016622531 -0.013192879483103754 0.0044498481660742656 0.013077904532353083 -0.027317413573081678 0.011128468364477159 -0.024947192316705523 0.0051731096580624582 -0.0053449745600422233 -0.00016808463066505884 -0.025755032245069739 0.013033485665385211 0.03270244638125102 0.00077157364743570358
leaf_weight=16.000000000000004 10.000000000000002 40 10.999999999999998 18 12.999999999999998 9.9999999999999982 11.000000000000002 19 11.999999999999998 12.000000000000002 16.000000000000004 13.999999999999998 14.999999999999998 146
leaf_count=16 10 40 11 18 13 10 11 19 12 12 16 14 15 146
internal_value=1.76627e-11 0.000915205 0.0189415 -0.00244055 -0.0120011 0.00152025 -0.00248048 -0.00572071 -0.0147199 -0.000642623 0.00454224 -0.00765372 0.0180933 -0.00223153
internal_weight=363 264 21 99 29 70 52 42 23 243 57 30 27 186
internal_count=363 264 21 99 29 70 52 42 23 243 57 30 27 186
is_linear=0
shrinkage=0.05


Tree=380
num_leaves=15
num_cat=0
split_feature=4 0 1 2 0 0 0 3 2 3 0 3 3 2
split_gain=0.310454 1.20171 1.08618 1.69871 1.33339 1.08337 1.40443 1.25645 1.86919 4.1398 1.75168 1.23974 1.66938 1.17621
threshold=11.500000000000002 0.11421914061704323 43.171769130360381 42.500000000000007 0.17419369017258088 0.35386772152333829 0.2242568592556636 7.4460065935752722 22.500000000000004 11.628055157923695 0.20263218458347004 14.552576790724677 32.637913835117722 32.500000000000007
decision_type=2 2 2 2 2 2 2 2 2 2 2 2 2 2
left_child=1 -1 3 5 -4 6 7 10 -9 -10 13 -11 -13 -2
right_child=2 -3 4 -5 -6 -7 -8 8 9 11 -12 12 -14 -15
leaf_value=0.012523308875305311 -0.00050158664428939423 -0.0027530882680548534 -0.021330745315009891 0.022728105187416078 0.0038960326090455057 0.017406273223459719 -0.011919883736409247 -0.0110251188616861 0.034761459659785034 -0.01228811546228826 0.0088990452739855525 0.020955950838442025 -0.0049056444937984152 -0.016704906064149413
leaf_weight=13.999999999999998 24 160 11.000000000000002 9.9999999999999982 9.9999999999999982 9.9999999999999982 20 10.999999999999998 13.999999999999998 9.9999999999999982 23 13.000000000000002 11.999999999999998 21
leaf_count=14 24 160 11 10 10 10 20 11 14 10 23 13 12 21
internal_value=-7.44553e-11 -0.00152395 0.001403 0.00274313 -0.00931799 0.00147826 0.00040204 0.00232734 0.00760104 0.0117824 -0.00232593 0.00259081 0.00854239 -0.00806314
internal_weight=363 174 189 168 21 158 148 128 60 49 68 35 25 45
internal_count=363 174 189 168 21 158 148 128 60 49 68 35 25 45
is_linear=0
shrinkage=0.05


Tree=381
num_leaves=15
num_cat=0
split_feature=0 1 1 0 0 4 2 1 1 0 1 1 3 3
split_gain=0.309912 0.289757 0.886355 2.42238 0.944356 0.996237 3.01798 1.08448 2.14223 1.06371 1.36444 0.646765 1.29871 2.29724
threshold=0.58188918547082713 32.282707802799457 33.822575691797404 0.19074383441292053 0.14509683463651227 14.500000000000002 38.500000000000007 35.938140735315812 43.723871753457281 0.17262606224361707 37.577076486965687 31.160350471501008 1.7533887276724069 0.92248558382639023
decision_type=2 2 2 2 2 2 2 2 2 2 2 2 2 2
left_child=1 11 3 -3 -4 6 7 -6 -9 -7 -11 12 13 -1
right_child=-2 2 4 -5 5 9 -8 8 -10 10 -12 -13 -14 -15
leaf_value=-0.00093962863525923548 -0.0086800667643547064 -0.028990447968244543 0.013428527303040028 0.0043300451167548699 0.010518550276756286 -0.021531881093978883 0.026282687366686087 -0.021353676269451772 0.0069895060112078987 -0.017570265890099104 0.0052472855895757675 0.010668889948112124 -0.00096561697639778942 0.028384932875633241
leaf_weight=17.000000000000004 9.9999999999999982 10.000000000000002 11.999999999999998 11.999999999999998 9.9999999999999982 9.9999999999999982 10.999999999999998 15.000000000000002 11.999999999999998 10.000000000000002 19 17 187 10.999999999999998
leaf_count=17 10 10 12 12 10 10 11 15 12 10 19 17 187 11
internal_value=-1.84404e-12 0.000245894 -0.00173769 -0.0108156 0.000279629 -0.00153401 0.00328883 -0.00354718 -0.00875671 -0.00746982 -0.00262084 0.00128044 0.000538094 0.0105807
internal_weight=363 353 121 22 99 87 48 37 27 39 29 232 215 28
internal_count=363 353 121 22 99 87 48 37 27 39 29 232 215 28
is_linear=0
shrinkage=0.05


Tree=382
num_leaves=15
num_cat=0
split_feature=3 0 4 0 2 3 2 0 1 2 3 2 2 4
split_gain=0.339219 1.82024 1.49987 1.49158 1.46592 1.43657 1.6766 0.766614 1.97262 1.14142 2.53629 0.717295 1.30974 1.95174
threshold=2.5304493958105314 0.57834252654114304 6.5000000000000009 0.22900927814522212 25.500000000000004 3.8652597532926829 30.500000000000004 0.18691853685642432 31.283543432267738 22.500000000000004 1.4272395205449415 34.500000000000007 37.500000000000007 14.500000000000002
decision_type=2 2 2 2 2 2 2 2 2 2 2 2 2 2
left_child=3 2 4 7 -2 6 -4 9 -9 -1 -11 -7 -13 -14
right_child=1 -3 5 -5 -6 11 -8 8 -10 10 -12 12 13 -15
leaf_value=-0.017864039083942771 0.0014941801401701837 0.021722685992717747 -0.0021033054360976582 -0.015537681968675721 -0.023306421333780657 0.0014181710735580626 0.021750011141685881 0.024668111205101005 -0.0054003972094506031 0.018006767767171059 -0.016088196933269499 -0.014294795918723811 0.016424581293876358 -0.0080115307884460144
leaf_weight=9.9999999999999982 11.000000000000002 9.9999999999999982 13.000000000000002 18 12.999999999999998 169 17 10.000000000000002 11.999999999999998 12.000000000000002 9.9999999999999982 23 12.999999999999998 22
leaf_count=10 11 10 13 18 13 169 17 10 12 12 10 23 13 22
internal_value=-2.53997e-11 0.000760285 1.42926e-05 -0.00307282 -0.0119395 0.0011306 0.0114136 0.00108213 0.00826711 -0.00385754 0.00250906 -0.000228386 -0.00502611 0.00106474
internal_weight=363 291 281 72 24 257 30 54 22 32 22 227 58 35
internal_count=363 291 281 72 24 257 30 54 22 32 22 227 58 35
is_linear=0
shrinkage=0.05


Tree=383
num_leaves=15
num_cat=0
split_feature=3 1 3 4 0 2 1 1 1 0 3 1 1 3
split_gain=0.353852 1.6494 0.679384 0.78796 1.3539 2.71018 1.37575 3.91704 3.52146 3.47455 2.94219 2.73185 1.92533 1.52624
threshold=0.92248558382639023 26.410870144149744 1.6305437930720068 17.500000000000004 0.13625686927658084 21.500000000000004 32.589041297631958 31.562526241220798 34.273443017586253 0.16124299808971335 2.7018668802173749 30.286541006484825 42.233037606540698 3.6614854674731685
decision_type=2 2 2 2 2 2 2 2 2 2 2 2 2 2
left_child=1 -1 -2 4 5 -4 7 10 -8 -10 -6 13 -11 -12
right_child=2 -3 3 -5 6 -7 8 -9 9 12 11 -13 -14 -15
leaf_value=-0.021781132742762558 0.010867125838994981 0.0030890258774161341 0.0011330246043048406 0.0086892357484127086 -0.018706568516790867 -0.0292186180750529 0.025956389921552997 -0.024952631312258104 0.025216064105431243 -0.011826392199644554 0.019068668372929098 0.022931020210186642 0.0063410802409052851 -0.001303644195299089
leaf_weight=10.000000000000002 14.999999999999998 20 19.000000000000004 24 18 11.999999999999998 17 17 11.999999999999998 35 9.9999999999999982 14.999999999999998 25 114
leaf_count=10 15 20 19 24 18 12 17 17 12 35 10 15 25 114
internal_value=1.27335e-10 -0.00520103 0.000468561 -2.19372e-05 -0.000733053 -0.010616 0.000431857 -0.00215446 0.00548825 0.000655501 0.000314129 0.00277724 -0.00425661 0.000339284
internal_weight=363 30 333 318 294 31 263 174 89 72 157 139 60 124
internal_count=363 30 333 318 294 31 263 174 89 72 157 139 60 124
is_linear=0
shrinkage=0.05


Tree=384
num_leaves=15
num_cat=0
split_feature=0 1 1 1 4 1 5 1 3 2 1 3 1 1
split_gain=0.334225 0.3226 0.473299 0.924186 0.577184 1.51592 1.48213 3.88631 3.93793 3.6929 3.42272 1.43 1.30421 1.5386
threshold=0.58188918547082713 45.492068763775279 41.701617533799812 38.869465940368364 11.500000000000002 32.686894745803777 1.0000000180025095e-35 26.410870144149744 2.7018668802173749 27.500000000000004 27.340823725061604 9.9566196182131161 20.677458910471447 26.085739572378152
decision_type=2 2 2 2 2 2 2 2 2 2 2 2 2 2
left_child=1 2 3 4 5 6 7 9 -9 -1 -8 -10 -6 -14
right_child=-2 -3 -4 -5 12 -7 10 8 11 -11 -12 -13 13 -15
leaf_value=0.0028502017735166753 -0.0090141198039054883 -0.0053410213595877091 0.0079264251426571907 -0.011532126582460479 -0.0094604652620748526 -0.017010274888681516 0.0050397566604343334 -0.010054372102022173 0.036907769292592998 -0.025643892164031665 -0.024831417553565084 0.013173158619214188 0.014184734826399523 0.0015633503765113549
leaf_weight=47 9.9999999999999982 24 21 15.999999999999998 18 13.999999999999998 22 9.9999999999999982 15.000000000000002 14.999999999999998 17 10.999999999999998 33 90
leaf_count=47 10 24 21 16 18 14 22 10 15 15 17 11 33 90
internal_value=-9.86243e-11 0.000255357 0.000663604 0.000168412 0.000809537 -0.00133857 0.000262914 0.00354366 0.0166105 -0.00404353 -0.00798101 0.0268662 0.00311 0.00494958
internal_weight=363 353 329 308 292 151 137 98 36 62 39 26 141 123
internal_count=363 353 329 308 292 151 137 98 36 62 39 26 141 123
is_linear=0
shrinkage=0.05


Tree=385
num_leaves=15
num_cat=0
split_feature=3 1 3 4 0 2 1 0 1 3 1 0 1 1
split_gain=0.310186 1.54745 0.643146 0.717651 1.24642 2.96422 1.17827 3.57952 3.57165 2.60885 2.3931 2.18781 1.70694 3.42212
threshold=0.92248558382639023 26.410870144149744 1.6305437930720068 17.500000000000004 0.13059699358392135 21.500000000000004 32.589041297631958 0.21509200852515706 31.562526241220798 2.7018668802173749 30.286541006484825 0.16124299808971335 34.273443017586253 36.911023736079919
decision_type=2 2 2 2 2 2 2 2 2 2 2 2 2 2
left_child=1 -1 -2 4 5 -4 8 11 9 -6 -11 -8 -13 -14
right_child=2 -3 3 -5 6 -7 7 -9 -10 10 -12 12 13 -15
leaf_value=-0.02092908658087253 0.010556140442689261 0.0031602105312049395 0.0010385978182679727 0.0082749107386916876 -0.017606284314145647 -0.0325929719209671 0.020036305773716706 0.031731437519192697 -0.023807739466428758 0.00035111367739737036 0.021486681904643774 0.014652590329448382 -0.031081570816141643 0.00017085463068512984
leaf_weight=10.000000000000002 14.999999999999998 20 19.000000000000004 24 18 9.9999999999999982 12.999999999999998 10.999999999999998 17 125 14.999999999999998 11.999999999999998 10.999999999999998 43
leaf_count=10 15 20 19 24 18 10 13 11 17 125 15 12 11 43
internal_value=1.10322e-10 -0.00486956 0.000438699 -3.8539e-05 -0.000717188 -0.0105585 0.000359785 0.00500887 -0.00203117 0.000311875 0.00261564 0.00128801 -0.00240484 -0.00619538
internal_weight=363 30 333 318 294 29 265 90 175 158 140 79 66 54
internal_count=363 30 333 318 294 29 265 90 175 158 140 79 66 54
is_linear=0
shrinkage=0.05


Tree=386
num_leaves=15
num_cat=0
split_feature=0 1 2 1 2 3 3 0 3 0 4 3 4 3
split_gain=0.304383 0.335362 3.5818 4.28352 2.67813 2.68696 2.04604 1.67072 1.57306 1.94185 1.47784 1.74041 1.32861 1.24281
threshold=0.58188918547082713 27.51587185798542 27.500000000000004 26.410870144149744 27.500000000000004 10.801455888456315 6.3995348260672058 0.22900927814522212 3.1409726751223999 0.18020710728803527 16.500000000000004 4.0806180301732677 7.5000000000000009 5.7787937871708071
decision_type=2 2 2 2 2 2 2 2 2 2 2 2 2 2
left_child=1 2 3 8 5 6 -3 10 9 -1 -6 -12 -4 -10
right_child=-2 4 12 -5 7 -7 -8 -9 13 -11 11 -13 -14 -15
leaf_value=-0.0018834563903510565 -0.0086022928357124325 -0.013596794513218541 -0.029177554249763479 0.030580949275754395 0.002400015957434388 -0.027474072926184714 0.013368842114383975 0.017348046195547796 -0.014239172885815303 0.025526580374155727 0.0024602784588932981 -0.027038918361067771 -0.0059450448956340557 0.0016202332052801336
leaf_weight=12.000000000000002 9.9999999999999982 17.000000000000004 10.000000000000002 14.999999999999998 119 17 11.999999999999998 15.999999999999998 14.999999999999998 13.999999999999998 10.000000000000002 9.9999999999999982 15.999999999999998 70
leaf_count=12 10 17 10 15 119 17 12 16 15 14 10 10 16 70
internal_value=7.58463e-11 0.000243691 0.0020159 0.00550249 -0.00109649 -0.0116908 -0.0024386 0.00204764 0.00211351 0.0128758 0.000286442 -0.0122893 -0.0148806 -0.00117849
internal_weight=363 353 152 126 201 46 29 155 111 26 139 20 26 85
internal_count=363 353 152 126 201 46 29 155 111 26 139 20 26 85
is_linear=0
shrinkage=0.05


Tree=387
num_leaves=15
num_cat=0
split_feature=3 1 0 4 2 3 3 0 4 0 2 3 0 0
split_gain=0.297815 1.43982 0.641741 0.757688 0.789728 0.619642 0.962139 0.683227 1.12647 2.91711 5.12647 4.88031 3.02654 1.0778
threshold=0.92248558382639023 26.410870144149744 0.57834252654114304 6.5000000000000009 25.500000000000004 50.459511696747882 43.080056130539823 0.12164969000977628 9.0000000000000018 0.19521743906267966 29.500000000000004 6.6837296898152374 0.17698310514368307 0.088608615943606042
decision_type=2 2 2 2 2 2 2 2 2 2 2 2 2 2
left_child=1 -1 3 4 -2 6 7 13 9 12 11 -11 -9 -5
right_child=2 -3 -4 5 -6 -7 -8 8 -10 10 -12 -13 -14 -15
leaf_value=-0.020262451022863382 0.001567613612860441 0.0029740358889102938 0.012305568023161455 0.0034980796277523027 -0.015641336583842834 0.012991464138031006 -0.014905973337590694 0.006479788364635572 -0.00036448931052563663 -0.012171838929255802 -0.028935916163027289 0.032046384307054372 0.039769489995457909 -0.018635780432007528
leaf_weight=10.000000000000002 12.000000000000002 20 10.999999999999998 11.000000000000002 14.999999999999998 9.9999999999999982 9.9999999999999982 18.000000000000004 187 12.000000000000002 11.999999999999998 12.999999999999998 10.999999999999998 10.999999999999998
leaf_count=10 12 20 11 11 15 10 10 18 187 12 12 13 11 11
internal_value=-4.43853e-11 -0.00477146 0.000429861 2.41693e-05 -0.00799291 0.000757936 0.00032869 0.000882677 0.00161759 0.00723349 -0.0020727 0.0108216 0.0191069 -0.00756885
internal_weight=363 30 333 322 27 295 285 275 253 66 37 25 29 22
internal_count=363 30 333 322 27 295 285 275 253 66 37 25 29 22
is_linear=0
shrinkage=0.05


Tree=388
num_leaves=15
num_cat=0
split_feature=3 3 2 2 2 0 0 3 1 0 1 0 1 1
split_gain=0.308476 2.10233 5.24419 1.86665 2.45782 2.76185 1.74064 1.15817 1.19988 1.101 1.50235 1.05529 0.997041 1.13967
threshold=4.8300052250568335 3.5349209757263877 31.500000000000004 32.500000000000007 35.500000000000007 0.19387667207569328 0.3795318053144498 0.92248558382639023 26.410870144149744 0.19521743906267966 23.41856220926427 0.24516384365908575 18.539307659641469 23.42369568755861
decision_type=2 2 2 2 2 2 2 2 2 2 2 2 2 2
left_child=1 3 -3 7 -5 -6 11 8 -1 -9 -11 12 -2 -14
right_child=6 2 -4 4 5 -7 -8 9 -10 10 -12 -13 13 -15
leaf_value=-0.01924932733178138 0.013599885090000249 -0.0068344105448987754 0.031332592231531939 -0.029573186021298173 -0.017614522079626712 0.017964217141270639 -0.017596477545642607 0.016711595977999663 0.0042015385193129385 -0.013223202831365841 0.010780635057017207 0.011976517956046498 -0.011180657933333091 -0.0002144892185974818
leaf_weight=10.000000000000002 10.999999999999998 18 18 11.999999999999998 12.000000000000002 9.9999999999999982 14.999999999999998 19 11.999999999999998 11.000000000000002 15.999999999999998 17 28 154
leaf_count=10 11 18 18 12 12 10 15 19 12 11 16 17 28 154
internal_value=8.49864e-12 0.00186114 0.0122491 -0.00180519 -0.0113709 -0.00144237 -0.0011415 0.00297765 -0.00645795 0.00749033 0.00100129 3.38561e-05 -0.00101809 -0.00190159
internal_weight=363 138 36 102 34 22 225 68 22 46 27 210 193 182
internal_count=363 138 36 102 34 22 225 68 22 46 27 210 193 182
is_linear=0
shrinkage=0.05


Tree=389
num_leaves=15
num_cat=0
split_feature=1 2 1 2 3 3 4 2 4 1 3 4 2 1
split_gain=0.311195 2.8872 3.97849 2.45081 2.41958 1.89012 1.07805 0.933166 3.01002 2.72063 3.71198 1.13987 1.19109 1.69854
threshold=27.51587185798542 27.500000000000004 26.410870144149744 27.500000000000004 10.801455888456315 6.3995348260672058 7.5000000000000009 33.500000000000007 16.500000000000004 31.562526241220798 9.6994016401493024 15.500000000000002 36.500000000000007 42.545534002999283
decision_type=2 2 2 2 2 2 2 2 2 2 2 2 2 2
left_child=1 2 -1 4 5 -2 -3 8 9 -5 -11 12 -9 -14
right_child=3 6 -4 7 -6 -7 -8 11 -10 10 -12 -13 13 -15
leaf_value=0.0015693619612442413 -0.013393941171029031 -0.02640208862721919 0.028947653745611507 0.027440160829083699 -0.026426535844802857 0.012523888571498297 -0.0054746794980019336 -0.011298975114139818 -0.01223271779017523 -0.012627646094188092 0.025103358721191234 0.0124240568624093 0.0065844901765768349 -0.012761751934885979
leaf_weight=115 17.000000000000004 10.000000000000002 14.999999999999998 19 17 11.999999999999998 15.999999999999998 31 15.999999999999998 16.000000000000004 10.999999999999998 12.999999999999998 39 15.999999999999998
leaf_count=115 17 10 15 19 17 12 16 31 16 16 11 13 39 16
internal_value=8.85141e-12 0.00168638 0.0047284 -0.0012709 -0.0114492 -0.00266932 -0.0135237 0.00163718 0.00644733 0.0129447 0.00274424 -0.00137524 -0.00346118 0.000956492
internal_weight=363 156 130 207 46 29 26 161 62 46 27 99 86 55
internal_count=363 156 130 207 46 29 26 161 62 46 27 99 86 55
is_linear=0
shrinkage=0.05


Tree=390
num_leaves=15
num_cat=0
split_feature=3 3 1 2 2 0 3 1 0 1 1 2 3 2
split_gain=0.317571 2.457 5.55117 1.70786 2.18811 2.41238 1.03004 1.12994 0.946604 1.40761 0.897133 0.86925 2.08648 1.01043
threshold=4.6952170247517371 3.5349209757263877 28.941854964452411 32.500000000000007 35.500000000000007 0.19387667207569328 0.92248558382639023 26.410870144149744 0.19521743906267966 23.41856220926427 18.539307659641469 15.500000000000002 13.751029420690443 24.500000000000004
decision_type=2 2 2 2 2 2 2 2 2 2 2 2 2 2
left_child=1 3 -3 6 -5 -6 7 -1 -8 -10 -2 12 -12 -13
right_child=10 2 -4 4 5 -7 8 -9 9 -11 11 13 -14 -15
leaf_value=-0.018294889554381365 0.0128414235096319 -0.01193899298933419 0.034202108217868954 -0.027882784729202588 -0.016454666604598361 0.016797001454979182 0.015822477991643706 0.0044622870783011118 -0.012513368136503476 0.010721311927773059 0.0034274598583579059 0.0056851331223832799 -0.026720261844721711 -0.0026967882630689181
leaf_weight=10.000000000000002 10.999999999999998 11.000000000000002 15.999999999999998 11.999999999999998 12.000000000000002 9.9999999999999982 19 11.999999999999998 11.000000000000002 15.999999999999998 12.000000000000002 47 10.999999999999998 153
leaf_count=10 11 11 16 12 12 10 19 12 11 16 12 47 11 153
internal_value=-1.96022e-10 0.00199182 0.0154039 -0.00155843 -0.0107082 -0.00134027 0.00301646 -0.00588188 0.0072722 0.00125533 -0.00109806 -0.00178565 -0.010991 -0.000727037
internal_weight=363 129 27 102 34 22 68 22 46 27 234 223 23 200
internal_count=363 129 27 102 34 22 68 22 46 27 234 223 23 200
is_linear=0
shrinkage=0.05


Tree=391
num_leaves=15
num_cat=0
split_feature=1 2 1 2 1 4 2 0 1 4 3 0 0 1
split_gain=0.299356 2.55454 3.57523 2.2194 2.10232 0.986646 0.873525 0.848332 2.65814 1.36234 1.5297 1.15386 2.21134 1.74724
threshold=27.51587185798542 27.500000000000004 26.410870144149744 27.500000000000004 28.142341287977164 7.5000000000000009 25.500000000000004 0.22900927814522212 32.720151110003094 16.500000000000004 4.0806180301732677 0.20875567200643 0.19521743906267966 30.899974818272863
decision_type=2 2 2 2 2 2 2 2 2 2 2 2 2 2
left_child=1 2 -1 4 -2 -3 -6 9 -9 11 -11 12 13 -5
right_child=3 5 -4 7 6 -7 -8 8 -10 10 -12 -13 -14 -15
leaf_value=0.0015207414235919713 -0.029999141462824563 -0.02497340261936187 0.027474415873487791 0.01751477498975065 0.0036678770557045937 -0.0049527853261679411 -0.012188536036563547 -0.005221755837555974 0.02968259917572141 0.0018305921182036394 -0.025825338885188107 0.016808190817634263 -0.016081286197860371 9.8110928067601197e-05
leaf_weight=115 10.999999999999998 10.000000000000002 14.999999999999998 18 15.999999999999998 15.999999999999998 19 12.000000000000002 9.9999999999999982 10.000000000000002 9.9999999999999982 11.999999999999998 17 72
leaf_count=115 11 10 15 18 16 16 19 12 10 10 10 12 17 72
internal_value=4.85665e-11 0.00165399 0.0045154 -0.00124649 -0.0109323 -0.012653 -0.00493989 0.00152089 0.0106439 7.69705e-05 -0.0119974 0.00210627 0.000457459 0.00358144
internal_weight=363 156 130 207 46 26 35 161 22 139 20 119 107 90
internal_count=363 156 130 207 46 26 35 161 22 139 20 119 107 90
is_linear=0
shrinkage=0.05


Tree=392
num_leaves=15
num_cat=0
split_feature=0 0 3 3 1 2 2 0 2 0 1 4 1 2
split_gain=0.308356 0.379563 0.480163 1.38892 1.20481 0.980235 0.761583 1.61227 0.569221 2.94261 1.5995 0.837466 2.18006 2.65342
threshold=0.58188918547082713 0.47681386795739839 35.214040636101437 25.190632671402948 17.348764568210399 43.500000000000007 21.500000000000004 0.18020710728803527 36.500000000000007 0.17149003590029369 35.674551556447689 9.0000000000000018 19.63127900317345 24.500000000000004
decision_type=2 2 2 2 2 2 2 2 2 2 2 2 2 2
left_child=1 2 3 4 -1 8 -4 -8 11 -10 -11 -6 -13 -14
right_child=-2 -3 6 -5 5 -7 7 -9 9 10 -12 12 13 -15
leaf_value=-0.016927739861421289 -0.0086582526564598083 0.0077698100154520947 0.015630090391884247 -0.013849658234731147 0.0043374583557514211 -0.013877336342226376 -0.013885286992246452 0.012123881108485737 0.026311236505325027 0.0091339434210497578 -0.016180586034897717 -0.024476155415177347 0.011988199191788833 -0.0044470001676018001
leaf_weight=9.9999999999999982 9.9999999999999982 15.999999999999998 11.999999999999998 19 84 10.999999999999998 11.000000000000002 12.999999999999998 12.999999999999998 13.000000000000002 11.999999999999998 9.9999999999999982 33 96
leaf_count=10 10 16 12 19 84 11 11 13 13 13 12 10 33 96
internal_value=6.23608e-11 0.000245276 -0.000111972 -0.000764677 0.000116935 0.000743578 0.00534537 0.000203012 0.00135978 0.00701632 -0.00301703 0.00039589 -0.00198606 -0.000242647
internal_weight=363 353 337 301 282 272 36 24 261 38 25 223 139 129
internal_count=363 353 337 301 282 272 36 24 261 38 25 223 139 129
is_linear=0
shrinkage=0.05


Tree=393
num_leaves=15
num_cat=0
split_feature=3 3 1 2 2 0 3 1 1 1 1 2 4 4
split_gain=0.307784 2.20553 4.98112 1.61204 1.97274 2.12488 0.936534 1.02979 0.868179 0.846008 2.39241 0.836488 1.85409 0.937659
threshold=4.6952170247517371 3.5349209757263877 28.941854964452411 32.500000000000007 35.500000000000007 0.19387667207569328 0.92248558382639023 26.410870144149744 18.539307659641469 21.722439435253257 27.763286667494736 15.500000000000002 10.500000000000002 6.5000000000000009
decision_type=2 2 2 2 2 2 2 2 2 2 2 2 2 2
left_child=1 3 -3 6 -5 -6 7 -1 -2 -8 -11 12 -10 -13
right_child=8 2 -4 4 5 -7 9 -9 11 10 -12 13 -14 -15
leaf_value=-0.017293102145195003 0.012631692159497603 -0.011232835596257987 0.032474978279788048 -0.026599664210031432 -0.015582406272490815 0.015625042230822145 -0.0037035830139827267 0.0044321874777475991 0.001663239472187482 0.025232815044000746 -0.0017048944993054167 -0.010989604967180641 -0.026973770502954721 0.00042224751947085478
leaf_weight=10.000000000000002 10.999999999999998 11.000000000000002 15.999999999999998 11.999999999999998 12.000000000000002 9.9999999999999982 12.999999999999998 11.999999999999998 13.000000000000002 15.999999999999998 17 20 9.9999999999999982 180
leaf_count=10 11 11 16 12 12 10 13 12 13 16 17 20 10 180
internal_value=-8.88348e-12 0.00196089 0.0146681 -0.00140278 -0.0102922 -0.0013972 0.00304192 -0.00544294 -0.001081 0.0070999 0.0113558 -0.00175741 -0.0107876 -0.000718938
internal_weight=363 129 27 102 34 22 68 22 234 46 33 223 23 200
internal_count=363 129 27 102 34 22 68 22 234 46 33 223 23 200
is_linear=0
shrinkage=0.05


Tree=394
num_leaves=15
num_cat=0
split_feature=0 0 3 1 3 2 0 3 3 1 2 4 2 3
split_gain=0.285744 0.36404 0.444193 1.26037 1.12748 0.887562 0.705922 0.919967 0.531246 3.05812 1.8812 2.59023 2.45466 1.35909
threshold=0.58188918547082713 0.47681386795739839 35.214040636101437 17.348764568210399 25.190632671402948 43.500000000000007 0.17536994185883098 50.459511696747882 14.256261695895477 24.515584642364853 18.500000000000004 10.500000000000002 22.500000000000004 11.628055157923695
decision_type=2 2 2 2 2 2 2 2 2 2 2 2 2 2
left_child=1 2 3 -1 5 8 -4 -8 10 -10 11 -5 -12 -14
right_child=-2 -3 6 4 -6 -7 7 -9 9 -11 12 -13 13 -15
leaf_value=-0.017354195806282488 -0.008334756493568421 0.0076051782154536347 0.013912171285067285 0.025887309183599428 -0.01223061082419008 -0.01322201006114483 -0.0097838477852443834 0.010750311836600305 -0.013198210112750531 0.018180482495914807 -0.020289869979023933 -0.0014173452889448719 0.0014567889427668473 -0.014781054002898081
leaf_weight=10.999999999999998 9.9999999999999982 15.999999999999998 13.999999999999998 15.999999999999998 18 10.999999999999998 12.000000000000002 9.9999999999999982 11.999999999999998 22 15.999999999999998 19 162 13.999999999999998
leaf_count=11 10 16 14 16 18 11 12 10 12 22 16 19 162 14
internal_value=-4.65661e-11 0.000236112 -0.000113755 -0.000741537 -0.000111402 0.000690605 0.0051352 -0.000450139 0.00127696 0.00710565 0.000403941 0.0110648 -0.00153944 0.000165142
internal_weight=363 353 337 301 290 272 36 22 261 34 227 35 192 176
internal_count=363 353 337 301 290 272 36 22 261 34 227 35 192 176
is_linear=0
shrinkage=0.05


Tree=395
num_leaves=15
num_cat=0
split_feature=4 3 3 0 0 1 0 5 1 0 0 0 0 0
split_gain=0.313851 1.47506 1.99557 1.67792 2.3583 1.22013 0.990992 1.15879 3.8733 2.78984 2.14069 1.98552 4.11659 2.88828
threshold=11.500000000000002 0.78527408871518556 1.561530289950378 0.287450437784389 0.2242568592556636 43.171769130360381 0.11421914061704323 1.0000000180025095e-35 27.061188289243734 0.14884243089412311 0.16987068353822704 0.19521743906267966 0.2125679623514454 0.22688607291604201
decision_type=2 2 2 2 2 2 2 2 2 2 2 2 2 2
left_child=6 -2 -3 4 5 -4 -1 9 -9 -8 -11 -12 -13 -14
right_child=1 2 3 -5 -6 -7 7 8 -10 10 11 12 13 -15
leaf_value=0.011224080063402654 0.020098956897854806 -0.019327875040471554 0.0039817646250031105 0.019794233717645209 -0.020902982889674605 -0.0096249695671232136 0.020543220905320986 0.00987136379385797 -0.025547712923664798 -0.022205499445016569 0.01226054076915202 -0.027996924134592219 0.025795117616653443 -0.003501814984242028
leaf_weight=13.999999999999998 9.9999999999999982 11.999999999999998 124 11.999999999999998 11.999999999999998 19 13.999999999999998 12.999999999999998 19 12.999999999999998 23 14.999999999999998 9.9999999999999982 53
leaf_count=14 10 12 124 12 12 19 14 13 19 13 23 15 10 53
internal_value=-1.86297e-10 0.00141066 0.00036662 0.00178179 0.000387281 0.00217388 -0.00153227 -0.00264845 -0.0111587 -0.000520882 -0.0031077 -0.000649569 -0.0044564 0.00114849
internal_weight=363 189 179 167 155 143 174 160 32 128 114 101 78 63
internal_count=363 189 179 167 155 143 174 160 32 128 114 101 78 63
is_linear=0
shrinkage=0.05


Tree=396
num_leaves=15
num_cat=0
split_feature=4 3 3 0 0 1 0 5 1 0 0 0 0 0
split_gain=0.28325 1.33124 1.801 1.51432 2.12837 1.10117 0.89437 1.04581 3.49566 2.51783 1.93197 1.79193 3.71522 2.60667
threshold=11.500000000000002 0.78527408871518556 1.561530289950378 0.287450437784389 0.2242568592556636 43.171769130360381 0.11421914061704323 1.0000000180025095e-35 27.061188289243734 0.14884243089412311 0.16987068353822704 0.19521743906267966 0.2125679623514454 0.22688607291604201
decision_type=2 2 2 2 2 2 2 2 2 2 2 2 2 2
left_child=6 -2 -3 4 5 -4 -1 9 -9 -8 -11 -12 -13 -14
right_child=1 2 3 -5 -6 -7 7 8 -10 10 11 12 13 -15
leaf_value=0.010662876255810262 0.019094008579850198 -0.018361481217046581 0.0037826764846085425 0.018804522401963675 -0.019857834167972519 -0.0091437213907116354 0.019516059862715859 0.0093777956082843825 -0.024270327350026683 -0.021095224126027184 0.011647513994704123 -0.026597078268726666 0.024505362808704377 -0.0033267234922123123
leaf_weight=13.999999999999998 9.9999999999999982 11.999999999999998 124 11.999999999999998 11.999999999999998 19 13.999999999999998 12.999999999999998 19 12.999999999999998 23 14.999999999999998 9.9999999999999982 53
leaf_count=14 10 12 124 12 12 19 14 13 19 13 23 15 10 53
internal_value=-1.70935e-11 0.00134013 0.000348289 0.0016927 0.000367917 0.00206518 -0.00145565 -0.00251603 -0.0106008 -0.000494837 -0.00295232 -0.00061709 -0.00423358 0.00109107
internal_weight=363 189 179 167 155 143 174 160 32 128 114 101 78 63
internal_count=363 189 179 167 155 143 174 160 32 128 114 101 78 63
is_linear=0
shrinkage=0.05


Tree=397
num_leaves=15
num_cat=0
split_feature=3 3 1 2 2 0 1 0 3 3 1 0 0 3
split_gain=0.28067 1.93046 4.52594 1.50143 1.8507 2.01448 0.877151 1.16359 2.77545 1.15823 3.24272 3.17403 2.09382 1.87679
threshold=4.6952170247517371 3.5349209757263877 28.941854964452411 32.500000000000007 35.500000000000007 0.19387667207569328 43.723871753457281 0.14129469163694955 15.233115232496893 15.233115232496893 39.576542236382451 0.15838749014062301 0.3795318053144498 12.466369356555807
decision_type=2 2 2 2 2 2 2 2 2 2 2 2 2 2
left_child=1 3 -3 -1 -5 -6 7 8 -2 10 11 -9 13 -13
right_child=6 2 -4 4 5 -7 -8 9 -10 -11 -12 12 -14 -15
leaf_value=0.0030151023693821013 0.019063735027846536 -0.010928219861604948 0.030734732566634195 -0.025648397703965504 -0.015049748122692103 0.015336133297532799 0.011102899962237903 -0.024186552944593133 -0.011651218309998513 0.0017123576209996827 -0.032187454029917718 0.0058952908442520052 -0.021588839168543927 -0.015552256039033333
leaf_weight=68 19.000000000000004 11.000000000000002 15.999999999999998 11.999999999999998 12.000000000000002 9.9999999999999982 13.999999999999998 15.999999999999998 11.999999999999998 72 10.999999999999998 68 9.9999999999999982 11.999999999999998
leaf_count=68 19 11 16 12 12 10 14 16 12 72 11 68 10 12
internal_value=3.46199e-11 0.00187253 0.0137609 -0.00127441 -0.00985342 -0.00123798 -0.00103229 -0.00180453 0.00717408 -0.00327721 -0.00634771 -0.00366623 -1.81743e-05 0.00267816
internal_weight=363 129 27 102 34 22 234 220 31 189 117 106 90 80
internal_count=363 129 27 102 34 22 234 220 31 189 117 106 90 80
is_linear=0
shrinkage=0.05


Tree=398
num_leaves=15
num_cat=0
split_feature=3 3 0 2 0 0 0 1 0 3 3 1 0 0
split_gain=0.256479 1.37257 2.81259 2.21909 1.31878 1.19967 1.00073 0.931622 1.08442 2.75739 1.70702 2.28186 3.16653 2.01509
threshold=4.8300052250568335 3.3967898297969961 0.21468247736682336 31.500000000000004 0.3795318053144498 0.44399541217732608 0.24516384365908575 42.545534002999283 0.14129469163694955 15.233115232496893 15.233115232496893 38.869465940368364 0.16124299808971335 0.20002188076721741
decision_type=2 2 2 2 2 2 2 2 2 2 2 2 2 2
left_child=1 5 3 -3 6 -1 7 8 9 -2 11 12 -10 -14
right_child=4 2 -4 -5 -6 -7 -8 -9 10 -11 -12 -13 13 -15
leaf_value=0.00061143938687512251 0.018110548626435428 -0.013587267646709311 0.032507811486721043 0.014224263711366803 -0.015363700437204293 -0.016252860613167285 0.011612033416681431 0.010511960880830885 -0.026012518076846999 -0.013345687226815658 0.0024541298137797465 -0.030891798473894595 0.0098021393158921489 -0.0086163365931221942
leaf_weight=87 19.000000000000004 13.000000000000002 9.9999999999999982 15.999999999999998 14.999999999999998 11.999999999999998 17 15.999999999999998 14.999999999999998 10.999999999999998 62 9.9999999999999982 27 33
leaf_count=87 19 13 10 16 15 12 17 16 15 11 62 10 27 33
internal_value=1.89215e-12 0.00169705 0.00964184 0.00175703 -0.00104086 -0.00143272 -1.77964e-05 -0.00104219 -0.00208663 0.0065766 -0.00385463 -0.00845632 -0.00546492 -0.000328022
internal_weight=363 138 39 29 225 99 210 193 177 30 147 85 75 60
internal_count=363 138 39 29 225 99 210 193 177 30 147 85 75 60
is_linear=0
shrinkage=0.05


Tree=399
num_leaves=15
num_cat=0
split_feature=0 0 3 3 1 2 3 1 0 3 4 0 3 0
split_gain=0.250554 0.425357 0.404289 1.10343 0.823128 0.743914 0.740802 1.00988 0.667705 1.29653 1.67422 1.86933 3.35802 1.08775
threshold=0.58188918547082713 0.47681386795739839 35.214040636101437 25.190632671402948 17.348764568210399 43.500000000000007 44.477308154870961 27.340823725061604 0.12164969000977628 15.233115232496893 17.500000000000004 0.15288386996083905 4.7375855073149857 0.16263780443994127
decision_type=2 2 2 2 2 2 2 2 2 2 2 2 2 2
left_child=1 2 3 4 -1 8 -4 -8 -6 10 11 12 -10 -13
right_child=-2 -3 6 -5 5 -7 7 -9 9 -11 -12 13 -14 -15
leaf_value=-0.014058673884719611 -0.0078046673536300657 0.0081866218475624922 0.01499397704998652 -0.012418893609490049 -0.0066855696877464654 -0.012189359562894839 -0.0096557591683589482 0.01092881194569848 0.035460122539238491 0.013765765921700569 -0.015361729214588803 -0.013861030325866663 -0.00042685722000896932 0.0011782212752177658
leaf_weight=9.9999999999999982 9.9999999999999982 15.999999999999998 11.999999999999998 19 25 10.999999999999998 13.000000000000002 10.999999999999998 11.000000000000002 21 14.999999999999998 12.999999999999998 15.999999999999998 160
leaf_count=10 10 16 12 19 25 11 13 11 11 21 15 13 16 160
internal_value=-1.75282e-10 0.000221095 -0.00015709 -0.00075601 2.97867e-05 0.000547745 0.00485055 -0.000221164 0.00108456 0.00190766 0.000749431 0.00195777 0.0141938 4.81041e-05
internal_weight=363 353 337 301 282 272 36 24 261 236 215 200 27 173
internal_count=363 353 337 301 282 272 36 24 261 236 215 200 27 173
is_linear=0
shrinkage=0.05


end of trees

feature_importances:
built_area_ratio=1625
dist_road_m=1318
road_density_km_km2=1183
intersection_count=808
hour=586
is_weekend=80

parameters:
[boosting: gbdt]
[objective: regression]
[metric: l2]
[tree_learner: serial]
[device_type: cpu]
[data_sample_strategy: bagging]
[data: ]
[valid: ]
[num_iterations: 400]
[learning_rate: 0.05]
[num_leaves: 15]
[num_threads: 8]
[seed: 0]
[deterministic: 0]
[force_col_wise: 0]
[force_row_wise: 0]
[histogram_pool_size: -1]
[max_depth: -1]
[min_data_in_leaf: 10]
[min_sum_hessian_in_leaf: 0.001]
[bagging_fraction: 1]
[pos_bagging_fraction: 1]
[neg_bagging_fraction: 1]
[bagging_freq: 0]
[bagging_seed: 7719]
[bagging_by_query: 0]
[feature_fraction: 1]
[feature_fraction_bynode: 1]
[feature_fraction_seed: 2437]
[extra_trees: 0]
[extra_seed: 11797]
[early_stopping_round: 0]
[early_stopping_min_delta: 0]
[first_metric_only: 0]
[max_delta_step: 0]
[lambda_l1: 0]
[lambda_l2: 0]
[linear_lambda: 0]
[min_gain_to_split: 0]
[drop_rate: 0.1]
[max_drop: 50]
[skip_drop: 0.5]
[xgboost_dart_mode: 0]
[uniform_drop: 0]
[drop_seed: 21238]
[top_rate: 0.2]
[other_rate: 0.1]
[min_data_per_group: 100]
[max_cat_threshold: 32]
[cat_l2: 10]
[cat_smooth: 10]
[max_cat_to_onehot: 4]
[top_k: 20]
[monotone_constraints: ]
[monotone_constraints_method: basic]
[monotone_penalty: 0]
[feature_contri: ]
[forcedsplits_filename: ]
[refit_decay_rate: 0.9]
[cegb_tradeoff: 1]
[cegb_penalty_split: 0]
[cegb_penalty_feature_lazy: ]
[cegb_penalty_feature_coupled: ]
[path_smooth: 0]
[interaction_constraints: ]
[verbosity: -1]
[saved_feature_importance_type: 0]
[use_quantized_grad: 0]
[num_grad_quant_bins: 4]
[quant_train_renew_leaf: 0]
[stochastic_rounding: 1]
[linear_tree: 0]
[max_bin: 255]
[max_bin_by_feature: ]
[min_data_in_bin: 3]
[bin_construct_sample_cnt: 200000]
[data_random_seed: 38]
[is_enable_sparse: 1]
[enable_bundle: 1]
[use_missing: 1]
[zero_as_missing: 0]
[feature_pre_filter: 1]
[pre_partition: 0]
[two_round: 0]
[header: 0]
[label_column: ]
[weight_column: ]
[group_column: ]
[ignore_column: ]
[categorical_feature: ]
[forcedbins_filename: ]
[precise_float_parser: 0]
[parser_config_file: ]
[objective_seed: 8855]
[num_class: 1]
[is_unbalance: 0]
[scale_pos_weight: 1]
[sigmoid: 1]
[boost_from_average: 1]
[reg_sqrt: 0]
[alpha: 0.9]
[fair_c: 1]
[poisson_max_delta_step: 0.7]
[tweedie_variance_power: 1.5]
[lambdarank_truncation_level: 30]
[lambdarank_norm: 1]
[label_gain: ]
[lambdarank_position_bias_regularization: 0]
[eval_at: ]
[multi_error_top_k: 1]
[auc_mu_weights: ]
[num_machines: 1]
[local_listen_port: 12400]
[time_out: 120]
[machine_list_filename: ]
[machines: ]
[gpu_platform_id: -1]
[gpu_device_id: -1]
[gpu_device_id_list: ]
[gpu_use_dp: 0]
[num_gpu: 1]

end of parameters

pandas_categorical:[]
